Rank,Combo,Strategy,Stock 1,Sector 1,Name 1,Role 1,Stock 1 Top100 Uses,Stock 2,Sector 2,Name 2,Role 2,Stock 2 Top100 Uses,Stock 3,Sector 3,Name 3,Role 3,Stock 3 Top100 Uses,Stock 4,Sector 4,Name 4,Role 4,Stock 4 Top100 Uses,2016,2017,2018,2019,2020,2021,2022,2023,2024,2025,Worst Year,Worst Year %,Best Year,Best Year %,Defense Recession Worst %,Defense Recession Avg %,Defense Recession Positive Years,Defense Recession Observations,Recession Stress Years,Starting Value ($),Annual Withdrawal ($),Total Withdrawn ($),Remaining Balance ($),Net Value incl. Withdrawals ($),Net Profit incl. Withdrawals ($),Max Ticker Repeats,Distinct Tickers in Top 100,Candidate Partners per Profit Pair,NBER Recession Periods,NBER Source,2025 Balance After Withdrawal ($),2024 Balance After Withdrawal ($),2023 Balance After Withdrawal ($),2022 Balance After Withdrawal ($),2021 Balance After Withdrawal ($),2020 Balance After Withdrawal ($),2019 Balance After Withdrawal ($),2018 Balance After Withdrawal ($),2017 Balance After Withdrawal ($),2016 Balance After Withdrawal ($)
1,NVDA + TSLA + AEM + LLY,Rebalanced annually,NVDA,Technology,NVIDIA Corporation Common Stock,Profit Engine,5,TSLA,Industrials,Tesla Inc. Common Stock,Profit Engine,5,AEM,Basic Materials,Agnico Eagle Mines Limited Common Stock,Recession Defense,5,LLY,Health Care,Eli Lilly and Company Common Stock,Recession Defense,5,66.76574137731478,39.11022514637957,1.2556512232521762,43.24057636905223,228.23722512556304,54.62654993034485,-19.991119194609396,102.65633687195783,78.27798077215921,52.51292760511307,2022,-19.991119194609396,2020,228.23722512556304,-13.55473015131244,8.756921455507287,2,4,"2001,2008,2009,2020",300000.0,0.0,0.0,22586405.666187502,22586405.666187502,22286405.666187502,5,84,1000,Mar-Nov 2001; Dec 2007-Jun 2009; Feb-Apr 2020,https://www.nber.org/research/data/us-business-cycle-expansions-and-contractions,457538.78281533916,815690.9032527015,1653049.3047297103,1322586.2478755321,2045069.484943134,6712679.329266988,9615280.561048262,9736014.949032193,13543792.315883854,22586405.666187502
2,NVDA + TSLA + NEM + LLY,Rebalanced annually,NVDA,Technology,NVIDIA Corporation Common Stock,Profit Engine,5,TSLA,Industrials,Tesla Inc. Common Stock,Profit Engine,5,NEM,Basic Materials,Newmont Corporation,Recession Defense,5,LLY,Health Care,Eli Lilly and Company Common Stock,Recession Defense,5,73.9305605193011,39.10723145673584,2.5954714288208534,37.32491497988212,234.26426791724015,62.17990813136619,-25.452339508219225,98.22156739829828,64.81058943276754,65.83529866825145,2022,-25.452339508219225,2020,234.26426791724015,-18.575541379130314,5.433914681503945,2,4,"2001,2008,2009,2020",300000.0,0.0,0.0,22390222.393428024,22390222.393428024,22090222.393428024,5,84,1000,Mar-Nov 2001; Dec 2007-Jun 2009; Feb-Apr 2020,https://www.nber.org/research/data/us-business-cycle-expansions-and-contractions,497505.8960047544,819942.3996682073,1625302.6763855398,1211625.1211557186,1965012.5083868986,6568334.675641663,9019960.00891903,9254070.493841592,12873081.261037722,22390222.393428024
3,NVDA + TSLA + LLY + PGR,Rebalanced annually,NVDA,Technology,NVIDIA Corporation Common Stock,Profit Engine,5,TSLA,Industrials,Tesla Inc. Common Stock,Profit Engine,5,LLY,Health Care,Eli Lilly and Company Common Stock,Recession Defense,5,PGR,Finance,Progressive Corporation (The) Common Stock,Recession Defense,5,55.13137251686109,51.777724025201096,6.480932787544991,35.979546531335394,234.5639328775219,63.03870901086136,-13.558448663476348,106.20128165600426,79.61682919401028,21.875371907890926,2022,-13.558448663476348,2020,234.5639328775219,-21.698555965506785,9.41558442073641,3,4,"2001,2008,2009,2020",300000.0,0.0,0.0,21768128.974783648,21768128.974783648,21468128.974783648,5,84,1000,Mar-Nov 2001; Dec 2007-Jun 2009; Feb-Apr 2020,https://www.nber.org/research/data/us-business-cycle-expansions-and-contractions,365626.1157236728,656726.0357680836,1354177.5027224575,1170572.041203487,1908485.5440202535,6385104.294473129,8682435.865177384,9245138.69792123,14032061.098677954,21768128.974783648
4,NVDA + TSLA + LLY + BBVA,Rebalanced annually,NVDA,Technology,NVIDIA Corporation Common Stock,Profit Engine,5,TSLA,Industrials,Tesla Inc. Common Stock,Profit Engine,5,LLY,Health Care,Eli Lilly and Company Common Stock,Recession Defense,5,BBVA,Finance,Banco Bilbao Vizcaya Argentaria S.A. Common Stock,Recession Defense,5,51.07671080946124,44.15583464926971,-4.9327148473793345,32.462693127788036,222.6162771102592,65.84307433394132,-17.736166518849505,116.0321270587787,70.31764990709546,61.12950160949757,2022,-17.736166518849505,2020,222.6162771102592,-33.403896299125,-2.82246171395578,2,4,"2001,2008,2009,2020",300000.0,0.0,0.0,21469468.514878355,21469468.514878355,21169468.514878355,5,84,1000,Mar-Nov 2001; Dec 2007-Jun 2009; Feb-Apr 2020,https://www.nber.org/research/data/us-business-cycle-expansions-and-contractions,483388.5048284927,823295.9413449354,1778583.7340760592,1463131.1613231578,2426501.6994762234,7828289.446867362,10369563.027158929,9858062.052109903,14210971.631461956,21469468.514878355
5,NVDA + TSLA + LLY + CNQ,Rebalanced annually,NVDA,Technology,NVIDIA Corporation Common Stock,Profit Engine,5,TSLA,Industrials,Tesla Inc. Common Stock,Profit Engine,5,LLY,Health Care,Eli Lilly and Company Common Stock,Recession Defense,5,CNQ,Energy,Canadian Natural Resources Limited Common Stock,Recession Defense,5,64.298641502392,40.14751950686372,-3.557960904248975,39.626838840731736,219.4288211223335,81.21767163845203,-9.538613573647693,106.34286975543786,66.44118726063903,25.78089147633445,2022,-9.538613573647693,2020,219.4288211223335,-33.15068764668368,-0.45933751439365,2,4,"2001,2008,2009,2020",300000.0,0.0,0.0,21041599.821614645,21041599.821614645,20741599.821614645,5,84,1000,Mar-Nov 2001; Dec 2007-Jun 2009; Feb-Apr 2020,https://www.nber.org/research/data/us-business-cycle-expansions-and-contractions,377342.6744290033,628053.6273606808,1295943.8782991527,1172328.7996168535,2124466.9546126756,6786159.74825281,9475300.335167559,9138172.853682125,12806922.582685081,21041599.821614645
6,AMD + ANET + PGR + CAT,Rebalanced annually,AMD,Technology,Advanced Micro Devices Inc. Common Stock,Profit Engine,5,ANET,Telecommunications,Arista Networks Inc. Common Stock,Profit Engine,5,PGR,Finance,Progressive Corporation (The) Common Stock,Recession Defense,5,CAT,Industrials,Caterpillar Inc. Common Stock,Recession Defense,5,94.11179220379017,67.67912189606521,15.211886177629795,47.403268150169254,52.82093507589585,45.39682267984706,-6.291588310079987,67.6929043975025,36.43043513491046,38.28236722530025,2022,-6.291588310079987,2016,94.11179220379017,-29.449170268874425,15.40951231738755,3,4,"2001,2008,2009,2020",300000.0,0.0,0.0,10923596.92450278,10923596.92450278,10623596.92450278,5,84,1000,Mar-Nov 2001; Dec 2007-Jun 2009; Feb-Apr 2020,https://www.nber.org/research/data/us-business-cycle-expansions-and-contractions,414847.10167590075,565977.7059609959,949104.4533683506,889390.7085297789,1293145.8314120779,1976197.5514589052,2912979.775954049,3356098.9438495548,5627477.239010052,10923596.92450278
7,AMD + ANET + NFLX + CAT,Rebalanced annually,AMD,Technology,Advanced Micro Devices Inc. Common Stock,Profit Engine,5,ANET,Telecommunications,Arista Networks Inc. Common Stock,Profit Engine,5,NFLX,Consumer Discretionary,Netflix Inc. Common Stock,Recession Defense,5,CAT,Industrials,Caterpillar Inc. Common Stock,Recession Defense,5,92.44566538139833,66.04650347317936,22.72199638684119,46.34161011547225,59.22859240880209,45.54013405599795,-25.756436717180694,78.18124062993866,44.3491581816645,40.33583137402215,2022,-25.756436717180694,2016,92.44566538139833,-12.259749999476043,31.18115072507307,2,3,"2001,2008,2009,2020",300000.0,0.0,0.0,10691947.153959217,10691947.153959217,10391947.153959217,5,84,1000,Mar-Nov 2001; Dec 2007-Jun 2009; Feb-Apr 2020,https://www.nber.org/research/data/us-business-cycle-expansions-and-contractions,421007.4941220664,607720.7736469235,1082844.4140499495,803942.2777996482,1170058.6688424514,1863067.9487550023,2726443.633753372,3345946.0577040752,5555826.436916305,10691947.153959217
8,AMD + ANET + AEM + CAT,Rebalanced annually,AMD,Technology,Advanced Micro Devices Inc. Common Stock,Profit Engine,5,ANET,Telecommunications,Arista Networks Inc. Common Stock,Profit Engine,5,AEM,Basic Materials,Agnico Eagle Mines Limited Common Stock,Recession Defense,5,CAT,Industrials,Caterpillar Inc. Common Stock,Recession Defense,5,105.74616106424386,55.01162301724368,9.986604613336983,54.66429798788607,46.494227323937,36.98466359933056,-12.724258841213036,64.1479596134561,35.09158671305938,68.91992292252239,2022,-12.724258841213036,2016,105.74616106424386,-21.305344454680082,14.75084935215843,3,4,"2001,2008,2009,2020",300000.0,0.0,0.0,10677702.078352978,10677702.078352978,10377702.078352978,5,84,1000,Mar-Nov 2001; Dec 2007-Jun 2009; Feb-Apr 2020,https://www.nber.org/research/data/us-business-cycle-expansions-and-contractions,506759.76876756724,684589.8124515373,1123740.2088607843,980752.5959825502,1343480.6443483979,1968121.5891848356,3043981.4394607525,3347971.8303230614,5189745.4723438965,10677702.078352978
9,AMD + ANET + AEM + PGR,Rebalanced annually,AMD,Technology,Advanced Micro Devices Inc. Common Stock,Profit Engine,5,ANET,Telecommunications,Arista Networks Inc. Common Stock,Profit Engine,5,AEM,Basic Materials,Agnico Eagle Mines Limited Common Stock,Recession Defense,5,PGR,Finance,Progressive Corporation (The) Common Stock,Recession Defense,5,98.94474956735172,51.64995019330546,16.724855084287476,56.06966364346468,50.123525085353116,35.706027133885776,-10.672212833001755,63.45023036255678,41.7751289123155,53.08838790248914,2022,-10.672212833001755,2016,98.94474956735172,-13.951108124112983,20.903298740334026,3,4,"2001,2008,2009,2020",300000.0,0.0,0.0,10644864.803356016,10644864.803356016,10344864.803356016,5,84,1000,Mar-Nov 2001; Dec 2007-Jun 2009; Feb-Apr 2020,https://www.nber.org/research/data/us-business-cycle-expansions-and-contractions,459265.1637074674,651123.7778956187,1064263.3149157714,950682.8688444006,1290133.951951186,1936794.5669920961,3022748.766169463,3528299.116873393,5350663.853409337,10644864.803356016
10,AMD + ANET + NEM + PGR,Rebalanced annually,AMD,Technology,Advanced Micro Devices Inc. Common Stock,Profit Engine,5,ANET,Telecommunications,Arista Networks Inc. Common Stock,Profit Engine,5,NEM,Basic Materials,Newmont Corporation,Recession Defense,5,PGR,Finance,Progressive Corporation (The) Common Stock,Recession Defense,5,106.10956870933802,51.64695650366173,18.064675289856154,50.15400225429457,56.150567877030205,43.259385334907115,-16.133433146611583,59.01546088889722,28.30773757292384,66.41075896562751,2022,-16.133433146611583,2016,106.10956870933802,-18.971919351930858,17.580291966330687,3,4,"2001,2008,2009,2020",300000.0,0.0,0.0,10588613.955075618,10588613.955075618,10288613.955075618,5,84,1000,Mar-Nov 2001; Dec 2007-Jun 2009; Feb-Apr 2020,https://www.nber.org/research/data/us-business-cycle-expansions-and-contractions,499232.27689688245,640553.6397201844,1018579.3224416574,854247.5084103234,1223789.7297873884,1910954.6126837805,2869374.8322077496,3387718.0784949344,5137371.360961898,10588613.955075618
11,SHOP + MELI + PGR + CAT,Rebalanced annually,SHOP,Technology,Shopify Inc. Class A Subordinate Voting Shares,Profit Engine,5,MELI,Consumer Discretionary,MercadoLibre Inc. Common Stock,Profit Engine,5,PGR,Finance,Progressive Corporation (The) Common Stock,Recession Defense,5,CAT,Industrials,Caterpillar Inc. Common Stock,Recession Defense,5,40.07643849797996,93.5526257381534,5.496162503507543,81.77876044273185,111.51511195772048,7.241651029321897,-16.658877363981706,64.81156043549154,30.18727578222434,31.78135956197835,2022,-16.658877363981706,2020,111.51511195772048,-29.449170268874425,15.40951231738755,3,4,"2001,2008,2009,2020",300000.0,0.0,0.0,8337572.946131495,8337572.946131495,8037572.946131495,5,84,1000,Mar-Nov 2001; Dec 2007-Jun 2009; Feb-Apr 2020,https://www.nber.org/research/data/us-business-cycle-expansions-and-contractions,395344.078685935,514687.6860075522,848264.8066783699,706953.4128120037,758148.5119077306,1603598.6737674284,2915001.791650519,3075215.0270997877,5952159.432045905,8337572.946131495
12,SHOP + PBR + NFLX + CAT,Rebalanced annually,SHOP,Technology,Shopify Inc. Class A Subordinate Voting Shares,Profit Engine,5,PBR,Energy,Petroleo Brasileiro S.A. Petrobras ADS,Profit Engine,5,NFLX,Consumer Discretionary,Netflix Inc. Common Stock,Recession Defense,5,CAT,Industrials,Caterpillar Inc. Common Stock,Recession Defense,5,62.90515028293081,66.86666361739746,21.660068039875384,62.82463738804104,62.47667141057549,17.368830574206726,-12.505729265390194,76.16807587802441,35.49023836436077,28.956775638199694,2022,-12.505729265390194,2023,76.16807587802441,-12.259749999476043,31.18115072507307,2,3,"2001,2008,2009,2020",300000.0,0.0,0.0,8296532.4611683395,8296532.4611683395,7996532.4611683395,5,84,1000,Mar-Nov 2001; Dec 2007-Jun 2009; Feb-Apr 2020,https://www.nber.org/research/data/us-business-cycle-expansions-and-contractions,386870.3269145991,524171.52809757204,923422.8953499307,807942.1280828409,948272.2274471899,1540721.1510671156,2508673.627385883,3052054.0419760756,5092860.751645401,8296532.4611683395
13,SHOP + PBR + NFLX + NEM,Rebalanced annually,SHOP,Technology,Shopify Inc. Class A Subordinate Voting Shares,Profit Engine,5,PBR,Energy,Petroleo Brasileiro S.A. Petrobras ADS,Profit Engine,5,NFLX,Consumer Discretionary,Netflix Inc. Common Stock,Recession Defense,5,NEM,Basic Materials,Newmont Corporation,Recession Defense,5,74.90292678847867,50.83449822499398,24.51285715210174,65.57537149216635,65.80630421170986,15.231393229266779,-22.34757410192179,67.49063236941913,27.367540802374148,57.08516737852696,2022,-22.34757410192179,2016,74.90292678847867,-1.7824990825324738,34.23441922489322,2,3,"2001,2008,2009,2020",300000.0,0.0,0.0,8112230.762835127,8112230.762835127,7812230.762835127,5,84,1000,Mar-Nov 2001; Dec 2007-Jun 2009; Feb-Apr 2020,https://www.nber.org/research/data/us-business-cycle-expansions-and-contractions,471255.5021355809,600226.5439659691,1005323.2341377113,780657.8794249496,899562.9508154191,1491532.0828048477,2469609.787028973,3074981.706337709,4638133.227264841,8112230.762835127
14,SHOP + PBR + NEM + PH,Rebalanced annually,SHOP,Technology,Shopify Inc. Class A Subordinate Voting Shares,Profit Engine,5,PBR,Energy,Petroleo Brasileiro S.A. Petrobras ADS,Profit Engine,5,NEM,Basic Materials,Newmont Corporation,Recession Defense,5,PH,Industrials,Parker-Hannifin Corporation Common Stock,Recession Defense,5,84.73731102080376,48.298913558087044,8.655167367517278,70.54128299824532,57.72377827316299,16.954125329019163,-11.312376375782701,66.41565705429825,16.495158693381406,65.67263040257076,2022,-11.312376375782701,2016,84.73731102080376,-29.199754617335238,10.223246172555735,3,4,"2001,2008,2009,2020",300000.0,0.0,0.0,8002437.990100942,8002437.990100942,7702437.990100942,5,84,1000,Mar-Nov 2001; Dec 2007-Jun 2009; Feb-Apr 2020,https://www.nber.org/research/data/us-business-cycle-expansions-and-contractions,497017.8912077123,579001.7810969222,963549.6183685327,854549.2589712664,999430.6113354595,1576339.7214168576,2688309.9853152754,2920987.7139019915,4331793.044881857,8002437.990100942
15,SHOP + PBR + NFLX + AEM,Rebalanced annually,SHOP,Technology,Shopify Inc. Class A Subordinate Voting Shares,Profit Engine,5,PBR,Energy,Petroleo Brasileiro S.A. Petrobras ADS,Profit Engine,5,NFLX,Consumer Discretionary,Netflix Inc. Common Stock,Recession Defense,5,AEM,Basic Materials,Agnico Eagle Mines Limited Common Stock,Recession Defense,5,67.73810764649235,50.83749191463771,23.173036946533067,71.49103288133647,59.77926142003276,7.678035028245439,-16.88635378831196,71.92540184307869,40.83493214176581,43.762796315388584,2022,-16.88635378831196,2023,71.92540184307869,3.2383121452853993,29.948432756320557,3,3,"2001,2008,2009,2020",300000.0,0.0,0.0,7980611.631154689,7980611.631154689,7680611.631154689,5,84,1000,Mar-Nov 2001; Dec 2007-Jun 2009; Feb-Apr 2020,https://www.nber.org/research/data/us-business-cycle-expansions-and-contractions,431288.3889461658,607404.7099076476,1044282.9883225096,867941.6683632141,934582.5336848797,1493269.0696823297,2560822.5512957512,3154242.907242666,4757780.89018019,7980611.631154689
16,AVGO + MELI + NEM + PH,Rebalanced annually,AVGO,Technology,Broadcom Inc. Common Stock,Profit Engine,5,MELI,Consumer Discretionary,MercadoLibre Inc. Common Stock,Profit Engine,5,NEM,Basic Materials,Newmont Corporation,Recession Defense,5,PH,Industrials,Parker-Hannifin Corporation Common Stock,Recession Defense,5,49.613178238288505,51.499790910944775,-8.36294152138414,48.90539817450994,78.2123797694664,15.670743786872379,-19.547747206973305,60.4857876154348,37.61027807786358,70.36212606836884,2022,-19.547747206973305,2020,78.2123797694664,-29.199754617335238,10.223246172555735,3,4,"2001,2008,2009,2020",300000.0,0.0,0.0,5789550.257843349,5789550.257843349,5489550.257843349,5,84,1000,Mar-Nov 2001; Dec 2007-Jun 2009; Feb-Apr 2020,https://www.nber.org/research/data/us-business-cycle-expansions-and-contractions,511086.37820510654,703307.3862661287,1128708.3982067253,908071.3338213969,1050372.8659465828,1871894.4808561523,2787351.9301255294,2554247.318213959,3869679.346442563,5789550.257843349
17,MELI + PBR + TSM + PH,Rebalanced annually,MELI,Consumer Discretionary,MercadoLibre Inc. Common Stock,Profit Engine,5,PBR,Energy,Petroleo Brasileiro S.A. Petrobras ADS,Profit Engine,5,TSM,Technology,Taiwan Semiconductor Manufacturing Company Ltd.,Recession Defense,5,PH,Industrials,Parker-Hannifin Corporation Common Stock,Recession Defense,5,62.73582273961757,47.77377086391112,-1.687170272620797,56.1567078707444,72.86756405065633,7.828815451095781,-5.917602068717525,69.50772271339895,34.52546771405446,28.222477855398225,2022,-5.917602068717525,2020,72.86756405065633,-29.4911864299724,24.44850930030128,3,4,"2001,2008,2009,2020",300000.0,0.0,0.0,5679204.471312413,5679204.471312413,5379204.471312413,5,84,1000,Mar-Nov 2001; Dec 2007-Jun 2009; Feb-Apr 2020,https://www.nber.org/research/data/us-business-cycle-expansions-and-contractions,384667.43356619467,517475.6641485731,877161.2138942828,825254.3037548871,889861.9401980825,1538282.6594343334,2402131.55871919,2361603.509151237,3489830.5583272334,5679204.471312413
18,AVGO + MELI + AEM + PH,Rebalanced annually,AVGO,Technology,Broadcom Inc. Common Stock,Profit Engine,5,MELI,Consumer Discretionary,MercadoLibre Inc. Common Stock,Profit Engine,5,AEM,Basic Materials,Agnico Eagle Mines Limited Common Stock,Recession Defense,5,PH,Industrials,Parker-Hannifin Corporation Common Stock,Recession Defense,5,42.44835909630219,51.502784600588505,-9.702761726952815,54.82105956368005,72.1853369777893,8.11738558585104,-14.08652689336348,64.92055708909436,51.077669417255244,57.03975500523047,2022,-14.08652689336348,2020,72.1853369777893,-24.178943389517364,13.546252946559076,3,4,"2001,2008,2009,2020",300000.0,0.0,0.0,5664237.8124401,5664237.8124401,5364237.8124401,5,84,1000,Mar-Nov 2001; Dec 2007-Jun 2009; Feb-Apr 2020,https://www.nber.org/research/data/us-business-cycle-expansions-and-contractions,471119.2650156914,711756.005761409,1173831.9698168023,1008479.8137056602,1090342.008739621,1877409.0619587132,2906624.6020690263,2624601.7426332785,3976344.7247649883,5664237.8124401
19,AVGO + MELI + PH + CNQ,Rebalanced annually,AVGO,Technology,Broadcom Inc. Common Stock,Profit Engine,5,MELI,Consumer Discretionary,MercadoLibre Inc. Common Stock,Profit Engine,5,PH,Industrials,Parker-Hannifin Corporation Common Stock,Recession Defense,5,CNQ,Energy,Canadian Natural Resources Limited Common Stock,Recession Defense,5,39.9812592213794,52.54007896107266,-14.516373854453967,51.207322035359574,63.376932974559736,34.70850729395822,-3.6340212724017746,68.6070899725744,39.24087590573508,30.307718876451847,2018,-14.516373854453967,2023,68.6070899725744,-43.7749008848886,4.3299939766581375,2,4,"2001,2008,2009,2020",300000.0,0.0,0.0,5372211.431800826,5372211.431800826,5072211.431800826,5,84,1000,Mar-Nov 2001; Dec 2007-Jun 2009; Feb-Apr 2020,https://www.nber.org/research/data/us-business-cycle-expansions-and-contractions,390923.15662935557,544324.8274090633,917770.2514926598,884418.2853216412,1191386.6703916034,1946451.001953529,2943176.4347843556,2515933.940314869,3837807.619164727,5372211.431800826
20,MU + BX + NFLX + CNQ,Rebalanced annually,MU,Technology,Micron Technology Inc. Common Stock,Profit Engine,5,BX,Finance,Blackstone Inc. Common Stock,Profit Engine,5,NFLX,Consumer Discretionary,Netflix Inc. Common Stock,Recession Defense,5,CNQ,Energy,Canadian Natural Resources Limited Common Stock,Recession Defense,5,28.270576601210298,46.26453389173102,-3.514481570694092,56.60785933865576,26.906085425007554,56.57025244533003,-23.525312974972003,60.878491321470015,28.966801267247885,62.54775671045837,2022,-23.525312974972003,2025,62.54775671045837,-16.357645350085836,30.150216367567666,2,3,"2001,2008,2009,2020",300000.0,0.0,0.0,4358422.447546518,4358422.447546518,4058422.4475465184,5,84,1000,Mar-Nov 2001; Dec 2007-Jun 2009; Feb-Apr 2020,https://www.nber.org/research/data/us-business-cycle-expansions-and-contractions,487643.2701313751,628897.9270834393,1011761.4970438358,773741.4383040114,1211448.923226718,1537402.4053904333,2407692.9965029596,2323075.069861971,3397834.9228886166,4358422.447546518
21,MU + BX + AMZN + CNQ,Rebalanced annually,MU,Technology,Micron Technology Inc. Common Stock,Profit Engine,5,BX,Finance,Blackstone Inc. Common Stock,Profit Engine,5,AMZN,Consumer Discretionary,Amazon.com Inc. Common Stock,Recession Defense,5,CNQ,Energy,Canadian Natural Resources Limited Common Stock,Recession Defense,5,28.94804242882288,46.4894915012492,-6.265386453013513,57.14268887290799,29.191656627118903,54.311360490474264,-23.166020392837517,64.8209236717988,19.298005138583036,62.55215841450217,2022,-23.166020392837517,2023,64.8209236717988,-44.82257028057834,21.33864911434396,2,4,"2001,2008,2009,2020",300000.0,0.0,0.0,4086585.7308077924,4086585.7308077924,3786585.7308077924,5,84,1000,Mar-Nov 2001; Dec 2007-Jun 2009; Feb-Apr 2020,https://www.nber.org/research/data/us-business-cycle-expansions-and-contractions,487656.4752435065,581764.4468946313,958869.5349658626,736737.6229549646,1136869.8492269865,1468740.9919105729,2308019.087266894,2163412.772040308,3169172.3688349267,4086585.7308077924
22,AVGO + FCX + AMZN + BBVA,Rebalanced annually,AVGO,Technology,Broadcom Inc. Common Stock,Profit Engine,5,FCX,Basic Materials,Freeport-McMoRan Inc. Common Stock,Profit Engine,5,AMZN,Consumer Discretionary,Amazon.com Inc. Common Stock,Recession Defense,5,BBVA,Finance,Banco Bilbao Vizcaya Argentaria S.A. Common Stock,Recession Defense,5,32.0257162236225,44.74680040191854,-12.328069015908856,23.183734809384497,53.47184709142108,35.582075967114626,-15.033089227626016,65.30811072405307,39.91719037575831,61.312142503815366,2022,-15.033089227626016,2023,65.30811072405307,-45.07577893301966,18.975524914781825,2,4,"2001,2008,2009,2020",300000.0,0.0,0.0,4084282.9755373667,4084282.9755373667,3784282.9755373667,5,84,1000,Mar-Nov 2001; Dec 2007-Jun 2009; Feb-Apr 2020,https://www.nber.org/research/data/us-business-cycle-expansions-and-contractions,483936.42751144606,677110.2525788336,1119318.1660569336,951050.0674125676,1289453.4248846022,1978947.988553989,2437742.0422359942,2137215.520839315,3093551.084108107,4084282.9755373667
23,MU + ISRG + AMZN + CNQ,Rebalanced annually,MU,Technology,Micron Technology Inc. Common Stock,Profit Engine,5,ISRG,Health Care,Intuitive Surgical Inc. Common Stock,Profit Engine,5,AMZN,Consumer Discretionary,Amazon.com Inc. Common Stock,Recession Defense,5,CNQ,Energy,Canadian Natural Resources Limited Common Stock,Recession Defense,5,33.35787187498049,57.81300211654589,1.5169800700908098,38.91963883874674,33.845454284024456,35.474082570746276,-19.701665283845898,50.91852387379889,24.210083778874804,66.63902599877724,2022,-19.701665283845898,2025,66.63902599877724,-44.82257028057834,21.33864911434396,2,4,"2001,2008,2009,2020",300000.0,0.0,0.0,4049743.6538581145,4049743.6538581145,3749743.6538581145,5,84,1000,Mar-Nov 2001; Dec 2007-Jun 2009; Feb-Apr 2020,https://www.nber.org/research/data/us-business-cycle-expansions-and-contractions,499917.07799633173,620947.4214041465,937124.6824155555,752495.5141937389,1019436.3942399876,1364469.2730071899,1895515.7861272614,1924270.3828282368,3036748.8599807913,4049743.6538581145
24,MU + BX + AMZN + TMUS,Rebalanced annually,MU,Technology,Micron Technology Inc. Common Stock,Profit Engine,5,BX,Finance,Blackstone Inc. Common Stock,Profit Engine,5,AMZN,Consumer Discretionary,Amazon.com Inc. Common Stock,Recession Defense,5,TMUS,Telecommunications,T-Mobile US Inc. Common Stock,Recession Defense,5,27.808015862972383,45.3311875966437,1.4641543318120431,53.03225347102892,51.94566732884175,29.9242875127185,-28.709989167875392,62.645203671838914,29.551265307811267,57.75723495222999,2022,-28.709989167875392,2023,62.645203671838914,-34.148163280300466,32.27057364965362,2,3,"2001,2008,2009,2020",300000.0,0.0,0.0,4047746.7643759395,4047746.7643759395,3747746.7643759395,5,84,1000,Mar-Nov 2001; Dec 2007-Jun 2009; Feb-Apr 2020,https://www.nber.org/research/data/us-business-cycle-expansions-and-contractions,473271.70485668996,613129.4819856919,997225.6947477196,710922.3058063792,923660.7405879279,1403462.4761408488,2147750.2538586427,2179196.632237018,3167052.3456961224,4047746.7643759395
25,LRCX + FCX + AMZN + BBVA,Rebalanced annually,LRCX,Technology,Lam Research Corporation Common Stock,Profit Engine,5,FCX,Basic Materials,Freeport-McMoRan Inc. Common Stock,Profit Engine,5,AMZN,Consumer Discretionary,Amazon.com Inc. Common Stock,Recession Defense,5,BBVA,Finance,Banco Bilbao Vizcaya Argentaria S.A. Common Stock,Recession Defense,5,34.9089944627011,51.7519874054454,-19.333753721173267,45.754175513435314,58.29694387184662,34.876524292130476,-21.89645631303817,61.41930358578601,10.582764683560633,83.44472786344966,2022,-21.89645631303817,2025,83.44472786344966,-45.07577893301966,18.975524914781825,2,4,"2001,2008,2009,2020",300000.0,0.0,0.0,3943094.481103532,3943094.481103532,3643094.481103532,5,84,1000,Mar-Nov 2001; Dec 2007-Jun 2009; Feb-Apr 2020,https://www.nber.org/research/data/us-business-cycle-expansions-and-contractions,550334.1835903489,608574.7552129101,982357.1316635814,767255.7314908504,1034847.8630670203,1638132.5409582055,2387646.5788909206,1926024.8695961311,2922781.017535267,3943094.481103532
26,MU + BX + WMT + TMUS,Rebalanced annually,MU,Technology,Micron Technology Inc. Common Stock,Profit Engine,5,BX,Finance,Blackstone Inc. Common Stock,Profit Engine,5,WMT,Consumer Discretionary,Walmart Inc. Common Stock,Recession Defense,5,TMUS,Telecommunications,T-Mobile US Inc. Common Stock,Recession Defense,5,29.07943138150706,42.982273702060795,-6.5017595166387805,54.816076558897294,38.71224131081483,29.82279928704125,-16.42215041884959,45.64532619544436,36.95121174297,62.57717873965407,2022,-16.42215041884959,2025,62.57717873965407,-25.601396896643834,6.738775142440228,1,3,"2001,2008,2009,2020",300000.0,0.0,0.0,3911640.717743392,3911640.717743392,3611640.717743392,5,84,1000,Mar-Nov 2001; Dec 2007-Jun 2009; Feb-Apr 2020,https://www.nber.org/research/data/us-business-cycle-expansions-and-contractions,487731.5362189622,667954.2489044714,972844.1446532478,813082.2158773207,1055566.0931570416,1464199.386335136,2266816.042923508,2119433.1151280343,3030413.657604479,3911640.717743392
27,AVGO + FCX + MA + BBVA,Rebalanced annually,AVGO,Technology,Broadcom Inc. Common Stock,Profit Engine,5,FCX,Basic Materials,Freeport-McMoRan Inc. Common Stock,Profit Engine,5,MA,Consumer Discretionary,Mastercard Incorporated Common Stock,Recession Defense,5,BBVA,Finance,Banco Bilbao Vizcaya Argentaria S.A. Common Stock,Recession Defense,5,31.01610008800198,42.67909383282568,-13.107760780334385,32.21629554336802,39.45442277147113,35.278026333010125,-3.2939205732401304,50.93884373120586,34.86264365598521,62.26909932523593,2018,-13.107760780334385,2025,62.26909932523593,-39.44661746477402,11.336738255856938,2,3,"2001,2008,2009,2020",300000.0,0.0,0.0,3882523.3804568006,3882523.3804568006,3582523.3804568006,5,84,1000,Mar-Nov 2001; Dec 2007-Jun 2009; Feb-Apr 2020,https://www.nber.org/research/data/us-business-cycle-expansions-and-contractions,486807.29797570786,656521.191560309,990945.4953914655,958304.5378491697,1296375.4650620308,1807852.9217532296,2390276.1620146637,2076964.4807084235,2963394.100304432,3882523.3804568006
28,LRCX + BX + WMT + TMUS,Rebalanced annually,LRCX,Technology,Lam Research Corporation Common Stock,Profit Engine,5,BX,Finance,Blackstone Inc. Common Stock,Profit Engine,5,WMT,Consumer Discretionary,Walmart Inc. Common Stock,Recession Defense,5,TMUS,Telecommunications,T-Mobile US Inc. Common Stock,Recession Defense,5,24.17354170975512,40.13619103127281,-6.8930582301894825,67.27627680122214,44.80939601903323,37.18644206802459,-15.120499859152432,49.819788161717334,35.48038129018872,37.308186550369996,2022,-15.120499859152432,2019,67.27627680122214,-25.601396896643834,6.738775142440228,1,3,"2001,2008,2009,2020",300000.0,0.0,0.0,3820936.462755005,3820936.462755005,3520936.462755005,5,84,1000,Mar-Nov 2001; Dec 2007-Jun 2009; Feb-Apr 2020,https://www.nber.org/research/data/us-business-cycle-expansions-and-contractions,411924.55965111003,558076.9640432547,836109.7253089476,709685.7554712484,973592.6377945868,1409853.618476115,2358350.6413341523,2195788.158354942,3077093.888234349,3820936.462755005
29,LRCX + ISRG + BBVA + TMUS,Rebalanced annually,LRCX,Technology,Lam Research Corporation Common Stock,Profit Engine,5,ISRG,Health Care,Intuitive Surgical Inc. Common Stock,Profit Engine,5,BBVA,Finance,Banco Bilbao Vizcaya Argentaria S.A. Common Stock,Recession Defense,5,TMUS,Telecommunications,T-Mobile US Inc. Common Stock,Recession Defense,5,24.245954924757456,47.59438697858869,-7.317630820450637,44.279378776089914,42.0557353916854,23.370598275758688,-9.01614552959355,48.3173426601215,25.44340729031774,73.77137419606191,2022,-9.01614552959355,2025,73.77137419606191,-34.57799895282456,0.1976588090098327,2,3,"2001,2008,2009,2020",300000.0,0.0,0.0,3792516.974907147,3792516.974907147,3492516.974907147,5,84,1000,Mar-Nov 2001; Dec 2007-Jun 2009; Feb-Apr 2020,https://www.nber.org/research/data/us-business-cycle-expansions-and-contractions,521314.1225881857,653954.1980602441,969927.4887772619,882477.4148575718,1088717.6663582353,1546585.8872843871,2231404.510412592,2068118.5662297145,3052426.919817125,3792516.974907147
30,LRCX + ISRG + WMT + DHR,Rebalanced annually,LRCX,Technology,Lam Research Corporation Common Stock,Profit Engine,5,ISRG,Health Care,Intuitive Surgical Inc. Common Stock,Profit Engine,5,WMT,Consumer Discretionary,Walmart Inc. Common Stock,Recession Defense,5,DHR,Industrials,Danaher Corporation Common Stock,Recession Defense,5,35.099300476772456,53.85473393614781,3.8010660968909407,55.6210639353804,42.80762283920535,33.98904177705579,-21.588991535566695,31.852232005565348,30.38019601470782,43.12785312596332,2022,-21.588991535566695,2019,55.6210639353804,-7.681575221824682,10.137016367922913,2,4,"2001,2008,2009,2020",300000.0,0.0,0.0,3718573.7230453347,3718573.7230453347,3418573.7230453347,5,84,1000,Mar-Nov 2001; Dec 2007-Jun 2009; Feb-Apr 2020,https://www.nber.org/research/data/us-business-cycle-expansions-and-contractions,429383.55937788996,559831.1263718223,738149.8355831449,578790.7300593003,775516.1531008822,1107496.1829774221,1723497.3429931917,1789008.6161785221,2752474.446516225,3718573.7230453347
31,LRCX + FCX + WMT + TMUS,Rebalanced annually,LRCX,Technology,Lam Research Corporation Common Stock,Profit Engine,5,FCX,Basic Materials,Freeport-McMoRan Inc. Common Stock,Profit Engine,5,WMT,Consumer Discretionary,Walmart Inc. Common Stock,Recession Defense,5,TMUS,Telecommunications,T-Mobile US Inc. Common Stock,Recession Defense,5,48.26231410831605,44.23645446385101,-18.195372841668174,50.59170891236832,64.63007256761684,25.76256039320818,-6.9550333938484314,32.554448806090754,24.359508641491168,48.12113805543843,2018,-18.195372841668174,2020,64.63007256761684,-25.601396896643834,6.738775142440228,1,3,"2001,2008,2009,2020",300000.0,0.0,0.0,3717489.6578433295,3717489.6578433295,3417489.6578433295,5,84,1000,Mar-Nov 2001; Dec 2007-Jun 2009; Feb-Apr 2020,https://www.nber.org/research/data/us-business-cycle-expansions-and-contractions,444363.4141663153,552608.1584397841,732506.6984773445,681560.6129860685,857148.0775229242,1411123.5020379226,2125034.9965829663,1738376.9559387648,2507373.286462696,3717489.6578433295
32,ISRG + FCX + WMT + AMAT,Rebalanced annually,ISRG,Health Care,Intuitive Surgical Inc. Common Stock,Profit Engine,5,FCX,Basic Materials,Freeport-McMoRan Inc. Common Stock,Profit Engine,5,WMT,Consumer Discretionary,Walmart Inc. Common Stock,Recession Defense,5,AMAT,Technology,Applied Materials Inc. Common Stock,Recession Defense,5,50.66950576708824,55.70138058663745,-13.056907045643358,43.26002995527362,51.01560566613938,44.69356431582764,-17.874538699684663,30.41955709360604,30.1069079260492,32.00246896145051,2022,-17.874538699684663,2017,55.70138058663745,-11.052003234516642,12.039352096174015,3,4,"2001,2008,2009,2020",300000.0,0.0,0.0,3523491.289118956,3523491.289118956,3223491.289118956,5,84,1000,Mar-Nov 2001; Dec 2007-Jun 2009; Feb-Apr 2020,https://www.nber.org/research/data/us-business-cycle-expansions-and-contractions,396007.40688435157,515232.9922553583,671964.5864995718,551854.0164375298,798497.2462035153,1205855.4525816827,1727508.882585819,1501949.6535813564,2338556.3463423904,3523491.289118956
33,ISRG + SCCO + MA + AMAT,Rebalanced annually,ISRG,Health Care,Intuitive Surgical Inc. Common Stock,Profit Engine,5,SCCO,Basic Materials,Southern Copper Corporation Common Stock,Profit Engine,5,MA,Consumer Discretionary,Mastercard Incorporated Common Stock,Recession Defense,5,AMAT,Technology,Applied Materials Inc. Common Stock,Recession Defense,5,30.45770487953169,57.74281698673951,-2.871468323400495,54.75779993823705,40.16404357313207,28.982844232824647,-15.52491327707501,42.15831262259802,22.367573032418587,35.93817479451762,2022,-15.52491327707501,2017,57.74281698673951,-37.748177891916406,18.022957771379414,2,3,"2001,2008,2009,2020",300000.0,0.0,0.0,3351330.0895744693,3351330.0895744693,3051330.0895744693,5,84,1000,Mar-Nov 2001; Dec 2007-Jun 2009; Feb-Apr 2020,https://www.nber.org/research/data/us-business-cycle-expansions-and-contractions,407814.52438355284,499032.7359618545,709416.5168777573,599280.2178592392,772968.6699195147,1083424.143312648,1676683.3681903465,1628537.9363890362,2568901.6165577816,3351330.0895744693
34,SCCO + DE + TSM + COST,Rebalanced annually,SCCO,Basic Materials,Southern Copper Corporation Common Stock,Profit Engine,5,DE,Industrials,Deere & Company Common Stock,Profit Engine,5,TSM,Technology,Taiwan Semiconductor Manufacturing Company Ltd.,Recession Defense,5,COST,Consumer Discretionary,Costco Wholesale Corporation Common Stock,Recession Defense,5,23.360238094797214,42.59860995752966,-7.227911308552011,43.855515510412694,60.52018671569951,23.03813124717838,-6.240388533892985,33.993028848057136,37.302090172467906,32.13638170503305,2018,-7.227911308552011,2020,60.52018671569951,-20.210112774296057,25.289715256447707,3,4,"2001,2008,2009,2020",300000.0,0.0,0.0,3170461.9293472283,3170461.9293472283,2870461.9293472283,5,84,1000,Mar-Nov 2001; Dec 2007-Jun 2009; Feb-Apr 2020,https://www.nber.org/research/data/us-business-cycle-expansions-and-contractions,396409.14511509915,544278.0418778426,729294.6336670181,683783.8149693647,841314.8277089702,1350480.1323053048,1942740.1561934995,1802320.6207482084,2570084.1521648653,3170461.9293472283
35,SCCO + DE + COST + AMAT,Rebalanced annually,SCCO,Basic Materials,Southern Copper Corporation Common Stock,Profit Engine,5,DE,Industrials,Deere & Company Common Stock,Profit Engine,5,COST,Consumer Discretionary,Costco Wholesale Corporation Common Stock,Recession Defense,5,AMAT,Technology,Applied Materials Inc. Common Stock,Recession Defense,5,34.50659336841899,46.962272373795635,-15.081952701636219,50.10883268662321,48.175616243623224,40.923676741290606,-6.438931175841071,40.40386112630278,14.438754528891268,33.049776563553266,2018,-15.081952701636219,2019,50.10883268662321,-33.048596308795965,10.092971367785319,3,4,"2001,2008,2009,2020",300000.0,0.0,0.0,3157178.5154958395,3157178.5154958395,2857178.5154958395,5,84,1000,Mar-Nov 2001; Dec 2007-Jun 2009; Feb-Apr 2020,https://www.nber.org/research/data/us-business-cycle-expansions-and-contractions,399149.32969065977,456781.52160840906,641338.8932496834,600043.5233094355,845603.3950956395,1252978.041659964,1880830.7121554834,1597164.7137503459,2347229.5568799367,3157178.5154958395
36,KLAC + SCCO + COST + DHR,Rebalanced annually,KLAC,Technology,KLA Corporation Common Stock,Profit Engine,5,SCCO,Basic Materials,Southern Copper Corporation Common Stock,Profit Engine,5,COST,Consumer Discretionary,Costco Wholesale Corporation Common Stock,Recession Defense,5,DHR,Industrials,Danaher Corporation Common Stock,Recession Defense,5,28.351024553407335,32.494027160661254,-5.798756750490595,61.45658436997784,46.183343159109185,41.95301768017575,-11.254932619759867,38.48314407023588,14.521717416014706,39.01103693521454,2022,-11.254932619759867,2019,61.45658436997784,-29.678168296104005,8.190635639534218,2,4,"2001,2008,2009,2020",300000.0,0.0,0.0,3150286.725984902,3150286.725984902,2850286.725984902,5,84,1000,Mar-Nov 2001; Dec 2007-Jun 2009; Feb-Apr 2020,https://www.nber.org/research/data/us-business-cycle-expansions-and-contractions,417033.11080564366,477593.48068805475,661386.4679312931,586947.8666094163,833190.2088614791,1217985.3021880744,1966517.467041218,1852483.9026715886,2454430.525152572,3150286.725984902
37,SCCO + DE + MA + AMAT,Rebalanced annually,SCCO,Basic Materials,Southern Copper Corporation Common Stock,Profit Engine,5,DE,Industrials,Deere & Company Common Stock,Profit Engine,5,MA,Consumer Discretionary,Mastercard Incorporated Common Stock,Recession Defense,5,AMAT,Technology,Applied Materials Inc. Common Stock,Recession Defense,5,36.163919980604014,53.29065172772776,-11.403548395978017,53.473162685413456,45.05562316726339,28.25851152178204,-2.3411079968719335,34.003868742129924,10.576670461011322,36.65788908982135,2018,-11.403548395978017,2019,53.473162685413456,-37.748177891916406,18.022957771379414,2,3,"2001,2008,2009,2020",300000.0,0.0,0.0,3132534.4309059354,3132534.4309059354,2832534.4309059354,5,84,1000,Mar-Nov 2001; Dec 2007-Jun 2009; Feb-Apr 2020,https://www.nber.org/research/data/us-business-cycle-expansions-and-contractions,409973.66726946406,453335.2310334783,607486.7479559337,593264.8271196,760912.6366458725,1103746.566845125,1693954.7641688846,1500783.8128309106,2300561.287712745,3132534.4309059354
38,KLAC + DE + COST + JPM,Rebalanced annually,KLAC,Technology,KLA Corporation Common Stock,Profit Engine,5,DE,Industrials,Deere & Company Common Stock,Profit Engine,5,COST,Consumer Discretionary,Costco Wholesale Corporation Common Stock,Recession Defense,5,JPM,Finance,JP Morgan Chase & Co. Common Stock,Recession Defense,5,22.67493719011089,35.19128007793095,-2.8524439919955125,53.810231912597594,33.25780128176167,44.11834821876967,-4.075610291864773,32.54998986155115,25.207083557801585,34.43454344259284,2022,-4.075610291864773,2019,53.810231912597594,-24.565299946086533,2.5593202352276303,2,4,"2001,2008,2009,2020",300000.0,0.0,0.0,3055648.0072817793,3055648.0072817793,2755648.0072817793,5,84,1000,Mar-Nov 2001; Dec 2007-Jun 2009; Feb-Apr 2020,https://www.nber.org/research/data/us-business-cycle-expansions-and-contractions,403303.6303277785,504964.7134161489,669330.6764375162,642051.3665020207,925313.8241187513,1233052.8569768355,1896561.458920981,1842463.1055314871,2490849.4573316174,3055648.0072817793
39,KLAC + DE + JPM + MA,Rebalanced annually,KLAC,Technology,KLA Corporation Common Stock,Profit Engine,5,DE,Industrials,Deere & Company Common Stock,Profit Engine,5,JPM,Finance,JP Morgan Chase & Co. Common Stock,Recession Defense,5,MA,Consumer Discretionary,Mastercard Incorporated Common Stock,Recession Defense,5,24.33226380229592,41.51965943186308,0.8259603136626881,57.17456191138784,30.137808205401846,31.453182999261106,0.02221288710436431,26.149997477378292,21.34499948992164,38.04265596886093,2022,0.02221288710436431,2019,57.17456191138784,-29.264881529206974,11.702614009545362,2,3,"2001,2008,2009,2020",300000.0,0.0,0.0,3024614.198385398,3024614.198385398,2724614.198385398,5,84,1000,Mar-Nov 2001; Dec 2007-Jun 2009; Feb-Apr 2020,https://www.nber.org/research/data/us-business-cycle-expansions-and-contractions,414127.96790658275,502523.5805438657,633933.4841793176,634074.2991084751,833510.8487583459,1084712.7497283532,1704892.512382508,1718974.2479253942,2432686.5013854476,3024614.198385398
40,KLAC + MS + MA + DHR,Rebalanced annually,KLAC,Technology,KLA Corporation Common Stock,Profit Engine,5,MS,Finance,Morgan Stanley Common Stock,Profit Engine,5,MA,Consumer Discretionary,Mastercard Incorporated Common Stock,Recession Defense,5,DHR,Industrials,Danaher Corporation Common Stock,Recession Defense,5,33.24990809552638,32.777585605356435,0.46712360676159026,61.34339772308731,37.88833756846605,41.10689965038737,-10.804120733238676,23.035859074644925,18.23046321098536,37.25894854198275,2022,-10.804120733238676,2019,61.34339772308731,-34.377749879224446,18.266437679509618,2,3,"2001,2008,2009,2020",300000.0,0.0,0.0,2981332.7328694332,2981332.7328694332,2681332.7328694332,5,84,1000,Mar-Nov 2001; Dec 2007-Jun 2009; Feb-Apr 2020,https://www.nber.org/research/data/us-business-cycle-expansions-and-contractions,411776.8456259483,486845.67197914276,598994.7548872662,534278.6383834789,753904.0221172315,1039545.7229592511,1677238.3903074882,1685073.1667702827,2237399.4665213027,2981332.7328694332
41,KLAC + MS + COST + DHR,Rebalanced annually,KLAC,Technology,KLA Corporation Common Stock,Profit Engine,5,MS,Finance,Morgan Stanley Common Stock,Profit Engine,5,COST,Consumer Discretionary,Costco Wholesale Corporation Common Stock,Recession Defense,5,DHR,Industrials,Danaher Corporation Common Stock,Recession Defense,5,31.59258148334135,26.449206251424307,-3.2112806988966103,57.97906772429706,41.008330644825875,53.772064869895935,-14.901943912207813,29.43585145881778,22.092547278865304,33.65083601571466,2022,-14.901943912207813,2019,57.97906772429706,-29.678168296104005,8.190635639534218,2,4,"2001,2008,2009,2020",300000.0,0.0,0.0,2974749.0540487734,2974749.0540487734,2674749.0540487734,5,84,1000,Mar-Nov 2001; Dec 2007-Jun 2009; Feb-Apr 2020,https://www.nber.org/research/data/us-business-cycle-expansions-and-contractions,400952.508047144,489533.13045325543,633631.3755751763,539207.9833768127,829151.2499818499,1169172.3361201137,1847047.5566929406,1787733.6750054187,2260575.0419337694,2974749.0540487734
42,MS + MPC + TSM + DHR,Rebalanced annually,MS,Finance,Morgan Stanley Common Stock,Profit Engine,5,MPC,Energy,Marathon Petroleum Corporation Common Stock,Profit Engine,5,TSM,Technology,Taiwan Semiconductor Manufacturing Company Ltd.,Recession Defense,5,DHR,Industrials,Danaher Corporation Common Stock,Recession Defense,5,35.246905459128044,30.951812713431174,-5.673528823374573,38.279929540091096,37.17706408899887,42.078907339746564,5.128743684592807,21.36999739272192,31.977897925725095,30.158881096386377,2018,-5.673528823374573,2021,42.078907339746564,-25.899823912636656,24.950068865675824,3,4,"2001,2008,2009,2020",300000.0,0.0,0.0,2960545.813358146,2960545.813358146,2660545.813358146,5,84,1000,Mar-Nov 2001; Dec 2007-Jun 2009; Feb-Apr 2020,https://www.nber.org/research/data/us-business-cycle-expansions-and-contractions,390476.64328915917,515342.8657039642,625471.6226684798,657550.4590150097,934240.5073760138,1281563.6995485828,1772145.380747165,1671602.2017783737,2188993.384586408,2960545.813358146
43,GLW + MPC + TSM + SPGI,Rebalanced annually,GLW,Industrials,Corning Incorporated Common Stock,Profit Engine,5,MPC,Energy,Marathon Petroleum Corporation Common Stock,Profit Engine,5,TSM,Technology,Taiwan Semiconductor Manufacturing Company Ltd.,Recession Defense,5,SPGI,Finance,S&P Global Inc. Common Stock,Recession Defense,5,19.65597712951466,42.78436018474036,-3.4123572715695603,33.03367678368363,28.563542244189943,30.925422095691943,2.481487161144557,26.08830163658607,40.77633343893079,42.14681038846501,2018,-3.4123572715695603,2017,42.78436018474036,-30.99974080323591,24.882774586607653,3,4,"2001,2008,2009,2020",300000.0,0.0,0.0,2866475.596274538,2866475.596274538,2566475.596274538,5,84,1000,Mar-Nov 2001; Dec 2007-Jun 2009; Feb-Apr 2020,https://www.nber.org/research/data/us-business-cycle-expansions-and-contractions,426440.4311653951,600327.2032958107,756942.3748981031,775725.8027484622,1015622.2815536187,1305719.9809865921,1737047.2992056783,1677773.0393806305,2395597.499631705,2866475.596274538
44,GLW + MPC + TSM + JPM,Rebalanced annually,GLW,Industrials,Corning Incorporated Common Stock,Profit Engine,5,MPC,Energy,Marathon Petroleum Corporation Common Stock,Profit Engine,5,TSM,Technology,Taiwan Semiconductor Manufacturing Company Ltd.,Recession Defense,5,JPM,Finance,JP Morgan Chase & Co. Common Stock,Recession Defense,5,25.65256880008346,34.644778702032184,-5.411745360004364,29.281254721912305,21.83076707034834,26.69082370869577,6.417388182099902,25.546238395852527,48.36454036659078,50.036558908195694,2018,-5.411745360004364,2025,50.036558908195694,-20.78695556261918,19.31875346136924,3,4,"2001,2008,2009,2020",300000.0,0.0,0.0,2849053.228267893,2849053.228267893,2549053.228267893,5,84,1000,Mar-Nov 2001; Dec 2007-Jun 2009; Feb-Apr 2020,https://www.nber.org/research/data/us-business-cycle-expansions-and-contractions,450109.6767245871,667803.1530179813,838401.7385029746,892205.2325881845,1130342.158338056,1377104.522022785,1780338.0049032494,1683990.6455305037,2267405.47803747,2849053.228267893
45,GLW + MPC + AMAT + SPGI,Rebalanced annually,GLW,Industrials,Corning Incorporated Common Stock,Profit Engine,5,MPC,Energy,Marathon Petroleum Corporation Common Stock,Profit Engine,5,AMAT,Technology,Applied Materials Inc. Common Stock,Recession Defense,5,SPGI,Finance,S&P Global Inc. Common Stock,Recession Defense,5,30.802332403136433,47.14802260100633,-11.266398664653767,39.28699395989415,16.218971772113655,48.81096758980417,2.2829445191964712,32.49913391483172,17.912997795354148,43.06020524698522,2018,-11.266398664653767,2021,48.81096758980417,-43.83822433773582,9.686030697945263,3,4,"2001,2008,2009,2020",300000.0,0.0,0.0,2821620.5041159634,2821620.5041159634,2521620.5041159634,5,84,1000,Mar-Nov 2001; Dec 2007-Jun 2009; Feb-Apr 2020,https://www.nber.org/research/data/us-business-cycle-expansions-and-contractions,429180.61574095563,506059.7299767203,670524.7593108905,685832.4675534337,1020593.9310112945,1186123.7725899213,1652116.1474841922,1465982.155905504,2157163.754098551,2821620.5041159634
46,FTNT + GLW + JPM + BHP,Rebalanced annually,FTNT,Technology,Fortinet Inc. Common Stock,Profit Engine,5,GLW,Industrials,Corning Incorporated Common Stock,Profit Engine,5,JPM,Finance,JP Morgan Chase & Co. Common Stock,Recession Defense,5,BHP,Energy,BHP Group Limited American Depositary Shares (Each representing two Ordinary Shares),Recession Defense,5,27.312405754868895,35.079426110955886,15.462325204507314,30.57910966106936,21.632780398769803,44.13680458274322,-6.866227972381678,16.402993154291575,35.429076585715116,33.79951312437793,2022,-6.866227972381678,2021,44.13680458274322,-31.307232465629745,8.377431632238276,2,4,"2001,2008,2009,2020",300000.0,0.0,0.0,2678912.346268863,2678912.346268863,2378912.346268863,5,84,1000,Mar-Nov 2001; Dec 2007-Jun 2009; Feb-Apr 2020,https://www.nber.org/research/data/us-business-cycle-expansions-and-contractions,401398.53937313374,543610.3353015832,632778.7013871233,589330.6731892071,849442.4007608925,1033200.4099315344,1349143.8963031166,1557752.9130262656,2104203.6951425774,2678912.346268863
47,STX + GLW + BHP + SPGI,Rebalanced annually,STX,Technology,Seagate Technology Holdings PLC Ordinary Shares (Ireland),Profit Engine,5,GLW,Industrials,Corning Incorporated Common Stock,Profit Engine,5,BHP,Energy,BHP Group Limited American Depositary Shares (Each representing two Ordinary Shares),Recession Defense,5,SPGI,Finance,S&P Global Inc. Common Stock,Recession Defense,5,25.509985647400523,36.12311473916951,1.4356407583379083,36.970958028387585,21.119064993827923,34.754314900301054,-15.659926496837395,29.295495336571364,13.50063673888914,86.21298339022904,2022,-15.659926496837395,2025,86.21298339022904,-41.52001770624648,13.94145275747669,3,4,"2001,2008,2009,2020",300000.0,0.0,0.0,2678744.5374960154,2678744.5374960154,2378744.5374960154,5,84,1000,Mar-Nov 2001; Dec 2007-Jun 2009; Feb-Apr 2020,https://www.nber.org/research/data/us-business-cycle-expansions-and-contractions,558638.950170687,634058.7655151754,819809.4215977956,691427.8687614329,931728.8875792216,1128501.3169133472,1545719.0651391821,1567910.03804772,2134287.980098654,2678744.5374960154
48,STX + ABBV + JPM + BHP,Rebalanced annually,STX,Technology,Seagate Technology Holdings PLC Ordinary Shares (Ireland),Profit Engine,5,ABBV,Health Care,AbbVie Inc. Common Stock,Profit Engine,5,JPM,Finance,JP Morgan Chase & Co. Common Stock,Recession Defense,5,BHP,Energy,BHP Group Limited American Depositary Shares (Each representing two Ordinary Shares),Recession Defense,5,24.896475463432296,34.343962321556454,0.018128089318838914,33.841572452544,14.422220330796527,37.14579136825029,-2.831197063118953,29.002629194059484,10.642653704142518,80.43190524097645,2022,-2.831197063118953,2025,80.43190524097645,-31.307232465629745,8.377431632238276,2,4,"2001,2008,2009,2020",300000.0,0.0,0.0,2646144.3502481966,2646144.3502481966,2346144.3502481966,5,84,1000,Mar-Nov 2001; Dec 2007-Jun 2009; Feb-Apr 2020,https://www.nber.org/research/data/us-business-cycle-expansions-and-contractions,541295.7157229293,598903.9442626805,772601.8344457825,750727.9539993503,1029591.793535083,1178081.7905065122,1576763.1931910012,1577049.0302310095,2118670.1549660186,2646144.3502481966
49,STX + MS + BHP + MCK,Rebalanced annually,STX,Technology,Seagate Technology Holdings PLC Ordinary Shares (Ireland),Profit Engine,5,MS,Finance,Morgan Stanley Common Stock,Profit Engine,5,BHP,Energy,BHP Group Limited American Depositary Shares (Each representing two Ordinary Shares),Recession Defense,5,MCK,Health Care,McKesson Corporation Common Stock,Recession Defense,5,15.757010958773044,22.27447551595024,-10.877809931285576,36.50933740250058,25.16354545854083,44.82307659633138,4.697875384909716,30.92062514546858,10.707055048731181,85.27262663912622,2018,-10.877809931285576,2025,85.27262663912622,-38.91472793127976,16.902071928464288,3,4,"2001,2008,2009,2020",300000.0,0.0,0.0,2632695.906531124,2632695.906531124,2332695.906531124,5,84,1000,Mar-Nov 2001; Dec 2007-Jun 2009; Feb-Apr 2020,https://www.nber.org/research/data/us-business-cycle-expansions-and-contractions,555817.8799173787,615329.606290823,805593.367261096,843439.1397641203,1221494.5114240304,1528865.8380797976,2087044.625335919,1860019.8778107665,2274329.550085533,2632695.906531124
50,STX + RIO + MCK + SPGI,Rebalanced annually,STX,Technology,Seagate Technology Holdings PLC Ordinary Shares (Ireland),Profit Engine,5,RIO,Basic Materials,Rio Tinto Plc Common Stock,Profit Engine,5,MCK,Health Care,McKesson Corporation Common Stock,Recession Defense,5,SPGI,Finance,S&P Global Inc. Common Stock,Recession Defense,5,8.725185798538726,33.19618863640118,-8.214365199271867,47.162599589691816,23.70398660865492,44.00401093567912,-2.3756754900177874,34.27685986729337,6.577865216010328,79.99436214018853,2018,-8.214365199271867,2025,79.99436214018853,-42.962423440676396,10.677019861613584,3,4,"2001,2008,2009,2020",300000.0,0.0,0.0,2628807.5892003714,2628807.5892003714,2328807.5892003714,5,84,1000,Mar-Nov 2001; Dec 2007-Jun 2009; Feb-Apr 2020,https://www.nber.org/research/data/us-business-cycle-expansions-and-contractions,539983.0864205656,575502.446034563,772766.6129946758,754408.1859747206,1086378.0466306952,1343892.953323402,1977707.8058134022,1815251.664069383,2417846.0306992666,2628807.5892003714
51,STX + ABBV + BHP + SPGI,Rebalanced annually,STX,Technology,Seagate Technology Holdings PLC Ordinary Shares (Ireland),Profit Engine,5,ABBV,Health Care,AbbVie Inc. Common Stock,Profit Engine,5,BHP,Energy,BHP Group Limited American Depositary Shares (Each representing two Ordinary Shares),Recession Defense,5,SPGI,Finance,S&P Global Inc. Common Stock,Recession Defense,5,18.899883792863495,42.48354380426463,2.017516177753642,37.59399451431533,21.15499550463813,41.38038975524647,-6.767098084074298,29.544692434793028,3.054446776482525,72.54215672124577,2022,-6.767098084074298,2025,72.54215672124577,-41.52001770624648,13.94145275747669,3,4,"2001,2008,2009,2020",300000.0,0.0,0.0,2624356.936636076,2624356.936636076,2324356.936636076,5,84,1000,Mar-Nov 2001; Dec 2007-Jun 2009; Feb-Apr 2020,https://www.nber.org/research/data/us-business-cycle-expansions-and-contractions,517626.4701637373,533437.0951958739,691039.444304589,644276.1273088554,910880.0998892677,1103576.7440734855,1518455.3247017313,1549090.4065295502,2207198.9079551925,2624356.936636076
52,MRVL + MS + TJX + MCK,Rebalanced annually,MRVL,Technology,Marvell Technology Inc. Common Stock,Profit Engine,5,MS,Finance,Morgan Stanley Common Stock,Profit Engine,5,TJX,Consumer Discretionary,TJX Companies Inc. (The) Common Stock,Recession Defense,5,MCK,Health Care,McKesson Corporation Common Stock,Recession Defense,5,18.9158059849334,24.72595032602878,-13.961131908326264,40.97356218569856,39.41421123190905,47.08265581756631,-2.3175211868623347,30.358808014082257,44.43953982129394,23.90341556441502,2018,-13.961131908326264,2021,47.08265581756631,-33.878659872955694,20.538902826847035,3,4,"2001,2008,2009,2020",300000.0,0.0,0.0,2521999.2811163734,2521999.2811163734,2221999.2811163734,5,84,1000,Mar-Nov 2001; Dec 2007-Jun 2009; Feb-Apr 2020,https://www.nber.org/research/data/us-business-cycle-expansions-and-contractions,371710.2466932451,536896.5697923197,699891.9686497631,683671.823991157,1005562.6758025913,1401897.2729126613,1976304.5238091429,1700390.0423299293,2120827.6395451673,2521999.2811163734
53,MRVL + RIO + TJX + MCK,Rebalanced annually,MRVL,Technology,Marvell Technology Inc. Common Stock,Profit Engine,5,RIO,Basic Materials,Rio Tinto Plc Common Stock,Profit Engine,5,TJX,Consumer Discretionary,TJX Companies Inc. (The) Common Stock,Recession Defense,5,MCK,Health Care,McKesson Corporation Common Stock,Recession Defense,5,19.70883606041043,29.286587058160325,-9.002835709213608,42.18519448029132,38.947124527913594,35.319656664273545,4.8860740906352405,29.64109293829869,30.667235882507548,23.728598079990682,2018,-9.002835709213608,2019,42.18519448029132,-33.878659872955694,20.538902826847035,3,4,"2001,2008,2009,2020",300000.0,0.0,0.0,2483081.2457503984,2483081.2457503984,2183081.2457503984,5,84,1000,Mar-Nov 2001; Dec 2007-Jun 2009; Feb-Apr 2020,https://www.nber.org/research/data/us-business-cycle-expansions-and-contractions,371185.794239972,485018.2173219033,628782.9178859682,659505.7171231348,892440.8720922811,1240020.92988406,1763126.1707519677,1604394.8182530191,2074267.3034573025,2483081.2457503984
54,MRVL + RIO + V + MCK,Rebalanced annually,MRVL,Technology,Marvell Technology Inc. Common Stock,Profit Engine,5,RIO,Basic Materials,Rio Tinto Plc Common Stock,Profit Engine,5,V,Consumer Discretionary,Visa Inc.,Recession Defense,5,MCK,Health Care,McKesson Corporation Common Stock,Recession Defense,5,18.212292643152708,40.2152843495365,-9.616556407951656,43.327785838399535,40.164634616035286,32.03426263703629,2.3520129164701515,31.295651492319553,28.60588789616446,19.486633219495115,2018,-9.616556407951656,2019,43.327785838399535,22.092245603021823,43.74522025742008,2,2,"2001,2008,2009,2020",300000.0,0.0,0.0,2461787.3080747626,2461787.3080747626,2161787.3080747626,5,84,1000,Mar-Nov 2001; Dec 2007-Jun 2009; Feb-Apr 2020,https://www.nber.org/research/data/us-business-cycle-expansions-and-contractions,358459.8996584853,461000.5367074952,605273.6580531956,619509.7726705981,817965.1603100039,1146497.8782349841,1643250.0235584327,1485225.9581192571,2082513.8004100441,2461787.3080747626
55,GS + ABBV + TJX + ASML,Rebalanced annually,GS,Finance,Goldman Sachs Group Inc. (The) Common Stock,Profit Engine,5,ABBV,Health Care,AbbVie Inc. Common Stock,Profit Engine,5,TJX,Consumer Discretionary,TJX Companies Inc. (The) Common Stock,Recession Defense,5,ASML,Technology,ASML Holding N.V. New York Registry Shares,Recession Defense,5,19.992275679127417,31.93214454255542,-6.3042389249907735,43.483484061586914,30.9267276965583,39.24925311659271,-1.9137081423901696,18.815936369004604,23.438720246596084,43.56997111514315,2018,-6.3042389249907735,2025,43.56997111514315,-34.41063195564844,25.226272707648896,3,4,"2001,2008,2009,2020",300000.0,0.0,0.0,2404175.9382412457,2404175.9382412457,2104175.9382412457,5,84,1000,Mar-Nov 2001; Dec 2007-Jun 2009; Feb-Apr 2020,https://www.nber.org/research/data/us-business-cycle-expansions-and-contractions,430709.91334542946,531662.8050088211,631700.1400969459,619611.2430804205,862804.0282159214,1129641.0805771954,1620848.3798031183,1518666.2253284878,2003608.9195193509,2404175.9382412457
56,GS + MPC + V + ASML,Rebalanced annually,GS,Finance,Goldman Sachs Group Inc. (The) Common Stock,Profit Engine,5,MPC,Energy,Marathon Petroleum Corporation Common Stock,Profit Engine,5,V,Consumer Discretionary,Visa Inc.,Recession Defense,5,ASML,Technology,ASML Holding N.V. New York Registry Shares,Recession Defense,5,16.228861433492714,36.53727366885247,-8.73717100622966,45.77151677451762,18.368433998665246,43.107647845287666,11.206005025516955,28.144238613258402,15.648543897248526,35.850877899981505,2018,-8.73717100622966,2019,45.77151677451762,41.70249935022859,60.72188297824944,2,2,"2001,2008,2009,2020",300000.0,0.0,0.0,2402048.3949339897,2402048.3949339897,2102048.3949339897,5,84,1000,Mar-Nov 2001; Dec 2007-Jun 2009; Feb-Apr 2020,https://www.nber.org/research/data/us-business-cycle-expansions-and-contractions,407552.6336999445,471328.68648887274,603980.5566670378,671662.6482002913,961200.6172948063,1137758.1182773658,1658527.2662381264,1513618.9028019554,2066653.9836221877,2402048.3949339897
57,GS + RIO + TJX + ASML,Rebalanced annually,GS,Finance,Goldman Sachs Group Inc. (The) Common Stock,Profit Engine,5,RIO,Basic Materials,Rio Tinto Plc Common Stock,Profit Engine,5,TJX,Consumer Discretionary,TJX Companies Inc. (The) Common Stock,Recession Defense,5,ASML,Technology,ASML Holding N.V. New York Registry Shares,Recession Defense,5,27.35561552281925,28.12578628916581,-6.796673273956904,52.49655396602978,33.05220112951813,31.04316355937769,-3.296661853908816,21.639278351470075,14.884439514856663,46.41687141983134,2018,-6.796673273956904,2019,52.49655396602978,-34.41063195564844,25.226272707648896,3,4,"2001,2008,2009,2020",300000.0,0.0,0.0,2400332.511165263,2400332.511165263,2100332.511165263,5,84,1000,Mar-Nov 2001; Dec 2007-Jun 2009; Feb-Apr 2020,https://www.nber.org/research/data/us-business-cycle-expansions-and-contractions,439250.614259494,504630.60625758476,613829.0277923745,593593.1603849239,777863.256040495,1034964.1839396181,1578284.7152905592,1471013.859859459,1884748.0743675397,2400332.511165263
58,AXP + RIO + TJX + ASML,Rebalanced annually,AXP,Finance,American Express Company Common Stock,Profit Engine,5,RIO,Basic Materials,Rio Tinto Plc Common Stock,Profit Engine,5,TJX,Consumer Discretionary,TJX Companies Inc. (The) Common Stock,Recession Defense,5,ASML,Technology,ASML Holding N.V. New York Registry Shares,Recession Defense,5,20.77039374849902,35.24636300934993,0.9295936292725289,50.50614524656312,28.403308341043463,28.361501158486675,-3.458130126626404,24.8305275308604,16.95664896878458,38.75574792903967,2022,-3.458130126626404,2019,50.50614524656312,-34.41063195564844,25.226272707648896,3,4,"2001,2008,2009,2020",300000.0,0.0,0.0,2399404.680281441,2399404.680281441,2099404.680281441,5,84,1000,Mar-Nov 2001; Dec 2007-Jun 2009; Feb-Apr 2020,https://www.nber.org/research/data/us-business-cycle-expansions-and-contractions,416267.243787119,486852.2190881356,607740.1933834199,586723.7466644103,753127.4088717535,967040.5090145087,1455455.3930904798,1468985.2137015522,1986749.0746764762,2399404.680281441
59,GS + ABBV + V + ASML,Rebalanced annually,GS,Finance,Goldman Sachs Group Inc. (The) Common Stock,Profit Engine,5,ABBV,Health Care,AbbVie Inc. Common Stock,Profit Engine,5,V,Consumer Discretionary,Visa Inc.,Recession Defense,5,ASML,Technology,ASML Holding N.V. New York Registry Shares,Recession Defense,5,18.495732261869698,42.8608418339316,-6.917959623728821,44.62607541969513,32.144237784679994,35.96385908935545,-4.447769316555259,20.47049492302547,21.377372260253,39.32800625464758,2018,-6.917959623728821,2019,44.62607541969513,41.70249935022859,60.72188297824944,2,2,"2001,2008,2009,2020",300000.0,0.0,0.0,2391217.3653808674,2391217.3653808674,2091217.3653808674,5,84,1000,Mar-Nov 2001; Dec 2007-Jun 2009; Feb-Apr 2020,https://www.nber.org/research/data/us-business-cycle-expansions-and-contractions,417984.01876394276,507338.0184434766,611192.6217515265,584008.1838562124,794040.0641685645,1049278.1905005334,1517529.8671557137,1412547.7636678559,2017977.6264822735,2391217.3653808674
60,FTNT + GS + V + LIN,Rebalanced annually,FTNT,Technology,Fortinet Inc. Common Stock,Profit Engine,5,GS,Finance,Goldman Sachs Group Inc. (The) Common Stock,Profit Engine,5,V,Consumer Discretionary,Visa Inc.,Recession Defense,5,LIN,Basic Materials,Linde plc Ordinary Shares,Recession Defense,5,12.608247987225308,33.77662278231722,11.794469645648189,43.60777496959004,24.895496855181797,55.664591574738935,-11.913342107461515,22.39704182134794,34.738126257526204,13.915203396851819,2022,-11.913342107461515,2021,55.664591574738935,21.50156891873516,37.31406672235702,2,2,"2001,2008,2009,2020",300000.0,0.0,0.0,2334316.940746755,2334316.940746755,2034316.9407467549,5,84,1000,Mar-Nov 2001; Dec 2007-Jun 2009; Feb-Apr 2020,https://www.nber.org/research/data/us-business-cycle-expansions-and-contractions,341745.61019055545,460461.6317381039,563591.4159697482,496448.8424969856,772795.0630504517,965186.233669177,1386082.4744850935,1549563.5512018872,2072953.7866636275,2334316.940746755
61,MRVL + ABBV + V + RTX,Rebalanced annually,MRVL,Technology,Marvell Technology Inc. Common Stock,Profit Engine,5,ABBV,Health Care,AbbVie Inc. Common Stock,Profit Engine,5,V,Consumer Discretionary,Visa Inc.,Recession Defense,5,RTX,Industrials,RTX Corporation Common Stock,Recession Defense,5,22.209692035597786,45.817287177208144,-5.687302333287674,38.589464102205255,25.785622495843462,35.00015037311074,-4.216869358318583,18.829118887960583,41.432239798773324,20.86435326169221,2018,-5.687302333287674,2017,45.817287177208144,-2.4148317714421665,24.054330556693646,1,2,"2001,2008,2009,2020",300000.0,0.0,0.0,2308660.7171353996,2308660.7171353996,2008660.7171353996,5,84,1000,Mar-Nov 2001; Dec 2007-Jun 2009; Feb-Apr 2020,https://www.nber.org/research/data/us-business-cycle-expansions-and-contractions,362593.0597850766,512823.4858089391,609383.6296372878,583686.7180845034,787977.9471219546,991162.9659173188,1373647.4428443355,1295523.9597763033,1889097.8928765506,2308660.7171353996
62,MRVL + AXP + RTX + LIN,Rebalanced annually,MRVL,Technology,Marvell Technology Inc. Common Stock,Profit Engine,5,AXP,Finance,American Express Company Common Stock,Profit Engine,5,RTX,Industrials,RTX Corporation Common Stock,Recession Defense,5,LIN,Basic Materials,Linde plc Ordinary Shares,Recession Defense,5,25.941269441549057,36.84422044323412,-9.47218572306554,45.28047077615879,20.75928085849201,44.541202649880205,-12.595263697639348,26.39267773825888,47.01329867557443,16.957435033280575,2022,-12.595263697639348,2024,47.01329867557443,-30.12098427123192,3.0982310019753,3,4,"2001,2008,2009,2020",300000.0,0.0,0.0,2254543.275043953,2254543.275043953,1954543.2750439532,5,84,1000,Mar-Nov 2001; Dec 2007-Jun 2009; Feb-Apr 2020,https://www.nber.org/research/data/us-business-cycle-expansions-and-contractions,350872.30509984173,515828.94986630307,651970.0222851614,569852.6787487874,823671.9151960555,994660.2814241248,1445047.1394764346,1308169.5906393807,1790154.4783859076,2254543.275043953
63,FTNT + AXP + RTX + LIN,Rebalanced annually,FTNT,Technology,Fortinet Inc. Common Stock,Profit Engine,5,AXP,Finance,American Express Company Common Stock,Profit Engine,5,RTX,Industrials,RTX Corporation Common Stock,Recession Defense,5,LIN,Basic Materials,Linde plc Ordinary Shares,Recession Defense,5,9.965286940285694,33.88589417929174,11.73451936691675,41.740938959305645,10.477089313158835,58.87827180783795,-6.2201392545565835,15.401711601478869,41.42125043105575,18.674698775052786,2022,-6.2201392545565835,2021,58.87827180783795,-30.12098427123192,3.0982310019753,3,4,"2001,2008,2009,2020",300000.0,0.0,0.0,2230107.179991381,2230107.179991381,1930107.1799913808,5,84,1000,Mar-Nov 2001; Dec 2007-Jun 2009; Feb-Apr 2020,https://www.nber.org/research/data/us-business-cycle-expansions-and-contractions,356024.0963251584,503493.7288589054,581040.380909286,544898.8600915225,865725.8920140197,956428.7669274694,1355651.114719904,1514730.2573245338,2028010.1494232386,2230107.179991381
64,FTNT + SONY + RTX + LIN,Rebalanced annually,FTNT,Technology,Fortinet Inc. Common Stock,Profit Engine,5,SONY,Consumer Staples,Sony Group Corporation American Depositary Shares,Profit Engine,5,RTX,Industrials,RTX Corporation Common Stock,Recession Defense,5,LIN,Basic Materials,Linde plc Ordinary Shares,Recession Defense,5,11.47025821419227,40.15803375366101,14.37918673630329,44.08396011711384,23.188052909174047,56.06630883211845,-13.906954045146767,14.47202601725472,29.464324696968063,17.506762778417404,2022,-13.906954045146767,2021,56.06630883211845,-30.12098427123192,3.0982310019753,3,4,"2001,2008,2009,2020",300000.0,0.0,0.0,2226481.36020233,2226481.36020233,1926481.3602023302,5,84,1000,Mar-Nov 2001; Dec 2007-Jun 2009; Feb-Apr 2020,https://www.nber.org/research/data/us-business-cycle-expansions-and-contractions,352520.2883352522,456388.01071303897,522436.6023630612,449781.58415740414,701957.5162010891,864727.7964577217,1245934.0533697412,1425089.237514969,1997377.0545360204,2226481.36020233
65,FTNT + SAN + LIN + BKNG,Rebalanced annually,FTNT,Technology,Fortinet Inc. Common Stock,Profit Engine,5,SAN,Finance,Banco Santander S.A. Sponsored ADR (Spain),Profit Engine,5,LIN,Basic Materials,Linde plc Ordinary Shares,Recession Defense,5,BKNG,Consumer Discretionary,Booking Holdings Inc. Common Stock,Recession Defense,5,10.24396477610583,32.467590162595855,8.706142143101001,26.886920395747744,11.781395461250197,48.37102034026366,-14.750804082798291,42.395135361950494,30.240317614346225,39.36845184089097,2022,-14.750804082798291,2021,48.37102034026366,-33.81649834424802,71.41626164573886,3,4,"2001,2008,2009,2020",300000.0,0.0,0.0,2208363.860344761,2208363.860344761,1908363.860344761,5,84,1000,Mar-Nov 2001; Dec 2007-Jun 2009; Feb-Apr 2020,https://www.nber.org/research/data/us-business-cycle-expansions-and-contractions,418105.35552267294,544541.7429953207,775400.9520405115,661023.0767488629,980766.6836568919,1096314.685210699,1391079.941910192,1512189.3389770598,2003160.776038599,2208363.860344761
66,AXP + SONY + COP + APH,Rebalanced annually,AXP,Finance,American Express Company Common Stock,Profit Engine,5,SONY,Consumer Staples,Sony Group Corporation American Depositary Shares,Profit Engine,5,COP,Energy,ConocoPhillips Common Stock,Recession Defense,5,APH,Technology,Amphenol Corporation Common Stock,Recession Defense,5,15.799008725964097,35.31881257225868,3.5357659909793613,28.98586561424446,8.653293929147566,46.01640832266493,2.988684843295743,21.776372563448824,25.486908717079885,35.26429049865309,2022,2.988684843295743,2021,46.01640832266493,-43.99255846134071,3.12257327837583,2,4,"2001,2008,2009,2020",300000.0,0.0,0.0,2120291.0582254524,2120291.0582254524,1820291.0582254524,5,84,1000,Mar-Nov 2001; Dec 2007-Jun 2009; Feb-Apr 2020,https://www.nber.org/research/data/us-business-cycle-expansions-and-contractions,405792.8714959593,509216.9302345517,620105.9061185849,638638.9173471328,932517.609261036,1013211.0989314534,1306899.106456334,1353108.0005988302,1831009.679230568,2120291.0582254524
67,AXP + SONY + RTX + APH,Rebalanced annually,AXP,Finance,American Express Company Common Stock,Profit Engine,5,SONY,Consumer Staples,Sony Group Corporation American Depositary Shares,Profit Engine,5,RTX,Industrials,RTX Corporation Common Stock,Recession Defense,5,APH,Technology,Amphenol Corporation Common Stock,Recession Defense,5,17.551054893531923,37.11502523508019,-4.035787383860382,38.283884046942475,12.173752697831677,30.182671908100435,-9.930769991300957,17.671015683764587,38.71922656330005,51.20977569390986,2022,-9.930769991300957,2025,51.20977569390986,-38.34064449933399,6.930601755603219,3,4,"2001,2008,2009,2020",300000.0,0.0,0.0,2083150.3550244675,2083150.3550244675,1783150.3550244675,5,84,1000,Mar-Nov 2001; Dec 2007-Jun 2009; Feb-Apr 2020,https://www.nber.org/research/data/us-business-cycle-expansions-and-contractions,453629.3270817296,629271.0939920779,740469.687704815,666935.3461635453,868234.2535352419,973930.9443984871,1346789.5378492957,1292435.9755936223,1772123.91408245,2083150.3550244675
68,NOW + SONY + RY + COP,Rebalanced annually,NOW,Technology,ServiceNow Inc. Common Stock,Profit Engine,5,SONY,Consumer Staples,Sony Group Corporation American Depositary Shares,Profit Engine,5,RY,Finance,Royal Bank Of Canada Common Stock,Recession Defense,5,COP,Energy,ConocoPhillips Common Stock,Recession Defense,5,10.610633455866957,43.14133435972731,11.81409477395087,31.813517038369973,29.262695110400678,41.06932742747642,-3.939573941483978,30.273314344490625,18.544162580029518,9.10848046648633,2022,-3.939573941483978,2017,43.14133435972731,-39.566806445116455,-0.7133933329549924,2,4,"2001,2008,2009,2020",300000.0,0.0,0.0,2066256.1045586674,2066256.1045586674,1766256.1045586674,5,84,1000,Mar-Nov 2001; Dec 2007-Jun 2009; Feb-Apr 2020,https://www.nber.org/research/data/us-business-cycle-expansions-and-contractions,327325.441399459,388025.20341837395,505493.29298506747,485579.0109386785,685003.0448601859,885453.3973745833,1167147.264815172,1305035.1488320117,1868044.7259015949,2066256.1045586674
69,NOW + SONY + CM + COP,Rebalanced annually,NOW,Technology,ServiceNow Inc. Common Stock,Profit Engine,5,SONY,Consumer Staples,Sony Group Corporation American Depositary Shares,Profit Engine,5,CM,Finance,Canadian Imperial Bank of Commerce Common Stock,Recession Defense,5,COP,Energy,ConocoPhillips Common Stock,Recession Defense,5,10.10854604497297,43.38984597151099,10.096282584580464,31.18613883779702,29.470708041869273,42.733795285199136,-8.651505145684801,33.84850588708591,22.052541392765182,9.43154898130004,2022,-8.651505145684801,2017,43.38984597151099,-38.8709919339511,-1.7436697566702017,2,4,"2001,2008,2009,2020",300000.0,0.0,0.0,2064542.9379956573,2064542.9379956573,1764542.9379956573,5,84,1000,Mar-Nov 2001; Dec 2007-Jun 2009; Feb-Apr 2020,https://www.nber.org/research/data/us-business-cycle-expansions-and-contractions,328294.6469439001,400691.95985143597,536320.2014708292,489920.43164323334,699282.0259620167,905365.3902225511,1187713.8978067185,1307628.84922562,1875006.9927836582,2064542.9379956573
70,NOW + SAN + COP + TMO,Rebalanced annually,NOW,Technology,ServiceNow Inc. Common Stock,Profit Engine,5,SAN,Finance,Banco Santander S.A. Sponsored ADR (Spain),Profit Engine,5,COP,Energy,ConocoPhillips Common Stock,Recession Defense,5,TMO,Industrials,Thermo Fisher Scientific Inc Common Stock,Recession Defense,5,1.936425294713217,38.378151706887685,10.470363353891685,27.107231553614703,19.08050996853263,39.617558541051004,1.8999418477999797,31.693899327914096,12.803904503499895,35.827043535634466,2022,1.8999418477999797,2021,39.617558541051004,-40.3619847406948,-3.5584019603984816,3,4,"2001,2008,2009,2020",300000.0,0.0,0.0,2031257.2123135715,2031257.2123135715,1731257.2123135715,5,84,1000,Mar-Nov 2001; Dec 2007-Jun 2009; Feb-Apr 2020,https://www.nber.org/research/data/us-business-cycle-expansions-and-contractions,407481.1306069034,459654.62543959304,605337.0996825183,616838.1525596451,861214.3687535,1025538.462233947,1303533.5478630825,1440018.2467642229,1992670.6341142608,2031257.2123135715
71,NOW + SAN + NEE + COP,Rebalanced annually,NOW,Technology,ServiceNow Inc. Common Stock,Profit Engine,5,SAN,Finance,Banco Santander S.A. Sponsored ADR (Spain),Profit Engine,5,NEE,Utilities,NextEra Energy Inc. Common Stock,Recession Defense,5,COP,Energy,ConocoPhillips Common Stock,Recession Defense,5,6.5730098144744336,38.22063021060651,9.493751398725745,26.391202559196017,15.666707262441948,34.58081134195206,4.0852043363401656,26.209575998540647,18.600741062856194,36.75152731539678,2022,4.0852043363401656,2017,38.22063021060651,-31.627583079418248,-8.429554466051274,1,4,"2001,2008,2009,2020",300000.0,0.0,0.0,2028336.2200023227,2028336.2200023227,1728336.2200023227,5,84,1000,Mar-Nov 2001; Dec 2007-Jun 2009; Feb-Apr 2020,https://www.nber.org/research/data/us-business-cycle-expansions-and-contractions,410254.58194619033,486564.9744325043,614091.5911886714,639178.4875010113,860211.5944020787,994978.4267346368,1257565.1987544766,1376955.312401118,1903236.310519251,2028336.2200023227
72,NOW + VLO + WELL + RY,Rebalanced annually,NOW,Technology,ServiceNow Inc. Common Stock,Profit Engine,5,VLO,Energy,Valero Energy Corporation Common Stock,Profit Engine,5,WELL,Real Estate,Welltower Inc. Common Stock,Recession Defense,5,RY,Finance,Royal Bank Of Canada Common Stock,Recession Defense,5,5.437875809040765,34.880224298609974,5.81195240823709,33.01004348436922,12.626451747291526,32.3189843506728,1.3977121993302997,35.452503476309346,28.490534384328633,26.071558165026595,2022,1.3977121993302997,2023,35.452503476309346,-19.56312911358316,15.040742208008567,2,4,"2001,2008,2009,2020",300000.0,0.0,0.0,1990908.746108681,1990908.746108681,1690908.746108681,5,84,1000,Mar-Nov 2001; Dec 2007-Jun 2009; Feb-Apr 2020,https://www.nber.org/research/data/us-business-cycle-expansions-and-contractions,378214.6744950798,485970.0563786771,658258.6075101501,667459.1683704611,883175.1925432412,994688.8820737626,1323036.1145804976,1399930.3439037052,1888229.1878816197,1990908.746108681
73,META + VLO + RY + TMO,Rebalanced annually,META,Technology,Meta Platforms Inc. Class A Common Stock,Profit Engine,5,VLO,Energy,Valero Energy Corporation Common Stock,Profit Engine,5,RY,Finance,Royal Bank Of Canada Common Stock,Recession Defense,5,TMO,Industrials,Thermo Fisher Scientific Inc Common Stock,Recession Defense,5,10.574078459035517,38.07679222807235,-9.028675959952352,38.14071911943731,12.383261401799494,35.25938329122162,-3.638652011377968,52.20996598100203,21.291407285687047,26.76182493876115,2018,-9.028675959952352,2023,52.20996598100203,-40.13754112727116,11.842479589040623,2,4,"2001,2008,2009,2020",300000.0,0.0,0.0,1973126.8583342752,1973126.8583342752,1673126.8583342752,5,84,1000,Mar-Nov 2001; Dec 2007-Jun 2009; Feb-Apr 2020,https://www.nber.org/research/data/us-business-cycle-expansions-and-contractions,380285.4748162835,461253.60410772724,702073.9538985174,676527.9258536282,915067.5003025106,1028382.7008678827,1420615.258278785,1292352.5099711535,1784438.8900471474,1973126.8583342752
74,META + VLO + NEE + TMO,Rebalanced annually,META,Technology,Meta Platforms Inc. Class A Common Stock,Profit Engine,5,VLO,Energy,Valero Energy Corporation Common Stock,Profit Engine,5,NEE,Utilities,NextEra Energy Inc. Common Stock,Recession Defense,5,TMO,Industrials,Thermo Fisher Scientific Inc Common Stock,Recession Defense,5,7.225087215925263,40.696529545154206,-2.2320434585150215,43.76889900158534,17.79489337408411,32.579704883021066,-3.7742679704880873,42.83675122069319,20.708273867761452,19.330054635126025,2022,-3.7742679704880873,2019,43.76889900158534,-32.19831776157295,4.126318455944341,2,4,"2001,2008,2009,2020",300000.0,0.0,0.0,1966908.2896339467,1966908.2896339467,1666908.2896339467,5,84,1000,Mar-Nov 2001; Dec 2007-Jun 2009; Feb-Apr 2020,https://www.nber.org/research/data/us-business-cycle-expansions-and-contractions,357990.1639053781,432123.74746655184,617231.5221343351,593935.5504906628,787438.0000358673,927561.7525292702,1333545.3191711414,1303780.0081082487,1834373.224311836,1966908.2896339467
75,META + VLO + NEE + RY,Rebalanced annually,META,Technology,Meta Platforms Inc. Class A Common Stock,Profit Engine,5,VLO,Energy,Valero Energy Corporation Common Stock,Profit Engine,5,NEE,Utilities,NextEra Energy Inc. Common Stock,Recession Defense,5,RY,Finance,Royal Bank Of Canada Common Stock,Recession Defense,5,15.210662978796734,37.91927073179117,-10.005287915118291,37.42469012501862,8.969458695708814,30.22263609212267,-1.4533895228377829,46.725642651628576,27.088243845043344,27.686308718523463,2018,-10.005287915118291,2023,46.725642651628576,-31.40313946599461,6.97132708338783,2,4,"2001,2008,2009,2020",300000.0,0.0,0.0,1962950.459702294,1962950.459702294,1662950.459702294,5,84,1000,Mar-Nov 2001; Dec 2007-Jun 2009; Feb-Apr 2020,https://www.nber.org/research/data/us-business-cycle-expansions-and-contractions,383058.9261555704,486822.8621427958,714293.973054069,703912.4992874394,916653.4123540479,998872.2615579497,1372697.110190778,1235354.812113682,1703792.3478172794,1962950.459702294
76,META + VLO + CM + TMO,Rebalanced annually,META,Technology,Meta Platforms Inc. Class A Common Stock,Profit Engine,5,VLO,Energy,Valero Energy Corporation Common Stock,Profit Engine,5,CM,Finance,Canadian Imperial Bank of Commerce Common Stock,Recession Defense,5,TMO,Industrials,Thermo Fisher Scientific Inc Common Stock,Recession Defense,5,10.071991048141532,38.325303839856026,-10.746488149322754,37.51334091886435,12.591274333268087,36.92385114894433,-8.350583215578794,55.78515752359732,24.799786098422707,27.084893453574864,2018,-10.746488149322754,2023,55.78515752359732,-39.44172661610581,10.812203165325414,3,4,"2001,2008,2009,2020",300000.0,0.0,0.0,1957119.07819613,1957119.07819613,1657119.07819613,5,84,1000,Mar-Nov 2001; Dec 2007-Jun 2009; Feb-Apr 2020,https://www.nber.org/research/data/us-business-cycle-expansions-and-contractions,381254.6803607246,475805.0255804095,741233.6086056335,679336.2792971825,930173.3958656508,1047294.0799141706,1440169.0785354571,1285401.4791804336,1778035.5016383382,1957119.07819613
77,AAPL + SAN + BKNG + TMO,Rebalanced annually,AAPL,Technology,Apple Inc. Common Stock,Profit Engine,5,SAN,Finance,Banco Santander S.A. Sponsored ADR (Spain),Profit Engine,5,BKNG,Consumer Discretionary,Booking Holdings Inc. Common Stock,Recession Defense,5,TMO,Industrials,Thermo Fisher Scientific Inc Common Stock,Recession Defense,5,9.800259169544162,33.29123908097908,-4.142775114089361,37.85759810889306,27.036937819285594,24.077472527905208,-16.578745548316007,41.96457764164816,21.3351952573339,47.759738546333615,2022,-16.578745548316007,2025,47.759738546333615,-38.40558485170419,68.56765716059246,3,4,"2001,2008,2009,2020",300000.0,0.0,0.0,1941799.378400652,1941799.378400652,1641799.378400652,5,84,1000,Mar-Nov 2001; Dec 2007-Jun 2009; Feb-Apr 2020,https://www.nber.org/research/data/us-business-cycle-expansions-and-contractions,443279.2156390009,537853.7018307599,763561.7361340079,636972.7787960466,790339.7246208991,1004023.3845277646,1384122.5223615917,1326781.4389566898,1768483.419881816,1941799.378400652
78,AAPL + VRTX + WELL + RY,Rebalanced annually,AAPL,Technology,Apple Inc. Common Stock,Profit Engine,5,VRTX,Health Care,Vertex Pharmaceuticals Incorporated Common Stock,Profit Engine,5,WELL,Real Estate,Welltower Inc. Common Stock,Recession Defense,5,RY,Finance,Royal Bank Of Canada Common Stock,Recession Defense,5,1.5592080147059697,44.00548331997916,1.9032544583727415,41.07405830676797,20.36975419450762,24.664917926750178,-6.020068269528986,35.974228624076055,24.1351664312935,29.173281343814914,2022,-6.020068269528986,2017,44.00548331997916,-19.56312911358316,15.040742208008567,2,4,"2001,2008,2009,2020",300000.0,0.0,0.0,1939437.034018524,1939437.034018524,1639437.034018524,5,84,1000,Mar-Nov 2001; Dec 2007-Jun 2009; Feb-Apr 2020,https://www.nber.org/research/data/us-business-cycle-expansions-and-contractions,387519.84403144475,481048.4033427229,654101.8557537016,614724.4774850728,766345.7653324099,922448.51401064,1301335.5545052849,1326103.2814647963,1909661.4397954834,1939437.034018524
79,AAPL + SAN + NEE + BKNG,Rebalanced annually,AAPL,Technology,Apple Inc. Common Stock,Profit Engine,5,SAN,Finance,Banco Santander S.A. Sponsored ADR (Spain),Profit Engine,5,NEE,Utilities,NextEra Energy Inc. Common Stock,Recession Defense,5,BKNG,Consumer Discretionary,Booking Holdings Inc. Common Stock,Recession Defense,5,14.436843689305379,33.13371758469791,-5.1193870692553025,37.14156911447437,23.62313511319492,19.040725328806257,-14.393483059775823,36.48025431227471,27.1320318166902,48.68422232609593,2022,-14.393483059775823,2025,48.68422232609593,-29.671183190427637,63.696504654939666,3,4,"2001,2008,2009,2020",300000.0,0.0,0.0,1932918.8540714502,1932918.8540714502,1632918.8540714502,5,84,1000,Mar-Nov 2001; Dec 2007-Jun 2009; Feb-Apr 2020,https://www.nber.org/research/data/us-business-cycle-expansions-and-contractions,446052.6669782878,567075.818502032,773946.5192349866,662548.6580971741,788702.7282551487,975019.0393923171,1337156.4097874986,1268702.197449119,1689070.4005427668,1932918.8540714502
80,AAPL + VRTX + WELL + CM,Rebalanced annually,AAPL,Technology,Apple Inc. Common Stock,Profit Engine,5,VRTX,Health Care,Vertex Pharmaceuticals Incorporated Common Stock,Profit Engine,5,WELL,Real Estate,Welltower Inc. Common Stock,Recession Defense,5,CM,Finance,Canadian Imperial Bank of Commerce Common Stock,Recession Defense,5,1.057120603811983,44.25399493176285,0.18544226900233696,40.44668010619501,20.577767125976212,26.32938578447289,-10.731999473729811,39.54942016667135,27.643545244029163,29.496349858628623,2022,-10.731999473729811,2017,44.25399493176285,-18.867314602417807,14.010465784293359,2,4,"2001,2008,2009,2020",300000.0,0.0,0.0,1930118.4929916877,1930118.4929916877,1630118.4929916877,5,84,1000,Mar-Nov 2001; Dec 2007-Jun 2009; Feb-Apr 2020,https://www.nber.org/research/data/us-business-cycle-expansions-and-contractions,388489.0495758858,495881.1957634947,691999.3334035132,617733.9685844344,780379.5282947647,940964.210326053,1321552.9943904155,1324003.7122492816,1909928.2479644306,1930118.4929916877
81,AAPL + VRTX + BKNG + CM,Rebalanced annually,AAPL,Technology,Apple Inc. Common Stock,Profit Engine,5,VRTX,Health Care,Vertex Pharmaceuticals Incorporated Common Stock,Profit Engine,5,BKNG,Consumer Discretionary,Booking Holdings Inc. Common Stock,Recession Defense,5,CM,Finance,Canadian Imperial Bank of Commerce Common Stock,Recession Defense,5,3.958669739216063,48.83186085756266,-3.8623442952513933,39.49624550814414,26.987251362180505,19.01376223550639,-9.438463964608923,48.10614099132075,27.2032852776944,19.178894454516794,2022,-9.438463964608923,2017,48.83186085756266,-36.91459204496049,70.38238936432073,3,4,"2001,2008,2009,2020",300000.0,0.0,0.0,1912959.4348918633,1912959.4348918633,1612959.4348918633,5,84,1000,Mar-Nov 2001; Dec 2007-Jun 2009; Feb-Apr 2020,https://www.nber.org/research/data/us-business-cycle-expansions-and-contractions,357536.6833635504,454798.40731134394,673584.3703588203,610008.3522912652,725993.8900126566,921919.6859844445,1286043.3485487723,1236371.9266416389,1840115.3455412507,1912959.4348918633
82,META + VRTX + NEE + CM,Rebalanced annually,META,Technology,Meta Platforms Inc. Class A Common Stock,Profit Engine,5,VRTX,Health Care,Vertex Pharmaceuticals Incorporated Common Stock,Profit Engine,5,NEE,Utilities,NextEra Energy Inc. Common Stock,Recession Defense,5,CM,Finance,Canadian Imperial Bank of Commerce Common Stock,Recession Defense,5,4.180459026500666,54.02616452881166,-5.1462816777515705,37.26243326421997,20.085767364644145,20.05293630997309,-17.028112908964395,59.0601570789092,31.078562813755916,21.91076250661112,2022,-17.028112908964395,2023,59.0601570789092,-30.707324954829257,5.941050659672619,2,4,"2001,2008,2009,2020",300000.0,0.0,0.0,1905629.6153004458,1905629.6153004458,1605629.6153004458,5,84,1000,Mar-Nov 2001; Dec 2007-Jun 2009; Feb-Apr 2020,https://www.nber.org/research/data/us-business-cycle-expansions-and-contractions,365732.28751983336,479396.62622687116,762529.0267074525,632684.7230760802,759556.5876374561,912119.3568331449,1251997.2234631279,1187565.9197460865,1829162.2374362026,1905629.6153004458
83,PLD + VRTX + BKNG + APH,Rebalanced annually,PLD,Real Estate,Prologis Inc. Common Stock,Profit Engine,5,VRTX,Health Care,Vertex Pharmaceuticals Incorporated Common Stock,Profit Engine,5,BKNG,Consumer Discretionary,Booking Holdings Inc. Common Stock,Recession Defense,5,APH,Technology,Amphenol Corporation Common Stock,Recession Defense,5,7.693659957779164,44.92489144354723,-0.8444064905276434,35.53415374164134,13.305386949633208,26.977646322910484,-6.9455692693736175,42.49921141989678,15.864164130372846,35.582533438433174,2022,-6.9455692693736175,2017,44.92489144354723,-42.03615857235009,75.24863239936678,3,4,"2001,2008,2009,2020",300000.0,0.0,0.0,1885821.4364342887,1885821.4364342887,1585821.4364342887,5,84,1000,Mar-Nov 2001; Dec 2007-Jun 2009; Feb-Apr 2020,https://www.nber.org/research/data/us-business-cycle-expansions-and-contractions,406747.60031529947,471274.7072256715,671562.7414180093,624918.886025517,793507.2929025531,899086.5086967972,1218569.2909674726,1208279.6127829666,1751097.9171602272,1885821.4364342887
84,IBN + PLD + SYK + APH,Rebalanced annually,IBN,Finance,ICICI Bank Limited Common Stock,Profit Engine,5,PLD,Real Estate,Prologis Inc. Common Stock,Profit Engine,5,SYK,Health Care,Stryker Corporation Common Stock,Recession Defense,5,APH,Technology,Amphenol Corporation Common Stock,Recession Defense,5,21.397811945597635,33.15436527538661,-1.2205432449006235,43.27743233348018,13.368001584063022,37.76771068229132,-9.857598062196617,21.67244334995267,17.711727772668226,30.067795131308877,2022,-9.857598062196617,2019,43.27743233348018,-47.092523080181635,12.987919159848266,3,4,"2001,2008,2009,2020",300000.0,0.0,0.0,1800034.159441101,1800034.159441101,1500034.159441101,5,84,1000,Mar-Nov 2001; Dec 2007-Jun 2009; Feb-Apr 2020,https://www.nber.org/research/data/us-business-cycle-expansions-and-contractions,390203.38539392664,459315.14677463437,558859.9617571189,503769.79299655644,694032.1109202738,786810.334502002,1127321.6446089349,1113562.196427358,1482756.6745995025,1800034.159441101
85,IBN + WDC + LOW + SYK,Rebalanced annually,IBN,Finance,ICICI Bank Limited Common Stock,Profit Engine,5,WDC,Technology,Western Digital Corporation Common Stock,Profit Engine,5,LOW,Consumer Discretionary,Lowe's Companies Inc. Common Stock,Recession Defense,5,SYK,Health Care,Stryker Corporation Common Stock,Recession Defense,5,10.237615906048664,31.99716462651803,-10.623937773918303,47.928236987450404,10.539567261381453,31.217576594485028,-17.312924541289778,28.40842491397522,18.63441926536461,70.61497476726608,2022,-17.312924541289778,2025,70.61497476726608,-24.64654985772125,20.907097128359553,3,4,"2001,2008,2009,2020",300000.0,0.0,0.0,1799105.9728532142,1799105.9728532142,1499105.9728532142,5,84,1000,Mar-Nov 2001; Dec 2007-Jun 2009; Feb-Apr 2020,https://www.nber.org/research/data/us-business-cycle-expansions-and-contractions,511844.9243017982,607224.2534846833,779727.0995953261,644733.5352143999,846003.7204002864,935168.851545664,1383378.7949472882,1236409.4925945075,1632025.4733978682,1799105.9728532142
86,IBN + WDC + EQNR + SYK,Rebalanced annually,IBN,Finance,ICICI Bank Limited Common Stock,Profit Engine,5,WDC,Technology,Western Digital Corporation Common Stock,Profit Engine,5,EQNR,Energy,Equinor ASA,Recession Defense,5,SYK,Health Care,Stryker Corporation Common Stock,Recession Defense,5,21.043270663705425,29.08485752367462,-10.294201840537475,39.62169766626299,-1.9535108421893188,31.51949286990826,-1.238295517114838,24.705363084523526,11.387580158040539,72.21364736952536,2018,-10.294201840537475,2025,72.21364736952536,-44.59251094389243,0.016320638947715516,2,3,"2001,2008,2009,2020",300000.0,0.0,0.0,1788590.205253373,1788590.205253373,1488590.205253373,5,84,1000,Mar-Nov 2001; Dec 2007-Jun 2009; Feb-Apr 2020,https://www.nber.org/research/data/us-business-cycle-expansions-and-contractions,516640.94210857607,575473.843520446,717646.746018635,708760.1585339657,932157.7661678294,913947.9631394311,1276069.6619215051,1144708.4752974412,1477645.3043991302,1788590.205253373
87,IBN + SYK + WELL + APH,Rebalanced annually,IBN,Finance,ICICI Bank Limited Common Stock,Profit Engine,5,SYK,Health Care,Stryker Corporation Common Stock,Profit Engine,5,WELL,Real Estate,Welltower Inc. Common Stock,Recession Defense,5,APH,Technology,Amphenol Corporation Common Stock,Recession Defense,5,15.404137651141948,26.724285824654622,4.168942561921422,35.07024016314532,5.385923944520179,28.930970958834198,-7.320381451162634,26.72453294337738,33.00951601650286,36.26278027898961,2022,-7.320381451162634,2025,36.26278027898961,-23.988881129807407,18.87670881933939,3,4,"2001,2008,2009,2020",300000.0,0.0,0.0,1785439.6356909182,1785439.6356909182,1485439.6356909182,5,84,1000,Mar-Nov 2001; Dec 2007-Jun 2009; Feb-Apr 2020,https://www.nber.org/research/data/us-business-cycle-expansions-and-contractions,408788.34083696886,543727.3936791444,689036.0001250945,638595.9365801042,823347.9415363893,867692.8354663117,1171994.7967427527,1220854.5866476656,1547119.2558867936,1785439.6356909182
88,IBN + WDC + WELL + SYK,Rebalanced annually,IBN,Finance,ICICI Bank Limited Common Stock,Profit Engine,5,WDC,Technology,Western Digital Corporation Common Stock,Profit Engine,5,WELL,Real Estate,Welltower Inc. Common Stock,Recession Defense,5,SYK,Health Care,Stryker Corporation Common Stock,Recession Defense,5,12.303635101834029,23.729619553954073,-7.100753275800808,45.628877731326604,-2.8575685301131335,24.627473675704884,-17.235871652328683,35.347165016501464,26.14963568044992,83.16150576985349,2022,-17.235871652328683,2025,83.16150576985349,-22.887537345847733,9.505206540041897,3,4,"2001,2008,2009,2020",300000.0,0.0,0.0,1767187.851875777,1767187.851875777,1467187.851875777,5,84,1000,Mar-Nov 2001; Dec 2007-Jun 2009; Feb-Apr 2020,https://www.nber.org/research/data/us-business-cycle-expansions-and-contractions,549484.5173095606,693172.7167064894,938189.6207300985,776484.4618455895,967712.9682825507,940059.9070390848,1368998.6926231713,1271789.4731110611,1573580.276607553,1767187.851875777
89,WDC + CME + LOW + EQNR,Rebalanced annually,WDC,Technology,Western Digital Corporation Common Stock,Profit Engine,5,CME,Finance,CME Group Inc. Class A Common Stock,Profit Engine,5,LOW,Consumer Discretionary,Lowe's Companies Inc. Common Stock,Recession Defense,5,EQNR,Energy,Equinor ASA,Recession Defense,5,21.217365711890654,26.77617314879814,-4.001287783423407,29.51264656422284,1.399941650113099,43.77335064885095,-13.294609417339746,27.64159287286167,6.575257311622061,77.31193379244897,2022,-13.294609417339746,2025,77.31193379244897,-23.247881505391714,7.482720050167122,2,3,"2001,2008,2009,2020",300000.0,0.0,0.0,1747632.4072294366,1747632.4072294366,1447632.4072294366,5,84,1000,Mar-Nov 2001; Dec 2007-Jun 2009; Feb-Apr 2020,https://www.nber.org/research/data/us-business-cycle-expansions-and-contractions,531935.8013773469,566911.9490505462,723615.4419547032,627413.5952632686,902053.5483364216,914681.7716659063,1184628.5701250369,1137228.1718696805,1441734.356266418,1747632.4072294366
90,WDC + CME + LOW + XOM,Rebalanced annually,WDC,Technology,Western Digital Corporation Common Stock,Profit Engine,5,CME,Finance,CME Group Inc. Class A Common Stock,Profit Engine,5,LOW,Consumer Discretionary,Lowe's Companies Inc. Common Stock,Recession Defense,5,XOM,Energy,ExxonMobil Holdings Corporation Common Stock,Recession Defense,5,16.602413781461124,20.414236586705922,-8.408544490259029,31.568822462047084,-4.259885561440916,42.02942091052471,-2.1456120123811537,26.270671544260583,13.385693077597619,79.7895603415225,2018,-8.408544490259029,2025,79.7895603415225,-8.20474226530386,10.408824947338978,2,4,"2001,2008,2009,2020",300000.0,0.0,0.0,1738570.7304887264,1738570.7304887264,1438570.7304887264,5,84,1000,Mar-Nov 2001; Dec 2007-Jun 2009; Feb-Apr 2020,https://www.nber.org/research/data/us-business-cycle-expansions-and-contractions,539368.6810245675,611566.9172232026,772229.6533202701,755660.6011154611,1073260.3758132793,1027540.712027343,1351923.2151325094,1238246.150113952,1491024.648723992,1738570.7304887264
91,CME + PLD + XOM + MSFT,Rebalanced annually,CME,Finance,CME Group Inc. Class A Common Stock,Profit Engine,5,PLD,Real Estate,Prologis Inc. Common Stock,Profit Engine,5,XOM,Energy,ExxonMobil Holdings Corporation Common Stock,Recession Defense,5,MSFT,Technology,Microsoft Corporation Common Stock,Recession Defense,5,24.062120076901778,23.80224111838625,7.899694555527245,32.58070594498131,3.6798718967091277,52.963082806642596,1.2924996063853422,26.207515078798536,5.369225911100635,19.11753831130765,2022,1.2924996063853422,2021,52.963082806642596,-28.74658552868103,5.229122035359686,3,4,"2001,2008,2009,2020",300000.0,0.0,0.0,1677345.722074612,1677345.722074612,1377345.722074612,5,84,1000,Mar-Nov 2001; Dec 2007-Jun 2009; Feb-Apr 2020,https://www.nber.org/research/data/us-business-cycle-expansions-and-contractions,357352.61493392295,376539.6841289508,475221.378624706,481363.6130728893,736308.6220657303,763403.8361221734,1012126.1951418456,1092081.073074531,1352020.8432959907,1677345.722074612
92,CME + PLD + AZN + MSFT,Rebalanced annually,CME,Finance,CME Group Inc. Class A Common Stock,Profit Engine,5,PLD,Real Estate,Prologis Inc. Common Stock,Profit Engine,5,AZN,Health Care,AstraZeneca PLC Ordinary Shares,Recession Defense,5,MSFT,Technology,Microsoft Corporation Common Stock,Recession Defense,5,15.137762241003028,33.064392247621846,15.138692550086226,39.69232447074675,13.513038914441161,43.50101919172647,-15.77086328182213,28.13285101344826,2.4000111367782555,25.948777075925587,2022,-15.77086328182213,2021,43.50101919172647,-22.10524776165504,15.886053331927288,3,4,"2001,2008,2009,2020",300000.0,0.0,0.0,1676147.6231329867,1676147.6231329867,1376147.6231329867,5,84,1000,Mar-Nov 2001; Dec 2007-Jun 2009; Feb-Apr 2020,https://www.nber.org/research/data/us-business-cycle-expansions-and-contractions,377846.3312277768,386914.68525715155,495764.81720969826,417578.42568818136,599229.2967873063,680203.3848489071,950191.9194241376,1094038.5527415208,1455775.7511601825,1676147.6231329867
93,PLD + HSBC + AZN + MSFT,Rebalanced annually,PLD,Real Estate,Prologis Inc. Common Stock,Profit Engine,5,HSBC,Finance,HSBC Holdings plc. Common Stock,Profit Engine,1,AZN,Health Care,AstraZeneca PLC Ordinary Shares,Recession Defense,5,MSFT,Technology,Microsoft Corporation Common Stock,Recession Defense,5,9.085808906156956,33.98775366285925,3.0893692009269107,37.635591158315236,7.172327952993016,41.32439631698473,-8.100879967314334,30.16533497900871,7.168466245370079,37.96823698522793,2022,-8.100879967314334,2021,41.32439631698473,-22.10524776165504,15.886053331927288,3,4,"2001,2008,2009,2020",300000.0,0.0,0.0,1666678.6748589096,1666678.6748589096,1366678.6748589096,5,84,1000,Mar-Nov 2001; Dec 2007-Jun 2009; Feb-Apr 2020,https://www.nber.org/research/data/us-business-cycle-expansions-and-contractions,413904.7109556838,443575.3304485386,577381.3147625851,530608.3474999667,749879.0439118565,803662.8281919833,1106126.0845016714,1140298.4030796848,1527860.2153399258,1666678.6748589096
94,MSFT + CME + LOW + XOM,Rebalanced annually,MSFT,Technology,Microsoft Corporation Common Stock,Profit Engine,5,CME,Finance,CME Group Inc. Class A Common Stock,Profit Engine,5,LOW,Consumer Discretionary,Lowe's Companies Inc. Common Stock,Recession Defense,5,XOM,Energy,ExxonMobil Holdings Corporation Common Stock,Recession Defense,5,16.002426586660725,25.63970674021822,9.765995864231796,26.67287303077025,9.094930048660872,50.71644600196562,3.7526633284582296,24.32086456969701,13.151797739849957,12.76599245640098,2022,3.7526633284582296,2021,50.71644600196562,-8.20474226530386,10.408824947338978,2,4,"2001,2008,2009,2020",300000.0,0.0,0.0,1645185.142168448,1645185.142168448,1345185.142168448,5,84,1000,Mar-Nov 2001; Dec 2007-Jun 2009; Feb-Apr 2020,https://www.nber.org/research/data/us-business-cycle-expansions-and-contractions,338297.97736920294,382790.2431108039,475888.13972379646,493746.6194276934,744157.3570562702,811837.9481325014,1028378.4532534939,1128809.850466881,1418233.3857812851,1645185.142168448
95,MSFT + ING + LOW + AZN,Rebalanced annually,MSFT,Technology,Microsoft Corporation Common Stock,Profit Engine,5,ING,Finance,ING Group N.V. Common Stock,Profit Engine,1,LOW,Consumer Discretionary,Lowe's Companies Inc. Common Stock,Recession Defense,5,AZN,Health Care,AstraZeneca PLC Ordinary Shares,Recession Defense,5,1.42123643497861,35.954457852237816,-0.8572454151572511,36.5281422722473,15.099129894721758,47.740316787401625,-8.64175983546171,26.38493661726311,9.392163415121598,36.707145286834745,2022,-8.64175983546171,2021,47.740316787401625,-1.5634044982778705,21.065756243906577,3,4,"2001,2008,2009,2020",300000.0,0.0,0.0,1644062.4197791861,1644062.4197791861,1344062.4197791861,5,84,1000,Mar-Nov 2001; Dec 2007-Jun 2009; Feb-Apr 2020,https://www.nber.org/research/data/us-business-cycle-expansions-and-contractions,410121.4358605042,448640.71131696587,567014.2786371857,518014.2664445844,765315.9182491638,880871.9628505876,1202638.1266769876,1192328.5664751162,1621023.838368603,1644062.4197791861
96,GOOG + COF + AZN + EQNR,Rebalanced annually,GOOG,Technology,Alphabet Inc. Class C Capital Stock,Profit Engine,5,COF,Finance,Capital One Financial Corporation Common Stock,Profit Engine,4,AZN,Health Care,AstraZeneca PLC Ordinary Shares,Recession Defense,5,EQNR,Energy,Equinor ASA,Recession Defense,5,11.998276891744498,26.689911634654937,-1.8497110829070718,25.6022261838056,4.480269442418507,49.69229550454449,-2.823856429881296,25.952715137292316,14.315525197778271,38.108227196637536,2022,-2.823856429881296,2021,49.69229550454449,-21.509365584449046,4.1418716326070895,1,3,"2001,2008,2009,2020",300000.0,0.0,0.0,1585949.0861680268,1585949.0861680268,1285949.0861680268,5,84,1000,Mar-Nov 2001; Dec 2007-Jun 2009; Feb-Apr 2020,https://www.nber.org/research/data/us-business-cycle-expansions-and-contractions,414324.6815899126,473637.43578353117,596559.2102760068,579713.2346585788,867786.048304073,906665.2014518115,1138791.6770573608,1117727.3211956075,1416047.7555391109,1585949.0861680268
97,GOOG + AZN + BLK + EQNR,Rebalanced annually,GOOG,Technology,Alphabet Inc. Class C Capital Stock,Profit Engine,5,AZN,Health Care,AstraZeneca PLC Ordinary Shares,Profit Engine,5,BLK,Finance,BlackRock Inc. Common Stock,Recession Defense,1,EQNR,Energy,Equinor ASA,Recession Defense,5,9.717420326119864,32.164295849410934,-1.5583371857673447,23.914363567102598,16.94594522777433,44.71016739555961,0.7251078557950592,19.33853466841555,12.078168242456393,30.334780180982175,2018,-1.5583371857673447,2021,44.71016739555961,-40.11287164700242,14.66704325600908,2,3,"2001,2008,2009,2020",300000.0,0.0,0.0,1576868.8908130547,1576868.8908130547,1276868.8908130547,5,84,1000,Mar-Nov 2001; Dec 2007-Jun 2009; Feb-Apr 2020,https://www.nber.org/research/data/us-business-cycle-expansions-and-contractions,391004.3405429465,438230.5026290307,522977.8603075176,526770.0138566763,762289.7688416089,891466.9755464355,1104655.6291592636,1087441.3697154026,1437209.2290595514,1576868.8908130547
98,GOOG + COF + UNP + XOM,Rebalanced annually,GOOG,Technology,Alphabet Inc. Class C Capital Stock,Profit Engine,5,COF,Finance,Capital One Financial Corporation Common Stock,Profit Engine,4,UNP,Industrials,Union Pacific Corporation Common Stock,Recession Defense,2,XOM,Energy,ExxonMobil Holdings Corporation Common Stock,Recession Defense,5,20.331842625500364,20.092831928855535,-8.407110343589906,27.16352365738786,2.4487937933890933,48.84488909416506,-0.44720857812244574,29.62399353669587,20.004166727303073,30.725037635732622,2018,-8.407110343589906,2021,48.84488909416506,-17.91996201722934,-3.017342383682936,2,4,"2001,2008,2009,2020",300000.0,0.0,0.0,1558755.2852066224,1558755.2852066224,1258755.2852066224,5,84,1000,Mar-Nov 2001; Dec 2007-Jun 2009; Feb-Apr 2020,https://www.nber.org/research/data/us-business-cycle-expansions-and-contractions,392175.11290719785,470626.4763561428,610044.833293866,607316.660468983,903959.8097254448,926095.9214407332,1177656.206151391,1078649.349432109,1295380.5503151962,1558755.2852066224
99,GOOG + COF + UNP + EQNR,Rebalanced annually,GOOG,Technology,Alphabet Inc. Class C Capital Stock,Profit Engine,5,COF,Finance,Capital One Financial Corporation Common Stock,Profit Engine,4,UNP,Industrials,Union Pacific Corporation Common Stock,Recession Defense,2,EQNR,Energy,Equinor ASA,Recession Defense,5,24.94679455592989,26.454768490947753,-3.999853636754284,25.107347759563616,8.108621004943108,50.5888188324913,-11.596205983081038,30.994914865296955,13.193730961327514,28.247411086659092,2022,-11.596205983081038,2021,50.5888188324913,-32.96310125731719,5.441619251777333,2,3,"2001,2008,2009,2020",300000.0,0.0,0.0,1558065.3672930815,1558065.3672930815,1258065.3672930815,5,84,1000,Mar-Nov 2001; Dec 2007-Jun 2009; Feb-Apr 2020,https://www.nber.org/research/data/us-business-cycle-expansions-and-contractions,384742.23325997725,435504.08841090184,570488.2098487484,504333.2219254959,759469.4418774514,821051.9405676507,1027196.3065726164,986109.957747566,1246983.0641358672,1558065.3672930815
100,GOOG + COF + ABT + XOM,Rebalanced annually,GOOG,Technology,Alphabet Inc. Class C Capital Stock,Profit Engine,5,COF,Finance,Capital One Financial Corporation Common Stock,Profit Engine,4,ABT,Health Care,Abbott Laboratories Common Stock,Recession Defense,1,XOM,Energy,ExxonMobil Holdings Corporation Common Stock,Recession Defense,5,8.256976439951579,25.024619738707123,-2.4571685303878796,24.258591889717803,5.050218688305881,50.64862735368944,-1.634238911905463,24.78700057041678,22.482921074915126,32.977112404842934,2018,-2.4571685303878796,2021,50.64862735368944,-7.796511407704465,-2.7885013237431693,1,4,"2001,2008,2009,2020",300000.0,0.0,0.0,1557120.9642950618,1557120.9642950618,1257120.9642950618,5,84,1000,Mar-Nov 2001; Dec 2007-Jun 2009; Feb-Apr 2020,https://www.nber.org/research/data/us-business-cycle-expansions-and-contractions,398931.3372145288,488622.7549035748,609737.6799487101,599773.1095224387,903549.9567320944,949181.2055051584,1179439.2004425584,1150458.3915742254,1438356.2293177217,1557120.9642950618
