Rank,Combo,Strategy,Stock 1,Sector 1,Name 1,Stock 1 Top250 Uses,Stock 2,Sector 2,Name 2,Stock 2 Top250 Uses,Stock 3,Sector 3,Name 3,Stock 3 Top250 Uses,Stock 4,Sector 4,Name 4,Stock 4 Top250 Uses,2025,2024,2023,2022,2021,2020,2019,2018,2017,2016,2015,2014,2013,2012,2011,2010,2009,2008,2007,2006,Worst Year,Worst Year %,Best Year,Best Year %,Starting Value ($),Annual Withdrawal ($),Target Withdrawals,Withdrawals Fully Funded,Full 20Y Withdrawal Goal,Depleted Year,Total Withdrawn ($),Remaining Balance ($),Net Value incl. Withdrawals ($),Net Profit incl. Withdrawals ($),Max Ticker Repeats,Distinct Tickers in Top 250,Ranking Window Start,Ranking Window End,Ranking Source,Ranking Method,2006 Balance After Withdrawal ($),2007 Balance After Withdrawal ($),2008 Balance After Withdrawal ($),2009 Balance After Withdrawal ($),2010 Balance After Withdrawal ($),2011 Balance After Withdrawal ($),2012 Balance After Withdrawal ($),2013 Balance After Withdrawal ($),2014 Balance After Withdrawal ($),2015 Balance After Withdrawal ($),2016 Balance After Withdrawal ($),2017 Balance After Withdrawal ($),2018 Balance After Withdrawal ($),2019 Balance After Withdrawal ($),2020 Balance After Withdrawal ($),2021 Balance After Withdrawal ($),2022 Balance After Withdrawal ($),2023 Balance After Withdrawal ($),2024 Balance After Withdrawal ($),2025 Balance After Withdrawal ($)
1,SCCO + BKNG + MNST + NVO,Not rebalanced,SCCO,Basic Materials,Southern Copper Corporation Common Stock,10,BKNG,Consumer Discretionary,Booking Holdings Inc. Common Stock,10,MNST,Consumer Staples,Monster Beverage Corporation,10,NVO,Health Care,Novo Nordisk A/S Common Stock,10,0.0,0.0,0.0,0.0,0.0,0.0,0.0,0.0,0.0,0.0,0.0,0.0,0.0,32.44739675377482,10.37755159866769,71.58905867334384,105.7418642194782,-35.17851921852798,94.29154204404855,74.04705290017293,2008,-35.17851921852798,2009,105.7418642194782,300000.0,160000.0,20,6,No,2012,1105674.4771920973,0.0,1105674.4771920973,805674.4771920973,10,103,2006,2025,annual_performance_20y_160k_source.csv,"Rank by full $160K withdrawals funded, then total cash delivered, then ending balance; enforce max 10 Top-250 appearances per ticker.",362141.1587005188,543609.641615423,192375.81936597032,235797.5970710434,244602.87718856754,109986.66698063695,0.0,0.0,0.0,0.0,0.0,0.0,0.0,0.0,0.0,0.0,0.0,0.0,0.0,0.0
2,AEM + BKNG + MNST + NVO,Not rebalanced,AEM,Basic Materials,Agnico Eagle Mines Limited Common Stock,10,BKNG,Consumer Discretionary,Booking Holdings Inc. Common Stock,10,MNST,Consumer Staples,Monster Beverage Corporation,10,NVO,Health Care,Novo Nordisk A/S Common Stock,10,0.0,0.0,0.0,0.0,0.0,0.0,0.0,0.0,0.0,0.0,0.0,0.0,0.0,32.49195961408218,11.081391578047906,70.44695813606863,77.63072284063357,-24.088431423634425,72.76077106942711,81.58069491568362,2008,-24.088431423634425,2006,81.58069491568362,300000.0,160000.0,20,6,No,2012,1105344.9109770732,0.0,1105344.9109770732,805344.9109770732,10,103,2006,2025,annual_performance_20y_160k_source.csv,"Rank by full $160K withdrawals funded, then total cash delivered, then ending balance; enforce max 10 Top-250 appearances per ticker.",384742.0847470509,504683.392237594,223113.07939196925,236317.3756759516,242795.77838664525,109700.9293246388,0.0,0.0,0.0,0.0,0.0,0.0,0.0,0.0,0.0,0.0,0.0,0.0,0.0,0.0
3,AEM + BKNG + PBR + NVO,Not rebalanced,AEM,Basic Materials,Agnico Eagle Mines Limited Common Stock,10,BKNG,Consumer Discretionary,Booking Holdings Inc. Common Stock,10,PBR,Energy,Petroleo Brasileiro S.A. Petrobras ADS,10,NVO,Health Care,Novo Nordisk A/S Common Stock,10,0.0,0.0,0.0,0.0,0.0,0.0,0.0,0.0,0.0,0.0,0.0,0.0,0.0,32.25867813181218,1.243115538031625,58.942677328225955,92.7889233791702,-32.071060645965474,95.29167487897759,76.65403604176855,2008,-32.071060645965474,2007,95.29167487897759,300000.0,160000.0,20,6,No,2012,1104930.2340748443,0.0,1104930.2340748443,804930.2340748443,10,103,2006,2025,annual_performance_20y_160k_source.csv,"Rank by full $160K withdrawals funded, then total cash delivered, then ending balance; enforce max 10 Top-250 appearances per ticker.",369962.1081253056,562505.1973754833,222103.81438848417,268191.5525436292,266270.8339809801,109580.88809144404,0.0,0.0,0.0,0.0,0.0,0.0,0.0,0.0,0.0,0.0,0.0,0.0,0.0,0.0
4,SCCO + BKNG + PBR + NVO,Not rebalanced,SCCO,Basic Materials,Southern Copper Corporation Common Stock,10,BKNG,Consumer Discretionary,Booking Holdings Inc. Common Stock,10,PBR,Energy,Petroleo Brasileiro S.A. Petrobras ADS,10,NVO,Health Care,Novo Nordisk A/S Common Stock,10,0.0,0.0,0.0,0.0,0.0,0.0,0.0,0.0,0.0,0.0,0.0,0.0,0.0,32.22581996157097,1.2110628324214945,60.68724531733554,122.72660632119701,-41.69340488822863,118.4533226562428,69.12039402625783,2008,-41.69340488822863,2009,122.72660632119701,300000.0,160000.0,20,6,No,2012,1096209.0452912569,0.0,1096209.0452912569,796209.0452912569,10,103,2006,2025,annual_performance_20y_160k_source.csv,"Rank by full $160K withdrawals funded, then total cash delivered, then ending balance; enforce max 10 Top-250 appearances per ticker.",347361.18207877345,598822.0438690821,189152.74455877964,261293.48871917243,259865.30921640107,103012.44139067811,0.0,0.0,0.0,0.0,0.0,0.0,0.0,0.0,0.0,0.0,0.0,0.0,0.0,0.0
5,AEM + BKNG + NVO + EQIX,Not rebalanced,AEM,Basic Materials,Agnico Eagle Mines Limited Common Stock,10,BKNG,Consumer Discretionary,Booking Holdings Inc. Common Stock,10,NVO,Health Care,Novo Nordisk A/S Common Stock,10,EQIX,Real Estate,Equinix Inc. Common Stock REIT,10,0.0,0.0,0.0,0.0,0.0,0.0,0.0,0.0,0.0,0.0,0.0,0.0,0.0,41.18679839204338,5.915065063158598,60.33760002981117,92.53148824487265,-28.57010350876077,72.48778930609379,85.22624486297016,2008,-28.57010350876077,2009,92.53148824487265,300000.0,160000.0,20,6,No,2012,1095488.310229245,0.0,1095488.310229245,795488.3102292451,10,103,2006,2025,annual_performance_20y_160k_source.csv,"Rank by full $160K withdrawals funded, then total cash delivered, then ending balance; enforce max 10 Top-250 appearances per ticker.",395678.7345889105,522497.50204673805,213219.4248812956,250514.5319511167,241668.98825633497,95963.86614917428,0.0,0.0,0.0,0.0,0.0,0.0,0.0,0.0,0.0,0.0,0.0,0.0,0.0,0.0
6,SCCO + BKNG + NVO + EQIX,Not rebalanced,SCCO,Basic Materials,Southern Copper Corporation Common Stock,10,BKNG,Consumer Discretionary,Booking Holdings Inc. Common Stock,10,NVO,Health Care,Novo Nordisk A/S Common Stock,10,EQIX,Real Estate,Equinix Inc. Common Stock REIT,10,0.0,0.0,0.0,0.0,0.0,0.0,0.0,0.0,0.0,0.0,0.0,0.0,0.0,40.55991611489007,5.556414931441789,62.044987996734704,123.32353271479137,-39.15473089190339,93.56526033135025,77.69260284745943,2008,-39.15473089190339,2009,123.32353271479137,300000.0,160000.0,20,6,No,2012,1090460.2120778058,0.0,1090460.2120778058,790460.2120778058,10,103,2006,2025,annual_performance_20y_160k_source.csv,"Rank by full $160K withdrawals funded, then total cash delivered, then ending balance; enforce max 10 Top-250 appearances per ticker.",373077.80854237825,562149.031343551,182041.090909542,246540.59521173406,239506.67791793268,92814.6627315649,0.0,0.0,0.0,0.0,0.0,0.0,0.0,0.0,0.0,0.0,0.0,0.0,0.0,0.0
7,AEM + BKNG + MNST + PBR,Not rebalanced,AEM,Basic Materials,Agnico Eagle Mines Limited Common Stock,10,BKNG,Consumer Discretionary,Booking Holdings Inc. Common Stock,10,MNST,Consumer Staples,Monster Beverage Corporation,10,PBR,Energy,Petroleo Brasileiro S.A. Petrobras ADS,10,0.0,0.0,0.0,0.0,0.0,0.0,0.0,0.0,0.0,0.0,0.0,0.0,0.0,27.62074780584505,8.176429501192949,53.58774687269025,91.95792424264022,-32.939104803518745,88.16486379934257,81.62758194531314,2008,-32.939104803518745,2009,91.95792424264022,300000.0,160000.0,20,6,No,2012,1084458.6724570873,0.0,1084458.6724570873,784458.6724570873,10,103,2006,2025,annual_performance_20y_160k_source.csv,"Rank by full $160K withdrawals funded, then total cash delivered, then ending balance; enforce max 10 Top-250 appearances per ticker.",384882.7458359394,564214.0944893652,218367.02258928894,259172.80379285634,238057.66985222627,97522.2873998762,0.0,0.0,0.0,0.0,0.0,0.0,0.0,0.0,0.0,0.0,0.0,0.0,0.0,0.0
8,SCCO + BKNG + MNST + PBR,Not rebalanced,SCCO,Basic Materials,Southern Copper Corporation Common Stock,10,BKNG,Consumer Discretionary,Booking Holdings Inc. Common Stock,10,MNST,Consumer Staples,Monster Beverage Corporation,10,PBR,Energy,Petroleo Brasileiro S.A. Petrobras ADS,10,0.0,0.0,0.0,0.0,0.0,0.0,0.0,0.0,0.0,0.0,0.0,0.0,0.0,27.90304022954806,7.639560838425941,55.69677043672432,122.55573121477875,-42.58837824183892,110.35642403722417,74.09393992980242,2008,-42.58837824183892,2009,122.55573121477875,300000.0,160000.0,20,6,No,2012,1077842.1396466887,0.0,1077842.1396466887,777842.1396466887,10,103,2006,2025,annual_performance_20y_160k_source.csv,"Rank by full $160K withdrawals funded, then total cash delivered, then ending balance; enforce max 10 Top-250 appearances per ticker.",362281.81978940725,602083.0810459778,185665.66115999926,253209.56980938977,234239.12262994278,92133.9629106524,0.0,0.0,0.0,0.0,0.0,0.0,0.0,0.0,0.0,0.0,0.0,0.0,0.0,0.0
9,AEM + BKNG + HDB + NVO,Not rebalanced,AEM,Basic Materials,Agnico Eagle Mines Limited Common Stock,10,BKNG,Consumer Discretionary,Booking Holdings Inc. Common Stock,10,HDB,Finance,HDFC Bank Limited Common Stock,10,NVO,Health Care,Novo Nordisk A/S Common Stock,10,0.0,0.0,0.0,0.0,0.0,0.0,0.0,0.0,0.0,0.0,0.0,0.0,0.0,37.37695350487169,1.5831990977644317,68.1094617942164,90.11162817814231,-28.254810816122223,83.0431248302471,76.13487848152786,2008,-28.254810816122223,2009,90.11162817814231,300000.0,160000.0,20,6,No,2012,1073758.9505050108,0.0,1073758.9505050108,773758.9505050108,10,103,2006,2025,annual_performance_20y_160k_source.csv,"Rank by full $160K withdrawals funded, then total cash delivered, then ending balance; enforce max 10 Top-250 appearances per ticker.",368404.6354445836,514339.3567372459,209013.74453827715,237359.43285782175,239023.66509508865,82807.88560431759,0.0,0.0,0.0,0.0,0.0,0.0,0.0,0.0,0.0,0.0,0.0,0.0,0.0,0.0
10,AEM + BKNG + MNST + EQIX,Not rebalanced,AEM,Basic Materials,Agnico Eagle Mines Limited Common Stock,10,BKNG,Consumer Discretionary,Booking Holdings Inc. Common Stock,10,MNST,Consumer Staples,Monster Beverage Corporation,10,EQIX,Real Estate,Equinix Inc. Common Stock REIT,10,0.0,0.0,0.0,0.0,0.0,0.0,0.0,0.0,0.0,0.0,0.0,0.0,0.0,36.620568991983845,13.290046551745082,54.865843141736235,91.67167456340259,-29.472361791128122,66.27848020570137,90.19979076651477,2008,-29.472361791128122,2009,91.67167456340259,300000.0,160000.0,20,6,No,2012,1068967.4297134452,0.0,1068967.4297134452,768967.4297134452,10,103,2006,2025,annual_performance_20y_160k_source.csv,"Rank by full $160K withdrawals funded, then total cash delivered, then ending balance; enforce max 10 Top-250 appearances per ticker.",410599.3722995443,522738.3959938318,208675.04470538977,239970.95258274954,211633.03901253117,79759.16841616941,0.0,0.0,0.0,0.0,0.0,0.0,0.0,0.0,0.0,0.0,0.0,0.0,0.0,0.0
11,AEM + PBR + NVO + EQIX,Not rebalanced,AEM,Basic Materials,Agnico Eagle Mines Limited Common Stock,10,PBR,Energy,Petroleo Brasileiro S.A. Petrobras ADS,10,NVO,Health Care,Novo Nordisk A/S Common Stock,10,EQIX,Real Estate,Equinix Inc. Common Stock REIT,10,0.0,0.0,0.0,0.0,0.0,0.0,0.0,0.0,0.0,0.0,0.0,0.0,0.0,0.0,0.0,17.683117562086338,47.588434512954336,-33.719320296254,59.78630394166018,74.18895600174321,2008,-33.719320296254,2006,74.18895600174321,300000.0,160000.0,20,4,No,2010,656546.5250509923,0.0,656546.5250509923,356546.52505099226,10,103,2006,2025,annual_performance_20y_160k_source.csv,"Rank by full $160K withdrawals funded, then total cash delivered, then ending balance; enforce max 10 Top-250 appearances per ticker.",362566.8680052296,419332.1977025941,117936.2308539353,14060.236840906931,0.0,0.0,0.0,0.0,0.0,0.0,0.0,0.0,0.0,0.0,0.0,0.0,0.0,0.0,0.0,0.0
12,AEM + MNST + PBR + NVO,Not rebalanced,AEM,Basic Materials,Agnico Eagle Mines Limited Common Stock,10,MNST,Consumer Staples,Monster Beverage Corporation,10,PBR,Energy,Petroleo Brasileiro S.A. Petrobras ADS,10,NVO,Health Care,Novo Nordisk A/S Common Stock,10,0.0,0.0,0.0,0.0,0.0,0.0,0.0,0.0,0.0,0.0,0.0,0.0,0.0,0.0,0.0,31.663853116729456,31.629176621635935,-28.670201707674337,59.805444634696144,70.54340605445672,2008,-28.670201707674337,2006,70.54340605445672,300000.0,160000.0,20,4,No,2010,648904.8226257935,0.0,648904.8226257935,348904.8226257935,10,103,2006,2025,annual_performance_20y_160k_source.csv,"Rank by full $160K withdrawals funded, then total cash delivered, then ending balance; enforce max 10 Top-250 appearances per ticker.",351630.21816337015,401924.2336059258,126691.74511908268,6763.300947830168,0.0,0.0,0.0,0.0,0.0,0.0,0.0,0.0,0.0,0.0,0.0,0.0,0.0,0.0,0.0,0.0
13,AEM + PBR + HDB + NVO,Not rebalanced,AEM,Basic Materials,Agnico Eagle Mines Limited Common Stock,10,PBR,Energy,Petroleo Brasileiro S.A. Petrobras ADS,10,HDB,Finance,HDFC Bank Limited Common Stock,10,NVO,Health Care,Novo Nordisk A/S Common Stock,10,0.0,0.0,0.0,0.0,0.0,0.0,0.0,0.0,0.0,0.0,0.0,0.0,0.0,0.0,0.0,30.27545264108673,45.345985816255265,-33.304599624092454,70.34786869164904,65.09758962030092,2008,-33.304599624092454,2007,70.34786869164904,300000.0,160000.0,20,4,No,2010,647849.270692605,0.0,647849.270692605,347849.27069260494,10,103,2006,2025,annual_performance_20y_160k_source.csv,"Rank by full $160K withdrawals funded, then total cash delivered, then ending balance; enforce max 10 Top-250 appearances per ticker.",335292.76886090275,411164.08563176496,114227.53311404499,6025.134078198113,0.0,0.0,0.0,0.0,0.0,0.0,0.0,0.0,0.0,0.0,0.0,0.0,0.0,0.0,0.0,0.0
14,AEM + MNST + PBR + EQIX,Not rebalanced,AEM,Basic Materials,Agnico Eagle Mines Limited Common Stock,10,MNST,Consumer Staples,Monster Beverage Corporation,10,PBR,Energy,Petroleo Brasileiro S.A. Petrobras ADS,10,EQIX,Real Estate,Equinix Inc. Common Stock REIT,10,0.0,0.0,0.0,0.0,0.0,0.0,0.0,0.0,0.0,0.0,0.0,0.0,0.0,0.0,0.0,6.758147949109694,45.225237999589574,-34.81706509277394,53.54706381435401,79.16250190528784,2008,-34.81706509277394,2006,79.16250190528784,300000.0,160000.0,20,4,No,2010,645190.085929074,0.0,645190.085929074,345190.085929074,10,103,2006,2025,annual_performance_20y_160k_source.csv,"Rank by full $160K withdrawals funded, then total cash delivered, then ending balance; enforce max 10 Top-250 appearances per ticker.",377487.50571586355,419620.9812927501,113521.27109311655,4861.536125137791,0.0,0.0,0.0,0.0,0.0,0.0,0.0,0.0,0.0,0.0,0.0,0.0,0.0,0.0,0.0,0.0
15,SCCO + MNST + PBR + EQIX,Not rebalanced,SCCO,Basic Materials,Southern Copper Corporation Common Stock,10,MNST,Consumer Staples,Monster Beverage Corporation,10,PBR,Energy,Petroleo Brasileiro S.A. Petrobras ADS,10,EQIX,Real Estate,Equinix Inc. Common Stock REIT,10,0.0,0.0,0.0,0.0,0.0,0.0,0.0,0.0,0.0,0.0,0.0,0.0,0.0,0.0,0.0,0.0,79.8197363095118,-46.46025989273217,74.53781120301903,71.62885988977709,2008,-46.46025989273217,2009,79.8197363095118,300000.0,160000.0,20,3,No,2009,634586.7100657532,0.0,634586.7100657532,334586.7100657532,10,103,2006,2025,annual_performance_20y_160k_source.csv,"Rank by full $160K withdrawals funded, then total cash delivered, then ending balance; enforce max 10 Top-250 appearances per ticker.",354886.5796693313,459411.2684081092,85967.59912920426,0.0,0.0,0.0,0.0,0.0,0.0,0.0,0.0,0.0,0.0,0.0,0.0,0.0,0.0,0.0,0.0,0.0
16,SCCO + MCD + PBR + EQIX,Not rebalanced,SCCO,Basic Materials,Southern Copper Corporation Common Stock,10,MCD,Consumer Discretionary,McDonald's Corporation Common Stock,10,PBR,Energy,Petroleo Brasileiro S.A. Petrobras ADS,10,EQIX,Real Estate,Equinix Inc. Common Stock REIT,10,0.0,0.0,0.0,0.0,0.0,0.0,0.0,0.0,0.0,0.0,0.0,0.0,0.0,0.0,0.0,0.0,73.83073411048517,-42.02868611951413,77.94931402836625,62.561628158696855,2008,-42.02868611951413,2007,77.94931402836625,300000.0,160000.0,20,3,No,2009,628250.0947509918,0.0,628250.0947509918,328250.0947509918,10,103,2006,2025,annual_performance_20y_160k_source.csv,"Rank by full $160K withdrawals funded, then total cash delivered, then ending balance; enforce max 10 Top-250 appearances per ticker.",327684.8844760906,423113.00409984763,85284.16767587571,0.0,0.0,0.0,0.0,0.0,0.0,0.0,0.0,0.0,0.0,0.0,0.0,0.0,0.0,0.0,0.0,0.0
17,SCCO + MNST + HDB + EQIX,Not rebalanced,SCCO,Basic Materials,Southern Copper Corporation Common Stock,10,MNST,Consumer Staples,Monster Beverage Corporation,10,HDB,Finance,HDFC Bank Limited Common Stock,10,EQIX,Real Estate,Equinix Inc. Common Stock REIT,10,0.0,0.0,0.0,0.0,0.0,0.0,0.0,0.0,0.0,0.0,0.0,0.0,0.0,0.0,0.0,0.0,75.63327349301079,-43.19149232559708,61.86657532263633,71.10970232953646,2008,-43.19149232559708,2009,75.63327349301079,300000.0,160000.0,20,3,No,2009,609980.1875131777,0.0,609980.1875131777,309980.18751317775,10,103,2006,2025,annual_performance_20y_160k_source.csv,"Rank by full $160K withdrawals funded, then total cash delivered, then ending balance; enforce max 10 Top-250 appearances per ticker.",353329.10698860936,411921.72510051564,74006.58481625936,0.0,0.0,0.0,0.0,0.0,0.0,0.0,0.0,0.0,0.0,0.0,0.0,0.0,0.0,0.0,0.0,0.0
18,SCCO + MCD + MNST + EQIX,Not rebalanced,SCCO,Basic Materials,Southern Copper Corporation Common Stock,10,MCD,Consumer Discretionary,McDonald's Corporation Common Stock,10,MNST,Consumer Staples,Monster Beverage Corporation,10,EQIX,Real Estate,Equinix Inc. Common Stock REIT,10,0.0,0.0,0.0,0.0,0.0,0.0,0.0,0.0,0.0,0.0,0.0,0.0,0.0,0.0,0.0,0.0,53.199592532612684,-33.529904495160764,54.032792187902736,67.48828703261198,2008,-33.529904495160764,2006,67.48828703261198,300000.0,160000.0,20,3,No,2009,609121.2791032599,0.0,609121.2791032599,309121.2791032599,10,103,2006,2025,annual_performance_20y_160k_source.csv,"Rank by full $160K withdrawals funded, then total cash delivered, then ending balance; enforce max 10 Top-250 appearances per ticker.",342464.86109783594,367508.18781141937,84283.04342635436,0.0,0.0,0.0,0.0,0.0,0.0,0.0,0.0,0.0,0.0,0.0,0.0,0.0,0.0,0.0,0.0,0.0
19,SCCO + MCD + HDB + EQIX,Not rebalanced,SCCO,Basic Materials,Southern Copper Corporation Common Stock,10,MCD,Consumer Discretionary,McDonald's Corporation Common Stock,10,HDB,Finance,HDFC Bank Limited Common Stock,10,EQIX,Real Estate,Equinix Inc. Common Stock REIT,10,0.0,0.0,0.0,0.0,0.0,0.0,0.0,0.0,0.0,0.0,0.0,0.0,0.0,0.0,0.0,0.0,69.71970245854666,-38.25857718989003,64.57997767996876,62.0424705984562,2008,-38.25857718989003,2009,69.71970245854666,300000.0,160000.0,20,3,No,2009,603224.8144124213,0.0,603224.8144124213,303224.8144124213,10,103,2006,2025,annual_performance_20y_160k_source.csv,"Rank by full $160K withdrawals funded, then total cash delivered, then ending balance; enforce max 10 Top-250 appearances per ticker.",326127.4117953686,376740.42154107755,72604.89656026731,0.0,0.0,0.0,0.0,0.0,0.0,0.0,0.0,0.0,0.0,0.0,0.0,0.0,0.0,0.0,0.0,0.0
20,SCCO + MCD + HDB + GILD,Not rebalanced,SCCO,Basic Materials,Southern Copper Corporation Common Stock,10,MCD,Consumer Discretionary,McDonald's Corporation Common Stock,10,HDB,Finance,HDFC Bank Limited Common Stock,10,GILD,Health Care,Gilead Sciences Inc. Common Stock,10,0.0,0.0,0.0,0.0,0.0,0.0,0.0,0.0,0.0,0.0,0.0,0.0,0.0,0.0,0.0,0.0,41.41766206174759,-27.28229226965736,69.5515165473935,46.53909012249435,2008,-27.28229226965736,2007,69.5515165473935,300000.0,160000.0,20,3,No,2009,576733.8082152756,0.0,576733.8082152756,276733.80821527564,10,103,2006,2025,annual_performance_20y_160k_source.csv,"Rank by full $160K withdrawals funded, then total cash delivered, then ending balance; enforce max 10 Top-250 appearances per ticker.",279617.2703674831,314095.32243649324,68402.9185640465,0.0,0.0,0.0,0.0,0.0,0.0,0.0,0.0,0.0,0.0,0.0,0.0,0.0,0.0,0.0,0.0,0.0
21,MCD + HDB + GILD + NVDA,Not rebalanced,MCD,Consumer Discretionary,McDonald's Corporation Common Stock,10,HDB,Finance,HDFC Bank Limited Common Stock,10,GILD,Health Care,Gilead Sciences Inc. Common Stock,10,NVDA,Technology,NVIDIA Corporation Common Stock,10,0.0,0.0,0.0,0.0,0.0,0.0,0.0,0.0,0.0,0.0,0.0,0.0,0.0,0.0,0.0,0.0,30.512462396427242,-32.80057890799536,47.17430658754647,52.45154898863902,2008,-32.80057890799536,2006,52.45154898863902,300000.0,160000.0,20,3,No,2009,514671.302176578,0.0,514671.302176578,214671.30217657803,10,103,2006,2025,annual_performance_20y_160k_source.csv,"Rank by full $160K withdrawals funded, then total cash delivered, then ending balance; enforce max 10 Top-250 appearances per ticker.",297354.6469659171,277629.6397779352,26565.510710590315,0.0,0.0,0.0,0.0,0.0,0.0,0.0,0.0,0.0,0.0,0.0,0.0,0.0,0.0,0.0,0.0,0.0
22,MCD + HDB + GILD + DE,Not rebalanced,MCD,Consumer Discretionary,McDonald's Corporation Common Stock,10,HDB,Finance,HDFC Bank Limited Common Stock,10,GILD,Health Care,Gilead Sciences Inc. Common Stock,10,DE,Industrials,Deere & Company Common Stock,10,0.0,0.0,0.0,0.0,0.0,0.0,0.0,0.0,0.0,0.0,0.0,0.0,0.0,0.0,0.0,0.0,22.906892635039068,-27.25235515430797,63.922443239439744,37.40764887126946,2008,-27.25235515430797,2007,63.922443239439744,300000.0,160000.0,20,3,No,2009,509963.37040551164,0.0,509963.37040551164,209963.37040551164,10,103,2006,2025,annual_performance_20y_160k_source.csv,"Rank by full $160K withdrawals funded, then total cash delivered, then ending balance; enforce max 10 Top-250 appearances per ticker.",252222.9466138084,253450.01649986254,24378.917864667834,0.0,0.0,0.0,0.0,0.0,0.0,0.0,0.0,0.0,0.0,0.0,0.0,0.0,0.0,0.0,0.0,0.0
23,MCD + HDB + DE + T,Not rebalanced,MCD,Consumer Discretionary,McDonald's Corporation Common Stock,10,HDB,Finance,HDFC Bank Limited Common Stock,10,DE,Industrials,Deere & Company Common Stock,10,T,Telecommunications,AT&T Inc.,10,0.0,0.0,0.0,0.0,0.0,0.0,0.0,0.0,0.0,0.0,0.0,0.0,0.0,0.0,0.0,0.0,31.612279104722884,-34.52251253087347,57.44068785206047,45.4258712112765,2008,-34.52251253087347,2007,57.44068785206047,300000.0,160000.0,20,3,No,2009,506382.54649533104,0.0,506382.54649533104,206382.54649533104,10,103,2006,2025,annual_performance_20y_160k_source.csv,"Rank by full $160K withdrawals funded, then total cash delivered, then ending balance; enforce max 10 Top-250 appearances per ticker.",276277.6136338295,274973.37528635917,20045.657346560067,0.0,0.0,0.0,0.0,0.0,0.0,0.0,0.0,0.0,0.0,0.0,0.0,0.0,0.0,0.0,0.0,0.0
24,MCD + HDB + DE + NVDA,Not rebalanced,MCD,Consumer Discretionary,McDonald's Corporation Common Stock,10,HDB,Finance,HDFC Bank Limited Common Stock,10,DE,Industrials,Deere & Company Common Stock,10,NVDA,Technology,NVIDIA Corporation Common Stock,10,0.0,0.0,0.0,0.0,0.0,0.0,0.0,0.0,0.0,0.0,0.0,0.0,0.0,0.0,0.0,0.0,50.68222461688296,-47.55721370057559,59.8971826540444,57.1451105507766,2008,-47.55721370057559,2007,59.8971826540444,300000.0,160000.0,20,3,No,2009,505983.9439029018,0.0,505983.9439029018,205983.94390290178,10,103,2006,2025,annual_performance_20y_160k_source.csv,"Rank by full $160K withdrawals funded, then total cash delivered, then ending balance; enforce max 10 Top-250 appearances per ticker.",311435.3316523298,337976.3211013549,17244.19981783998,0.0,0.0,0.0,0.0,0.0,0.0,0.0,0.0,0.0,0.0,0.0,0.0,0.0,0.0,0.0,0.0,0.0
25,MCD + HDB + NVDA + T,Not rebalanced,MCD,Consumer Discretionary,McDonald's Corporation Common Stock,10,HDB,Finance,HDFC Bank Limited Common Stock,10,NVDA,Technology,NVIDIA Corporation Common Stock,10,T,Telecommunications,AT&T Inc.,10,0.0,0.0,0.0,0.0,0.0,0.0,0.0,0.0,0.0,0.0,0.0,0.0,0.0,0.0,0.0,0.0,40.825099764382735,-40.00811695876383,42.13706727425019,60.46977132864606,2008,-40.00811695876383,2006,60.46977132864606,300000.0,160000.0,20,3,No,2009,505462.54289067024,0.0,505462.54289067024,205462.54289067024,10,103,2006,2025,annual_performance_20y_160k_source.csv,"Rank by full $160K withdrawals funded, then total cash delivered, then ending balance; enforce max 10 Top-250 appearances per ticker.",321409.3139859382,296841.77284589905,18080.969183243695,0.0,0.0,0.0,0.0,0.0,0.0,0.0,0.0,0.0,0.0,0.0,0.0,0.0,0.0,0.0,0.0,0.0
26,MCD + GILD + DE + NVDA,Not rebalanced,MCD,Consumer Discretionary,McDonald's Corporation Common Stock,10,GILD,Health Care,Gilead Sciences Inc. Common Stock,10,DE,Industrials,Deere & Company Common Stock,10,NVDA,Technology,NVIDIA Corporation Common Stock,10,0.0,0.0,0.0,0.0,0.0,0.0,0.0,0.0,0.0,0.0,0.0,0.0,0.0,0.0,0.0,0.0,20.422985117830407,-37.12513419356802,52.674009255010176,50.73309645625705,2008,-37.12513419356802,2007,52.674009255010176,300000.0,160000.0,20,3,No,2009,503955.4659539551,0.0,503955.4659539551,203955.46595395508,10,103,2006,2025,annual_performance_20y_160k_source.csv,"Rank by full $160K withdrawals funded, then total cash delivered, then ending balance; enforce max 10 Top-250 appearances per ticker.",292199.2893687712,286112.3700939517,19892.76875217416,0.0,0.0,0.0,0.0,0.0,0.0,0.0,0.0,0.0,0.0,0.0,0.0,0.0,0.0,0.0,0.0,0.0
27,GILD + DE + NVDA + T,Not rebalanced,GILD,Health Care,Gilead Sciences Inc. Common Stock,10,DE,Industrials,Deere & Company Common Stock,10,NVDA,Technology,NVIDIA Corporation Common Stock,10,T,Telecommunications,AT&T Inc.,10,0.0,0.0,0.0,0.0,0.0,0.0,0.0,0.0,0.0,0.0,0.0,0.0,0.0,0.0,0.0,0.0,23.119898470085552,-44.09268743082965,48.556614540165775,55.960719998669006,2008,-44.09268743082965,2006,55.960719998669006,300000.0,160000.0,20,3,No,2009,487703.3441454428,0.0,487703.3441454428,187703.34414544282,10,103,2006,2025,annual_performance_20y_160k_source.csv,"Rank by full $160K withdrawals funded, then total cash delivered, then ending balance; enforce max 10 Top-250 appearances per ticker.",307882.159996007,297379.31366320455,6256.78240574128,0.0,0.0,0.0,0.0,0.0,0.0,0.0,0.0,0.0,0.0,0.0,0.0,0.0,0.0,0.0,0.0,0.0
28,XOM + GILD + DE + NVDA,Not rebalanced,XOM,Energy,ExxonMobil Holdings Corporation Common Stock,10,GILD,Health Care,Gilead Sciences Inc. Common Stock,10,DE,Industrials,Deere & Company Common Stock,10,NVDA,Technology,NVIDIA Corporation Common Stock,10,0.0,0.0,0.0,0.0,0.0,0.0,0.0,0.0,0.0,0.0,0.0,0.0,0.0,0.0,0.0,0.0,17.254639697258845,-41.790681127079374,49.78576729039075,51.834562465900234,2008,-41.790681127079374,2006,51.834562465900234,300000.0,160000.0,20,3,No,2009,485291.2471440508,0.0,485291.2471440508,185291.24714405078,10,103,2006,2025,annual_performance_20y_160k_source.csv,"Rank by full $160K withdrawals funded, then total cash delivered, then ending balance; enforce max 10 Top-250 appearances per ticker.",295503.68739770073,282622.4655400438,4512.612172714289,0.0,0.0,0.0,0.0,0.0,0.0,0.0,0.0,0.0,0.0,0.0,0.0,0.0,0.0,0.0,0.0,0.0
29,GILD + DE + ORCL + T,Not rebalanced,GILD,Health Care,Gilead Sciences Inc. Common Stock,10,DE,Industrials,Deere & Company Common Stock,10,ORCL,Technology,Oracle Corporation Common Stock,10,T,Telecommunications,AT&T Inc.,10,0.0,0.0,0.0,0.0,0.0,0.0,0.0,0.0,0.0,0.0,0.0,0.0,0.0,0.0,0.0,0.0,15.059307476462823,-28.277256604974475,48.201290871200264,40.43957453315434,2008,-28.277256604974475,2007,48.201290871200264,300000.0,160000.0,20,3,No,2009,483463.0747139726,0.0,483463.0747139726,183463.07471397257,10,103,2006,2025,annual_performance_20y_160k_source.csv,"Rank by full $160K withdrawals funded, then total cash delivered, then ending balance; enforce max 10 Top-250 appearances per ticker.",261318.72359946306,227277.72166254808,3009.817102089699,0.0,0.0,0.0,0.0,0.0,0.0,0.0,0.0,0.0,0.0,0.0,0.0,0.0,0.0,0.0,0.0,0.0
30,XOM + GILD + NVDA + T,Not rebalanced,XOM,Energy,ExxonMobil Holdings Corporation Common Stock,10,GILD,Health Care,Gilead Sciences Inc. Common Stock,10,NVDA,Technology,NVIDIA Corporation Common Stock,10,T,Telecommunications,AT&T Inc.,10,0.0,0.0,0.0,0.0,0.0,0.0,0.0,0.0,0.0,0.0,0.0,0.0,0.0,0.0,0.0,0.0,8.672007150051652,-32.705718574144896,31.63444783403515,55.159223243769695,2008,-32.705718574144896,2006,55.159223243769695,300000.0,160000.0,20,3,No,2009,483182.75468966336,0.0,483182.75468966336,183182.75468966336,10,103,2006,2025,annual_performance_20y_160k_source.csv,"Rank by full $160K withdrawals funded, then total cash delivered, then ending balance; enforce max 10 Top-250 appearances per ticker.",305477.6697313091,242113.84380708617,2928.7714224958327,0.0,0.0,0.0,0.0,0.0,0.0,0.0,0.0,0.0,0.0,0.0,0.0,0.0,0.0,0.0,0.0,0.0
31,BLK + GILD + DE + NVDA,Not rebalanced,BLK,Finance,BlackRock Inc. Common Stock,10,GILD,Health Care,Gilead Sciences Inc. Common Stock,10,DE,Industrials,Deere & Company Common Stock,10,NVDA,Technology,NVIDIA Corporation Common Stock,10,0.0,0.0,0.0,0.0,0.0,0.0,0.0,0.0,0.0,0.0,0.0,0.0,0.0,0.0,0.0,0.0,41.17775688863601,-46.01274669165395,54.51105221740862,52.50055171660748,2008,-46.01274669165395,2007,54.51105221740862,300000.0,160000.0,20,3,No,2009,482520.2883636373,0.0,482520.2883636373,182520.2883636373,10,103,2006,2025,annual_performance_20y_160k_source.csv,"Rank by full $160K withdrawals funded, then total cash delivered, then ending balance; enforce max 10 Top-250 appearances per ticker.",297501.6551498225,299672.93773619714,1785.1879922028747,0.0,0.0,0.0,0.0,0.0,0.0,0.0,0.0,0.0,0.0,0.0,0.0,0.0,0.0,0.0,0.0,0.0
32,XOM + GILD + DE + T,Not rebalanced,XOM,Energy,ExxonMobil Holdings Corporation Common Stock,10,GILD,Health Care,Gilead Sciences Inc. Common Stock,10,DE,Industrials,Deere & Company Common Stock,10,T,Telecommunications,AT&T Inc.,10,0.0,0.0,0.0,0.0,0.0,0.0,0.0,0.0,0.0,0.0,0.0,0.0,0.0,0.0,0.0,0.0,2.2911500396394446,-26.613490497886406,46.39044989899399,40.115323126400135,2008,-26.613490497886406,2007,46.39044989899399,300000.0,160000.0,20,3,No,2009,482325.538475431,0.0,482325.538475431,182325.53847543098,10,103,2006,2025,annual_performance_20y_160k_source.csv,"Rank by full $160K withdrawals funded, then total cash delivered, then ending balance; enforce max 10 Top-250 appearances per ticker.",260345.96937920043,221121.63586810866,2273.450317578594,0.0,0.0,0.0,0.0,0.0,0.0,0.0,0.0,0.0,0.0,0.0,0.0,0.0,0.0,0.0,0.0,0.0
33,XOM + DE + ORCL + T,Not rebalanced,XOM,Energy,ExxonMobil Holdings Corporation Common Stock,10,DE,Industrials,Deere & Company Common Stock,10,ORCL,Technology,Oracle Corporation Common Stock,10,T,Telecommunications,AT&T Inc.,10,0.0,0.0,0.0,0.0,0.0,0.0,0.0,0.0,0.0,0.0,0.0,0.0,0.0,0.0,0.0,0.0,0.0,-33.43073245652385,43.8266611410663,44.33163934039261,2008,-33.43073245652385,2006,44.33163934039261,300000.0,160000.0,20,2,No,2008,474866.3949735987,0.0,474866.3949735987,174866.3949735987,10,103,2006,2025,annual_performance_20y_160k_source.csv,"Rank by full $160K withdrawals funded, then total cash delivered, then ending balance; enforce max 10 Top-250 appearances per ticker.",272994.9180211778,232639.47567465127,0.0,0.0,0.0,0.0,0.0,0.0,0.0,0.0,0.0,0.0,0.0,0.0,0.0,0.0,0.0,0.0,0.0,0.0
34,XOM + BLK + NVDA + T,Not rebalanced,XOM,Energy,ExxonMobil Holdings Corporation Common Stock,10,BLK,Finance,BlackRock Inc. Common Stock,10,NVDA,Technology,NVIDIA Corporation Common Stock,10,T,Telecommunications,AT&T Inc.,10,0.0,0.0,0.0,0.0,0.0,0.0,0.0,0.0,0.0,0.0,0.0,0.0,0.0,0.0,0.0,0.0,0.0,-42.812289639055365,32.67239996499869,59.717277301715235,2008,-42.812289639055365,2006,59.717277301715235,300000.0,160000.0,20,2,No,2008,470647.52374159405,0.0,470647.52374159405,170647.52374159405,10,103,2006,2025,annual_performance_20y_160k_source.csv,"Rank by full $160K withdrawals funded, then total cash delivered, then ending balance; enforce max 10 Top-250 appearances per ticker.",319151.8319051457,263426.39492081525,0.0,0.0,0.0,0.0,0.0,0.0,0.0,0.0,0.0,0.0,0.0,0.0,0.0,0.0,0.0,0.0,0.0,0.0
35,XOM + LMT + NVDA + T,Not rebalanced,XOM,Energy,ExxonMobil Holdings Corporation Common Stock,10,LMT,Industrials,Lockheed Martin Corporation Common Stock,10,NVDA,Technology,NVIDIA Corporation Common Stock,10,T,Telecommunications,AT&T Inc.,10,0.0,0.0,0.0,0.0,0.0,0.0,0.0,0.0,0.0,0.0,0.0,0.0,0.0,0.0,0.0,0.0,0.0,-39.186615579082996,26.126679208889847,61.02832086798649,2008,-39.186615579082996,2006,61.02832086798649,300000.0,160000.0,20,2,No,2008,470510.89723938424,0.0,470510.89723938424,170510.89723938424,10,103,2006,2025,annual_performance_20y_160k_source.csv,"Rank by full $160K withdrawals funded, then total cash delivered, then ending balance; enforce max 10 Top-250 appearances per ticker.",323084.9626039595,247496.3343556577,0.0,0.0,0.0,0.0,0.0,0.0,0.0,0.0,0.0,0.0,0.0,0.0,0.0,0.0,0.0,0.0,0.0,0.0
36,XOM + BLK + ORCL + T,Not rebalanced,XOM,Energy,ExxonMobil Holdings Corporation Common Stock,10,BLK,Finance,BlackRock Inc. Common Stock,10,ORCL,Technology,Oracle Corporation Common Stock,10,T,Telecommunications,AT&T Inc.,10,0.0,0.0,0.0,0.0,0.0,0.0,0.0,0.0,0.0,0.0,0.0,0.0,0.0,0.0,0.0,0.0,0.0,-25.174996020391273,30.616570130017905,44.19613183620057,2008,-25.174996020391273,2006,44.19613183620057,300000.0,160000.0,20,2,No,2008,466691.1375688106,0.0,466691.1375688106,166691.1375688106,10,103,2006,2025,annual_performance_20y_160k_source.csv,"Rank by full $160K withdrawals funded, then total cash delivered, then ending balance; enforce max 10 Top-250 appearances per ticker.",272588.39550860174,196045.6127857833,0.0,0.0,0.0,0.0,0.0,0.0,0.0,0.0,0.0,0.0,0.0,0.0,0.0,0.0,0.0,0.0,0.0,0.0
37,XOM + BLK + LMT + AAPL,Not rebalanced,XOM,Energy,ExxonMobil Holdings Corporation Common Stock,10,BLK,Finance,BlackRock Inc. Common Stock,10,LMT,Industrials,Lockheed Martin Corporation Common Stock,10,AAPL,Technology,Apple Inc. Common Stock,10,0.0,0.0,0.0,0.0,0.0,0.0,0.0,0.0,0.0,0.0,0.0,0.0,0.0,0.0,0.0,0.0,0.0,-34.840226045095626,51.06209778891553,36.45623219759637,2008,-34.840226045095626,2007,51.06209778891553,300000.0,160000.0,20,2,No,2008,461202.2624878427,0.0,461202.2624878427,161202.2624878427,10,103,2006,2025,annual_performance_20y_160k_source.csv,"Rank by full $160K withdrawals funded, then total cash delivered, then ending balance; enforce max 10 Top-250 appearances per ticker.",249368.69659278914,216701.5843019432,0.0,0.0,0.0,0.0,0.0,0.0,0.0,0.0,0.0,0.0,0.0,0.0,0.0,0.0,0.0,0.0,0.0,0.0
38,XOM + BLK + LMT + ORCL,Not rebalanced,XOM,Energy,ExxonMobil Holdings Corporation Common Stock,10,BLK,Finance,BlackRock Inc. Common Stock,10,LMT,Industrials,Lockheed Martin Corporation Common Stock,10,ORCL,Technology,Oracle Corporation Common Stock,10,0.0,0.0,0.0,0.0,0.0,0.0,0.0,0.0,0.0,0.0,0.0,0.0,0.0,0.0,0.0,0.0,0.0,-23.18769669408428,29.17076929537281,42.04700712041034,2008,-23.18769669408428,2006,42.04700712041034,300000.0,160000.0,20,2,No,2008,461162.8893850716,0.0,461162.8893850716,161162.88938507158,10,103,2006,2025,annual_performance_20y_160k_source.csv,"Rank by full $160K withdrawals funded, then total cash delivered, then ending balance; enforce max 10 Top-250 appearances per ticker.",266141.021361231,183776.40470286465,0.0,0.0,0.0,0.0,0.0,0.0,0.0,0.0,0.0,0.0,0.0,0.0,0.0,0.0,0.0,0.0,0.0,0.0
39,BHP + BLK + LMT + ORCL,Not rebalanced,BHP,Energy,BHP Group Limited American Depositary Shares (Each representing two Ordinary Shares),10,BLK,Finance,BlackRock Inc. Common Stock,10,LMT,Industrials,Lockheed Martin Corporation Common Stock,10,ORCL,Technology,Oracle Corporation Common Stock,10,0.0,0.0,0.0,0.0,0.0,0.0,0.0,0.0,0.0,0.0,0.0,0.0,0.0,0.0,0.0,0.0,0.0,-29.413119253087537,41.442560958398936,37.560330648347275,2008,-29.413119253087537,2007,41.442560958398936,300000.0,160000.0,20,2,No,2008,459337.4198355264,0.0,459337.4198355264,159337.41983552638,10,103,2006,2025,annual_performance_20y_160k_source.csv,"Rank by full $160K withdrawals funded, then total cash delivered, then ending balance; enforce max 10 Top-250 appearances per ticker.",252680.9919450418,197398.46606215287,0.0,0.0,0.0,0.0,0.0,0.0,0.0,0.0,0.0,0.0,0.0,0.0,0.0,0.0,0.0,0.0,0.0,0.0
40,XOM + BLK + TMO + ORCL,Not rebalanced,XOM,Energy,ExxonMobil Holdings Corporation Common Stock,10,BLK,Finance,BlackRock Inc. Common Stock,10,TMO,Industrials,Thermo Fisher Scientific Inc Common Stock,10,ORCL,Technology,Oracle Corporation Common Stock,10,0.0,0.0,0.0,0.0,0.0,0.0,0.0,0.0,0.0,0.0,0.0,0.0,0.0,0.0,0.0,0.0,0.0,-28.732857548947067,32.0875115992354,42.878865583628034,2008,-28.732857548947067,2006,42.878865583628034,300000.0,160000.0,20,2,No,2008,458853.6191362194,0.0,458853.6191362194,158853.61913621938,10,103,2006,2025,annual_performance_20y_160k_source.csv,"Rank by full $160K withdrawals funded, then total cash delivered, then ending balance; enforce max 10 Top-250 appearances per ticker.",268636.5967508841,194835.39589311526,0.0,0.0,0.0,0.0,0.0,0.0,0.0,0.0,0.0,0.0,0.0,0.0,0.0,0.0,0.0,0.0,0.0,0.0
41,CVX + BLK + LMT + ORCL,Not rebalanced,CVX,Energy,Chevron Corporation Common Stock,10,BLK,Finance,BlackRock Inc. Common Stock,10,LMT,Industrials,Lockheed Martin Corporation Common Stock,10,ORCL,Technology,Oracle Corporation Common Stock,10,0.0,0.0,0.0,0.0,0.0,0.0,0.0,0.0,0.0,0.0,0.0,0.0,0.0,0.0,0.0,0.0,0.0,-24.403555436634107,30.705051279021788,40.7027034081372,2008,-24.403555436634107,2006,40.7027034081372,300000.0,160000.0,20,2,No,2008,458030.44432588445,0.0,458030.44432588445,158030.44432588445,10,103,2006,2025,annual_performance_20y_160k_source.csv,"Rank by full $160K withdrawals funded, then total cash delivered, then ending balance; enforce max 10 Top-250 appearances per ticker.",262108.1102244116,182588.5398752921,0.0,0.0,0.0,0.0,0.0,0.0,0.0,0.0,0.0,0.0,0.0,0.0,0.0,0.0,0.0,0.0,0.0,0.0
42,CVX + BLK + LMT + AAPL,Not rebalanced,CVX,Energy,Chevron Corporation Common Stock,10,BLK,Finance,BlackRock Inc. Common Stock,10,LMT,Industrials,Lockheed Martin Corporation Common Stock,10,AAPL,Technology,Apple Inc. Common Stock,10,0.0,0.0,0.0,0.0,0.0,0.0,0.0,0.0,0.0,0.0,0.0,0.0,0.0,0.0,0.0,0.0,0.0,-35.89893160961556,52.877675582825255,35.111928485323254,2008,-35.89893160961556,2007,52.877675582825255,300000.0,160000.0,20,2,No,2008,457858.09491938434,0.0,457858.09491938434,157858.09491938434,10,103,2006,2025,annual_performance_20y_160k_source.csv,"Rank by full $160K withdrawals funded, then total cash delivered, then ending balance; enforce max 10 Top-250 appearances per ticker.",245335.78545596974,215063.64617795352,0.0,0.0,0.0,0.0,0.0,0.0,0.0,0.0,0.0,0.0,0.0,0.0,0.0,0.0,0.0,0.0,0.0,0.0
43,BLK + LMT + WELL + AAPL,Not rebalanced,BLK,Finance,BlackRock Inc. Common Stock,10,LMT,Industrials,Lockheed Martin Corporation Common Stock,10,WELL,Real Estate,Welltower Inc. Common Stock,10,AAPL,Technology,Apple Inc. Common Stock,10,0.0,0.0,0.0,0.0,0.0,0.0,0.0,0.0,0.0,0.0,0.0,0.0,0.0,0.0,0.0,0.0,0.0,-32.95772896320651,47.4835845756522,35.930106711192636,2008,-32.95772896320651,2007,47.4835845756522,300000.0,160000.0,20,2,No,2008,457738.3769288957,0.0,457738.3769288957,157738.3769288957,10,103,2006,2025,annual_performance_20y_160k_source.csv,"Rank by full $160K withdrawals funded, then total cash delivered, then ending balance; enforce max 10 Top-250 appearances per ticker.",247790.32013357792,205450.0463644847,0.0,0.0,0.0,0.0,0.0,0.0,0.0,0.0,0.0,0.0,0.0,0.0,0.0,0.0,0.0,0.0,0.0,0.0
44,BHP + LMT + WELL + AAPL,Not rebalanced,BHP,Energy,BHP Group Limited American Depositary Shares (Each representing two Ordinary Shares),10,LMT,Industrials,Lockheed Martin Corporation Common Stock,10,WELL,Real Estate,Welltower Inc. Common Stock,10,AAPL,Technology,Apple Inc. Common Stock,10,0.0,0.0,0.0,0.0,0.0,0.0,0.0,0.0,0.0,0.0,0.0,0.0,0.0,0.0,0.0,0.0,0.0,-33.133074557533014,55.49822074697772,30.7774409884223,2008,-33.133074557533014,2007,55.49822074697772,300000.0,160000.0,20,2,No,2008,454584.8183891252,0.0,454584.8183891252,154584.81838912523,10,103,2006,2025,annual_performance_20y_160k_source.csv,"Rank by full $160K withdrawals funded, then total cash delivered, then ending balance; enforce max 10 Top-250 appearances per ticker.",232332.32296526688,201272.62843111192,0.0,0.0,0.0,0.0,0.0,0.0,0.0,0.0,0.0,0.0,0.0,0.0,0.0,0.0,0.0,0.0,0.0,0.0
45,BHP + LMT + WELL + ORCL,Not rebalanced,BHP,Energy,BHP Group Limited American Depositary Shares (Each representing two Ordinary Shares),10,LMT,Industrials,Lockheed Martin Corporation Common Stock,10,WELL,Real Estate,Welltower Inc. Common Stock,10,ORCL,Technology,Oracle Corporation Common Stock,10,0.0,0.0,0.0,0.0,0.0,0.0,0.0,0.0,0.0,0.0,0.0,0.0,0.0,0.0,0.0,0.0,0.0,-21.08749044565512,32.51339955208748,36.36821591123629,2008,-21.08749044565512,2006,36.36821591123629,300000.0,160000.0,20,2,No,2008,454227.8406959574,0.0,454227.8406959574,154227.84069595742,10,103,2006,2025,annual_performance_20y_160k_source.csv,"Rank by full $160K withdrawals funded, then total cash delivered, then ending balance; enforce max 10 Top-250 appearances per ticker.",249104.64773370884,170097.0371541896,0.0,0.0,0.0,0.0,0.0,0.0,0.0,0.0,0.0,0.0,0.0,0.0,0.0,0.0,0.0,0.0,0.0,0.0
46,CVX + LMT + WELL + AAPL,Not rebalanced,CVX,Energy,Chevron Corporation Common Stock,10,LMT,Industrials,Lockheed Martin Corporation Common Stock,10,WELL,Real Estate,Welltower Inc. Common Stock,10,AAPL,Technology,Apple Inc. Common Stock,10,0.0,0.0,0.0,0.0,0.0,0.0,0.0,0.0,0.0,0.0,0.0,0.0,0.0,0.0,0.0,0.0,0.0,-28.557826832038693,43.88705792738583,33.91981374821222,2008,-28.557826832038693,2007,43.88705792738583,300000.0,160000.0,20,2,No,2008,454211.65749390924,0.0,454211.65749390924,154211.65749390924,10,103,2006,2025,annual_performance_20y_160k_source.csv,"Rank by full $160K withdrawals funded, then total cash delivered, then ending balance; enforce max 10 Top-250 appearances per ticker.",241759.44124463666,187860.54726859473,0.0,0.0,0.0,0.0,0.0,0.0,0.0,0.0,0.0,0.0,0.0,0.0,0.0,0.0,0.0,0.0,0.0,0.0
47,BHP + TMO + WELL + ORCL,Not rebalanced,BHP,Energy,BHP Group Limited American Depositary Shares (Each representing two Ordinary Shares),10,TMO,Industrials,Thermo Fisher Scientific Inc Common Stock,10,WELL,Real Estate,Welltower Inc. Common Stock,10,ORCL,Technology,Oracle Corporation Common Stock,10,0.0,0.0,0.0,0.0,0.0,0.0,0.0,0.0,0.0,0.0,0.0,0.0,0.0,0.0,0.0,0.0,0.0,-26.774671220648482,35.5306008050358,37.20007437445394,2008,-26.774671220648482,2006,37.20007437445394,300000.0,160000.0,20,2,No,2008,452534.3991256213,0.0,452534.3991256213,152534.3991256213,10,103,2006,2025,annual_performance_20y_160k_source.csv,"Rank by full $160K withdrawals funded, then total cash delivered, then ending balance; enforce max 10 Top-250 appearances per ticker.",251600.22312336182,180995.29402590287,0.0,0.0,0.0,0.0,0.0,0.0,0.0,0.0,0.0,0.0,0.0,0.0,0.0,0.0,0.0,0.0,0.0,0.0
48,CVX + TMO + WELL + AAPL,Not rebalanced,CVX,Energy,Chevron Corporation Common Stock,10,TMO,Industrials,Thermo Fisher Scientific Inc Common Stock,10,WELL,Real Estate,Welltower Inc. Common Stock,10,AAPL,Technology,Apple Inc. Common Stock,10,0.0,0.0,0.0,0.0,0.0,0.0,0.0,0.0,0.0,0.0,0.0,0.0,0.0,0.0,0.0,0.0,0.0,-33.70274996722681,46.888868262587444,34.75167221142988,2008,-33.70274996722681,2007,46.888868262587444,300000.0,160000.0,20,2,No,2008,451787.9473514034,0.0,451787.9473514034,151787.94735140342,10,103,2006,2025,annual_performance_20y_160k_source.csv,"Rank by full $160K withdrawals funded, then total cash delivered, then ending balance; enforce max 10 Top-250 appearances per ticker.",244255.01663428964,198783.42960870278,0.0,0.0,0.0,0.0,0.0,0.0,0.0,0.0,0.0,0.0,0.0,0.0,0.0,0.0,0.0,0.0,0.0,0.0
49,BHP + TMO + WELL + AAPL,Not rebalanced,BHP,Energy,BHP Group Limited American Depositary Shares (Each representing two Ordinary Shares),10,TMO,Industrials,Thermo Fisher Scientific Inc Common Stock,10,WELL,Real Estate,Welltower Inc. Common Stock,10,AAPL,Technology,Apple Inc. Common Stock,10,0.0,0.0,0.0,0.0,0.0,0.0,0.0,0.0,0.0,0.0,0.0,0.0,0.0,0.0,0.0,0.0,0.0,-37.900022615912995,58.498313596919395,31.60929945163995,2008,-37.900022615912995,2007,58.498313596919395,300000.0,160000.0,20,2,No,2008,451775.07069170836,0.0,451775.07069170836,151775.07069170836,10,103,2006,2025,annual_performance_20y_160k_source.csv,"Rank by full $160K withdrawals funded, then total cash delivered, then ending balance; enforce max 10 Top-250 appearances per ticker.",234827.89835491986,212198.258747636,0.0,0.0,0.0,0.0,0.0,0.0,0.0,0.0,0.0,0.0,0.0,0.0,0.0,0.0,0.0,0.0,0.0,0.0
50,BHP + BTI + TMO + ORCL,Not rebalanced,BHP,Energy,BHP Group Limited American Depositary Shares (Each representing two Ordinary Shares),10,BTI,Health Care,British American Tobacco  Industries p.l.c. Common Stock ADR,10,TMO,Industrials,Thermo Fisher Scientific Inc Common Stock,10,ORCL,Technology,Oracle Corporation Common Stock,10,0.0,0.0,0.0,0.0,0.0,0.0,0.0,0.0,0.0,0.0,0.0,0.0,0.0,0.0,0.0,0.0,0.0,-32.7342633184596,44.122200320552054,35.533531207774494,2008,-32.7342633184596,2007,44.122200320552054,300000.0,160000.0,20,2,No,2008,451441.42098290863,0.0,451441.42098290863,151441.42098290863,10,103,2006,2025,annual_performance_20y_160k_source.csv,"Rank by full $160K withdrawals funded, then total cash delivered, then ending balance; enforce max 10 Top-250 appearances per ticker.",246600.59362332348,195406.20153347676,0.0,0.0,0.0,0.0,0.0,0.0,0.0,0.0,0.0,0.0,0.0,0.0,0.0,0.0,0.0,0.0,0.0,0.0
51,CVX + TMO + AAPL + NEE,Not rebalanced,CVX,Energy,Chevron Corporation Common Stock,10,TMO,Industrials,Thermo Fisher Scientific Inc Common Stock,10,AAPL,Technology,Apple Inc. Common Stock,10,NEE,Utilities,NextEra Energy Inc. Common Stock,10,0.0,0.0,0.0,0.0,0.0,0.0,0.0,0.0,0.0,0.0,0.0,0.0,0.0,0.0,0.0,0.0,0.0,-37.778114092427316,51.598573693521146,34.37483235867842,2008,-37.778114092427316,2007,51.598573693521146,300000.0,160000.0,20,2,No,2008,449778.2220102239,0.0,449778.2220102239,149778.2220102239,10,103,2006,2025,annual_performance_20y_160k_source.csv,"Rank by full $160K withdrawals funded, then total cash delivered, then ending balance; enforce max 10 Top-250 appearances per ticker.",243124.49707603524,208573.26986681594,0.0,0.0,0.0,0.0,0.0,0.0,0.0,0.0,0.0,0.0,0.0,0.0,0.0,0.0,0.0,0.0,0.0,0.0
52,CVX + BTI + TMO + AAPL,Not rebalanced,CVX,Energy,Chevron Corporation Common Stock,10,BTI,Health Care,British American Tobacco  Industries p.l.c. Common Stock ADR,10,TMO,Industrials,Thermo Fisher Scientific Inc Common Stock,10,AAPL,Technology,Apple Inc. Common Stock,10,0.0,0.0,0.0,0.0,0.0,0.0,0.0,0.0,0.0,0.0,0.0,0.0,0.0,0.0,0.0,0.0,0.0,-39.0041161764603,55.7807622899037,33.08512904475043,2008,-39.0041161764603,2007,55.7807622899037,300000.0,160000.0,20,2,No,2008,449746.70251933613,0.0,449746.70251933613,149746.70251933613,10,103,2006,2025,annual_performance_20y_160k_source.csv,"Rank by full $160K withdrawals funded, then total cash delivered, then ending balance; enforce max 10 Top-250 appearances per ticker.",239255.3871342513,212713.8658973968,0.0,0.0,0.0,0.0,0.0,0.0,0.0,0.0,0.0,0.0,0.0,0.0,0.0,0.0,0.0,0.0,0.0,0.0
53,BTI + TMO + WELL + AAPL,Not rebalanced,BTI,Health Care,British American Tobacco  Industries p.l.c. Common Stock ADR,10,TMO,Industrials,Thermo Fisher Scientific Inc Common Stock,10,WELL,Real Estate,Welltower Inc. Common Stock,10,AAPL,Technology,Apple Inc. Common Stock,10,0.0,0.0,0.0,0.0,0.0,0.0,0.0,0.0,0.0,0.0,0.0,0.0,0.0,0.0,0.0,0.0,0.0,-36.16793253923427,50.28728626201278,33.903307270619834,2008,-36.16793253923427,2007,50.28728626201278,300000.0,160000.0,20,2,No,2008,449744.6020812404,0.0,449744.6020812404,149744.6020812404,10,103,2006,2025,annual_performance_20y_160k_source.csv,"Rank by full $160K withdrawals funded, then total cash delivered, then ending balance; enforce max 10 Top-250 appearances per ticker.",241709.92181185947,203259.2821170765,0.0,0.0,0.0,0.0,0.0,0.0,0.0,0.0,0.0,0.0,0.0,0.0,0.0,0.0,0.0,0.0,0.0,0.0
54,BHP + TMO + WELL + APH,Not rebalanced,BHP,Energy,BHP Group Limited American Depositary Shares (Each representing two Ordinary Shares),10,TMO,Industrials,Thermo Fisher Scientific Inc Common Stock,10,WELL,Real Estate,Welltower Inc. Common Stock,10,APH,Technology,Amphenol Corporation Common Stock,10,0.0,0.0,0.0,0.0,0.0,0.0,0.0,0.0,0.0,0.0,0.0,0.0,0.0,0.0,0.0,0.0,0.0,-33.904541281731845,40.10973356854743,37.24599912452504,2008,-33.904541281731845,2007,40.10973356854743,300000.0,160000.0,20,2,No,2008,447372.18665013683,0.0,447372.18665013683,147372.18665013683,10,103,2006,2025,annual_performance_20y_160k_source.csv,"Rank by full $160K withdrawals funded, then total cash delivered, then ending balance; enforce max 10 Top-250 appearances per ticker.",251737.9973735751,192709.437410913,0.0,0.0,0.0,0.0,0.0,0.0,0.0,0.0,0.0,0.0,0.0,0.0,0.0,0.0,0.0,0.0,0.0,0.0
55,BHP + BTI + TMO + WELL,Not rebalanced,BHP,Energy,BHP Group Limited American Depositary Shares (Each representing two Ordinary Shares),10,BTI,Health Care,British American Tobacco  Industries p.l.c. Common Stock ADR,10,TMO,Industrials,Thermo Fisher Scientific Inc Common Stock,10,WELL,Real Estate,Welltower Inc. Common Stock,10,0.0,0.0,0.0,0.0,0.0,0.0,0.0,0.0,0.0,0.0,0.0,0.0,0.0,0.0,0.0,0.0,0.0,-28.89232779144737,38.58974778430273,34.68315431461653,2008,-28.89232779144737,2007,38.58974778430273,300000.0,160000.0,20,2,No,2008,446733.4514889655,0.0,446733.4514889655,146733.45148896548,10,103,2006,2025,annual_performance_20y_160k_source.csv,"Rank by full $160K withdrawals funded, then total cash delivered, then ending balance; enforce max 10 Top-250 appearances per ticker.",244049.46294384956,178227.53516282642,0.0,0.0,0.0,0.0,0.0,0.0,0.0,0.0,0.0,0.0,0.0,0.0,0.0,0.0,0.0,0.0,0.0,0.0
56,BHP + BTI + APH + NEE,Not rebalanced,BHP,Energy,BHP Group Limited American Depositary Shares (Each representing two Ordinary Shares),10,BTI,Health Care,British American Tobacco  Industries p.l.c. Common Stock ADR,10,APH,Technology,Amphenol Corporation Common Stock,10,NEE,Utilities,NextEra Energy Inc. Common Stock,10,0.0,0.0,0.0,0.0,0.0,0.0,0.0,0.0,0.0,0.0,0.0,0.0,0.0,0.0,0.0,0.0,0.0,-35.46894801298377,49.50783905170655,31.867599338494166,2008,-35.46894801298377,2007,49.50783905170655,300000.0,160000.0,20,2,No,2008,444057.49636200315,0.0,444057.49636200315,144057.49636200315,10,103,2006,2025,annual_performance_20y_160k_source.csv,"Rank by full $160K withdrawals funded, then total cash delivered, then ending balance; enforce max 10 Top-250 appearances per ticker.",235602.7980154825,192244.6520583048,0.0,0.0,0.0,0.0,0.0,0.0,0.0,0.0,0.0,0.0,0.0,0.0,0.0,0.0,0.0,0.0,0.0,0.0
57,CVX + BTI + APH + NEE,Not rebalanced,CVX,Energy,Chevron Corporation Common Stock,10,BTI,Health Care,British American Tobacco  Industries p.l.c. Common Stock ADR,10,APH,Technology,Amphenol Corporation Common Stock,10,NEE,Utilities,NextEra Energy Inc. Common Stock,10,0.0,0.0,0.0,0.0,0.0,0.0,0.0,0.0,0.0,0.0,0.0,0.0,0.0,0.0,0.0,0.0,0.0,-30.875052652482303,38.12985914351377,35.009972098284095,2008,-30.875052652482303,2007,38.12985914351377,300000.0,160000.0,20,2,No,2008,443360.0203683606,0.0,443360.0203683606,143360.02036836062,10,103,2006,2025,annual_performance_20y_160k_source.csv,"Rank by full $160K withdrawals funded, then total cash delivered, then ending balance; enforce max 10 Top-250 appearances per ticker.",245029.91629485227,178459.47823754913,0.0,0.0,0.0,0.0,0.0,0.0,0.0,0.0,0.0,0.0,0.0,0.0,0.0,0.0,0.0,0.0,0.0,0.0
58,BHP + BTI + APH + VZ,Not rebalanced,BHP,Energy,BHP Group Limited American Depositary Shares (Each representing two Ordinary Shares),10,BTI,Health Care,British American Tobacco  Industries p.l.c. Common Stock ADR,10,APH,Technology,Amphenol Corporation Common Stock,10,VZ,Telecommunications,Verizon Communications Inc. Common Stock,10,0.0,0.0,0.0,0.0,0.0,0.0,0.0,0.0,0.0,0.0,0.0,0.0,0.0,0.0,0.0,0.0,0.0,-34.46603767911296,48.07604326707202,31.6549613928228,2008,-34.46603767911296,2007,48.07604326707202,300000.0,160000.0,20,2,No,2008,443155.8151009352,0.0,443155.8151009352,143155.81510093517,10,103,2006,2025,annual_performance_20y_160k_source.csv,"Rank by full $160K withdrawals funded, then total cash delivered, then ending balance; enforce max 10 Top-250 appearances per ticker.",234964.88417846843,187926.70355853462,0.0,0.0,0.0,0.0,0.0,0.0,0.0,0.0,0.0,0.0,0.0,0.0,0.0,0.0,0.0,0.0,0.0,0.0
59,CVX + BTI + APH + VZ,Not rebalanced,CVX,Energy,Chevron Corporation Common Stock,10,BTI,Health Care,British American Tobacco  Industries p.l.c. Common Stock ADR,10,APH,Technology,Amphenol Corporation Common Stock,10,VZ,Telecommunications,Verizon Communications Inc. Common Stock,10,0.0,0.0,0.0,0.0,0.0,0.0,0.0,0.0,0.0,0.0,0.0,0.0,0.0,0.0,0.0,0.0,0.0,-29.759196082884245,36.71349278714442,34.79733415261275,2008,-29.759196082884245,2007,36.71349278714442,300000.0,160000.0,20,2,No,2008,442301.0700342538,0.0,442301.0700342538,142301.07003425382,10,103,2006,2025,annual_performance_20y_160k_source.csv,"Rank by full $160K withdrawals funded, then total cash delivered, then ending balance; enforce max 10 Top-250 appearances per ticker.",244392.0024578382,174116.84265255457,0.0,0.0,0.0,0.0,0.0,0.0,0.0,0.0,0.0,0.0,0.0,0.0,0.0,0.0,0.0,0.0,0.0,0.0
60,CVX + MRK + APH + NEE,Not rebalanced,CVX,Energy,Chevron Corporation Common Stock,10,MRK,Health Care,Merck & Company Inc. Common Stock (new),10,APH,Technology,Amphenol Corporation Common Stock,10,NEE,Utilities,NextEra Energy Inc. Common Stock,10,0.0,0.0,0.0,0.0,0.0,0.0,0.0,0.0,0.0,0.0,0.0,0.0,0.0,0.0,0.0,0.0,0.0,-34.85478009970156,36.52278364746524,38.101999222239094,2008,-34.85478009970156,2006,38.101999222239094,300000.0,160000.0,20,2,No,2008,441942.4883289875,0.0,441942.4883289875,141942.4883289875,10,103,2006,2025,annual_performance_20y_160k_source.csv,"Rank by full $160K withdrawals funded, then total cash delivered, then ending balance; enforce max 10 Top-250 appearances per ticker.",254305.99766671727,187185.6269970605,0.0,0.0,0.0,0.0,0.0,0.0,0.0,0.0,0.0,0.0,0.0,0.0,0.0,0.0,0.0,0.0,0.0,0.0
61,CVX + APH + VZ + NEE,Not rebalanced,CVX,Energy,Chevron Corporation Common Stock,10,APH,Technology,Amphenol Corporation Common Stock,10,VZ,Telecommunications,Verizon Communications Inc. Common Stock,10,NEE,Utilities,NextEra Energy Inc. Common Stock,10,0.0,0.0,0.0,0.0,0.0,0.0,0.0,0.0,0.0,0.0,0.0,0.0,0.0,0.0,0.0,0.0,0.0,-28.192132472001465,32.764624615198734,36.087037466540735,2008,-28.192132472001465,2006,36.087037466540735,300000.0,160000.0,20,2,No,2008,441788.25012929854,0.0,441788.25012929854,141788.25012929854,10,103,2006,2025,annual_performance_20y_160k_source.csv,"Rank by full $160K withdrawals funded, then total cash delivered, then ending balance; enforce max 10 Top-250 appearances per ticker.",248261.11239962222,169602.93394287495,0.0,0.0,0.0,0.0,0.0,0.0,0.0,0.0,0.0,0.0,0.0,0.0,0.0,0.0,0.0,0.0,0.0,0.0
62,BTI + APH + VZ + NEE,Not rebalanced,BTI,Health Care,British American Tobacco  Industries p.l.c. Common Stock ADR,10,APH,Technology,Amphenol Corporation Common Stock,10,VZ,Telecommunications,Verizon Communications Inc. Common Stock,10,NEE,Utilities,NextEra Energy Inc. Common Stock,10,0.0,0.0,0.0,0.0,0.0,0.0,0.0,0.0,0.0,0.0,0.0,0.0,0.0,0.0,0.0,0.0,0.0,-30.98755751256823,36.04088345603324,35.23867252573068,2008,-30.98755751256823,2007,36.04088345603324,300000.0,160000.0,20,2,No,2008,440270.9104129921,0.0,440270.9104129921,140270.91041299212,10,103,2006,2025,annual_performance_20y_160k_source.csv,"Rank by full $160K withdrawals funded, then total cash delivered, then ending balance; enforce max 10 Top-250 appearances per ticker.",245716.01757719205,174274.24110499397,0.0,0.0,0.0,0.0,0.0,0.0,0.0,0.0,0.0,0.0,0.0,0.0,0.0,0.0,0.0,0.0,0.0,0.0
63,SCHW + BTI + APH + NEE,Not rebalanced,SCHW,Finance,Charles Schwab Corporation (The) Common Stock,10,BTI,Health Care,British American Tobacco  Industries p.l.c. Common Stock ADR,10,APH,Technology,Amphenol Corporation Common Stock,10,NEE,Utilities,NextEra Energy Inc. Common Stock,10,0.0,0.0,0.0,0.0,0.0,0.0,0.0,0.0,0.0,0.0,0.0,0.0,0.0,0.0,0.0,0.0,0.0,-35.029539274386735,40.454497465904595,34.80962852158387,2008,-35.029539274386735,2007,40.454497465904595,300000.0,160000.0,20,2,No,2008,439098.23702650017,0.0,439098.23702650017,139098.23702650017,10,103,2006,2025,annual_performance_20y_160k_source.csv,"Rank by full $160K withdrawals funded, then total cash delivered, then ending balance; enforce max 10 Top-250 appearances per ticker.",244428.88556475157,183311.3628814828,0.0,0.0,0.0,0.0,0.0,0.0,0.0,0.0,0.0,0.0,0.0,0.0,0.0,0.0,0.0,0.0,0.0,0.0
64,MRK + APH + VZ + NEE,Not rebalanced,MRK,Health Care,Merck & Company Inc. Common Stock (new),10,APH,Technology,Amphenol Corporation Common Stock,10,VZ,Telecommunications,Verizon Communications Inc. Common Stock,10,NEE,Utilities,NextEra Energy Inc. Common Stock,10,0.0,0.0,0.0,0.0,0.0,0.0,0.0,0.0,0.0,0.0,0.0,0.0,0.0,0.0,0.0,0.0,0.0,-35.01972292889639,34.48315859839794,38.33069964968567,2008,-35.01972292889639,2006,38.33069964968567,300000.0,160000.0,20,2,No,2008,438862.85128463176,0.0,438862.85128463176,138862.85128463176,10,103,2006,2025,annual_performance_20y_160k_source.csv,"Rank by full $160K withdrawals funded, then total cash delivered, then ending balance; enforce max 10 Top-250 appearances per ticker.",254992.09894905705,182921.4288430442,0.0,0.0,0.0,0.0,0.0,0.0,0.0,0.0,0.0,0.0,0.0,0.0,0.0,0.0,0.0,0.0,0.0,0.0
65,SCHW + MRK + VZ + NEE,Not rebalanced,SCHW,Finance,Charles Schwab Corporation (The) Common Stock,10,MRK,Health Care,Merck & Company Inc. Common Stock (new),10,VZ,Telecommunications,Verizon Communications Inc. Common Stock,10,NEE,Utilities,NextEra Energy Inc. Common Stock,10,0.0,0.0,0.0,0.0,0.0,0.0,0.0,0.0,0.0,0.0,0.0,0.0,0.0,0.0,0.0,0.0,0.0,-31.42851745893841,31.91000998130782,36.415876203886995,2008,-31.42851745893841,2006,36.415876203886995,300000.0,160000.0,20,2,No,2008,435736.7117403507,0.0,435736.7117403507,135736.7117403507,10,103,2006,2025,annual_performance_20y_160k_source.csv,"Rank by full $160K withdrawals funded, then total cash delivered, then ending balance; enforce max 10 Top-250 appearances per ticker.",249247.62861166103,168782.57177981513,0.0,0.0,0.0,0.0,0.0,0.0,0.0,0.0,0.0,0.0,0.0,0.0,0.0,0.0,0.0,0.0,0.0,0.0
66,UL + MRK + VZ + NEE,Not rebalanced,UL,Consumer Discretionary,Unilever PLC American Depositary Shares (each representing One Ordinary Share),10,MRK,Health Care,Merck & Company Inc. Common Stock (new),10,VZ,Telecommunications,Verizon Communications Inc. Common Stock,10,NEE,Utilities,NextEra Energy Inc. Common Stock,10,0.0,0.0,0.0,0.0,0.0,0.0,0.0,0.0,0.0,0.0,0.0,0.0,0.0,0.0,0.0,0.0,0.0,-31.48401456243478,31.572247993604563,35.93801161072481,2008,-31.48401456243478,2006,35.93801161072481,300000.0,160000.0,20,2,No,2008,433773.8746214149,0.0,433773.8746214149,133773.87462141493,10,103,2006,2025,annual_performance_20y_160k_source.csv,"Rank by full $160K withdrawals funded, then total cash delivered, then ending balance; enforce max 10 Top-250 appearances per ticker.",247814.03483217442,166054.49647234613,0.0,0.0,0.0,0.0,0.0,0.0,0.0,0.0,0.0,0.0,0.0,0.0,0.0,0.0,0.0,0.0,0.0,0.0
67,UL + SCHW + MRK + VZ,Not rebalanced,UL,Consumer Discretionary,Unilever PLC American Depositary Shares (each representing One Ordinary Share),10,SCHW,Finance,Charles Schwab Corporation (The) Common Stock,10,MRK,Health Care,Merck & Company Inc. Common Stock (new),10,VZ,Telecommunications,Verizon Communications Inc. Common Stock,10,0.0,0.0,0.0,0.0,0.0,0.0,0.0,0.0,0.0,0.0,0.0,0.0,0.0,0.0,0.0,0.0,0.0,-34.55166710909121,34.534365435190125,35.29632966090668,2008,-34.55166710909121,2006,35.29632966090668,300000.0,160000.0,20,2,No,2008,431789.1500025351,0.0,431789.1500025351,131789.15000253508,10,103,2006,2025,annual_performance_20y_160k_source.csv,"Rank by full $160K withdrawals funded, then total cash delivered, then ending balance; enforce max 10 Top-250 appearances per ticker.",245888.98898272,170805.19100290694,0.0,0.0,0.0,0.0,0.0,0.0,0.0,0.0,0.0,0.0,0.0,0.0,0.0,0.0,0.0,0.0,0.0,0.0
68,UL + SCHW + ABT + VZ,Not rebalanced,UL,Consumer Discretionary,Unilever PLC American Depositary Shares (each representing One Ordinary Share),10,SCHW,Finance,Charles Schwab Corporation (The) Common Stock,10,ABT,Health Care,Abbott Laboratories Common Stock,10,VZ,Telecommunications,Verizon Communications Inc. Common Stock,10,0.0,0.0,0.0,0.0,0.0,0.0,0.0,0.0,0.0,0.0,0.0,0.0,0.0,0.0,0.0,0.0,0.0,-24.41063279811616,29.786471518882628,31.3430201180102,2008,-24.41063279811616,2006,31.3430201180102,300000.0,160000.0,20,2,No,2008,428650.68980258255,0.0,428650.68980258255,128650.68980258255,10,103,2006,2025,annual_performance_20y_160k_source.csv,"Rank by full $160K withdrawals funded, then total cash delivered, then ending balance; enforce max 10 Top-250 appearances per ticker.",234029.06035403057,143738.05976229254,0.0,0.0,0.0,0.0,0.0,0.0,0.0,0.0,0.0,0.0,0.0,0.0,0.0,0.0,0.0,0.0,0.0,0.0
69,KO + SCHW + MRK + VZ,Not rebalanced,KO,Consumer Staples,Coca-Cola Company (The) Common Stock,10,SCHW,Finance,Charles Schwab Corporation (The) Common Stock,10,MRK,Health Care,Merck & Company Inc. Common Stock (new),10,VZ,Telecommunications,Verizon Communications Inc. Common Stock,10,0.0,0.0,0.0,0.0,0.0,0.0,0.0,0.0,0.0,0.0,0.0,0.0,0.0,0.0,0.0,0.0,0.0,-31.716120955753524,32.58133068748206,33.32504742612432,2008,-31.716120955753524,2006,33.32504742612432,300000.0,160000.0,20,2,No,2008,427999.31057387247,0.0,427999.31057387247,127999.31057387247,10,103,2006,2025,annual_performance_20y_160k_source.csv,"Rank by full $160K withdrawals funded, then total cash delivered, then ending balance; enforce max 10 Top-250 appearances per ticker.",239975.14227837295,158162.23695184517,0.0,0.0,0.0,0.0,0.0,0.0,0.0,0.0,0.0,0.0,0.0,0.0,0.0,0.0,0.0,0.0,0.0,0.0
70,UL + SCHW + MRK + CSCO,Not rebalanced,UL,Consumer Discretionary,Unilever PLC American Depositary Shares (each representing One Ordinary Share),10,SCHW,Finance,Charles Schwab Corporation (The) Common Stock,10,MRK,Health Care,Merck & Company Inc. Common Stock (new),10,CSCO,Telecommunications,Cisco Systems Inc. Common Stock (DE),10,0.0,0.0,0.0,0.0,0.0,0.0,0.0,0.0,0.0,0.0,0.0,0.0,0.0,0.0,0.0,0.0,0.0,-39.456163514206935,27.460306426432535,41.5514649016268,2008,-39.456163514206935,2006,41.5514649016268,300000.0,160000.0,20,2,No,2008,427361.96292390645,0.0,427361.96292390645,127361.96292390645,10,103,2006,2025,annual_performance_20y_160k_source.csv,"Rank by full $160K withdrawals funded, then total cash delivered, then ending balance; enforce max 10 Top-250 appearances per ticker.",264654.3947048804,177329.30246186082,0.0,0.0,0.0,0.0,0.0,0.0,0.0,0.0,0.0,0.0,0.0,0.0,0.0,0.0,0.0,0.0,0.0,0.0
71,UL + SCHW + ABT + CSCO,Not rebalanced,UL,Consumer Discretionary,Unilever PLC American Depositary Shares (each representing One Ordinary Share),10,SCHW,Finance,Charles Schwab Corporation (The) Common Stock,10,ABT,Health Care,Abbott Laboratories Common Stock,10,CSCO,Telecommunications,Cisco Systems Inc. Common Stock (DE),10,0.0,0.0,0.0,0.0,0.0,0.0,0.0,0.0,0.0,0.0,0.0,0.0,0.0,0.0,0.0,0.0,0.0,-29.55474192518195,22.72500551011294,37.598155358730324,2008,-29.55474192518195,2006,37.598155358730324,300000.0,160000.0,20,2,No,2008,425838.3804314868,0.0,425838.3804314868,125838.38043148682,10,103,2006,2025,annual_performance_20y_160k_source.csv,"Rank by full $160K withdrawals funded, then total cash delivered, then ending balance; enforce max 10 Top-250 appearances per ticker.",252794.466076191,150242.02242126595,0.0,0.0,0.0,0.0,0.0,0.0,0.0,0.0,0.0,0.0,0.0,0.0,0.0,0.0,0.0,0.0,0.0,0.0
72,UL + KO + SCHW + MRK,Not rebalanced,UL,Consumer Discretionary,Unilever PLC American Depositary Shares (each representing One Ordinary Share),10,KO,Consumer Staples,Coca-Cola Company (The) Common Stock,10,SCHW,Finance,Charles Schwab Corporation (The) Common Stock,10,MRK,Health Care,Merck & Company Inc. Common Stock (new),10,0.0,0.0,0.0,0.0,0.0,0.0,0.0,0.0,0.0,0.0,0.0,0.0,0.0,0.0,0.0,0.0,0.0,-35.97849153105752,36.719128401392176,32.4181388288153,2008,-35.97849153105752,2007,36.719128401392176,300000.0,160000.0,20,2,No,2008,425233.5429382119,0.0,425233.5429382119,125233.54293821187,10,103,2006,2025,annual_performance_20y_160k_source.csv,"Rank by full $160K withdrawals funded, then total cash delivered, then ending balance; enforce max 10 Top-250 appearances per ticker.",237254.41648644593,164372.1703140778,0.0,0.0,0.0,0.0,0.0,0.0,0.0,0.0,0.0,0.0,0.0,0.0,0.0,0.0,0.0,0.0,0.0,0.0
73,KO + SCHW + MRK + CSCO,Not rebalanced,KO,Consumer Staples,Coca-Cola Company (The) Common Stock,10,SCHW,Finance,Charles Schwab Corporation (The) Common Stock,10,MRK,Health Care,Merck & Company Inc. Common Stock (new),10,CSCO,Telecommunications,Cisco Systems Inc. Common Stock (DE),10,0.0,0.0,0.0,0.0,0.0,0.0,0.0,0.0,0.0,0.0,0.0,0.0,0.0,0.0,0.0,0.0,0.0,-36.74190892360891,25.49488832786475,39.580182666844465,2008,-36.74190892360891,2006,39.580182666844465,300000.0,160000.0,20,2,No,2008,424189.9738222703,0.0,424189.9738222703,124189.97382227029,10,103,2006,2025,annual_performance_20y_160k_source.csv,"Rank by full $160K withdrawals funded, then total cash delivered, then ending balance; enforce max 10 Top-250 appearances per ticker.",258740.54800053337,164706.16177217464,0.0,0.0,0.0,0.0,0.0,0.0,0.0,0.0,0.0,0.0,0.0,0.0,0.0,0.0,0.0,0.0,0.0,0.0
74,UL + SCHW + MRK + GD,Not rebalanced,UL,Consumer Discretionary,Unilever PLC American Depositary Shares (each representing One Ordinary Share),10,SCHW,Finance,Charles Schwab Corporation (The) Common Stock,10,MRK,Health Care,Merck & Company Inc. Common Stock (new),10,GD,Industrials,General Dynamics Corporation Common Stock,10,0.0,0.0,0.0,0.0,0.0,0.0,0.0,0.0,0.0,0.0,0.0,0.0,0.0,0.0,0.0,0.0,0.0,-38.2127253920044,34.38098268518826,34.68499634614963,2008,-38.2127253920044,2006,34.68499634614963,300000.0,160000.0,20,2,No,2008,423780.0643905226,0.0,423780.0643905226,123780.0643905226,10,103,2006,2025,annual_performance_20y_160k_source.csv,"Rank by full $160K withdrawals funded, then total cash delivered, then ending balance; enforce max 10 Top-250 appearances per ticker.",244054.9890384489,167963.4925620961,0.0,0.0,0.0,0.0,0.0,0.0,0.0,0.0,0.0,0.0,0.0,0.0,0.0,0.0,0.0,0.0,0.0,0.0
75,UL + IBN + ABT + CSCO,Not rebalanced,UL,Consumer Discretionary,Unilever PLC American Depositary Shares (each representing One Ordinary Share),10,IBN,Finance,ICICI Bank Limited Common Stock,10,ABT,Health Care,Abbott Laboratories Common Stock,10,CSCO,Telecommunications,Cisco Systems Inc. Common Stock (DE),10,0.0,0.0,0.0,0.0,0.0,0.0,0.0,0.0,0.0,0.0,0.0,0.0,0.0,0.0,0.0,0.0,0.0,-39.7923105464557,25.493855509806096,41.18569816807784,2008,-39.7923105464557,2006,41.18569816807784,300000.0,160000.0,20,2,No,2008,422803.4011215307,0.0,422803.4011215307,122803.40112153068,10,103,2006,2025,annual_performance_20y_160k_source.csv,"Rank by full $160K withdrawals funded, then total cash delivered, then ending balance; enforce max 10 Top-250 appearances per ticker.",263557.09450423357,170747.95936298603,0.0,0.0,0.0,0.0,0.0,0.0,0.0,0.0,0.0,0.0,0.0,0.0,0.0,0.0,0.0,0.0,0.0,0.0
76,UL + KO + IBN + ABT,Not rebalanced,UL,Consumer Discretionary,Unilever PLC American Depositary Shares (each representing One Ordinary Share),10,KO,Consumer Staples,Coca-Cola Company (The) Common Stock,10,IBN,Finance,ICICI Bank Limited Common Stock,10,ABT,Health Care,Abbott Laboratories Common Stock,10,0.0,0.0,0.0,0.0,0.0,0.0,0.0,0.0,0.0,0.0,0.0,0.0,0.0,0.0,0.0,0.0,0.0,-36.250045084426475,34.64231469365346,32.05237209526637,2008,-36.250045084426475,2007,34.64231469365346,300000.0,160000.0,20,2,No,2008,420704.1511779268,0.0,420704.1511779268,120704.1511779268,10,103,2006,2025,annual_performance_20y_160k_source.csv,"Rank by full $160K withdrawals funded, then total cash delivered, then ending balance; enforce max 10 Top-250 appearances per ticker.",236157.11628579913,157967.40768098284,0.0,0.0,0.0,0.0,0.0,0.0,0.0,0.0,0.0,0.0,0.0,0.0,0.0,0.0,0.0,0.0,0.0,0.0
77,UL + SAN + ABT + CSCO,Not rebalanced,UL,Consumer Discretionary,Unilever PLC American Depositary Shares (each representing One Ordinary Share),10,SAN,Finance,Banco Santander S.A. Sponsored ADR (Spain),10,ABT,Health Care,Abbott Laboratories Common Stock,10,CSCO,Telecommunications,Cisco Systems Inc. Common Stock (DE),10,0.0,0.0,0.0,0.0,0.0,0.0,0.0,0.0,0.0,0.0,0.0,0.0,0.0,0.0,0.0,0.0,0.0,-33.68054974446184,17.97259975642913,41.031695772342715,2008,-33.68054974446184,2006,41.031695772342715,300000.0,160000.0,20,2,No,2008,419731.2651235035,0.0,419731.2651235035,119731.26512350352,10,103,2006,2025,annual_performance_20y_160k_source.csv,"Rank by full $160K withdrawals funded, then total cash delivered, then ending balance; enforce max 10 Top-250 appearances per ticker.",263095.08731702814,150380.1143393453,0.0,0.0,0.0,0.0,0.0,0.0,0.0,0.0,0.0,0.0,0.0,0.0,0.0,0.0,0.0,0.0,0.0,0.0
78,KO + IBN + ABT + CSCO,Not rebalanced,KO,Consumer Staples,Coca-Cola Company (The) Common Stock,10,IBN,Finance,ICICI Bank Limited Common Stock,10,ABT,Health Care,Abbott Laboratories Common Stock,10,CSCO,Telecommunications,Cisco Systems Inc. Common Stock (DE),10,0.0,0.0,0.0,0.0,0.0,0.0,0.0,0.0,0.0,0.0,0.0,0.0,0.0,0.0,0.0,0.0,0.0,-37.037140348606954,23.495428514245308,39.21441593329551,2008,-37.037140348606954,2006,39.21441593329551,300000.0,160000.0,20,2,No,2008,419593.1610080674,0.0,419593.1610080674,119593.16100806743,10,103,2006,2025,annual_performance_20y_160k_source.csv,"Rank by full $160K withdrawals funded, then total cash delivered, then ending balance; enforce max 10 Top-250 appearances per ticker.",257643.2477998865,158177.63290848874,0.0,0.0,0.0,0.0,0.0,0.0,0.0,0.0,0.0,0.0,0.0,0.0,0.0,0.0,0.0,0.0,0.0,0.0
79,LIN + IBN + ABT + CSCO,Not rebalanced,LIN,Basic Materials,Linde plc Ordinary Shares,10,IBN,Finance,ICICI Bank Limited Common Stock,10,ABT,Health Care,Abbott Laboratories Common Stock,10,CSCO,Telecommunications,Cisco Systems Inc. Common Stock (DE),10,0.0,0.0,0.0,0.0,0.0,0.0,0.0,0.0,0.0,0.0,0.0,0.0,0.0,0.0,0.0,0.0,0.0,-38.6963152759138,27.874974567811673,36.937348975266524,2008,-38.6963152759138,2006,36.937348975266524,300000.0,160000.0,20,2,No,2008,418530.8629712605,0.0,418530.8629712605,118530.8629712605,10,103,2006,2025,annual_performance_20y_160k_source.csv,"Rank by full $160K withdrawals funded, then total cash delivered, then ending balance; enforce max 10 Top-250 appearances per ticker.",250812.04692579957,160725.8412193741,0.0,0.0,0.0,0.0,0.0,0.0,0.0,0.0,0.0,0.0,0.0,0.0,0.0,0.0,0.0,0.0,0.0,0.0
80,IBN + ABT + UNP + CSCO,Not rebalanced,IBN,Finance,ICICI Bank Limited Common Stock,10,ABT,Health Care,Abbott Laboratories Common Stock,10,UNP,Industrials,Union Pacific Corporation Common Stock,10,CSCO,Telecommunications,Cisco Systems Inc. Common Stock (DE),10,0.0,0.0,0.0,0.0,0.0,0.0,0.0,0.0,0.0,0.0,0.0,0.0,0.0,0.0,0.0,0.0,0.0,-36.72453544884294,25.063514912900974,37.404648614424715,2008,-36.72453544884294,2006,37.404648614424715,300000.0,160000.0,20,2,No,2008,418347.5522481423,0.0,418347.5522481423,118347.55224814231,10,103,2006,2025,annual_performance_20y_160k_source.csv,"Rank by full $160K withdrawals funded, then total cash delivered, then ending balance; enforce max 10 Top-250 appearances per ticker.",252213.94584327418,155427.62577211915,0.0,0.0,0.0,0.0,0.0,0.0,0.0,0.0,0.0,0.0,0.0,0.0,0.0,0.0,0.0,0.0,0.0,0.0
81,IBN + ABT + GD + CSCO,Not rebalanced,IBN,Finance,ICICI Bank Limited Common Stock,10,ABT,Health Care,Abbott Laboratories Common Stock,10,GD,Industrials,General Dynamics Corporation Common Stock,10,CSCO,Telecommunications,Cisco Systems Inc. Common Stock (DE),10,0.0,0.0,0.0,0.0,0.0,0.0,0.0,0.0,0.0,0.0,0.0,0.0,0.0,0.0,0.0,0.0,0.0,-39.39020242640597,21.481473615493506,41.4812734506298,2008,-39.39020242640597,2006,41.4812734506298,300000.0,160000.0,20,2,No,2008,417733.4500201411,0.0,417733.4500201411,117733.45002014108,10,103,2006,2025,annual_performance_20y_160k_source.csv,"Rank by full $160K withdrawals funded, then total cash delivered, then ending balance; enforce max 10 Top-250 appearances per ticker.",264443.82035188936,161250.24984858354,0.0,0.0,0.0,0.0,0.0,0.0,0.0,0.0,0.0,0.0,0.0,0.0,0.0,0.0,0.0,0.0,0.0,0.0
82,IBN + ABT + CRM + CSCO,Not rebalanced,IBN,Finance,ICICI Bank Limited Common Stock,10,ABT,Health Care,Abbott Laboratories Common Stock,10,CRM,Technology,Salesforce Inc. Common Stock,10,CSCO,Telecommunications,Cisco Systems Inc. Common Stock (DE),10,0.0,0.0,0.0,0.0,0.0,0.0,0.0,0.0,0.0,0.0,0.0,0.0,0.0,0.0,0.0,0.0,0.0,-43.133536063056766,32.00427929114875,36.87041580609105,2008,-43.133536063056766,2006,36.87041580609105,300000.0,160000.0,20,2,No,2008,417137.91239762603,0.0,417137.91239762603,117137.91239762603,10,103,2006,2025,annual_performance_20y_160k_source.csv,"Rank by full $160K withdrawals funded, then total cash delivered, then ending balance; enforce max 10 Top-250 appearances per ticker.",250611.24741827312,170817.57097704912,0.0,0.0,0.0,0.0,0.0,0.0,0.0,0.0,0.0,0.0,0.0,0.0,0.0,0.0,0.0,0.0,0.0,0.0
83,KO + IBN + ISRG + GD,Not rebalanced,KO,Consumer Staples,Coca-Cola Company (The) Common Stock,10,IBN,Finance,ICICI Bank Limited Common Stock,10,ISRG,Health Care,Intuitive Surgical Inc. Common Stock,10,GD,Industrials,General Dynamics Corporation Common Stock,10,0.0,0.0,0.0,0.0,0.0,0.0,0.0,0.0,0.0,0.0,0.0,0.0,0.0,0.0,0.0,0.0,0.0,-50.26923324795858,68.41630966337509,21.0762396804572,2008,-50.26923324795858,2007,68.41630966337509,300000.0,160000.0,20,2,No,2008,410644.4221204058,0.0,410644.4221204058,110644.42212040583,10,103,2006,2025,annual_performance_20y_160k_source.csv,"Rank by full $160K withdrawals funded, then total cash delivered, then ending balance; enforce max 10 Top-250 appearances per ticker.",203228.7190413716,182270.30878562696,0.0,0.0,0.0,0.0,0.0,0.0,0.0,0.0,0.0,0.0,0.0,0.0,0.0,0.0,0.0,0.0,0.0,0.0
84,DIS + KO + IBN + ISRG,Not rebalanced,DIS,Consumer Discretionary,Walt Disney Company (The) Common Stock,10,KO,Consumer Staples,Coca-Cola Company (The) Common Stock,10,IBN,Finance,ICICI Bank Limited Common Stock,10,ISRG,Health Care,Intuitive Surgical Inc. Common Stock,10,0.0,0.0,0.0,0.0,0.0,0.0,0.0,0.0,0.0,0.0,0.0,0.0,0.0,0.0,0.0,0.0,0.0,-49.731796143558405,60.05066785708677,24.099538901278162,2008,-49.731796143558405,2007,60.05066785708677,300000.0,160000.0,20,2,No,2008,410374.86819536093,0.0,410374.86819536093,110374.86819536093,10,103,2006,2025,annual_performance_20y_160k_source.csv,"Rank by full $160K withdrawals funded, then total cash delivered, then ending balance; enforce max 10 Top-250 appearances per ticker.",212298.6167038345,179785.35388584388,0.0,0.0,0.0,0.0,0.0,0.0,0.0,0.0,0.0,0.0,0.0,0.0,0.0,0.0,0.0,0.0,0.0,0.0
85,KO + IBN + ISRG + UNP,Not rebalanced,KO,Consumer Staples,Coca-Cola Company (The) Common Stock,10,IBN,Finance,ICICI Bank Limited Common Stock,10,ISRG,Health Care,Intuitive Surgical Inc. Common Stock,10,UNP,Industrials,Union Pacific Corporation Common Stock,10,0.0,0.0,0.0,0.0,0.0,0.0,0.0,0.0,0.0,0.0,0.0,0.0,0.0,0.0,0.0,0.0,0.0,-48.02408237387432,74.25842157988463,16.999614844252143,2008,-48.02408237387432,2007,74.25842157988463,300000.0,160000.0,20,2,No,2008,409830.7953483974,0.0,409830.7953483974,109830.7953483974,10,103,2006,2025,annual_performance_20y_160k_source.csv,"Rank by full $160K withdrawals funded, then total cash delivered, then ending balance; enforce max 10 Top-250 appearances per ticker.",190998.84453275643,172831.57171859912,0.0,0.0,0.0,0.0,0.0,0.0,0.0,0.0,0.0,0.0,0.0,0.0,0.0,0.0,0.0,0.0,0.0,0.0
86,KO + SAN + ISRG + GD,Not rebalanced,KO,Consumer Staples,Coca-Cola Company (The) Common Stock,10,SAN,Finance,Banco Santander S.A. Sponsored ADR (Spain),10,ISRG,Health Care,Intuitive Surgical Inc. Common Stock,10,GD,Industrials,General Dynamics Corporation Common Stock,10,0.0,0.0,0.0,0.0,0.0,0.0,0.0,0.0,0.0,0.0,0.0,0.0,0.0,0.0,0.0,0.0,0.0,-45.589502353691316,59.69892801268879,20.922237284722044,2008,-45.589502353691316,2007,59.69892801268879,300000.0,160000.0,20,2,No,2008,409133.245119655,0.0,409133.245119655,109133.24511965498,10,103,2006,2025,annual_performance_20y_160k_source.csv,"Rank by full $160K withdrawals funded, then total cash delivered, then ending balance; enforce max 10 Top-250 appearances per ticker.",202766.71185416612,163816.2651976809,0.0,0.0,0.0,0.0,0.0,0.0,0.0,0.0,0.0,0.0,0.0,0.0,0.0,0.0,0.0,0.0,0.0,0.0
87,DIS + KO + SAN + ISRG,Not rebalanced,DIS,Consumer Discretionary,Walt Disney Company (The) Common Stock,10,KO,Consumer Staples,Coca-Cola Company (The) Common Stock,10,SAN,Finance,Banco Santander S.A. Sponsored ADR (Spain),10,ISRG,Health Care,Intuitive Surgical Inc. Common Stock,10,0.0,0.0,0.0,0.0,0.0,0.0,0.0,0.0,0.0,0.0,0.0,0.0,0.0,0.0,0.0,0.0,0.0,-44.88935545712845,51.53552765033478,23.945536505543007,2008,-44.88935545712845,2007,51.53552765033478,300000.0,160000.0,20,2,No,2008,408732.39445337566,0.0,408732.39445337566,108732.39445337566,10,103,2006,2025,annual_performance_20y_160k_source.csv,"Rank by full $160K withdrawals funded, then total cash delivered, then ending balance; enforce max 10 Top-250 appearances per ticker.",211836.60951662902,161007.7239876031,0.0,0.0,0.0,0.0,0.0,0.0,0.0,0.0,0.0,0.0,0.0,0.0,0.0,0.0,0.0,0.0,0.0,0.0
88,DIS + SAN + ISRG + GD,Not rebalanced,DIS,Consumer Discretionary,Walt Disney Company (The) Common Stock,10,SAN,Finance,Banco Santander S.A. Sponsored ADR (Spain),10,ISRG,Health Care,Intuitive Surgical Inc. Common Stock,10,GD,Industrials,General Dynamics Corporation Common Stock,10,0.0,0.0,0.0,0.0,0.0,0.0,0.0,0.0,0.0,0.0,0.0,0.0,0.0,0.0,0.0,0.0,0.0,-47.045277397984144,48.774310608545576,26.21239402287734,2008,-47.045277397984144,2007,48.774310608545576,300000.0,160000.0,20,2,No,2008,407521.4263346329,0.0,407521.4263346329,107521.42633463291,10,103,2006,2025,annual_performance_20y_160k_source.csv,"Rank by full $160K withdrawals funded, then total cash delivered, then ending balance; enforce max 10 Top-250 appearances per ticker.",218637.18206863198,165275.9603565578,0.0,0.0,0.0,0.0,0.0,0.0,0.0,0.0,0.0,0.0,0.0,0.0,0.0,0.0,0.0,0.0,0.0,0.0
89,LIN + SAN + ISRG + GD,Not rebalanced,LIN,Basic Materials,Linde plc Ordinary Shares,10,SAN,Finance,Banco Santander S.A. Sponsored ADR (Spain),10,ISRG,Health Care,Intuitive Surgical Inc. Common Stock,10,GD,Industrials,General Dynamics Corporation Common Stock,10,0.0,0.0,0.0,0.0,0.0,0.0,0.0,0.0,0.0,0.0,0.0,0.0,0.0,0.0,0.0,0.0,0.0,-46.930814674827324,65.44851914130405,18.645170326693083,2008,-46.930814674827324,2007,65.44851914130405,300000.0,160000.0,20,2,No,2008,407124.9559456432,0.0,407124.9559456432,107124.95594564319,10,103,2006,2025,annual_performance_20y_160k_source.csv,"Rank by full $160K withdrawals funded, then total cash delivered, then ending balance; enforce max 10 Top-250 appearances per ticker.",195935.51098007924,164172.4013884883,0.0,0.0,0.0,0.0,0.0,0.0,0.0,0.0,0.0,0.0,0.0,0.0,0.0,0.0,0.0,0.0,0.0,0.0
90,DIS + SAN + ISRG + UNP,Not rebalanced,DIS,Consumer Discretionary,Walt Disney Company (The) Common Stock,10,SAN,Finance,Banco Santander S.A. Sponsored ADR (Spain),10,ISRG,Health Care,Intuitive Surgical Inc. Common Stock,10,UNP,Industrials,Union Pacific Corporation Common Stock,10,0.0,0.0,0.0,0.0,0.0,0.0,0.0,0.0,0.0,0.0,0.0,0.0,0.0,0.0,0.0,0.0,0.0,-44.60658308568218,53.71513823789211,22.13576918667226,2008,-44.60658308568218,2007,53.71513823789211,300000.0,160000.0,20,2,No,2008,407122.3662649001,0.0,407122.3662649001,107122.36626490008,10,103,2006,2025,annual_performance_20y_160k_source.csv,"Rank by full $160K withdrawals funded, then total cash delivered, then ending balance; enforce max 10 Top-250 appearances per ticker.",206407.30756001675,157279.27814899082,0.0,0.0,0.0,0.0,0.0,0.0,0.0,0.0,0.0,0.0,0.0,0.0,0.0,0.0,0.0,0.0,0.0,0.0
91,LIN + DIS + SAN + ISRG,Not rebalanced,LIN,Basic Materials,Linde plc Ordinary Shares,10,DIS,Consumer Discretionary,Walt Disney Company (The) Common Stock,10,SAN,Finance,Banco Santander S.A. Sponsored ADR (Spain),10,ISRG,Health Care,Intuitive Surgical Inc. Common Stock,10,0.0,0.0,0.0,0.0,0.0,0.0,0.0,0.0,0.0,0.0,0.0,0.0,0.0,0.0,0.0,0.0,0.0,-46.27949127608977,56.98946828097593,21.668469547514047,2008,-46.27949127608977,2007,56.98946828097593,300000.0,160000.0,20,2,No,2008,406939.6065068715,0.0,406939.6065068715,106939.60650687153,10,103,2006,2025,annual_performance_20y_160k_source.csv,"Rank by full $160K withdrawals funded, then total cash delivered, then ending balance; enforce max 10 Top-250 appearances per ticker.",205005.40864254214,161836.9009751688,0.0,0.0,0.0,0.0,0.0,0.0,0.0,0.0,0.0,0.0,0.0,0.0,0.0,0.0,0.0,0.0,0.0,0.0
92,ACN + SAN + ISRG + GD,Not rebalanced,ACN,Consumer Discretionary,Accenture plc Class A Ordinary Shares (Ireland),10,SAN,Finance,Banco Santander S.A. Sponsored ADR (Spain),10,ISRG,Health Care,Intuitive Surgical Inc. Common Stock,10,GD,Industrials,General Dynamics Corporation Common Stock,10,0.0,0.0,0.0,0.0,0.0,0.0,0.0,0.0,0.0,0.0,0.0,0.0,0.0,0.0,0.0,0.0,0.0,-43.69585903137532,50.91499372144299,22.480653917459705,2008,-43.69585903137532,2007,50.91499372144299,300000.0,160000.0,20,2,No,2008,406179.6944699997,0.0,406179.6944699997,106179.6944699997,10,103,2006,2025,annual_performance_20y_160k_source.csv,"Rank by full $160K withdrawals funded, then total cash delivered, then ending balance; enforce max 10 Top-250 appearances per ticker.",207441.96175237908,153061.02355424105,0.0,0.0,0.0,0.0,0.0,0.0,0.0,0.0,0.0,0.0,0.0,0.0,0.0,0.0,0.0,0.0,0.0,0.0
93,LIN + SAN + GD + CRM,Not rebalanced,LIN,Basic Materials,Linde plc Ordinary Shares,10,SAN,Finance,Banco Santander S.A. Sponsored ADR (Spain),10,GD,Industrials,General Dynamics Corporation Common Stock,10,CRM,Technology,Salesforce Inc. Common Stock,10,0.0,0.0,0.0,0.0,0.0,0.0,0.0,0.0,0.0,0.0,0.0,0.0,0.0,0.0,0.0,0.0,0.0,-42.117220772064,39.25169220946889,26.633034851956495,2008,-42.117220772064,2007,39.25169220946889,300000.0,160000.0,20,2,No,2008,404632.27779323753,0.0,404632.27779323753,104632.27779323753,10,103,2006,2025,annual_performance_20y_160k_source.csv,"Rank by full $160K withdrawals funded, then total cash delivered, then ending balance; enforce max 10 Top-250 appearances per ticker.",219899.10455586948,146213.22424751747,0.0,0.0,0.0,0.0,0.0,0.0,0.0,0.0,0.0,0.0,0.0,0.0,0.0,0.0,0.0,0.0,0.0,0.0
94,LIN + SAN + UNP + CRM,Not rebalanced,LIN,Basic Materials,Linde plc Ordinary Shares,10,SAN,Finance,Banco Santander S.A. Sponsored ADR (Spain),10,UNP,Industrials,Union Pacific Corporation Common Stock,10,CRM,Technology,Salesforce Inc. Common Stock,10,0.0,0.0,0.0,0.0,0.0,0.0,0.0,0.0,0.0,0.0,0.0,0.0,0.0,0.0,0.0,0.0,0.0,-39.51953439129026,43.8588085584632,22.556410015751418,2008,-39.51953439129026,2007,43.8588085584632,300000.0,160000.0,20,2,No,2008,403916.9363918534,0.0,403916.9363918534,103916.93639185338,10,103,2006,2025,annual_performance_20y_160k_source.csv,"Rank by full $160K withdrawals funded, then total cash delivered, then ending balance; enforce max 10 Top-250 appearances per ticker.",207669.23004725424,138750.48008851398,0.0,0.0,0.0,0.0,0.0,0.0,0.0,0.0,0.0,0.0,0.0,0.0,0.0,0.0,0.0,0.0,0.0,0.0
95,LIN + GS + GD + CRM,Not rebalanced,LIN,Basic Materials,Linde plc Ordinary Shares,10,GS,Finance,Goldman Sachs Group Inc. (The) Common Stock,10,GD,Industrials,General Dynamics Corporation Common Stock,10,CRM,Technology,Salesforce Inc. Common Stock,10,0.0,0.0,0.0,0.0,0.0,0.0,0.0,0.0,0.0,0.0,0.0,0.0,0.0,0.0,0.0,0.0,0.0,-44.10410068091123,35.36865267591898,29.322506785310875,2008,-44.10410068091123,2007,35.36865267591898,300000.0,160000.0,20,2,No,2008,403059.3840412855,0.0,403059.3840412855,103059.38404128549,10,103,2006,2025,annual_performance_20y_160k_source.csv,"Rank by full $160K withdrawals funded, then total cash delivered, then ending balance; enforce max 10 Top-250 appearances per ticker.",227967.52035593265,148596.56084452738,0.0,0.0,0.0,0.0,0.0,0.0,0.0,0.0,0.0,0.0,0.0,0.0,0.0,0.0,0.0,0.0,0.0,0.0
96,LIN + GS + UNP + CRM,Not rebalanced,LIN,Basic Materials,Linde plc Ordinary Shares,10,GS,Finance,Goldman Sachs Group Inc. (The) Common Stock,10,UNP,Industrials,Union Pacific Corporation Common Stock,10,CRM,Technology,Salesforce Inc. Common Stock,10,0.0,0.0,0.0,0.0,0.0,0.0,0.0,0.0,0.0,0.0,0.0,0.0,0.0,0.0,0.0,0.0,0.0,-41.487815016220466,39.75044899779883,25.245881949105797,2008,-41.487815016220466,2007,39.75044899779883,300000.0,160000.0,20,2,No,2008,402791.42336741526,0.0,402791.42336741526,102791.42336741526,10,103,2006,2025,annual_performance_20y_160k_source.csv,"Rank by full $160K withdrawals funded, then total cash delivered, then ending balance; enforce max 10 Top-250 appearances per ticker.",215737.6458473174,141494.32872890716,0.0,0.0,0.0,0.0,0.0,0.0,0.0,0.0,0.0,0.0,0.0,0.0,0.0,0.0,0.0,0.0,0.0,0.0
97,LIN + DIS + GS + UNP,Not rebalanced,LIN,Basic Materials,Linde plc Ordinary Shares,10,DIS,Consumer Discretionary,Walt Disney Company (The) Common Stock,10,GS,Finance,Goldman Sachs Group Inc. (The) Common Stock,10,UNP,Industrials,Union Pacific Corporation Common Stock,10,0.0,0.0,0.0,0.0,0.0,0.0,0.0,0.0,0.0,0.0,0.0,0.0,0.0,0.0,0.0,0.0,0.0,-36.448279335528355,21.117076583681825,32.88003881446555,2008,-36.448279335528355,2006,32.88003881446555,300000.0,160000.0,20,2,No,2008,402003.28440333705,0.0,402003.28440333705,102003.28440333705,10,103,2006,2025,annual_performance_20y_160k_source.csv,"Rank by full $160K withdrawals funded, then total cash delivered, then ending balance; enforce max 10 Top-250 appearances per ticker.",238640.11644339666,129033.9325921362,0.0,0.0,0.0,0.0,0.0,0.0,0.0,0.0,0.0,0.0,0.0,0.0,0.0,0.0,0.0,0.0,0.0,0.0
98,LIN + DIS + GS + GD,Not rebalanced,LIN,Basic Materials,Linde plc Ordinary Shares,10,DIS,Consumer Discretionary,Walt Disney Company (The) Common Stock,10,GS,Finance,Goldman Sachs Group Inc. (The) Common Stock,10,GD,Industrials,General Dynamics Corporation Common Stock,10,0.0,0.0,0.0,0.0,0.0,0.0,0.0,0.0,0.0,0.0,0.0,0.0,0.0,0.0,0.0,0.0,0.0,-39.294545984117605,17.534165006234815,36.95666365067063,2008,-39.294545984117605,2006,36.95666365067063,300000.0,160000.0,20,2,No,2008,401866.1302877785,0.0,401866.1302877785,101866.1302877785,10,103,2006,2025,annual_performance_20y_160k_source.csv,"Rank by full $160K withdrawals funded, then total cash delivered, then ending balance; enforce max 10 Top-250 appearances per ticker.",250869.9909520119,134857.94911666395,0.0,0.0,0.0,0.0,0.0,0.0,0.0,0.0,0.0,0.0,0.0,0.0,0.0,0.0,0.0,0.0,0.0,0.0
99,LIN + DIS + GS + CRM,Not rebalanced,LIN,Basic Materials,Linde plc Ordinary Shares,10,DIS,Consumer Discretionary,Walt Disney Company (The) Common Stock,10,GS,Finance,Goldman Sachs Group Inc. (The) Common Stock,10,CRM,Technology,Salesforce Inc. Common Stock,10,0.0,0.0,0.0,0.0,0.0,0.0,0.0,0.0,0.0,0.0,0.0,0.0,0.0,0.0,0.0,0.0,0.0,-43.28323324544323,28.279199950004653,32.34580600613184,2008,-43.28323324544323,2006,32.34580600613184,300000.0,160000.0,20,2,No,2008,401711.6776505172,0.0,401711.6776505172,101711.6776505172,10,103,2006,2025,annual_performance_20y_160k_source.csv,"Rank by full $160K withdrawals funded, then total cash delivered, then ending balance; enforce max 10 Top-250 appearances per ticker.",237037.41801839555,144069.703416146,0.0,0.0,0.0,0.0,0.0,0.0,0.0,0.0,0.0,0.0,0.0,0.0,0.0,0.0,0.0,0.0,0.0,0.0
100,DIS + GS + UNP + CRM,Not rebalanced,DIS,Consumer Discretionary,Walt Disney Company (The) Common Stock,10,GS,Finance,Goldman Sachs Group Inc. (The) Common Stock,10,UNP,Industrials,Union Pacific Corporation Common Stock,10,CRM,Technology,Salesforce Inc. Common Stock,10,0.0,0.0,0.0,0.0,0.0,0.0,0.0,0.0,0.0,0.0,0.0,0.0,0.0,0.0,0.0,0.0,0.0,-41.33821713506751,25.36912177305044,32.81310564529003,2008,-41.33821713506751,2006,32.81310564529003,300000.0,160000.0,20,2,No,2008,401498.39116397203,0.0,401498.39116397203,101498.39116397203,10,103,2006,2025,annual_performance_20y_160k_source.csv,"Rank by full $160K withdrawals funded, then total cash delivered, then ending balance; enforce max 10 Top-250 appearances per ticker.",238439.3169358701,138929.2776041607,0.0,0.0,0.0,0.0,0.0,0.0,0.0,0.0,0.0,0.0,0.0,0.0,0.0,0.0,0.0,0.0,0.0,0.0
101,ACN + GS + UNP + CRM,Not rebalanced,ACN,Consumer Discretionary,Accenture plc Class A Ordinary Shares (Ireland),10,GS,Finance,Goldman Sachs Group Inc. (The) Common Stock,10,UNP,Industrials,Union Pacific Corporation Common Stock,10,CRM,Technology,Salesforce Inc. Common Stock,10,0.0,0.0,0.0,0.0,0.0,0.0,0.0,0.0,0.0,0.0,0.0,0.0,0.0,0.0,0.0,0.0,0.0,-37.45115027113799,26.723695184279393,29.08136553987244,2008,-37.45115027113799,2006,29.08136553987244,300000.0,160000.0,20,2,No,2008,400045.0867346643,0.0,400045.0867346643,100045.08673466428,10,103,2006,2025,annual_performance_20y_160k_source.csv,"Rank by full $160K withdrawals funded, then total cash delivered, then ending balance; enforce max 10 Top-250 appearances per ticker.",227244.0966196173,127972.11632451322,0.0,0.0,0.0,0.0,0.0,0.0,0.0,0.0,0.0,0.0,0.0,0.0,0.0,0.0,0.0,0.0,0.0,0.0
102,DIS + GS + DHR + CRM,Not rebalanced,DIS,Consumer Discretionary,Walt Disney Company (The) Common Stock,10,GS,Finance,Goldman Sachs Group Inc. (The) Common Stock,10,DHR,Industrials,Danaher Corporation Common Stock,10,CRM,Technology,Salesforce Inc. Common Stock,10,0.0,0.0,0.0,0.0,0.0,0.0,0.0,0.0,0.0,0.0,0.0,0.0,0.0,0.0,0.0,0.0,0.0,-44.4137610343696,21.643460385023204,36.35260423743056,2008,-44.4137610343696,2006,36.35260423743056,300000.0,160000.0,20,2,No,2008,399467.5000843151,0.0,399467.5000843151,99467.50008431508,10,103,2006,2025,annual_performance_20y_160k_source.csv,"Rank by full $160K withdrawals funded, then total cash delivered, then ending balance; enforce max 10 Top-250 appearances per ticker.",249057.81271229172,142962.54174248182,0.0,0.0,0.0,0.0,0.0,0.0,0.0,0.0,0.0,0.0,0.0,0.0,0.0,0.0,0.0,0.0,0.0,0.0
103,GS + SYK + UNP + CRM,Not rebalanced,GS,Finance,Goldman Sachs Group Inc. (The) Common Stock,10,SYK,Health Care,Stryker Corporation Common Stock,10,UNP,Industrials,Union Pacific Corporation Common Stock,10,CRM,Technology,Salesforce Inc. Common Stock,10,0.0,0.0,0.0,0.0,0.0,0.0,0.0,0.0,0.0,0.0,0.0,0.0,0.0,0.0,0.0,0.0,0.0,-45.007208059663306,36.137075765622704,27.880471754864278,2008,-45.007208059663306,2007,36.137075765622704,300000.0,160000.0,20,2,No,2008,399441.9729356669,0.0,399441.9729356669,99441.97293566691,10,103,2006,2025,annual_performance_20y_160k_source.csv,"Rank by full $160K withdrawals funded, then total cash delivered, then ending balance; enforce max 10 Top-250 appearances per ticker.",223641.41526459286,144458.88294206967,0.0,0.0,0.0,0.0,0.0,0.0,0.0,0.0,0.0,0.0,0.0,0.0,0.0,0.0,0.0,0.0,0.0,0.0
104,RIO + ACN + GS + UNP,Not rebalanced,RIO,Basic Materials,Rio Tinto Plc Common Stock,10,ACN,Consumer Discretionary,Accenture plc Class A Ordinary Shares (Ireland),10,GS,Finance,Goldman Sachs Group Inc. (The) Common Stock,10,UNP,Industrials,Union Pacific Corporation Common Stock,10,0.0,0.0,0.0,0.0,0.0,0.0,0.0,0.0,0.0,0.0,0.0,0.0,0.0,0.0,0.0,0.0,0.0,-48.40075614657668,34.04293506450426,30.60262216206806,2008,-48.40075614657668,2007,34.04293506450426,300000.0,160000.0,20,2,No,2008,397771.4473816769,0.0,397771.4473816769,97771.44738167687,10,103,2006,2025,annual_performance_20y_160k_source.csv,"Rank by full $160K withdrawals funded, then total cash delivered, then ending balance; enforce max 10 Top-250 appearances per ticker.",231807.8664862042,150722.06794851547,0.0,0.0,0.0,0.0,0.0,0.0,0.0,0.0,0.0,0.0,0.0,0.0,0.0,0.0,0.0,0.0,0.0,0.0
105,RIO + ACN + SYK + DHR,Not rebalanced,RIO,Basic Materials,Rio Tinto Plc Common Stock,10,ACN,Consumer Discretionary,Accenture plc Class A Ordinary Shares (Ireland),10,SYK,Health Care,Stryker Corporation Common Stock,10,DHR,Industrials,Danaher Corporation Common Stock,10,0.0,0.0,0.0,0.0,0.0,0.0,0.0,0.0,0.0,0.0,0.0,0.0,0.0,0.0,0.0,0.0,0.0,-47.820483763059876,38.24373903046045,25.927484427026748,2008,-47.820483763059876,2007,38.24373903046045,300000.0,160000.0,20,2,No,2008,393609.95995535667,0.0,393609.95995535667,93609.95995535667,10,103,2006,2025,annual_performance_20y_160k_source.csv,"Rank by full $160K withdrawals funded, then total cash delivered, then ending balance; enforce max 10 Top-250 appearances per ticker.",217782.45328108023,141070.606368031,0.0,0.0,0.0,0.0,0.0,0.0,0.0,0.0,0.0,0.0,0.0,0.0,0.0,0.0,0.0,0.0,0.0,0.0
106,RIO + ACN + CVS + DHR,Not rebalanced,RIO,Basic Materials,Rio Tinto Plc Common Stock,10,ACN,Consumer Discretionary,Accenture plc Class A Ordinary Shares (Ireland),10,CVS,Consumer Staples,CVS Health Corporation Common Stock,10,DHR,Industrials,Danaher Corporation Common Stock,10,0.0,0.0,0.0,0.0,0.0,0.0,0.0,0.0,0.0,0.0,0.0,0.0,0.0,0.0,0.0,0.0,0.0,-43.64665429111826,36.67568937567056,24.19599473883405,2008,-43.64665429111826,2007,36.67568937567056,300000.0,160000.0,20,2,No,2008,393572.72640848765,0.0,393572.72640848765,93572.72640848765,10,103,2006,2025,annual_performance_20y_160k_source.csv,"Rank by full $160K withdrawals funded, then total cash delivered, then ending balance; enforce max 10 Top-250 appearances per ticker.",212587.98421650217,130556.09295774606,0.0,0.0,0.0,0.0,0.0,0.0,0.0,0.0,0.0,0.0,0.0,0.0,0.0,0.0,0.0,0.0,0.0,0.0
107,RIO + ACN + COP + DHR,Not rebalanced,RIO,Basic Materials,Rio Tinto Plc Common Stock,10,ACN,Consumer Discretionary,Accenture plc Class A Ordinary Shares (Ireland),10,COP,Energy,ConocoPhillips Common Stock,10,DHR,Industrials,Danaher Corporation Common Stock,10,0.0,0.0,0.0,0.0,0.0,0.0,0.0,0.0,0.0,0.0,0.0,0.0,0.0,0.0,0.0,0.0,0.0,-46.414191523815674,35.5442914444956,26.42716714631055,2008,-46.414191523815674,2007,35.5442914444956,300000.0,160000.0,20,2,No,2008,393532.35264949047,0.0,393532.35264949047,93532.35264949047,10,103,2006,2025,annual_performance_20y_160k_source.csv,"Rank by full $160K withdrawals funded, then total cash delivered, then ending balance; enforce max 10 Top-250 appearances per ticker.",219281.50143893168,137223.5573942514,0.0,0.0,0.0,0.0,0.0,0.0,0.0,0.0,0.0,0.0,0.0,0.0,0.0,0.0,0.0,0.0,0.0,0.0
108,RIO + ACN + DHR + BN,Not rebalanced,RIO,Basic Materials,Rio Tinto Plc Common Stock,10,ACN,Consumer Discretionary,Accenture plc Class A Ordinary Shares (Ireland),10,DHR,Industrials,Danaher Corporation Common Stock,10,BN,Real Estate,Brookfield Corporation Class A Limited Voting Shares,10,0.0,0.0,0.0,0.0,0.0,0.0,0.0,0.0,0.0,0.0,0.0,0.0,0.0,0.0,0.0,0.0,0.0,-50.291002577632746,31.586861538099175,31.195890047552655,2008,-50.291002577632746,2007,31.586861538099175,300000.0,160000.0,20,2,No,2008,393256.48955099576,0.0,393256.48955099576,93256.48955099576,10,103,2006,2025,annual_performance_20y_160k_source.csv,"Rank by full $160K withdrawals funded, then total cash delivered, then ending balance; enforce max 10 Top-250 appearances per ticker.",233587.67014265794,147370.68408069114,0.0,0.0,0.0,0.0,0.0,0.0,0.0,0.0,0.0,0.0,0.0,0.0,0.0,0.0,0.0,0.0,0.0,0.0
109,RIO + ACN + COP + PH,Not rebalanced,RIO,Basic Materials,Rio Tinto Plc Common Stock,10,ACN,Consumer Discretionary,Accenture plc Class A Ordinary Shares (Ireland),10,COP,Energy,ConocoPhillips Common Stock,10,PH,Industrials,Parker-Hannifin Corporation Common Stock,10,0.0,0.0,0.0,0.0,0.0,0.0,0.0,0.0,0.0,0.0,0.0,0.0,0.0,0.0,0.0,0.0,0.0,-47.92786771723676,42.42981611192613,23.422051386062968,2008,-47.92786771723676,2007,42.42981611192613,300000.0,160000.0,20,2,No,2008,392631.0936227024,0.0,392631.0936227024,92631.0936227024,10,103,2006,2025,annual_performance_20y_160k_source.csv,"Rank by full $160K withdrawals funded, then total cash delivered, then ending balance; enforce max 10 Top-250 appearances per ticker.",210266.1541581889,139481.69671312755,0.0,0.0,0.0,0.0,0.0,0.0,0.0,0.0,0.0,0.0,0.0,0.0,0.0,0.0,0.0,0.0,0.0,0.0
110,RIO + ACN + SYK + PH,Not rebalanced,RIO,Basic Materials,Rio Tinto Plc Common Stock,10,ACN,Consumer Discretionary,Accenture plc Class A Ordinary Shares (Ireland),10,SYK,Health Care,Stryker Corporation Common Stock,10,PH,Industrials,Parker-Hannifin Corporation Common Stock,10,0.0,0.0,0.0,0.0,0.0,0.0,0.0,0.0,0.0,0.0,0.0,0.0,0.0,0.0,0.0,0.0,0.0,-49.27621902549224,45.223247651335456,22.922368666779146,2008,-49.27621902549224,2007,45.223247651335456,300000.0,160000.0,20,2,No,2008,392625.4834922219,0.0,392625.4834922219,92625.48349222192,10,103,2006,2025,annual_performance_20y_160k_source.csv,"Rank by full $160K withdrawals funded, then total cash delivered, then ending balance; enforce max 10 Top-250 appearances per ticker.",208767.10600033746,143178.37136139604,0.0,0.0,0.0,0.0,0.0,0.0,0.0,0.0,0.0,0.0,0.0,0.0,0.0,0.0,0.0,0.0,0.0,0.0
111,RIO + ACN + CVS + PH,Not rebalanced,RIO,Basic Materials,Rio Tinto Plc Common Stock,10,ACN,Consumer Discretionary,Accenture plc Class A Ordinary Shares (Ireland),10,CVS,Consumer Staples,CVS Health Corporation Common Stock,10,PH,Industrials,Parker-Hannifin Corporation Common Stock,10,0.0,0.0,0.0,0.0,0.0,0.0,0.0,0.0,0.0,0.0,0.0,0.0,0.0,0.0,0.0,0.0,0.0,-45.244713720361915,43.71603406389135,21.19087897858647,2008,-45.244713720361915,2007,43.71603406389135,300000.0,160000.0,20,2,No,2008,392587.17767020495,0.0,392587.17767020495,92587.17767020495,10,103,2006,2025,annual_performance_20y_160k_source.csv,"Rank by full $160K withdrawals funded, then total cash delivered, then ending balance; enforce max 10 Top-250 appearances per ticker.",203572.6369357594,132566.5202433578,0.0,0.0,0.0,0.0,0.0,0.0,0.0,0.0,0.0,0.0,0.0,0.0,0.0,0.0,0.0,0.0,0.0,0.0
112,RIO + CVS + COP + DHR,Not rebalanced,RIO,Basic Materials,Rio Tinto Plc Common Stock,10,CVS,Consumer Staples,CVS Health Corporation Common Stock,10,COP,Energy,ConocoPhillips Common Stock,10,DHR,Industrials,Danaher Corporation Common Stock,10,0.0,0.0,0.0,0.0,0.0,0.0,0.0,0.0,0.0,0.0,0.0,0.0,0.0,0.0,0.0,0.0,0.0,-49.26766124897329,43.76294300414671,23.49478367310971,2008,-49.26766124897329,2007,43.76294300414671,300000.0,160000.0,20,2,No,2008,392343.5528505061,0.0,392343.5528505061,92343.5528505061,10,103,2006,2025,annual_performance_20y_160k_source.csv,"Rank by full $160K withdrawals funded, then total cash delivered, then ending balance; enforce max 10 Top-250 appearances per ticker.",210484.35101932916,142598.49758856627,0.0,0.0,0.0,0.0,0.0,0.0,0.0,0.0,0.0,0.0,0.0,0.0,0.0,0.0,0.0,0.0,0.0,0.0
113,RIO + CVS + SYK + DHR,Not rebalanced,RIO,Basic Materials,Rio Tinto Plc Common Stock,10,CVS,Consumer Staples,CVS Health Corporation Common Stock,10,SYK,Health Care,Stryker Corporation Common Stock,10,DHR,Industrials,Danaher Corporation Common Stock,10,0.0,0.0,0.0,0.0,0.0,0.0,0.0,0.0,0.0,0.0,0.0,0.0,0.0,0.0,0.0,0.0,0.0,-50.582691472552014,46.56013865938253,22.995100953825908,2008,-50.582691472552014,2007,46.56013865938253,300000.0,160000.0,20,2,No,2008,392292.160425468,0.0,392292.160425468,92292.160425468,10,103,2006,2025,annual_performance_20y_160k_source.csv,"Rank by full $160K withdrawals funded, then total cash delivered, then ending balance; enforce max 10 Top-250 appearances per ticker.",208985.3028614777,146289.14965151233,0.0,0.0,0.0,0.0,0.0,0.0,0.0,0.0,0.0,0.0,0.0,0.0,0.0,0.0,0.0,0.0,0.0,0.0
114,CVS + SYK + DHR + BN,Not rebalanced,CVS,Consumer Staples,CVS Health Corporation Common Stock,10,SYK,Health Care,Stryker Corporation Common Stock,10,DHR,Industrials,Danaher Corporation Common Stock,10,BN,Real Estate,Brookfield Corporation Class A Limited Voting Shares,10,0.0,0.0,0.0,0.0,0.0,0.0,0.0,0.0,0.0,0.0,0.0,0.0,0.0,0.0,0.0,0.0,0.0,-41.567485628991086,24.23882035573286,29.44377292709013,2008,-41.567485628991086,2006,29.44377292709013,300000.0,160000.0,20,2,No,2008,392267.07650063786,0.0,392267.07650063786,92267.07650063786,10,103,2006,2025,annual_performance_20y_160k_source.csv,"Rank by full $160K withdrawals funded, then total cash delivered, then ending balance; enforce max 10 Top-250 appearances per ticker.",228331.3187812704,123676.13695653825,0.0,0.0,0.0,0.0,0.0,0.0,0.0,0.0,0.0,0.0,0.0,0.0,0.0,0.0,0.0,0.0,0.0,0.0
115,COP + SYK + DHR + BN,Not rebalanced,COP,Energy,ConocoPhillips Common Stock,10,SYK,Health Care,Stryker Corporation Common Stock,10,DHR,Industrials,Danaher Corporation Common Stock,10,BN,Real Estate,Brookfield Corporation Class A Limited Voting Shares,10,0.0,0.0,0.0,0.0,0.0,0.0,0.0,0.0,0.0,0.0,0.0,0.0,0.0,0.0,0.0,0.0,0.0,-44.50782822279255,23.363250321752393,31.674945334566672,2008,-44.50782822279255,2006,31.674945334566672,300000.0,160000.0,20,2,No,2008,392103.3520557621,0.0,392103.3520557621,92103.35205576208,10,103,2006,2025,annual_performance_20y_160k_source.csv,"Rank by full $160K withdrawals funded, then total cash delivered, then ending balance; enforce max 10 Top-250 appearances per ticker.",235024.83600370004,129934.2767575325,0.0,0.0,0.0,0.0,0.0,0.0,0.0,0.0,0.0,0.0,0.0,0.0,0.0,0.0,0.0,0.0,0.0,0.0
116,CVS + CME + SYK + DHR,Not rebalanced,CVS,Consumer Staples,CVS Health Corporation Common Stock,10,CME,Finance,CME Group Inc. Class A Common Stock,10,SYK,Health Care,Stryker Corporation Common Stock,10,DHR,Industrials,Danaher Corporation Common Stock,10,0.0,0.0,0.0,0.0,0.0,0.0,0.0,0.0,0.0,0.0,0.0,0.0,0.0,0.0,0.0,0.0,0.0,-45.6476170291839,30.61976173044365,27.910898614591417,2008,-45.6476170291839,2007,30.61976173044365,300000.0,160000.0,20,2,No,2008,391875.10980037175,0.0,391875.10980037175,91875.10980037175,10,103,2006,2025,annual_performance_20y_160k_source.csv,"Rank by full $160K withdrawals funded, then total cash delivered, then ending balance; enforce max 10 Top-250 appearances per ticker.",223732.69584377424,132239.1142242361,0.0,0.0,0.0,0.0,0.0,0.0,0.0,0.0,0.0,0.0,0.0,0.0,0.0,0.0,0.0,0.0,0.0,0.0
117,CVS + SYK + PH + BN,Not rebalanced,CVS,Consumer Staples,CVS Health Corporation Common Stock,10,SYK,Health Care,Stryker Corporation Common Stock,10,PH,Industrials,Parker-Hannifin Corporation Common Stock,10,BN,Real Estate,Brookfield Corporation Class A Limited Voting Shares,10,0.0,0.0,0.0,0.0,0.0,0.0,0.0,0.0,0.0,0.0,0.0,0.0,0.0,0.0,0.0,0.0,0.0,-43.30754737665129,30.691366976037358,26.43865716684257,2008,-43.30754737665129,2007,30.691366976037358,300000.0,160000.0,20,2,No,2008,391787.9753127747,0.0,391787.9753127747,91787.97531277471,10,103,2006,2025,annual_performance_20y_160k_source.csv,"Rank by full $160K withdrawals funded, then total cash delivered, then ending balance; enforce max 10 Top-250 appearances per ticker.",219315.9715005277,126627.04115081613,0.0,0.0,0.0,0.0,0.0,0.0,0.0,0.0,0.0,0.0,0.0,0.0,0.0,0.0,0.0,0.0,0.0,0.0
118,COP + SYK + PH + BN,Not rebalanced,COP,Energy,ConocoPhillips Common Stock,10,SYK,Health Care,Stryker Corporation Common Stock,10,PH,Industrials,Parker-Hannifin Corporation Common Stock,10,BN,Real Estate,Brookfield Corporation Class A Limited Voting Shares,10,0.0,0.0,0.0,0.0,0.0,0.0,0.0,0.0,0.0,0.0,0.0,0.0,0.0,0.0,0.0,0.0,0.0,-46.15303226554575,29.68345874481337,28.669829574319074,2008,-46.15303226554575,2007,29.68345874481337,300000.0,160000.0,20,2,No,2008,391668.65668118454,0.0,391668.65668118454,91668.65668118454,10,103,2006,2025,annual_performance_20y_160k_source.csv,"Rank by full $160K withdrawals funded, then total cash delivered, then ending balance; enforce max 10 Top-250 appearances per ticker.",226009.4887229572,133096.92206739984,0.0,0.0,0.0,0.0,0.0,0.0,0.0,0.0,0.0,0.0,0.0,0.0,0.0,0.0,0.0,0.0,0.0,0.0
119,CVS + COP + PH + BN,Not rebalanced,CVS,Consumer Staples,CVS Health Corporation Common Stock,10,COP,Energy,ConocoPhillips Common Stock,10,PH,Industrials,Parker-Hannifin Corporation Common Stock,10,BN,Real Estate,Brookfield Corporation Class A Limited Voting Shares,10,0.0,0.0,0.0,0.0,0.0,0.0,0.0,0.0,0.0,0.0,0.0,0.0,0.0,0.0,0.0,0.0,0.0,-41.749155845904006,28.032519210649397,26.93833988612637,2008,-41.749155845904006,2007,28.032519210649397,300000.0,160000.0,20,2,No,2008,391482.54231431906,0.0,391482.54231431906,91482.54231431906,10,103,2006,2025,annual_performance_20y_160k_source.csv,"Rank by full $160K withdrawals funded, then total cash delivered, then ending balance; enforce max 10 Top-250 appearances per ticker.",220815.01965837914,122715.0324641135,0.0,0.0,0.0,0.0,0.0,0.0,0.0,0.0,0.0,0.0,0.0,0.0,0.0,0.0,0.0,0.0,0.0,0.0
120,CVS + CME + SYK + PH,Not rebalanced,CVS,Consumer Staples,CVS Health Corporation Common Stock,10,CME,Finance,CME Group Inc. Class A Common Stock,10,SYK,Health Care,Stryker Corporation Common Stock,10,PH,Industrials,Parker-Hannifin Corporation Common Stock,10,0.0,0.0,0.0,0.0,0.0,0.0,0.0,0.0,0.0,0.0,0.0,0.0,0.0,0.0,0.0,0.0,0.0,-47.21891692214213,37.305015034062514,24.905782854343816,2008,-47.21891692214213,2007,37.305015034062514,300000.0,160000.0,20,2,No,2008,391158.23576189054,0.0,391158.23576189054,91158.23576189054,10,103,2006,2025,annual_performance_20y_160k_source.csv,"Rank by full $160K withdrawals funded, then total cash delivered, then ending balance; enforce max 10 Top-250 appearances per ticker.",214717.34856303147,134817.6877252108,0.0,0.0,0.0,0.0,0.0,0.0,0.0,0.0,0.0,0.0,0.0,0.0,0.0,0.0,0.0,0.0,0.0,0.0
121,CVS + COP + CME + PH,Not rebalanced,CVS,Consumer Staples,CVS Health Corporation Common Stock,10,COP,Energy,ConocoPhillips Common Stock,10,CME,Finance,CME Group Inc. Class A Common Stock,10,PH,Industrials,Parker-Hannifin Corporation Common Stock,10,0.0,0.0,0.0,0.0,0.0,0.0,0.0,0.0,0.0,0.0,0.0,0.0,0.0,0.0,0.0,0.0,0.0,-45.781384544445345,34.58731492876525,25.405465573627662,2008,-45.781384544445345,2007,34.58731492876525,300000.0,160000.0,20,2,No,2008,391026.30100555066,0.0,391026.30100555066,91026.30100555066,10,103,2006,2025,annual_performance_20y_160k_source.csv,"Rank by full $160K withdrawals funded, then total cash delivered, then ending balance; enforce max 10 Top-250 appearances per ticker.",216216.39672088297,130999.84278236318,0.0,0.0,0.0,0.0,0.0,0.0,0.0,0.0,0.0,0.0,0.0,0.0,0.0,0.0,0.0,0.0,0.0,0.0
122,COP + CME + PH + BN,Not rebalanced,COP,Energy,ConocoPhillips Common Stock,10,CME,Finance,CME Group Inc. Class A Common Stock,10,PH,Industrials,Parker-Hannifin Corporation Common Stock,10,BN,Real Estate,Brookfield Corporation Class A Limited Voting Shares,10,0.0,0.0,0.0,0.0,0.0,0.0,0.0,0.0,0.0,0.0,0.0,0.0,0.0,0.0,0.0,0.0,0.0,-52.42716894175617,29.65537795428379,32.405360882346244,2008,-52.42716894175617,2006,32.405360882346244,300000.0,160000.0,20,2,No,2008,390200.091041082,0.0,390200.091041082,90200.09104108199,10,103,2006,2025,annual_performance_20y_160k_source.csv,"Rank by full $160K withdrawals funded, then total cash delivered, then ending balance; enforce max 10 Top-250 appearances per ticker.",237216.08264703874,147563.4085243643,0.0,0.0,0.0,0.0,0.0,0.0,0.0,0.0,0.0,0.0,0.0,0.0,0.0,0.0,0.0,0.0,0.0,0.0
123,CME + BMY + PH + BN,Not rebalanced,CME,Finance,CME Group Inc. Class A Common Stock,10,BMY,Health Care,Bristol-Myers Squibb Company Common Stock,10,PH,Industrials,Parker-Hannifin Corporation Common Stock,10,BN,Real Estate,Brookfield Corporation Class A Limited Voting Shares,10,0.0,0.0,0.0,0.0,0.0,0.0,0.0,0.0,0.0,0.0,0.0,0.0,0.0,0.0,0.0,0.0,0.0,-46.575611554941446,24.98236708736732,30.746980165950056,2008,-46.575611554941446,2006,30.746980165950056,300000.0,160000.0,20,2,No,2008,389590.7284759684,0.0,389590.7284759684,89590.72847596841,10,103,2006,2025,annual_performance_20y_160k_source.csv,"Rank by full $160K withdrawals funded, then total cash delivered, then ending balance; enforce max 10 Top-250 appearances per ticker.",232240.94049785018,130260.2247801774,0.0,0.0,0.0,0.0,0.0,0.0,0.0,0.0,0.0,0.0,0.0,0.0,0.0,0.0,0.0,0.0,0.0,0.0
124,COP + CME + BMY + BN,Not rebalanced,COP,Energy,ConocoPhillips Common Stock,10,CME,Finance,CME Group Inc. Class A Common Stock,10,BMY,Health Care,Bristol-Myers Squibb Company Common Stock,10,BN,Real Estate,Brookfield Corporation Class A Limited Voting Shares,10,0.0,0.0,0.0,0.0,0.0,0.0,0.0,0.0,0.0,0.0,0.0,0.0,0.0,0.0,0.0,0.0,0.0,-45.99372692083213,19.832409012789864,32.879570219941236,2008,-45.99372692083213,2006,32.879570219941236,300000.0,160000.0,20,2,No,2008,388029.8205224556,0.0,388029.8205224556,88029.82052245561,10,103,2006,2025,annual_performance_20y_160k_source.csv,"Rank by full $160K withdrawals funded, then total cash delivered, then ending balance; enforce max 10 Top-250 appearances per ticker.",238638.71065982373,125966.51582072815,0.0,0.0,0.0,0.0,0.0,0.0,0.0,0.0,0.0,0.0,0.0,0.0,0.0,0.0,0.0,0.0,0.0,0.0
125,AMZN + COP + CME + BN,Not rebalanced,AMZN,Consumer Discretionary,Amazon.com Inc. Common Stock,10,COP,Energy,ConocoPhillips Common Stock,10,CME,Finance,CME Group Inc. Class A Common Stock,10,BN,Real Estate,Brookfield Corporation Class A Limited Voting Shares,10,0.0,0.0,0.0,0.0,0.0,0.0,0.0,0.0,0.0,0.0,0.0,0.0,0.0,0.0,0.0,0.0,0.0,-52.71474165850017,42.89241575069902,23.827193410278568,2008,-52.71474165850017,2007,42.89241575069902,300000.0,160000.0,20,2,No,2008,387235.4473484797,0.0,387235.4473484797,87235.4473484797,10,103,2006,2025,annual_performance_20y_160k_source.csv,"Rank by full $160K withdrawals funded, then total cash delivered, then ending balance; enforce max 10 Top-250 appearances per ticker.",211481.5802308357,142191.13885959378,0.0,0.0,0.0,0.0,0.0,0.0,0.0,0.0,0.0,0.0,0.0,0.0,0.0,0.0,0.0,0.0,0.0,0.0
126,TTE + CME + MO + IBM,Not rebalanced,TTE,Energy,TotalEnergies SE Ordinary Shares,10,CME,Finance,CME Group Inc. Class A Common Stock,10,MO,Health Care,Altria Group Inc.,10,IBM,Technology,International Business Machines Corporation Common Stock,10,0.0,0.0,0.0,0.0,0.0,0.0,0.0,0.0,0.0,0.0,0.0,0.0,0.0,0.0,0.0,0.0,0.0,-40.170071439525614,22.842646614389395,25.08694704529686,2008,-40.170071439525614,2006,25.08694704529686,300000.0,160000.0,20,2,No,2008,382481.6594251887,0.0,382481.6594251887,82481.65942518873,10,103,2006,2025,annual_performance_20y_160k_source.csv,"Rank by full $160K withdrawals funded, then total cash delivered, then ending balance; enforce max 10 Top-250 appearances per ticker.",215260.84113589057,104432.11437572422,0.0,0.0,0.0,0.0,0.0,0.0,0.0,0.0,0.0,0.0,0.0,0.0,0.0,0.0,0.0,0.0,0.0,0.0
127,AMZN + TTE + CME + BMY,Not rebalanced,AMZN,Consumer Discretionary,Amazon.com Inc. Common Stock,10,TTE,Energy,TotalEnergies SE Ordinary Shares,10,CME,Finance,CME Group Inc. Class A Common Stock,10,BMY,Health Care,Bristol-Myers Squibb Company Common Stock,10,0.0,0.0,0.0,0.0,0.0,0.0,0.0,0.0,0.0,0.0,0.0,0.0,0.0,0.0,0.0,0.0,0.0,-40.94128025127054,41.09937615640655,16.074506961335743,2008,-40.94128025127054,2007,41.09937615640655,300000.0,160000.0,20,2,No,2008,382355.5037213203,0.0,382355.5037213203,82355.5037213203,10,103,2006,2025,annual_performance_20y_160k_source.csv,"Rank by full $160K withdrawals funded, then total cash delivered, then ending balance; enforce max 10 Top-250 appearances per ticker.",188223.52088400722,105582.21374695777,0.0,0.0,0.0,0.0,0.0,0.0,0.0,0.0,0.0,0.0,0.0,0.0,0.0,0.0,0.0,0.0,0.0,0.0
128,AMZN + TTE + CME + MO,Not rebalanced,AMZN,Consumer Discretionary,Amazon.com Inc. Common Stock,10,TTE,Energy,TotalEnergies SE Ordinary Shares,10,CME,Finance,CME Group Inc. Class A Common Stock,10,MO,Health Care,Altria Group Inc.,10,0.0,0.0,0.0,0.0,0.0,0.0,0.0,0.0,0.0,0.0,0.0,0.0,0.0,0.0,0.0,0.0,0.0,-45.3471330779174,45.600674123033194,16.065998589413354,2008,-45.3471330779174,2007,45.600674123033194,300000.0,160000.0,20,2,No,2008,382313.86015602516,0.0,382313.86015602516,82313.86015602516,10,103,2006,2025,annual_performance_20y_160k_source.csv,"Rank by full $160K withdrawals funded, then total cash delivered, then ending balance; enforce max 10 Top-250 appearances per ticker.",188197.99576824007,114017.55052459496,0.0,0.0,0.0,0.0,0.0,0.0,0.0,0.0,0.0,0.0,0.0,0.0,0.0,0.0,0.0,0.0,0.0,0.0
129,AMZN + TTE + BBVA + MO,Not rebalanced,AMZN,Consumer Discretionary,Amazon.com Inc. Common Stock,10,TTE,Energy,TotalEnergies SE Ordinary Shares,10,BBVA,Finance,Banco Bilbao Vizcaya Argentaria S.A. Common Stock,10,MO,Health Care,Altria Group Inc.,10,0.0,0.0,0.0,0.0,0.0,0.0,0.0,0.0,0.0,0.0,0.0,0.0,0.0,0.0,0.0,0.0,0.0,-38.3793594760554,36.372452106575956,16.025394766658252,2008,-38.3793594760554,2007,36.372452106575956,300000.0,160000.0,20,2,No,2008,379454.12310941174,0.0,379454.12310941174,79454.12310941174,10,103,2006,2025,annual_performance_20y_160k_source.csv,"Rank by full $160K withdrawals funded, then total cash delivered, then ending balance; enforce max 10 Top-250 appearances per ticker.",188076.18429997476,96484.10435835863,0.0,0.0,0.0,0.0,0.0,0.0,0.0,0.0,0.0,0.0,0.0,0.0,0.0,0.0,0.0,0.0,0.0,0.0
130,FCX + TTE + BBVA + BMY,Not rebalanced,FCX,Basic Materials,Freeport-McMoRan Inc. Common Stock,10,TTE,Energy,TotalEnergies SE Ordinary Shares,10,BBVA,Finance,Banco Bilbao Vizcaya Argentaria S.A. Common Stock,10,BMY,Health Care,Bristol-Myers Squibb Company Common Stock,10,0.0,0.0,0.0,0.0,0.0,0.0,0.0,0.0,0.0,0.0,0.0,0.0,0.0,0.0,0.0,0.0,0.0,-43.95539962323753,26.838553069491454,23.000817698050156,2008,-43.95539962323753,2007,26.838553069491454,300000.0,160000.0,20,2,No,2008,378900.4580077778,0.0,378900.4580077778,78900.45800777781,10,103,2006,2025,annual_performance_20y_160k_source.csv,"Rank by full $160K withdrawals funded, then total cash delivered, then ending balance; enforce max 10 Top-250 appearances per ticker.",209002.45309415046,105095.68738436303,0.0,0.0,0.0,0.0,0.0,0.0,0.0,0.0,0.0,0.0,0.0,0.0,0.0,0.0,0.0,0.0,0.0,0.0
131,AMZN + TTE + BBVA + ASML,Not rebalanced,AMZN,Consumer Discretionary,Amazon.com Inc. Common Stock,10,TTE,Energy,TotalEnergies SE Ordinary Shares,10,BBVA,Finance,Banco Bilbao Vizcaya Argentaria S.A. Common Stock,10,ASML,Technology,ASML Holding N.V. New York Registry Shares,10,0.0,0.0,0.0,0.0,0.0,0.0,0.0,0.0,0.0,0.0,0.0,0.0,0.0,0.0,0.0,0.0,0.0,-40.719924314869836,36.31418733590228,16.72377298654737,2008,-40.719924314869836,2007,36.31418733590228,300000.0,160000.0,20,2,No,2008,378823.90838070784,0.0,378823.90838070784,78823.90838070784,10,103,2006,2025,annual_performance_20y_160k_source.csv,"Rank by full $160K withdrawals funded, then total cash delivered, then ending balance; enforce max 10 Top-250 appearances per ticker.",190171.31895964209,99230.48798580276,0.0,0.0,0.0,0.0,0.0,0.0,0.0,0.0,0.0,0.0,0.0,0.0,0.0,0.0,0.0,0.0,0.0,0.0
132,AMZN + SHEL + BBVA + MO,Not rebalanced,AMZN,Consumer Discretionary,Amazon.com Inc. Common Stock,10,SHEL,Energy,Shell PLC American Depositary Shares (each representing two (2) Ordinary Shares),10,BBVA,Finance,Banco Bilbao Vizcaya Argentaria S.A. Common Stock,10,MO,Health Care,Altria Group Inc.,10,0.0,0.0,0.0,0.0,0.0,0.0,0.0,0.0,0.0,0.0,0.0,0.0,0.0,0.0,0.0,0.0,0.0,-39.353166758307836,37.613020805896284,15.55371695514436,2008,-39.353166758307836,2007,37.613020805896284,300000.0,160000.0,20,2,No,2008,378748.6167003299,0.0,378748.6167003299,78748.61670032988,10,103,2006,2025,annual_performance_20y_160k_source.csv,"Rank by full $160K withdrawals funded, then total cash delivered, then ending balance; enforce max 10 Top-250 appearances per ticker.",186661.1508654331,96870.0483769739,0.0,0.0,0.0,0.0,0.0,0.0,0.0,0.0,0.0,0.0,0.0,0.0,0.0,0.0,0.0,0.0,0.0,0.0
133,TTE + BBVA + MO + ASML,Not rebalanced,TTE,Energy,TotalEnergies SE Ordinary Shares,10,BBVA,Finance,Banco Bilbao Vizcaya Argentaria S.A. Common Stock,10,MO,Health Care,Altria Group Inc.,10,ASML,Technology,ASML Holding N.V. New York Registry Shares,10,0.0,0.0,0.0,0.0,0.0,0.0,0.0,0.0,0.0,0.0,0.0,0.0,0.0,0.0,0.0,0.0,0.0,-37.05809517950672,16.57740747057379,25.76764142428769,2008,-37.05809517950672,2006,25.76764142428769,300000.0,160000.0,20,2,No,2008,378741.23477496835,0.0,378741.23477496835,78741.23477496835,10,103,2006,2025,annual_performance_20y_160k_source.csv,"Rank by full $160K withdrawals funded, then total cash delivered, then ending balance; enforce max 10 Top-250 appearances per ticker.",217302.92427286308,93326.11547504796,0.0,0.0,0.0,0.0,0.0,0.0,0.0,0.0,0.0,0.0,0.0,0.0,0.0,0.0,0.0,0.0,0.0,0.0
134,FCX + TTE + BBVA + MO,Not rebalanced,FCX,Basic Materials,Freeport-McMoRan Inc. Common Stock,10,TTE,Energy,TotalEnergies SE Ordinary Shares,10,BBVA,Finance,Banco Bilbao Vizcaya Argentaria S.A. Common Stock,10,MO,Health Care,Altria Group Inc.,10,0.0,0.0,0.0,0.0,0.0,0.0,0.0,0.0,0.0,0.0,0.0,0.0,0.0,0.0,0.0,0.0,0.0,-48.47608223733621,31.085373947317763,22.992309326127767,2008,-48.47608223733621,2007,31.085373947317763,300000.0,160000.0,20,2,No,2008,378705.41802987223,0.0,378705.41802987223,78705.41802987223,10,103,2006,2025,annual_performance_20y_160k_source.csv,"Rank by full $160K withdrawals funded, then total cash delivered, then ending balance; enforce max 10 Top-250 appearances per ticker.",208976.92797838332,113938.1875040807,0.0,0.0,0.0,0.0,0.0,0.0,0.0,0.0,0.0,0.0,0.0,0.0,0.0,0.0,0.0,0.0,0.0,0.0
135,AMZN + BBVA + MO + ASML,Not rebalanced,AMZN,Consumer Discretionary,Amazon.com Inc. Common Stock,10,BBVA,Finance,Banco Bilbao Vizcaya Argentaria S.A. Common Stock,10,MO,Health Care,Altria Group Inc.,10,ASML,Technology,ASML Holding N.V. New York Registry Shares,10,0.0,0.0,0.0,0.0,0.0,0.0,0.0,0.0,0.0,0.0,0.0,0.0,0.0,0.0,0.0,0.0,0.0,-41.02976195555187,37.21229152887737,16.38246672953334,2008,-41.02976195555187,2007,37.21229152887737,300000.0,160000.0,20,2,No,2008,378695.1313672623,0.0,378695.1313672623,78695.13136726228,10,103,2006,2025,annual_performance_20y_160k_source.csv,"Rank by full $160K withdrawals funded, then total cash delivered, then ending balance; enforce max 10 Top-250 appearances per ticker.",189147.4001886,99533.48216607416,0.0,0.0,0.0,0.0,0.0,0.0,0.0,0.0,0.0,0.0,0.0,0.0,0.0,0.0,0.0,0.0,0.0,0.0
136,AMZN + TTE + BBVA + BMY,Not rebalanced,AMZN,Consumer Discretionary,Amazon.com Inc. Common Stock,10,TTE,Energy,TotalEnergies SE Ordinary Shares,10,BBVA,Finance,Banco Bilbao Vizcaya Argentaria S.A. Common Stock,10,BMY,Health Care,Bristol-Myers Squibb Company Common Stock,10,0.0,0.0,0.0,0.0,0.0,0.0,0.0,0.0,0.0,0.0,0.0,0.0,0.0,0.0,0.0,0.0,0.0,-33.42614822641522,31.870255671856086,16.03390313858064,2008,-33.42614822641522,2007,31.870255671856086,300000.0,160000.0,20,2,No,2008,378618.41304936423,0.0,378618.41304936423,78618.41304936423,10,103,2006,2025,annual_performance_20y_160k_source.csv,"Rank by full $160K withdrawals funded, then total cash delivered, then ending balance; enforce max 10 Top-250 appearances per ticker.",188101.7094157419,88050.20512967059,0.0,0.0,0.0,0.0,0.0,0.0,0.0,0.0,0.0,0.0,0.0,0.0,0.0,0.0,0.0,0.0,0.0,0.0
137,AMZN + TTE + BBVA + IBM,Not rebalanced,AMZN,Consumer Discretionary,Amazon.com Inc. Common Stock,10,TTE,Energy,TotalEnergies SE Ordinary Shares,10,BBVA,Finance,Banco Bilbao Vizcaya Argentaria S.A. Common Stock,10,IBM,Technology,International Business Machines Corporation Common Stock,10,0.0,0.0,0.0,0.0,0.0,0.0,0.0,0.0,0.0,0.0,0.0,0.0,0.0,0.0,0.0,0.0,0.0,-36.21565774158625,33.952592743172616,16.002474784801436,2008,-36.21565774158625,2007,33.952592743172616,300000.0,160000.0,20,2,No,2008,378580.062625197,0.0,378580.062625197,78580.062625197,10,103,2006,2025,annual_performance_20y_160k_source.csv,"Rank by full $160K withdrawals funded, then total cash delivered, then ending balance; enforce max 10 Top-250 appearances per ticker.",188007.42435440433,91840.81947238347,0.0,0.0,0.0,0.0,0.0,0.0,0.0,0.0,0.0,0.0,0.0,0.0,0.0,0.0,0.0,0.0,0.0,0.0
138,AMZN + BBVA + MO + IBM,Not rebalanced,AMZN,Consumer Discretionary,Amazon.com Inc. Common Stock,10,BBVA,Finance,Banco Bilbao Vizcaya Argentaria S.A. Common Stock,10,MO,Health Care,Altria Group Inc.,10,IBM,Technology,International Business Machines Corporation Common Stock,10,0.0,0.0,0.0,0.0,0.0,0.0,0.0,0.0,0.0,0.0,0.0,0.0,0.0,0.0,0.0,0.0,0.0,-36.54964042086417,34.84932892237376,15.661168527787407,2008,-36.54964042086417,2007,34.84932892237376,300000.0,160000.0,20,2,No,2008,378466.9699079923,0.0,378466.9699079923,78466.96990799229,10,103,2006,2025,annual_performance_20y_160k_source.csv,"Rank by full $160K withdrawals funded, then total cash delivered, then ending balance; enforce max 10 Top-250 appearances per ticker.",186983.5055833622,92146.00247469323,0.0,0.0,0.0,0.0,0.0,0.0,0.0,0.0,0.0,0.0,0.0,0.0,0.0,0.0,0.0,0.0,0.0,0.0
139,FCX + ENB + BNY + MO,Not rebalanced,FCX,Basic Materials,Freeport-McMoRan Inc. Common Stock,10,ENB,Energy,Enbridge Inc Common Stock,10,BNY,Finance,The Bank of New York Mellon Corporation Common Stock,10,MO,Health Care,Altria Group Inc.,10,0.0,0.0,0.0,0.0,0.0,0.0,0.0,0.0,0.0,0.0,0.0,0.0,0.0,0.0,0.0,0.0,0.0,-44.71952444598044,36.54788116429793,17.968323399316265,2008,-44.71952444598044,2007,36.54788116429793,300000.0,160000.0,20,2,No,2008,377919.08356465946,0.0,377919.08356465946,77919.08356465946,10,103,2006,2025,annual_performance_20y_160k_source.csv,"Rank by full $160K withdrawals funded, then total cash delivered, then ending balance; enforce max 10 Top-250 appearances per ticker.",193904.9701979488,104773.12827756244,0.0,0.0,0.0,0.0,0.0,0.0,0.0,0.0,0.0,0.0,0.0,0.0,0.0,0.0,0.0,0.0,0.0,0.0
140,FCX + BNY + MO + IBM,Not rebalanced,FCX,Basic Materials,Freeport-McMoRan Inc. Common Stock,10,BNY,Finance,The Bank of New York Mellon Corporation Common Stock,10,MO,Health Care,Altria Group Inc.,10,IBM,Technology,International Business Machines Corporation Common Stock,10,0.0,0.0,0.0,0.0,0.0,0.0,0.0,0.0,0.0,0.0,0.0,0.0,0.0,0.0,0.0,0.0,0.0,-45.60881788855406,34.19807563029218,19.517661242050256,2008,-45.60881788855406,2007,34.19807563029218,300000.0,160000.0,20,2,No,2008,377901.7430772002,0.0,377901.7430772002,77901.7430772002,10,103,2006,2025,annual_performance_20y_160k_source.csv,"Rank by full $160K withdrawals funded, then total cash delivered, then ending balance; enforce max 10 Top-250 appearances per ticker.",198552.98372615076,106454.28326702147,0.0,0.0,0.0,0.0,0.0,0.0,0.0,0.0,0.0,0.0,0.0,0.0,0.0,0.0,0.0,0.0,0.0,0.0
141,FCX + SHEL + BNY + BMY,Not rebalanced,FCX,Basic Materials,Freeport-McMoRan Inc. Common Stock,10,SHEL,Energy,Shell PLC American Depositary Shares (each representing two (2) Ordinary Shares),10,BNY,Finance,The Bank of New York Mellon Corporation Common Stock,10,BMY,Health Care,Bristol-Myers Squibb Company Common Stock,10,0.0,0.0,0.0,0.0,0.0,0.0,0.0,0.0,0.0,0.0,0.0,0.0,0.0,0.0,0.0,0.0,0.0,-43.69992010725458,32.49730345256931,19.418718041329598,2008,-43.69992010725458,2007,32.49730345256931,300000.0,160000.0,20,2,No,2008,377811.2067716531,0.0,377811.2067716531,77811.20677165309,10,103,2006,2025,annual_performance_20y_160k_source.csv,"Rank by full $160K withdrawals funded, then total cash delivered, then ending balance; enforce max 10 Top-250 appearances per ticker.",198256.15412398876,102684.05814305489,0.0,0.0,0.0,0.0,0.0,0.0,0.0,0.0,0.0,0.0,0.0,0.0,0.0,0.0,0.0,0.0,0.0,0.0
142,FCX + BNY + BMY + IBM,Not rebalanced,FCX,Basic Materials,Freeport-McMoRan Inc. Common Stock,10,BNY,Finance,The Bank of New York Mellon Corporation Common Stock,10,BMY,Health Care,Bristol-Myers Squibb Company Common Stock,10,IBM,Technology,International Business Machines Corporation Common Stock,10,0.0,0.0,0.0,0.0,0.0,0.0,0.0,0.0,0.0,0.0,0.0,0.0,0.0,0.0,0.0,0.0,0.0,-40.96751138639155,29.827577300926112,19.526169613972645,2008,-40.96751138639155,2007,29.827577300926112,300000.0,160000.0,20,2,No,2008,377739.48057596874,0.0,377739.48057596874,77739.48057596874,10,103,2006,2025,annual_performance_20y_160k_source.csv,"Rank by full $160K withdrawals funded, then total cash delivered, then ending balance; enforce max 10 Top-250 appearances per ticker.",198578.5088419179,97809.66706976737,0.0,0.0,0.0,0.0,0.0,0.0,0.0,0.0,0.0,0.0,0.0,0.0,0.0,0.0,0.0,0.0,0.0,0.0
143,FCX + ENB + BNY + BMY,Not rebalanced,FCX,Basic Materials,Freeport-McMoRan Inc. Common Stock,10,ENB,Energy,Enbridge Inc Common Stock,10,BNY,Finance,The Bank of New York Mellon Corporation Common Stock,10,BMY,Health Care,Bristol-Myers Squibb Company Common Stock,10,0.0,0.0,0.0,0.0,0.0,0.0,0.0,0.0,0.0,0.0,0.0,0.0,0.0,0.0,0.0,0.0,0.0,-40.06910967968685,32.119817536976704,17.976831771238654,2008,-40.06910967968685,2007,32.119817536976704,300000.0,160000.0,20,2,No,2008,377665.8721743267,0.0,377665.8721743267,77665.87217432668,10,103,2006,2025,annual_performance_20y_160k_source.csv,"Rank by full $160K withdrawals funded, then total cash delivered, then ending balance; enforce max 10 Top-250 appearances per ticker.",193930.49531371595,96220.61655703664,0.0,0.0,0.0,0.0,0.0,0.0,0.0,0.0,0.0,0.0,0.0,0.0,0.0,0.0,0.0,0.0,0.0,0.0
144,FCX + BNY + BMY + ASML,Not rebalanced,FCX,Basic Materials,Freeport-McMoRan Inc. Common Stock,10,BNY,Finance,The Bank of New York Mellon Corporation Common Stock,10,BMY,Health Care,Bristol-Myers Squibb Company Common Stock,10,ASML,Technology,ASML Holding N.V. New York Registry Shares,10,0.0,0.0,0.0,0.0,0.0,0.0,0.0,0.0,0.0,0.0,0.0,0.0,0.0,0.0,0.0,0.0,0.0,-45.366414954739874,32.14471214301453,20.24746781571858,2008,-45.366414954739874,2007,32.14471214301453,300000.0,160000.0,20,2,No,2008,377513.0324019729,0.0,377513.0324019729,77513.03240197292,10,103,2006,2025,annual_performance_20y_160k_source.csv,"Rank by full $160K withdrawals funded, then total cash delivered, then ending balance; enforce max 10 Top-250 appearances per ticker.",200742.40344715572,105270.47118421277,0.0,0.0,0.0,0.0,0.0,0.0,0.0,0.0,0.0,0.0,0.0,0.0,0.0,0.0,0.0,0.0,0.0,0.0
145,FCX + ENB + BNY + IBM,Not rebalanced,FCX,Basic Materials,Freeport-McMoRan Inc. Common Stock,10,ENB,Energy,Enbridge Inc Common Stock,10,BNY,Finance,The Bank of New York Mellon Corporation Common Stock,10,IBM,Technology,International Business Machines Corporation Common Stock,10,0.0,0.0,0.0,0.0,0.0,0.0,0.0,0.0,0.0,0.0,0.0,0.0,0.0,0.0,0.0,0.0,0.0,-42.70860106306014,34.16791852207772,17.94540341745945,2008,-42.70860106306014,2007,34.16791852207772,300000.0,160000.0,20,2,No,2008,377329.2162088941,0.0,377329.2162088941,77329.2162088941,10,103,2006,2025,annual_performance_20y_160k_source.csv,"Rank by full $160K withdrawals funded, then total cash delivered, then ending balance; enforce max 10 Top-250 appearances per ticker.",193836.21025237837,100066.00863769423,0.0,0.0,0.0,0.0,0.0,0.0,0.0,0.0,0.0,0.0,0.0,0.0,0.0,0.0,0.0,0.0,0.0,0.0
146,FCX + SHEL + BNY + IBM,Not rebalanced,FCX,Basic Materials,Freeport-McMoRan Inc. Common Stock,10,SHEL,Energy,Shell PLC American Depositary Shares (each representing two (2) Ordinary Shares),10,BNY,Finance,The Bank of New York Mellon Corporation Common Stock,10,IBM,Technology,International Business Machines Corporation Common Stock,10,0.0,0.0,0.0,0.0,0.0,0.0,0.0,0.0,0.0,0.0,0.0,0.0,0.0,0.0,0.0,0.0,0.0,-46.2470202207248,34.520768105469735,19.387289687550393,2008,-46.2470202207248,2007,34.520768105469735,300000.0,160000.0,20,2,No,2008,377283.9422579911,0.0,377283.9422579911,77283.94225799112,10,103,2006,2025,annual_performance_20y_160k_source.csv,"Rank by full $160K withdrawals funded, then total cash delivered, then ending balance; enforce max 10 Top-250 appearances per ticker.",198161.86906265118,106568.86835523357,0.0,0.0,0.0,0.0,0.0,0.0,0.0,0.0,0.0,0.0,0.0,0.0,0.0,0.0,0.0,0.0,0.0,0.0
147,SHEL + BNY + BMY + ASML,Not rebalanced,SHEL,Energy,Shell PLC American Depositary Shares (each representing two (2) Ordinary Shares),10,BNY,Finance,The Bank of New York Mellon Corporation Common Stock,10,BMY,Health Care,Bristol-Myers Squibb Company Common Stock,10,ASML,Technology,ASML Holding N.V. New York Registry Shares,10,0.0,0.0,0.0,0.0,0.0,0.0,0.0,0.0,0.0,0.0,0.0,0.0,0.0,0.0,0.0,0.0,0.0,-31.55774563844306,17.532979929193004,22.194050139489498,2008,-31.55774563844306,2006,22.194050139489498,300000.0,160000.0,20,2,No,2008,376671.6631767855,0.0,376671.6631767855,76671.66317678551,10,103,2006,2025,annual_performance_20y_160k_source.csv,"Rank by full $160K withdrawals funded, then total cash delivered, then ending balance; enforce max 10 Top-250 appearances per ticker.",206582.15041846852,82802.15738863387,0.0,0.0,0.0,0.0,0.0,0.0,0.0,0.0,0.0,0.0,0.0,0.0,0.0,0.0,0.0,0.0,0.0,0.0
148,PG + SHEL + BNY + ASML,Not rebalanced,PG,Consumer Discretionary,Procter & Gamble Company (The) Common Stock,10,SHEL,Energy,Shell PLC American Depositary Shares (each representing two (2) Ordinary Shares),10,BNY,Finance,The Bank of New York Mellon Corporation Common Stock,10,ASML,Technology,ASML Holding N.V. New York Registry Shares,10,0.0,0.0,0.0,0.0,0.0,0.0,0.0,0.0,0.0,0.0,0.0,0.0,0.0,0.0,0.0,0.0,0.0,-33.03869858526879,20.490025977566617,20.564916524239308,2008,-33.03869858526879,2006,20.564916524239308,300000.0,160000.0,20,2,No,2008,375592.64926302916,0.0,375592.64926302916,75592.64926302916,10,103,2006,2025,annual_performance_20y_160k_source.csv,"Rank by full $160K withdrawals funded, then total cash delivered, then ending balance; enforce max 10 Top-250 appearances per ticker.",201694.74957271793,83022.05615555582,0.0,0.0,0.0,0.0,0.0,0.0,0.0,0.0,0.0,0.0,0.0,0.0,0.0,0.0,0.0,0.0,0.0,0.0
149,COST + SHEL + RY + ASML,Not rebalanced,COST,Consumer Discretionary,Costco Wholesale Corporation Common Stock,10,SHEL,Energy,Shell PLC American Depositary Shares (each representing two (2) Ordinary Shares),10,RY,Finance,Royal Bank Of Canada Common Stock,10,ASML,Technology,ASML Holding N.V. New York Registry Shares,10,0.0,0.0,0.0,0.0,0.0,0.0,0.0,0.0,0.0,0.0,0.0,0.0,0.0,0.0,0.0,0.0,0.0,-34.77021999366294,21.9871852288515,18.981037563972713,2008,-34.77021999366294,2007,21.9871852288515,300000.0,160000.0,20,2,No,2008,372343.8715812677,0.0,372343.8715812677,72343.87158126768,10,103,2006,2025,annual_performance_20y_160k_source.csv,"Rank by full $160K withdrawals funded, then total cash delivered, then ending balance; enforce max 10 Top-250 appearances per ticker.",196943.11269191816,80245.35967495601,0.0,0.0,0.0,0.0,0.0,0.0,0.0,0.0,0.0,0.0,0.0,0.0,0.0,0.0,0.0,0.0,0.0,0.0
150,PG + SHEL + RY + ASML,Not rebalanced,PG,Consumer Discretionary,Procter & Gamble Company (The) Common Stock,10,SHEL,Energy,Shell PLC American Depositary Shares (each representing two (2) Ordinary Shares),10,RY,Finance,Royal Bank Of Canada Common Stock,10,ASML,Technology,ASML Holding N.V. New York Registry Shares,10,0.0,0.0,0.0,0.0,0.0,0.0,0.0,0.0,0.0,0.0,0.0,0.0,0.0,0.0,0.0,0.0,0.0,-32.6226139632126,18.210230358986212,20.349726372042866,2008,-32.6226139632126,2006,20.349726372042866,300000.0,160000.0,20,2,No,2008,372325.7481340259,0.0,372325.7481340259,72325.7481340259,10,103,2006,2025,annual_performance_20y_160k_source.csv,"Rank by full $160K withdrawals funded, then total cash delivered, then ending balance; enforce max 10 Top-250 appearances per ticker.",201049.1791161286,77660.69776802638,0.0,0.0,0.0,0.0,0.0,0.0,0.0,0.0,0.0,0.0,0.0,0.0,0.0,0.0,0.0,0.0,0.0,0.0
151,SHEL + RY + RTX + ASML,Not rebalanced,SHEL,Energy,Shell PLC American Depositary Shares (each representing two (2) Ordinary Shares),10,RY,Finance,Royal Bank Of Canada Common Stock,10,RTX,Industrials,RTX Corporation Common Stock,10,ASML,Technology,ASML Holding N.V. New York Registry Shares,10,0.0,0.0,0.0,0.0,0.0,0.0,0.0,0.0,0.0,0.0,0.0,0.0,0.0,0.0,0.0,0.0,0.0,-35.9136423866529,20.054028834045944,20.41792232418267,2008,-35.9136423866529,2006,20.41792232418267,300000.0,160000.0,20,2,No,2008,372302.9627352938,0.0,372302.9627352938,72302.96273529378,10,103,2006,2025,annual_performance_20y_160k_source.csv,"Rank by full $160K withdrawals funded, then total cash delivered, then ending balance; enforce max 10 Top-250 appearances per ticker.",201253.76697254798,81613.25543082634,0.0,0.0,0.0,0.0,0.0,0.0,0.0,0.0,0.0,0.0,0.0,0.0,0.0,0.0,0.0,0.0,0.0,0.0
152,PG + SHEL + RTX + ASML,Not rebalanced,PG,Consumer Discretionary,Procter & Gamble Company (The) Common Stock,10,SHEL,Energy,Shell PLC American Depositary Shares (each representing two (2) Ordinary Shares),10,RTX,Industrials,RTX Corporation Common Stock,10,ASML,Technology,ASML Holding N.V. New York Registry Shares,10,0.0,0.0,0.0,0.0,0.0,0.0,0.0,0.0,0.0,0.0,0.0,0.0,0.0,0.0,0.0,0.0,0.0,-29.957763859778076,21.75690324766468,17.260775223951196,2008,-29.957763859778076,2007,21.75690324766468,300000.0,160000.0,20,2,No,2008,371486.8015352555,0.0,371486.8015352555,71486.80153525551,10,103,2006,2025,annual_performance_20y_160k_source.csv,"Rank by full $160K withdrawals funded, then total cash delivered, then ending balance; enforce max 10 Top-250 appearances per ticker.",191782.3256718536,73508.22071439994,0.0,0.0,0.0,0.0,0.0,0.0,0.0,0.0,0.0,0.0,0.0,0.0,0.0,0.0,0.0,0.0,0.0,0.0
153,SHEL + RY + RTX + IBM,Not rebalanced,SHEL,Energy,Shell PLC American Depositary Shares (each representing two (2) Ordinary Shares),10,RY,Finance,Royal Bank Of Canada Common Stock,10,RTX,Industrials,RTX Corporation Common Stock,10,IBM,Technology,International Business Machines Corporation Common Stock,10,0.0,0.0,0.0,0.0,0.0,0.0,0.0,0.0,0.0,0.0,0.0,0.0,0.0,0.0,0.0,0.0,0.0,-30.817196349107057,17.667334619593245,19.696624122436734,2008,-30.817196349107057,2006,19.696624122436734,300000.0,160000.0,20,2,No,2008,371377.74179494166,0.0,371377.74179494166,71377.74179494166,10,103,2006,2025,annual_performance_20y_160k_source.csv,"Rank by full $160K withdrawals funded, then total cash delivered, then ending balance; enforce max 10 Top-250 appearances per ticker.",199089.87236731022,74263.74631216394,0.0,0.0,0.0,0.0,0.0,0.0,0.0,0.0,0.0,0.0,0.0,0.0,0.0,0.0,0.0,0.0,0.0,0.0
154,ENB + RY + RTX + IBM,Not rebalanced,ENB,Energy,Enbridge Inc Common Stock,10,RY,Finance,Royal Bank Of Canada Common Stock,10,RTX,Industrials,RTX Corporation Common Stock,10,IBM,Technology,International Business Machines Corporation Common Stock,10,0.0,0.0,0.0,0.0,0.0,0.0,0.0,0.0,0.0,0.0,0.0,0.0,0.0,0.0,0.0,0.0,0.0,-26.51150670612973,17.109913225717797,18.25473785234577,2008,-26.51150670612973,2006,18.25473785234577,300000.0,160000.0,20,2,No,2008,370036.9933869229,0.0,370036.9933869229,70036.99338692293,10,103,2006,2025,annual_performance_20y_160k_source.csv,"Rank by full $160K withdrawals funded, then total cash delivered, then ending balance; enforce max 10 Top-250 appearances per ticker.",194764.2135570373,68088.20149139807,0.0,0.0,0.0,0.0,0.0,0.0,0.0,0.0,0.0,0.0,0.0,0.0,0.0,0.0,0.0,0.0,0.0,0.0
155,COST + ENB + RY + IBM,Not rebalanced,COST,Consumer Discretionary,Costco Wholesale Corporation Common Stock,10,ENB,Energy,Enbridge Inc Common Stock,10,RY,Finance,Royal Bank Of Canada Common Stock,10,IBM,Technology,International Business Machines Corporation Common Stock,10,0.0,0.0,0.0,0.0,0.0,0.0,0.0,0.0,0.0,0.0,0.0,0.0,0.0,0.0,0.0,0.0,0.0,-25.35698407075172,19.0426537512556,16.81785309213586,2008,-25.35698407075172,2007,19.0426537512556,300000.0,160000.0,20,2,No,2008,369802.5451059952,0.0,369802.5451059952,69802.5451059952,10,103,2006,2025,annual_performance_20y_160k_source.csv,"Rank by full $160K withdrawals funded, then total cash delivered, then ending balance; enforce max 10 Top-250 appearances per ticker.",190453.55927640758,66720.97112635616,0.0,0.0,0.0,0.0,0.0,0.0,0.0,0.0,0.0,0.0,0.0,0.0,0.0,0.0,0.0,0.0,0.0,0.0
156,ENB + RY + RTX + GOOGL,Not rebalanced,ENB,Energy,Enbridge Inc Common Stock,10,RY,Finance,Royal Bank Of Canada Common Stock,10,RTX,Industrials,RTX Corporation Common Stock,10,GOOGL,Technology,Alphabet Inc. Class A Common Stock,10,0.0,0.0,0.0,0.0,0.0,0.0,0.0,0.0,0.0,0.0,0.0,0.0,0.0,0.0,0.0,0.0,0.0,-36.08883926438937,26.11581876275586,16.060328376556775,2008,-36.08883926438937,2007,26.11581876275586,300000.0,160000.0,20,2,No,2008,369419.9378565134,0.0,369419.9378565134,69419.93785651342,10,103,2006,2025,annual_performance_20y_160k_source.csv,"Rank by full $160K withdrawals funded, then total cash delivered, then ending balance; enforce max 10 Top-250 appearances per ticker.",188180.98512967036,77325.99015210365,0.0,0.0,0.0,0.0,0.0,0.0,0.0,0.0,0.0,0.0,0.0,0.0,0.0,0.0,0.0,0.0,0.0,0.0
157,ENB + RY + RTX + GOOG,Not rebalanced,ENB,Energy,Enbridge Inc Common Stock,10,RY,Finance,Royal Bank Of Canada Common Stock,10,RTX,Industrials,RTX Corporation Common Stock,10,GOOG,Technology,Alphabet Inc. Class C Capital Stock,10,0.0,0.0,0.0,0.0,0.0,0.0,0.0,0.0,0.0,0.0,0.0,0.0,0.0,0.0,0.0,0.0,0.0,-36.088834816965765,26.115815824357114,16.06032373250066,2008,-36.088834816965765,2007,26.115815824357114,300000.0,160000.0,20,2,No,2008,369419.9265319364,0.0,369419.9265319364,69419.92653193639,10,103,2006,2025,annual_performance_20y_160k_source.csv,"Rank by full $160K withdrawals funded, then total cash delivered, then ending balance; enforce max 10 Top-250 appearances per ticker.",188180.971197502,77325.9670519281,0.0,0.0,0.0,0.0,0.0,0.0,0.0,0.0,0.0,0.0,0.0,0.0,0.0,0.0,0.0,0.0,0.0,0.0
158,PG + ENB + RY + GOOGL,Not rebalanced,PG,Consumer Discretionary,Procter & Gamble Company (The) Common Stock,10,ENB,Energy,Enbridge Inc Common Stock,10,RY,Finance,Royal Bank Of Canada Common Stock,10,GOOGL,Technology,Alphabet Inc. Class A Common Stock,10,0.0,0.0,0.0,0.0,0.0,0.0,0.0,0.0,0.0,0.0,0.0,0.0,0.0,0.0,0.0,0.0,0.0,-32.84181515301904,24.206316387091764,15.992132424416994,2008,-32.84181515301904,2007,24.206316387091764,300000.0,160000.0,20,2,No,2008,369346.8662949726,0.0,369346.8662949726,69346.8662949726,10,103,2006,2025,annual_performance_20y_160k_source.csv,"Rank by full $160K withdrawals funded, then total cash delivered, then ending balance; enforce max 10 Top-250 appearances per ticker.",187976.39727325097,73478.55873027063,0.0,0.0,0.0,0.0,0.0,0.0,0.0,0.0,0.0,0.0,0.0,0.0,0.0,0.0,0.0,0.0,0.0,0.0
159,PG + ENB + RY + GOOG,Not rebalanced,PG,Consumer Discretionary,Procter & Gamble Company (The) Common Stock,10,ENB,Energy,Enbridge Inc Common Stock,10,RY,Finance,Royal Bank Of Canada Common Stock,10,GOOG,Technology,Alphabet Inc. Class C Capital Stock,10,0.0,0.0,0.0,0.0,0.0,0.0,0.0,0.0,0.0,0.0,0.0,0.0,0.0,0.0,0.0,0.0,0.0,-32.84181042570411,24.206313370513357,15.992127780360876,2008,-32.84181042570411,2007,24.206313370513357,300000.0,160000.0,20,2,No,2008,369346.85433888226,0.0,369346.85433888226,69346.85433888226,10,103,2006,2025,annual_performance_20y_160k_source.csv,"Rank by full $160K withdrawals funded, then total cash delivered, then ending balance; enforce max 10 Top-250 appearances per ticker.",187976.3833410826,73478.53575518253,0.0,0.0,0.0,0.0,0.0,0.0,0.0,0.0,0.0,0.0,0.0,0.0,0.0,0.0,0.0,0.0,0.0,0.0
160,PG + ENB + RTX + GOOGL,Not rebalanced,PG,Consumer Discretionary,Procter & Gamble Company (The) Common Stock,10,ENB,Energy,Enbridge Inc Common Stock,10,RTX,Industrials,RTX Corporation Common Stock,10,GOOGL,Technology,Alphabet Inc. Class A Common Stock,10,0.0,0.0,0.0,0.0,0.0,0.0,0.0,0.0,0.0,0.0,0.0,0.0,0.0,0.0,0.0,0.0,0.0,-30.209444709908794,28.053924791939,12.903181276325327,2008,-30.209444709908794,2007,28.053924791939,300000.0,160000.0,20,2,No,2008,368047.0180545133,0.0,368047.0180545133,68047.01805451332,10,103,2006,2025,annual_performance_20y_160k_source.csv,"Rank by full $160K withdrawals funded, then total cash delivered, then ending balance; enforce max 10 Top-250 appearances per ticker.",178709.543828976,68844.58485077418,0.0,0.0,0.0,0.0,0.0,0.0,0.0,0.0,0.0,0.0,0.0,0.0,0.0,0.0,0.0,0.0,0.0,0.0
161,PG + EQNR + RTX + GOOGL,Not rebalanced,PG,Consumer Discretionary,Procter & Gamble Company (The) Common Stock,10,EQNR,Energy,Equinor ASA,10,RTX,Industrials,RTX Corporation Common Stock,10,GOOGL,Technology,Alphabet Inc. Class A Common Stock,10,0.0,0.0,0.0,0.0,0.0,0.0,0.0,0.0,0.0,0.0,0.0,0.0,0.0,0.0,0.0,0.0,0.0,-36.51886290546026,28.307018282921838,14.247841709887311,2008,-36.51886290546026,2007,28.307018282921838,300000.0,160000.0,20,2,No,2008,367276.1600784877,0.0,367276.1600784877,67276.16007848771,10,103,2006,2025,annual_performance_20y_160k_source.csv,"Rank by full $160K withdrawals funded, then total cash delivered, then ending balance; enforce max 10 Top-250 appearances per ticker.",182743.52512966195,74472.76819897123,0.0,0.0,0.0,0.0,0.0,0.0,0.0,0.0,0.0,0.0,0.0,0.0,0.0,0.0,0.0,0.0,0.0,0.0
162,PG + EQNR + RTX + GOOG,Not rebalanced,PG,Consumer Discretionary,Procter & Gamble Company (The) Common Stock,10,EQNR,Energy,Equinor ASA,10,RTX,Industrials,RTX Corporation Common Stock,10,GOOG,Technology,Alphabet Inc. Class C Capital Stock,10,0.0,0.0,0.0,0.0,0.0,0.0,0.0,0.0,0.0,0.0,0.0,0.0,0.0,0.0,0.0,0.0,0.0,-36.51885849182338,28.30701538697682,14.247837065831192,2008,-36.51885849182338,2007,28.30701538697682,300000.0,160000.0,20,2,No,2008,367276.14865807,0.0,367276.14865807,67276.14865807001,10,103,2006,2025,annual_performance_20y_160k_source.csv,"Rank by full $160K withdrawals funded, then total cash delivered, then ending balance; enforce max 10 Top-250 appearances per ticker.",182743.5111974936,74472.74503086979,0.0,0.0,0.0,0.0,0.0,0.0,0.0,0.0,0.0,0.0,0.0,0.0,0.0,0.0,0.0,0.0,0.0,0.0
163,COST + EQNR + RTX + GOOGL,Not rebalanced,COST,Consumer Discretionary,Costco Wholesale Corporation Common Stock,10,EQNR,Energy,Equinor ASA,10,RTX,Industrials,RTX Corporation Common Stock,10,GOOGL,Technology,Alphabet Inc. Class A Common Stock,10,0.0,0.0,0.0,0.0,0.0,0.0,0.0,0.0,0.0,0.0,0.0,0.0,0.0,0.0,0.0,0.0,0.0,-38.52939266088602,32.4105693636136,12.879152901817204,2008,-38.52939266088602,2007,32.4105693636136,300000.0,160000.0,20,2,No,2008,367046.45320706407,0.0,367046.45320706407,67046.45320706407,10,103,2006,2025,annual_performance_20y_160k_source.csv,"Rank by full $160K withdrawals funded, then total cash delivered, then ending balance; enforce max 10 Top-250 appearances per ticker.",178637.45870545163,76534.8761685786,0.0,0.0,0.0,0.0,0.0,0.0,0.0,0.0,0.0,0.0,0.0,0.0,0.0,0.0,0.0,0.0,0.0,0.0
164,PG + EQNR + GOOGL + SO,Not rebalanced,PG,Consumer Discretionary,Procter & Gamble Company (The) Common Stock,10,EQNR,Energy,Equinor ASA,10,GOOGL,Technology,Alphabet Inc. Class A Common Stock,10,SO,Utilities,Southern Company (The) Common Stock,10,0.0,0.0,0.0,0.0,0.0,0.0,0.0,0.0,0.0,0.0,0.0,0.0,0.0,0.0,0.0,0.0,0.0,-30.622341519547803,24.738810350477248,13.754867989938413,2008,-30.622341519547803,2007,24.738810350477248,300000.0,160000.0,20,2,No,2008,365863.70416372997,0.0,365863.70416372997,65863.70416372997,10,103,2006,2025,annual_performance_20y_160k_source.csv,"Rank by full $160K withdrawals funded, then total cash delivered, then ending balance; enforce max 10 Top-250 appearances per ticker.",181264.60396981525,66107.31057845152,0.0,0.0,0.0,0.0,0.0,0.0,0.0,0.0,0.0,0.0,0.0,0.0,0.0,0.0,0.0,0.0,0.0,0.0
165,PG + EQNR + GOOG + SO,Not rebalanced,PG,Consumer Discretionary,Procter & Gamble Company (The) Common Stock,10,EQNR,Energy,Equinor ASA,10,GOOG,Technology,Alphabet Inc. Class C Capital Stock,10,SO,Utilities,Southern Company (The) Common Stock,10,0.0,0.0,0.0,0.0,0.0,0.0,0.0,0.0,0.0,0.0,0.0,0.0,0.0,0.0,0.0,0.0,0.0,-30.622336574883,24.738807296309684,13.754863345882274,2008,-30.622336574883,2007,24.738807296309684,300000.0,160000.0,20,2,No,2008,365863.69153466116,0.0,365863.69153466116,65863.69153466116,10,103,2006,2025,annual_performance_20y_160k_source.csv,"Rank by full $160K withdrawals funded, then total cash delivered, then ending balance; enforce max 10 Top-250 appearances per ticker.",181264.59003764682,66107.28766350611,0.0,0.0,0.0,0.0,0.0,0.0,0.0,0.0,0.0,0.0,0.0,0.0,0.0,0.0,0.0,0.0,0.0,0.0
166,COST + EQNR + GOOGL + SO,Not rebalanced,COST,Consumer Discretionary,Costco Wholesale Corporation Common Stock,10,EQNR,Energy,Equinor ASA,10,GOOGL,Technology,Alphabet Inc. Class A Common Stock,10,SO,Utilities,Southern Company (The) Common Stock,10,0.0,0.0,0.0,0.0,0.0,0.0,0.0,0.0,0.0,0.0,0.0,0.0,0.0,0.0,0.0,0.0,0.0,-32.815160462845014,28.816906135494946,12.386179181868284,2008,-32.815160462845014,2007,28.816906135494946,300000.0,160000.0,20,2,No,2008,365826.87782420864,0.0,365826.87782420864,65826.87782420864,10,103,2006,2025,annual_performance_20y_160k_source.csv,"Rank by full $160K withdrawals funded, then total cash delivered, then ending balance; enforce max 10 Top-250 appearances per ticker.",177158.53754560486,68210.14702113738,0.0,0.0,0.0,0.0,0.0,0.0,0.0,0.0,0.0,0.0,0.0,0.0,0.0,0.0,0.0,0.0,0.0,0.0
167,COST + EQNR + GOOG + SO,Not rebalanced,COST,Consumer Discretionary,Costco Wholesale Corporation Common Stock,10,EQNR,Energy,Equinor ASA,10,GOOG,Technology,Alphabet Inc. Class C Capital Stock,10,SO,Utilities,Southern Company (The) Common Stock,10,0.0,0.0,0.0,0.0,0.0,0.0,0.0,0.0,0.0,0.0,0.0,0.0,0.0,0.0,0.0,0.0,0.0,-32.81515575677415,28.816903212648693,12.386174537812167,2008,-32.81515575677415,2007,28.816903212648693,300000.0,160000.0,20,2,No,2008,365826.86549769127,0.0,365826.86549769127,65826.86549769127,10,103,2006,2025,annual_performance_20y_160k_source.csv,"Rank by full $160K withdrawals funded, then total cash delivered, then ending balance; enforce max 10 Top-250 appearances per ticker.",177158.5236134365,68210.12389607786,0.0,0.0,0.0,0.0,0.0,0.0,0.0,0.0,0.0,0.0,0.0,0.0,0.0,0.0,0.0,0.0,0.0,0.0
168,TJX + EQNR + GOOGL + SO,Not rebalanced,TJX,Consumer Discretionary,TJX Companies Inc. (The) Common Stock,10,EQNR,Energy,Equinor ASA,10,GOOGL,Technology,Alphabet Inc. Class A Common Stock,10,SO,Utilities,Southern Company (The) Common Stock,10,0.0,0.0,0.0,0.0,0.0,0.0,0.0,0.0,0.0,0.0,0.0,0.0,0.0,0.0,0.0,0.0,0.0,-33.85453284893721,20.644517081550575,16.421600062717,2008,-33.85453284893721,2007,20.644517081550575,300000.0,160000.0,20,2,No,2008,365202.2275328784,0.0,365202.2275328784,65202.2275328784,10,103,2006,2025,annual_performance_20y_160k_source.csv,"Rank by full $160K withdrawals funded, then total cash delivered, then ending balance; enforce max 10 Top-250 appearances per ticker.",189264.800188151,68337.60419235643,0.0,0.0,0.0,0.0,0.0,0.0,0.0,0.0,0.0,0.0,0.0,0.0,0.0,0.0,0.0,0.0,0.0,0.0
169,TJX + EQNR + GOOG + SO,Not rebalanced,TJX,Consumer Discretionary,TJX Companies Inc. (The) Common Stock,10,EQNR,Energy,Equinor ASA,10,GOOG,Technology,Alphabet Inc. Class C Capital Stock,10,SO,Utilities,Southern Company (The) Common Stock,10,0.0,0.0,0.0,0.0,0.0,0.0,0.0,0.0,0.0,0.0,0.0,0.0,0.0,0.0,0.0,0.0,0.0,-33.85452806682915,20.64451393401989,16.42159541866086,2008,-33.85452806682915,2007,20.64451393401989,300000.0,160000.0,20,2,No,2008,365202.21574246645,0.0,365202.21574246645,65202.21574246645,10,103,2006,2025,annual_performance_20y_160k_source.csv,"Rank by full $160K withdrawals funded, then total cash delivered, then ending balance; enforce max 10 Top-250 appearances per ticker.",189264.7862559826,68337.58142679193,0.0,0.0,0.0,0.0,0.0,0.0,0.0,0.0,0.0,0.0,0.0,0.0,0.0,0.0,0.0,0.0,0.0,0.0
170,COST + EQNR + JPM + GOOGL,Not rebalanced,COST,Consumer Discretionary,Costco Wholesale Corporation Common Stock,10,EQNR,Energy,Equinor ASA,10,JPM,Finance,JP Morgan Chase & Co. Common Stock,10,GOOGL,Technology,Alphabet Inc. Class A Common Stock,10,0.0,0.0,0.0,0.0,0.0,0.0,0.0,0.0,0.0,0.0,0.0,0.0,0.0,0.0,0.0,0.0,0.0,-38.275117029105076,23.710769542631006,15.874916235266667,2008,-38.275117029105076,2007,23.710769542631006,300000.0,160000.0,20,2,No,2008,364511.06024698884,0.0,364511.06024698884,64511.06024698884,10,103,2006,2025,annual_performance_20y_160k_source.csv,"Rank by full $160K withdrawals funded, then total cash delivered, then ending balance; enforce max 10 Top-250 appearances per ticker.",187624.74870579998,72112.02047637274,0.0,0.0,0.0,0.0,0.0,0.0,0.0,0.0,0.0,0.0,0.0,0.0,0.0,0.0,0.0,0.0,0.0,0.0
171,COST + BA + GOOGL + SO,Not rebalanced,COST,Consumer Discretionary,Costco Wholesale Corporation Common Stock,10,BA,Industrials,Boeing Company (The) Common Stock,10,GOOGL,Technology,Alphabet Inc. Class A Common Stock,10,SO,Utilities,Southern Company (The) Common Stock,10,0.0,0.0,0.0,0.0,0.0,0.0,0.0,0.0,0.0,0.0,0.0,0.0,0.0,0.0,0.0,0.0,0.0,-34.057891261092536,22.309407901528957,14.745511082772623,2008,-34.057891261092536,2007,22.309407901528957,300000.0,160000.0,20,2,No,2008,363085.65920283226,0.0,363085.65920283226,63085.65920283226,10,103,2006,2025,annual_performance_20y_160k_source.csv,"Rank by full $160K withdrawals funded, then total cash delivered, then ending balance; enforce max 10 Top-250 appearances per ticker.",184236.53324831784,65338.612954321055,0.0,0.0,0.0,0.0,0.0,0.0,0.0,0.0,0.0,0.0,0.0,0.0,0.0,0.0,0.0,0.0,0.0,0.0
172,COST + BA + GOOG + SO,Not rebalanced,COST,Consumer Discretionary,Costco Wholesale Corporation Common Stock,10,BA,Industrials,Boeing Company (The) Common Stock,10,GOOG,Technology,Alphabet Inc. Class C Capital Stock,10,SO,Utilities,Southern Company (The) Common Stock,10,0.0,0.0,0.0,0.0,0.0,0.0,0.0,0.0,0.0,0.0,0.0,0.0,0.0,0.0,0.0,0.0,0.0,-34.05788648860578,22.30940477540482,14.745506438716482,2008,-34.05788648860578,2007,22.30940477540482,300000.0,160000.0,20,2,No,2008,363085.64728642907,0.0,363085.64728642907,63085.64728642907,10,103,2006,2025,annual_performance_20y_160k_source.csv,"Rank by full $160K withdrawals funded, then total cash delivered, then ending balance; enforce max 10 Top-250 appearances per ticker.",184236.51931614947,65338.59015450612,0.0,0.0,0.0,0.0,0.0,0.0,0.0,0.0,0.0,0.0,0.0,0.0,0.0,0.0,0.0,0.0,0.0,0.0
173,COST + CM + GOOG + SO,Not rebalanced,COST,Consumer Discretionary,Costco Wholesale Corporation Common Stock,10,CM,Finance,Canadian Imperial Bank of Commerce Common Stock,10,GOOG,Technology,Alphabet Inc. Class C Capital Stock,10,SO,Utilities,Southern Company (The) Common Stock,10,0.0,0.0,0.0,0.0,0.0,0.0,0.0,0.0,0.0,0.0,0.0,0.0,0.0,0.0,0.0,0.0,0.0,-31.146873677347596,18.662437460909032,15.78618250156838,2008,-31.146873677347596,2007,18.662437460909032,300000.0,160000.0,20,2,No,2008,362912.17341699643,0.0,362912.17341699643,62912.17341699643,10,103,2006,2025,annual_performance_20y_160k_source.csv,"Rank by full $160K withdrawals funded, then total cash delivered, then ending balance; enforce max 10 Top-250 appearances per ticker.",187358.54750470514,62324.21926043829,0.0,0.0,0.0,0.0,0.0,0.0,0.0,0.0,0.0,0.0,0.0,0.0,0.0,0.0,0.0,0.0,0.0,0.0
174,COST + TD + GOOG + SO,Not rebalanced,COST,Consumer Discretionary,Costco Wholesale Corporation Common Stock,10,TD,Finance,Toronto Dominion Bank (The) Common Stock,10,GOOG,Technology,Alphabet Inc. Class C Capital Stock,10,SO,Utilities,Southern Company (The) Common Stock,10,0.0,0.0,0.0,0.0,0.0,0.0,0.0,0.0,0.0,0.0,0.0,0.0,0.0,0.0,0.0,0.0,0.0,-33.573167541163116,28.232821799974683,11.669231350683006,2008,-33.573167541163116,2007,28.232821799974683,300000.0,160000.0,20,2,No,2008,362790.3749015063,0.0,362790.3749015063,62790.37490150629,10,103,2006,2025,annual_performance_20y_160k_source.csv,"Rank by full $160K withdrawals funded, then total cash delivered, then ending balance; enforce max 10 Top-250 appearances per ticker.",175007.69405204902,64417.3044500089,0.0,0.0,0.0,0.0,0.0,0.0,0.0,0.0,0.0,0.0,0.0,0.0,0.0,0.0,0.0,0.0,0.0,0.0
175,TJX + CNQ + JPM + GOOG,Not rebalanced,TJX,Consumer Discretionary,TJX Companies Inc. (The) Common Stock,10,CNQ,Energy,Canadian Natural Resources Limited Common Stock,10,JPM,Finance,JP Morgan Chase & Co. Common Stock,10,GOOG,Technology,Alphabet Inc. Class C Capital Stock,10,0.0,0.0,0.0,0.0,0.0,0.0,0.0,0.0,0.0,0.0,0.0,0.0,0.0,0.0,0.0,0.0,0.0,-39.9952545942329,19.332272990629605,17.133434585094996,2008,-39.9952545942329,2007,19.332272990629605,300000.0,160000.0,20,2,No,2008,361044.6457575448,0.0,361044.6457575448,61044.645757544786,10,103,2006,2025,annual_performance_20y_160k_source.csv,"Rank by full $160K withdrawals funded, then total cash delivered, then ending balance; enforce max 10 Top-250 appearances per ticker.",191400.303755285,68402.33298215098,0.0,0.0,0.0,0.0,0.0,0.0,0.0,0.0,0.0,0.0,0.0,0.0,0.0,0.0,0.0,0.0,0.0,0.0
176,TJX + CNQ + TD + ETN,Not rebalanced,TJX,Consumer Discretionary,TJX Companies Inc. (The) Common Stock,10,CNQ,Energy,Canadian Natural Resources Limited Common Stock,10,TD,Finance,Toronto Dominion Bank (The) Common Stock,10,ETN,Technology,Eaton Corporation PLC Ordinary Shares,10,0.0,0.0,0.0,0.0,0.0,0.0,0.0,0.0,0.0,0.0,0.0,0.0,0.0,0.0,0.0,0.0,0.0,-42.07615006549554,22.315974318495524,15.600735579504343,2008,-42.07615006549554,2007,22.315974318495524,300000.0,160000.0,20,2,No,2008,359671.43037591054,0.0,359671.43037591054,59671.43037591054,10,103,2006,2025,annual_performance_20y_160k_source.csv,"Rank by full $160K withdrawals funded, then total cash delivered, then ending balance; enforce max 10 Top-250 appearances per ticker.",186802.20673851302,68488.93922066252,0.0,0.0,0.0,0.0,0.0,0.0,0.0,0.0,0.0,0.0,0.0,0.0,0.0,0.0,0.0,0.0,0.0,0.0
177,TJX + CNQ + JPM + ETN,Not rebalanced,TJX,Consumer Discretionary,TJX Companies Inc. (The) Common Stock,10,CNQ,Energy,Canadian Natural Resources Limited Common Stock,10,JPM,Finance,JP Morgan Chase & Co. Common Stock,10,ETN,Technology,Eaton Corporation PLC Ordinary Shares,10,0.0,0.0,0.0,0.0,0.0,0.0,0.0,0.0,0.0,0.0,0.0,0.0,0.0,0.0,0.0,0.0,0.0,-37.21923425293235,15.039098252091021,17.98861019992377,2008,-37.21923425293235,2006,17.98861019992377,300000.0,160000.0,20,2,No,2008,359637.6048095241,0.0,359637.6048095241,59637.604809524084,10,103,2006,2025,annual_performance_20y_160k_source.csv,"Rank by full $160K withdrawals funded, then total cash delivered, then ending balance; enforce max 10 Top-250 appearances per ticker.",193965.83059977135,63136.54243915534,0.0,0.0,0.0,0.0,0.0,0.0,0.0,0.0,0.0,0.0,0.0,0.0,0.0,0.0,0.0,0.0,0.0,0.0
178,TJX + CNQ + CB + ETN,Not rebalanced,TJX,Consumer Discretionary,TJX Companies Inc. (The) Common Stock,10,CNQ,Energy,Canadian Natural Resources Limited Common Stock,10,CB,Finance,Chubb Limited  Common Stock,10,ETN,Technology,Eaton Corporation PLC Ordinary Shares,10,0.0,0.0,0.0,0.0,0.0,0.0,0.0,0.0,0.0,0.0,0.0,0.0,0.0,0.0,0.0,0.0,0.0,-34.48847121854044,18.19578297909277,15.431781202008832,2008,-34.48847121854044,2007,18.19578297909277,300000.0,160000.0,20,2,No,2008,359433.51176591724,0.0,359433.51176591724,59433.51176591724,10,103,2006,2025,annual_performance_20y_160k_source.csv,"Rank by full $160K withdrawals funded, then total cash delivered, then ending balance; enforce max 10 Top-250 appearances per ticker.",186295.3436060265,60193.2400287342,0.0,0.0,0.0,0.0,0.0,0.0,0.0,0.0,0.0,0.0,0.0,0.0,0.0,0.0,0.0,0.0,0.0,0.0
179,TJX + CNQ + BNS + ETN,Not rebalanced,TJX,Consumer Discretionary,TJX Companies Inc. (The) Common Stock,10,CNQ,Energy,Canadian Natural Resources Limited Common Stock,10,BNS,Finance,Bank Nova Scotia Halifax Pfd 3 Ordinary Shares,10,ETN,Technology,Eaton Corporation PLC Ordinary Shares,10,0.0,0.0,0.0,0.0,0.0,0.0,0.0,0.0,0.0,0.0,0.0,0.0,0.0,0.0,0.0,0.0,0.0,-41.48052134153545,21.387674037945793,15.7730943894133,2008,-41.48052134153545,2007,21.387674037945793,300000.0,160000.0,20,2,No,2008,359431.89991565427,0.0,359431.89991565427,59431.89991565427,10,103,2006,2025,annual_performance_20y_160k_source.csv,"Rank by full $160K withdrawals funded, then total cash delivered, then ending balance; enforce max 10 Top-250 appearances per ticker.",187319.28316823987,67382.52086247972,0.0,0.0,0.0,0.0,0.0,0.0,0.0,0.0,0.0,0.0,0.0,0.0,0.0,0.0,0.0,0.0,0.0,0.0
180,TJX + CNQ + BA + ETN,Not rebalanced,TJX,Consumer Discretionary,TJX Companies Inc. (The) Common Stock,10,CNQ,Energy,Canadian Natural Resources Limited Common Stock,10,BA,Industrials,Boeing Company (The) Common Stock,10,ETN,Technology,Eaton Corporation PLC Ordinary Shares,10,0.0,0.0,0.0,0.0,0.0,0.0,0.0,0.0,0.0,0.0,0.0,0.0,0.0,0.0,0.0,0.0,0.0,-42.74220040965817,16.742159877903482,18.677010667537818,2008,-42.74220040965817,2006,18.677010667537818,300000.0,160000.0,20,2,No,2008,359422.4878878188,0.0,359422.4878878188,59422.487887818774,10,103,2006,2025,annual_performance_20y_160k_source.csv,"Rank by full $160K withdrawals funded, then total cash delivered, then ending balance; enforce max 10 Top-250 appearances per ticker.",196031.03200261347,68850.86079079521,0.0,0.0,0.0,0.0,0.0,0.0,0.0,0.0,0.0,0.0,0.0,0.0,0.0,0.0,0.0,0.0,0.0,0.0
181,TJX + PEP + CNQ + ETN,Not rebalanced,TJX,Consumer Discretionary,TJX Companies Inc. (The) Common Stock,10,PEP,Consumer Staples,PepsiCo Inc. Common Stock,10,CNQ,Energy,Canadian Natural Resources Limited Common Stock,10,ETN,Technology,Eaton Corporation PLC Ordinary Shares,10,0.0,0.0,0.0,0.0,0.0,0.0,0.0,0.0,0.0,0.0,0.0,0.0,0.0,0.0,0.0,0.0,0.0,-37.05592268724476,23.201308870746097,13.5448211092408,2008,-37.05592268724476,2007,23.201308870746097,300000.0,160000.0,20,2,No,2008,359367.7582491595,0.0,359367.7582491595,59367.758249159495,10,103,2006,2025,annual_performance_20y_160k_source.csv,"Rank by full $160K withdrawals funded, then total cash delivered, then ending balance; enforce max 10 Top-250 appearances per ticker.",180634.4633277224,62544.02309140185,0.0,0.0,0.0,0.0,0.0,0.0,0.0,0.0,0.0,0.0,0.0,0.0,0.0,0.0,0.0,0.0,0.0,0.0
182,TJX + CNQ + CM + ETN,Not rebalanced,TJX,Consumer Discretionary,TJX Companies Inc. (The) Common Stock,10,CNQ,Energy,Canadian Natural Resources Limited Common Stock,10,CM,Finance,Canadian Imperial Bank of Commerce Common Stock,10,ETN,Technology,Eaton Corporation PLC Ordinary Shares,10,0.0,0.0,0.0,0.0,0.0,0.0,0.0,0.0,0.0,0.0,0.0,0.0,0.0,0.0,0.0,0.0,0.0,-39.98150183693478,13.263352895184877,19.717686730389715,2008,-39.98150183693478,2006,19.717686730389715,300000.0,160000.0,20,2,No,2008,359352.588790272,0.0,359352.588790272,59352.58879027201,10,103,2006,2025,annual_performance_20y_160k_source.csv,"Rank by full $160K withdrawals funded, then total cash delivered, then ending balance; enforce max 10 Top-250 appearances per ticker.",199153.06019116915,65567.43336588389,0.0,0.0,0.0,0.0,0.0,0.0,0.0,0.0,0.0,0.0,0.0,0.0,0.0,0.0,0.0,0.0,0.0,0.0
183,CNQ + CB + BA + ETN,Not rebalanced,CNQ,Energy,Canadian Natural Resources Limited Common Stock,10,CB,Finance,Chubb Limited  Common Stock,10,BA,Industrials,Boeing Company (The) Common Stock,10,ETN,Technology,Eaton Corporation PLC Ordinary Shares,10,0.0,0.0,0.0,0.0,0.0,0.0,0.0,0.0,0.0,0.0,0.0,0.0,0.0,0.0,0.0,0.0,0.0,-39.77532143047554,17.472112571046882,16.517408882433536,2008,-39.77532143047554,2007,17.472112571046882,300000.0,160000.0,20,2,No,2008,357743.4113585192,0.0,357743.4113585192,57743.411358519224,10,103,2006,2025,annual_performance_20y_160k_source.csv,"Rank by full $160K withdrawals funded, then total cash delivered, then ending balance; enforce max 10 Top-250 appearances per ticker.",189552.2266473006,62671.00506804293,0.0,0.0,0.0,0.0,0.0,0.0,0.0,0.0,0.0,0.0,0.0,0.0,0.0,0.0,0.0,0.0,0.0,0.0
184,CNQ + JPM + BA + ETN,Not rebalanced,CNQ,Energy,Canadian Natural Resources Limited Common Stock,10,JPM,Finance,JP Morgan Chase & Co. Common Stock,10,BA,Industrials,Boeing Company (The) Common Stock,10,ETN,Technology,Eaton Corporation PLC Ordinary Shares,10,0.0,0.0,0.0,0.0,0.0,0.0,0.0,0.0,0.0,0.0,0.0,0.0,0.0,0.0,0.0,0.0,0.0,-42.524534423731616,14.3597471350704,19.074237880348498,2008,-42.524534423731616,2006,19.074237880348498,300000.0,160000.0,20,2,No,2008,357671.3723577205,0.0,357671.3723577205,57671.37235772051,10,103,2006,2025,annual_performance_20y_160k_source.csv,"Rank by full $160K withdrawals funded, then total cash delivered, then ending balance; enforce max 10 Top-250 appearances per ticker.",197222.7136410455,65543.39661282359,0.0,0.0,0.0,0.0,0.0,0.0,0.0,0.0,0.0,0.0,0.0,0.0,0.0,0.0,0.0,0.0,0.0,0.0
185,PEP + TD + BA + ETN,Not rebalanced,PEP,Consumer Staples,PepsiCo Inc. Common Stock,10,TD,Finance,Toronto Dominion Bank (The) Common Stock,10,BA,Industrials,Boeing Company (The) Common Stock,10,ETN,Technology,Eaton Corporation PLC Ordinary Shares,10,0.0,0.0,0.0,0.0,0.0,0.0,0.0,0.0,0.0,0.0,0.0,0.0,0.0,0.0,0.0,0.0,0.0,-42.60590193356698,18.268951128917422,16.69040348950057,2008,-42.60590193356698,2007,18.268951128917422,300000.0,160000.0,20,2,No,2008,357188.63613772974,0.0,357188.63613772974,57188.63613772974,10,103,2006,2025,annual_performance_20y_160k_source.csv,"Rank by full $160K withdrawals funded, then total cash delivered, then ending balance; enforce max 10 Top-250 appearances per ticker.",190071.21046850173,64795.227019134094,0.0,0.0,0.0,0.0,0.0,0.0,0.0,0.0,0.0,0.0,0.0,0.0,0.0,0.0,0.0,0.0,0.0,0.0
186,PEP + JPM + BA + WDC,Not rebalanced,PEP,Consumer Staples,PepsiCo Inc. Common Stock,10,JPM,Finance,JP Morgan Chase & Co. Common Stock,10,BA,Industrials,Boeing Company (The) Common Stock,10,WDC,Technology,Western Digital Corporation Common Stock,10,0.0,0.0,0.0,0.0,0.0,0.0,0.0,0.0,0.0,0.0,0.0,0.0,0.0,0.0,0.0,0.0,0.0,-42.33558478279548,14.702265860861852,17.959208380651614,2008,-42.33558478279548,2006,17.959208380651614,300000.0,160000.0,20,2,No,2008,355972.2322436884,0.0,355972.2322436884,55972.23224368843,10,103,2006,2025,annual_performance_20y_160k_source.csv,"Rank by full $160K withdrawals funded, then total cash delivered, then ending balance; enforce max 10 Top-250 appearances per ticker.",193877.62514195486,62382.02903505019,0.0,0.0,0.0,0.0,0.0,0.0,0.0,0.0,0.0,0.0,0.0,0.0,0.0,0.0,0.0,0.0,0.0,0.0
187,PEP + CB + BA + WDC,Not rebalanced,PEP,Consumer Staples,PepsiCo Inc. Common Stock,10,CB,Finance,Chubb Limited  Common Stock,10,BA,Industrials,Boeing Company (The) Common Stock,10,WDC,Technology,Western Digital Corporation Common Stock,10,0.0,0.0,0.0,0.0,0.0,0.0,0.0,0.0,0.0,0.0,0.0,0.0,0.0,0.0,0.0,0.0,0.0,-39.569738913233024,17.85229205486283,15.402379382736676,2008,-39.569738913233024,2007,17.85229205486283,300000.0,160000.0,20,2,No,2008,355925.4157161161,0.0,355925.4157161161,55925.415716116084,10,103,2006,2025,annual_performance_20y_160k_source.csv,"Rank by full $160K withdrawals funded, then total cash delivered, then ending balance; enforce max 10 Top-250 appearances per ticker.",186207.13814821,59449.38027743035,0.0,0.0,0.0,0.0,0.0,0.0,0.0,0.0,0.0,0.0,0.0,0.0,0.0,0.0,0.0,0.0,0.0,0.0
188,PEP + TD + BA + WDC,Not rebalanced,PEP,Consumer Staples,PepsiCo Inc. Common Stock,10,TD,Finance,Toronto Dominion Bank (The) Common Stock,10,BA,Industrials,Boeing Company (The) Common Stock,10,WDC,Technology,Western Digital Corporation Common Stock,10,0.0,0.0,0.0,0.0,0.0,0.0,0.0,0.0,0.0,0.0,0.0,0.0,0.0,0.0,0.0,0.0,0.0,-47.001741407330634,21.9740337390663,15.571333760232186,2008,-47.001741407330634,2007,21.9740337390663,300000.0,160000.0,20,2,No,2008,355902.3977517855,0.0,355902.3977517855,55902.397751785524,10,103,2006,2025,annual_performance_20y_160k_source.csv,"Rank by full $160K withdrawals funded, then total cash delivered, then ending balance; enforce max 10 Top-250 appearances per ticker.",186714.00128069654,67742.59891767747,0.0,0.0,0.0,0.0,0.0,0.0,0.0,0.0,0.0,0.0,0.0,0.0,0.0,0.0,0.0,0.0,0.0,0.0
189,PEP + BNS + BA + WDC,Not rebalanced,PEP,Consumer Staples,PepsiCo Inc. Common Stock,10,BNS,Finance,Bank Nova Scotia Halifax Pfd 3 Ordinary Shares,10,BA,Industrials,Boeing Company (The) Common Stock,10,WDC,Technology,Western Digital Corporation Common Stock,10,0.0,0.0,0.0,0.0,0.0,0.0,0.0,0.0,0.0,0.0,0.0,0.0,0.0,0.0,0.0,0.0,0.0,-46.434651748599485,21.046006844940912,15.743692570141121,2008,-46.434651748599485,2007,21.046006844940912,300000.0,160000.0,20,2,No,2008,355693.66787350096,0.0,355693.66787350096,55693.66787350096,10,103,2006,2025,annual_performance_20y_160k_source.csv,"Rank by full $160K withdrawals funded, then total cash delivered, then ending balance; enforce max 10 Top-250 appearances per ticker.",187231.0777104234,66635.74314121579,0.0,0.0,0.0,0.0,0.0,0.0,0.0,0.0,0.0,0.0,0.0,0.0,0.0,0.0,0.0,0.0,0.0,0.0
190,PEP + TD + JNJ + LRCX,Not rebalanced,PEP,Consumer Staples,PepsiCo Inc. Common Stock,10,TD,Finance,Toronto Dominion Bank (The) Common Stock,10,JNJ,Health Care,Johnson & Johnson Common Stock,10,LRCX,Technology,Lam Research Corporation Common Stock,10,0.0,0.0,0.0,0.0,0.0,0.0,0.0,0.0,0.0,0.0,0.0,0.0,0.0,0.0,0.0,0.0,0.0,-33.373698590350976,6.833358701507208,19.56462937131189,2008,-33.373698590350976,2006,19.56462937131189,300000.0,160000.0,20,2,No,2008,354826.47000468266,0.0,354826.47000468266,54826.47000468266,10,103,2006,2025,annual_performance_20y_160k_source.csv,"Rank by full $160K withdrawals funded, then total cash delivered, then ending balance; enforce max 10 Top-250 appearances per ticker.",198693.88811393565,52271.35420673224,0.0,0.0,0.0,0.0,0.0,0.0,0.0,0.0,0.0,0.0,0.0,0.0,0.0,0.0,0.0,0.0,0.0,0.0
191,PEP + TD + JNJ + WDC,Not rebalanced,PEP,Consumer Staples,PepsiCo Inc. Common Stock,10,TD,Finance,Toronto Dominion Bank (The) Common Stock,10,JNJ,Health Care,Johnson & Johnson Common Stock,10,WDC,Technology,Western Digital Corporation Common Stock,10,0.0,0.0,0.0,0.0,0.0,0.0,0.0,0.0,0.0,0.0,0.0,0.0,0.0,0.0,0.0,0.0,0.0,-38.00073472526198,23.701027229410855,11.581815369132432,2008,-38.00073472526198,2007,23.701027229410855,300000.0,160000.0,20,2,No,2008,354819.9727245554,0.0,354819.9727245554,54819.97272455541,10,103,2006,2025,annual_performance_20y_160k_source.csv,"Rank by full $160K withdrawals funded, then total cash delivered, then ending balance; enforce max 10 Top-250 appearances per ticker.",174745.44610739732,56161.91187146702,0.0,0.0,0.0,0.0,0.0,0.0,0.0,0.0,0.0,0.0,0.0,0.0,0.0,0.0,0.0,0.0,0.0,0.0
192,PEP + TD + VRTX + WDC,Not rebalanced,PEP,Consumer Staples,PepsiCo Inc. Common Stock,10,TD,Finance,Toronto Dominion Bank (The) Common Stock,10,VRTX,Health Care,Vertex Pharmaceuticals Incorporated Common Stock,10,WDC,Technology,Western Digital Corporation Common Stock,10,0.0,0.0,0.0,0.0,0.0,0.0,0.0,0.0,0.0,0.0,0.0,0.0,0.0,0.0,0.0,0.0,0.0,-33.67708400707128,10.751848404726228,17.282321346411322,2008,-33.67708400707128,2006,17.282321346411322,300000.0,160000.0,20,2,No,2008,354802.3259239346,0.0,354802.3259239346,54802.32592393458,10,103,2006,2025,annual_performance_20y_160k_source.csv,"Rank by full $160K withdrawals funded, then total cash delivered, then ending balance; enforce max 10 Top-250 appearances per ticker.",191846.96403923398,52474.05878180204,0.0,0.0,0.0,0.0,0.0,0.0,0.0,0.0,0.0,0.0,0.0,0.0,0.0,0.0,0.0,0.0,0.0,0.0
193,PEP + CM + JNJ + WDC,Not rebalanced,PEP,Consumer Staples,PepsiCo Inc. Common Stock,10,CM,Finance,Canadian Imperial Bank of Commerce Common Stock,10,JNJ,Health Care,Johnson & Johnson Common Stock,10,WDC,Technology,Western Digital Corporation Common Stock,10,0.0,0.0,0.0,0.0,0.0,0.0,0.0,0.0,0.0,0.0,0.0,0.0,0.0,0.0,0.0,0.0,0.0,-35.6738720579776,14.284668493798458,15.698766520017827,2008,-35.6738720579776,2006,15.698766520017827,300000.0,160000.0,20,2,No,2008,354621.85669736174,0.0,354621.85669736174,54621.85669736174,10,103,2006,2025,annual_performance_20y_160k_source.csv,"Rank by full $160K withdrawals funded, then total cash delivered, then ending balance; enforce max 10 Top-250 appearances per ticker.",187096.29956005345,53822.38571637118,0.0,0.0,0.0,0.0,0.0,0.0,0.0,0.0,0.0,0.0,0.0,0.0,0.0,0.0,0.0,0.0,0.0,0.0
194,TD + JNJ + CAT + WDC,Not rebalanced,TD,Finance,Toronto Dominion Bank (The) Common Stock,10,JNJ,Health Care,Johnson & Johnson Common Stock,10,CAT,Industrials,Caterpillar Inc. Common Stock,10,WDC,Technology,Western Digital Corporation Common Stock,10,0.0,0.0,0.0,0.0,0.0,0.0,0.0,0.0,0.0,0.0,0.0,0.0,0.0,0.0,0.0,0.0,0.0,-40.65049910378092,22.88021890252594,11.580343947338978,2008,-40.65049910378092,2007,22.88021890252594,300000.0,160000.0,20,2,No,2008,352477.33028776,0.0,352477.33028776,52477.33028776001,10,103,2006,2025,annual_performance_20y_160k_source.csv,"Rank by full $160K withdrawals funded, then total cash delivered, then ending balance; enforce max 10 Top-250 appearances per ticker.",174741.0318420169,54722.162440002925,0.0,0.0,0.0,0.0,0.0,0.0,0.0,0.0,0.0,0.0,0.0,0.0,0.0,0.0,0.0,0.0,0.0,0.0
195,TD + VRTX + CAT + WDC,Not rebalanced,TD,Finance,Toronto Dominion Bank (The) Common Stock,10,VRTX,Health Care,Vertex Pharmaceuticals Incorporated Common Stock,10,CAT,Industrials,Caterpillar Inc. Common Stock,10,WDC,Technology,Western Digital Corporation Common Stock,10,0.0,0.0,0.0,0.0,0.0,0.0,0.0,0.0,0.0,0.0,0.0,0.0,0.0,0.0,0.0,0.0,0.0,-36.463227588054316,9.970773496150208,17.280849924617847,2008,-36.463227588054316,2006,17.280849924617847,300000.0,160000.0,20,2,No,2008,352385.1604534327,0.0,352385.1604534327,52385.160453432705,10,103,2006,2025,annual_performance_20y_160k_source.csv,"Rank by full $160K withdrawals funded, then total cash delivered, then ending balance; enforce max 10 Top-250 appearances per ticker.",191842.54977385356,50970.735881043714,0.0,0.0,0.0,0.0,0.0,0.0,0.0,0.0,0.0,0.0,0.0,0.0,0.0,0.0,0.0,0.0,0.0,0.0
196,TD + JNJ + CAT + LRCX,Not rebalanced,TD,Finance,Toronto Dominion Bank (The) Common Stock,10,JNJ,Health Care,Johnson & Johnson Common Stock,10,CAT,Industrials,Caterpillar Inc. Common Stock,10,LRCX,Technology,Lam Research Corporation Common Stock,10,0.0,0.0,0.0,0.0,0.0,0.0,0.0,0.0,0.0,0.0,0.0,0.0,0.0,0.0,0.0,0.0,0.0,-36.20504499624578,6.067145292169029,19.563157949518416,2008,-36.20504499624578,2006,19.563157949518416,300000.0,160000.0,20,2,No,2008,352372.27330913517,0.0,352372.27330913517,52372.27330913517,10,103,2006,2025,annual_performance_20y_160k_source.csv,"Rank by full $160K withdrawals funded, then total cash delivered, then ending balance; enforce max 10 Top-250 appearances per ticker.",198689.47384855524,50744.252907193266,0.0,0.0,0.0,0.0,0.0,0.0,0.0,0.0,0.0,0.0,0.0,0.0,0.0,0.0,0.0,0.0,0.0,0.0
197,CM + JNJ + CAT + WDC,Not rebalanced,CM,Finance,Canadian Imperial Bank of Commerce Common Stock,10,JNJ,Health Care,Johnson & Johnson Common Stock,10,CAT,Industrials,Caterpillar Inc. Common Stock,10,WDC,Technology,Western Digital Corporation Common Stock,10,0.0,0.0,0.0,0.0,0.0,0.0,0.0,0.0,0.0,0.0,0.0,0.0,0.0,0.0,0.0,0.0,0.0,-38.42445529969286,13.49294790269604,15.697295098224352,2008,-38.42445529969286,2006,15.697295098224352,300000.0,160000.0,20,2,No,2008,352226.23613001377,0.0,352226.23613001377,52226.23613001377,10,103,2006,2025,annual_performance_20y_160k_source.csv,"Rank by full $160K withdrawals funded, then total cash delivered, then ending balance; enforce max 10 Top-250 appearances per ticker.",187091.88529467303,52336.09590765508,0.0,0.0,0.0,0.0,0.0,0.0,0.0,0.0,0.0,0.0,0.0,0.0,0.0,0.0,0.0,0.0,0.0,0.0
198,BNS + JNJ + CAT + LRCX,Not rebalanced,BNS,Finance,Bank Nova Scotia Halifax Pfd 3 Ordinary Shares,10,JNJ,Health Care,Johnson & Johnson Common Stock,10,CAT,Industrials,Caterpillar Inc. Common Stock,10,LRCX,Technology,Lam Research Corporation Common Stock,10,0.0,0.0,0.0,0.0,0.0,0.0,0.0,0.0,0.0,0.0,0.0,0.0,0.0,0.0,0.0,0.0,0.0,-35.500194303262056,5.192955494510976,19.73551675942735,2008,-35.500194303262056,2006,19.73551675942735,300000.0,160000.0,20,2,No,2008,351960.46498605737,0.0,351960.46498605737,51960.46498605737,10,103,2006,2025,annual_performance_20y_160k_source.csv,"Rank by full $160K withdrawals funded, then total cash delivered, then ending balance; enforce max 10 Top-250 appearances per ticker.",199206.55027828208,49551.25777638386,0.0,0.0,0.0,0.0,0.0,0.0,0.0,0.0,0.0,0.0,0.0,0.0,0.0,0.0,0.0,0.0,0.0,0.0
199,BNS + JNJ + PLD + LRCX,Not rebalanced,BNS,Finance,Bank Nova Scotia Halifax Pfd 3 Ordinary Shares,10,JNJ,Health Care,Johnson & Johnson Common Stock,10,PLD,Real Estate,Prologis Inc. Common Stock,10,LRCX,Technology,Lam Research Corporation Common Stock,10,0.0,0.0,0.0,0.0,0.0,0.0,0.0,0.0,0.0,0.0,0.0,0.0,0.0,0.0,0.0,0.0,0.0,-40.811485160427985,0.9745100773907112,23.590988372884915,2008,-40.811485160427985,2006,23.590988372884915,300000.0,160000.0,20,2,No,2008,351267.49832912965,0.0,351267.49832912965,51267.49832912965,10,103,2006,2025,annual_performance_20y_160k_source.csv,"Rank by full $160K withdrawals funded, then total cash delivered, then ending balance; enforce max 10 Top-250 appearances per ticker.",210772.96511865477,52826.96890415123,0.0,0.0,0.0,0.0,0.0,0.0,0.0,0.0,0.0,0.0,0.0,0.0,0.0,0.0,0.0,0.0,0.0,0.0
200,BNS + JNJ + PLD + MSFT,Not rebalanced,BNS,Finance,Bank Nova Scotia Halifax Pfd 3 Ordinary Shares,10,JNJ,Health Care,Johnson & Johnson Common Stock,10,PLD,Real Estate,Prologis Inc. Common Stock,10,MSFT,Technology,Microsoft Corporation Common Stock,10,0.0,0.0,0.0,0.0,0.0,0.0,0.0,0.0,0.0,0.0,0.0,0.0,0.0,0.0,0.0,0.0,0.0,-39.44691406499119,10.606547567110436,17.082781180712757,2008,-39.44691406499119,2006,17.082781180712757,300000.0,160000.0,20,2,No,2008,351204.936868893,0.0,351204.936868893,51204.93686889298,10,103,2006,2025,annual_performance_20y_160k_source.csv,"Rank by full $160K withdrawals funded, then total cash delivered, then ending balance; enforce max 10 Top-250 appearances per ticker.",191248.3435421383,51533.190071245976,0.0,0.0,0.0,0.0,0.0,0.0,0.0,0.0,0.0,0.0,0.0,0.0,0.0,0.0,0.0,0.0,0.0,0.0
201,BNS + JNJ + CAT + MSFT,Not rebalanced,BNS,Finance,Bank Nova Scotia Halifax Pfd 3 Ordinary Shares,10,JNJ,Health Care,Johnson & Johnson Common Stock,10,CAT,Industrials,Caterpillar Inc. Common Stock,10,MSFT,Technology,Microsoft Corporation Common Stock,10,0.0,0.0,0.0,0.0,0.0,0.0,0.0,0.0,0.0,0.0,0.0,0.0,0.0,0.0,0.0,0.0,0.0,-34.33900810695728,15.39544338327068,13.227309567255197,2008,-34.33900810695728,2007,15.39544338327068,300000.0,160000.0,20,2,No,2008,351087.03791243635,0.0,351087.03791243635,51087.03791243635,10,103,2006,2025,annual_performance_20y_160k_source.csv,"Rank by full $160K withdrawals funded, then total cash delivered, then ending balance; enforce max 10 Top-250 appearances per ticker.",179681.9287017656,47344.758305014664,0.0,0.0,0.0,0.0,0.0,0.0,0.0,0.0,0.0,0.0,0.0,0.0,0.0,0.0,0.0,0.0,0.0,0.0
202,BNS + VRTX + CAT + MSFT,Not rebalanced,BNS,Finance,Bank Nova Scotia Halifax Pfd 3 Ordinary Shares,10,VRTX,Health Care,Vertex Pharmaceuticals Incorporated Common Stock,10,CAT,Industrials,Caterpillar Inc. Common Stock,10,MSFT,Technology,Microsoft Corporation Common Stock,10,0.0,0.0,0.0,0.0,0.0,0.0,0.0,0.0,0.0,0.0,0.0,0.0,0.0,0.0,0.0,0.0,0.0,-29.512191708386936,3.023537660524722,18.927815544534088,2008,-29.512191708386936,2006,18.927815544534088,300000.0,160000.0,20,2,No,2008,350121.74420238513,0.0,350121.74420238513,50121.74420238513,10,103,2006,2025,annual_performance_20y_160k_source.csv,"Rank by full $160K withdrawals funded, then total cash delivered, then ending balance; enforce max 10 Top-250 appearances per ticker.",196783.44663360226,42733.26825224777,0.0,0.0,0.0,0.0,0.0,0.0,0.0,0.0,0.0,0.0,0.0,0.0,0.0,0.0,0.0,0.0,0.0,0.0
203,BNS + CAT + PLD + LRCX,Not rebalanced,BNS,Finance,Bank Nova Scotia Halifax Pfd 3 Ordinary Shares,10,CAT,Industrials,Caterpillar Inc. Common Stock,10,PLD,Real Estate,Prologis Inc. Common Stock,10,LRCX,Technology,Lam Research Corporation Common Stock,10,0.0,0.0,0.0,0.0,0.0,0.0,0.0,0.0,0.0,0.0,0.0,0.0,0.0,0.0,0.0,0.0,0.0,-47.31602912001548,4.665399358367184,22.446845783894155,2008,-47.31602912001548,2006,22.446845783894155,300000.0,160000.0,20,2,No,2008,350037.1345539764,0.0,350037.1345539764,50037.134553976415,10,103,2006,2025,annual_performance_20y_160k_source.csv,"Rank by full $160K withdrawals funded, then total cash delivered, then ending balance; enforce max 10 Top-250 appearances per ticker.",207340.53735168243,57013.80145092285,0.0,0.0,0.0,0.0,0.0,0.0,0.0,0.0,0.0,0.0,0.0,0.0,0.0,0.0,0.0,0.0,0.0,0.0
204,BNS + VRTX + CAT + LRCX,Not rebalanced,BNS,Finance,Bank Nova Scotia Halifax Pfd 3 Ordinary Shares,10,VRTX,Health Care,Vertex Pharmaceuticals Incorporated Common Stock,10,CAT,Industrials,Caterpillar Inc. Common Stock,10,LRCX,Technology,Lam Research Corporation Common Stock,10,0.0,0.0,0.0,0.0,0.0,0.0,0.0,0.0,0.0,0.0,0.0,0.0,0.0,0.0,0.0,0.0,0.0,-30.56076914845338,-6.073380504538195,25.436022736706242,2008,-30.56076914845338,2006,25.436022736706242,300000.0,160000.0,20,2,No,2008,349977.5104734911,0.0,349977.5104734911,49977.5104734911,10,103,2006,2025,annual_performance_20y_160k_source.csv,"Rank by full $160K withdrawals funded, then total cash delivered, then ending balance; enforce max 10 Top-250 appearances per ticker.",216308.06821011874,43170.856165702164,0.0,0.0,0.0,0.0,0.0,0.0,0.0,0.0,0.0,0.0,0.0,0.0,0.0,0.0,0.0,0.0,0.0,0.0
205,BNS + CAT + PLD + MSFT,Not rebalanced,BNS,Finance,Bank Nova Scotia Halifax Pfd 3 Ordinary Shares,10,CAT,Industrials,Caterpillar Inc. Common Stock,10,PLD,Real Estate,Prologis Inc. Common Stock,10,MSFT,Technology,Microsoft Corporation Common Stock,10,0.0,0.0,0.0,0.0,0.0,0.0,0.0,0.0,0.0,0.0,0.0,0.0,0.0,0.0,0.0,0.0,0.0,-45.755630188626405,14.599678593378629,15.938638591721976,2008,-45.755630188626405,2006,15.938638591721976,300000.0,160000.0,20,2,No,2008,349962.65651983384,0.0,349962.65651983384,49962.656519833836,10,103,2006,2025,annual_performance_20y_160k_source.csv,"Rank by full $160K withdrawals funded, then total cash delivered, then ending balance; enforce max 10 Top-250 appearances per ticker.",187815.91577516595,55236.43582555084,0.0,0.0,0.0,0.0,0.0,0.0,0.0,0.0,0.0,0.0,0.0,0.0,0.0,0.0,0.0,0.0,0.0,0.0
206,JPM + VRTX + PLD + MSFT,Not rebalanced,JPM,Finance,JP Morgan Chase & Co. Common Stock,10,VRTX,Health Care,Vertex Pharmaceuticals Incorporated Common Stock,10,PLD,Real Estate,Prologis Inc. Common Stock,10,MSFT,Technology,Microsoft Corporation Common Stock,10,0.0,0.0,0.0,0.0,0.0,0.0,0.0,0.0,0.0,0.0,0.0,0.0,0.0,0.0,0.0,0.0,0.0,-29.68403450768715,-6.747526380475854,24.99880296850212,2008,-29.68403450768715,2006,24.99880296850212,300000.0,160000.0,20,2,No,2008,348470.56139990484,0.0,348470.56139990484,48470.56139990484,10,103,2006,2025,annual_performance_20y_160k_source.csv,"Rank by full $160K withdrawals funded, then total cash delivered, then ending balance; enforce max 10 Top-250 appearances per ticker.",214996.40890550637,40489.469497531565,0.0,0.0,0.0,0.0,0.0,0.0,0.0,0.0,0.0,0.0,0.0,0.0,0.0,0.0,0.0,0.0,0.0,0.0
207,CM + VRTX + PLD + MSFT,Not rebalanced,CM,Finance,Canadian Imperial Bank of Commerce Common Stock,10,VRTX,Health Care,Vertex Pharmaceuticals Incorporated Common Stock,10,PLD,Real Estate,Prologis Inc. Common Stock,10,MSFT,Technology,Microsoft Corporation Common Stock,10,0.0,0.0,0.0,0.0,0.0,0.0,0.0,0.0,0.0,0.0,0.0,0.0,0.0,0.0,0.0,0.0,0.0,-32.892227870399424,-8.127786081122167,26.727879498968065,2008,-32.892227870399424,2006,26.727879498968065,300000.0,160000.0,20,2,No,2008,348378.25508990284,0.0,348378.25508990284,48378.25508990284,10,103,2006,2025,annual_performance_20y_160k_source.csv,"Rank by full $160K withdrawals funded, then total cash delivered, then ending balance; enforce max 10 Top-250 appearances per ticker.",220183.63849690423,42287.58337424448,0.0,0.0,0.0,0.0,0.0,0.0,0.0,0.0,0.0,0.0,0.0,0.0,0.0,0.0,0.0,0.0,0.0,0.0
208,BP + CB + PLD + LRCX,Not rebalanced,BP,Energy,BP p.l.c. Common Stock,10,CB,Finance,Chubb Limited  Common Stock,10,PLD,Real Estate,Prologis Inc. Common Stock,10,LRCX,Technology,Lam Research Corporation Common Stock,10,0.0,0.0,0.0,0.0,0.0,0.0,0.0,0.0,0.0,0.0,0.0,0.0,0.0,0.0,0.0,0.0,0.0,-38.78780653973434,-0.01645408656631986,22.131074167441046,2008,-38.78780653973434,2006,22.131074167441046,300000.0,160000.0,20,2,No,2008,348377.5213765274,0.0,348377.5213765274,48377.52137652738,10,103,2006,2025,annual_performance_20y_160k_source.csv,"Rank by full $160K withdrawals funded, then total cash delivered, then ending balance; enforce max 10 Top-250 appearances per ticker.",206393.22250232316,46359.262382825604,0.0,0.0,0.0,0.0,0.0,0.0,0.0,0.0,0.0,0.0,0.0,0.0,0.0,0.0,0.0,0.0,0.0,0.0
209,BP + JPM + PLD + MSFT,Not rebalanced,BP,Energy,BP p.l.c. Common Stock,10,JPM,Finance,JP Morgan Chase & Co. Common Stock,10,PLD,Real Estate,Prologis Inc. Common Stock,10,MSFT,Technology,Microsoft Corporation Common Stock,10,0.0,0.0,0.0,0.0,0.0,0.0,0.0,0.0,0.0,0.0,0.0,0.0,0.0,0.0,0.0,0.0,0.0,-40.42508533481325,6.714051210069627,18.17969597318385,2008,-40.42508533481325,2006,18.17969597318385,300000.0,160000.0,20,2,No,2008,348357.9822207092,0.0,348357.9822207092,48357.98222070921,10,103,2006,2025,annual_performance_20y_160k_source.csv,"Rank by full $160K withdrawals funded, then total cash delivered, then ending balance; enforce max 10 Top-250 appearances per ticker.",194539.08791955153,47600.54190607258,0.0,0.0,0.0,0.0,0.0,0.0,0.0,0.0,0.0,0.0,0.0,0.0,0.0,0.0,0.0,0.0,0.0,0.0
210,CB + VRTX + PLD + MSFT,Not rebalanced,CB,Finance,Chubb Limited  Common Stock,10,VRTX,Health Care,Vertex Pharmaceuticals Incorporated Common Stock,10,PLD,Real Estate,Prologis Inc. Common Stock,10,MSFT,Technology,Microsoft Corporation Common Stock,10,0.0,0.0,0.0,0.0,0.0,0.0,0.0,0.0,0.0,0.0,0.0,0.0,0.0,0.0,0.0,0.0,0.0,-26.55203666148812,-4.226519432499787,22.44197397058718,2008,-26.55203666148812,2006,22.44197397058718,300000.0,160000.0,20,2,No,2008,348323.92284850107,0.0,348323.92284850107,48323.92284850107,10,103,2006,2025,annual_performance_20y_160k_source.csv,"Rank by full $160K withdrawals funded, then total cash delivered, then ending balance; enforce max 10 Top-250 appearances per ticker.",207325.9219117615,38563.25153355158,0.0,0.0,0.0,0.0,0.0,0.0,0.0,0.0,0.0,0.0,0.0,0.0,0.0,0.0,0.0,0.0,0.0,0.0
211,CB + TM + PLD + MSFT,Not rebalanced,CB,Finance,Chubb Limited  Common Stock,10,TM,Industrials,Toyota Motor Corporation Common Stock,10,PLD,Real Estate,Prologis Inc. Common Stock,10,MSFT,Technology,Microsoft Corporation Common Stock,10,0.0,0.0,0.0,0.0,0.0,0.0,0.0,0.0,0.0,0.0,0.0,0.0,0.0,0.0,0.0,0.0,0.0,-38.527662569482466,1.0635257911242313,21.266351270701268,2008,-38.527662569482466,2006,21.266351270701268,300000.0,160000.0,20,2,No,2008,348256.6877089726,0.0,348256.6877089726,48256.687708972604,10,103,2006,2025,annual_performance_20y_160k_source.csv,"Rank by full $160K withdrawals funded, then total cash delivered, then ending balance; enforce max 10 Top-250 appearances per ticker.",203799.0538121038,45966.509311462665,0.0,0.0,0.0,0.0,0.0,0.0,0.0,0.0,0.0,0.0,0.0,0.0,0.0,0.0,0.0,0.0,0.0,0.0
212,BP + JPM + TM + MSFT,Not rebalanced,BP,Energy,BP p.l.c. Common Stock,10,JPM,Finance,JP Morgan Chase & Co. Common Stock,10,TM,Industrials,Toyota Motor Corporation Common Stock,10,MSFT,Technology,Microsoft Corporation Common Stock,10,0.0,0.0,0.0,0.0,0.0,0.0,0.0,0.0,0.0,0.0,0.0,0.0,0.0,0.0,0.0,0.0,0.0,-35.04747900653173,0.8904973759367385,19.993250226110028,2008,-35.04747900653173,2006,19.993250226110028,300000.0,160000.0,20,2,No,2008,347124.539820405,0.0,347124.539820405,47124.539820405014,10,103,2006,2025,annual_performance_20y_160k_source.csv,"Rank by full $160K withdrawals funded, then total cash delivered, then ending balance; enforce max 10 Top-250 appearances per ticker.",199979.75067833008,41760.56511052544,0.0,0.0,0.0,0.0,0.0,0.0,0.0,0.0,0.0,0.0,0.0,0.0,0.0,0.0,0.0,0.0,0.0,0.0
213,BP + CB + TM + LRCX,Not rebalanced,BP,Energy,BP p.l.c. Common Stock,10,CB,Finance,Chubb Limited  Common Stock,10,TM,Industrials,Toyota Motor Corporation Common Stock,10,LRCX,Technology,Lam Research Corporation Common Stock,10,0.0,0.0,0.0,0.0,0.0,0.0,0.0,0.0,0.0,0.0,0.0,0.0,0.0,0.0,0.0,0.0,0.0,-33.15561837664098,-5.555871362405707,23.94462842036724,2008,-33.15561837664098,2006,23.94462842036724,300000.0,160000.0,20,2,No,2008,346780.9789684476,0.0,346780.9789684476,46780.9789684476,10,103,2006,2025,annual_performance_20y_160k_source.csv,"Rank by full $160K withdrawals funded, then total cash delivered, then ending balance; enforce max 10 Top-250 appearances per ticker.",211833.8852611017,40064.66709400882,0.0,0.0,0.0,0.0,0.0,0.0,0.0,0.0,0.0,0.0,0.0,0.0,0.0,0.0,0.0,0.0,0.0,0.0
214,SONY + BP + JPM + LRCX,Not rebalanced,SONY,Consumer Staples,Sony Group Corporation American Depositary Shares,10,BP,Energy,BP p.l.c. Common Stock,10,JPM,Finance,JP Morgan Chase & Co. Common Stock,10,LRCX,Technology,Lam Research Corporation Common Stock,10,0.0,0.0,0.0,0.0,0.0,0.0,0.0,0.0,0.0,0.0,0.0,0.0,0.0,0.0,0.0,0.0,0.0,-42.484439818852806,2.8457587702972686,20.243478536508363,2008,-42.484439818852806,2006,20.243478536508363,300000.0,160000.0,20,2,No,2008,346711.8018360942,0.0,346711.8018360942,46711.80183609418,10,103,2006,2025,annual_performance_20y_160k_source.csv,"Rank by full $160K withdrawals funded, then total cash delivered, then ending balance; enforce max 10 Top-250 appearances per ticker.",200730.43560952507,46442.739585539006,0.0,0.0,0.0,0.0,0.0,0.0,0.0,0.0,0.0,0.0,0.0,0.0,0.0,0.0,0.0,0.0,0.0,0.0
215,BP + JPM + TM + LRCX,Not rebalanced,BP,Energy,BP p.l.c. Common Stock,10,JPM,Finance,JP Morgan Chase & Co. Common Stock,10,TM,Industrials,Toyota Motor Corporation Common Stock,10,LRCX,Technology,Lam Research Corporation Common Stock,10,0.0,0.0,0.0,0.0,0.0,0.0,0.0,0.0,0.0,0.0,0.0,0.0,0.0,0.0,0.0,0.0,0.0,-36.33309607738773,-8.020063724860005,26.501457418282182,2008,-36.33309607738773,2006,26.501457418282182,300000.0,160000.0,20,2,No,2008,346676.4211059992,0.0,346676.4211059992,46676.42110599921,10,103,2006,2025,annual_performance_20y_160k_source.csv,"Rank by full $160K withdrawals funded, then total cash delivered, then ending balance; enforce max 10 Top-250 appearances per ticker.",219504.37225484656,41899.98172115395,0.0,0.0,0.0,0.0,0.0,0.0,0.0,0.0,0.0,0.0,0.0,0.0,0.0,0.0,0.0,0.0,0.0,0.0
216,BP + CB + TM + STX,Not rebalanced,BP,Energy,BP p.l.c. Common Stock,10,CB,Finance,Chubb Limited  Common Stock,10,TM,Industrials,Toyota Motor Corporation Common Stock,10,STX,Technology,Seagate Technology Holdings PLC Ordinary Shares (Ireland),10,0.0,0.0,0.0,0.0,0.0,0.0,0.0,0.0,0.0,0.0,0.0,0.0,0.0,0.0,0.0,0.0,0.0,-42.11986215684953,-2.0042162934504337,22.097772054196984,2008,-42.11986215684953,2006,22.097772054196984,300000.0,160000.0,20,2,No,2008,344401.54371716396,0.0,344401.54371716396,44401.543717163964,10,103,2006,2025,annual_performance_20y_160k_source.csv,"Rank by full $160K withdrawals funded, then total cash delivered, then ending balance; enforce max 10 Top-250 appearances per ticker.",206293.31616259099,42158.75190776115,0.0,0.0,0.0,0.0,0.0,0.0,0.0,0.0,0.0,0.0,0.0,0.0,0.0,0.0,0.0,0.0,0.0,0.0
217,SONY + CB + VRTX + STX,Not rebalanced,SONY,Consumer Staples,Sony Group Corporation American Depositary Shares,10,CB,Finance,Chubb Limited  Common Stock,10,VRTX,Health Care,Vertex Pharmaceuticals Incorporated Common Stock,10,STX,Technology,Seagate Technology Holdings PLC Ordinary Shares (Ireland),10,0.0,0.0,0.0,0.0,0.0,0.0,0.0,0.0,0.0,0.0,0.0,0.0,0.0,0.0,0.0,0.0,0.0,-37.71283529488927,-4.2791343419915755,22.658900167741457,2008,-37.71283529488927,2006,22.658900167741457,300000.0,160000.0,20,2,No,2008,344340.01644845505,0.0,344340.01644845505,44340.01644845505,10,103,2006,2025,annual_performance_20y_160k_source.csv,"Rank by full $160K withdrawals funded, then total cash delivered, then ending balance; enforce max 10 Top-250 appearances per ticker.",207976.7005032244,39077.098088649946,0.0,0.0,0.0,0.0,0.0,0.0,0.0,0.0,0.0,0.0,0.0,0.0,0.0,0.0,0.0,0.0,0.0,0.0
218,BP + CB + VRTX + STX,Not rebalanced,BP,Energy,BP p.l.c. Common Stock,10,CB,Finance,Chubb Limited  Common Stock,10,VRTX,Health Care,Vertex Pharmaceuticals Incorporated Common Stock,10,STX,Technology,Seagate Technology Holdings PLC Ordinary Shares (Ireland),10,0.0,0.0,0.0,0.0,0.0,0.0,0.0,0.0,0.0,0.0,0.0,0.0,0.0,0.0,0.0,0.0,0.0,-30.006128442403867,-7.22932649364505,23.273394754082943,2008,-30.006128442403867,2006,23.273394754082943,300000.0,160000.0,20,2,No,2008,344253.9950614231,0.0,344253.9950614231,44253.995061423106,10,103,2006,2025,annual_performance_20y_160k_source.csv,"Rank by full $160K withdrawals funded, then total cash delivered, then ending balance; enforce max 10 Top-250 appearances per ticker.",209820.1842622488,34651.59809236316,0.0,0.0,0.0,0.0,0.0,0.0,0.0,0.0,0.0,0.0,0.0,0.0,0.0,0.0,0.0,0.0,0.0,0.0
219,BP + CM + VRTX + STX,Not rebalanced,BP,Energy,BP p.l.c. Common Stock,10,CM,Finance,Canadian Imperial Bank of Commerce Common Stock,10,VRTX,Health Care,Vertex Pharmaceuticals Incorporated Common Stock,10,STX,Technology,Seagate Technology Holdings PLC Ordinary Shares (Ireland),10,0.0,0.0,0.0,0.0,0.0,0.0,0.0,0.0,0.0,0.0,0.0,0.0,0.0,0.0,0.0,0.0,0.0,-36.534119340484764,-11.00427274444491,27.559300282463827,2008,-36.534119340484764,2006,27.559300282463827,300000.0,160000.0,20,2,No,2008,344227.3493286034,0.0,344227.3493286034,44227.34932860342,10,103,2006,2025,annual_performance_20y_160k_source.csv,"Rank by full $160K withdrawals funded, then total cash delivered, then ending balance; enforce max 10 Top-250 appearances per ticker.",222677.90084739146,38173.81729653993,0.0,0.0,0.0,0.0,0.0,0.0,0.0,0.0,0.0,0.0,0.0,0.0,0.0,0.0,0.0,0.0,0.0,0.0
220,BP + CM + NVS + STX,Not rebalanced,BP,Energy,BP p.l.c. Common Stock,10,CM,Finance,Canadian Imperial Bank of Commerce Common Stock,10,NVS,Health Care,Novartis AG Common Stock,10,STX,Technology,Seagate Technology Holdings PLC Ordinary Shares (Ireland),10,0.0,0.0,0.0,0.0,0.0,0.0,0.0,0.0,0.0,0.0,0.0,0.0,0.0,0.0,0.0,0.0,0.0,-41.42127712185584,-1.8105659920159334,21.56579349058536,2008,-41.42127712185584,2006,21.56579349058536,300000.0,160000.0,20,2,No,2008,344012.12105080247,0.0,344012.12105080247,44012.12105080247,10,103,2006,2025,annual_performance_20y_160k_source.csv,"Rank by full $160K withdrawals funded, then total cash delivered, then ending balance; enforce max 10 Top-250 appearances per ticker.",204697.3804717561,40991.19931438699,0.0,0.0,0.0,0.0,0.0,0.0,0.0,0.0,0.0,0.0,0.0,0.0,0.0,0.0,0.0,0.0,0.0,0.0
221,SONY + CM + NVS + STX,Not rebalanced,SONY,Consumer Staples,Sony Group Corporation American Depositary Shares,10,CM,Finance,Canadian Imperial Bank of Commerce Common Stock,10,NVS,Health Care,Novartis AG Common Stock,10,STX,Technology,Seagate Technology Holdings PLC Ordinary Shares (Ireland),10,0.0,0.0,0.0,0.0,0.0,0.0,0.0,0.0,0.0,0.0,0.0,0.0,0.0,0.0,0.0,0.0,0.0,-48.52871532940335,1.2088073169666647,20.9512989042439,2008,-48.52871532940335,2006,20.9512989042439,300000.0,160000.0,20,2,No,2008,343319.58510150213,0.0,343319.58510150213,43319.58510150213,10,103,2006,2025,annual_performance_20y_160k_source.csv,"Rank by full $160K withdrawals funded, then total cash delivered, then ending balance; enforce max 10 Top-250 appearances per ticker.",202853.8967127317,45306.00945894714,0.0,0.0,0.0,0.0,0.0,0.0,0.0,0.0,0.0,0.0,0.0,0.0,0.0,0.0,0.0,0.0,0.0,0.0
222,CM + NVS + TM + STX,Not rebalanced,CM,Finance,Canadian Imperial Bank of Commerce Common Stock,10,NVS,Health Care,Novartis AG Common Stock,10,TM,Industrials,Toyota Motor Corporation Common Stock,10,STX,Technology,Seagate Technology Holdings PLC Ordinary Shares (Ireland),10,0.0,0.0,0.0,0.0,0.0,0.0,0.0,0.0,0.0,0.0,0.0,0.0,0.0,0.0,0.0,0.0,0.0,-42.69429011864775,-9.516026577265812,27.209277786017736,2008,-42.69429011864775,2006,27.209277786017736,300000.0,160000.0,20,2,No,2008,343230.3994672067,0.0,343230.3994672067,43230.39946720668,10,103,2006,2025,annual_performance_20y_160k_source.csv,"Rank by full $160K withdrawals funded, then total cash delivered, then ending balance; enforce max 10 Top-250 appearances per ticker.",221627.83335805323,40537.66983308247,0.0,0.0,0.0,0.0,0.0,0.0,0.0,0.0,0.0,0.0,0.0,0.0,0.0,0.0,0.0,0.0,0.0,0.0
223,SONY + CM + TM + TSM,Not rebalanced,SONY,Consumer Staples,Sony Group Corporation American Depositary Shares,10,CM,Finance,Canadian Imperial Bank of Commerce Common Stock,10,TM,Industrials,Toyota Motor Corporation Common Stock,10,TSM,Technology,Taiwan Semiconductor Manufacturing Company Ltd.,10,0.0,0.0,0.0,0.0,0.0,0.0,0.0,0.0,0.0,0.0,0.0,0.0,0.0,0.0,0.0,0.0,0.0,-38.5584742031021,-3.79742048434204,21.8295327662122,2008,-38.5584742031021,2006,21.8295327662122,300000.0,160000.0,20,2,No,2008,343154.4430892469,0.0,343154.4430892469,43154.443089246925,10,103,2006,2025,annual_performance_20y_160k_source.csv,"Rank by full $160K withdrawals funded, then total cash delivered, then ending balance; enforce max 10 Top-250 appearances per ticker.",205488.5982986366,37685.33217385685,0.0,0.0,0.0,0.0,0.0,0.0,0.0,0.0,0.0,0.0,0.0,0.0,0.0,0.0,0.0,0.0,0.0,0.0
224,SONY + MS + TM + TSM,Not rebalanced,SONY,Consumer Staples,Sony Group Corporation American Depositary Shares,10,MS,Finance,Morgan Stanley Common Stock,10,TM,Industrials,Toyota Motor Corporation Common Stock,10,TSM,Technology,Taiwan Semiconductor Manufacturing Company Ltd.,10,0.0,0.0,0.0,0.0,0.0,0.0,0.0,0.0,0.0,0.0,0.0,0.0,0.0,0.0,0.0,0.0,0.0,-46.22417248673693,-6.392309261467455,25.1706545727481,2008,-46.22417248673693,2006,25.1706545727481,300000.0,160000.0,20,2,No,2008,342443.7570319564,0.0,342443.7570319564,42443.7570319564,10,103,2006,2025,annual_performance_20y_160k_source.csv,"Rank by full $160K withdrawals funded, then total cash delivered, then ending balance; enforce max 10 Top-250 appearances per ticker.",215511.96371824428,41735.77250191264,0.0,0.0,0.0,0.0,0.0,0.0,0.0,0.0,0.0,0.0,0.0,0.0,0.0,0.0,0.0,0.0,0.0,0.0
225,SONY + MS + NVS + TSM,Not rebalanced,SONY,Consumer Staples,Sony Group Corporation American Depositary Shares,10,MS,Finance,Morgan Stanley Common Stock,10,NVS,Health Care,Novartis AG Common Stock,10,TSM,Technology,Taiwan Semiconductor Manufacturing Company Ltd.,10,0.0,0.0,0.0,0.0,0.0,0.0,0.0,0.0,0.0,0.0,0.0,0.0,0.0,0.0,0.0,0.0,0.0,-39.115122953615035,-2.1853121289910127,20.352770480755545,2008,-39.115122953615035,2006,20.352770480755545,300000.0,160000.0,20,2,No,2008,342323.17213920027,0.0,342323.17213920027,42323.172139200266,10,103,2006,2025,annual_performance_20y_160k_source.csv,"Rank by full $160K withdrawals funded, then total cash delivered, then ending balance; enforce max 10 Top-250 appearances per ticker.",201058.31144226663,36664.55977597425,0.0,0.0,0.0,0.0,0.0,0.0,0.0,0.0,0.0,0.0,0.0,0.0,0.0,0.0,0.0,0.0,0.0,0.0
226,WMT + SONY + MS + STX,Not rebalanced,WMT,Consumer Discretionary,Walmart Inc. Common Stock,9,SONY,Consumer Staples,Sony Group Corporation American Depositary Shares,10,MS,Finance,Morgan Stanley Common Stock,10,STX,Technology,Seagate Technology Holdings PLC Ordinary Shares (Ireland),10,0.0,0.0,0.0,0.0,0.0,0.0,0.0,0.0,0.0,0.0,0.0,0.0,0.0,0.0,0.0,0.0,0.0,-50.58341670138052,0.24384437931126435,21.50991661438102,2008,-50.58341670138052,2006,21.50991661438102,300000.0,160000.0,20,2,No,2008,342251.5383742137,0.0,342251.5383742137,42251.53837421368,10,103,2006,2025,annual_performance_20y_160k_source.csv,"Rank by full $160K withdrawals funded, then total cash delivered, then ending balance; enforce max 10 Top-250 appearances per ticker.",204529.74984314304,45028.48414215495,0.0,0.0,0.0,0.0,0.0,0.0,0.0,0.0,0.0,0.0,0.0,0.0,0.0,0.0,0.0,0.0,0.0,0.0
227,WMT + MS + TM + STX,Not rebalanced,WMT,Consumer Discretionary,Walmart Inc. Common Stock,9,MS,Finance,Morgan Stanley Common Stock,10,TM,Industrials,Toyota Motor Corporation Common Stock,10,STX,Technology,Seagate Technology Holdings PLC Ordinary Shares (Ireland),10,0.0,0.0,0.0,0.0,0.0,0.0,0.0,0.0,0.0,0.0,0.0,0.0,0.0,0.0,0.0,0.0,0.0,-44.84922258884826,-10.386835973529408,27.76789549615486,2008,-44.84922258884826,2006,27.76789549615486,300000.0,160000.0,20,2,No,2008,342120.700431527,0.0,342120.700431527,42120.70043152699,10,103,2006,2025,annual_performance_20y_160k_source.csv,"Rank by full $160K withdrawals funded, then total cash delivered, then ending balance; enforce max 10 Top-250 appearances per ticker.",223303.6864884646,40109.49885006345,0.0,0.0,0.0,0.0,0.0,0.0,0.0,0.0,0.0,0.0,0.0,0.0,0.0,0.0,0.0,0.0,0.0,0.0
228,WMT + MS + NVS + STX,Not rebalanced,WMT,Consumer Discretionary,Walmart Inc. Common Stock,9,MS,Finance,Morgan Stanley Common Stock,10,NVS,Health Care,Novartis AG Common Stock,10,STX,Technology,Seagate Technology Holdings PLC Ordinary Shares (Ireland),10,0.0,0.0,0.0,0.0,0.0,0.0,0.0,0.0,0.0,0.0,0.0,0.0,0.0,0.0,0.0,0.0,0.0,-37.581649393842575,-6.425237369069592,22.950011404162307,2008,-37.581649393842575,2006,22.950011404162307,300000.0,160000.0,20,2,No,2008,342115.3982211046,0.0,342115.3982211046,42115.39822110458,10,103,2006,2025,annual_performance_20y_160k_source.csv,"Rank by full $160K withdrawals funded, then total cash delivered, then ending balance; enforce max 10 Top-250 appearances per ticker.",208850.03421248693,35430.92376895159,0.0,0.0,0.0,0.0,0.0,0.0,0.0,0.0,0.0,0.0,0.0,0.0,0.0,0.0,0.0,0.0,0.0,0.0
229,SONY + MS + NVS + SAP,Not rebalanced,SONY,Consumer Staples,Sony Group Corporation American Depositary Shares,10,MS,Finance,Morgan Stanley Common Stock,10,NVS,Health Care,Novartis AG Common Stock,10,SAP,Technology,SAP  SE ADS,10,0.0,0.0,0.0,0.0,0.0,0.0,0.0,0.0,0.0,0.0,0.0,0.0,0.0,0.0,0.0,0.0,0.0,-41.81715122072763,-1.6214012089772356,20.356011666292552,2008,-41.81715122072763,2006,20.356011666292552,300000.0,160000.0,20,2,No,2008,341997.72227201867,0.0,341997.72227201867,41997.72227201867,10,103,2006,2025,annual_performance_20y_160k_source.csv,"Rank by full $160K withdrawals funded, then total cash delivered, then ending balance; enforce max 10 Top-250 appearances per ticker.",201068.03499887767,37807.915448539134,0.0,0.0,0.0,0.0,0.0,0.0,0.0,0.0,0.0,0.0,0.0,0.0,0.0,0.0,0.0,0.0,0.0,0.0
230,SONY + MS + TM + SAP,Not rebalanced,SONY,Consumer Staples,Sony Group Corporation American Depositary Shares,10,MS,Finance,Morgan Stanley Common Stock,10,TM,Industrials,Toyota Motor Corporation Common Stock,10,SAP,Technology,SAP  SE ADS,10,0.0,0.0,0.0,0.0,0.0,0.0,0.0,0.0,0.0,0.0,0.0,0.0,0.0,0.0,0.0,0.0,0.0,-48.89775515904788,-5.849994072545972,25.173895758285102,2008,-48.89775515904788,2006,25.173895758285102,300000.0,160000.0,20,2,No,2008,341929.854510792,0.0,341929.854510792,41929.85451079201,10,103,2006,2025,annual_performance_20y_160k_source.csv,"Rank by full $160K withdrawals funded, then total cash delivered, then ending balance; enforce max 10 Top-250 appearances per ticker.",215521.68727485533,42913.681344225246,0.0,0.0,0.0,0.0,0.0,0.0,0.0,0.0,0.0,0.0,0.0,0.0,0.0,0.0,0.0,0.0,0.0,0.0
231,SONY + MS + MCK + TSM,Not rebalanced,SONY,Consumer Staples,Sony Group Corporation American Depositary Shares,10,MS,Finance,Morgan Stanley Common Stock,10,MCK,Health Care,McKesson Corporation Common Stock,10,TSM,Technology,Taiwan Semiconductor Manufacturing Company Ltd.,10,0.0,0.0,0.0,0.0,0.0,0.0,0.0,0.0,0.0,0.0,0.0,0.0,0.0,0.0,0.0,0.0,0.0,-46.75023817662427,4.855479901957005,17.22343226526215,2008,-46.75023817662427,2006,17.22343226526215,300000.0,160000.0,20,2,No,2008,341820.0534800606,0.0,341820.0534800606,41820.0534800606,10,103,2006,2025,annual_performance_20y_160k_source.csv,"Rank by full $160K withdrawals funded, then total cash delivered, then ending balance; enforce max 10 Top-250 appearances per ticker.",191670.29679578647,40976.80953472725,0.0,0.0,0.0,0.0,0.0,0.0,0.0,0.0,0.0,0.0,0.0,0.0,0.0,0.0,0.0,0.0,0.0,0.0
232,VLO + MS + NVS + TSM,Not rebalanced,VLO,Energy,Valero Energy Corporation Common Stock,10,MS,Finance,Morgan Stanley Common Stock,10,NVS,Health Care,Novartis AG Common Stock,10,TSM,Technology,Taiwan Semiconductor Manufacturing Company Ltd.,10,0.0,0.0,0.0,0.0,0.0,0.0,0.0,0.0,0.0,0.0,0.0,0.0,0.0,0.0,0.0,0.0,0.0,-41.95679873402219,-0.33295992648436634,18.894325665739053,2008,-41.95679873402219,2006,18.894325665739053,300000.0,160000.0,20,2,No,2008,340911.8634668845,0.0,340911.8634668845,40911.863466884475,10,103,2006,2025,annual_performance_20y_160k_source.csv,"Rank by full $160K withdrawals funded, then total cash delivered, then ending balance; enforce max 10 Top-250 appearances per ticker.",196682.97699721716,36028.10150159997,0.0,0.0,0.0,0.0,0.0,0.0,0.0,0.0,0.0,0.0,0.0,0.0,0.0,0.0,0.0,0.0,0.0,0.0
233,VLO + MS + NVS + SAP,Not rebalanced,VLO,Energy,Valero Energy Corporation Common Stock,10,MS,Finance,Morgan Stanley Common Stock,10,NVS,Health Care,Novartis AG Common Stock,10,SAP,Technology,SAP  SE ADS,10,0.0,0.0,0.0,0.0,0.0,0.0,0.0,0.0,0.0,0.0,0.0,0.0,0.0,0.0,0.0,0.0,0.0,-44.62498077197912,0.23781765330959104,18.897566851276082,2008,-44.62498077197912,2006,18.897566851276082,300000.0,160000.0,20,2,No,2008,340577.6176948516,0.0,340577.6176948516,40577.61769485159,10,103,2006,2025,annual_performance_20y_160k_source.csv,"Rank by full $160K withdrawals funded, then total cash delivered, then ending balance; enforce max 10 Top-250 appearances per ticker.",196692.70055382827,37160.47051851664,0.0,0.0,0.0,0.0,0.0,0.0,0.0,0.0,0.0,0.0,0.0,0.0,0.0,0.0,0.0,0.0,0.0,0.0
234,VLO + ING + NVS + TSM,Not rebalanced,VLO,Energy,Valero Energy Corporation Common Stock,10,ING,Finance,ING Group N.V. Common Stock,10,NVS,Health Care,Novartis AG Common Stock,10,TSM,Technology,Taiwan Semiconductor Manufacturing Company Ltd.,10,0.0,0.0,0.0,0.0,0.0,0.0,0.0,0.0,0.0,0.0,0.0,0.0,0.0,0.0,0.0,0.0,0.0,-42.40791018672577,3.7348421511185226,15.333184103874364,2008,-42.40791018672577,2006,15.333184103874364,300000.0,160000.0,20,2,No,2008,338974.4868703647,0.0,338974.4868703647,38974.48687036469,10,103,2006,2025,annual_performance_20y_160k_source.csv,"Rank by full $160K withdrawals funded, then total cash delivered, then ending balance; enforce max 10 Top-250 appearances per ticker.",185999.55231162306,32946.341992249276,0.0,0.0,0.0,0.0,0.0,0.0,0.0,0.0,0.0,0.0,0.0,0.0,0.0,0.0,0.0,0.0,0.0,0.0
235,VLO + ING + NVS + SAP,Not rebalanced,VLO,Energy,Valero Energy Corporation Common Stock,10,ING,Finance,ING Group N.V. Common Stock,10,NVS,Health Care,Novartis AG Common Stock,10,SAP,Technology,SAP  SE ADS,10,0.0,0.0,0.0,0.0,0.0,0.0,0.0,0.0,0.0,0.0,0.0,0.0,0.0,0.0,0.0,0.0,0.0,-45.048206288137315,4.323128815797483,15.33642528941137,2008,-45.048206288137315,2006,15.33642528941137,300000.0,160000.0,20,2,No,2008,338711.4684834878,0.0,338711.4684834878,38711.468483487784,10,103,2006,2025,annual_performance_20y_160k_source.csv,"Rank by full $160K withdrawals funded, then total cash delivered, then ending balance; enforce max 10 Top-250 appearances per ticker.",186009.2758682341,34050.69647334999,0.0,0.0,0.0,0.0,0.0,0.0,0.0,0.0,0.0,0.0,0.0,0.0,0.0,0.0,0.0,0.0,0.0,0.0
236,VLO + ING + PFE + TSM,Not rebalanced,VLO,Energy,Valero Energy Corporation Common Stock,10,ING,Finance,ING Group N.V. Common Stock,10,PFE,Health Care,Pfizer Inc. Common Stock,4,TSM,Technology,Taiwan Semiconductor Manufacturing Company Ltd.,10,0.0,0.0,0.0,0.0,0.0,0.0,0.0,0.0,0.0,0.0,0.0,0.0,0.0,0.0,0.0,0.0,0.0,-45.03509112685059,2.5342006156820585,16.332236835598724,2008,-45.03509112685059,2006,16.332236835598724,300000.0,160000.0,20,2,No,2008,338570.5904878748,0.0,338570.5904878748,38570.59048787481,10,103,2006,2025,annual_performance_20y_160k_source.csv,"Rank by full $160K withdrawals funded, then total cash delivered, then ending balance; enforce max 10 Top-250 appearances per ticker.",188996.7105067962,33786.26630807831,0.0,0.0,0.0,0.0,0.0,0.0,0.0,0.0,0.0,0.0,0.0,0.0,0.0,0.0,0.0,0.0,0.0,0.0
237,VLO + ING + MCK + TSM,Not rebalanced,VLO,Energy,Valero Energy Corporation Common Stock,10,ING,Finance,ING Group N.V. Common Stock,10,MCK,Health Care,McKesson Corporation Common Stock,10,TSM,Technology,Taiwan Semiconductor Manufacturing Company Ltd.,10,0.0,0.0,0.0,0.0,0.0,0.0,0.0,0.0,0.0,0.0,0.0,0.0,0.0,0.0,0.0,0.0,0.0,-49.78874977794824,11.255724934436607,12.203845888380972,2008,-49.78874977794824,2006,12.203845888380972,300000.0,160000.0,20,2,No,2008,338322.3094229638,0.0,338322.3094229638,38322.30942296382,10,103,2006,2025,annual_performance_20y_160k_source.csv,"Rank by full $160K withdrawals funded, then total cash delivered, then ending balance; enforce max 10 Top-250 appearances per ticker.",176611.5376651429,36490.446547210304,0.0,0.0,0.0,0.0,0.0,0.0,0.0,0.0,0.0,0.0,0.0,0.0,0.0,0.0,0.0,0.0,0.0,0.0
238,VLO + ING + PFE + SAP,Not rebalanced,VLO,Energy,Valero Energy Corporation Common Stock,10,ING,Finance,ING Group N.V. Common Stock,10,PFE,Health Care,Pfizer Inc. Common Stock,4,SAP,Technology,SAP  SE ADS,10,0.0,0.0,0.0,0.0,0.0,0.0,0.0,0.0,0.0,0.0,0.0,0.0,0.0,0.0,0.0,0.0,0.0,-47.66838567251235,3.1174687090073983,16.335478021135753,2008,-47.66838567251235,2006,16.335478021135753,300000.0,160000.0,20,2,No,2008,338263.0271869082,0.0,338263.0271869082,38263.02718690818,10,103,2006,2025,annual_performance_20y_160k_source.csv,"Rank by full $160K withdrawals funded, then total cash delivered, then ending balance; enforce max 10 Top-250 appearances per ticker.",189006.43406340724,34898.65050334472,0.0,0.0,0.0,0.0,0.0,0.0,0.0,0.0,0.0,0.0,0.0,0.0,0.0,0.0,0.0,0.0,0.0,0.0
239,VLO + ING + MCK + SAP,Not rebalanced,VLO,Energy,Valero Energy Corporation Common Stock,10,ING,Finance,ING Group N.V. Common Stock,10,MCK,Health Care,McKesson Corporation Common Stock,10,SAP,Technology,SAP  SE ADS,10,0.0,0.0,0.0,0.0,0.0,0.0,0.0,0.0,0.0,0.0,0.0,0.0,0.0,0.0,0.0,0.0,0.0,-52.279720919201765,11.860201052137743,12.207087073918,2008,-52.279720919201765,2006,12.207087073918,300000.0,160000.0,20,2,No,2008,337927.98292711866,0.0,337927.98292711866,37927.98292711866,10,103,2006,2025,annual_performance_20y_160k_source.csv,"Rank by full $160K withdrawals funded, then total cash delivered, then ending balance; enforce max 10 Top-250 appearances per ticker.",176621.26122175402,37568.897903475445,0.0,0.0,0.0,0.0,0.0,0.0,0.0,0.0,0.0,0.0,0.0,0.0,0.0,0.0,0.0,0.0,0.0,0.0
240,WMT + VLO + ING + TSM,Not rebalanced,WMT,Consumer Discretionary,Walmart Inc. Common Stock,9,VLO,Energy,Valero Energy Corporation Common Stock,10,ING,Finance,ING Group N.V. Common Stock,10,TSM,Technology,Taiwan Semiconductor Manufacturing Company Ltd.,10,0.0,0.0,0.0,0.0,0.0,0.0,0.0,0.0,0.0,0.0,0.0,0.0,0.0,0.0,0.0,0.0,0.0,-36.934066900042886,5.78997393548033,12.550680007475613,2008,-36.934066900042886,2006,12.550680007475613,300000.0,160000.0,20,2,No,2008,337619.389926758,0.0,337619.389926758,37619.38992675801,10,103,2006,2025,annual_performance_20y_160k_source.csv,"Rank by full $160K withdrawals funded, then total cash delivered, then ending balance; enforce max 10 Top-250 appearances per ticker.",177652.0400224268,27938.04683557441,0.0,0.0,0.0,0.0,0.0,0.0,0.0,0.0,0.0,0.0,0.0,0.0,0.0,0.0,0.0,0.0,0.0,0.0
241,WMT + VLO + ING + SAP,Not rebalanced,WMT,Consumer Discretionary,Walmart Inc. Common Stock,9,VLO,Energy,Valero Energy Corporation Common Stock,10,ING,Finance,ING Group N.V. Common Stock,10,SAP,Technology,SAP  SE ADS,10,0.0,0.0,0.0,0.0,0.0,0.0,0.0,0.0,0.0,0.0,0.0,0.0,0.0,0.0,0.0,0.0,0.0,-39.618173723791315,6.3927447600502285,12.553921193012618,2008,-39.618173723791315,2006,12.553921193012618,300000.0,160000.0,20,2,No,2008,337522.33902905346,0.0,337522.33902905346,37522.33902905346,10,103,2006,2025,annual_performance_20y_160k_source.csv,"Rank by full $160K withdrawals funded, then total cash delivered, then ending balance; enforce max 10 Top-250 appearances per ticker.",177661.76357903786,29019.226660849643,0.0,0.0,0.0,0.0,0.0,0.0,0.0,0.0,0.0,0.0,0.0,0.0,0.0,0.0,0.0,0.0,0.0,0.0
242,WMT + ING + MCK + SAP,Not rebalanced,WMT,Consumer Discretionary,Walmart Inc. Common Stock,9,ING,Finance,ING Group N.V. Common Stock,10,MCK,Health Care,McKesson Corporation Common Stock,10,SAP,Technology,SAP  SE ADS,10,0.0,0.0,0.0,0.0,0.0,0.0,0.0,0.0,0.0,0.0,0.0,0.0,0.0,0.0,0.0,0.0,0.0,-31.3529297351966,4.528711680837261,12.323122582317026,2008,-31.3529297351966,2006,12.323122582317026,300000.0,160000.0,20,2,No,2008,337150.64686136984,0.0,337150.64686136984,37150.64686136984,10,103,2006,2025,annual_performance_20y_160k_source.csv,"Rank by full $160K withdrawals funded, then total cash delivered, then ending balance; enforce max 10 Top-250 appearances per ticker.",176969.36774695106,24983.800175611075,0.0,0.0,0.0,0.0,0.0,0.0,0.0,0.0,0.0,0.0,0.0,0.0,0.0,0.0,0.0,0.0,0.0,0.0
243,WMT + ING + MCK + TSM,Not rebalanced,WMT,Consumer Discretionary,Walmart Inc. Common Stock,9,ING,Finance,ING Group N.V. Common Stock,10,MCK,Health Care,McKesson Corporation Common Stock,10,TSM,Technology,Taiwan Semiconductor Manufacturing Company Ltd.,10,0.0,0.0,0.0,0.0,0.0,0.0,0.0,0.0,0.0,0.0,0.0,0.0,0.0,0.0,0.0,0.0,0.0,-28.566750238420248,3.92464847290539,12.319881396779975,2008,-28.566750238420248,2006,12.319881396779975,300000.0,160000.0,20,2,No,2008,337075.8956007133,0.0,337075.8956007133,37075.895600713324,10,103,2006,2025,annual_performance_20y_160k_source.csv,"Rank by full $160K withdrawals funded, then total cash delivered, then ending balance; enforce max 10 Top-250 appearances per ticker.",176959.64419033995,23904.688163714978,0.0,0.0,0.0,0.0,0.0,0.0,0.0,0.0,0.0,0.0,0.0,0.0,0.0,0.0,0.0,0.0,0.0,0.0
244,WMT + HSBC + MCK + SAP,Not rebalanced,WMT,Consumer Discretionary,Walmart Inc. Common Stock,9,HSBC,Finance,HSBC Holdings plc. Common Stock,7,MCK,Health Care,McKesson Corporation Common Stock,10,SAP,Technology,SAP  SE ADS,10,0.0,0.0,0.0,0.0,0.0,0.0,0.0,0.0,0.0,0.0,0.0,0.0,0.0,0.0,0.0,0.0,0.0,-22.999872972860814,6.034284713414895,9.11739839590846,2008,-22.999872972860814,2006,9.11739839590846,300000.0,160000.0,20,2,No,2008,333437.06356914586,0.0,333437.06356914586,33437.06356914586,10,103,2006,2025,annual_performance_20y_160k_source.csv,"Rank by full $160K withdrawals funded, then total cash delivered, then ending balance; enforce max 10 Top-250 appearances per ticker.",167352.19518772536,17450.70311950252,0.0,0.0,0.0,0.0,0.0,0.0,0.0,0.0,0.0,0.0,0.0,0.0,0.0,0.0,0.0,0.0,0.0,0.0
245,HSBC + MCK + GLW + SAP,Not rebalanced,HSBC,Finance,HSBC Holdings plc. Common Stock,7,MCK,Health Care,McKesson Corporation Common Stock,10,GLW,Industrials,Corning Incorporated Common Stock,5,SAP,Technology,SAP  SE ADS,10,0.0,0.0,0.0,0.0,0.0,0.0,0.0,0.0,0.0,0.0,0.0,0.0,0.0,0.0,0.0,0.0,0.0,-41.79443588801074,11.318014532543552,7.87619483740476,2008,-41.79443588801074,2007,11.318014532543552,300000.0,160000.0,20,2,No,2008,332891.4215898744,0.0,332891.4215898744,32891.42158987437,10,103,2006,2025,annual_performance_20y_160k_source.csv,"Rank by full $160K withdrawals funded, then total cash delivered, then ending balance; enforce max 10 Top-250 appearances per ticker.",163628.5845122143,22148.091486702004,0.0,0.0,0.0,0.0,0.0,0.0,0.0,0.0,0.0,0.0,0.0,0.0,0.0,0.0,0.0,0.0,0.0,0.0
246,HSBC + MCK + GLW + ADP,Not rebalanced,HSBC,Finance,HSBC Holdings plc. Common Stock,7,MCK,Health Care,McKesson Corporation Common Stock,10,GLW,Industrials,Corning Incorporated Common Stock,5,ADP,Technology,Automatic Data Processing Inc. Common Stock,2,0.0,0.0,0.0,0.0,0.0,0.0,0.0,0.0,0.0,0.0,0.0,0.0,0.0,0.0,0.0,0.0,0.0,-37.46764412842225,12.889889441908299,5.470570985158374,2008,-37.46764412842225,2007,12.889889441908299,300000.0,160000.0,20,2,No,2008,330363.4934852963,0.0,330363.4934852963,30363.49348529632,10,103,2006,2025,annual_performance_20y_160k_source.csv,"Rank by full $160K withdrawals funded, then total cash delivered, then ending balance; enforce max 10 Top-250 appearances per ticker.",156411.71295547514,16573.009829630842,0.0,0.0,0.0,0.0,0.0,0.0,0.0,0.0,0.0,0.0,0.0,0.0,0.0,0.0,0.0,0.0,0.0,0.0
247,WMT + HSBC + MCK + ADBE,Not rebalanced,WMT,Consumer Discretionary,Walmart Inc. Common Stock,9,HSBC,Finance,HSBC Holdings plc. Common Stock,7,MCK,Health Care,McKesson Corporation Common Stock,10,ADBE,Technology,Adobe Inc. Common Stock,3,0.0,0.0,0.0,0.0,0.0,0.0,0.0,0.0,0.0,0.0,0.0,0.0,0.0,0.0,0.0,0.0,0.0,-28.53086013289614,7.879926513919444,7.24647502760114,2008,-28.53086013289614,2007,7.879926513919444,300000.0,160000.0,20,2,No,2008,330351.856743472,0.0,330351.856743472,30351.856743471988,10,103,2006,2025,annual_performance_20y_160k_source.csv,"Rank by full $160K withdrawals funded, then total cash delivered, then ending balance; enforce max 10 Top-250 appearances per ticker.",161739.4250828034,14484.372923364106,0.0,0.0,0.0,0.0,0.0,0.0,0.0,0.0,0.0,0.0,0.0,0.0,0.0,0.0,0.0,0.0,0.0,0.0
248,HSBC + PFE + GLW + ADP,Not rebalanced,HSBC,Finance,HSBC Holdings plc. Common Stock,7,PFE,Health Care,Pfizer Inc. Common Stock,4,GLW,Industrials,Corning Incorporated Common Stock,5,ADP,Technology,Automatic Data Processing Inc. Common Stock,2,0.0,0.0,0.0,0.0,0.0,0.0,0.0,0.0,0.0,0.0,0.0,0.0,0.0,0.0,0.0,0.0,0.0,-31.869721680092944,3.5709973231501158,9.598961932376149,2008,-31.869721680092944,2006,9.598961932376149,300000.0,160000.0,20,2,No,2008,330100.05355129804,0.0,330100.05355129804,30100.053551298042,10,103,2006,2025,annual_performance_20y_160k_source.csv,"Rank by full $160K withdrawals funded, then total cash delivered, then ending balance; enforce max 10 Top-250 appearances per ticker.",168796.88579712843,14824.618070504657,0.0,0.0,0.0,0.0,0.0,0.0,0.0,0.0,0.0,0.0,0.0,0.0,0.0,0.0,0.0,0.0,0.0,0.0
249,HSBC + MCK + GLW + ADBE,Not rebalanced,HSBC,Finance,HSBC Holdings plc. Common Stock,7,MCK,Health Care,McKesson Corporation Common Stock,10,GLW,Industrials,Corning Incorporated Common Stock,5,ADBE,Technology,Adobe Inc. Common Stock,3,0.0,0.0,0.0,0.0,0.0,0.0,0.0,0.0,0.0,0.0,0.0,0.0,0.0,0.0,0.0,0.0,0.0,-47.12419823986698,13.278521099603502,6.005271469097462,2008,-47.12419823986698,2007,13.278521099603502,300000.0,160000.0,20,2,No,2008,330045.3330080907,0.0,330045.3330080907,30045.333008090674,10,103,2006,2025,annual_performance_20y_160k_source.csv,"Rank by full $160K withdrawals funded, then total cash delivered, then ending balance; enforce max 10 Top-250 appearances per ticker.",158015.8144072924,18997.977664075035,0.0,0.0,0.0,0.0,0.0,0.0,0.0,0.0,0.0,0.0,0.0,0.0,0.0,0.0,0.0,0.0,0.0,0.0
250,HSBC + PFE + GLW + ADBE,Not rebalanced,HSBC,Finance,HSBC Holdings plc. Common Stock,7,PFE,Health Care,Pfizer Inc. Common Stock,4,GLW,Industrials,Corning Incorporated Common Stock,5,ADBE,Technology,Adobe Inc. Common Stock,3,0.0,0.0,0.0,0.0,0.0,0.0,0.0,0.0,0.0,0.0,0.0,0.0,0.0,0.0,0.0,0.0,0.0,-42.04411123523386,3.9903043677717243,10.133662416315259,2008,-42.04411123523386,2006,10.133662416315259,300000.0,160000.0,20,2,No,2008,329968.70571045455,0.0,329968.70571045455,29968.705710454553,10,103,2006,2025,annual_performance_20y_160k_source.csv,"Rank by full $160K withdrawals funded, then total cash delivered, then ending balance; enforce max 10 Top-250 appearances per ticker.",170400.98724894575,17200.50528586656,0.0,0.0,0.0,0.0,0.0,0.0,0.0,0.0,0.0,0.0,0.0,0.0,0.0,0.0,0.0,0.0,0.0,0.0
