Symbol,Name,Type,Sector,Industry,Price,Market Cap ($B),Analyst Rating,Price Target Low,Price Target Average,Price Target High,Avg Target Implied %,Short Buy,Long Buy,Fundamental Buy,1D,1M,3M,6M,YTD,2025,2024,2023,2022,2021,2020,2019,2018,2017,2016,2015,2014,2013,2012,2011,2010,2009,2008,2007,2006,Simulation Period,Investment Amount ($),Estimated Value ($),Profit / Loss ($),Simulation Return %,Signal Reasons
AEM,Agnico Eagle Mines Limited Common Stock,Stock,Basic Materials,Precious Metals,206.25,104.684455838,Strong Buy,87,214.97571,300,4.2306472727272615,true,true,true,-4.265689907753167,43.51818966277876,16.175760875684418,-17.6754922946848,22.178053759862195,119.52869542699732,46.03740027348384,8.978131384122822,1.0762957499907744,-22.809534419056664,16.17633798736837,54.17913581583185,-11.506248207105418,10.917019123075033,61.43767441335963,6.801460565478967,-4.9591532490307895,-48.288105069357535,47.15350669533556,-52.120274806769416,42.47086278436991,5.614685236443595,-5.807298265357231,32.896610468390406,108.94605373251008,10Y,10000,94527.87768329843,84527.87768329843,845.2787768329844,Short technical: price above 20-day average; 20-day average above 50-day average; MACD above signal line; RSI in bullish 50-70 zone; 1-month momentum positive; 3-month momentum positive | Fundamental/consensus: Nasdaq Strong Buy
NVDA,NVIDIA Corporation Common Stock,Stock,Technology,Semiconductors,217.5500030517578,5242.955,Strong Buy,180,305.7931,500,40.56221361083965,false,true,true,-4.574959589106332,10.425871335278458,1.6586044862714866,22.927558104385028,16.791075769845843,38.91652029739279,171.24928099396382,239.01721893043756,-50.26464946696683,125.482100341767,122.29564064462126,76.94306233826762,-30.81524980359971,81.9879156640959,226.9602000637317,67.11561264466668,27.39577144691181,33.523826243541485,-10.97332701274546,-10.000011834663658,-17.558880212148143,131.47446786201112,-76.278648591084,37.88176461401442,102.4613211350458,10Y,10000,2709214.966894191,2699214.966894191,26992.149668941915,Fundamental/consensus: Nasdaq Strong Buy | Long technical: price above 200-day average; 50-day average above 200-day average; 6-month return positive; 1-year annualized return positive; 3-year annualized return positive; 5-year annualized return positive
BKNG,Booking Holdings Inc. Common Stock,Stock,Consumer Discretionary,Transportation Services,205.6300048828125,154.506372215,Strong Buy,188,237.80556,301,15.647305526021938,false,true,true,1.5156039500497709,3.170943455739472,21.391433309048136,21.84485787837076,-3.5459863971188943,8.588271539403403,41.30706527528811,76.01623336643438,-16.00305295889961,7.720664051287973,8.449998496703138,19.23514620408804,-0.8816024202872752,18.531287725048216,14.989587683575278,11.81713227715877,-1.9089711707967691,87.36600659079008,32.644164734946955,17.059185007170118,82.93578137109496,196.55120202614935,-35.87845177731958,163.37992438541428,95.38531648096584,10Y,10000,41177.68985986822,31177.689859868216,311.7768985986822,Fundamental/consensus: Nasdaq Strong Buy | Long technical: price above 200-day average; 50-day average above 200-day average; 6-month return positive; 3-year annualized return positive; 5-year annualized return positive
EQIX,Equinix Inc. Common Stock REIT,Stock,Real Estate,Real Estate Investment Trusts,1044.4100341796875,103.053695575,Strong Buy,1060,1234.5518,1400,18.20566248864659,false,true,true,-2.976442793026035,1.405053465823447,-1.8738435710377253,8.245299807403539,38.39647343078782,-16.879916730660625,19.450905455684577,25.405216245910168,-21.126289137389453,20.27664588384901,24.220154416878103,68.86126148873346,-20.413896889242444,29.19561924002747,20.692027298569293,42.30276621101788,32.78557086448597,-13.942769090727303,103.35307544620198,24.78462386706628,-23.447940689873093,99.56759739566886,-47.37309135054964,33.65507586308705,85.52499632086459,10Y,10000,42553.504087927984,32553.504087927984,325.53504087927985,Fundamental/consensus: Nasdaq Strong Buy | Long technical: price above 200-day average; 50-day average above 200-day average; 6-month return positive; 1-year annualized return positive; 3-year annualized return positive; 5-year annualized return positive
SCCO,Southern Copper Corporation Common Stock,Stock,Basic Materials,Metal Mining,209.8000030517578,175.042791919,Sell,126.97628,169.05853,275,-19.419195643055765,false,false,false,-2.996114187216903,17.232898514135385,7.655992300450309,-2.429904273896333,50.36094624212814,66.54655998490493,9.418935501437108,50.02557779506552,4.170757048745721,-0.6789150289778112,58.72197332397518,46.47917218419808,-33.13401516760868,50.75961095449257,23.097164422445672,-6.321754636919708,-0.3058107161584167,-22.617554805861463,38.9943048062666,-33.63633206493485,55.84578394463367,108.9065932323256,-50.517366078386814,110.00675597519492,78.81148567046719,10Y,10000,122706.34478396409,112706.34478396409,1127.0634478396407,Long technical: price above 200-day average; 50-day average above 200-day average; 1-year annualized return positive; 3-year annualized return positive; 5-year annualized return positive
MNST,Monster Beverage Corporation,Stock,Consumer Staples,Beverages (Production/Distribution),46.86000061035156,137.701886213,Strong Buy,35,50.28261,57,7.303903852046401,false,true,true,0.3426120873622817,-52.0564746935382,-46.74394618931287,-45.064479561720376,-38.8809159652075,45.87137778863544,-8.765837846828884,13.48370196592359,5.716365901118947,3.849478189196942,45.52321710021656,29.1141764749284,-22.23099935423185,42.73793571882394,-10.700863008634387,37.480400605549335,59.87899354811255,28.25510100211599,14.695045797174377,76.24327799213557,36.14584302684898,14.524292922975256,-24.294408001407707,31.502346879442467,70.94279653171856,10Y,10000,18874.865130892555,8874.865130892555,88.74865130892556,Fundamental/consensus: Nasdaq Strong Buy
CSCO,Cisco Systems Inc. Common Stock (DE),Stock,Telecommunications,Computer Communications Equipment,109.93000030517578,433.281912723,Strong Buy,115,137.73914,170,25.297134192325554,false,true,true,-1.9794928136410703,-4.888390237385199,-6.994902347437537,39.61634814377415,44.79136771327485,33.4737272719652,20.995634902764102,9.29591687054141,-22.462756974127927,45.7613225398958,-3.486445657839388,13.812617724426746,16.571573491612178,31.26829762217045,15.133657844336934,0.6195640664942381,27.975852050535654,16.72658269311831,11.605528458009395,-9.61721227211174,-15.497048391615277,46.871201921036906,-39.78575513465897,-0.9513202549610966,59.63786146954464,10Y,10000,55898.26018483918,45898.26018483918,458.98260184839177,Fundamental/consensus: Nasdaq Strong Buy | Long technical: price above 200-day average; 50-day average above 200-day average; 6-month return positive; 1-year annualized return positive; 3-year annualized return positive; 5-year annualized return positive
GS,Goldman Sachs Group Inc. (The) Common Stock,Stock,Finance,Investment Bankers/Brokers/Service,1033.989990234375,301.068324158,Buy,730,1141.65,1325,10.412094003078476,false,true,false,-0.6609859939365359,0.0629051846984918,2.992648268471032,21.45754282246301,18.77276474976304,56.63768108302458,52.03131950973818,15.90556168298658,-7.871024942086935,47.61122563584364,17.45375733799537,40.47898834091388,-33.525241728014066,7.734053559528431,34.92308291001373,-5.789610783348587,10.78531319121394,40.79358245941294,43.39200658818443,-45.597658341760685,0.5424089196509607,102.54830776810311,-60.418877669995496,8.592072853639454,57.393193877944015,10Y,10000,71078.84899864976,61078.84899864976,610.7884899864976,Long technical: price above 200-day average; 50-day average above 200-day average; 6-month return positive; 1-year annualized return positive; 3-year annualized return positive; 5-year annualized return positive | Consensus confirmation: Nasdaq Buy
T,AT&T Inc.,Stock,Telecommunications,Telecommunications Equipment,26.01000022888184,178.230550757,Strong Buy,20,28.70652,36,10.367242396729814,true,true,true,2.280770415830502,5.4744541355356,5.941602239663779,-4.9120382395445255,8.479852037467928,13.97779442461513,44.10037396566597,-2.731087737991056,6.468478445813219,-5.900943872183673,-19.64940644103399,48.48106312251985,-20.77642711343589,-2.461929336199753,31.993196258143385,10.3145201227675,2.393218723604429,11.553638676149337,19.52258911903504,11.09559784906864,13.918532785125514,6.836211447427654,-26.91680487635604,22.064189250042787,55.58436377704539,10Y,10000,21127.840208589823,11127.840208589823,111.27840208589825,Short technical: price above 20-day average; 20-day average above 50-day average; MACD above signal line; RSI in bullish 50-70 zone; 1-month momentum positive; 3-month momentum positive | Fundamental/consensus: Nasdaq Strong Buy
PBR,Petroleo Brasileiro S.A. Petrobras ADS,Stock,Energy,Oil & Gas Production,18.530000686645508,119.41410904,Buy,17.4,22.03079,27,18.892548211708892,true,true,false,1.5342503377836048,5.55336748034454,2.072827983865966,16.253891984553583,63.14786029855799,-1.056972500105302,-2.260878617327833,89.18122438445893,57.23081201915812,20.42636837891112,-28.883009207310373,23.7314915706635,27.68382727203058,1.780433171742879,135.11623969456338,-41.0958607521173,-45.25165505040844,-28.217107620828084,-19.776154844931405,-32.14083850464914,-18.158937342981584,100.01037332181672,-55.69825781018669,131.39668130561444,51.23616103605808,10Y,10000,151952.8049713223,141952.8049713223,1419.528049713223,Short technical: price above 20-day average; 20-day average above 50-day average; MACD above signal line; RSI in bullish 50-70 zone; 1-month momentum positive; 3-month momentum positive | Long technical: price above 200-day average; 50-day average above 200-day average; 6-month return positive; 1-year annualized return positive; 3-year annualized return positive; 5-year annualized return positive | Consensus confirmation: Nasdaq Buy
NVO,Novo Nordisk A/S Common Stock,Stock,Health Care,Biotechnology: Pharmaceutical Preparations,45.61000061035156,201.957911017,Hold,40.135014,47.083466,63.955734,3.230575246504208,false,false,false,-1.4050967029090369,-9.354747440317546,1.5003757752034996,27.86898324891538,-5.88259557553924,-39.22056832238139,-15.935312041493988,54.84019145525938,22.657461863357756,63.51807756531043,23.33308839296937,28.70299049088494,-12.116588308968746,54.22601012306498,-36.56486379712784,39.39196462305061,16.667869138116288,15.407516364962673,44.087836241485135,3.914148445498644,79.49536683889897,26.98425285350621,-19.725432742290383,57.3792164127408,51.048612917540126,10Y,10000,20381.975765226216,10381.975765226216,103.81975765226214,Long technical: price above 200-day average; 50-day average above 200-day average; 6-month return positive; 5-year annualized return positive
TMO,Thermo Fisher Scientific Inc Common Stock,Stock,Industrials,Industrial Machinery/Components,622.1799926757812,230.049366403,Strong Buy,520,631.4231,750,1.485600217465577,true,true,true,-1.3508830452429454,7.940532201682338,27.82802086394478,19.632979739679836,7.588121587341634,11.777323425030083,-1.7228276048932845,-3.3556999603119757,-17.285100215494577,43.53956171845192,43.71959122732183,45.549950141241546,18.2101158547056,35.02614879522321,-0.1165411190387599,13.74691257637577,13.063678341458406,75.78432523055336,43.17240465699999,-18.768041307389797,16.08305620341919,39.97653425882115,-40.9327680787186,27.357081919817183,50.315298766755134,10Y,10000,45226.858651716764,35226.858651716764,352.26858651716765,Short technical: price above 20-day average; 20-day average above 50-day average; RSI in bullish 50-70 zone; 1-month momentum positive; 3-month momentum positive | Fundamental/consensus: Nasdaq Strong Buy | Long technical: price above 200-day average; 50-day average above 200-day average; 6-month return positive; 1-year annualized return positive; 3-year annualized return positive; 5-year annualized return positive
HDB,HDFC Bank Limited Common Stock,Stock,Finance,Commercial Banks,23.07999992370605,118.42631367,Strong Buy,30.8,33.95,36,47.09705421241834,false,true,true,2.7604668945067967,-2.1204410585995204,-2.4513944524369613,-27.53532292849216,-36.836345524287005,15.863380827027251,-3.739605076447461,0.1619558321359848,7.441915423649226,-9.289522891342772,14.02870984306741,23.209999445873407,2.4400334437601146,68.53344353944688,-0.8557652443455743,22.136458657704416,48.48410811122974,-14.741593132606434,56.19525258560658,-20.821899102618968,29.217826760740785,83.28744639313177,-44.96372427227758,74.0445918760211,49.15953079509545,10Y,10000,16537.829571711463,6537.829571711463,65.37829571711464,Fundamental/consensus: Nasdaq Strong Buy
IBN,ICICI Bank Limited Common Stock,Stock,Finance,Commercial Banks,29.8799991607666,106.972081796,Strong Buy,35.3,35.825,36,19.896255040861497,false,true,true,0.0669743804630362,-0.4290726787731902,15.132451679312652,-1.244961929535604,1.107927669322617,0.5896291948966681,26.32535813907104,9.809002183516611,11.270555520761572,33.57331187995531,-1.5242025161988582,47.00790533172699,5.755416249393686,44.0323335668988,-2.3350896909865138,-31.140576143695007,57.77657742949758,-13.409189614216489,68.47996887650558,-47.1104619636136,36.33686959919429,98.7995636027108,-68.13510993589225,48.8781533307094,47.251315727467016,10Y,10000,45158.36585591719,35158.36585591719,351.5836585591719,Fundamental/consensus: Nasdaq Strong Buy | Long technical: price above 200-day average; 50-day average above 200-day average; 3-year annualized return positive; 5-year annualized return positive
LMT,Lockheed Martin Corporation Common Stock,Stock,Industrials,Military/Government/Technical,563.8499755859375,130.131366079,Buy,503,632.9474,756,12.25457611171452,false,false,false,-0.3605009824687144,-3.0035647152096945,5.646056609461314,-13.303517056268754,17.958988259859645,2.4668686050492328,10.021591643640203,-4.30863201672137,40.47568115436402,3.1516427619910248,-6.493361545621279,52.54667177533003,-16.345916017339423,31.76596655622725,18.371601776630307,16.184623877357375,33.76117007730173,68.1139486787155,19.516278403451647,20.70427496126619,-3.83738107850764,-7.585494595671161,-18.559427555902356,15.975201843834364,46.98786491388447,10Y,10000,34318.286150781394,24318.286150781394,243.18286150781395,
SAN,Banco Santander S.A. Sponsored ADR (Spain),Stock,Finance,Commercial Banks,14.670000076293944,215.492317094,Strong Buy,9.3,13.56,15.78,-7.566462648406203,true,true,true,0.8247414706942457,4.9356262993642375,18.211122132713964,20.152657028225995,26.605874882109013,161.62074414001685,15.051257920939708,46.18974906165783,-6.622593542310796,10.40140679756143,-26.32849377845191,-2.3125081448103657,-28.50943106458316,31.143247898903525,11.84755056635658,-37.629632148500434,-0.0090056165174767,23.57322464649272,26.209961005411557,-23.43493597185168,-31.11722293639536,88.81538415144101,-51.9838304541996,20.04105418605149,46.635306144526425,10Y,10000,43342.14657261024,33342.14657261024,333.4214657261024,Short technical: price above 20-day average; 20-day average above 50-day average; RSI in bullish 50-70 zone; 1-month momentum positive; 3-month momentum positive | Fundamental/consensus: Nasdaq Strong Buy | Long technical: price above 200-day average; 50-day average above 200-day average; 6-month return positive; 1-year annualized return positive; 3-year annualized return positive; 5-year annualized return positive
MS,Morgan Stanley Common Stock,Stock,Finance,Investment Bankers/Brokers/Service,214.7700042724609,337.310522533,Buy,184,236.61905,262,10.173229637701642,false,true,false,-0.0418860363189832,2.066482743717546,5.968041772972255,30.390248055355595,22.970579233918546,45.16468210245963,39.73119226149016,13.929320876203978,-10.338443881349358,46.65364384307542,38.08846731772009,32.67399437544809,-22.75944512652359,26.606939158015976,36.07316036032304,-16.739775964308844,25.07786835212293,65.34407982160944,27.956534321396,-43.90404292303484,-7.389163473926863,88.30141565406322,-68.83728641404032,-20.286486969284525,45.919952610130906,10Y,10000,91097.98467112561,81097.98467112561,810.9798467112562,Long technical: price above 200-day average; 50-day average above 200-day average; 6-month return positive; 1-year annualized return positive; 3-year annualized return positive; 5-year annualized return positive | Consensus confirmation: Nasdaq Buy
BN,Brookfield Corporation Class A Limited Voting Shares,Stock,Real Estate,Building operators,41.33000183105469,101.289483654,Strong Buy,31,54.4,61,31.62351219429351,false,true,true,-0.2413673024004303,-2.4545601299211905,-10.169072887057371,-5.410003319341805,-9.6355198804305,20.53893501460984,44.178703569422815,28.599832942407623,-34.62244569848048,48.82606866560389,8.495797705009034,52.67610208056901,-10.652483398443923,33.81312032402548,8.049864388416639,-4.343209995711983,31.123835134433865,11.620604260880077,52.36996638868882,-16.090611695289002,53.277583960153294,49.57995289881727,-56.342909787450125,12.47904211990063,45.60827105132037,10Y,10000,42049.776868903034,32049.776868903034,320.49776868903035,Fundamental/consensus: Nasdaq Strong Buy
DIS,Walt Disney Company (The) Common Stock,Stock,Consumer Discretionary,Services-Misc. Amusement & Recreation,108.0999984741211,186.654854106,Strong Buy,88,127.84312,160,18.263757451028418,true,true,true,1.198276336784998,9.313377633043784,5.011379476564826,2.7237943955656263,-4.2556805960969335,3.303280307218115,24.442768272892845,4.263670084433069,-43.90858075312617,-14.510435737570528,25.271379895727694,33.51349710061422,3.607805978703227,4.760208861359305,0.6719562008094648,12.929885275484777,24.85231297808168,55.33880494757428,34.81226301294609,1.6521387678875898,17.58229152631252,43.7721451056617,-28.655176473639056,-3.4863594450876723,44.26518413091976,10Y,10000,11246.404656902452,1246.4046569024522,12.46404656902451,Short technical: price above 20-day average; 20-day average above 50-day average; MACD above signal line; RSI in bullish 50-70 zone; 1-month momentum positive; 3-month momentum positive | Fundamental/consensus: Nasdaq Strong Buy
MRK,Merck & Company Inc. Common Stock (new),Stock,Health Care,Biotechnology: Pharmaceutical Preparations,148.35000610351562,366.004912497,Strong Buy,105,148.73077,186,0.25666591224720037,true,true,true,-0.7957651705522317,12.539825414089378,24.628258190843823,21.56639807629752,43.00162825006508,9.788057540503736,-6.260055064058745,1.0098810763237154,49.42137027150617,1.7548613247018174,-7.204799388362315,22.271456051257,39.95388390239203,-1.486513025104652,15.054183554079216,-3.888009169192719,16.93184274972259,26.826815401731015,13.136457671938029,9.560121984733971,2.911867593363504,26.70058929021544,-45.33244647741541,37.35393324197951,42.677167529457606,10Y,10000,40680.49041621358,30680.49041621358,306.8049041621358,Short technical: price above 20-day average; 20-day average above 50-day average; MACD above signal line; RSI in bullish 50-70 zone; 1-month momentum positive; 3-month momentum positive | Fundamental/consensus: Nasdaq Strong Buy | Long technical: price above 200-day average; 50-day average above 200-day average; 6-month return positive; 1-year annualized return positive; 3-year annualized return positive; 5-year annualized return positive
DE,Deere & Company Common Stock,Stock,Industrials,Industrial Machinery/Components,630.3300170898438,170.1496571,Buy,500,665.3477,804,5.555452217209744,true,true,false,1.231819014570279,-1.4863105411461186,17.24745479922789,0.6514310675507007,36.13681217544207,11.385240587470436,7.555396894808086,-5.48004095357525,26.587193012556497,28.859112041556426,57.95758657608548,18.295517763302847,-2.8958451997180945,54.829582813967725,38.93919282779705,-11.260788909044194,-0.5461489635950278,8.221382254250088,14.285397511144817,-4.9807769139376905,56.33489782668306,44.85839729232704,-58.05626507169104,98.64755325152996,42.28572066556755,10Y,10000,98149.74299709094,88149.74299709094,881.4974299709095,Short technical: price above 20-day average; 20-day average above 50-day average; MACD above signal line; RSI in bullish 50-70 zone; 3-month momentum positive | Long technical: price above 200-day average; 50-day average above 200-day average; 6-month return positive; 1-year annualized return positive; 3-year annualized return positive; 5-year annualized return positive | Consensus confirmation: Nasdaq Buy
LRCX,Lam Research Corporation Common Stock,Stock,Technology,Industrial Machinery/Components,301.8999938964844,377.7738099,Strong Buy,290,371.19354,500,22.952483439689964,false,true,true,-5.235731489365736,11.976562553058546,-4.996019836569854,29.32345344610252,76.6997623232149,139.16332535633762,-6.844761033069357,88.62898409435202,-40.723125986484646,53.66266212496682,64.18040295706622,119.3334612621216,-24.40079633619273,76.20686711088732,35.17871559643198,1.502897831046135,46.7960264307304,50.70584440489532,-2.404107646026388,-28.505224600396705,32.058157260200495,84.25757054421392,-50.77492679287732,-14.598967175454703,41.87216623722932,10Y,10000,438605.910693258,428605.910693258,4286.05910693258,Fundamental/consensus: Nasdaq Strong Buy | Long technical: price above 200-day average; 50-day average above 200-day average; 6-month return positive; 1-year annualized return positive; 3-year annualized return positive; 5-year annualized return positive
BLK,BlackRock Inc. Common Stock,Stock,Finance,Investment Bankers/Brokers/Service,1164.47998046875,180.34215472,Strong Buy,1190,1320.8125,1488,13.42509293017815,true,true,true,-0.2646493111726156,6.09812114828725,11.901888218701018,10.753211748170433,10.017506994724831,6.552539658342771,29.291560904430767,17.862072174787393,-20.396969197825733,29.39161231594216,47.205105572881,31.86532231720569,-21.60061770059749,38.19909642772643,14.637891552839344,-2.354478248165104,15.69640168553217,57.01709938953141,19.84675431754215,-3.612828715098815,-15.935665282919798,76.61812578891639,-37.03187430678978,45.10258418673718,41.743690648799394,10Y,10000,44361.38450812311,34361.38450812311,343.61384508123115,Short technical: price above 20-day average; 20-day average above 50-day average; RSI in bullish 50-70 zone; 1-month momentum positive; 3-month momentum positive | Fundamental/consensus: Nasdaq Strong Buy | Long technical: price above 200-day average; 50-day average above 200-day average; 6-month return positive; 1-year annualized return positive; 3-year annualized return positive; 5-year annualized return positive
APH,Amphenol Corporation Common Stock,Stock,Technology,Electrical Products,157.74000549316406,194.490810507,Strong Buy,105,192.11765,230,21.793865417562543,false,true,true,-2.255545470017584,9.655890719707784,6.973174153335693,8.373414756980768,17.130544146389816,96.08361539017824,41.30241286253076,31.499978481548684,-11.9558747081017,34.9427832741394,22.0887710792222,34.907335505754354,-6.824085490235044,31.807457479812108,29.87962822248376,-1.993048384889251,21.77103314271456,38.91223818988483,43.56735896250892,-13.894675530013734,14.44214987648622,92.92707100487944,-48.1939259418262,49.62823542173325,40.5604382732716,10Y,10000,133208.74709797977,123208.74709797977,1232.0874709797977,Fundamental/consensus: Nasdaq Strong Buy | Long technical: price above 200-day average; 50-day average above 200-day average; 6-month return positive; 1-year annualized return positive; 3-year annualized return positive; 5-year annualized return positive
ORCL,Oracle Corporation Common Stock,Stock,Technology,Computer Software: Prepackaged Software,150.85000610351562,434.51905035,Strong Buy,110,244.11761,400,61.828041181836426,true,true,true,-0.7173860210453631,25.75025613103834,-25.687378738715005,4.472839466511558,-21.85878612885811,18.128085358243997,59.99034685590134,30.941595444521152,-4.645953759246934,36.88949173314355,24.25083759307427,19.343261040986693,-2.9695594873466846,24.93686290627759,6.886554939281231,-17.63101907881046,18.974762810732404,15.682375313200358,31.71696390341669,-17.462078080812525,28.612491481331247,39.38695719653303,-21.47918505832456,31.7386555908546,40.3767392729872,10Y,10000,48499.00952407115,38499.00952407115,384.99009524071147,Short technical: price above 20-day average; 20-day average above 50-day average; MACD above signal line; RSI in bullish 50-70 zone; 1-month momentum positive | Fundamental/consensus: Nasdaq Strong Buy
CME,CME Group Inc. Class A Common Stock,Stock,Finance,Investment Bankers/Brokers/Service,285.79998779296875,102.767753365,Buy,230,283.06668,330,-0.9563708571424856,true,false,false,1.7299015125395334,9.9230722280649,3.554830820306365,-7.934429130374943,7.715504182862176,19.830586019687324,15.411044430064758,31.319308436328157,-22.88828730688733,29.46974063761172,-6.343865116559321,9.666119936791384,32.14527618461578,32.345128582992984,33.93050970204647,7.65111973121968,18.33444937997497,64.00668819942116,11.390131158630544,-22.64591545555905,-2.7151723123704063,64.29736932305752,-68.82619912918656,35.36932446625956,39.476773801325415,10Y,10000,46984.90151707284,36984.90151707284,369.84901517072836,Short technical: price above 20-day average; 20-day average above 50-day average; MACD above signal line; 1-month momentum positive; 3-month momentum positive
BBVA,Banco Bilbao Vizcaya Argentaria S.A. Common Stock,Stock,Finance,Commercial Banks,29,165.5600923,Buy,21,24.52667,28.58,-15.425275862068965,true,true,false,1.080513977594344,9.35143099332154,25.37830113366441,29.29187381459681,28.293483873020065,153.99495920427438,14.196109797070644,62.481258837462846,10.096150267875782,22.05653424505547,-6.307482381149699,11.06764912247531,-36.25972347166131,31.09943182049204,-1.3184074697031645,-19.32722251595717,-20.53721950263077,39.57849199949657,18.186061766815097,-9.222987866706545,-39.55303065428143,53.31026873379163,-45.50564994892077,4.615178351949423,39.314358510305006,10Y,10000,69720.55562382954,59720.55562382954,597.2055562382953,Short technical: price above 20-day average; 20-day average above 50-day average; RSI in bullish 50-70 zone; 1-month momentum positive; 3-month momentum positive | Long technical: price above 200-day average; 50-day average above 200-day average; 6-month return positive; 1-year annualized return positive; 3-year annualized return positive; 5-year annualized return positive | Consensus confirmation: Nasdaq Buy
XOM,ExxonMobil Holdings Corporation Common Stock,Stock,Energy,Integrated oil Companies,156.7100067138672,644.377723252,Buy,142,169.68182,200,8.27759091977942,false,true,false,0.1725928587619885,3.06111205663282,7.324931454627026,4.12805560013858,32.83506454049103,15.977166690092591,11.2616151324052,-6.261542974479317,87.40909916530659,57.57551607066254,-36.21103152843076,7.232878664771758,-15.093309849234338,-3.8068702188111647,19.88200908986264,-12.791736439737722,-6.055955918519762,20.11838878162113,4.701314613594532,18.667620594860736,10.128946324291732,-12.604991908713393,-13.107528707054906,24.28783313647189,39.07973364597033,10Y,10000,31779.080072233704,21779.080072233704,217.79080072233702,Long technical: price above 200-day average; 50-day average above 200-day average; 6-month return positive; 1-year annualized return positive; 3-year annualized return positive; 5-year annualized return positive | Consensus confirmation: Nasdaq Buy
WELL,Welltower Inc. Common Stock,Stock,Real Estate,Real Estate Investment Trusts,238.07000732421875,171.587750485,Strong Buy,215,256.72726,292,7.836876591671049,true,true,true,-0.6385637480475936,-1.889097052294253,13.63771504968705,15.77084043506607,29.645678297628496,49.85809226493263,43.06811580996237,41.78931952937373,-21.17721642863635,36.98323147729117,-17.187960027424765,23.03693009709817,15.309471096366378,0.219842685064231,3.3833984220989155,-5.800571796506748,48.53987546799385,-8.41803802231219,18.23041423656622,21.12645881250208,14.21589577271478,12.637240752226386,0.2161143390081665,9.671634288067477,36.97523170035535,10Y,10000,51801.49157719554,41801.49157719554,418.0149157719554,Short technical: price above 20-day average; 20-day average above 50-day average; MACD above signal line; RSI in bullish 50-70 zone; 3-month momentum positive | Fundamental/consensus: Nasdaq Strong Buy | Long technical: price above 200-day average; 50-day average above 200-day average; 6-month return positive; 1-year annualized return positive; 3-year annualized return positive; 5-year annualized return positive
NEE,NextEra Energy Inc. Common Stock,Stock,Utilities,Electric Utilities: Central,81.83999633789062,170.716456625,Buy,55,98.38889,114,20.221034216307142,false,false,false,-1.9528032334665932,-8.33333618182297,-5.513544671227855,-12.083357340430522,3.3900827395779487,15.475223232868718,21.464582437564417,-25.293006337382156,-8.544050841543028,23.39256842344728,30.064329022817148,42.68586174257448,14.303712381926026,34.39596534459432,18.429841328662853,0.7507872070744881,27.92089097525448,27.999882240942163,17.923916353204227,21.864139589811483,2.436112611509733,8.714155229686238,-23.463988482021524,27.944334089475763,35.467872289349444,10Y,10000,41278.74091923034,31278.74091923034,312.7874091923034,
VRTX,Vertex Pharmaceuticals Incorporated Common Stock,Stock,Health Care,Biotechnology: Pharmaceutical Preparations,541.6900024414062,137.297247922,Strong Buy,350,563.12,672,3.956136805554533,true,true,true,-1.0702192461335969,10.461058802297574,20.92104403538615,9.0292488540475,19.48341713954913,12.580077379904964,-1.0297629065747715,40.89965245806633,31.50272802960261,-7.083011971635211,7.942452446692316,32.128409919326664,10.576542131964196,103.4206655831345,-41.45275602248013,5.917507237970443,59.89232593840008,77.32696979943434,26.16682529650916,-5.195545984146188,-18.24970822238662,41.04674015086387,30.779163837391746,-37.9208961011794,35.236711477296325,10Y,10000,43049.351868301215,33049.351868301215,330.49351868301216,Short technical: price above 20-day average; 20-day average above 50-day average; MACD above signal line; RSI in bullish 50-70 zone; 1-month momentum positive; 3-month momentum positive | Fundamental/consensus: Nasdaq Strong Buy | Long technical: price above 200-day average; 50-day average above 200-day average; 6-month return positive; 1-year annualized return positive; 3-year annualized return positive; 5-year annualized return positive
MCD,McDonald's Corporation Common Stock,Stock,Consumer Discretionary,Restaurants,265,187.525005715,Strong Buy,250,315.3871,407,19.013999999999996,false,true,true,1.8995625962402007,-2.937509829461704,-4.019404096002699,-21.33711112417601,-12.218151770508335,7.888752909170416,0.13661569216179,15.061989279126363,0.5081265386770228,27.78812795411096,11.296800929776383,13.971454572069364,5.77910303473399,45.05031848084129,6.206095985651805,30.42907668100867,-0.1014028939870792,13.594807719216773,-9.25962040811572,34.66060061293068,26.942840535818924,3.961689198772733,8.585974035406508,36.38427168220018,34.67386960739765,10Y,10000,28969.710233505313,18969.710233505313,189.69710233505316,Fundamental/consensus: Nasdaq Strong Buy
VZ,Verizon Communications Inc. Common Stock,Stock,Telecommunications,Telecommunications Equipment,50.09999847412109,208.15423762,Buy,44,51.55652,71,2.907228683113172,true,true,false,1.3554484418547783,3.963477696290085,6.132182889086679,3.1520669426622128,29.186809766738264,8.862753538686086,13.142606245450208,2.7132368505772497,-20.021635381223323,-7.54887590254908,-0.1309216981280281,13.836449499529046,11.25772350220009,3.975469776981022,20.69947428786765,3.6198545099178414,-0.5475319556077052,18.6028595161684,13.176192695301015,18.19206701473261,22.558652012327805,3.775192748974221,-18.06709496629425,22.206937522128456,34.617320506664086,10Y,10000,19182.871650944962,9182.871650944962,91.82871650944962,Short technical: price above 20-day average; 20-day average above 50-day average; MACD above signal line; RSI in bullish 50-70 zone; 1-month momentum positive; 3-month momentum positive | Long technical: price above 200-day average; 50-day average above 200-day average; 6-month return positive; 1-year annualized return positive; 3-year annualized return positive; 5-year annualized return positive | Consensus confirmation: Nasdaq Buy
STX,Seagate Technology Holdings PLC Ordinary Shares (Ireland),Stock,Technology,Electronic Components,829.760009765625,188.060555256,Strong Buy,700,1125,1600,35.58137133142496,false,true,true,-2.0585460564351843,11.034393592884806,-5.718996618106054,103.95257094888484,202.04441377419548,225.26243970668435,4.060541713255472,69.11953368898673,-51.41506912839613,87.50303400343051,10.13919830618586,62.14076779695657,-2.9003036625016243,16.669515919927935,13.408082029744415,-42.36472498413644,22.45042652348073,89.78683861871674,95.3562120778566,13.002987862189784,-17.372178091291058,313.8512216775,-82.00460488723832,-2.197623512015734,34.48474077254839,10Y,10000,361366.48901529756,351366.48901529756,3513.664890152975,Fundamental/consensus: Nasdaq Strong Buy | Long technical: price above 200-day average; 50-day average above 200-day average; 6-month return positive; 1-year annualized return positive; 3-year annualized return positive; 5-year annualized return positive
CVX,Chevron Corporation Common Stock,Stock,Energy,Integrated oil Companies,201.8600006103516,398.82918937,Strong Buy,175,218.29167,241,8.140131447520549,true,true,true,1.046201278065828,8.55190571241906,11.25043172402762,10.027133561764035,36.14384069157149,10.104417332114558,1.2871177699905312,-13.63273076583389,58.462382065506446,46.24130491335205,-25.9521028310604,15.273653872039096,-9.74743063265594,10.589622916134411,36.6614263001499,-16.170687611496216,-6.988839335519126,19.30860761120272,5.061450027886538,20.280038796247403,22.94608382155168,8.06106021448807,-18.329236170957643,30.549898371087146,33.702518796877754,10Y,10000,35380.589613777665,25380.589613777665,253.80589613777667,Short technical: price above 20-day average; 20-day average above 50-day average; RSI in bullish 50-70 zone; 1-month momentum positive; 3-month momentum positive | Fundamental/consensus: Nasdaq Strong Buy | Long technical: price above 200-day average; 50-day average above 200-day average; 6-month return positive; 1-year annualized return positive; 3-year annualized return positive; 5-year annualized return positive
SPGI,S&P Global Inc. Common Stock,Stock,Finance,Finance: Consumer Services,442.8900146484375,130.563972,Strong Buy,485,519.3,553,17.252587058711644,true,true,true,1.7225934788734245,4.600917554184458,12.592889820709384,6.426634210081095,-9.8009633705751,5.7073093815391385,13.935314853737912,32.79495484254858,-28.38481866985,44.68410030808629,21.39637171318929,62.26677455043976,1.3737122893459963,59.31705927230637,10.549972627476944,12.248661276974593,15.45972278886254,45.90082242131548,30.117422587735486,26.585921852378046,11.979774345420411,49.34120617882838,-45.56770387192415,-34.65650046648747,33.45957932209374,10Y,10000,52571.98022657839,42571.98022657839,425.71980226578387,Short technical: price above 20-day average; 20-day average above 50-day average; MACD above signal line; RSI in bullish 50-70 zone; 1-month momentum positive; 3-month momentum positive | Fundamental/consensus: Nasdaq Strong Buy
SCHW,Charles Schwab Corporation (The) Common Stock,Stock,Finance,Investment Bankers/Brokers/Service,110.16000366210938,190.503622254,Strong Buy,91,124.95,145,13.425922155245718,true,true,true,1.9528001395250567,4.257084195138883,29.44490679027392,16.468140736252913,11.352314138803443,36.64859102408771,9.166016101796902,-15.9691831921855,0.1073620418568843,60.23069970884587,13.567439251711043,16.376912445999302,-18.433637803973333,31.15263954019516,21.012557411454186,9.920024099869227,17.177361648557877,83.30217108481581,29.88158399457852,-33.129342084701165,-7.7701942656757,18.069417807273247,-36.01919291692993,39.936274490953735,32.90114449007688,10Y,10000,38307.290093137766,28307.290093137766,283.07290093137766,Short technical: price above 20-day average; 20-day average above 50-day average; RSI in bullish 50-70 zone; 1-month momentum positive; 3-month momentum positive | Fundamental/consensus: Nasdaq Strong Buy | Long technical: price above 200-day average; 50-day average above 200-day average; 6-month return positive; 1-year annualized return positive; 3-year annualized return positive; 5-year annualized return positive
CM,Canadian Imperial Bank of Commerce Common Stock,Stock,Finance,Commercial Banks,114.33000183105467,104.589939303,Buy,98.48007,118.45058,129.63098,3.6041092477496095,false,true,false,-0.4440913645933908,-4.581871038017271,5.107609409018865,14.939213335329594,28.068240106915955,46.49461381787469,37.83057845178699,26.500628289405824,-26.84933164892612,40.769216590814736,9.249838521369602,17.663639787674935,-19.754118953300736,24.91115403917585,29.817451712192124,-19.654262489832696,5.853315480289023,12.19200050226692,16.83861653319685,-3.312809974338282,26.983065222624457,64.37714655398214,-37.95075009453319,-12.147646480355734,32.55546538398735,10Y,10000,56343.97528611733,46343.97528611733,463.4397528611733,Long technical: price above 200-day average; 50-day average above 200-day average; 6-month return positive; 1-year annualized return positive; 3-year annualized return positive; 5-year annualized return positive | Consensus confirmation: Nasdaq Buy
GD,General Dynamics Corporation Common Stock,Stock,Industrials,Marine Transportation,379.3200073242188,102.627755207,Buy,319,420.02475,465,10.730976982447782,false,true,false,-0.1947035307921174,-3.527555388251369,9.178544098457088,7.200424746118728,14.157513764827346,30.39396110651571,3.52172568711866,7.12587021539659,21.68820531650688,43.77499700544225,-13.14009156775957,14.79516880342624,-21.340919346337863,19.85450446932957,28.45625417020439,1.7691586514660074,47.25991042715354,40.98358347563873,8.222223612313417,-3.861312770628944,6.684976095855455,21.637381847520977,-34.16867426709411,21.35366980393165,32.17198724763588,10Y,10000,34875.55745356167,24875.55745356167,248.7555745356167,Long technical: price above 200-day average; 50-day average above 200-day average; 6-month return positive; 1-year annualized return positive; 3-year annualized return positive; 5-year annualized return positive | Consensus confirmation: Nasdaq Buy
FEZ,FEZ,ETF,State Street® SPDR® EURO STOXX 50® ETF,ETF / Fund,71.36000061035156,,Not Rated,,,,,false,true,false,0.02804075341718,4.648772628611075,6.586658756584818,5.94055806117626,12.78499521405556,37.81216891584742,3.5758287084561413,27.16410932567095,-14.272920221773964,14.84359116221514,4.835417627713201,26.04386081181953,-15.854911889003588,24.80590489588468,0.6594740100853924,-3.9931395412682313,-9.751004879127622,25.810179726039184,22.701086026592044,-16.33392123786015,-7.95780781515143,25.345711260587223,-42.99770658104687,20.43350203158223,31.82897308781807,10Y,10000,28153.665413392388,18153.665413392388,181.5366541339239,Long technical: price above 200-day average; 50-day average above 200-day average; 6-month return positive; 1-year annualized return positive; 3-year annualized return positive; 5-year annualized return positive
ING,ING Group N.V. Common Stock,Stock,Finance,Commercial Banks,35.2400016784668,102.281904125,Strong Buy,29,33.83333,37.5,-3.9916901573995633,true,true,true,0.3988695453902346,7.266336947058383,15.753033347573853,27.931654417222628,31.44977514124374,88.2702292858565,12.249346949432338,31.87431048006846,-4.212548845842623,55.41355747619963,-21.659771297187746,20.640747324669164,-39.3037088787432,36.555510981267616,11.303163315339626,6.380853012604315,-7.423286103546722,47.62909192956197,32.3570424154781,-26.76199779619361,-0.2038780814502483,-11.621607161237158,-69.60717260510887,-8.193255502017871,31.675386362672043,10Y,10000,47548.93454777238,37548.93454777238,375.4893454777237,Short technical: price above 20-day average; 20-day average above 50-day average; RSI in bullish 50-70 zone; 1-month momentum positive; 3-month momentum positive | Fundamental/consensus: Nasdaq Strong Buy | Long technical: price above 200-day average; 50-day average above 200-day average; 6-month return positive; 1-year annualized return positive; 3-year annualized return positive; 5-year annualized return positive
UL,Unilever PLC American Depositary Shares (each representing One Ordinary Share),Stock,Consumer Discretionary,Package Goods/Cosmetics,65.06999969482422,142.191305422,Buy,70.066055,73.97799,77.28622,13.689857610195055,true,false,false,1.0090058124097467,-1.873298084282016,15.057559099195572,-10.173571539082849,2.0681202894863304,5.961072943040691,20.903678185238505,-0.1690733063990479,-2.817436990664246,-7.605794073992634,9.039190660788222,12.876468615161809,-2.335817140349905,40.19015037456424,-2.5935494902796563,9.701186386392012,1.9202042689197676,10.064273295903336,19.6496158806744,12.862080774103424,0.6179731416391387,44.10356757520661,-36.34795957475352,38.651311479626905,30.98968611742814,10Y,10000,19239.808243819367,9239.808243819367,92.39808243819367,Short technical: price above 20-day average; 20-day average above 50-day average; MACD above signal line; RSI in bullish 50-70 zone; 3-month momentum positive
TM,Toyota Motor Corporation Common Stock,Stock,Industrials,Auto Manufacturing,194.47999572753903,253.483908953,Strong Buy,220,231.57802,239.31209,19.075496239949665,true,true,true,1.2916644414265877,4.390763575837786,1.376146497104069,-19.762360009206397,-9.146969099490498,12.159620817250635,8.883304166317373,38.22671422594459,-24.43058123774965,23.20590673034113,13.623740029794051,22.69492867713996,-5.809712843913739,12.097428717044911,-1.47158619843617,0.8389554800692922,5.935896157464815,33.568623068765,43.39968365085301,-14.47532445358226,-4.9731253249062135,30.954714331750036,-36.613602815967326,-19.4769170394264,30.53422067775269,10Y,10000,20709.31793633791,10709.31793633791,107.0931793633791,Short technical: price above 20-day average; 20-day average above 50-day average; RSI in bullish 50-70 zone; 1-month momentum positive; 3-month momentum positive | Fundamental/consensus: Nasdaq Strong Buy
EFV,EFV,ETF,iShares MSCI EAFE Value ETF,ETF / Fund,81.75,,Not Rated,,,,,false,true,false,-0.0244547436557884,2.5721494733420114,6.785534117221226,5.219085154497272,17.52239395616815,42.22397866560843,5.35106767946314,18.852589815742405,-5.218940317109755,11.079414653887376,-2.967704680735672,15.79579170904044,-14.67324707902774,21.22062651758747,5.050494209529921,-5.855135666358069,-6.775910952026043,21.886168245897064,18.75485623704489,-12.395080910416723,4.485896429381286,28.391462435422387,-41.6473749969243,4.260933187101812,30.34193896141282,10Y,10000,26900.794755880263,16900.794755880263,169.0079475588026,Long technical: price above 200-day average; 50-day average above 200-day average; 6-month return positive; 1-year annualized return positive; 3-year annualized return positive; 5-year annualized return positive
BTI,British American Tobacco  Industries p.l.c. Common Stock ADR,Stock,Health Care,Medicinal Chemicals and Botanical Products,56.130001068115234,121.682562802,Strong Buy,63,70.2,75,25.06680681300977,false,true,true,-0.2665204591952075,-9.90368899599432,-9.550715958691002,-7.840052121161412,1.974936060104881,65.81066856656936,35.44017707361158,-20.08912408556678,15.11007834862863,7.947340672430969,-4.727713232866337,42.961870351406574,-49.355387234048,24.282199740666744,5.720051474643495,6.842531257082718,4.875591976808802,10.515623868499423,11.24107862196684,27.857629606138246,25.94946885859595,28.344592664640626,-29.97974928032772,44.09302434123988,30.309059033637546,10Y,10000,20609.667078113653,10609.667078113653,106.09667078113651,Fundamental/consensus: Nasdaq Strong Buy
DHR,Danaher Corporation Common Stock,Stock,Industrials,Industrial Machinery/Components,216.07000732421875,151.894196688,Strong Buy,195,227.95651,310,5.501227506298578,true,true,true,0.1808302400231332,8.550617438591711,19.8683851874927,3.0097871331280057,-5.215877672721381,0.3520207878062065,-0.3457764201835189,-1.2392524092314172,-19.0209240555812,48.56616878607127,45.336458990773295,49.55382688227176,11.804529952442945,20.0130966776517,73.0728806183226,9.040200581563962,11.585223890521457,38.310951057953744,19.058050052968014,-0.0902596977942593,25.694649629606054,33.10669534740293,-35.367875592510245,21.28836379810824,30.02348227137763,10Y,10000,56849.114445245585,46849.114445245585,468.4911444524558,Short technical: price above 20-day average; 20-day average above 50-day average; MACD above signal line; RSI in bullish 50-70 zone; 1-month momentum positive; 3-month momentum positive | Fundamental/consensus: Nasdaq Strong Buy
ACN,Accenture plc Class A Ordinary Shares (Ireland),Stock,Consumer Discretionary,Business Services,189.6100006103516,126.566610918,Buy,130,184.1884,275,-2.8593431743576536,true,false,false,1.1900926830126224,15.152433130902176,7.561611085191267,-7.283822900139114,-27.87282105504132,-22.644041824312456,1.8623358977311928,33.595147518706405,-34.75326651075973,60.66538382063933,26.040391602755044,51.21359915175295,-6.228715679077224,33.3359535708164,14.351728178253808,19.530156816069443,11.421144097267424,26.623836395487267,27.749151877000912,11.992798844024954,19.04027854383097,29.017674986407748,-7.544249605018683,-1.409045339596704,29.3382237092493,10Y,10000,21688.95278640278,11688.95278640278,116.8895278640278,Short technical: price above 20-day average; 20-day average above 50-day average; MACD above signal line; RSI in bullish 50-70 zone; 1-month momentum positive; 3-month momentum positive
BA,Boeing Company (The) Common Stock,Stock,Industrials,Aerospace,209.82000732421875,165.835437596,Strong Buy,246,274.84616,305,30.991397581690737,false,true,true,-0.0333470225514442,-5.298786046100334,-8.287434022310991,-7.78358526352243,-3.362190473995119,22.66666390801553,-32.09545096552553,36.83657732450612,-5.379496044629761,-5.9515978602623925,-33.89809232926568,3.338231446000184,11.501667001109306,94.71502845925492,11.30879466883934,14.065141965987271,-2.546551893393412,84.72280983903715,5.217794924860852,15.14699253724734,23.574843715817156,31.788597343313292,-50.066679728053366,-0.1092794818885134,28.39276113257976,10Y,10000,16180.677884489794,6180.677884489794,61.806778844897934,Fundamental/consensus: Nasdaq Strong Buy
BNY,The Bank of New York Mellon Corporation Common Stock,Stock,Finance,Major Banks,162.5,110.256923075,Strong Buy,135,167.33333,184,2.9743569230769262,true,true,true,0.1602530190045525,3.8404973454349234,16.069151475386967,37.52677918071123,41.71758045336424,54.44616755476328,51.90047081428322,18.51556434018493,-19.14051169712896,40.551814009659815,-12.906920883561313,9.556951099424628,-10.846358332974129,15.67540336137061,17.04934460339109,3.2920881175307226,18.30164307960909,38.65968087131782,32.14712109744311,-32.83020900285386,9.38543633419695,1.014954330526141,-40.40588665821232,19.36323233051911,26.872671129478263,10Y,10000,51579.30628312824,41579.30628312824,415.7930628312823,Short technical: price above 20-day average; 20-day average above 50-day average; RSI in bullish 50-70 zone; 1-month momentum positive; 3-month momentum positive | Fundamental/consensus: Nasdaq Strong Buy | Long technical: price above 200-day average; 50-day average above 200-day average; 6-month return positive; 1-year annualized return positive; 3-year annualized return positive; 5-year annualized return positive
ABT,Abbott Laboratories Common Stock,Stock,Health Care,Biotechnology: Pharmaceutical Preparations,112.47000122070312,194.616209301,Strong Buy,103,120.2,135,6.87294273619512,true,true,true,0.7886055306856266,4.847585289798584,31.25396210341571,-2.0345467912534554,-8.563986213703966,12.86716388539071,4.812604170450108,2.260597288408772,-20.681854080698493,30.528287680693424,28.040728757737288,22.08015641318275,29.06190193606688,52.02820770631009,-12.320646704900572,1.8717250982437368,20.083656559603224,23.95667560117889,20.2951106724564,21.77623454194144,-8.26886474446601,4.579034300298801,-2.48551188866758,18.04328742010397,26.86392935787168,10Y,10000,30796.17059315196,20796.17059315196,207.96170593151962,Short technical: price above 20-day average; 20-day average above 50-day average; RSI in bullish 50-70 zone; 1-month momentum positive; 3-month momentum positive | Fundamental/consensus: Nasdaq Strong Buy
UBS,UBS Group AG Registered Ordinary Shares,Stock,Finance,Major Banks,54.900001525878906,170.378595719,Strong Buy,50,55.03333,62.6,0.24285695886228087,true,true,true,0.9933791564831428,5.516053841854074,17.207517820312603,35.93112027684726,21.607126093330976,57.71206325758296,0.6964619803859984,69.85118463557889,7.395125710111827,29.43010586186672,19.510857429322197,7.154086272083426,-32.68081456902318,21.537831843112865,-14.365280373121102,16.532624996149025,-11.428568704069288,22.299855711454494,33.05155688925443,-28.17242572184125,6.18953202242889,8.461547044586526,-68.91304059548675,-23.75270398276791,26.810313059764574,10Y,10000,40911.26647716299,30911.266477162993,309.1126647716299,Short technical: price above 20-day average; 20-day average above 50-day average; MACD above signal line; RSI in bullish 50-70 zone; 1-month momentum positive; 3-month momentum positive | Fundamental/consensus: Nasdaq Strong Buy | Long technical: price above 200-day average; 50-day average above 200-day average; 6-month return positive; 1-year annualized return positive; 3-year annualized return positive; 5-year annualized return positive
COP,ConocoPhillips Common Stock,Stock,Energy,Integrated oil Companies,130.35000610351562,156.594340388,Strong Buy,126,145.33333,189,11.494685995323684,true,true,true,0.6408290639866587,15.003877835461044,14.11377169559367,16.512072932208643,42.31743054155679,-2.34114049738986,-12.167342027944406,1.9831070146053784,71.69182219901342,86.60131104226096,-36.03568619645044,6.629273183611861,15.62886372450638,11.94648734443977,10.1319908996214,-29.00662753235913,1.510996931630948,27.07761699475708,9.198741757895656,10.98799693465855,38.73354397971362,2.789546995014347,-39.79126749915232,25.41497279634084,26.53337944635199,10Y,10000,38781.331921169076,28781.331921169076,287.8133192116908,Short technical: price above 20-day average; 20-day average above 50-day average; RSI in bullish 50-70 zone; 1-month momentum positive; 3-month momentum positive | Fundamental/consensus: Nasdaq Strong Buy | Long technical: price above 200-day average; 50-day average above 200-day average; 6-month return positive; 1-year annualized return positive; 3-year annualized return positive; 5-year annualized return positive
RY,Royal Bank Of Canada Common Stock,Stock,Finance,Commercial Banks,204.22999572753903,283.834215324,Strong Buy,169.33894,205.12132,225.65314,0.43643161685713583,false,true,true,-0.1515584085113763,-3.837465377105753,8.770873783882971,23.700665914726105,21.335345251941582,45.2023170387859,23.79709332742561,12.199855869566978,-8.001605032488367,34.11133784894027,8.417794453927474,20.173104056268933,-12.882873298385343,23.91711061758848,31.825769074120448,-19.25072001336128,6.643673002395767,15.978772168632103,23.32161145185898,1.1724518858284627,1.340685742921166,89.15211678883166,-39.342369599602456,10.646111777644297,26.011910520692386,10Y,10000,55982.508102602835,45982.508102602835,459.82508102602833,Fundamental/consensus: Nasdaq Strong Buy | Long technical: price above 200-day average; 50-day average above 200-day average; 6-month return positive; 1-year annualized return positive; 3-year annualized return positive; 5-year annualized return positive
JPM,JP Morgan Chase & Co. Common Stock,Stock,Finance,Major Banks,357.6199951171875,950.620547056,Strong Buy,305,374.57144,420,4.74007189594019,false,true,true,0.9598537306666488,0.0867587139212089,21.063266486171027,20.23626388114943,12.56227982933671,37.2663146143297,44.28811396804684,30.626700444439138,-12.641212236076282,27.745745494925057,-5.534753031124406,47.257074969445576,-6.623816799255399,26.75873284703929,34.53640935239788,8.372485244746919,9.882868521014476,36.73339337163406,36.18053633455878,-19.91804917799299,2.3075310706581758,34.369279737864964,-25.142111141615946,-6.876036416524123,25.639159262123567,10Y,10000,71990.38325529017,61990.38325529017,619.9038325529017,Fundamental/consensus: Nasdaq Strong Buy | Long technical: price above 200-day average; 50-day average above 200-day average; 6-month return positive; 1-year annualized return positive; 3-year annualized return positive; 5-year annualized return positive
ILCV,ILCV,ETF,iShares Morningstar Value ETF,ETF / Fund,108.75900268554688,,Not Rated,,,,,true,true,false,0.4980608563702748,3.491299339148779,7.152661080848843,11.954003490105356,16.14218150879101,18.787710390395684,17.026994243162584,14.434668441424868,-7.022201634413094,26.714267881281483,-0.8365711575709645,25.193939598445223,-6.238284442450548,14.99858501890168,18.53008914908607,-2.2778956450052235,9.902309223264805,28.12122058699371,12.69824989022188,1.8936090980061548,14.54186625529923,11.01725763485102,-36.045842172261125,-0.6637009574189001,25.276334949787135,10Y,10000,34537.542144481784,24537.542144481784,245.37542144481785,Short technical: price above 20-day average; 20-day average above 50-day average; RSI in bullish 50-70 zone; 1-month momentum positive; 3-month momentum positive | Long technical: price above 200-day average; 50-day average above 200-day average; 6-month return positive; 1-year annualized return positive; 3-year annualized return positive; 5-year annualized return positive
BRK-B,Berkshire Hathaway Inc.,Stock,,,505,1114.187242355,Not Rated,510,547.6667,604,8.448851485148513,false,false,false,0.2580877032884565,-1.4384127071105812,5.776881110251231,0.0098995527795464,0.467523352641197,10.89172150770894,27.09022433833732,15.461317808128497,3.311034747988084,28.95157040430561,2.370858771385209,10.931534981324464,3.0067558361288382,21.62228888021101,23.432296284928423,-12.061272958050772,26.644734301954152,32.173914818530115,17.562245557702717,-4.755957470435268,21.89592075831444,2.2402029694344794,-32.13682648765942,29.18712713441209,24.885029531903943,10Y,10000,38245.98800953107,28245.988009531073,282.4598800953107,Long technical: price above 200-day average; 50-day average above 200-day average; 6-month return positive; 1-year annualized return positive; 3-year annualized return positive; 5-year annualized return positive
IXG,IXG,ETF,iShares Global Financials ETF,ETF / Fund,134.5500030517578,,Not Rated,,,,,true,true,false,0.4254421125508223,1.0210981195453162,12.54279207142246,13.933374989792611,12.98070606046453,28.534832585362423,25.693185473637747,14.971643744184805,-8.966073893400473,25.07433966850341,-2.9859240090367667,24.605418733169948,-16.331139423616836,23.78204037037688,11.743088486236196,-3.64647802964021,2.851057003482804,26.071390976789253,31.25541920793424,-20.068724889442574,3.8802613183752,31.754768657833644,-54.09218373334574,-8.7837913366561,24.81860369054376,10Y,10000,33428.19517571813,23428.19517571813,234.2819517571813,Short technical: price above 20-day average; 20-day average above 50-day average; RSI in bullish 50-70 zone; 1-month momentum positive; 3-month momentum positive | Long technical: price above 200-day average; 50-day average above 200-day average; 6-month return positive; 1-year annualized return positive; 3-year annualized return positive; 5-year annualized return positive
SYK,Stryker Corporation Common Stock,Stock,Health Care,Medical/Dental Instruments,330.69000244140625,126.843770582,Strong Buy,315,382.72,465,15.733767932041665,false,true,true,2.660501506930979,-4.590306803790911,7.782987972146449,-14.192431848587873,-5.405869016715304,-1.4802250645263415,21.34220047944453,23.79978244721497,-7.418978199799165,10.224592919400768,18.16708450099489,35.32881183979417,2.434920525909656,30.837581264397063,30.68852928786645,0.0134435321329506,27.409339919892183,39.29419722763296,12.106089771645625,-6.123477190756899,7.897586702750026,26.711237738475504,-45.99117153242612,36.170957647269766,24.5346485692167,10Y,10000,40015.16625410604,30015.166254106043,300.1516625410605,Fundamental/consensus: Nasdaq Strong Buy
PWV,PWV,ETF,Invesco Large Cap Value ETF,ETF / Fund,81.69000244140625,,Not Rated,,,,,true,true,false,0.1839606624904233,1.1515605257253592,11.274986481996653,16.125491734009856,24.10344867154035,19.638031023218197,14.485831122214044,10.360574351897988,-1.1552724436696415,28.37681372074954,-3.7733511952158016,29.84034969557465,-14.125524624399343,16.97755785210098,18.85099291023573,-4.768719620963902,12.25409078722588,32.63372990314765,16.162796231197763,6.440518750163071,13.253969070489148,18.609406254240454,-27.196503081651123,5.285985850739561,24.21381628081352,10Y,10000,35508.58782249209,25508.58782249209,255.0858782249209,Short technical: price above 20-day average; 20-day average above 50-day average; RSI in bullish 50-70 zone; 1-month momentum positive; 3-month momentum positive | Long technical: price above 200-day average; 50-day average above 200-day average; 6-month return positive; 1-year annualized return positive; 3-year annualized return positive; 5-year annualized return positive
BRK-A,Berkshire Hathaway Inc.,Stock,,,757985,1114.900443599,Not Rated,735000,799502.75,906011,5.477384117099948,false,false,false,0.2701261867627647,-1.3053215452923816,5.914121230752034,0.1301188903566785,0.4219660837307959,10.850026434823468,25.48629348076481,15.769632033385172,4.004997093165175,29.56945502637897,2.4220383403515955,10.977124183006538,2.822580645161299,21.906759352943816,23.418099089989887,-12.477876106194683,27.037661607644736,32.701775324481574,16.822796392314054,-4.728102947281032,21.421370967741925,2.69151138716357,-31.77966101694916,28.73897627057005,24.11419544120965,10Y,10000,38320.77856420627,28320.778564206274,283.20778564206273,Long technical: price above 200-day average; 50-day average above 200-day average; 6-month return positive; 1-year annualized return positive; 3-year annualized return positive; 5-year annualized return positive
TJX,TJX Companies Inc. (The) Common Stock,Stock,Consumer Discretionary,Clothing/Shoe/Accessory Stores,135.1199951171875,149.267664744,Strong Buy,125,170.4,198,26.110128891149454,false,true,true,0.6705363495001615,-15.70501900848954,-12.488654942650149,-15.878826015403812,-11.220128409241292,28.72616799875072,30.56366071825001,19.689807179479946,6.73147357085031,12.82667973282381,12.254165869234155,38.75663752466907,18.94243762451504,3.461783575884936,7.357362582058391,4.606334794317513,8.836835820173672,51.718387564884914,32.958735511402935,47.39031101419437,23.05780260894201,80.51061295232418,-27.40017673606093,1.9688370271032876,24.050250410880917,10Y,10000,44255.781702321445,34255.781702321445,342.55781702321445,Fundamental/consensus: Nasdaq Strong Buy
GILD,Gilead Sciences Inc. Common Stock,Stock,Health Care,Biotechnology: Biological Products (No Diagnostic Substances),145.67999267578125,180.63666698,Strong Buy,123,157.40741,180,8.050122126460257,true,true,true,-2.136240710420345,8.457403761259496,7.647491393079697,-0.993499177856716,20.148440007573388,36.59344773533508,18.682541630365336,-1.992802939607774,23.62959527901738,29.95491733238076,-6.70041852140022,7.880652242305208,-9.919881748577374,2.957334343306206,-27.594511914117646,8.632186963475718,25.5126227996314,104.49285018901324,79.45271118227528,12.941504055660635,-16.24682076024293,-15.38913338443032,11.149763150888091,41.721832875513655,23.51147441701724,10Y,10000,20729.5062292517,10729.5062292517,107.29506229251697,Short technical: price above 20-day average; 20-day average above 50-day average; MACD above signal line; RSI in bullish 50-70 zone; 1-month momentum positive; 3-month momentum positive | Fundamental/consensus: Nasdaq Strong Buy | Long technical: price above 200-day average; 50-day average above 200-day average; 1-year annualized return positive; 3-year annualized return positive; 5-year annualized return positive
PLD,Prologis Inc. Common Stock,Stock,Real Estate,Real Estate Investment Trusts,140.6999969482422,133.3942932,Strong Buy,140,158.3077,170,12.514359227907423,false,true,true,-0.8107219638991192,-4.363783565810686,-2.690776275368334,0.2043226376376772,11.907649184672264,25.078170498021034,-18.12306503159305,21.58098250805871,-31.3260562508438,72.3301017318276,14.740360311779389,55.86566811534699,-6.248400059878523,25.94017731052509,27.3580916418676,3.5899288169464194,20.27792036333187,4.295928644169855,31.8807245639356,-6.415259557350272,29.38432313905224,15.57063576066422,-58.00773737952119,1.6550878664615576,23.28000366604792,10Y,10000,44346.34763870115,34346.34763870115,343.4634763870115,Fundamental/consensus: Nasdaq Strong Buy | Long technical: price above 200-day average; 50-day average above 200-day average; 6-month return positive; 1-year annualized return positive; 3-year annualized return positive; 5-year annualized return positive
KO,Coca-Cola Company (The) Common Stock,Stock,Consumer Staples,Beverages (Production/Distribution),89.66000366210938,385.766565127,Strong Buy,75,94.69565,104,5.6163798039400525,true,true,true,0.6737099932221158,1.5747219575227511,12.223447725291226,11.401871568611565,29.9661767021798,15.600036103086069,8.8775083037403,-4.434520517660245,10.60957631656716,11.372453109688752,2.4691589163241767,20.599422000609337,6.773483238482236,14.382092664707605,-0.3570972013739792,5.139849726140611,5.266066898869748,17.23300369415226,6.527617511446571,9.458622476357071,19.02008412965259,30.29838001216374,-24.098982911455455,30.4542863313634,23.10455717829869,10Y,10000,28960.380341818476,18960.380341818476,189.60380341818475,Short technical: price above 20-day average; 20-day average above 50-day average; RSI in bullish 50-70 zone; 1-month momentum positive; 3-month momentum positive | Fundamental/consensus: Nasdaq Strong Buy | Long technical: price above 200-day average; 50-day average above 200-day average; 6-month return positive; 1-year annualized return positive; 3-year annualized return positive; 5-year annualized return positive
ASML,ASML Holding N.V. New York Registry Shares,Stock,Technology,Industrial Machinery/Components,1696.1600341796875,653.730026666,Strong Buy,896.4543,2142.8894,2877.5518,26.337689652991013,false,true,true,-2.2391787578900257,7.151842224954863,5.765688495591648,17.33834665833458,59.3019781729599,55.83817499222364,-7.699110819368915,39.90320903139357,-30.522968545652173,64.13303632779714,66.2808373364849,93.22988976386272,-9.677601306842709,56.45793507466632,27.8966309610569,-17.057088442994793,16.233152366486813,46.90622474169543,41.92836426524473,10.45081089652944,13.380358033519824,91.6219227575114,-41.42107503706446,22.321902422667005,22.65933597263419,10Y,10000,212292.43154133038,202292.43154133038,2022.9243154133037,Fundamental/consensus: Nasdaq Strong Buy | Long technical: price above 200-day average; 50-day average above 200-day average; 6-month return positive; 1-year annualized return positive; 3-year annualized return positive; 5-year annualized return positive
VTV,VTV,ETF,Vanguard Morningstar Value ETF,ETF / Fund,225.2899932861328,,Not Rated,,,,,false,true,false,-0.0709707980817153,1.0314308876230085,6.974581536338098,9.83910168330231,19.196040954804804,15.26755021402546,15.95421717921861,9.315446529791284,-2.087207391995549,26.53438499104357,2.331774843842616,25.655952433970675,-5.473914844845251,17.14496292052219,17.1020098855619,-0.9781208399341934,13.17236401031534,33.08717951699825,15.179317117887337,1.1118679949448929,14.541303083187906,19.87678458768565,-35.88638187198006,-0.1158892799624888,22.37679591149404,10Y,10000,35976.439857552396,25976.439857552396,259.76439857552396,Long technical: price above 200-day average; 50-day average above 200-day average; 6-month return positive; 1-year annualized return positive; 3-year annualized return positive; 5-year annualized return positive
TTE,TotalEnergies SE Ordinary Shares,Stock,Energy,Oil & Gas Production,86.3499984741211,188.403766775,Strong Buy,81,95.1,108,10.133180869136037,false,true,true,0.0231630286601225,2.5778072714165656,-0.9406902742328472,8.636492430813036,33.41265984110573,27.52071468695092,-14.710637954177452,14.1768711067783,34.59100427498187,25.991428242715298,-16.575836722286287,10.316538316963664,-0.7730868927136259,14.395782851631566,20.01780586687987,-6.99212523441799,-12.054594971787058,24.941886468402807,7.99359595251834,1.7190133838462571,-11.20556585036294,22.29306316462585,-29.80264542930202,18.93136369280044,21.23104812113383,10Y,10000,35222.93006019498,25222.93006019498,252.2293006019498,Fundamental/consensus: Nasdaq Strong Buy | Long technical: price above 200-day average; 50-day average above 200-day average; 6-month return positive; 1-year annualized return positive; 3-year annualized return positive; 5-year annualized return positive
BHP,BHP Group Limited American Depositary Shares (Each representing two Ordinary Shares),Stock,Energy,Coal Mining,95.1500015258789,241.747210413,Buy,60,74.07143,91,-22.15299126416298,true,true,false,-1.265955365707816,13.557704363560186,8.371296376593861,18.945374306656724,60.715156940016655,26.121089689044187,-24.63714870440501,16.499142658451582,28.723777675242857,0.9084271041069902,25.366197163462022,24.500224602309984,10.55315592742796,33.872718363110785,41.84947927975258,-38.868522775317295,-28.09370631256235,-10.05645073761272,14.611996399416526,-22.177206430314754,24.303880016514245,84.73899774741543,-37.47231265750359,79.30845285935713,21.13302775771806,10Y,10000,75744.7218143749,65744.7218143749,657.4472181437491,Short technical: price above 20-day average; 20-day average above 50-day average; MACD above signal line; RSI in bullish 50-70 zone; 1-month momentum positive; 3-month momentum positive | Long technical: price above 200-day average; 50-day average above 200-day average; 6-month return positive; 1-year annualized return positive; 3-year annualized return positive; 5-year annualized return positive | Consensus confirmation: Nasdaq Buy
IXC,IXC,ETF,iShares Global Energy ETF,ETF / Fund,57.09999847412109,,Not Rated,,,,,true,true,false,0.2105983377479914,6.589506812407042,7.631837013982401,11.703608115865194,38.02442708983129,13.979140257944266,1.95118292393488,3.924167810572521,48.50748292614841,40.87664813733443,-30.996088252169084,12.676220381929436,-14.85466693996188,5.536153585474302,27.903010569574537,-22.04445196758476,-11.662337759155616,16.0720358073992,2.810835511662213,0.0435770045550398,11.749650742354213,24.713123941227376,-36.77958941031929,29.806247776359097,20.99034804702049,10Y,10000,31162.074442947825,21162.074442947825,211.62074442947824,Short technical: price above 20-day average; 20-day average above 50-day average; RSI in bullish 50-70 zone; 1-month momentum positive; 3-month momentum positive | Long technical: price above 200-day average; 50-day average above 200-day average; 6-month return positive; 1-year annualized return positive; 3-year annualized return positive; 5-year annualized return positive
BAC,Bank of America Corporation Common Stock,Stock,Finance,Major Banks,62.31999969482422,435.788078107,Strong Buy,62,68.77273,75,10.354188602012604,false,true,true,1.8800090899181,-0.4790789558889563,23.387429459456158,26.425712420908543,14.541703519619098,28.040587640840897,33.853341574157184,4.825952296917269,-23.822945584007503,49.60900859359949,-11.632952637771233,46.19020909482803,-14.99657012762845,35.685180665655224,33.368468962806205,-4.775812342696284,15.73521717324824,34.51051126103839,109.82564751903143,-58.12144949374367,-11.15734691652489,7.480957540849298,-63.09290319800927,-18.82958371419846,20.701611538420583,10Y,10000,46603.86279874259,36603.86279874259,366.03862798742597,Fundamental/consensus: Nasdaq Strong Buy | Long technical: price above 200-day average; 50-day average above 200-day average; 6-month return positive; 1-year annualized return positive; 3-year annualized return positive; 5-year annualized return positive
PPA,PPA,ETF,Invesco Aerospace & Defense ETF,ETF / Fund,170.00999450683594,,Not Rated,,,,,false,false,false,-0.9785123831794752,-4.305982774729056,-4.452195675769966,-6.009697005485403,8.65623017876076,37.14577969677375,25.28396066692762,18.41182740484242,9.521285669427538,6.953081585510668,0.459577504365849,39.626222944285686,-7.510873514455552,30.102667519622276,19.261934467288675,4.013532966075428,12.711501329753784,50.33723309616336,17.63551956154712,-1.6577156504130277,10.571933477566308,23.026267768910323,-37.37721886203504,22.2841601547374,20.01520090892401,10Y,10000,52126.25690992705,42126.25690992705,421.2625690992705,
IOO,IOO,ETF,iShares Global 100 ETF,ETF / Fund,144.85000610351562,,Not Rated,,,,,true,true,false,0.027628303015259,4.842213566936238,1.9315900427799848,14.131742595973584,14.951670514881798,27.02078868284508,26.541315656198996,27.707276169104357,-16.339249267128054,26.027436033093583,18.608505807651675,30.01093174429013,-6.223717210376867,23.560360140147885,8.37986601151599,-1.7723273091935332,2.075078173301748,23.96327531551874,13.681546217661822,-4.153661041718659,5.849155213065305,24.01334694477801,-36.1044413982466,11.10402214809456,19.90069059842712,10Y,10000,48177.186305274365,38177.186305274365,381.77186305274364,Short technical: price above 20-day average; 20-day average above 50-day average; RSI in bullish 50-70 zone; 1-month momentum positive; 3-month momentum positive | Long technical: price above 200-day average; 50-day average above 200-day average; 6-month return positive; 1-year annualized return positive; 3-year annualized return positive; 5-year annualized return positive
BMY,Bristol-Myers Squibb Company Common Stock,Stock,Health Care,Biotechnology: Pharmaceutical Preparations,66.58000183105469,136.003941796,Buy,40,66.20833,80,-0.5582334347148166,true,true,false,-0.552643964231303,4.685539981807008,18.3123827411833,9.06819206947349,27.604255427726223,0.1082259161656384,15.80560714964383,-26.14488075274507,18.98097977677786,2.879858385131051,0.409420566108909,27.73811696495077,-12.895702702253852,7.708859229354736,-13.49109655476074,19.255952562143477,14.179918029003202,69.95802236222973,-3.805042006062742,39.43572896187284,8.735009783142033,14.825527250097892,-6.028776173775496,4.797291244425739,19.899856580767228,10Y,10000,13921.941305221777,3921.941305221777,39.21941305221777,Short technical: price above 20-day average; 20-day average above 50-day average; RSI in bullish 50-70 zone; 1-month momentum positive; 3-month momentum positive | Long technical: price above 200-day average; 50-day average above 200-day average; 6-month return positive; 1-year annualized return positive; 3-year annualized return positive; 5-year annualized return positive | Consensus confirmation: Nasdaq Buy
MO,Altria Group Inc.,Stock,Health Care,Medicinal Chemicals and Botanical Products,68.6500015258789,114.62792052,Buy,58,70,82,1.966494456103085,false,true,false,1.4482095218724789,-8.246455752621618,-3.1865373222908167,2.613223193085678,22.86536604775369,18.172878085240065,40.75725072595271,-3.6972730739580406,4.372623183528934,24.18480521978681,-10.211517499902,7.870050048605637,-27.14223181484038,9.44517958650093,20.43698493029471,23.111272100524705,34.48211690320586,28.54309743339933,11.735118789372637,27.658872531238664,33.91752814933076,40.355666322572944,-31.326455256930085,22.221399579278646,19.865823093077715,10Y,10000,23728.244005469725,13728.244005469725,137.28244005469725,Long technical: price above 200-day average; 50-day average above 200-day average; 6-month return positive; 1-year annualized return positive; 3-year annualized return positive; 5-year annualized return positive | Consensus confirmation: Nasdaq Buy
RIO,Rio Tinto Plc Common Stock,Stock,Basic Materials,Metal Mining,103.3000030517578,129.748785727,Buy,88,104.09222,125,0.7669089301432619,true,true,false,-1.4124792372411157,15.198959003266378,-0.8468821416433348,9.24147512731639,35.59974906550536,44.465424847372034,-15.3580710028136,11.058546514284728,18.47588435732037,-0.3983589310021296,36.22017954307309,37.52045895401681,-2.926217525668795,44.84940764000085,39.24538278339129,-33.39142951804395,-15.38945445150931,0.6208252044034079,22.372587381622157,-30.481616979924908,35.362927665286456,194.2894760694939,-78.49711928590666,101.60342269476035,19.81358315826336,10Y,10000,79701.23232468462,69701.23232468462,697.0123232468462,Short technical: price above 20-day average; 20-day average above 50-day average; MACD above signal line; RSI in bullish 50-70 zone; 1-month momentum positive | Long technical: price above 200-day average; 50-day average above 200-day average; 6-month return positive; 1-year annualized return positive; 3-year annualized return positive; 5-year annualized return positive | Consensus confirmation: Nasdaq Buy
IBM,International Business Machines Corporation Common Stock,Stock,Technology,Computer Manufacturing,235.58999633789065,221.95744094,Buy,174,244.91217,350,3.956948005864902,false,false,false,-1.340088378162374,4.275979277483688,-10.1960542075331,-0.4927532607780782,-18.845012505739856,38.22650170817208,39.270479354671785,21.848758508290224,10.6369751184493,16.652849084634248,-1.1626038848039144,23.576054695297067,-22.55797624432091,-3.987846535413586,25.21086855861354,-11.422348801607384,-12.387113942038996,-0.177627960255744,5.924902577538749,27.411914435963425,14.261212675168425,58.64208543431933,-20.78299486404658,12.835934261794634,19.77414316565047,10Y,10000,27937.202017824144,17937.202017824144,179.37202017824143,
DGT,DGT,ETF,State Street® SPDR® Global Dow ETF,ETF / Fund,191.42999267578125,,Not Rated,,,,,true,true,false,0.1202906543985582,2.6214214461494523,2.862880387209721,7.121747842055659,16.002504322508358,30.03861093925109,14.15402304908906,20.94336399624894,-8.002586176813153,21.50043884145856,9.66994762727289,22.19295464520212,-9.647880805295785,24.87256909156075,10.800050451510712,-4.238109654269517,2.4480885915668216,26.20589040724186,14.801044142538643,-12.08015782240357,4.93157042351986,23.123773024109266,-37.52391025258618,5.938007877736462,19.64856804624604,10Y,10000,38998.290383881445,28998.290383881445,289.9829038388145,Short technical: price above 20-day average; 20-day average above 50-day average; RSI in bullish 50-70 zone; 1-month momentum positive; 3-month momentum positive | Long technical: price above 200-day average; 50-day average above 200-day average; 6-month return positive; 1-year annualized return positive; 3-year annualized return positive; 5-year annualized return positive
C,Citigroup Inc. Common Stock,Stock,Finance,Major Banks,132.89999389648438,222.931348461,Strong Buy,129,154.5,176,16.252827009412684,false,true,true,0.1658134103464492,0.83467262693806,7.13481871091104,21.796481652253984,15.611531002922163,70.3755790240226,41.93353464622722,18.982831243194063,-22.092702185177348,0.9310566412873644,-19.7043887442523,57.82041415369703,-28.486264652365374,27.02662945762804,15.903281328166274,-4.081587944407106,3.9218121895706393,31.835883724917743,50.55111598124864,-44.32936952944089,42.900291373550246,-50.55321145719673,-75.94524755649552,-44.74565413259344,19.56436566008468,10Y,10000,34899.2209142072,24899.220914207202,248.99220914207203,Fundamental/consensus: Nasdaq Strong Buy | Long technical: price above 200-day average; 50-day average above 200-day average; 6-month return positive; 1-year annualized return positive; 3-year annualized return positive; 5-year annualized return positive
VFH,VFH,ETF,Vanguard Financials Index Fund ETF Shares,ETF / Fund,142,,Not Rated,,,,,true,true,false,0.3108239961816306,0.7592474134873184,13.50785107866228,14.182558241330012,7.399513534299351,14.91128404416413,30.43704527155939,14.171563714284297,-12.309778370873914,35.22208931064637,-1.959648051774221,31.56798814067916,-13.517932487729178,19.99274169273726,24.860782813948923,-0.5645637102241641,14.095675712159371,32.83656800741741,26.21846358957236,-14.300490538788749,14.815145485657744,14.338158462871542,-48.895473028019474,-17.609903303590468,19.44107398042732,10Y,10000,36423.76976587561,26423.769765875608,264.2376976587561,Short technical: price above 20-day average; 20-day average above 50-day average; RSI in bullish 50-70 zone; 1-month momentum positive; 3-month momentum positive | Long technical: price above 200-day average; 50-day average above 200-day average; 6-month return positive; 1-year annualized return positive; 3-year annualized return positive; 5-year annualized return positive
DVY,DVY,ETF,iShares Select Dividend ETF,ETF / Fund,163.8000030517578,,Not Rated,,,,,false,true,false,-0.0305175769881982,-0.9793224127187972,6.465541009893605,6.450443728745459,17.869315099899286,11.597184317210774,16.240344146009654,1.1208902999509496,1.7959655305988198,31.696104153140254,-4.909517003242292,22.61417000557655,-6.355232772703268,14.8192094679535,21.635494742470573,-2.078982717863298,14.86511984963188,28.860234771767225,10.480166414188208,11.817562658468717,17.767171631371248,11.176665688222975,-32.87832409079521,-5.688634725044239,19.4402895104647,10Y,10000,31607.589144803478,21607.589144803478,216.07589144803478,Long technical: price above 200-day average; 50-day average above 200-day average; 6-month return positive; 1-year annualized return positive; 3-year annualized return positive; 5-year annualized return positive
SHEL,Shell PLC American Depositary Shares (each representing two (2) Ordinary Shares),Stock,Energy,Oil & Gas Production,90.91000366210938,258.63402586,Buy,81.6,97.76667,120.6,7.54225724528097,true,true,false,0.2315399348767677,6.388322829994486,9.39607192489158,10.81106039038171,27.11331547779252,22.164377124149027,-0.8721810300286847,20.19343504929001,34.81053721043097,28.42542353949893,-37.43926912901559,7.708445961520405,-7.513232680996584,31.022969738096883,28.25956639130358,-27.12073230809761,-1.2649255091994216,9.037898234196074,-0.9087026813344944,14.772433941196962,17.542114312332835,20.962656238977218,-34.19050380533479,23.460300832823577,19.344336875078305,10Y,10000,33547.113283722516,23547.113283722516,235.47113283722516,Short technical: price above 20-day average; 20-day average above 50-day average; RSI in bullish 50-70 zone; 1-month momentum positive; 3-month momentum positive | Long technical: price above 200-day average; 50-day average above 200-day average; 6-month return positive; 1-year annualized return positive; 3-year annualized return positive; 5-year annualized return positive | Consensus confirmation: Nasdaq Buy
IYG,IYG,ETF,iShares U.S. Financial Services ETF,ETF / Fund,97.80999755859376,,Not Rated,,,,,true,true,false,0.3488215180389442,1.578561251027355,13.127316402145729,14.48652642620436,6.643104531962107,19.852996597091767,31.94220782483763,16.071280793938758,-16.758120072328964,30.36435187570823,0.9860169598230106,37.61878604367824,-12.562583336647082,24.46742520208005,19.891585566535163,-0.7164535686317253,10.969540410378764,42.85188213330508,32.97430892018676,-20.450460088473086,7.701966056514298,16.125819450667954,-52.34289067166122,-21.847693157816927,19.19001650511025,10Y,10000,38518.70012646124,28518.70012646124,285.1870012646124,Short technical: price above 20-day average; 20-day average above 50-day average; RSI in bullish 50-70 zone; 1-month momentum positive; 3-month momentum positive | Long technical: price above 200-day average; 50-day average above 200-day average; 6-month return positive; 1-year annualized return positive; 3-year annualized return positive; 5-year annualized return positive
AXP,American Express Company Common Stock,Stock,Finance,Finance: Consumer Services,333.20001220703125,225.013236356,Buy,315,375.9556,450,12.83180859141233,false,false,false,-0.2872849666499366,-1.018920662457079,6.026939702052814,8.503843592569748,-9.200458592530758,25.99322223992995,60.3201241726339,28.670542920080887,-8.516926274756308,36.88466939871002,-1.141864044755159,32.517373475515974,-2.62019959545009,36.21642927258779,8.58218793207508,-24.209475609402062,3.6627491318135696,59.8357160534238,23.584633015502064,11.65768608543123,7.83718745183446,126.15211296560476,-63.737155228296814,-13.389442441475763,19.085088129824168,10Y,10000,55761.66954604996,45761.66954604996,457.61669546049967,
PRF,PRF,ETF,Invesco RAFI US 1000 ETF,ETF / Fund,56.119998931884766,,Not Rated,,,,,true,true,false,0.0713215041443282,2.166391079733621,4.866709374107425,13.709910482993015,20.47143435280445,18.33271348555554,16.727893811115457,15.723702975239997,-7.790631809304416,31.12002416320385,7.780249482501333,27.416159616650184,-8.713028260006306,16.010631864220937,17.30382204126595,-2.922115663479863,12.204405972474785,35.14409735608548,16.79085351637999,-0.4112061268222056,19.671935368476625,41.76322888787829,-39.995871789475146,1.6917031134522589,19.023884668268344,10Y,10000,39720.28846205768,29720.28846205768,297.2028846205768,Short technical: price above 20-day average; 20-day average above 50-day average; RSI in bullish 50-70 zone; 1-month momentum positive; 3-month momentum positive | Long technical: price above 200-day average; 50-day average above 200-day average; 6-month return positive; 1-year annualized return positive; 3-year annualized return positive; 5-year annualized return positive
EQNR,Equinor ASA,Stock,Energy,Integrated oil Companies,41.38999938964844,103.486217932,Hold,31.25,34.74167,38,-16.06264674483463,true,false,false,-0.3850778588448178,9.203150364557676,14.342121334078172,41.53406335269912,81.05353441975176,6.066677380508212,-15.980129119678844,-0.777872357754883,42.81312008155773,64.55126355264593,-13.571726491343906,-0.9918170843825292,2.535719943986847,21.640706568627223,38.34207482105953,-18.7436220536644,-22.50132910170135,1.4446128709128647,2.3701102842302646,12.469140985967142,0.4848623360269366,57.97625375672346,-43.19381172418196,22.70463386702661,18.955433528962477,10Y,10000,55549.63090690385,45549.63090690385,455.4963090690385,Short technical: price above 20-day average; 20-day average above 50-day average; RSI in bullish 50-70 zone; 1-month momentum positive; 3-month momentum positive | Long technical: price above 200-day average; 50-day average above 200-day average; 6-month return positive; 1-year annualized return positive; 3-year annualized return positive; 5-year annualized return positive
DIA,DIA,ETF,State Street® SPDR® Dow Jones Industrial Average® ETF Trust,ETF / Fund,535.0599975585938,,Not Rated,,,,,false,true,false,-0.0298892330794608,1.634808485714423,5.929864907875926,10.036188058913332,12.29737872698886,14.705989747126802,14.824742475028676,16.01914694370039,-7.015353599849727,20.82578633226744,9.59028908365458,25.026630133287764,-3.742624033170505,28.084180644979128,16.372252063114345,0.0899963034334705,9.722636682161736,29.64128975311102,9.937003338252117,8.0592028591407,14.01156232007148,22.74265508486646,-32.135740836228344,8.795857532998387,18.914287382823325,10Y,10000,37900.53039159396,27900.53039159396,279.00530391593963,Long technical: price above 200-day average; 50-day average above 200-day average; 6-month return positive; 1-year annualized return positive; 3-year annualized return positive; 5-year annualized return positive
XLF,XLF,ETF,State Street® Financial Select Sector SPDR® ETF,ETF / Fund,58.09999847412109,,Not Rated,,,,,true,true,false,0.3800922632101411,0.8680555785511856,13.718588833876757,13.947543882014893,6.998765941907514,14.902344609247264,30.55625550452339,12.030932991034485,-10.586473185259347,34.79788088313707,-1.7363630999174706,31.87400071418885,-13.052096891547436,21.999896523958085,22.41520969251356,-1.7700742288623728,15.053554436157013,35.527311851303864,28.415414689607733,-17.142525154559575,11.903953227544628,17.565428938443194,-54.90218505699968,-19.17574066304393,18.888587544777955,10Y,10000,36469.982913262684,26469.982913262684,264.69982913262686,Short technical: price above 20-day average; 20-day average above 50-day average; RSI in bullish 50-70 zone; 1-month momentum positive; 3-month momentum positive | Long technical: price above 200-day average; 50-day average above 200-day average; 6-month return positive; 1-year annualized return positive; 3-year annualized return positive; 5-year annualized return positive
HSBC,HSBC Holdings plc. Common Stock,Stock,Finance,Savings Institutions,103.52999877929688,355.802872871,Buy,101,106.08,115.24,2.4630553953150836,false,true,false,0.6611573313215713,0.3181376299729699,11.920288979501748,15.44848333256763,36.71260497970601,67.90844027807663,34.48482375646849,39.44926784269831,7.791661872054734,20.76328135533865,-31.70675060949789,1.4391963930723728,-16.052035418697173,36.03856587708408,9.722671568781216,-11.544089114063738,-10.166595368589926,8.493565982530216,45.744476120949074,-22.11389699288953,-7.546036118569798,22.16116334398992,-38.003949501018695,-4.03680594303678,18.85248961703776,10Y,10000,48645.51900856933,38645.51900856933,386.45519008569335,Long technical: price above 200-day average; 50-day average above 200-day average; 6-month return positive; 1-year annualized return positive; 3-year annualized return positive; 5-year annualized return positive | Consensus confirmation: Nasdaq Buy
EWT,EWT,ETF,iShares MSCI Taiwan ETF,ETF / Fund,107.9000015258789,,Not Rated,,,,,true,true,false,-0.6720019755096618,14.848328931103527,5.432876086521543,42.59284278687967,69.8410256558061,28.37853379975301,16.111266352813878,28.996608172644777,-28.89832757683556,28.88196207975815,31.50403801955644,33.35852776682009,-9.898132098587109,26.812008770772145,17.711316194643324,-12.854252409908629,6.872266979416963,7.873902230677787,18.65629358859344,-21.78387193079494,22.777279159964124,73.78382486181843,-45.35248229326817,6.377491178742023,18.754847308964283,10Y,10000,70588.1657116311,60588.165711631096,605.881657116311,Short technical: price above 20-day average; 20-day average above 50-day average; MACD above signal line; RSI in bullish 50-70 zone; 1-month momentum positive; 3-month momentum positive | Long technical: price above 200-day average; 50-day average above 200-day average; 6-month return positive; 1-year annualized return positive; 3-year annualized return positive; 5-year annualized return positive
IYF,IYF,ETF,iShares U.S. Financials ETF,ETF / Fund,137.33999633789062,,Not Rated,,,,,true,true,false,0.3360545285426841,0.4608218806850139,12.751721738799285,12.902687234566448,7.368337048281326,18.247556029190125,31.295167881638157,15.316178426436888,-11.334932964060574,31.599144470205463,-0.999710125262887,31.85453234249633,-9.389806729147432,19.58407531224356,16.941396234926987,-0.3882640503476642,14.175157723706434,33.98330280704942,25.917468378056373,-13.239790233913784,12.220861113632386,16.8639068562872,-50.28766043375366,-18.062972690586843,18.741139538216324,10Y,10000,37099.08575525633,27099.085755256332,270.99085755256334,Short technical: price above 20-day average; 20-day average above 50-day average; RSI in bullish 50-70 zone; 1-month momentum positive; 3-month momentum positive | Long technical: price above 200-day average; 50-day average above 200-day average; 6-month return positive; 1-year annualized return positive; 3-year annualized return positive; 5-year annualized return positive
SAP,SAP  SE ADS,Stock,Technology,Computer Software: Prepackaged Software,221.5399932861328,272.162827557,Strong Buy,177,245.33333,319,10.739973564563844,false,true,true,0.1672899218929657,23.64792964792879,26.26238732990074,11.840016305907696,-7.212062420062293,-0.4482878712939619,61.26509019282902,52.30133486469699,-24.18791231065266,9.218993468958825,-1.2819087344844935,36.42958611145091,-10.044644589144925,31.69655672143026,11.12571043623356,15.351480582069854,-18.59895673235269,10.016732372917335,55.73622681278741,6.0410343825885615,9.789281470040034,31.425698665214785,-28.0343501503722,-2.619097865631137,18.73910459459957,10Y,10000,33307.51718931932,23307.51718931932,233.07517189319321,Fundamental/consensus: Nasdaq Strong Buy
TSM,Taiwan Semiconductor Manufacturing Company Ltd.,Stock,Technology,Semiconductors,417.5199890136719,2165.469527518,Strong Buy,440,554.45483,700,32.79719404807806,false,true,true,-2.2887898569366127,6.426038493019259,-1.4974852917194803,12.039356486542507,38.10160368429894,55.949510877376255,92.58245693494985,42.32971765100566,-36.7484401123785,12.09464291313922,92.6683117733584,64.8419551843056,-3.5058665990367444,42.406655236587774,31.116909796786945,4.88458943602903,31.213409521836244,4.466405590001088,37.70757232416669,7.294207060207114,15.072312929914132,52.6092480799917,-16.431759863646956,-4.905754378925852,18.72613985245146,10Y,10000,239507.48931656775,229507.48931656775,2295.0748931656776,Fundamental/consensus: Nasdaq Strong Buy | Long technical: price above 200-day average; 50-day average above 200-day average; 6-month return positive; 1-year annualized return positive; 3-year annualized return positive; 5-year annualized return positive
IMCV,IMCV,ETF,iShares Morningstar Mid-Cap Value ETF,ETF / Fund,97.66429901123048,,Not Rated,,,,,true,true,false,-0.2305653078202296,1.0285516304112008,9.169573706628388,10.370906212723252,19.64668441964972,13.521823225259766,12.283466799592825,11.890880146869542,-6.982185920608619,33.55416776516693,-4.1127120283799945,24.71436659816575,-10.927566965722868,12.59652239335416,24.367985169239013,-2.4275010659038254,11.1188599463643,41.7612203199228,16.91073631245885,-2.668066271633596,20.469504068583344,35.41978668068273,-35.654563145366055,-6.220539709491879,18.38570909619113,10Y,10000,31620.484185811845,21620.484185811845,216.20484185811844,Short technical: price above 20-day average; 20-day average above 50-day average; RSI in bullish 50-70 zone; 1-month momentum positive; 3-month momentum positive | Long technical: price above 200-day average; 50-day average above 200-day average; 6-month return positive; 1-year annualized return positive; 3-year annualized return positive; 5-year annualized return positive
OEF,OEF,ETF,iShares S&P 100 ETF,ETF / Fund,380.9100036621094,,Not Rated,,,,,true,true,false,0.0052479752430167,4.5823959105674605,1.3854494665177963,14.294992978843135,11.59900475502358,19.80319697794333,30.73696158223777,32.71077217976908,-21.025845905596675,29.17616145812696,21.2063267222389,31.86700764938366,-4.162804104190442,21.821867214621136,11.291938673347968,2.4025962244066834,12.564010075271792,30.065422608236997,15.918357536516917,2.784702755795432,12.45798502944162,22.122573645569243,-35.48461614861351,5.882914293839803,18.381965747363505,10Y,10000,49145.65744300744,39145.65744300744,391.4565744300744,Short technical: price above 20-day average; 20-day average above 50-day average; RSI in bullish 50-70 zone; 1-month momentum positive; 3-month momentum positive | Long technical: price above 200-day average; 50-day average above 200-day average; 6-month return positive; 1-year annualized return positive; 3-year annualized return positive; 5-year annualized return positive
XLE,XLE,ETF,State Street® Energy Select Sector SPDR® ETF,ETF / Fund,62.68000030517578,,Not Rated,,,,,true,true,false,0.6261027194032653,8.876151880214401,10.855191807805674,13.63469504392083,42.12596797405623,7.876282972663384,5.55919669126157,-0.6302303046912483,64.32491585442956,53.2798408995673,-32.67132764175613,11.741469225408308,-18.21759248198869,-0.8874374804887841,28.025409054422436,-21.49821025028241,-8.678257150051916,26.24639204880239,5.212622026139768,2.8390971576609747,21.776920930852818,21.76378602381461,-38.95531258381097,36.88835516775142,18.068836756062343,10Y,10000,31625.50178763574,21625.50178763574,216.2550178763574,Short technical: price above 20-day average; 20-day average above 50-day average; RSI in bullish 50-70 zone; 1-month momentum positive; 3-month momentum positive | Long technical: price above 200-day average; 50-day average above 200-day average; 6-month return positive; 1-year annualized return positive; 3-year annualized return positive; 5-year annualized return positive
XLG,XLG,ETF,Invesco S&P 500® Top 50 ETF,ETF / Fund,62.63999938964844,,Not Rated,,,,,false,true,false,-0.0319190198090901,4.889481093870174,-2.3055850979651127,10.061807593619251,6.051456659934851,19.51167252015196,33.492552655149964,38.16125951148939,-24.286865253058064,30.4573292265639,23.74929745587675,32.04263112916108,-3.58785484525157,23.037204406914856,11.272013513102674,4.218671033405741,11.37663495218273,28.758329018895036,15.36939238961068,4.198311042220948,9.288338133175332,20.32561117253269,-33.78345567325307,4.490947551852775,18.06164993270101,10Y,10000,49799.049536796854,39799.049536796854,397.9904953679686,Long technical: price above 200-day average; 50-day average above 200-day average; 6-month return positive; 1-year annualized return positive; 3-year annualized return positive; 5-year annualized return positive
SBUX,Starbucks Corporation Common Stock,Stock,Consumer Discretionary,Restaurants,107.8499984741211,122.949,Buy,81,112.22581,143,4.057312552423342,true,true,false,0.5500618367891397,5.208093157525506,7.66207938749488,11.309227921349365,30.39890523371711,-5.264967297460455,-2.478836101709436,-1.1851368285993755,-13.17634599820704,11.14561552495459,24.1883831203066,39.0852387350487,14.736063627409113,5.36055945479883,-6.128922658956371,48.21135115470303,6.2434653643776095,48.1069267976652,18.27821147163331,45.36559646116671,41.241483116662266,143.7631276814143,-53.7860131810858,-42.20779702268855,18.027348669761057,10Y,10000,22516.86521147141,12516.86521147141,125.16865211471409,Short technical: price above 20-day average; 20-day average above 50-day average; MACD above signal line; RSI in bullish 50-70 zone; 1-month momentum positive; 3-month momentum positive | Long technical: price above 200-day average; 50-day average above 200-day average; 6-month return positive; 1-year annualized return positive; 3-year annualized return positive; 5-year annualized return positive | Consensus confirmation: Nasdaq Buy
AAPL,Apple Inc. Common Stock,Stock,Technology,Computer Manufacturing,319.70001220703125,4665.759346,Buy,215,324.45282,400,1.4866461093191674,false,true,false,1.627575132974779,-5.911620639155002,2.388954742137628,21.231945131878803,17.917395588491214,9.052620027529134,30.705222366288982,49.00803524265724,-26.404165325085028,34.64818255668531,82.30664562176227,88.9579131249467,-5.39020519316169,48.464312099972304,12.480418570951146,-3.0137073452365715,40.62249824038786,8.069538632210516,32.56690773448214,25.55803538331329,53.067919418649325,146.90104127508684,-56.91137301312181,133.4748511347732,18.013639581731322,10Y,10000,135074.39190289626,125074.39190289626,1250.7439190289626,Long technical: price above 200-day average; 50-day average above 200-day average; 6-month return positive; 1-year annualized return positive; 3-year annualized return positive; 5-year annualized return positive | Consensus confirmation: Nasdaq Buy
PH,Parker-Hannifin Corporation Common Stock,Stock,Industrials,Metal Fabrications,995.02001953125,125.419752604,Strong Buy,680,1160.9535,1358,16.676396174111208,false,true,true,-1.6000783702985744,0.4097034661914689,16.67546374688056,-1.180260769199859,13.671576018840192,39.54216639111768,39.57819741182489,60.81126840415414,-6.911596550707289,18.30328088465123,34.78370170371063,40.752119671164365,-23.99550355127897,44.91420496255228,47.57334384953087,-23.068821980106325,1.9822392399787117,53.93017774188253,13.744468478933491,-10.077162579040545,62.764305195140444,29.37680873379021,-42.55060613209606,48.643083083755045,18.00301923038723,10Y,10000,120902.21632756473,110902.21632756473,1109.0221632756472,Fundamental/consensus: Nasdaq Strong Buy | Long technical: price above 200-day average; 50-day average above 200-day average; 1-year annualized return positive; 3-year annualized return positive; 5-year annualized return positive
CVS,CVS Health Corporation Common Stock,Stock,Consumer Staples,Retail-Drug Stores and Proprietary Stores,93.05999755859376,119.020982539,Strong Buy,103,116.08,148,24.736732264485674,false,true,true,0.1506665867490486,-14.88933539835433,0.7164934863440386,18.22025097364644,20.00398256800078,84.3477301985217,-40.77025840139702,-12.533668080132522,-7.625907348078654,54.869190408248734,-5.141028433924754,17.26005709382474,-7.036251098580271,-5.752277425389263,-17.830399271136365,2.901293676607985,36.56404157724398,50.38221543233621,20.281926776442877,18.94089224033952,9.116745430525809,13.171232828542111,-27.164415412857355,29.425385136363168,17.60868981644592,10Y,10000,13129.663712188423,3129.6637121884232,31.296637121884242,Fundamental/consensus: Nasdaq Strong Buy | Long technical: price above 200-day average; 50-day average above 200-day average; 6-month return positive; 1-year annualized return positive; 3-year annualized return positive; 5-year annualized return positive
WFC,Wells Fargo & Company Common Stock,Stock,Finance,Major Banks,86.69000244140625,262.150502438,Strong Buy,90,100.23913,115,15.629400365689916,false,true,true,2.024245258318347,0.3657200437973795,13.747814040176308,7.656447042170522,-5.453707927284778,35.571251417269536,46.47808452636792,22.93637505997581,-11.92251471143404,61.14591058580054,-41.64811206566819,21.44116937679801,-21.82921075764507,13.21050426648358,4.6379877117221024,1.842059907048732,24.10804398176518,36.71481771086831,27.346387048869005,-9.536031221258302,15.622674309483564,-6.188866132008197,1.7105035174881378,-12.164410639005286,16.823414030165452,10Y,10000,21497.641199313217,11497.641199313217,114.97641199313216,Fundamental/consensus: Nasdaq Strong Buy | Long technical: price above 200-day average; 50-day average above 200-day average; 6-month return positive; 1-year annualized return positive; 3-year annualized return positive; 5-year annualized return positive
BNS,Bank Nova Scotia Halifax Pfd 3 Ordinary Shares,Stock,Finance,Major Banks,92.38999938964844,113.34288419,Buy,74.67342,90.90275,101.45662,-1.6097514876865282,true,true,false,-0.5810835185128815,4.584563300486222,16.869028429986056,23.102038210629527,26.54335236679253,43.36195262450282,17.552171444908836,6.014969512926549,-28.834790485736363,40.6421658426237,1.6963609406847937,17.486964297076725,-19.167934373468,20.48056564300167,43.73029284272221,-24.237485714177478,-5.203258054235072,11.489031501878433,21.010819338545677,-9.552110509867994,27.040985949478813,82.66472891388945,-44.43190132849507,16.636825599783812,16.777096020081615,10Y,10000,37844.1234222848,27844.1234222848,278.441234222848,Short technical: price above 20-day average; 20-day average above 50-day average; MACD above signal line; RSI in bullish 50-70 zone; 1-month momentum positive; 3-month momentum positive | Long technical: price above 200-day average; 50-day average above 200-day average; 6-month return positive; 1-year annualized return positive; 3-year annualized return positive; 5-year annualized return positive | Consensus confirmation: Nasdaq Buy
TD,Toronto Dominion Bank (The) Common Stock,Stock,Finance,Commercial Banks,121.25,200.355925,Buy,97.86362,119.60509,134.19868,-1.3566268041237062,true,true,false,0.1321361524059261,0.6976134144533352,7.690350939189106,26.35843941068432,30.597229256215684,83.58319207144204,-13.402872973157631,4.559759735639801,-12.195858694808692,41.25106169805108,5.578619235419047,17.454752522683226,-12.090676983906455,22.926778602454267,30.95093075785298,-14.913029315322335,4.9871574972981225,16.040424952614487,16.850892543177753,4.073394557301757,22.650164017541474,85.29333419356652,-46.771030816329606,20.306236938470555,16.087660780445834,10Y,10000,47247.43752750438,37247.43752750438,372.4743752750438,Short technical: price above 20-day average; 20-day average above 50-day average; RSI in bullish 50-70 zone; 1-month momentum positive; 3-month momentum positive | Long technical: price above 200-day average; 50-day average above 200-day average; 6-month return positive; 1-year annualized return positive; 3-year annualized return positive; 5-year annualized return positive | Consensus confirmation: Nasdaq Buy
IVV,IVV,ETF,iShares Core S&P 500 ETF,ETF / Fund,773,,Not Rated,,,,,true,true,false,-0.2258793159083616,3.867140150738524,2.229867612785097,12.730208776623808,13.460967341710894,17.84648311217527,24.933743541042208,26.30586994245077,-18.16133113243086,28.758194775514355,18.3974390817508,31.2517527539379,-4.489724983842391,21.75396668604708,11.540452258528225,1.283908354005625,13.56831293964682,32.30630565136499,16.05736448751893,1.878540499433523,15.095301637907731,26.610564630828023,-37.01000765481196,5.288524368484082,15.941706767320962,10Y,10000,44813.91319732405,34813.91319732405,348.1391319732405,Short technical: price above 20-day average; 20-day average above 50-day average; RSI in bullish 50-70 zone; 1-month momentum positive; 3-month momentum positive | Long technical: price above 200-day average; 50-day average above 200-day average; 6-month return positive; 1-year annualized return positive; 3-year annualized return positive; 5-year annualized return positive
FDM,FDM,ETF,First Trust Dow Jones Select MicroCap Index Fund,ETF / Fund,92.43000030517578,,Not Rated,,,,,false,true,false,0.2603295991038479,-0.377234833720641,5.640954943095955,9.40892646094511,16.89798956436894,18.641348664316283,13.00029959763882,12.772299131716514,-11.618495626725933,35.0792212855332,-4.039829060500422,27.44629052372396,-13.524033744328568,8.721863337979574,35.902147763675174,-0.0640639687771393,3.258599579542332,44.12161866120877,15.724492020790136,-8.635792038648527,25.573301470040978,20.046134955631437,-31.918212976540595,-7.357509084776193,15.892923855059047,10Y,10000,32970.985428861124,22970.985428861124,229.70985428861127,Long technical: price above 200-day average; 50-day average above 200-day average; 6-month return positive; 1-year annualized return positive; 3-year annualized return positive; 5-year annualized return positive
UNP,Union Pacific Corporation Common Stock,Stock,Industrials,Railroads,307.4100036621094,182.62474884,Strong Buy,245,329.25,375,7.104517119714848,true,true,true,-0.0845092970641614,4.401423303717111,15.73300553916688,16.615260013704592,34.28235496429721,3.8588723910468743,-5.102428673722104,21.608595485951064,-15.933747960961952,23.313348934266152,17.635049108456748,33.69988344422858,5.262118416722084,32.30109869379329,35.97877581585514,-32.83551095420456,44.45214079722941,36.27503918063055,21.219563610136305,16.688314436558116,47.59184397362297,36.53633627010815,-22.732354788834407,38.32742537168619,15.86548790281559,10Y,10000,49692.191612589595,39692.191612589595,396.92191612589596,Short technical: price above 20-day average; 20-day average above 50-day average; MACD above signal line; RSI in bullish 50-70 zone; 1-month momentum positive; 3-month momentum positive | Fundamental/consensus: Nasdaq Strong Buy | Long technical: price above 200-day average; 50-day average above 200-day average; 6-month return positive; 1-year annualized return positive; 3-year annualized return positive; 5-year annualized return positive
SPY,SPY,ETF,State Street® SPDR® S&P 500® ETF Trust,ETF / Fund,769.3499755859375,,Not Rated,,,,,true,true,false,-0.2269485222937795,3.8455296274174655,2.217336489345212,12.74778626219124,13.420711013444263,17.71905551191477,24.886459783507654,26.17579452241028,-18.17536129512297,28.728758171371016,18.331611801284243,31.223893252729653,-4.568997425947218,21.705394895076168,11.99787392597662,1.2343104826920914,13.46375877266064,32.30785255236184,15.99029916894732,1.8949851310712476,15.056152687755397,26.35173330109533,-36.794991011369135,5.146242021319014,15.845213576673078,10Y,10000,44762.36319857132,34762.36319857132,347.6236319857132,Short technical: price above 20-day average; 20-day average above 50-day average; RSI in bullish 50-70 zone; 1-month momentum positive; 3-month momentum positive | Long technical: price above 200-day average; 50-day average above 200-day average; 6-month return positive; 1-year annualized return positive; 3-year annualized return positive; 5-year annualized return positive
MSFT,Microsoft Corporation Common Stock,Stock,Technology,Computer Software: Prepackaged Software,513.530029296875,3813.240375993,Strong Buy,400,569.4537,870,10.890048782482232,false,true,true,1.677034764032892,30.79871907460463,20.49386916932361,31.285610876871537,6.858275564372551,15.584229989449616,12.92732954602911,58.19127892629656,-28.024734490783075,52.47687316366027,42.53406273148141,57.55808114980741,20.795309079592105,40.73062130739269,15.077746215578514,22.691833092510706,27.564645137942435,44.29796612834443,5.798877582387529,-4.515652128447877,-6.5246660463661454,60.46721874954364,-44.38561112818992,20.84289026258261,15.83933746854067,10Y,10000,106381.2192112485,96381.2192112485,963.8121921124851,Fundamental/consensus: Nasdaq Strong Buy | Long technical: price above 200-day average; 50-day average above 200-day average; 6-month return positive; 1-year annualized return positive; 3-year annualized return positive; 5-year annualized return positive
PFM,PFM,ETF,Invesco Dividend Achievers™ ETF,ETF / Fund,57.332801818847656,,Not Rated,,,,,false,true,false,-0.01255377349334,0.6368274361431503,4.266038392812366,7.095778982136736,12.149035479268866,13.984660365523036,16.87255082937673,11.400417616617498,-6.222677074262906,23.08287450225086,9.528937458941144,26.88070994035869,-4.57644906253345,17.640042815536262,14.32612980216572,-3.0538988060574312,11.175254965884871,25.705013876429277,10.60601725645922,9.152660211848929,14.800707656082391,10.698264503363442,-29.15765335663568,-0.3793115355169352,15.691717596769772,10Y,10000,34262.376197560036,24262.376197560036,242.62376197560033,Long technical: price above 200-day average; 50-day average above 200-day average; 6-month return positive; 1-year annualized return positive; 3-year annualized return positive; 5-year annualized return positive
VV,VV,ETF,Vanguard Morningstar Large-Cap ETF,ETF / Fund,354.5,,Not Rated,,,,,true,true,false,-0.2251584071077728,4.032160418068242,2.391316956372358,13.132035596459836,13.265014401578812,18.105352376082795,25.25136289297729,27.18283583629684,-19.907072500184945,27.41024614058942,21.03778971624859,31.2538494778688,-4.458531672501853,22.005091660726396,11.77781407323364,1.001296237155036,13.379394991998272,32.6841823504588,16.178432763570605,1.4286093397084088,15.911964308996463,27.37297055057619,-36.68446284549428,6.176743908997695,15.481680627228256,10Y,10000,45012.52386975177,35012.52386975177,350.1252386975177,Short technical: price above 20-day average; 20-day average above 50-day average; RSI in bullish 50-70 zone; 1-month momentum positive; 3-month momentum positive | Long technical: price above 200-day average; 50-day average above 200-day average; 6-month return positive; 1-year annualized return positive; 3-year annualized return positive; 5-year annualized return positive
IWB,IWB,ETF,iShares Russell 1000 ETF,ETF / Fund,421.1499938964844,,Not Rated,,,,,false,true,false,-0.2888465645777271,3.8338233626653775,2.5183638357239024,12.429204454366635,13.27820448342314,17.17980195471347,24.32034784070678,26.392618556579507,-19.1938830711488,26.317909893765613,20.774080890966815,31.055633612629528,-4.900058762667903,21.522856126341505,12.02978435812996,0.7820630351631941,13.08709014003031,32.781013197446306,16.503558508104852,1.237329590240677,16.05516761057033,28.31581148779161,-37.406055277644015,5.311321654844758,15.416911640543262,10Y,10000,43628.809777233815,33628.809777233815,336.2880977723382,Long technical: price above 200-day average; 50-day average above 200-day average; 6-month return positive; 1-year annualized return positive; 3-year annualized return positive; 5-year annualized return positive
CB,Chubb Limited  Common Stock,Stock,Finance,Property-Casualty Insurers,339.9200134277344,131.141088071,Buy,306,366.13043,425,7.710760042623344,false,true,false,0.4758995834469148,-6.486928905712686,7.830184651644623,0.3306945386985394,9.569133619267966,13.70280915892559,23.886356597847925,4.196070592378165,15.970803352360251,27.84864984974544,1.410340893438411,22.937761357097,-9.633848833074332,12.817284451451494,15.589177887644311,4.246217747177816,14.454231155801512,31.867482890934195,17.56595038545821,14.501303976908918,26.41635484964628,-1.8589220396698525,-12.98655830520059,3.8108560263756974,15.411843270463743,10Y,10000,35030.40846353112,25030.408463531123,250.30408463531126,Long technical: price above 200-day average; 50-day average above 200-day average; 6-month return positive; 1-year annualized return positive; 3-year annualized return positive; 5-year annualized return positive | Consensus confirmation: Nasdaq Buy
PFE,Pfizer Inc. Common Stock,Stock,Health Care,Biotechnology: Pharmaceutical Preparations,27.959999084472656,159.362873548,Buy,25,28.60577,35.75,2.3096242370264086,true,true,false,-0.2141376599242406,10.732669641475855,8.833701158593898,4.588539182891727,18.084943132455944,0.6470293168994834,-2.21706652396666,-41.26410636973657,-10.407986176295614,66.69508616253354,3.069492310464539,-6.907940566523696,24.818936901425715,15.901796560939395,4.424857706910257,7.087924394897405,5.27649280979825,26.20618606677088,20.42522521402197,28.78411463598709,0.3150967408244165,8.200087276835966,-16.95792594125214,-8.135489831190245,15.258895236680026,10Y,10000,14776.49867018395,4776.49867018395,47.764986701839504,Short technical: price above 20-day average; 20-day average above 50-day average; MACD above signal line; RSI in bullish 50-70 zone; 1-month momentum positive; 3-month momentum positive | Long technical: price above 200-day average; 50-day average above 200-day average; 6-month return positive; 1-year annualized return positive | Consensus confirmation: Nasdaq Buy
SPTM,SPTM,ETF,State Street® SPDR® Portfolio S&P 1500 Composite Stock Market ETF,ETF / Fund,93.25,,Not Rated,,,,,false,true,false,-0.3100287713159511,3.4846291958494646,2.3054086385945416,12.359384883759516,13.680451378525447,16.930640521596317,23.87216561177144,25.547711182828834,-17.746294802160246,28.576612181224935,17.927045808237494,31.34143949305055,-5.302059491314138,21.176935794108758,12.23452085295882,0.2332294572273685,13.426087023546906,33.546343360597184,15.857413801747564,0.7797740145069731,17.318459023367595,27.947361337053287,-36.67578011202502,5.208195034683416,14.781704296752295,10Y,10000,43613.0284605064,33613.0284605064,336.13028460506405,Long technical: price above 200-day average; 50-day average above 200-day average; 6-month return positive; 1-year annualized return positive; 3-year annualized return positive; 5-year annualized return positive
SPYM,SPYM,ETF,State Street® SPDR® Portfolio S&P 500® ETF,ETF / Fund,90.56999969482422,,Not Rated,,,,,true,true,false,-0.1983474437198706,3.876588093559708,2.2286802680034468,12.735636100425872,13.494510600442355,17.791924719152362,24.99666563040208,26.24282213611595,-18.092018624357294,28.778667907295485,18.49173012222023,31.99295967423652,-4.7801708062743975,21.30123987993484,11.820946661331645,1.1449703433848324,13.687015142630845,33.17241796682906,15.144248322676932,1.7144625173801886,15.887776550979504,27.230057583827215,-36.89649638442391,5.745998092637605,14.54758565308496,10Y,10000,44949.02328510128,34949.02328510128,349.4902328510127,Short technical: price above 20-day average; 20-day average above 50-day average; RSI in bullish 50-70 zone; 1-month momentum positive; 3-month momentum positive | Long technical: price above 200-day average; 50-day average above 200-day average; 6-month return positive; 1-year annualized return positive; 3-year annualized return positive; 5-year annualized return positive
ETN,Eaton Corporation PLC Ordinary Shares,Stock,Technology,Industrial Machinery/Components,402.7799987792969,156.439752,Strong Buy,333,477.3708,534,18.518993357854164,false,true,true,-3.187195820902222,4.533473764213136,0.4555410062256904,8.041424176474731,27.515397057917056,-2.789562379213117,39.511325026012514,56.22373849058357,-7.182541823761479,46.702151507112745,29.878135032953917,42.7646602352191,-11.585611250433669,21.54056745340181,33.81736621234239,-20.73379733027242,-8.221771660038101,44.17521088203118,28.58971514973789,-11.81431986070194,64.08720415579047,33.314557182654106,-47.16158341533979,31.534484192277933,14.417189145585162,10Y,10000,98087.03710825843,88087.03710825843,880.8703710825844,Fundamental/consensus: Nasdaq Strong Buy | Long technical: price above 200-day average; 50-day average above 200-day average; 6-month return positive; 1-year annualized return positive; 3-year annualized return positive; 5-year annualized return positive
XMVM,XMVM,ETF,Invesco S&P MidCap Value with Momentum ETF,ETF / Fund,74.44850158691406,,Not Rated,,,,,false,true,false,-0.1361521940827836,-0.8014676087740202,8.428211539880405,12.034471954452863,17.3253687355712,18.462373549191334,11.732879160514464,16.308284445502363,-8.216139169405768,34.70991131109133,5.2625771973678015,30.379133377341773,-9.61961210230806,2.7960050088764232,28.710699108289496,-8.018574926216083,13.355511521170447,41.07061852156797,18.14554560183119,-1.1721759454824563,14.727678168370971,25.697399722355208,-37.13241029256298,0.0585143584727054,14.335267569633636,10Y,10000,36650.25881266831,26650.25881266831,266.5025881266831,Long technical: price above 200-day average; 50-day average above 200-day average; 6-month return positive; 1-year annualized return positive; 3-year annualized return positive; 5-year annualized return positive
LIN,Linde plc Ordinary Shares,Stock,Basic Materials,Major Chemicals,489.510009765625,225.65439959,Strong Buy,400,547.24,612,11.793423848884288,false,true,true,0.8571141670537408,-4.239207954271507,-2.1757964704583688,-3.0256291667989155,15.553222116868492,3.2152532150859114,3.181425159522755,27.656842567539908,-4.393682885811778,33.39067203565425,25.878936228938464,39.041956931324926,3.011612252051332,35.1428158621514,17.50735300297017,-18.972415681581435,1.6360537478581128,21.25726956026286,4.541196054962926,14.24234540468381,21.47290436224225,38.392538260362,-31.75454816687966,52.05390909178838,13.9962893461828,10Y,10000,57362.32419443291,47362.32419443291,473.6232419443291,Fundamental/consensus: Nasdaq Strong Buy | Long technical: price above 200-day average; 50-day average above 200-day average; 1-year annualized return positive; 3-year annualized return positive; 5-year annualized return positive
CRM,Salesforce Inc. Common Stock,Stock,Technology,Computer Software: Prepackaged Software,256,209.664,Strong Buy,160,244.02213,475,-4.678855468749998,true,true,true,1.567148145374575,41.04683195592287,45.68924052309207,32.09232029688069,-2.871677637002612,-20.246630280358644,27.763647578273364,98.46151360593198,-47.82592283178212,14.200328117663652,36.823644167364186,18.74135081573049,33.98217804102397,49.32807775081687,-12.678579931729503,32.18682655480289,7.465135633726638,31.326583096705683,65.68105366372494,-23.136355586329326,78.9345006099585,130.4592359895574,-48.93922242143268,71.98902631429614,13.72855666948083,10Y,10000,33217.97049861656,23217.97049861656,232.17970498616558,Short technical: price above 20-day average; 20-day average above 50-day average; MACD above signal line; 1-month momentum positive; 3-month momentum positive | Fundamental/consensus: Nasdaq Strong Buy
RTX,RTX Corporation Common Stock,Stock,Industrials,Aerospace,211.7100067138672,285.333876666,Strong Buy,200,234.81818,265,10.915012306132631,false,true,true,-0.1744601631426978,-2.821257046961534,18.69316636626863,5.270015554584551,16.688423860753954,61.44080068137319,40.7619245655233,-14.438306531166525,20.0139359159818,23.266470123653725,-21.95387071876361,43.82137800657237,-14.657392726226105,19.13137541979866,17.140196984968824,-14.449063873871593,3.2323409459509067,41.86210112090156,15.146255599813529,-4.972196209604817,16.173651734290395,33.18632024569579,-28.48737304257003,24.460430556561484,13.656105928325758,10Y,10000,44869.90087366068,34869.90087366068,348.6990087366068,Fundamental/consensus: Nasdaq Strong Buy | Long technical: price above 200-day average; 50-day average above 200-day average; 6-month return positive; 1-year annualized return positive; 3-year annualized return positive; 5-year annualized return positive
ENB,Enbridge Inc Common Stock,Stock,Energy,Natural Gas Distribution,50.20000076293945,109.61661453,Buy,45.895554,52.829628,60.415764,5.238301189433225,false,false,false,0.5206290416103654,-7.890351711289423,-8.40428315317261,-3.0133410531780425,9.196921954029458,17.84465209407715,26.351788007432297,-1.1419070760581906,6.455959437192882,30.829493808787944,-13.597256904590038,36.04993570362214,-17.90342797525284,-2.7120168976080383,32.30672950721114,-33.24550172776086,20.978574045735357,3.681640456525792,19.156938355190345,36.95176637746604,26.19021592689737,47.5785789097485,-17.127247921766596,21.432952764597918,13.576791794714516,10Y,10000,27808.756159147495,17808.756159147495,178.08756159147495,
XLI,XLI,ETF,State Street® Industrial Select Sector SPDR® ETF,ETF / Fund,177.13999938964844,,Not Rated,,,,,false,true,false,-0.9284136654230668,-2.931670744958159,2.1725102229303683,0.5277142416254321,14.798084642898711,19.347011426656824,17.309703383527065,18.12931752536484,-5.568724487152332,21.082001565546317,10.90500230928777,29.084567441626994,-13.24735459335491,23.97915556469588,20.005481945601744,-4.323365410729463,10.36575020532904,40.548600064204535,14.92435947388997,-1.0996055866314136,27.820630842938375,22.03111937845797,-38.72761746342521,13.493230553176993,13.515861752193882,10Y,10000,40113.5607577697,30113.5607577697,301.135607577697,Long technical: price above 200-day average; 50-day average above 200-day average; 6-month return positive; 1-year annualized return positive; 3-year annualized return positive; 5-year annualized return positive
PG,Procter & Gamble Company (The) Common Stock,Stock,Consumer Discretionary,Package Goods/Cosmetics,143.77999877929688,334.206985367,Buy,143,160.6087,186,11.70448001361808,false,false,false,0.4471142883732071,-3.425581633698882,-0.7242055632068478,-12.712871294466089,2.561086750025887,-12.259914808488135,17.253799886634404,-0.8576595923488584,-5.047968013594007,20.52202967781278,14.152555916798226,39.70043356700028,3.569526957023505,12.69529802069156,9.360263256454516,-9.96955117552648,15.423871937919987,23.646314708684745,5.203597270367255,7.0635532378622745,9.364017692029991,1.1782079974025583,-13.809867705819034,16.642697258411097,13.38332211976656,10Y,10000,24367.904761356756,14367.904761356756,143.67904761356755,
AZN,AstraZeneca PLC Ordinary Shares,Stock,Health Care,Biotechnology: Pharmaceutical Preparations,162.6999969482422,252.303098886,Strong Buy,184,212.53636,240,30.6308321982401,false,true,true,-1.1062529035707036,-5.670222067228026,-12.210653784723869,-21.947709604121343,-10.586210996848166,43.30212924886323,-0.6152498995901534,1.4398006769047678,19.15566343060757,19.72726331575454,3.121650710081769,35.67934556232606,13.8626630653933,33.241671211251564,-15.815276252736863,0.5118338688088864,23.551136905709917,33.17140043207929,8.510028794234259,6.046597362795181,3.514783462039928,20.343753317640516,0.1751298071078322,-17.479816205169673,13.305109169190166,10Y,10000,32931.48538654135,22931.485386541353,229.31485386541354,Fundamental/consensus: Nasdaq Strong Buy
JNJ,Johnson & Johnson Common Stock,Stock,Health Care,Biotechnology: Pharmaceutical Preparations,268.0400085449219,645.94921994,Strong Buy,190,272.5,305,1.663927515630803,true,true,true,0.8541293694124485,0.9867529216491366,16.70795608350968,9.049261001787624,31.60244983866849,47.47952514353806,-4.811448370241411,-8.578387091656525,5.974907749378278,11.438038559457665,10.823718941725224,16.219996813183446,-5.131456421420877,24.425259054980074,15.3291754092014,1.1421697116504204,17.337359177846846,34.6243745779226,10.847384685851225,9.889432128557928,-0.5869397173648649,11.269076185589032,-7.717295430813531,3.611966578886938,12.43468756818078,10Y,10000,34974.32663858504,24974.326638585037,249.74326638585035,Short technical: price above 20-day average; 20-day average above 50-day average; MACD above signal line; RSI in bullish 50-70 zone; 1-month momentum positive; 3-month momentum positive | Fundamental/consensus: Nasdaq Strong Buy | Long technical: price above 200-day average; 50-day average above 200-day average; 6-month return positive; 1-year annualized return positive; 3-year annualized return positive; 5-year annualized return positive
XLK,XLK,ETF,State Street® Technology Select Sector SPDR® ETF,ETF / Fund,185.69000244140625,,Not Rated,,,,,false,true,false,-1.5481672018960002,8.533524119482493,-0.5023212674736932,34.14714939319299,29.292611204216445,24.605941377892893,21.630621481353508,56.01836202635475,-27.72627405331664,34.744095589855675,43.61877008735397,49.855906870522325,-1.6772204264288826,34.25643256986799,15.01183426867656,5.4692159455168365,17.84240059102309,26.24121653640989,15.296254227390271,2.6138389101722392,11.394591418076994,51.32497782297087,-41.507209521759336,15.456989715626325,12.15725046512297,10Y,10000,97283.26440752011,87283.26440752011,872.8326440752012,Long technical: price above 200-day average; 50-day average above 200-day average; 6-month return positive; 1-year annualized return positive; 3-year annualized return positive; 5-year annualized return positive
KNCT,KNCT,ETF,Invesco Next Gen Connectivity ETF,ETF / Fund,196.34300231933597,,Not Rated,,,,,false,true,false,-1.5232232365836262,6.598077917826051,-4.063584850206892,32.476920971901805,47.15153484894523,28.64737483198028,19.40907978572679,27.39910714345664,-29.53723977011016,21.50434420792875,39.14545656571568,26.353348133241617,5.78288217199614,15.411059507256477,17.22349084467476,-0.9158508648883236,10.604595186544795,25.598328869929983,4.527444849439366,-8.201041355076544,46.45951574761613,63.129532470716,-38.35919061026127,2.9092796690370903,12.156100773828229,10Y,10000,62037.484062032745,52037.484062032745,520.3748406203274,Long technical: price above 200-day average; 50-day average above 200-day average; 6-month return positive; 1-year annualized return positive; 3-year annualized return positive; 5-year annualized return positive
SO,Southern Company (The) Common Stock,Stock,Utilities,Electric Utilities: Central,88.25,101.51953175,Buy,79,100.28947,114,13.642458923512745,false,false,false,-0.8983750975200211,-8.060853359611563,-3.827597282120998,-7.870777163181398,3.692809564000177,9.472858934408611,21.71904244910412,2.213231454425113,8.241532703561361,16.33546573099256,0.6276523647987808,51.65278150404132,-3.751916645401976,2.4158551217756674,9.920240907452648,-0.0926846378054291,25.24276809103496,0.4755683064833649,-3.5498020455206336,26.9397646794576,20.72119460123232,-4.910469384539695,0.0192741529228879,9.85506117989079,11.684211048530102,10Y,10000,29405.697935118013,19405.697935118013,194.0569793511801,
FCX,Freeport-McMoRan Inc. Common Stock,Stock,Basic Materials,Metal Mining,76.44999694824219,109.783539633,Strong Buy,30,72.04545,83,-5.761343523956097,true,true,true,-2.5121158718456216,24.0266023770936,16.343636128890825,12.814784867336604,51.59613895168758,35.41071702386631,-9.412788973548436,13.685953387772187,-7.343588163708093,61.41005203714263,99.05880649736145,29.58787086946821,-45.10618950474312,43.74526901155909,94.83009738349313,-70.13826710865958,-35.81104449596811,19.949513129959385,-4.009944604073324,-36.84906152794289,52.655898075959165,228.5188015060052,-75.51919435244666,86.87347414334718,11.558007579994566,10Y,10000,125383.29168156462,115383.29168156462,1153.8329168156463,Short technical: price above 20-day average; 20-day average above 50-day average; MACD above signal line; RSI in bullish 50-70 zone; 1-month momentum positive; 3-month momentum positive | Fundamental/consensus: Nasdaq Strong Buy | Long technical: price above 200-day average; 50-day average above 200-day average; 6-month return positive; 1-year annualized return positive; 3-year annualized return positive; 5-year annualized return positive
NVS,Novartis AG Common Stock,Stock,Health Care,Biotechnology: Pharmaceutical Preparations,153.80999755859375,293.492809747,Buy,123,157.15,180,2.171511926676861,false,true,false,-0.5431596320998766,-3.778547584796765,1.5918122584319017,-6.0067129989664565,14.957197651929445,46.95223092749365,0.0196789267441932,16.135520097116828,8.057783047891064,-3.6535675796456224,3.3443119102723795,27.133983366829128,5.945261178961125,19.462877912781472,-12.043164976063636,-4.517709070854536,19.161871336469183,31.808603155568417,15.670224331775984,1.1365063581584511,12.32424551053688,14.251614481862052,-5.620252682166416,-3.540445997597863,11.26268430978248,10Y,10000,29880.434148666995,19880.434148666995,198.80434148666995,Long technical: price above 200-day average; 50-day average above 200-day average; 1-year annualized return positive; 3-year annualized return positive; 5-year annualized return positive | Consensus confirmation: Nasdaq Buy
ADBE,Adobe Inc. Common Stock,Stock,Technology,Computer Software: Prepackaged Software,291.5199890136719,115.8792,Buy,190,270.60587,380,-7.1741629397121915,true,false,false,0.8196421121267505,16.99173191363763,20.742207615086183,11.09332149891884,-16.706192420402644,-21.293965098727806,-25.46429586440251,77.27987928267868,-40.65354632169702,13.384788269807313,51.63882199427161,45.77881433465536,29.10294362093562,70.21856307704941,9.5912223468972,29.215964765838454,21.409478375833423,58.91719899983661,33.28616800509418,-8.154646435634572,-16.313209058692824,72.75714982460278,-50.17551803509075,3.915371235827436,11.25541112137034,10Y,10000,31032.572007383475,21032.572007383475,210.32572007383473,Short technical: price above 20-day average; 20-day average above 50-day average; MACD above signal line; RSI in bullish 50-70 zone; 1-month momentum positive; 3-month momentum positive
GOOGL,Alphabet Inc. Class A Common Stock,Stock,Technology,Computer Software: Programming Data Processing,346.5899963378906,4238.7957,Strong Buy,340,428.06668,515,23.50808867047558,false,true,true,1.743725979109012,3.859640170392176,-11.107321932453983,11.316757350571516,10.87576348101753,65.99357468859344,36.00561368089519,58.3247992360707,-39.08954423489923,65.29578405970516,30.853606185726967,28.17617464902893,-0.8011972144203239,32.92949062261121,1.8560326651301693,46.61175394171504,-5.394009236193121,58.43113690049988,9.518482949443284,8.742876069451277,-4.195307572398644,101.52122397244932,-55.50847693223135,50.16501922963084,10.996505262494535,10Y,10000,89886.57589150034,79886.57589150034,798.8657589150033,Fundamental/consensus: Nasdaq Strong Buy | Long technical: price above 200-day average; 50-day average above 200-day average; 6-month return positive; 1-year annualized return positive; 3-year annualized return positive; 5-year annualized return positive
GOOG,Alphabet Inc. Class C Capital Stock,Stock,Technology,Computer Software: Programming Data Processing,342.8800048828125,4193.4224,Strong Buy,340,422.336,475,23.17312003782299,false,true,true,1.5309033071418954,3.0907993357334407,-11.145145384218136,10.242454094638532,9.409836949964555,65.41777004334631,35.61648878001169,58.83011469610035,-38.6713244006074,65.17055642676131,31.02869481671917,29.10460506532957,-1.0311642685457922,35.57563801943879,1.7051457419125835,44.559949863674085,-5.965609482294799,58.43111356427808,9.518494067450913,8.742856388476428,-4.195286501983809,101.5212084891964,-55.508465628859724,50.16501096466026,10.996486686270025,10Y,10000,91161.46363523786,81161.46363523786,811.6146363523786,Fundamental/consensus: Nasdaq Strong Buy | Long technical: price above 200-day average; 50-day average above 200-day average; 6-month return positive; 1-year annualized return positive; 3-year annualized return positive; 5-year annualized return positive
IVW,IVW,ETF,iShares S&P 500 Growth ETF,ETF / Fund,140.02000427246094,,Not Rated,,,,,false,true,false,-0.5681032595857727,6.212548226997727,0.3945609147721463,17.32238519713045,13.800611493670134,21.94695696478504,35.81630792946407,29.833878254367274,-29.51549619340792,31.80147922959955,33.18870727200689,30.76894449174061,-0.2078476593348033,27.21386385899065,6.813702986117876,5.360598493748103,14.640733043725994,32.503762979631404,14.37580278370647,4.418805227201772,14.923822286329113,31.13804524825483,-34.78403258934525,8.838688934001793,10.884587698554382,10Y,10000,53690.72537119586,43690.72537119586,436.9072537119586,Long technical: price above 200-day average; 50-day average above 200-day average; 6-month return positive; 1-year annualized return positive; 3-year annualized return positive; 5-year annualized return positive
ONEQ,ONEQ,ETF,Fidelity Nasdaq Composite Index ETF,ETF / Fund,104.05999755859376,,Not Rated,,,,,false,true,false,-0.440106294725151,6.1836709781568855,-1.6930642459139444,16.945154832366494,14.155865982011395,20.89315169287737,29.302241058175447,45.73379353671958,-32.1208958213146,22.108359567846247,44.86537564496236,37.15295031189982,-3.180093095582004,29.286124384236324,8.811359836610766,6.694458000543468,14.66340545935678,39.86082743408608,16.19661341431282,-0.8183131970265101,17.790925400355828,45.15846946666808,-39.798112850891656,9.944091396006694,10.282105009437448,10Y,10000,58332.19518135641,48332.19518135641,483.32195181356406,Long technical: price above 200-day average; 50-day average above 200-day average; 6-month return positive; 1-year annualized return positive; 3-year annualized return positive; 5-year annualized return positive
IYW,IYW,ETF,iShares U.S. Technology ETF,ETF / Fund,251.1999969482422,,Not Rated,,,,,true,true,false,-1.0283285274249376,8.182601313399296,0.6988700843856943,32.59128765418915,25.88470659196565,25.38001895432889,30.24751540239789,65.7527219122787,-34.826052927005826,35.44181324985263,47.452718288808285,46.64449320301856,-0.9338507161730236,36.60233868455693,13.718231517253198,3.6839223350330297,19.45853443873649,26.567111011564727,11.679066463416166,-0.1297767604523492,12.411751855482422,63.80822849953345,-43.14771939808638,14.958030778441955,9.954761912088394,10Y,10000,100089.90077354308,90089.90077354308,900.8990077354308,Short technical: price above 20-day average; 20-day average above 50-day average; RSI in bullish 50-70 zone; 1-month momentum positive; 3-month momentum positive | Long technical: price above 200-day average; 50-day average above 200-day average; 6-month return positive; 1-year annualized return positive; 3-year annualized return positive; 5-year annualized return positive
WDC,Western Digital Corporation Common Stock,Stock,Technology,Electronic Components,459.4500122070313,165.650536721,Strong Buy,420,664.9167,1050,44.72013980497709,false,true,true,-0.5519454097335008,-0.8759244618356088,-13.48134636923839,64.38676162755719,166.90064171175135,283.6785499753219,13.862881904140467,65.99051252301966,-51.61785151334257,17.728826938489473,-10.885231850476607,77.14192207409398,-51.90289155787525,19.82873154818145,17.47769637326868,-44.26556091168952,33.99469790981333,100.82570476524457,39.06812142166214,-8.702069581570726,-23.216293809359755,285.58939109406,-62.09862966677056,47.6539212433154,9.940910228511555,10Y,10000,117830.28503404927,107830.28503404927,1078.3028503404926,Fundamental/consensus: Nasdaq Strong Buy | Long technical: price above 200-day average; 50-day average above 200-day average; 6-month return positive; 1-year annualized return positive; 3-year annualized return positive; 5-year annualized return positive
IXN,IXN,ETF,iShares Global Tech ETF,ETF / Fund,140.60000610351562,,Not Rated,,,,,false,true,false,-1.4439909615261648,8.865669955980483,-0.4115777854562297,31.854854029145876,34.06499234110707,25.25197118080047,24.83994553564015,52.984753853302166,-29.86434824637071,29.584482106344637,43.622982764732335,47.881838142391,-5.439237209510639,41.22734600837215,13.921119321415864,3.937064233438603,15.264016829777582,25.157690369496088,15.915868869292105,-3.4516145561650835,10.438966800991343,52.45107205073245,-42.87555975156222,12.532965121769934,9.804819358152738,10Y,10000,94181.65208764405,84181.65208764405,841.8165208764404,Long technical: price above 200-day average; 50-day average above 200-day average; 6-month return positive; 1-year annualized return positive; 3-year annualized return positive; 5-year annualized return positive
BMO,Bank Of Montreal Common Stock,Stock,Finance,Commercial Banks,171.86000061035156,119.81157996,Buy,141.3818,168.70595,189.17351,-1.8352441517224038,false,true,false,-0.1568606662416316,-4.1894977965234,6.934334081989646,21.217965889619396,34.4240767086142,38.29873012301967,2.97749644414107,14.622467082742508,-12.39895907246683,46.87898014925676,3.33597795382532,23.507746244495344,-15.98578158796683,15.351414728887969,32.904100678520344,-16.784426396468255,10.435707789654035,13.68858457446025,17.348023535327407,-0.3087867217806184,13.644586896982048,120.64266993431758,-51.95195755545812,-0.4219685596940969,9.46551847020174,10Y,10000,46412.62151075265,36412.62151075265,364.12621510752655,Long technical: price above 200-day average; 50-day average above 200-day average; 6-month return positive; 1-year annualized return positive; 3-year annualized return positive; 5-year annualized return positive | Consensus confirmation: Nasdaq Buy
IUSG,IUSG,ETF,iShares Core S&P U.S. Growth ETF,ETF / Fund,191.22999572753903,,Not Rated,,,,,false,true,false,-0.5822772760266104,5.856630051765865,0.4640725547149671,16.85062303802973,14.137060657047806,21.232187405633884,34.701029330207355,29.27879332637964,-28.81340319857394,31.262998282466057,32.64683838572802,30.61664783718252,-0.7927676320313104,27.02041077290913,7.363933338190387,4.976850457525495,12.401234115079095,33.97077031756013,14.959461994549647,1.883523308466928,17.439341480656665,36.798027115342016,-38.625699176590224,11.217217365931551,9.341453965586457,10Y,10000,52778.13971724358,42778.13971724358,427.7813971724358,Long technical: price above 200-day average; 50-day average above 200-day average; 6-month return positive; 1-year annualized return positive; 3-year annualized return positive; 5-year annualized return positive
XMMO,XMMO,ETF,Invesco S&P MidCap Momentum ETF,ETF / Fund,153.1699981689453,,Not Rated,,,,,false,true,false,-2.408409590822369,-1.3016329922564518,-9.132648793757893,2.4106129201547866,10.98303327009229,13.044083613097255,38.028711577615205,20.39106681879228,-16.01623272959164,16.631765615478255,28.84799311456543,36.78603652984573,6.110575248977734,37.18697755379452,3.397920092596829,-4.575294121130746,10.614110877384464,27.475113483603984,14.72561317540777,-5.739706937695132,29.58172007998005,23.60517018751387,-44.064324404850375,27.560512913074756,9.33729618009136,10Y,10000,54173.027988105336,44173.027988105336,441.7302798810534,Long technical: price above 200-day average; 50-day average above 200-day average; 6-month return positive; 1-year annualized return positive; 3-year annualized return positive; 5-year annualized return positive
GE,GE Aerospace Common Stock,Stock,Technology,Consumer Electronics/Appliances,342.5799865722656,355.448165704,Strong Buy,347,404.90475,455,18.192762528638617,false,true,true,-0.0437733519836114,-5.7784895011522845,6.915720704769779,0.3642403911480407,11.517283863172324,85.73372389280568,64.82550450329967,95.71232123232782,-10.923237589743874,9.685296819864275,-2.734726476445437,53.9366798130225,-55.38979387773275,-42.91619655390205,4.616960382874913,27.52961738132857,-6.66383190801576,37.85937759762157,21.58851003436233,1.3381520125865354,24.29028403357951,-1.861841954713439,-53.943158277346384,2.6844134527960195,9.33483982261134,10Y,10000,26039.79295582148,16039.792955821478,160.3979295582148,Fundamental/consensus: Nasdaq Strong Buy | Long technical: price above 200-day average; 50-day average above 200-day average; 6-month return positive; 1-year annualized return positive; 3-year annualized return positive; 5-year annualized return positive
VUG,VUG,ETF,Vanguard Morningstar Growth ETF,ETF / Fund,88.54000091552734,,Not Rated,,,,,false,true,false,-0.4049500609364598,6.252248853942821,-0.6521111966229731,15.524393423307735,9.133217189030772,19.404548038671088,32.69058853187963,46.83320214274558,-33.15869034575817,27.346929996569823,40.24730694508967,37.03447016456624,-3.321762720285759,27.723118379062477,6.273668899931417,3.2390940318812955,13.613221547531374,32.47589327846943,17.01118706634748,1.822013008975509,17.21543666260874,36.13505640603012,-38.02285506808023,12.517036593323528,9.191962690428324,10Y,10000,54503.44006994029,44503.44006994029,445.03440069940285,Long technical: price above 200-day average; 50-day average above 200-day average; 6-month return positive; 1-year annualized return positive; 3-year annualized return positive; 5-year annualized return positive
XNTK,XNTK,ETF,State Street® SPDR® NYSE Technology ETF,ETF / Fund,358.0299987792969,,Not Rated,,,,,false,true,false,-1.6428149847248608,9.245411398784832,-1.791175364867892,33.47260518029835,28.957546739981964,38.064614920460606,23.488136548994333,70.13414510691993,-41.07075669117243,17.633885131293336,73.90593172015329,38.0788426695928,-7.126085591351838,40.37043401985112,12.881483281490148,7.266990447840982,14.673259361465885,32.60612777031655,17.689742428946364,-10.543488885323349,15.28262309720645,70.47154318318687,-44.95199937751275,9.577148331235708,9.145194345005848,10Y,10000,91631.08067961052,81631.08067961052,816.3108067961051,Long technical: price above 200-day average; 50-day average above 200-day average; 6-month return positive; 1-year annualized return positive; 3-year annualized return positive; 5-year annualized return positive
ADP,Automatic Data Processing Inc. Common Stock,Stock,Technology,EDP Services,287.4800109863281,114.205091633,Buy,225,287.26666,322,-0.07421419861372014,true,true,false,0.9835669462503472,8.823862048585763,31.74797643397842,36.24482500004882,13.53823817400539,-10.179568503395886,28.410035256740866,-0.249116582539266,-1.2869412574812666,42.601513658698224,5.856742408839111,32.70775158634276,14.254767870556108,16.54119415557398,24.29012748020145,4.100722491826159,20.349240986258742,45.58321582177851,8.537388716971073,20.142447663166195,11.651016693998796,12.69160907657234,-9.057675061547863,2.2292600581923505,9.11660918561401,10Y,10000,42750.08613987073,32750.086139870727,327.50086139870723,Short technical: price above 20-day average; 20-day average above 50-day average; MACD above signal line; RSI in bullish 50-70 zone; 1-month momentum positive; 3-month momentum positive | Long technical: price above 200-day average; 50-day average above 200-day average; 6-month return positive; 3-year annualized return positive; 5-year annualized return positive | Consensus confirmation: Nasdaq Buy
SPYG,SPYG,ETF,State Street® SPDR® Portfolio S&P 500 Growth ETF,ETF / Fund,121.25,,Not Rated,,,,,false,true,false,-0.4842386372488239,6.164084556484739,0.4886247745286676,17.36877666833547,13.925812822360095,22.08853991126036,35.99157771858816,30.02386298745414,-29.409982157747017,32.01278434440577,33.4643643042726,30.841870402836943,-0.1184788674222669,27.2368197864026,6.83795461104264,5.076521753814323,14.804696885482738,32.60376007083694,14.17792962018538,4.648117385019379,16.243504377832352,36.995816383486414,-37.411636181306974,10.752761769545296,9.011523143313903,10Y,10000,54340.919131173345,44340.919131173345,443.4091913117334,Long technical: price above 200-day average; 50-day average above 200-day average; 6-month return positive; 1-year annualized return positive; 3-year annualized return positive; 5-year annualized return positive
KIE,KIE,ETF,State Street® SPDR® S&P® Insurance ETF,ETF / Fund,63.90999984741211,,Not Rated,,,,,false,true,false,0.4084812494898227,-3.8224186869541534,15.268437224383112,10.916137330429354,7.191266498366922,8.125526630739333,26.95201089101076,12.180717198610914,3.4847986499379813,22.75083287074036,-3.038617465033411,27.186968129130285,-5.99296281239109,12.83096069766767,21.41682281555377,5.968229682164128,7.692757871236799,45.63736572491655,20.71740729522737,-12.076730874960727,26.07067618204466,27.98651167244428,-46.593529928447055,-5.715489755611658,8.868233374301315,10Y,10000,33300.85396728159,23300.85396728159,233.0085396728159,Long technical: price above 200-day average; 50-day average above 200-day average; 6-month return positive; 1-year annualized return positive; 3-year annualized return positive; 5-year annualized return positive
VGT,VGT,ETF,Vanguard Information Technology Index Fund ETF Shares,ETF / Fund,120.06999969482422,,Not Rated,,,,,true,true,false,-1.5093133557644522,8.298003716362135,1.061732183004671,32.476011484082946,27.716720691415063,21.773904491431217,29.3045514336046,52.658880719735166,-29.69519562876544,30.450258312525147,46.043653346832805,48.62309152922401,2.459614589824688,37.082783059565095,13.771744128394992,5.046121905888668,16.685314142785913,30.97281592919021,13.956346706172162,0.542315759557721,12.77718901455518,61.89102880941431,-42.82251577293527,14.778283691228866,8.854504431160004,10Y,10000,97657.78047777046,87657.78047777046,876.5778047777045,Short technical: price above 20-day average; 20-day average above 50-day average; RSI in bullish 50-70 zone; 1-month momentum positive; 3-month momentum positive | Long technical: price above 200-day average; 50-day average above 200-day average; 6-month return positive; 1-year annualized return positive; 3-year annualized return positive; 5-year annualized return positive
IGM,IGM,ETF,iShares Expanded Tech Sector ETF,ETF / Fund,160.9499969482422,,Not Rated,,,,,false,true,false,-1.0147657400596866,7.658860834944603,-1.0151187215845958,29.656306923508936,24.70737328060668,26.763548332539155,36.99399119760185,60.97742150474057,-35.91377759383243,25.72137132750272,45.10678903364938,41.80669281663179,2.257161433664412,37.20007591463927,12.933051970848709,9.493096767876686,14.820351540601152,33.96647853747059,14.600197041528371,-1.1185398058252471,11.97398318926255,62.42541509462214,-43.46222907816614,16.113113741310194,8.69749025190487,10Y,10000,91575.73156326014,81575.73156326014,815.7573156326015,Long technical: price above 200-day average; 50-day average above 200-day average; 6-month return positive; 1-year annualized return positive; 3-year annualized return positive; 5-year annualized return positive
BP,BP p.l.c. Common Stock,Stock,Energy,Integrated oil Companies,42.150001525878906,110.345766402,Buy,37,47.62778,64,12.99591524512258,false,true,false,-0.4487449835244517,2.395097654814693,2.592059571781391,11.055418305790688,25.871926385444777,24.54301904026444,-11.838778707533182,6.000905562914083,37.00649703985191,36.380700419971056,-41.31000061721121,5.830468701914193,-4.570037637919,20.08450502806063,28.947253833925224,-12.796399342771792,-17.564745319222595,22.731573093755863,2.042748109104875,0.5058325930825669,-22.64406628058748,32.839994114010594,-32.4861767889384,13.14642453959194,7.960283496023179,10Y,10000,25123.96427373222,15123.964273732221,151.23964273732219,Long technical: price above 200-day average; 50-day average above 200-day average; 6-month return positive; 1-year annualized return positive; 3-year annualized return positive; 5-year annualized return positive | Consensus confirmation: Nasdaq Buy
GSK,GSK plc American Depositary Shares (Each representing two Ordinary Shares),Stock,Health Care,Biotechnology: Pharmaceutical Preparations,50.81999969482422,102.917007704,Buy,50,58.5775,70,15.2646602750095,false,false,false,1.0940903760735976,-4.525359711598631,0.0769461042982921,-12.48511026239506,6.370675129590309,51.232343057500415,-5.138604034210436,9.71309613500737,-16.766839683912117,26.761675677101948,-17.716904362979015,29.23880313956957,13.78817337383811,-2.9795726011105805,2.095185861736759,-0.2597704800681444,-15.685935540693109,28.92157508876336,0.6512845503640063,22.601015470186518,-2.1228966106969893,19.3341921387701,-22.26269755797574,-0.773654263110457,7.9415320289883296,10Y,10000,21172.300945066145,11172.300945066145,111.72300945066142,
COST,Costco Wholesale Corporation Common Stock,Stock,Consumer Discretionary,Department/Specialty Retail Stores,945.469970703125,419.295904818,Strong Buy,740,1077.3143,1315,13.944845778531212,false,true,true,1.1565700756634545,-2.183993669792217,-4.845942811174364,-6.177618197541468,10.123950564799555,-5.394719010479454,39.622630701585024,49.00389882899408,-19.04982369533358,51.8212225022628,32.6663357172792,45.70068455255285,10.599296122146429,22.372048747361784,0.2777789055849355,18.944865099223087,20.46049762222526,21.833698505376976,28.39631783374388,16.74280845910181,23.67876582341717,14.319694451210196,-23.988459059776037,33.22119726589114,7.908566887486068,10Y,10000,69881.54866871386,59881.54866871386,598.8154866871386,Fundamental/consensus: Nasdaq Strong Buy
PEP,PepsiCo Inc. Common Stock,Stock,Consumer Staples,Beverages (Production/Distribution),141.07000732421875,192.545252087,Buy,124,155,183,9.874524670411478,false,false,false,0.9662225105360188,-1.2529702355349892,-2.553680691414961,-15.26581407898827,0.2144627337261617,-1.8444818702768264,-7.601623362706855,-3.2903523114021227,6.78344562391604,20.55649985725829,11.671681652396227,27.375958509352017,-4.812854961424728,17.818022746814965,7.795983336970891,8.748491831715931,17.26589041400135,24.64803321893632,6.395287477773337,4.761879902133304,10.691781130078626,14.627397710083656,-25.96062756630857,23.88086063516417,7.864002899391598,10Y,10000,19457.944330430222,9457.944330430222,94.57944330430222,
CAT,Caterpillar Inc. Common Stock,Stock,Industrials,Construction/Ag Equipment/Trucks,800.25,367.854829922,Buy,575,979.2196,1225,22.364211184005,false,true,false,-2.050183598531208,-4.828444641108042,-9.681011224693291,8.135229408357514,40.54503572931964,60.304594251083785,24.65866016584297,25.948745495368964,18.598857986121843,15.953636257980053,26.965955505904905,19.51360088367109,-17.55812403204937,75.0336969274028,42.10588900303727,-22.97365838432889,3.4765339650860483,3.4203671099185096,1.5953018029861044,-1.452802598777314,68.53003350302956,33.21743982888439,-36.80340994434452,20.484331447187888,7.858117212217675,10Y,10000,151366.19161602503,141366.19161602503,1413.6619161602503,Long technical: price above 200-day average; 50-day average above 200-day average; 6-month return positive; 1-year annualized return positive; 3-year annualized return positive; 5-year annualized return positive | Consensus confirmation: Nasdaq Buy
CNQ,Canadian Natural Resources Limited Common Stock,Stock,Energy,Oil & Gas Production,48.9900016784668,101.3524716,Buy,44.413754,49.024242,57.46583,0.06989246858559728,true,true,false,-1.5672066950427443,10.86219325849136,8.084891822824215,14.149904448691174,47.60240417575838,12.600511385493627,-1.3097483771671192,23.72422357853592,42.88637631400365,83.554891422376,-19.05728369582793,39.72423274357087,-30.76068962814568,15.06619431338734,51.56924992254344,-27.2434933557829,-6.73716773848626,19.310341509305573,-21.670485448637034,-15.080914385516264,24.461007045828765,81.25100346722638,-44.99920628249857,38.1031905318824,7.847841981105508,10Y,10000,72691.00358313134,62691.00358313134,626.9100358313135,Short technical: price above 20-day average; 20-day average above 50-day average; RSI in bullish 50-70 zone; 1-month momentum positive; 3-month momentum positive | Long technical: price above 200-day average; 50-day average above 200-day average; 6-month return positive; 1-year annualized return positive; 3-year annualized return positive; 5-year annualized return positive | Consensus confirmation: Nasdaq Buy
SNY,Sanofi ADS,Stock,Health Care,Biotechnology: Pharmaceutical Preparations,44.81999969482422,109.309444885,Buy,45,53.72222,63,19.862160566243393,true,false,false,-0.044604053736863,-1.5810303167069883,1.1966556070019507,-2.781622156729413,-2.3803915537596865,4.92927613769929,1.0940707282141693,6.54557211298239,0.4691175742194797,7.0019594442487065,0.3841319242753549,20.46746380820308,6.058908355249848,9.817026305467834,-1.193238576978628,-3.372265989171708,-11.857358143474062,17.11034275125718,35.983278268465966,18.856436033744277,-13.4586583619284,28.7163113777108,-26.488024558730597,1.0190479580634015,7.2367282348617,10Y,10000,16506.59435922432,6506.59435922432,65.0659435922432,Short technical: price above 20-day average; 20-day average above 50-day average; MACD above signal line; RSI in bullish 50-70 zone; 3-month momentum positive
QQQ,QQQ,ETF,Invesco QQQ Trust,ETF / Fund,716.4299926757812,,Not Rated,,,,,false,true,false,-0.6489984566639517,6.06078595290529,-2.49900322622445,18.25021155705997,16.898909437120956,20.77254099543715,25.57827227952065,54.85556805609806,-32.57699947091324,27.419758505657164,48.40612068147367,38.96152305310954,-0.1262214739365386,32.66353386206531,7.097916731901566,9.435886446573516,19.181432629990745,36.63421248841389,18.11246815074876,3.475783525955256,20.143787544651115,54.68411323229494,-41.72715657372683,19.028046783401265,7.144115090333192,10Y,10000,69023.23185503343,59023.23185503343,590.2323185503343,Long technical: price above 200-day average; 50-day average above 200-day average; 6-month return positive; 1-year annualized return positive; 3-year annualized return positive; 5-year annualized return positive
PWB,PWB,ETF,Invesco Large Cap Growth ETF,ETF / Fund,155.24000549316406,,Not Rated,,,,,false,true,false,-1.2153919678663416,3.6591955043628,-3.247112218243764,14.54291071452294,22.13044193827316,24.938363445137888,31.04377472973685,30.60904505430937,-25.80758510890849,19.55368898487384,31.888970612469137,24.682923660362174,0.8783237184986303,30.706105872713582,2.895515769044521,7.664899368465261,13.572987016213812,37.36323686085701,18.762969153712604,0.0896911926342225,13.688181141337097,34.66143272199478,-42.22957415066445,12.359161983089994,5.547924525742709,10Y,10000,51681.786311308344,41681.786311308344,416.8178631130834,Long technical: price above 200-day average; 50-day average above 200-day average; 6-month return positive; 1-year annualized return positive; 3-year annualized return positive; 5-year annualized return positive
SONY,Sony Group Corporation American Depositary Shares,Stock,Consumer Staples,Consumer Electronics/Appliances,24.850000381469727,146.805493987,Strong Buy,23,30,34,20.724344223232084,true,true,true,3.24055129428702,9.423167693829804,14.410686772861723,7.762363213282031,-2.9296874563442543,21.321475529834544,12.492424569044402,24.951833233975872,-39.26419013757629,25.63677617455258,49.70197970469235,41.88945975586864,7.95848377839059,61.30500239021936,14.602052375386895,20.61521458512616,19.188878021587573,56.68225337815906,-36.5358212678687,-48.77885590152064,24.330206774192757,34.03005820116534,-59.20150152103911,27.340924376283017,5.502305150657327,10Y,10000,53545.91181721272,43545.91181721272,435.4591181721272,Short technical: price above 20-day average; 20-day average above 50-day average; MACD above signal line; RSI in bullish 50-70 zone; 1-month momentum positive; 3-month momentum positive | Fundamental/consensus: Nasdaq Strong Buy
ILCG,ILCG,ETF,iShares Morningstar Growth ETF,ETF / Fund,115.16999816894533,,Not Rated,,,,,false,true,false,-1.1161698618809113,4.519462398766327,-2.516240176834572,14.211082367524618,10.895839735288003,16.704799861384757,32.81897981890569,40.410276974211314,-31.751949508911338,24.336617302990483,38.55582189134841,33.2194854443558,2.065465671371869,30.569283851449548,1.582398481431757,7.357334909808699,14.543687438245987,31.743082507083,17.458062704561716,1.5843445745471474,12.560271859141348,43.9462909835236,-41.95081049574363,12.043363286876165,5.300305945613393,10Y,10000,51177.9803537438,41177.9803537438,411.77980353743794,Long technical: price above 200-day average; 50-day average above 200-day average; 6-month return positive; 1-year annualized return positive; 3-year annualized return positive; 5-year annualized return positive
XSMO,XSMO,ETF,Invesco S&P SmallCap Momentum ETF,ETF / Fund,84.1500015258789,,Not Rated,,,,,false,true,false,-1.797176883709828,-3.2647389442843733,-5.3912620563918985,5.756467782690522,17.21180093616761,9.806643663058212,17.439079899952304,21.55220979198038,-15.44760608731941,19.19149357283085,21.65067100891653,28.64923509735078,-3.439127231103456,23.95734292002316,6.434239138984244,-0.4451720326668296,5.785181938364725,33.30101396060638,13.572159901873547,-1.3638922790124686,27.308584937482628,17.538903918559768,-37.836289894356014,-0.9636975202901632,5.1878635354494,10Y,10000,36916.7229803794,26916.722980379403,269.16722980379404,Long technical: price above 200-day average; 50-day average above 200-day average; 6-month return positive; 1-year annualized return positive; 3-year annualized return positive; 5-year annualized return positive
MU,Micron Technology Inc. Common Stock,Stock,Technology,Semiconductors,932.8599853515624,1053.565694842,Strong Buy,361,1513.409,2200,62.233242261929476,true,true,true,-0.2704785444845647,13.689926272527142,1.0268811607135442,126.34900848876644,227.03669111314383,240.2392899309635,-0.961429614851339,71.93118384074796,-45.92973310517814,24.208083320246644,39.79177144263728,69.4926170538157,-22.835604924388907,87.59125155777932,54.80224849288706,-59.55441651966555,60.96551477295302,243.05997330735232,0.7949005214054283,-21.571067643672905,-24.05302835605909,300,-63.58621115272627,-48.06589886519544,4.883565174294957,10Y,10000,675596.7134011426,665596.7134011426,6655.967134011426,Short technical: price above 20-day average; MACD above signal line; RSI in bullish 50-70 zone; 1-month momentum positive; 3-month momentum positive | Fundamental/consensus: Nasdaq Strong Buy | Long technical: price above 200-day average; 50-day average above 200-day average; 6-month return positive; 1-year annualized return positive; 3-year annualized return positive; 5-year annualized return positive
PSI,PSI,ETF,Invesco Semiconductors ETF,ETF / Fund,131.80999755859375,,Not Rated,,,,,false,true,false,-4.8715358826024735,1.878182550682572,-16.815910701254687,33.15758416938019,67.16461465908058,36.3234831000123,17.17396300561489,49.06161420672031,-34.42901419086994,46.48012752866087,56.75272188498373,52.49345265447669,-11.554217043610471,40.16417985440679,44.11300062085917,-0.7411739518170091,37.32539577306964,31.992588875002824,4.539745237944204,-14.46836695292345,20.58043222052548,47.10971971752651,-46.18384964021737,0.4072433711959089,4.625662378033013,10Y,10000,163262.33615035188,153262.33615035188,1532.623361503519,Long technical: price above 200-day average; 50-day average above 200-day average; 6-month return positive; 1-year annualized return positive; 3-year annualized return positive; 5-year annualized return positive
SPHQ,SPHQ,ETF,Invesco S&P 500® Quality ETF,ETF / Fund,85.70999908447266,,Not Rated,,,,,false,true,false,-0.5107399113325362,1.4079537253553154,0.5455452167529851,6.53910440882135,14.900400631215849,13.254709785212327,25.439020158790917,24.827475380054764,-15.762261544630595,27.586990002018563,16.92511759157145,33.63311491762771,-7.091350014340492,19.103907868966807,14.29726738126904,1.6445915466484884,16.083903527966005,32.73485965264502,14.32060875464165,6.284543721160785,20.500185955049236,12.58656318991649,-46.3492019660352,16.770979087019366,4.581142876692024,10Y,10000,43278.645516563105,33278.645516563105,332.7864551656311,Long technical: price above 200-day average; 50-day average above 200-day average; 6-month return positive; 1-year annualized return positive; 3-year annualized return positive; 5-year annualized return positive
AMAT,Applied Materials Inc. Common Stock,Stock,Technology,Semiconductors,461.6700134277344,366.38013151,Strong Buy,358,640.3143,900,38.695232823526005,false,true,true,-4.289321782931166,-3.000526290006822,2.776130289236489,24.29176384832463,80.28536755958038,59.603078036795765,1.1290954704516354,67.9730645104748,-37.54261497213757,83.63690468028938,43.29000561998482,89.85511866986917,-34.92198676946784,59.86128744174535,75.70249060873459,-23.51646113608481,43.69547376516165,58.55332932943782,10.191280429004587,-21.870388565452224,3.0582070588021537,40.43330765150839,-42.10876384194532,-2.5992827989341216,3.912856377389895,10Y,10000,278775.7493893488,268775.7493893488,2687.7574938934877,Fundamental/consensus: Nasdaq Strong Buy | Long technical: price above 200-day average; 50-day average above 200-day average; 6-month return positive; 1-year annualized return positive; 3-year annualized return positive; 5-year annualized return positive
KLAC,KLA Corporation Common Stock,Stock,Technology,Electronic Components,175.5399932861328,229.351222288,Strong Buy,175,234.34615,325,33.5001475236542,false,true,true,-4.478429991287458,-7.893923148413251,-8.831884922116096,15.419438525360295,45.00389193681822,94.48134750046252,9.362126382560376,56.04944585460338,-11.198542037753556,68.0471977377199,47.94202514395701,103.98776397744444,-12.489480607066994,36.80480744805412,16.946400834306253,2.0300279772434537,39.458547411232,38.95253758506281,2.0634222288017368,28.42779857621216,9.54674359847716,69.91849067077345,-53.816711219549184,-2.200488404742662,1.8782786577790311,10Y,10000,303446.63047954487,293446.63047954487,2934.4663047954487,Fundamental/consensus: Nasdaq Strong Buy | Long technical: price above 200-day average; 50-day average above 200-day average; 6-month return positive; 1-year annualized return positive; 3-year annualized return positive; 5-year annualized return positive
HD,Home Depot Inc. (The) Common Stock,Stock,Consumer Discretionary,RETAIL: Building Materials,330.19000244140625,329.427137609,Strong Buy,310,377.5,425,14.32811327077934,false,true,true,0.4808183440175639,-4.145498513279133,3.5667201331208487,-12.037531378246149,-2.6763393660274137,-9.334726059113962,14.995750660659258,12.769400700042045,-21.97620015627152,59.50603169706064,24.50166073486597,30.559794986843823,-7.295505250381728,44.61285460917897,3.541444580214481,28.523952862907095,30.237328910913707,35.896379919241504,50.341092177979085,23.49619735364945,24.953873924279968,30.561653022607203,-11.387188619520284,-31.14262411287747,1.0064763019934864,10Y,10000,32132.40265281664,22132.40265281664,221.3240265281664,Fundamental/consensus: Nasdaq Strong Buy
SOXX,SOXX,ETF,iShares Semiconductor ETF,ETF / Fund,508.6199951171875,,Not Rated,,,,,false,true,false,-3.19928397558501,3.491637968597061,-10.642962595681126,44.53291124574808,69.07688758594371,40.73725493331513,12.92432598496125,67.11782858137471,-35.08612583796127,44.08978280110565,52.71723730229603,62.41723644746829,-6.488537124285399,39.78621143855416,38.34410273170952,-2.01852718706661,29.85078772521284,41.57922922697439,6.621152138398756,-10.595257909953526,13.645578276310854,74.9431209583802,-51.70986451066463,-2.1486396173550526,0.2272685735173141,10Y,10000,188401.49289310147,178401.49289310147,1784.0149289310148,Long technical: price above 200-day average; 50-day average above 200-day average; 6-month return positive; 1-year annualized return positive; 3-year annualized return positive; 5-year annualized return positive
WMT,Walmart Inc. Common Stock,Stock,Consumer Discretionary,Department/Specialty Retail Stores,103.08999633789062,820.398380089,Strong Buy,81,127.95,155,24.114855509963885,false,true,true,0.448211143703725,-8.63236178528698,-13.089325623755366,-18.916381730308785,-6.878665535426521,24.48970031950488,73.99226354202952,12.881463317436449,-0.4638681559131719,1.970798294482079,23.32244027784252,30.16297801551744,-3.431952772531333,46.56068538495155,16.031245798046314,-26.636602017113688,11.870906785221402,18.1636595860498,16.988956828961975,13.844835793865574,3.219552466481801,-2.583304635885197,20.00474128632732,4.890886758597657,0.1326679241874906,10Y,10000,60918.22458531615,50918.22458531615,509.1822458531615,Fundamental/consensus: Nasdaq Strong Buy
NOW,ServiceNow Inc. Common Stock,Stock,Technology,Computer Software: Prepackaged Software,144.7100067138672,149.63014,Strong Buy,72,142.23174,248,-1.7125745275980986,true,true,true,4.536599270646824,30.81721489863052,33.09114526449537,33.97833890545421,-5.535606496763768,-27.748744980732564,50.054491816832325,81.95843790665698,-40.18425566950693,17.92780912472438,94.96669943092344,58.56220088210453,36.55188978774877,75.3968190843649,-14.117376417318006,27.57553915982205,21.139083212641285,86.51347962108676,,,,,,,,10Y,10000,83589.42029691265,73589.42029691265,735.8942029691266,Short technical: price above 20-day average; 20-day average above 50-day average; MACD above signal line; 1-month momentum positive; 3-month momentum positive | Fundamental/consensus: Nasdaq Strong Buy
SPOT,Spotify Technology S.A. Ordinary Shares,Stock,Consumer Discretionary,Broadcasting,547.510009765625,112.695366858,Strong Buy,422.5794,610.29456,724.4219,11.467288106979368,true,true,true,3.842581273707912,7.027526072914547,5.960787769391995,6.325010131238495,-5.717141249646717,29.8024086089338,138.08205851949714,138.01141345869698,-66.26500988760148,-25.62448482311569,110.40454512943649,31.762117226218333,,,,,,,,,,,,,,10Y,10000,,,,Short technical: price above 20-day average; 20-day average above 50-day average; MACD above signal line; RSI in bullish 50-70 zone; 1-month momentum positive; 3-month momentum positive | Fundamental/consensus: Nasdaq Strong Buy
ABNB,Airbnb Inc. Class A Common Stock,Stock,Consumer Discretionary,Diversified Commercial Services,189.42999267578125,113.427971741,Buy,125,176.75641,217,-6.690378063558667,true,true,false,2.7277651549818094,23.72150213614077,40.84014325336896,40.20427194141239,39.57411654287919,3.2798093284251983,-3.4743615019427687,59.22806946157713,-48.64556599254208,13.412807923760116,,,,,,,,,,,,,,,,10Y,10000,,,,Short technical: price above 20-day average; 20-day average above 50-day average; RSI in bullish 50-70 zone; 1-month momentum positive; 3-month momentum positive | Long technical: price above 200-day average; 50-day average above 200-day average; 6-month return positive; 1-year annualized return positive; 3-year annualized return positive; 5-year annualized return positive | Consensus confirmation: Nasdaq Buy
UBER,Uber Technologies Inc. Common Stock,Stock,Consumer Discretionary,Business Services,78.81999969482422,160.994588737,Strong Buy,70,101.78391,150,29.134623692067496,true,true,true,2.430153113378064,11.42211206539061,11.139314339884155,4.508090172930923,-3.536898081054596,35.460874499115455,-2.0302095276850896,148.96886710276283,-41.02075038815659,-17.78431312710631,71.48621517317014,,,,,,,,,,,,,,,10Y,10000,,,,Short technical: price above 20-day average; 20-day average above 50-day average; MACD above signal line; RSI in bullish 50-70 zone; 1-month momentum positive; 3-month momentum positive | Fundamental/consensus: Nasdaq Strong Buy
BABA,Alibaba Group Holding Limited American Depositary Shares each representing eight Ordinary share,Stock,Consumer Discretionary,Business Services,118.9000015258789,288.03358754,Strong Buy,92.67846,186.55026,237.64284,56.896768381787474,false,true,true,2.226811126859829,3.220764828405853,-4.889054753087474,-16.735841264227126,-18.13891620896062,75.79604447883635,11.769816570024805,-10.827631195794108,-25.84392802541211,-48.9580205382609,9.726542802720694,54.73844953796024,-20.506866356166583,96.3671612695399,8.047245996952013,-21.810664055233214,,,,,,,,,,10Y,10000,15546.684112275581,5546.684112275581,55.46684112275582,Fundamental/consensus: Nasdaq Strong Buy
DASH,DoorDash Inc. Class A Common Stock,Stock,Consumer Discretionary,Business Services,236.7400054931641,102.578953605,Strong Buy,172,252.29762,350,6.571603508425672,true,true,true,2.0915115426629827,21.08224238951133,51.07850038526741,34.15311602853335,4.530205739657478,35.01042964383849,69.63292651972617,102.56042607090086,-67.21289342109444,4.308226897712353,,,,,,,,,,,,,,,,10Y,10000,,,,Short technical: price above 20-day average; 20-day average above 50-day average; MACD above signal line; 1-month momentum positive; 3-month momentum positive | Fundamental/consensus: Nasdaq Strong Buy | Long technical: price above 200-day average; 50-day average above 200-day average; 6-month return positive; 3-year annualized return positive; 5-year annualized return positive
TMUS,T-Mobile US Inc. Common Stock,Stock,Telecommunications,Telecommunications Equipment,181.3699951171875,194.55045045,Strong Buy,169,243.375,300,34.18702461934213,false,true,true,2.036565466772156,-0.5592435308264143,-3.521461493207201,-16.000698777252875,-9.756251628542325,-6.579176016701471,39.70328624132185,15.021378419393129,20.71045537679424,-13.993329055478831,71.95867348537473,23.28251072482295,0.1574638558583307,10.432965429547924,47.00923220809754,45.21154287235613,-19.916754228367477,104.23128837691353,14.516108679593987,-31.27473364427465,65.53080235989457,-48.61951836655759,-23.650408050638163,,,10Y,10000,48481.41143605248,38481.41143605248,384.81411436052485,Fundamental/consensus: Nasdaq Strong Buy
SMFG,Sumitomo Mitsui Financial Group Inc Unsponsored American Depositary Shares (Japan),Stock,Finance,Commercial Banks,25.920000076293945,118.230188682,Buy,28.86099,28.86099,28.86099,11.346411709295644,true,true,false,1.9268571185130368,1.2895659309821506,16.2853253103185,15.508018981348348,34.0920857661567,35.553994484204644,54.90857223546046,20.698253771619974,18.11487472889923,10.048629584201162,-16.734141789719192,13.824880213840473,-25.086300162889287,13.743447826132329,0.6587624248366009,4.258244927688448,-30.60057365473013,42.91552731453005,33.21233739920078,-22.50351170099194,24.73684701297234,-29.28040240982549,-44.64285382203388,-29.661841604480944,,10Y,10000,35910.75390004108,25910.753900041083,259.10753900041084,Short technical: price above 20-day average; 20-day average above 50-day average; RSI in bullish 50-70 zone; 1-month momentum positive; 3-month momentum positive | Long technical: price above 200-day average; 50-day average above 200-day average; 6-month return positive; 1-year annualized return positive; 3-year annualized return positive; 5-year annualized return positive | Consensus confirmation: Nasdaq Buy
MFG,Mizuho Financial Group Inc. Sponosred ADR (Japan),Stock,Finance,Major Banks,10.640000343322754,132.459945201,Buy,8.9,10.47946,12.05893,-1.5088377644978501,true,true,false,1.9157161971084191,5.450943334166336,18.88268793378196,19.95490958963082,45.3551925383064,52.45790863918545,47.86565238790017,21.12676544869609,11.372539813571713,0,-15.06395813906062,2.9999879549529096,-17.58241499249886,1.3927683507648725,-11.138621219969693,18.823526623212228,-22.01833910573085,19.12566369217412,36.567169246367136,-28.533329081460224,5.337067677589902,-38.30155406845326,-39.58115629621185,-33.77253844652245,,10Y,10000,28716.741685461584,18716.741685461584,187.16741685461585,Short technical: price above 20-day average; 20-day average above 50-day average; RSI in bullish 50-70 zone; 1-month momentum positive; 3-month momentum positive | Long technical: price above 200-day average; 50-day average above 200-day average; 6-month return positive; 1-year annualized return positive; 3-year annualized return positive; 5-year annualized return positive | Consensus confirmation: Nasdaq Buy
CRAK,CRAK,ETF,VanEck Oil Refiners ETF,ETF / Fund,60.18999862670898,,Not Rated,,,,,true,true,false,1.741039185181692,12.820994092260053,25.395830472310376,34.17297772577379,60.480983826949085,39.11233578346409,-15.054233730932376,13.730643765595318,19.099496785516013,10.89763113657385,-11.222052137580874,9.086953610182436,-10.463112788226349,49.55749259814635,9.188379202391218,,,,,,,,,,,10Y,10000,40337.14486141626,30337.14486141626,303.37144861416255,Short technical: price above 20-day average; 20-day average above 50-day average; RSI in bullish 50-70 zone; 1-month momentum positive; 3-month momentum positive | Long technical: price above 200-day average; 50-day average above 200-day average; 6-month return positive; 1-year annualized return positive; 3-year annualized return positive; 5-year annualized return positive
APP,Applovin Corporation Class A Common Stock,Stock,Technology,Computer Software: Programming Data Processing,317.760009765625,106.33870176,Strong Buy,325,525.5806,790,65.40174466499428,false,true,true,1.640918914592171,-24.020848156916188,-47.030288551836186,-26.91307638632052,-52.84200434661032,108.07832358472756,712.6223311716396,278.4425402153058,-88.82877201959684,,,,,,,,,,,,,,,,,10Y,10000,,,,Fundamental/consensus: Nasdaq Strong Buy
MPC,Marathon Petroleum Corporation Common Stock,Stock,Energy,Integrated oil Companies,368.8299865722656,103.576597337,Strong Buy,186,324.55557,413,-12.004017618993368,true,true,true,1.4551295326522773,20.842971701268475,47.15310054324235,87.30204731174732,129.4238009742778,19.169310209954983,-4.056240750626195,30.46011803517836,86.62278951915685,61.00115843702778,-27.38493989124715,6.049987138246293,-8.233384079219197,34.78065552442744,0.7244947712333527,17.36845707096848,0.4558701689650002,48.5691366584335,94.2419619115064,,,,,,,10Y,10000,98645.15774246077,88645.15774246077,886.4515774246076,Short technical: price above 20-day average; 20-day average above 50-day average; MACD above signal line; 1-month momentum positive; 3-month momentum positive | Fundamental/consensus: Nasdaq Strong Buy | Long technical: price above 200-day average; 50-day average above 200-day average; 6-month return positive; 1-year annualized return positive; 3-year annualized return positive; 5-year annualized return positive
BUD,Anheuser-Busch Inbev SA Sponsored ADR (Belgium),Stock,Consumer Staples,Beverages (Production/Distribution),80.12999725341797,158.027021617,Strong Buy,85,97.033,111,21.094475634542764,false,true,true,1.3021476601341009,-3.689903614700896,-2.256655315639433,0.4566402650889367,26.98257961046082,30.119764134128022,-21.37141542409409,9.03940898991491,0.1211403274401279,-12.661947336855528,-13.967031166207422,27.687178711118182,-38.78683741235656,9.546434892730016,-12.718432628210564,14.955210505394255,8.67757790266288,25.565136376213403,46.52443663573686,8.872004183191695,10.900331954285502,,,,,10Y,10000,7964.498873058339,-2035.501126941661,-20.35501126941661,Fundamental/consensus: Nasdaq Strong Buy | Long technical: price above 200-day average; 50-day average above 200-day average; 6-month return positive; 1-year annualized return positive; 3-year annualized return positive; 5-year annualized return positive
META,Meta Platforms Inc. Class A Common Stock,Stock,Technology,Computer Software: Programming Data Processing,578.02001953125,1472.509548175,Strong Buy,580,754.7214,1000,30.57011426906069,false,true,true,1.211704472270836,-2.593477411868994,-8.930447132514207,-10.66508490999608,-12.276954308852684,13.093122607786256,66.04887944382102,194.1332943120113,-64.2217974085389,23.132960043115112,33.0864838231401,56.57182297346933,-25.711209699599948,53.37679972160534,9.927382853752588,34.14510453363133,42.76302174304767,105.2967480071456,,,,,,,,10Y,10000,55713.35063759235,45713.35063759235,457.13350637592356,Fundamental/consensus: Nasdaq Strong Buy
PDD,PDD Holdings Inc. American Depositary Shares,Stock,Consumer Discretionary,Business Services,85.69000244140625,121.970842829,Buy,84.96841,116.07366,171.34785,35.457645808062274,false,false,false,1.1807769171949811,-0.023330583689185,3.2036657849170425,-17.391304667610907,-24.428959429706964,16.908961632223217,-33.709247842118714,79.411394338924,39.87993845447178,-67.18635682000547,369.777894242712,68.53831904961001,,,,,,,,,,,,,,10Y,10000,,,,
KBWP,KBWP,ETF,Invesco KBW Property & Casualty Insurance ETF,ETF / Fund,134.9846954345703,,Not Rated,,,,,false,true,false,0.9005058052518722,-3.4444259743004024,16.348615890730358,8.090826598141042,7.360597204720065,11.493739394207548,30.45417809657316,7.0845326083402105,10.156383635839106,20.608502072535416,-2.045431762874661,28.67186842834317,-2.758305569421371,8.868581075449011,18.414688682217538,14.610605887136783,11.719487400238314,34.17341903422042,24.268510601122983,-0.7355089815072158,,,,,,10Y,10000,35102.390405680926,25102.390405680926,251.02390405680927,Long technical: price above 200-day average; 50-day average above 200-day average; 6-month return positive; 1-year annualized return positive; 3-year annualized return positive; 5-year annualized return positive
PM,Philip Morris International Inc Common Stock,Stock,Health Care,Medicinal Chemicals and Botanical Products,191.88999938964844,299.08233281,Strong Buy,175,203.8,225,6.2066812487540535,true,true,true,0.7402371344685577,-4.136483416614956,8.350155028988393,4.484324530193695,21.700803083624344,37.98674894980567,34.33542067146418,-1.854228661792623,12.308195910295128,20.77639583198505,3.6903833683360032,35.02131659267192,-33.29608319943692,19.848471970080883,8.561108038931863,13.37922236757314,-2.117438480214151,8.499815124566211,9.65566685631858,39.78174875467187,27.1645481840197,16.50972814514795,,,,10Y,10000,36490.96920762367,26490.969207623668,264.9096920762367,Short technical: price above 20-day average; 20-day average above 50-day average; MACD above signal line; RSI in bullish 50-70 zone; 3-month momentum positive | Fundamental/consensus: Nasdaq Strong Buy | Long technical: price above 200-day average; 50-day average above 200-day average; 6-month return positive; 1-year annualized return positive; 3-year annualized return positive; 5-year annualized return positive
HEDJ,HEDJ,ETF,WisdomTree Europe Hedged Equity Fund,ETF / Fund,57.72999954223633,,Not Rated,,,,,true,true,false,0.680152404273815,1.6015484904956745,3.1061414132385057,4.68645232339715,10.70404610053124,23.54940390745619,5.2788920247866855,26.89432696946261,-10.090029875710917,23.54599607802665,-3.345723967369929,27.49563929994774,-9.27295213772512,13.507683452022734,9.679183731452824,5.776607728708338,4.651943711892304,20.414674216980487,18.650593047406083,-9.262784497881729,,,,,,10Y,10000,28250.54576669943,18250.54576669943,182.50545766699432,Short technical: price above 20-day average; 20-day average above 50-day average; RSI in bullish 50-70 zone; 1-month momentum positive; 3-month momentum positive | Long technical: price above 200-day average; 50-day average above 200-day average; 6-month return positive; 1-year annualized return positive; 3-year annualized return positive; 5-year annualized return positive
IWX,IWX,ETF,iShares Russell Top 200 Value ETF,ETF / Fund,113.2300033569336,,Not Rated,,,,,true,true,false,0.622060415205028,3.142653139004548,9.542892816083649,16.897470640910583,24.189235313988775,18.23032325581533,14.885699035800148,10.45452231477566,-5.327977233346193,23.327651671030942,1.4565762720736952,25.816873219727054,-6.526900069416031,14.04413349371094,15.362142664681366,-3.6953913890649615,13.17076100598924,31.786980181441727,16.36281738998342,1.1715952710143809,10.62501109682945,,,,,10Y,10000,34149.66291628097,24149.66291628097,241.49662916280968,Short technical: price above 20-day average; 20-day average above 50-day average; RSI in bullish 50-70 zone; 1-month momentum positive; 3-month momentum positive | Long technical: price above 200-day average; 50-day average above 200-day average; 6-month return positive; 1-year annualized return positive; 3-year annualized return positive; 5-year annualized return positive
MA,Mastercard Incorporated Common Stock,Stock,Consumer Discretionary,Business Services,595.2999877929688,521.488717282,Strong Buy,550,669.4595,740,12.457502725973878,true,true,true,0.6033169590952125,5.78409378817748,20.76919419390293,15.489371275654127,4.789062669551458,9.03774280945,24.174324731832563,23.40389629168611,-2.6585486531685465,1.1605965999660128,20.186327255313884,59.15803970790521,25.31289866766413,47.685542729335474,6.907125213267018,13.811068327581722,3.725465167327169,70.67565948666518,32.09295627847266,66.71970101134464,-12.223152934026215,79.72459422319591,-33.387592714230486,119.3993033339682,,10Y,10000,65250.935481426946,55250.935481426946,552.5093548142695,Short technical: price above 20-day average; 20-day average above 50-day average; MACD above signal line; RSI in bullish 50-70 zone; 1-month momentum positive; 3-month momentum positive | Fundamental/consensus: Nasdaq Strong Buy | Long technical: price above 200-day average; 50-day average above 200-day average; 6-month return positive; 1-year annualized return positive; 3-year annualized return positive; 5-year annualized return positive
DXJ,DXJ,ETF,WisdomTree Japan Hedged Equity Fund,ETF / Fund,180.10000610351562,,Not Rated,,,,,true,true,false,0.5246720373923708,3.132337552400477,5.897133563148804,6.915016529975926,25.767533507899262,32.777847575455056,29.830564732486664,42.038397200171,5.961669261587588,17.99098291833381,3.939150544696069,18.94471675830165,-19.782832120698647,22.80608777853768,1.111379351622066,7.7433875835647425,8.076685962969066,41.39446351820983,19.62499172980938,-16.057444385327855,-1.7940661030678815,1.880995797656948,-20.8041987712011,-7.3394459065189155,,10Y,10000,47411.75846785305,37411.75846785305,374.11758467853053,Short technical: price above 20-day average; 20-day average above 50-day average; RSI in bullish 50-70 zone; 1-month momentum positive; 3-month momentum positive | Long technical: price above 200-day average; 50-day average above 200-day average; 6-month return positive; 1-year annualized return positive; 3-year annualized return positive; 5-year annualized return positive
V,Visa Inc.,Stock,Consumer Discretionary,Business Services,381.6000061035156,681.82579386,Strong Buy,330,417.90216,460,9.513142902475934,true,true,true,0.5109841496848455,4.2878793969648,17.65161550615686,19.666848306775407,9.46123366389262,11.758294996157147,22.318317237365104,26.307977478559,-3.4047457628108457,-0.3149104807613434,17.12419627611128,43.326964032763485,16.487613796228228,47.17654609635496,1.3711841254352874,19.137384937327127,18.635792946353316,48.0564829016412,50.46685332220508,45.40809256238594,-18.99176121520846,67.86055003428419,,,,10Y,10000,53095.26326896564,43095.26326896564,430.9526326896564,Short technical: price above 20-day average; 20-day average above 50-day average; MACD above signal line; RSI in bullish 50-70 zone; 1-month momentum positive; 3-month momentum positive | Fundamental/consensus: Nasdaq Strong Buy | Long technical: price above 200-day average; 50-day average above 200-day average; 6-month return positive; 1-year annualized return positive; 3-year annualized return positive; 5-year annualized return positive
DBJP,DBJP,ETF,Xtrackers MSCI Japan Hedged Equity ETF,ETF / Fund,116.3000030517578,,Not Rated,,,,,true,true,false,0.4838475879768378,4.25818007176213,4.985072503164467,8.848593039010755,24.360604844048677,29.5085419199314,25.534659714251752,36.20151724048228,-4.18590466009614,13.04271347295729,10.535135321016089,20.8704185081406,-14.82059210289728,21.23555959230863,-0.988769916258836,8.613286256708697,5.71260897709398,50.23275800164344,22.61150270778436,,,,,,,10Y,10000,40744.433069876955,30744.433069876955,307.44433069876953,Short technical: price above 20-day average; 20-day average above 50-day average; RSI in bullish 50-70 zone; 1-month momentum positive; 3-month momentum positive | Long technical: price above 200-day average; 50-day average above 200-day average; 6-month return positive; 1-year annualized return positive; 3-year annualized return positive; 5-year annualized return positive
SPCX,Space Exploration Technologies Corp. Class A Common Stock,Stock,Technology,Computer Software: Programming Data Processing,141.5,1920.554259938,Strong Buy,117,219.22221,450,54.92735689045936,false,true,true,0.4472243235959627,21.553127350392167,,,-12.084496624437255,,,,,,,,,,,,,,,,,,,,,10Y,10000,,,,Fundamental/consensus: Nasdaq Strong Buy
SURE,SURE,ETF,AdvisorShares Insider Advantage ETF,ETF / Fund,152.75999450683594,,Not Rated,,,,,true,true,false,0.4141126692980279,1.7111605457442725,8.2559661583828,13.89800184033836,19.88698532571982,10.570403849057964,12.170342374517396,23.31089746554149,-11.248297630405556,23.871819839105825,8.756585431067144,28.891898282526405,-17.024688512972485,13.163384580686778,18.817504256010075,-1.564956492952574,14.877105055248308,43.54147536747972,14.002653015262844,,,,,,,10Y,10000,31525.071392723938,21525.071392723938,215.25071392723936,Short technical: price above 20-day average; 20-day average above 50-day average; RSI in bullish 50-70 zone; 1-month momentum positive; 3-month momentum positive | Long technical: price above 200-day average; 50-day average above 200-day average; 6-month return positive; 1-year annualized return positive; 3-year annualized return positive; 5-year annualized return positive
TOK,TOK,ETF,iShares MSCI Kokusai ETF,ETF / Fund,155.55999755859375,,Not Rated,,,,,true,true,false,0.4066384254796329,3.768923859957485,3.299871356207129,10.970681881933576,13.35620668923907,20.830726620447276,19.52196017284875,24.767091385126072,-17.930489263871262,23.839771091086455,15.059691788645036,30.052912575986458,-7.826576805878993,22.08505849971665,7.813281224151725,-1.601442646087925,5.521409989569204,26.70748774091101,15.947698762760831,-3.725145490432802,11.379806788546087,31.5470948439452,-40.28434096975968,,,10Y,10000,37687.40368849164,27687.403688491642,276.87403688491645,Short technical: price above 20-day average; 20-day average above 50-day average; RSI in bullish 50-70 zone; 1-month momentum positive; 3-month momentum positive | Long technical: price above 200-day average; 50-day average above 200-day average; 6-month return positive; 1-year annualized return positive; 3-year annualized return positive; 5-year annualized return positive
FELV,FELV,ETF,Fidelity Enhanced Large Cap Value ETF,ETF / Fund,42.9900016784668,,Not Rated,,,,,true,true,false,0.3970153779873309,2.6749528902641817,10.003935694346476,17.713999035690332,25.04990258053126,15.802788063653072,15.894728573018837,,,,,,,,,,,,,,,,,,,10Y,10000,,,,Short technical: price above 20-day average; 20-day average above 50-day average; RSI in bullish 50-70 zone; 1-month momentum positive; 3-month momentum positive | Long technical: price above 200-day average; 50-day average above 200-day average; 6-month return positive; 1-year annualized return positive
DBEZ,DBEZ,ETF,Xtrackers MSCI Eurozone Hedged Equity ETF,ETF / Fund,63.5703010559082,,Not Rated,,,,,false,true,false,0.393711270770547,2.531090819709858,5.2521173333804905,7.936380349958605,15.398693485737835,26.140650425607383,9.509257500250134,21.782855720980372,-10.132322034741147,23.52533254880536,0.3595697025716049,29.94158669179992,-10.807767541424962,15.620618252625352,6.356628334291448,9.69481165922148,,,,,,,,,,10Y,10000,30823.81127834514,20823.81127834514,208.23811278345138,Long technical: price above 200-day average; 50-day average above 200-day average; 6-month return positive; 1-year annualized return positive; 3-year annualized return positive; 5-year annualized return positive
LVHI,LVHI,ETF,Franklin International Low Volatility High Dividend Index ETF,ETF / Fund,42.86000061035156,,Not Rated,,,,,true,true,false,0.3747068959094157,0.1401901270106975,5.874580442640975,5.090399039814186,18.676245837403016,27.12077434083271,15.916914544227213,17.45722351305723,3.8402079396000266,18.195717436475235,-8.756048173077325,18.34912879052204,-5.219147948907299,10.024718553330093,,,,,,,,,,,,10Y,10000,,,,Short technical: price above 20-day average; 20-day average above 50-day average; RSI in bullish 50-70 zone; 1-month momentum positive; 3-month momentum positive | Long technical: price above 200-day average; 50-day average above 200-day average; 6-month return positive; 1-year annualized return positive; 3-year annualized return positive; 5-year annualized return positive
PKW,PKW,ETF,Invesco BuyBack Achievers ETF,ETF / Fund,152.85000610351562,,Not Rated,,,,,true,true,false,0.374315293399019,3.1654983298341266,11.9579768836648,11.32383435725659,14.19974556607444,17.92258455509095,17.32744808371338,17.239766652862155,-10.20611913001922,32.62103473490687,8.41292643167304,34.0884821241997,-10.533225376701385,17.75226843881159,12.88082328543272,-4.348656478587265,12.742306589384466,45.5735369250237,13.74805026003898,10.051313856162604,17.863386854253307,31.253664635953825,-33.36858488307127,-2.224636705190841,,10Y,10000,38134.63758557252,28134.63758557252,281.3463758557252,Short technical: price above 20-day average; 20-day average above 50-day average; RSI in bullish 50-70 zone; 1-month momentum positive; 3-month momentum positive | Long technical: price above 200-day average; 50-day average above 200-day average; 6-month return positive; 1-year annualized return positive; 3-year annualized return positive; 5-year annualized return positive
LVDS,LVDS,ETF,JPMorgan Fundamental Data Science Large Value ETF,ETF / Fund,60.61989974975586,,Not Rated,,,,,false,true,false,0.3673978348854634,1.6856463020985537,8.955609781850772,15.043960065459585,22.8435834382273,,,,,,,,,,,,,,,,,,,,,10Y,10000,,,,Long technical: price above 200-day average; 50-day average above 200-day average; 6-month return positive; 1-year annualized return positive
EUFN,EUFN,ETF,iShares MSCI Europe Financials ETF,ETF / Fund,42.33000183105469,,Not Rated,,,,,true,true,false,0.331839793559685,3.7245783058426296,13.73552035698209,15.635644256053835,17.568613041706584,65.72700686209276,17.19595204643283,26.14753352571544,-8.78199247851461,19.128397804767427,-8.54770017475256,20.73067144273264,-23.144310228980142,26.938044030150746,-2.674701444244587,-4.703933683230477,-9.64356951601104,29.320360486977325,35.36811741564074,-26.606968483177084,,,,,,10Y,10000,32815.40419131021,22815.404191310212,228.1540419131021,Short technical: price above 20-day average; 20-day average above 50-day average; RSI in bullish 50-70 zone; 1-month momentum positive; 3-month momentum positive | Long technical: price above 200-day average; 50-day average above 200-day average; 6-month return positive; 1-year annualized return positive; 3-year annualized return positive; 5-year annualized return positive
IAK,IAK,ETF,iShares U.S. Insurance ETF,ETF / Fund,145.0800018310547,,Not Rated,,,,,false,true,false,0.3180796082135284,-4.596570761163388,12.314066222086462,8.18041942717631,8.514148152062372,9.499763459604637,28.25370587654983,11.273720296486475,11.3344566855774,26.842287268941977,-2.8645984009899483,25.94008884587633,-11.478378636750374,14.1785575788123,18.174655230043378,3.9793481241056528,7.309989727981425,45.44339063010221,17.525909779341564,-7.411426198863458,20.02586797387851,14.020562762741996,-51.08224008764167,-7.426146487146967,,10Y,10000,34990.93343775207,24990.93343775207,249.9093343775207,Long technical: price above 200-day average; 50-day average above 200-day average; 6-month return positive; 1-year annualized return positive; 3-year annualized return positive; 5-year annualized return positive
BBLU,BBLU,ETF,Ea Bridgeway Blue Chip ETF,ETF / Fund,17.4242000579834,,Not Rated,,,,,true,true,false,0.2831658013433102,3.839090256120081,3.839090256120081,14.107397089988138,14.182174289915729,18.403374346733493,27.47447152741462,31.11059677388537,,,,,,,,,,,,,,,,,,10Y,10000,,,,Short technical: price above 20-day average; 20-day average above 50-day average; RSI in bullish 50-70 zone; 1-month momentum positive; 3-month momentum positive | Long technical: price above 200-day average; 50-day average above 200-day average; 6-month return positive; 1-year annualized return positive; 3-year annualized return positive
OPPE,OPPE,ETF,WisdomTree European Opportunities Fund,ETF / Fund,60.20029830932617,,Not Rated,,,,,true,true,false,0.258639595497856,3.0244890604823382,6.407999843568679,9.829667124071428,19.9016680240099,38.79633098883628,10.420418077569792,19.799677298013595,-11.136948373888757,23.513771029599265,-2.9190312759031167,28.60485841614877,-13.33937498027602,22.24873522351625,8.073983997142431,,,,,,,,,,,10Y,10000,34540.10716722981,24540.107167229813,245.40107167229812,Short technical: price above 20-day average; 20-day average above 50-day average; RSI in bullish 50-70 zone; 1-month momentum positive; 3-month momentum positive | Long technical: price above 200-day average; 50-day average above 200-day average; 6-month return positive; 1-year annualized return positive; 3-year annualized return positive; 5-year annualized return positive
HEWJ,HEWJ,ETF,iShares Currency Hedged MSCI Japan ETF,ETF / Fund,65.11000061035156,,Not Rated,,,,,true,true,false,0.2463489909581895,4.309520218384999,5.012020748187895,8.366980170492555,24.221041920772368,30.24942341216763,24.79637585096261,36.21207258961891,-4.3961716063422696,12.794246629495357,10.28958721374693,20.78899746233287,-14.67772363061145,21.471534233683887,-1.0180731539375931,8.8732538478707,,,,,,,,,,10Y,10000,40532.69918008193,30532.69918008193,305.3269918008193,Short technical: price above 20-day average; 20-day average above 50-day average; RSI in bullish 50-70 zone; 1-month momentum positive; 3-month momentum positive | Long technical: price above 200-day average; 50-day average above 200-day average; 6-month return positive; 1-year annualized return positive; 3-year annualized return positive; 5-year annualized return positive
FNCL,FNCL,ETF,Fidelity MSCI Financials Index ETF,ETF / Fund,82.62999725341797,,Not Rated,,,,,true,true,false,0.242626407256763,0.7437218182367866,13.443520561331002,14.135889892296529,7.338241338221718,14.940903677351349,30.442700083272054,14.09664245766249,-12.28302707255824,34.92253250953896,-2.186318027612255,31.59100331413962,-13.439363103759217,19.986931382178685,23.99738136394585,-0.7453850649969063,14.010087038343922,,,,,,,,,10Y,10000,36023.22214302417,26023.22214302417,260.23222143024174,Short technical: price above 20-day average; 20-day average above 50-day average; RSI in bullish 50-70 zone; 1-month momentum positive; 3-month momentum positive | Long technical: price above 200-day average; 50-day average above 200-day average; 6-month return positive; 1-year annualized return positive; 3-year annualized return positive; 5-year annualized return positive
PLTR,Palantir Technologies Inc. Class A Common Stock,Stock,Technology,Computer Software: Prepackaged Software,186.2899932861328,447.478542789,Strong Buy,80,191.68,255,2.893342051705594,true,true,true,0.193621591207882,50.805468410118905,29.96372125404383,35.78977328591939,4.804496926094415,135.0257919544839,340.4775592158431,167.44548087615635,-64.74464360754327,-22.67516061819803,,,,,,,,,,,,,,,,10Y,10000,,,,Short technical: price above 20-day average; 20-day average above 50-day average; MACD above signal line; RSI in bullish 50-70 zone; 1-month momentum positive; 3-month momentum positive | Fundamental/consensus: Nasdaq Strong Buy
RWL,RWL,ETF,Invesco S&P 500 Revenue ETF,ETF / Fund,134.16000366210938,,Not Rated,,,,,false,true,false,0.1866925495953353,1.298702196463708,5.9140401505102025,11.571626757084896,17.97360111716739,18.64479969077884,16.447402020982494,17.43292354259134,-6.0052469356214,29.819213658975595,8.613802453527164,27.82995047069756,-7.743365334860863,20.329183288647524,11.632161307469511,-1.3628134523348878,13.43484800318906,37.93451612320142,17.935733026609846,0.2617769659832847,16.85190650625279,29.878744758281872,,,,10Y,10000,40185.683121099886,30185.683121099886,301.85683121099885,Long technical: price above 200-day average; 50-day average above 200-day average; 6-month return positive; 1-year annualized return positive; 3-year annualized return positive; 5-year annualized return positive
OPPJ,OPPJ,ETF,WisdomTree Japan Opportunities Fund,ETF / Fund,57.85499954223633,,Not Rated,,,,,true,true,false,0.1818173891538155,3.571426620276608,-1.0252395626753064,1.579388005650162,25.551238339833727,37.084789693960005,20.69880751317177,38.960637645662864,5.029423800483102,11.660711680801604,-3.225416567701833,18.234349958690377,-18.68623493363797,29.54623004514554,8.498636473501865,15.351054268948271,9.090752138353352,,,,,,,,,10Y,10000,44272.54941798349,34272.54941798349,342.7254941798349,Short technical: price above 20-day average; 20-day average above 50-day average; MACD above signal line; RSI in bullish 50-70 zone; 1-month momentum positive | Long technical: price above 200-day average; 50-day average above 200-day average; 6-month return positive; 1-year annualized return positive; 3-year annualized return positive; 5-year annualized return positive
CLSE,CLSE,ETF,Convergence Long/Short Equity ETF,ETF / Fund,33.70000076293945,,Not Rated,,,,,true,true,false,0.1783631818658149,0.3573523684974544,0.3573523684974544,18.536758358051262,23.307723589519867,20.443337807680727,35.541520909705724,17.534430086095632,,,,,,,,,,,,,,,,,,10Y,10000,,,,Short technical: price above 20-day average; MACD above signal line; RSI in bullish 50-70 zone; 1-month momentum positive; 3-month momentum positive | Long technical: price above 200-day average; 50-day average above 200-day average; 6-month return positive; 1-year annualized return positive; 3-year annualized return positive
HWO,HWO,ETF,Hotchkis & Wiley Opportunities Fund ETF Class,ETF / Fund,27.20429992675781,,Not Rated,,,,,false,false,false,0.1631078041037792,6.183836985275515,,,8.470095731714222,,,,,,,,,,,,,,,,,,,,,10Y,10000,,,,
HEZU,HEZU,ETF,iShares Currency Hedged MSCI Eurozone ETF,ETF / Fund,49.73030090332031,,Not Rated,,,,,false,true,false,0.1617308660092353,2.189047503856245,5.565602545850568,8.207555313554149,15.601087970596804,25.925170332374805,10.63195284576006,22.98476545935999,-9.539533971202108,23.50800780525597,0.5216971550958016,29.478241427671303,-10.235278228895572,14.259063358621816,6.684812741237378,7.563877514258177,,,,,,,,,,10Y,10000,31514.89424143965,21514.89424143965,215.14894241439652,Long technical: price above 200-day average; 50-day average above 200-day average; 6-month return positive; 1-year annualized return positive; 3-year annualized return positive; 5-year annualized return positive
INEQ,INEQ,ETF,Columbia International Equity Income ETF,ETF / Fund,41.9119987487793,,Not Rated,,,,,true,true,false,0.1577165710789252,3.956140965061517,5.948968314283798,2.890549138033638,14.43018771398419,39.84661028360559,6.016206670095681,20.87939347694292,-5.9594379284384384,10.178010975453034,-0.5168076232371144,15.834085862291204,-16.266186704660544,24.886358525132323,,,,,,,,,,,,10Y,10000,,,,Short technical: price above 20-day average; 20-day average above 50-day average; RSI in bullish 50-70 zone; 1-month momentum positive; 3-month momentum positive | Long technical: price above 200-day average; 50-day average above 200-day average; 6-month return positive; 1-year annualized return positive; 3-year annualized return positive; 5-year annualized return positive
FNDX,FNDX,ETF,Schwab Fundamental U.S. Large Company ETF,ETF / Fund,32.5099983215332,,Not Rated,,,,,true,true,false,0.1540333902364965,2.00815018966658,5.170154721898501,12.869353635855418,20.41887672316229,16.938676792123687,16.77319134202375,18.229753722540188,-6.921261725924932,31.733464425420863,9.11696883251989,28.65021413641984,-7.30419500274394,17.120216471069693,15.813873117748711,-2.993004648601083,12.448164902926994,,,,,,,,,10Y,10000,42075.04813626266,32075.04813626266,320.7504813626266,Short technical: price above 20-day average; 20-day average above 50-day average; RSI in bullish 50-70 zone; 1-month momentum positive; 3-month momentum positive | Long technical: price above 200-day average; 50-day average above 200-day average; 6-month return positive; 1-year annualized return positive; 3-year annualized return positive; 5-year annualized return positive
EQWL,EQWL,ETF,Invesco S&P 100 Equal Weight ETF,ETF / Fund,134.97000122070312,,Not Rated,,,,,true,true,false,0.1483987103227058,2.755991586581752,5.819021285244874,11.34212962013066,15.214973814672115,17.605062107926408,19.112044791605555,19.483374167029652,-11.45936624189252,27.70175725100989,13.939336319980722,29.54342366126281,-6.3027538065496,24.40478191090467,13.317855639092867,-2.311778920666318,15.11827686181446,37.31865497667351,11.749496615717112,2.976254591583527,13.790487340710778,20.169748220552265,-33.34475643257194,9.234467488639098,,10Y,10000,42509.78459444583,32509.78459444583,325.0978459444583,Short technical: price above 20-day average; 20-day average above 50-day average; RSI in bullish 50-70 zone; 1-month momentum positive; 3-month momentum positive | Long technical: price above 200-day average; 50-day average above 200-day average; 6-month return positive; 1-year annualized return positive; 3-year annualized return positive; 5-year annualized return positive
FDD,FDD,ETF,First Trust STOXX® European Select Dividend Index Fund,ETF / Fund,20.46999931335449,,Not Rated,,,,,true,true,false,0.1467650612185123,4.866797301805281,7.593919578966957,13.04015767222808,21.04987056041161,62.46560215762911,0.3226000371721715,14.16151446014271,-16.147486709926405,16.034017849211835,-3.821398294619915,23.83053631689049,-8.977731974600855,19.06853457211377,1.981702574126776,-2.806845985571993,-1.883231676798991,17.060751164474407,9.381058200241998,-8.900793760250725,1.8399250793086352,31.544006977747905,-60.56107059981589,,,10Y,10000,28848.20539307761,18848.20539307761,188.48205393077612,Short technical: price above 20-day average; 20-day average above 50-day average; RSI in bullish 50-70 zone; 1-month momentum positive; 3-month momentum positive | Long technical: price above 200-day average; 50-day average above 200-day average; 6-month return positive; 1-year annualized return positive; 3-year annualized return positive; 5-year annualized return positive
DBEF,DBEF,ETF,Xtrackers MSCI EAFE Hedged Equity ETF,ETF / Fund,55.91999816894531,,Not Rated,,,,,false,true,false,0.1432629228847126,1.8764780301511848,5.46962973621965,6.860302335705604,16.233625981109046,23.16557076546413,13.4010845435653,20.14503990174021,-5.13098412320926,19.605179425123964,2.028975639722619,24.94140543053969,-9.517284951189342,16.740500339605745,6.293557750433942,4.079089620794529,3.474582789303149,26.43445780879663,20.839402952172527,,,,,,,10Y,10000,31676.89296555465,21676.89296555465,216.7689296555465,Long technical: price above 200-day average; 50-day average above 200-day average; 6-month return positive; 1-year annualized return positive; 3-year annualized return positive; 5-year annualized return positive
GVLE,GVLE,ETF,Goldman Sachs Value Opportunities ETF,ETF / Fund,48.84529876708984,,Not Rated,,,,,false,false,false,0.1338663169886844,3.064370609582845,7.269790119184272,16.450826373750303,19.786394917005047,,,,,,,,,,,,,,,,,,,,,10Y,10000,,,,
DBEU,DBEU,ETF,Xtrackers MSCI Europe Hedged Equity ETF,ETF / Fund,54.869998931884766,,Not Rated,,,,,false,true,false,0.1277366711656347,1.0869568272962482,5.539521370338418,6.52300663917309,14.312497774759937,22.182913071536596,9.183043628808129,17.418223061478223,-6.247056011525265,23.991993484576525,-1.4226471202055446,27.32242705015895,-8.4881907209311,14.599214040415688,8.430912260649803,4.347062422590553,2.3507976684809195,,,,,,,,,10Y,10000,29707.588509827012,19707.588509827012,197.07588509827013,Long technical: price above 200-day average; 50-day average above 200-day average; 6-month return positive; 1-year annualized return positive; 3-year annualized return positive; 5-year annualized return positive
ONEY,ONEY,ETF,State Street® SPDR® Russell 1000 Yield Focus ETF,ETF / Fund,135.2429962158203,,Not Rated,,,,,true,true,false,0.1273382675782253,0.2564868261353048,6.418179862192708,8.811716176165207,20.84931306062554,7.739320984081544,11.629343173480144,11.123831467237345,-3.604927198742369,36.0795906805975,2.172277930292932,27.447868101251814,-8.707076869567787,13.892954340552556,17.591293905379835,,,,,,,,,,,10Y,10000,33730.79821978051,23730.79821978051,237.3079821978051,Short technical: price above 20-day average; 20-day average above 50-day average; RSI in bullish 50-70 zone; 1-month momentum positive; 3-month momentum positive | Long technical: price above 200-day average; 50-day average above 200-day average; 6-month return positive; 1-year annualized return positive; 3-year annualized return positive; 5-year annualized return positive
DGRO,DGRO,ETF,iShares Core Dividend Growth ETF,ETF / Fund,79.36000061035156,,Not Rated,,,,,false,true,false,0.1009104847206066,0.3540702741700263,6.746431565800903,8.392914381273409,15.35680251290572,15.692926667762386,16.619689986077944,10.467683649568183,-7.908044538809722,26.645495809540943,9.50064911077102,29.866792131233375,-2.378760458029061,23.003086958478924,14.51701657434612,-0.6944346308023652,,,,,,,,,,10Y,10000,39211.52663966775,29211.526639667747,292.11526639667744,Long technical: price above 200-day average; 50-day average above 200-day average; 6-month return positive; 1-year annualized return positive; 3-year annualized return positive; 5-year annualized return positive
VLU,VLU,ETF,State Street® SPDR® S&P® 1500 Value Tilt ETF,ETF / Fund,248.3919982910156,,Not Rated,,,,,true,true,false,0.093485906464652,1.7874849541198443,5.0938836622982375,11.60960472584762,18.94286472929214,16.70121096179862,17.24242557539235,17.18581774583594,-8.240317270844654,30.95100825607697,9.907028869933644,26.195672346010035,-7.881517874398137,18.159998928888843,15.284085017159788,-2.4386662835824136,13.57809279828639,34.61295469879981,,,,,,,,10Y,10000,39883.2824939605,29883.282493960498,298.83282493960496,Short technical: price above 20-day average; 20-day average above 50-day average; RSI in bullish 50-70 zone; 1-month momentum positive; 3-month momentum positive | Long technical: price above 200-day average; 50-day average above 200-day average; 6-month return positive; 1-year annualized return positive; 3-year annualized return positive; 5-year annualized return positive
FTA,FTA,ETF,First Trust Large Cap Value AlphaDEX® Fund,ETF / Fund,103.37419891357422,,Not Rated,,,,,true,true,false,0.0912084966989912,0.6956898753048169,9.001990511543688,9.74228574298066,20.88848438464832,14.94120512445809,10.128945827709025,10.07481603053606,-3.7324796270697735,29.321494994136653,-0.3759421392167783,24.7289555764173,-13.624079227104335,18.472508276087307,24.029151273949488,-10.34639110690856,10.724695166348576,34.17329398164837,17.069371952545232,1.4237528446974237,18.636156047594767,40.47906727378834,-35.853758634780995,,,10Y,10000,33072.43638795628,23072.43638795628,230.72436387956282,Short technical: price above 20-day average; 20-day average above 50-day average; RSI in bullish 50-70 zone; 1-month momentum positive; 3-month momentum positive | Long technical: price above 200-day average; 50-day average above 200-day average; 6-month return positive; 1-year annualized return positive; 3-year annualized return positive; 5-year annualized return positive
DDWM,DDWM,ETF,WisdomTree Dynamic International Equity ETF,ETF / Fund,47.53400039672852,,Not Rated,,,,,true,true,false,0.0715797825863395,1.3734293355999627,3.191505483849899,1.5283162147055718,11.042213452655217,30.07037960756696,10.699475742202402,15.247277579496243,-0.7697871881791496,14.838077761095182,-4.555746099270818,21.42562318980965,-11.74729984671009,18.80379577324629,,,,,,,,,,,,10Y,10000,,,,Short technical: price above 20-day average; 20-day average above 50-day average; RSI in bullish 50-70 zone; 1-month momentum positive; 3-month momentum positive | Long technical: price above 200-day average; 50-day average above 200-day average; 6-month return positive; 1-year annualized return positive; 3-year annualized return positive; 5-year annualized return positive
HSCZ,HSCZ,ETF,iShares Currency Hedged MSCI EAFE Small-Cap ETF,ETF / Fund,44.255001068115234,,Not Rated,,,,,true,true,false,0.0542652794234932,2.7250986547394884,3.9321309970339335,5.558940376381161,15.251630246891512,25.739790674769797,12.888559946267383,17.02580178513877,-11.461657035570529,17.75048850155723,6.40547146988546,27.690536168798285,-13.986176454089172,24.515277743527776,6.902873263780274,,,,,,,,,,,10Y,10000,31049.057392545255,21049.057392545255,210.49057392545257,Short technical: price above 20-day average; 20-day average above 50-day average; MACD above signal line; RSI in bullish 50-70 zone; 1-month momentum positive; 3-month momentum positive | Long technical: price above 200-day average; 50-day average above 200-day average; 6-month return positive; 1-year annualized return positive; 3-year annualized return positive; 5-year annualized return positive
RDIV,RDIV,ETF,Invesco S&P Ultra Dividend Revenue ETF,ETF / Fund,63.20000076293945,,Not Rated,,,,,false,true,false,0.0316563115971169,-0.5976738867120135,9.008607649439648,14.388944204780609,23.81876864474752,12.361023976358275,15.16989205590118,4.65615579642924,7.1670211831268205,27.93501176225044,-10.47551771822458,22.61690218362835,-4.783308320210333,11.630081527230152,28.206322615733683,-4.859064400363322,21.4480123042081,,,,,,,,,10Y,10000,34391.60236729627,24391.60236729627,243.91602367296267,Long technical: price above 200-day average; 50-day average above 200-day average; 6-month return positive; 1-year annualized return positive; 3-year annualized return positive; 5-year annualized return positive
FNDB,FNDB,ETF,Schwab Fundamental U.S. Broad Market ETF,ETF / Fund,31.670000076293945,,Not Rated,,,,,true,true,false,0.0315863200569532,1.734664086364357,4.971826304961202,12.393485886712874,20.092252357027828,16.229015345684573,16.25573990175051,18.41988892346682,-7.529904772178375,31.550833306702163,9.409345377508991,28.884203425644483,-8.205427807708322,16.939158671014255,16.54062786371866,-3.040029665873656,12.033312275538744,,,,,,,,,10Y,10000,41235.5643745328,31235.564374532798,312.35564374532794,Short technical: price above 20-day average; 20-day average above 50-day average; RSI in bullish 50-70 zone; 1-month momentum positive; 3-month momentum positive | Long technical: price above 200-day average; 50-day average above 200-day average; 6-month return positive; 1-year annualized return positive; 3-year annualized return positive; 5-year annualized return positive
IDOG,IDOG,ETF,ALPS International Sector Dividend Dogs ETF,ETF / Fund,44.29999923706055,,Not Rated,,,,,true,true,false,0.0225746699628048,3.239336738735199,3.803247752333383,6.288943165836503,17.94874841861247,39.94165416483373,1.3593460225413745,23.55573450629132,-4.50957915557797,11.345132944344872,-1.7838355494189662,21.92939582490734,-13.472559653960015,25.61349123683363,3.891530197852066,-6.235985901432894,-7.655921674776145,,,,,,,,,10Y,10000,29720.750357530032,19720.750357530032,197.20750357530034,Short technical: price above 20-day average; 20-day average above 50-day average; RSI in bullish 50-70 zone; 1-month momentum positive; 3-month momentum positive | Long technical: price above 200-day average; 50-day average above 200-day average; 6-month return positive; 1-year annualized return positive; 3-year annualized return positive; 5-year annualized return positive
SNDK,Sandisk Corporation Common Stock,Stock,Technology,Electronic Components,1484.97998046875,217.429288105,Strong Buy,1000,2125.087,3600,43.105430911546236,false,true,true,0.0020222430292315,35.47851596976184,-9.542898125155451,133.72261626565432,525.5707936318566,,,,,,,,,,,,,,,,,,,,,10Y,10000,,,,Fundamental/consensus: Nasdaq Strong Buy | Long technical: price above 200-day average; 50-day average above 200-day average; 6-month return positive; 1-year annualized return positive
VYMI,VYMI,ETF,Vanguard International High Dividend Yield Index Fund ETF Shares,ETF / Fund,105.08000183105467,,Not Rated,,,,,true,true,false,0,2.5771176559259423,6.357744000166798,6.064810750452421,19.134350367478905,38.05151053859135,7.058202601079078,17.07162352590432,-7.020844202082266,15.390614067153274,-1.104608406676677,18.448665531124565,-12.646578219002858,22.36419769282572,,,,,,,,,,,,10Y,10000,,,,Short technical: price above 20-day average; 20-day average above 50-day average; RSI in bullish 50-70 zone; 1-month momentum positive; 3-month momentum positive | Long technical: price above 200-day average; 50-day average above 200-day average; 6-month return positive; 1-year annualized return positive; 3-year annualized return positive; 5-year annualized return positive
EQL,EQL,ETF,ALPS Equal Sector Weight ETF,ETF / Fund,52.08000183105469,,Not Rated,,,,,false,true,false,0,1.79828378887128,2.6793194934015885,4.725731308387027,12.8770779281983,13.092008893282305,16.441169348797825,16.871514749265536,-10.723831748256496,29.32237345948392,10.870165569253798,27.87299293591756,-6.12116067916022,18.37164107371767,12.26961961694375,-1.494308737587613,13.072292347303804,30.161107095881245,14.436623665073856,2.5825814670177083,14.827294585792083,,,,,10Y,10000,35475.887921331,25475.887921331,254.75887921330997,Long technical: price above 200-day average; 50-day average above 200-day average; 6-month return positive; 1-year annualized return positive; 3-year annualized return positive; 5-year annualized return positive
CCZ,Comcast Holdings ZONES,Stock,Telecommunications,Cable & Other Pay Television Services,66.44999694824219,235.806545412,Not Rated,,,,,true,false,false,0,0.6970739496344303,5.710713252328858,4.681421629140248,12.304442788551606,1.2605229363469972,10.649589852787924,3.802745805169838,-8.93268972731872,7.053071007473899,,,,,,,,,,,,,,,,10Y,10000,,,,Short technical: price above 20-day average; MACD above signal line; RSI in bullish 50-70 zone; 1-month momentum positive; 3-month momentum positive | Long technical: price above 200-day average; 50-day average above 200-day average; 6-month return positive; 1-year annualized return positive; 3-year annualized return positive; 5-year annualized return positive
VLUE,VLUE,ETF,iShares MSCI USA Value Factor ETF,ETF / Fund,201.2899932861328,,Not Rated,,,,,true,true,false,-0.0049725610895445,3.9667334598265658,3.0873759246553334,34.54168594690008,48.376654198223946,32.6676210310433,7.246357677151893,14.26423333438478,-14.170178277176603,28.93338427411212,-0.2321133703317657,27.199192919737648,-11.127045254145395,21.95299234686317,14.530612836907842,-3.492461399454916,12.774855223176228,,,,,,,,,10Y,10000,42051.91355184744,32051.913551847443,320.5191355184744,Short technical: price above 20-day average; 20-day average above 50-day average; RSI in bullish 50-70 zone; 1-month momentum positive; 3-month momentum positive | Long technical: price above 200-day average; 50-day average above 200-day average; 6-month return positive; 1-year annualized return positive; 3-year annualized return positive; 5-year annualized return positive
ESG,ESG,ETF,Northern Trust STOXX US ESG Select ETF,ETF / Fund,182.1479949951172,,Not Rated,,,,,true,true,false,-0.0054951006068337,3.6527783952452486,4.375092955882964,14.366505085978588,15.585713956499948,16.038265730041722,20.22008197355172,27.86338666816812,-19.885492232854418,28.48045817789806,20.74571274417323,31.74176360082948,-5.164685959998694,23.34774806066921,,,,,,,,,,,,10Y,10000,,,,Short technical: price above 20-day average; 20-day average above 50-day average; RSI in bullish 50-70 zone; 1-month momentum positive; 3-month momentum positive | Long technical: price above 200-day average; 50-day average above 200-day average; 6-month return positive; 1-year annualized return positive; 3-year annualized return positive; 5-year annualized return positive
HTUS,HTUS,ETF,Hull Tactical US ETF,ETF / Fund,45.83700180053711,,Not Rated,,,,,true,true,false,-0.0065409075933664,5.070491233322882,3.832826651326649,14.908504642474218,15.45844060367536,16.57129665431707,25.01692122191843,30.11125862106505,-11.047380541783404,24.29545737027827,13.214342242042676,20.273889503748265,-8.450304371953122,14.192690634525997,5.835687104017562,,,,,,,,,,,10Y,10000,36468.26806535757,26468.268065357574,264.68268065357574,Short technical: price above 20-day average; 20-day average above 50-day average; RSI in bullish 50-70 zone; 1-month momentum positive; 3-month momentum positive | Long technical: price above 200-day average; 50-day average above 200-day average; 6-month return positive; 1-year annualized return positive; 3-year annualized return positive; 5-year annualized return positive
DJD,DJD,ETF,Invesco Dow Jones Industrial Average Dividend ETF,ETF / Fund,66.16999816894531,,Not Rated,,,,,true,true,false,-0.0151135330679119,0.9766510019387332,6.483562638989482,6.783429881895375,17.338426411689856,15.8340639432059,13.655356140335885,9.40385455353956,-0.7291009267305859,21.467723166374043,0.8667179546977932,21.996399503983067,0.0256531558840533,21.64500028496825,14.755163594181898,,,,,,,,,,,10Y,10000,35015.04827671269,25015.04827671269,250.1504827671269,Short technical: price above 20-day average; 20-day average above 50-day average; RSI in bullish 50-70 zone; 1-month momentum positive; 3-month momentum positive | Long technical: price above 200-day average; 50-day average above 200-day average; 6-month return positive; 1-year annualized return positive; 3-year annualized return positive; 5-year annualized return positive
MGV,MGV,ETF,Vanguard Morningstar Mega Cap Value ETF,ETF / Fund,167.2899932861328,,Not Rated,,,,,false,true,false,-0.0179381046928717,1.1304528702011265,6.668806493345891,10.353638398155018,19.695701431444167,15.451851791162971,16.93611296765458,9.162503755971851,-1.215506064695704,25.92986603940357,2.5035224650433507,25.54118547339579,-4.129102076684765,16.849916254213525,16.762788492872716,-0.2019982452185265,12.17921233407282,32.17657645530936,15.00718169564561,1.3732523839128596,13.134834079903634,15.74509671099651,-35.65355671158328,,,10Y,10000,36937.184899660206,26937.184899660206,269.37184899660207,Long technical: price above 200-day average; 50-day average above 200-day average; 6-month return positive; 1-year annualized return positive; 3-year annualized return positive; 5-year annualized return positive
LCLG,LCLG,ETF,Logan Capital Broad Innovative Growth ETF,ETF / Fund,70.99800109863281,,Not Rated,,,,,false,true,false,-0.022529135587046,-0.1813626396823808,-3.165617558585432,12.409755019247124,12.962401765524213,18.145418136282583,32.04525441285917,35.449833980271286,,,,,,,,,,,,,,,,,,10Y,10000,,,,Long technical: price above 200-day average; 50-day average above 200-day average; 6-month return positive; 1-year annualized return positive; 3-year annualized return positive
MLPX,MLPX,ETF,Global X MLP & Energy Infrastructure ETF,ETF / Fund,75.2300033569336,,Not Rated,,,,,true,true,false,-0.026573612048375,2.32759534981124,3.681367609655628,7.849793478008826,28.33221623689905,4.957642578685007,42.89484029464845,15.770306154662103,21.543360714310975,39.62786272258243,-20.314978640621227,19.04784512403708,-15.46579080296988,-4.520232629431398,36.162532801558186,-35.26527220607383,16.214724051863485,,,,,,,,,10Y,10000,39424.52975312358,29424.529753123577,294.2452975312358,Short technical: price above 20-day average; 20-day average above 50-day average; MACD above signal line; RSI in bullish 50-70 zone; 1-month momentum positive; 3-month momentum positive | Long technical: price above 200-day average; 50-day average above 200-day average; 6-month return positive; 1-year annualized return positive; 3-year annualized return positive; 5-year annualized return positive
ESN,ESN,ETF,Essential 40 Stock ETF,ETF / Fund,20.643400192260746,,Not Rated,,,,,true,true,false,-0.0319584813144979,2.5809959688257944,4.39668259853534,12.436816481486249,20.292529786138203,16.511525047992848,,,,,,,,,,,,,,,,,,,,10Y,10000,,,,Short technical: price above 20-day average; 20-day average above 50-day average; RSI in bullish 50-70 zone; 1-month momentum positive; 3-month momentum positive | Long technical: price above 200-day average; 50-day average above 200-day average; 6-month return positive; 1-year annualized return positive
HEFA,HEFA,ETF,iShares Currency Hedged MSCI EAFE ETF,ETF / Fund,47.27999877929688,,Not Rated,,,,,false,true,false,-0.0422842665671829,1.721168771384329,5.381428581753034,6.574959901650379,16.031684065566274,24.575891659649702,13.709516945475864,20.327585861616917,-4.863051292753983,19.593854871940497,2.0950124140748594,24.80085509500856,-9.331316560122929,16.670180301466186,6.055201778962038,4.343425282555069,,,,,,,,,,10Y,10000,32166.361731839508,22166.361731839508,221.6636173183951,Long technical: price above 200-day average; 50-day average above 200-day average; 6-month return positive; 1-year annualized return positive; 3-year annualized return positive; 5-year annualized return positive
HAWX,HAWX,ETF,iShares Currency Hedged MSCI ACWI ex U.S. ETF,ETF / Fund,46.15739822387695,,Not Rated,,,,,true,true,false,-0.0489434412071609,2.9265179338827885,2.9262990506957687,7.373754108748987,18.203606572847274,26.24578969067892,14.885157999891051,17.04802160920589,-8.596620939744525,13.405223055514902,6.918104266256497,22.749909811616263,-9.767162913894346,19.20556053509133,7.128958739894964,,,,,,,,,,,10Y,10000,31456.571385712832,21456.571385712832,214.56571385712832,Short technical: price above 20-day average; 20-day average above 50-day average; RSI in bullish 50-70 zone; 1-month momentum positive; 3-month momentum positive | Long technical: price above 200-day average; 50-day average above 200-day average; 6-month return positive; 1-year annualized return positive; 3-year annualized return positive; 5-year annualized return positive
WTV,WTV,ETF,WisdomTree U.S. Value Fund,ETF / Fund,108.77999877929688,,Not Rated,,,,,true,true,false,-0.0551245503605968,1.4644153607231924,7.081958259851295,10.647564754535368,17.905465498374284,13.50557604313396,23.989948951043093,22.35441807599712,-8.066244459637295,30.59109490172922,6.1504928362690725,29.69108324327174,-8.287892180193246,23.759022897508864,7.619192455754375,-0.6727463863412719,14.46399974897854,30.73182164536035,11.23991521610044,5.140711811048804,14.228758694632203,29.49654946621401,-41.40027010225764,,,10Y,10000,40989.37009800945,30989.37009800945,309.89370098009454,Short technical: price above 20-day average; 20-day average above 50-day average; RSI in bullish 50-70 zone; 1-month momentum positive; 3-month momentum positive | Long technical: price above 200-day average; 50-day average above 200-day average; 6-month return positive; 1-year annualized return positive; 3-year annualized return positive; 5-year annualized return positive
IVLU,IVLU,ETF,iShares Edge MSCI Intl Value Factor ETF,ETF / Fund,44.22999954223633,,Not Rated,,,,,true,true,false,-0.0677785369058159,3.5346401647606385,4.736811772667871,5.0303207191459975,18.197069515964717,46.08491073913687,6.763923072520184,20.068965260511096,-5.730480017333983,15.356530516029387,-4.4958490726894285,15.59799169574234,-15.104407652929195,23.09599921296661,3.010007101846046,,,,,,,,,,,10Y,10000,28606.312365514277,18606.312365514277,186.0631236551428,Short technical: price above 20-day average; 20-day average above 50-day average; RSI in bullish 50-70 zone; 1-month momentum positive; 3-month momentum positive | Long technical: price above 200-day average; 50-day average above 200-day average; 6-month return positive; 1-year annualized return positive; 3-year annualized return positive; 5-year annualized return positive
EPS,EPS,ETF,WisdomTree U.S. LargeCap Fund,ETF / Fund,80.98999786376953,,Not Rated,,,,,true,true,false,-0.0740347757296921,4.220819480040694,3.264475894059649,14.127642089197746,14.96516287917553,17.401695135387495,23.953490149682025,22.82052929843752,-15.823468372640148,27.46811057527501,12.015774983950145,32.53518619857238,-7.520772955400679,22.726764891025383,13.759850517176409,-1.5631441662734669,13.592315557852563,32.97714457085053,14.585961025760684,3.652526610376428,13.268654997410344,27.258615173635505,-36.66662762119787,,,10Y,10000,42261.586580942676,32261.586580942676,322.6158658094268,Short technical: price above 20-day average; 20-day average above 50-day average; RSI in bullish 50-70 zone; 1-month momentum positive; 3-month momentum positive | Long technical: price above 200-day average; 50-day average above 200-day average; 6-month return positive; 1-year annualized return positive; 3-year annualized return positive; 5-year annualized return positive
PXF,PXF,ETF,Invesco RAFI Developed Markets ex-U.S. ETF,ETF / Fund,79.37999725341797,,Not Rated,,,,,true,true,false,-0.0755352292851951,4.999998486231205,3.2233642767123705,5.925293439011958,23.054319794729984,42.52469764173279,4.548834197781493,18.44673549561435,-9.094264353253823,15.92673830388387,2.583342924003529,17.500443802887624,-14.838745151312471,24.5170240172639,7.27516345517385,-5.7217845007448975,-6.843997353854537,23.85392032950065,16.843124793885124,-16.702472627021216,6.795032918835853,36.048893751215004,-42.4042885997156,,,10Y,10000,31382.714719991807,21382.714719991807,213.82714719991807,Short technical: price above 20-day average; 20-day average above 50-day average; RSI in bullish 50-70 zone; 1-month momentum positive; 3-month momentum positive | Long technical: price above 200-day average; 50-day average above 200-day average; 6-month return positive; 1-year annualized return positive; 3-year annualized return positive; 5-year annualized return positive
IPKW,IPKW,ETF,Invesco International BuyBack Achievers™ ETF,ETF / Fund,60.49470138549805,,Not Rated,,,,,false,true,false,-0.0847290450448179,1.9630870023565892,3.807690384191909,3.310170776220911,10.861415078201574,45.49688676566199,10.55606295490239,15.118850706916476,-12.805560318219444,11.404666362400562,16.17662774107258,20.254834395062797,-21.58888734989628,34.20695073844953,11.988546361851892,6.760925626016334,,,,,,,,,,10Y,10000,32832.41626796736,22832.41626796736,228.3241626796736,Long technical: price above 200-day average; 50-day average above 200-day average; 6-month return positive; 1-year annualized return positive; 3-year annualized return positive; 5-year annualized return positive
QVAL,QVAL,ETF,Alpha Architect U.S. Quantitative Value ETF,ETF / Fund,62.015098571777344,,Not Rated,,,,,true,true,false,-0.0916677820932188,4.960901354267899,10.773385173760474,16.66816297487601,28.03730206335484,10.980270987123683,12.2148043998209,28.40479250907235,-11.79829194307721,34.39910649015139,-5.93043428922776,24.053843713363875,-17.279884336132547,25.590035299265462,12.589570149889418,-13.485371761575127,,,,,,,,,,10Y,10000,33129.19651913777,23129.196519137768,231.29196519137767,Short technical: price above 20-day average; 20-day average above 50-day average; RSI in bullish 50-70 zone; 1-month momentum positive; 3-month momentum positive | Long technical: price above 200-day average; 50-day average above 200-day average; 6-month return positive; 1-year annualized return positive; 3-year annualized return positive; 5-year annualized return positive
DLN,DLN,ETF,WisdomTree U.S. LargeCap Dividend Fund,ETF / Fund,100.61000061035156,,Not Rated,,,,,false,true,false,-0.099293491242336,1.757199062211923,5.241024829872165,8.902409979628633,15.52023928274744,15.527254150164737,19.660391358034325,9.687399442974275,-3.778719790726659,25.59674714474609,4.591364180618318,28.911089933819632,-5.814610085683625,18.22314670514984,15.509574885655342,-1.6021180604204877,14.246701249150352,27.345031411814524,12.74048827137564,9.466364694513253,14.974396114299516,17.38335353131728,-35.09691231601286,2.416755737779064,,10Y,10000,36710.420604586034,26710.420604586034,267.10420604586034,Long technical: price above 200-day average; 50-day average above 200-day average; 6-month return positive; 1-year annualized return positive; 3-year annualized return positive; 5-year annualized return positive
BEDY,BEDY,ETF,Bny Mellon Enhanced Dividend Income ETF,ETF / Fund,30.123300552368164,,Not Rated,,,,,true,false,false,-0.1018066489640978,1.3528854728569462,7.892627151383413,10.545909007232645,18.65554937399489,,,,,,,,,,,,,,,,,,,,,10Y,10000,,,,Short technical: price above 20-day average; 20-day average above 50-day average; RSI in bullish 50-70 zone; 1-month momentum positive; 3-month momentum positive
DFIV,DFIV,ETF,Dimensional International Value ETF,ETF / Fund,57.95000076293945,,Not Rated,,,,,true,true,false,-0.103426237424109,3.132233812502494,5.735245887034179,5.110315963806822,18.064796017617656,45.36058190908585,7.258523605087808,17.745362226639138,-3.6961740772686658,,,,,,,,,,,,,,,,,10Y,10000,,,,Short technical: price above 20-day average; 20-day average above 50-day average; RSI in bullish 50-70 zone; 1-month momentum positive; 3-month momentum positive | Long technical: price above 200-day average; 50-day average above 200-day average; 6-month return positive; 1-year annualized return positive; 3-year annualized return positive
SPVM,SPVM,ETF,Invesco S&P 500 Value with Momentum ETF,ETF / Fund,77.27909851074219,,Not Rated,,,,,false,true,false,-0.10457872152414,-1.3416357663046274,7.093545455352834,8.273307546456255,15.173148718988983,20.47687763479564,15.648607286910622,5.513968840303174,-2.094566313640367,28.39278055926837,-3.751253534088894,29.32826284248584,-9.169513509172956,14.700632718055283,23.549879538191583,-5.456764309549433,10.777907919664177,33.81530232578989,18.1987821899374,,,,,,,10Y,10000,34102.09155097441,24102.091550974408,241.02091550974407,Long technical: price above 200-day average; 50-day average above 200-day average; 6-month return positive; 1-year annualized return positive; 3-year annualized return positive; 5-year annualized return positive
FYLD,FYLD,ETF,Cambria Foreign Shareholder Yield ETF,ETF / Fund,40.40999984741211,,Not Rated,,,,,true,true,false,-0.1235769604348235,5.070204912528764,6.994805621903244,7.423568785380508,25.906110129763693,34.53368298181934,2.99881378187008,13.19672633132496,-5.558763879104967,18.68460997727308,4.169373109480756,17.831849302178004,-14.47677632488138,29.807576287268574,7.63959857419374,-7.253300498436244,-9.923076942773868,,,,,,,,,10Y,10000,32468.252562855247,22468.252562855247,224.68252562855247,Short technical: price above 20-day average; 20-day average above 50-day average; RSI in bullish 50-70 zone; 1-month momentum positive; 3-month momentum positive | Long technical: price above 200-day average; 50-day average above 200-day average; 6-month return positive; 1-year annualized return positive; 3-year annualized return positive; 5-year annualized return positive
DTD,DTD,ETF,WisdomTree U.S. Total Dividend Fund,ETF / Fund,96.95999908447266,,Not Rated,,,,,false,true,false,-0.1236122211769941,1.2508224954609792,5.059882625490797,8.662201584333861,15.578527838404677,14.255321050240587,18.552698618243603,10.3528864647523,-3.8270249790460897,26.254807741112085,2.4484234485604217,28.185458077558454,-6.466957319243438,17.35411646033318,16.062370830539606,-1.656746465512493,14.24710375295286,28.071930642297048,13.109515336174216,8.418767595214405,16.315113938055603,19.663843659696823,-34.830863957425365,1.161394406607208,,10Y,10000,35095.26920820984,25095.269208209837,250.95269208209837,Long technical: price above 200-day average; 50-day average above 200-day average; 6-month return positive; 1-year annualized return positive; 3-year annualized return positive; 5-year annualized return positive
GLOF,GLOF,ETF,iShares Global Equity Factor ETF,ETF / Fund,61.220401763916016,,Not Rated,,,,,true,true,false,-0.1379961517635308,4.8833354192066025,3.830760482622764,11.63403263776197,16.875000773774595,23.9182525485502,17.492766580456575,22.378532686268905,-16.967258922927464,18.67354988844065,10.006653750191033,23.203670848477763,-13.701402653213934,29.86075459301847,5.003287759450825,,,,,,,,,,,10Y,10000,32726.815382085162,22726.815382085162,227.26815382085164,Short technical: price above 20-day average; 20-day average above 50-day average; RSI in bullish 50-70 zone; 1-month momentum positive; 3-month momentum positive | Long technical: price above 200-day average; 50-day average above 200-day average; 6-month return positive; 1-year annualized return positive; 3-year annualized return positive; 5-year annualized return positive
MGC,MGC,ETF,Vanguard Morningstar Mega Cap ETF,ETF / Fund,282.1499938964844,,Not Rated,,,,,true,true,false,-0.1557034739758211,4.527100193486411,1.7911203001450993,13.904268331145309,12.938318186721045,19.31357288396456,27.161442237211688,29.76642190762937,-19.9522982757361,27.58030180809896,21.569631096927377,31.144603447874157,-3.4550932579539677,22.60909700979452,11.903129061508476,1.399288278408095,12.731548408867743,32.03024751659947,16.142840257399314,2.343169332804496,13.743616224162514,25.25010818612936,-36.076254005735066,,,10Y,10000,47956.9162798795,37956.9162798795,379.56916279879505,Short technical: price above 20-day average; 20-day average above 50-day average; RSI in bullish 50-70 zone; 1-month momentum positive; 3-month momentum positive | Long technical: price above 200-day average; 50-day average above 200-day average; 6-month return positive; 1-year annualized return positive; 3-year annualized return positive; 5-year annualized return positive
FELC,FELC,ETF,Fidelity Enhanced Large Cap Core ETF,ETF / Fund,43.77000045776367,,Not Rated,,,,,true,true,false,-0.1596708361783272,3.9173826394137463,3.790181796768288,14.929477497535704,15.23057477285381,17.094906897011963,25.25230877999205,,,,,,,,,,,,,,,,,,,10Y,10000,,,,Short technical: price above 20-day average; 20-day average above 50-day average; RSI in bullish 50-70 zone; 1-month momentum positive; 3-month momentum positive | Long technical: price above 200-day average; 50-day average above 200-day average; 6-month return positive; 1-year annualized return positive
RWJ,RWJ,ETF,Invesco S&P SmallCap 600 Revenue ETF,ETF / Fund,61.11000061035156,,Not Rated,,,,,false,true,false,-0.1633695076242225,-1.4036768930466126,8.13579856401434,17.134697421907987,26.17464528882472,7.749322068089293,11.81277552247797,16.214798702032684,-10.96595389879288,52.55123006450728,20.588173671108034,20.302706343774112,-16.956828612113604,5.092242210589304,30.374481946460328,-8.757324083268625,6.5074500925547785,45.93249920299738,18.317946171431636,-0.9208625996673824,25.9696581469018,46.51422965346315,,,,10Y,10000,39605.78453484752,29605.784534847517,296.05784534847515,Long technical: price above 200-day average; 50-day average above 200-day average; 6-month return positive; 1-year annualized return positive; 3-year annualized return positive; 5-year annualized return positive
DIVI,DIVI,ETF,Franklin International Core Dividend Tilt Index ETF,ETF / Fund,44.36000061035156,,Not Rated,,,,,false,true,false,-0.1800135437208139,3.6206474826875112,4.386103813146236,5.177534621544022,16.15776156405073,34.86243197610308,1.7754864304831086,18.96819745565619,-1.2050098358859396,16.945764395157916,1.2914486231824007,22.98494641931932,-6.731902755006236,13.6481629299805,,,,,,,,,,,,10Y,10000,,,,Long technical: price above 200-day average; 50-day average above 200-day average; 6-month return positive; 1-year annualized return positive; 3-year annualized return positive; 5-year annualized return positive
ESGG,ESGG,ETF,Northern Trust STOXX Global ESG Select ETF,ETF / Fund,240.10299682617188,,Not Rated,,,,,false,true,false,-0.1816730989266712,3.811711927165362,4.6693269599818565,14.03991102280937,17.82426102769561,24.008565016217265,14.47835678430045,25.572806455800425,-18.655889419331395,23.75944896425477,17.316073448443014,29.09534501913771,-8.434969566665663,23.59951889070311,,,,,,,,,,,,10Y,10000,,,,Long technical: price above 200-day average; 50-day average above 200-day average; 6-month return positive; 1-year annualized return positive; 3-year annualized return positive; 5-year annualized return positive
QLC,QLC,ETF,Northern Trust US Quality Large Cap ETF,ETF / Fund,92.91000366210938,,Not Rated,,,,,false,true,false,-0.1826366196832185,2.9473724787915545,3.8141750221794,13.570742712872752,15.211430036485174,23.259592459110536,26.707794255278092,26.01627999339371,-17.20500499986627,28.454398175606222,13.637221833038948,24.50888308170329,-8.123553830116215,21.73091273166128,8.570124789434042,,,,,,,,,,,10Y,10000,41431.98033853009,31431.98033853009,314.31980338530093,Long technical: price above 200-day average; 50-day average above 200-day average; 6-month return positive; 1-year annualized return positive; 3-year annualized return positive; 5-year annualized return positive
IWL,IWL,ETF,iShares Russell Top 200 ETF,ETF / Fund,190.6199951171875,,Not Rated,,,,,true,true,false,-0.1832780548140289,4.403545407767284,1.7621902905497366,13.025988209442673,12.191349612199186,19.08845050575032,27.12448929328408,29.775021093592024,-19.893666422924305,27.78816776675923,22.09885951180344,31.42412334752733,-3.303978230332405,22.892045017671325,10.085594410154776,1.7241148232259418,14.388292821090754,31.84678586230214,15.532726726245416,3.0293588658072856,11.28645344726953,,,,,10Y,10000,47364.87662355634,37364.87662355634,373.64876623556336,Short technical: price above 20-day average; 20-day average above 50-day average; RSI in bullish 50-70 zone; 1-month momentum positive; 3-month momentum positive | Long technical: price above 200-day average; 50-day average above 200-day average; 6-month return positive; 1-year annualized return positive; 3-year annualized return positive; 5-year annualized return positive
EINC,EINC,ETF,VanEck Energy Income ETF,ETF / Fund,120.71099853515624,,Not Rated,,,,,true,true,false,-0.1893533170391204,1.5296670052094452,3.3333827517106007,8.576614234763502,29.038422736057925,7.111387392317159,42.79619365629341,15.54750503019704,19.16543055757853,38.06279190266888,-19.891790767622187,16.972842793787525,-19.84976022118852,-3.44470487887506,24.228441711285463,-57.03286732319006,-26.03127566718818,15.560740865931669,,,,,,,,10Y,10000,33800.479347243476,23800.479347243476,238.00479347243476,Short technical: price above 20-day average; 20-day average above 50-day average; MACD above signal line; RSI in bullish 50-70 zone; 1-month momentum positive; 3-month momentum positive | Long technical: price above 200-day average; 50-day average above 200-day average; 6-month return positive; 1-year annualized return positive; 3-year annualized return positive; 5-year annualized return positive
SPXV,SPXV,ETF,ProShares S&P 500® ex-Health Care ETF,ETF / Fund,84.20120239257812,,Not Rated,,,,,false,true,false,-0.1894212590431765,3.9996110057480383,1.1903441165958872,13.365646175000068,13.45532434847141,18.398243515316025,28.023171135230896,30.707450853237077,-20.470740742960448,28.36902909591228,18.98940549658792,33.58239773407057,-4.234807646459837,17.540715062780542,12.741018213183498,,,,,,,,,,,10Y,10000,46289.421816331385,36289.421816331385,362.89421816331384,Long technical: price above 200-day average; 50-day average above 200-day average; 6-month return positive; 1-year annualized return positive; 3-year annualized return positive; 5-year annualized return positive
FNDE,FNDE,ETF,Schwab Fundamental Emerging Markets Equity ETF,ETF / Fund,42,,Not Rated,,,,,true,true,false,-0.1901184115340237,3.9861367533572833,2.741995537601438,4.705059685903312,17.016469278846902,29.46735910597502,12.094336677498552,14.99737885740533,-15.580539021144212,14.407717738946513,-2.775151948554977,19.753172482269157,-10.302742748233571,26.76735724649555,32.55717505101801,-20.149863820723237,-11.618754444895185,,,,,,,,,10Y,10000,33100.22379381626,23100.223793816258,231.00223793816258,Short technical: price above 20-day average; 20-day average above 50-day average; MACD above signal line; RSI in bullish 50-70 zone; 1-month momentum positive; 3-month momentum positive | Long technical: price above 200-day average; 50-day average above 200-day average; 6-month return positive; 1-year annualized return positive; 3-year annualized return positive; 5-year annualized return positive
GUSE,GUSE,ETF,Goldman Sachs Enhanced U.S. Equity ETF,ETF / Fund,45.854400634765625,,Not Rated,,,,,false,false,false,-0.1928480011345379,2.401575118417565,1.9666430732835805,11.624923283992096,13.327068840565715,,,,,,,,,,,,,,,,,,,,,10Y,10000,,,,
FNDF,FNDF,ETF,Schwab Fundamental International Equity ETF,ETF / Fund,55.43000030517578,,Not Rated,,,,,true,true,false,-0.1980565512032739,4.723219319074024,2.828726543365878,5.6547670335335365,23.29894013417861,40.99660241020937,2.2953703215851107,20.21964684475144,-7.778129667743505,14.973261489813616,3.6138483504820185,18.461614762015287,-14.213327134844246,23.97939835775038,7.929999393317533,-5.246866074584378,-6.492970535894694,,,,,,,,,10Y,10000,31940.166160658315,21940.166160658315,219.40166160658316,Short technical: price above 20-day average; 20-day average above 50-day average; RSI in bullish 50-70 zone; 1-month momentum positive; 3-month momentum positive | Long technical: price above 200-day average; 50-day average above 200-day average; 6-month return positive; 1-year annualized return positive; 3-year annualized return positive; 5-year annualized return positive
RFDA,RFDA,ETF,ALPS Dynamic US Dividend Advantage ETF,ETF / Fund,73.63459777832031,,Not Rated,,,,,true,true,false,-0.2051951970365007,1.7436910099454694,6.137883087082385,16.58140376493531,17.112637730997648,16.42480707305898,20.12515820631291,16.98215128551144,-8.580318170487477,25.937044625722127,11.109598671361187,27.15025209899517,-9.26644925449266,19.85221693904431,,,,,,,,,,,,10Y,10000,,,,Short technical: price above 20-day average; 20-day average above 50-day average; RSI in bullish 50-70 zone; 1-month momentum positive; 3-month momentum positive | Long technical: price above 200-day average; 50-day average above 200-day average; 6-month return positive; 1-year annualized return positive; 3-year annualized return positive; 5-year annualized return positive
SPYX,SPYX,ETF,State Street® SPDR® S&P® 500 Fossil Fuel Reserves Free ETF,ETF / Fund,63.130001068115234,,Not Rated,,,,,true,true,false,-0.2054967702610821,3.763972567034801,2.360929049474647,12.835187129883296,12.875345122989293,17.873257530424745,25.452712370945928,26.376833133704093,-19.588697245750552,28.06036499965643,19.872440265720996,31.616321719495243,-4.262691985791722,23.24889715930325,10.49780583865887,,,,,,,,,,,10Y,10000,44682.836833398425,34682.836833398425,346.8283683339843,Short technical: price above 20-day average; 20-day average above 50-day average; RSI in bullish 50-70 zone; 1-month momentum positive; 3-month momentum positive | Long technical: price above 200-day average; 50-day average above 200-day average; 6-month return positive; 1-year annualized return positive; 3-year annualized return positive; 5-year annualized return positive
VOO,VOO,ETF,Vanguard S&P 500 ETF,ETF / Fund,707.239990234375,,Not Rated,,,,,true,true,false,-0.2130525242504455,3.859252733455487,2.2178087543861302,12.756494210722934,13.459498228942524,17.82334455825756,24.976018868280917,26.32389072558645,-18.17402838375069,28.79441159717393,18.324414989177605,31.365025532491607,-4.500689569398264,21.7736001298366,12.166684082740176,1.3251412463632928,12.927898886613164,32.38654305505639,15.992754442054258,1.897427660799078,,,,,,10Y,10000,45096.616397456964,35096.616397456964,350.96616397456967,Short technical: price above 20-day average; 20-day average above 50-day average; RSI in bullish 50-70 zone; 1-month momentum positive; 3-month momentum positive | Long technical: price above 200-day average; 50-day average above 200-day average; 6-month return positive; 1-year annualized return positive; 3-year annualized return positive; 5-year annualized return positive
CSM,CSM,ETF,ProShares Large Cap Core Plus,ETF / Fund,88.75869750976562,,Not Rated,,,,,false,true,false,-0.2150640191565966,3.5690789620105967,2.5575158079435445,13.10598865438175,12.012978885240845,21.833857568137027,22.10038641891969,23.507562621463475,-18.27225560075798,33.126384750949086,10.943312546449668,29.25619941918136,-7.884474549933573,22.516463825217325,13.42866366908142,-0.2721052480901376,16.478270492027836,35.350806104704844,16.67168278535309,0.5399417182234023,14.149720052070624,,,,,10Y,10000,41103.91574845192,31103.915748451916,311.0391574845192,Long technical: price above 200-day average; 50-day average above 200-day average; 6-month return positive; 1-year annualized return positive; 3-year annualized return positive; 5-year annualized return positive
SPXE,SPXE,ETF,ProShares S&P 500® ex-Energy ETF,ETF / Fund,82.79550170898438,,Not Rated,,,,,true,true,false,-0.2151243962614235,3.74206376709072,1.9830080507223125,12.88243624146972,12.612001870749156,18.02945487879537,25.717750849989883,27.709548136129627,-20.57655321420866,27.929298903133805,20.61692415620333,32.4492190199434,-5.516314989396975,24.990335848808385,10.108375696881744,,,,,,,,,,,10Y,10000,45042.76753784494,35042.76753784494,350.4276753784494,Short technical: price above 20-day average; 20-day average above 50-day average; RSI in bullish 50-70 zone; 1-month momentum positive; 3-month momentum positive | Long technical: price above 200-day average; 50-day average above 200-day average; 6-month return positive; 1-year annualized return positive; 3-year annualized return positive; 5-year annualized return positive
FENI,FENI,ETF,Fidelity Enhanced International ETF,ETF / Fund,41.43000030517578,,Not Rated,,,,,false,true,false,-0.2167633708950567,3.938784924194128,3.9617381592155887,3.4942840333152425,15.150822448620628,37.26655585875201,6.954856378610308,,,,,,,,,,,,,,,,,,,10Y,10000,,,,Long technical: price above 200-day average; 50-day average above 200-day average; 6-month return positive; 1-year annualized return positive
SCHG,SCHG,ETF,Schwab U.S. Large-Cap Growth ETF™,ETF / Fund,35.779998779296875,,Not Rated,,,,,true,true,false,-0.2230948959649259,6.046227028293316,2.3631847040054943,16.658587411149696,9.935163009042114,17.502779237635014,34.95699665097369,50.10510065104023,-31.801172468072792,28.11525792972336,39.13854432263442,36.02004625651085,-1.3565042599314792,28.04638094636647,6.554386488875541,3.2444589145492757,15.804493571458456,34.04212630677601,16.886826071235262,-0.7414334466556927,,,,,,10Y,10000,58238.58993188355,48238.58993188355,482.3858993188355,Short technical: price above 20-day average; 20-day average above 50-day average; RSI in bullish 50-70 zone; 1-month momentum positive; 3-month momentum positive | Long technical: price above 200-day average; 50-day average above 200-day average; 6-month return positive; 1-year annualized return positive; 3-year annualized return positive; 5-year annualized return positive
ONEO,ONEO,ETF,State Street® SPDR® Russell 1000 Momentum Focus ETF,ETF / Fund,157.31700134277344,,Not Rated,,,,,true,true,false,-0.2270503897608078,1.7949710361142568,5.845723068463582,12.62581463123469,22.399825243629024,10.605417280901918,15.009942459535086,15.638499811783602,-12.00781955132163,26.26858753010444,10.757530529259808,26.52670304037792,-12.414839232164931,20.327028784774527,10.682606395054384,,,,,,,,,,,10Y,10000,32701.147379104215,22701.147379104215,227.01147379104216,Short technical: price above 20-day average; 20-day average above 50-day average; RSI in bullish 50-70 zone; 1-month momentum positive; 3-month momentum positive | Long technical: price above 200-day average; 50-day average above 200-day average; 6-month return positive; 1-year annualized return positive; 3-year annualized return positive; 5-year annualized return positive
SMLV,SMLV,ETF,State Street® SPDR® US Small Cap Low Volatility Index ETF,ETF / Fund,159.0970001220703,,Not Rated,,,,,false,true,false,-0.2276474203643075,-1.4879256210090896,7.29616485436535,13.672245119784757,22.71366152053598,5.6675320078724445,16.763463111068777,7.515732488178428,-7.689368205297898,26.889867138918568,-1.5435816196205263,24.09862290487159,-6.617541888052802,5.676714015430262,29.371399279085608,-1.718907307521833,13.224444273206126,,,,,,,,,10Y,10000,29743.08439079995,19743.08439079995,197.43084390799953,Long technical: price above 200-day average; 50-day average above 200-day average; 6-month return positive; 1-year annualized return positive; 3-year annualized return positive; 5-year annualized return positive
SCHX,SCHX,ETF,Schwab U.S. Large-Cap ETF™,ETF / Fund,30.34000015258789,,Not Rated,,,,,false,true,false,-0.2301864359600669,3.7619712383043513,2.4233941245541457,12.734653934923193,13.363050079252028,17.458833420850993,24.88178412360309,26.84228611897284,-19.405846922555916,26.813598184191136,20.808331960815973,31.216411767031072,-4.52454292874287,21.949659570088187,11.32143191774828,1.0468084549648538,13.327153870147889,32.422901490192935,16.086234676346088,1.543033636743374,15.91685038288868,,,,,10Y,10000,44292.06105588528,34292.06105588528,342.9206105588528,Long technical: price above 200-day average; 50-day average above 200-day average; 6-month return positive; 1-year annualized return positive; 3-year annualized return positive; 5-year annualized return positive
URTH,URTH,ETF,iShares MSCI World ETF,ETF / Fund,209.42999267578125,,Not Rated,,,,,true,true,false,-0.2381746379480964,3.7809660597807326,2.9445915815601964,10.475016999618791,13.490077683113633,21.360384531978596,18.66000910685215,23.947854383330025,-17.968307900699287,22.272909392326625,15.78471269498134,28.14592010346302,-8.562574373754162,22.94636184626157,7.306293204152969,-0.6357618858149561,4.373080161709364,26.660038500330096,,,,,,,,10Y,10000,36367.296284066106,26367.296284066106,263.67296284066106,Short technical: price above 20-day average; 20-day average above 50-day average; RSI in bullish 50-70 zone; 1-month momentum positive; 3-month momentum positive | Long technical: price above 200-day average; 50-day average above 200-day average; 6-month return positive; 1-year annualized return positive; 3-year annualized return positive; 5-year annualized return positive
QDEF,QDEF,ETF,Northern Trust Quality Dividend Defensive ETF,ETF / Fund,91.2676010131836,,Not Rated,,,,,true,true,false,-0.2539879637337816,2.1118861241556486,4.350167268162131,9.501318212532729,13.464253330146402,17.43834199661489,21.188266766739574,17.485882296406842,-10.941631875856327,26.0368947026816,3.150921394018913,24.90513739710412,-4.097403827182244,17.039337410159728,15.4495097088569,-0.6479502369020951,14.07947960071978,33.464423157006685,,,,,,,,10Y,10000,35554.56583394819,25554.56583394819,255.54565833948192,Short technical: price above 20-day average; 20-day average above 50-day average; RSI in bullish 50-70 zone; 1-month momentum positive; 3-month momentum positive | Long technical: price above 200-day average; 50-day average above 200-day average; 6-month return positive; 1-year annualized return positive; 3-year annualized return positive; 5-year annualized return positive
VOE,VOE,ETF,Vanguard Morningstar Mid-Cap Value ETF,ETF / Fund,207.77999877929688,,Not Rated,,,,,false,true,false,-0.2544279129703342,0.154242772136337,7.249660125786339,8.000429556671506,18.32736007863771,12.083666023913974,13.99735150102519,9.852286384973086,-7.968684264051474,28.78532444729453,2.646301574717036,27.852625258428,-12.479798202441629,17.07226114747804,15.386026713224176,-1.887515539035356,13.96860622296492,37.76800544750449,16.013821432741015,-0.3836824067231181,21.76172192534496,38.26659475608498,-36.63636704416597,-4.325829995088027,,10Y,10000,30542.308797819675,20542.308797819675,205.42308797819672,Long technical: price above 200-day average; 50-day average above 200-day average; 6-month return positive; 1-year annualized return positive; 3-year annualized return positive; 5-year annualized return positive
SPXN,SPXN,ETF,ProShares S&P 500® ex-Financials ETF,ETF / Fund,84.14559936523438,,Not Rated,,,,,true,true,false,-0.2647938483764434,4.4106609875924185,0.7715984099311068,12.854713242051275,14.315144497215272,18.736520158182344,24.34468546440234,28.563959468360636,-18.872706204201894,27.0380207497982,22.148029415991545,31.500993854484594,-3.847478464384513,20.845188032751903,8.81860549203246,,,,,,,,,,,10Y,10000,45419.66824354229,35419.66824354229,354.1966824354229,Short technical: price above 20-day average; 20-day average above 50-day average; RSI in bullish 50-70 zone; 1-month momentum positive; 3-month momentum positive | Long technical: price above 200-day average; 50-day average above 200-day average; 6-month return positive; 1-year annualized return positive; 3-year annualized return positive; 5-year annualized return positive
DFAT,DFAT,ETF,Dimensional U.S. Targeted Value ETF,ETF / Fund,71.16999816894531,,Not Rated,,,,,false,true,false,-0.266259024356974,-0.4893714912597491,5.654161689797177,10.083872862745435,20.345302119357942,8.73055939864431,7.802005183266347,20.863988680146694,-6.232290393840046,,,,,,,,,,,,,,,,,10Y,10000,,,,Long technical: price above 200-day average; 50-day average above 200-day average; 6-month return positive; 1-year annualized return positive; 3-year annualized return positive; 5-year annualized return positive
ACWI,ACWI,ETF,iShares MSCI ACWI ETF,ETF / Fund,161.08999633789062,,Not Rated,,,,,true,true,false,-0.2723967341864752,4.238387043042247,2.45596716189862,10.012598540069929,14.592240065083107,22.41318945019377,17.44933817445453,22.27439524533135,-18.385552278358176,18.66171073789802,16.33676648807554,26.58965177284167,-9.124904310455006,24.333401214183148,8.396614961682713,-2.2090066327486,3.8334722683364575,22.376041521270285,16.747642458147837,-7.821356824573,12.779748132268566,32.361680099486925,,,,10Y,10000,35189.312405237964,25189.312405237964,251.89312405237962,Short technical: price above 20-day average; 20-day average above 50-day average; RSI in bullish 50-70 zone; 1-month momentum positive; 3-month momentum positive | Long technical: price above 200-day average; 50-day average above 200-day average; 6-month return positive; 1-year annualized return positive; 3-year annualized return positive; 5-year annualized return positive
RWK,RWK,ETF,Invesco S&P MidCap 400 Revenue ETF,ETF / Fund,148.41000366210938,,Not Rated,,,,,false,true,false,-0.28219993534776,-1.4083539057857752,4.941459588811781,10.571480119081912,18.02102214244565,10.26691557342907,11.93894225080616,23.758006972316025,-8.186774278037001,33.89654892681486,10.773918061748232,28.201042649879817,-14.648749604855992,13.106532354601285,20.69487122493683,-5.642010246718376,9.588051269279706,41.10439404724811,14.798950823979284,-1.6322350680673223,23.230140431193625,51.89972064267812,,,,10Y,10000,36673.23310048227,26673.23310048227,266.7323310048227,Long technical: price above 200-day average; 50-day average above 200-day average; 6-month return positive; 1-year annualized return positive; 3-year annualized return positive; 5-year annualized return positive
HFXI,HFXI,ETF,NYLI FTSE International Equity Currency Neutral ETF,ETF / Fund,38.15999984741211,,Not Rated,,,,,true,true,false,-0.2874329998322378,3.611180967240624,1.771894928718365,5.246958165043902,18.642024433099547,30.099649360591684,7.57420207477324,19.553972720066493,-10.718377806728052,13.962743483925832,6.880288971273574,23.671166359366996,-12.689684950895474,22.67293258068044,2.8809779404482816,,,,,,,,,,,10Y,10000,29418.95561746621,19418.95561746621,194.1895561746621,Short technical: price above 20-day average; 20-day average above 50-day average; RSI in bullish 50-70 zone; 1-month momentum positive; 3-month momentum positive | Long technical: price above 200-day average; 50-day average above 200-day average; 6-month return positive; 1-year annualized return positive; 3-year annualized return positive; 5-year annualized return positive
BSVO,BSVO,ETF,EA Bridgeway Omni Small-Cap Value ETF,ETF / Fund,29.42449951171875,,Not Rated,,,,,false,true,false,-0.2897347221278767,-0.9309474425628016,5.422594144546844,13.643207501511068,26.28540976480671,9.212240121722123,4.6851362617591485,,,,,,,,,,,,,,,,,,,10Y,10000,,,,Long technical: price above 200-day average; 50-day average above 200-day average; 6-month return positive; 1-year annualized return positive; 3-year annualized return positive
UDIV,UDIV,ETF,Franklin U.S. Core Dividend Tilt Index ETF,ETF / Fund,61.80699920654297,,Not Rated,,,,,true,true,false,-0.2952128842858115,3.9297089925504736,2.144582228003422,14.833801662539736,17.169412543680895,19.00085971055552,25.608236047093456,25.211557839614905,-14.995998542079503,19.66458848910968,5.539240686575786,24.59401496065223,-8.834099464335466,17.44120347550615,,,,,,,,,,,,10Y,10000,,,,Short technical: price above 20-day average; 20-day average above 50-day average; RSI in bullish 50-70 zone; 1-month momentum positive; 3-month momentum positive | Long technical: price above 200-day average; 50-day average above 200-day average; 6-month return positive; 1-year annualized return positive; 3-year annualized return positive; 5-year annualized return positive
VONE,VONE,ETF,Vanguard Russell 1000 Index Fund ETF Shares,ETF / Fund,348.3599853515625,,Not Rated,,,,,false,true,false,-0.2976555704319761,3.879522591698104,2.5277746416329627,12.459158033595696,13.347060022091384,17.212893998882215,24.510482535821357,26.41144265396385,-19.13809382450952,26.48849121966821,20.946149822011684,31.12279509013376,-4.83610965267266,21.547353782944324,11.777944961667597,0.6657071619428079,12.68808656778766,33.02032938676183,16.230143977273848,1.418961329259094,,,,,,10Y,10000,43854.78667294038,33854.78667294038,338.5478667294039,Long technical: price above 200-day average; 50-day average above 200-day average; 6-month return positive; 1-year annualized return positive; 3-year annualized return positive; 5-year annualized return positive
ENFR,ENFR,ETF,Alerian Energy Infrastructure ETF,ETF / Fund,39.66999816894531,,Not Rated,,,,,true,true,false,-0.3266358557971527,2.383824397536149,4.9038829737225065,10.170063962559816,30.078680747195666,5.898465863063884,42.16696860358255,15.632775307680614,17.478518128348064,39.97557871857202,-24.13670461126885,21.606083680335896,-18.669000377353985,-0.1914197839952502,40.042554206243786,-37.063125979681246,12.192114871169334,,,,,,,,,10Y,10000,39053.2510602406,29053.251060240596,290.532510602406,Short technical: price above 20-day average; 20-day average above 50-day average; MACD above signal line; RSI in bullish 50-70 zone; 1-month momentum positive; 3-month momentum positive | Long technical: price above 200-day average; 50-day average above 200-day average; 6-month return positive; 1-year annualized return positive; 3-year annualized return positive; 5-year annualized return positive
DFUS,DFUS,ETF,Dimensional U.S. Equity Market ETF,ETF / Fund,83.93000030517578,,Not Rated,,,,,false,true,false,-0.3325006321588941,3.6684798101396474,2.3040579404200567,12.745872829263316,13.7035378322115,17.46076010992086,24.340386096935674,26.36005271531763,-18.341086193823173,,,,,,,,,,,,,,,,,10Y,10000,,,,Long technical: price above 200-day average; 50-day average above 200-day average; 6-month return positive; 1-year annualized return positive; 3-year annualized return positive; 5-year annualized return positive
SNOW,Snowflake Inc. Common Stock,Stock,Technology,Computer Software: Prepackaged Software,328,113.6848,Strong Buy,110,326.87082,500,-0.3442621951219582,true,true,true,-0.3372688161912718,21.319728425597194,37.12374756884811,94.76277707236748,49.525893092344255,42.06333489271217,-22.407033335623428,38.63732012534871,-57.62657024763607,20.380244259924307,,,,,,,,,,,,,,,,10Y,10000,,,,Short technical: price above 20-day average; 20-day average above 50-day average; RSI in bullish 50-70 zone; 1-month momentum positive; 3-month momentum positive | Fundamental/consensus: Nasdaq Strong Buy | Long technical: price above 200-day average; 50-day average above 200-day average; 6-month return positive; 1-year annualized return positive; 3-year annualized return positive; 5-year annualized return positive
VT,VT,ETF,Vanguard Total World Stock Index Fund ETF Shares,ETF / Fund,161.00999450683594,,Not Rated,,,,,true,true,false,-0.3466069146478734,4.314861120804725,2.3574131429973333,9.558436542352087,14.824321889151792,22.433908803628345,16.49315363593584,22.021775236681187,-18.003368807734933,18.26625921466225,16.587766466828025,26.81384971829825,-9.763059564354492,24.49637733325849,8.497557376195996,-1.861356961136429,3.6800270615853226,22.93771459337408,17.124859926014757,-7.508670068505063,13.082539423526352,32.663749560356734,,,,10Y,10000,34922.949973684386,24922.949973684386,249.22949973684388,Short technical: price above 20-day average; 20-day average above 50-day average; RSI in bullish 50-70 zone; 1-month momentum positive; 3-month momentum positive | Long technical: price above 200-day average; 50-day average above 200-day average; 6-month return positive; 1-year annualized return positive; 3-year annualized return positive; 5-year annualized return positive
SKHY,SK hynix Inc. American Depositary Shares,Stock,Technology,Semiconductors,161.0399932861328,1173.7650012,Strong Buy,152,246.96892,355,53.35874956302953,false,true,true,-0.352705477424664,23.71513832021561,,,-4.148563447765319,,,,,,,,,,,,,,,,,,,,,10Y,10000,,,,Fundamental/consensus: Nasdaq Strong Buy
LRGF,LRGF,ETF,iShares U.S. Equity Factor ETF,ETF / Fund,78.4800033569336,,Not Rated,,,,,true,true,false,-0.3555088518313654,3.850739279953541,3.4601229387997368,14.162005791486076,13.61939731809767,16.48087106884253,26.59220127269421,25.85432422432692,-14.767061071342969,25.01460920020868,11.111925452641591,26.11652442917858,-9.658537037213687,21.127499043378293,12.518815441866238,,,,,,,,,,,10Y,10000,38764.849678551196,28764.849678551196,287.64849678551195,Short technical: price above 20-day average; 20-day average above 50-day average; RSI in bullish 50-70 zone; 1-month momentum positive; 3-month momentum positive | Long technical: price above 200-day average; 50-day average above 200-day average; 6-month return positive; 1-year annualized return positive; 3-year annualized return positive; 5-year annualized return positive
JPUS,JPUS,ETF,JPMorgan Diversified Return U.S. Equity ETF,ETF / Fund,143.6699981689453,,Not Rated,,,,,false,true,false,-0.3744598292636736,0.0403856623567344,5.049731383142508,5.756592267027738,16.968257761173632,11.17721632275812,13.475447850995415,10.978358932847351,-8.472132752024908,29.0907755113784,7.537716538878536,25.49926162433771,-6.140947782491568,20.58413817301008,11.11030020202972,,,,,,,,,,,10Y,10000,32839.4007643472,22839.4007643472,228.39400764347198,Long technical: price above 200-day average; 50-day average above 200-day average; 6-month return positive; 1-year annualized return positive; 3-year annualized return positive; 5-year annualized return positive
CRBN,CRBN,ETF,iShares Low Carbon Optimized MSCI ACWI ETF,ETF / Fund,259.8789978027344,,Not Rated,,,,,true,true,false,-0.3798816778479819,4.285728456395876,2.6309027699942256,9.80602135202866,13.507028714133984,21.853287522296185,19.289696817984805,22.31432476248865,-19.11902711894815,18.82320667037982,16.829322661416658,28.65202103262734,-9.803663510010418,23.493165812887785,6.372911425340821,0.1329497346640451,,,,,,,,,,10Y,10000,34539.75383517768,24539.753835177682,245.3975383517768,Short technical: price above 20-day average; 20-day average above 50-day average; RSI in bullish 50-70 zone; 1-month momentum positive; 3-month momentum positive | Long technical: price above 200-day average; 50-day average above 200-day average; 6-month return positive; 1-year annualized return positive; 3-year annualized return positive; 5-year annualized return positive
SPGM,SPGM,ETF,State Street® SPDR® Portfolio MSCI Global Stock Market ETF,ETF / Fund,87.7300033569336,,Not Rated,,,,,false,true,false,-0.3973642902419749,4.093503355014527,2.1743992372649013,9.5829330013397,15.254208917884382,23.62131424785572,16.748131942718093,21.344833790455287,-17.532059807577827,21.13030667170033,15.28086087808247,26.57552384839068,-10.114846728821936,23.26299994925631,8.574863976820746,-2.0955224910559567,8.447253054927618,25.392700595626597,,,,,,,,10Y,10000,35392.91075098861,25392.91075098861,253.92910750988608,Long technical: price above 200-day average; 50-day average above 200-day average; 6-month return positive; 1-year annualized return positive; 3-year annualized return positive; 5-year annualized return positive
MGK,MGK,ETF,Vanguard Morningstar Mega Cap Growth ETF,ETF / Fund,90.12000274658205,,Not Rated,,,,,false,true,false,-0.3978786438937232,6.7014015196099175,-0.595214752445905,16.668102110635985,9.37016878651722,20.668258935170343,32.93894267269668,51.67187546111516,-33.58745037349296,28.582377483759668,41.010766032911846,37.38424833543728,-2.907843858285064,29.491747195522432,6.548702675676044,3.6379786515314816,13.151384267265186,32.59213632140931,17.23198716674821,3.084630845253078,14.514509191591918,35.01547689561377,-36.25386159623047,,,10Y,10000,58971.80591469959,48971.80591469959,489.71805914699587,Long technical: price above 200-day average; 50-day average above 200-day average; 6-month return positive; 1-year annualized return positive; 3-year annualized return positive; 5-year annualized return positive
TPYP,TPYP,ETF,Tortoise North American Pipeline Fund,ETF / Fund,42.99689865112305,,Not Rated,,,,,true,true,false,-0.4009717979251315,0.9553850600548364,2.833102222848294,5.310385641120696,23.81893712415335,7.587564342833541,37.36969771062167,10.50779319899542,16.092004538116278,34.96875739476963,-20.976789886935688,23.3500735715074,-11.134415822392574,2.2722574841620213,38.92324045220721,,,,,,,,,,,10Y,10000,38996.80114851768,28996.801148517683,289.9680114851768,Short technical: price above 20-day average; MACD above signal line; RSI in bullish 50-70 zone; 1-month momentum positive; 3-month momentum positive | Long technical: price above 200-day average; 50-day average above 200-day average; 6-month return positive; 1-year annualized return positive; 3-year annualized return positive; 5-year annualized return positive
SCHF,SCHF,ETF,Schwab International Equity ETF™,ETF / Fund,28.299999237060547,,Not Rated,,,,,true,true,false,-0.4222408124956112,4.892511924463894,2.7108674561263646,5.332785751125302,18.433660196245462,34.54853902739583,3.2830727646078417,18.35028652364137,-14.796043861987284,11.40456764393436,9.480058992909113,22.256044015977604,-14.287319503497152,26.029271391595543,3.026514087703136,-2.4863215254909976,-5.679618719889179,18.952837794751098,18.823301656619183,-12.573947207585087,9.292511745971144,,,,,10Y,10000,27541.413702295795,17541.413702295795,175.41413702295796,Short technical: price above 20-day average; 20-day average above 50-day average; RSI in bullish 50-70 zone; 1-month momentum positive; 3-month momentum positive | Long technical: price above 200-day average; 50-day average above 200-day average; 6-month return positive; 1-year annualized return positive; 3-year annualized return positive; 5-year annualized return positive
RDVY,RDVY,ETF,First Trust Rising Dividend Achievers ETF,ETF / Fund,82.05999755859375,,Not Rated,,,,,false,true,false,-0.4247131270017745,1.2711326605129305,9.05039451524301,14.024717266986109,18.65333284500117,18.89736922131844,16.406957290463108,20.37695379538409,-13.267084444457913,31.143209581541864,13.472595714074242,37.70891578458302,-9.917574559423592,22.761644053361564,20.657157331631048,-3.0062375002140374,,,,,,,,,,10Y,10000,46882.75582050571,36882.75582050571,368.827558205057,Long technical: price above 200-day average; 50-day average above 200-day average; 6-month return positive; 1-year annualized return positive; 3-year annualized return positive; 5-year annualized return positive
JPEF,JPEF,ETF,Jpmorgan Equity Focus ETF,ETF / Fund,81.30850219726562,,Not Rated,,,,,false,true,false,-0.4292171094871788,2.8310389668408487,0.5422275699157542,7.736187733041766,8.865674148316337,12.072708355800833,28.191717814032646,,,,,,,,,,,,,,,,,,,10Y,10000,,,,Long technical: price above 200-day average; 50-day average above 200-day average; 6-month return positive; 1-year annualized return positive; 3-year annualized return positive
CSD,CSD,ETF,Invesco S&P Spin-Off ETF,ETF / Fund,131.6719970703125,,Not Rated,,,,,false,true,false,-0.4295284325898874,-1.8618179419570116,-5.025968227071564,8.990977345604701,32.028469505870305,21.575103008301856,27.609349006397174,23.7730174339873,-15.038910318869547,13.01028931986059,10.78823708835528,20.60652176268798,-17.822425510779794,20.64301802748638,14.801289558692933,-11.98229020379462,1.1357589206695715,52.14619290047937,26.352212771873408,3.743120677471112,21.99985667739883,65.23093660322444,-55.24216621856064,7.788520213100725,,10Y,10000,37019.06882365305,27019.068823653048,270.1906882365305,Long technical: price above 200-day average; 50-day average above 200-day average; 6-month return positive; 1-year annualized return positive; 3-year annualized return positive; 5-year annualized return positive
GUNR,GUNR,ETF,Northern Trust Morningstar Global Upstream Natural Resources ETF,ETF / Fund,56.060001373291016,,Not Rated,,,,,true,true,false,-0.4616447495419562,8.09872871868249,4.344827591103662,1.8170399063846432,23.557259919422656,30.026829845300384,-8.369984567514766,-2.40225548987667,14.832803714238077,26.056783218327077,0.4614011989592548,18.412788146471115,-9.413185054867837,18.74037144416272,31.278460738429548,-24.043637108226324,-8.287923428679022,-1.7101820270885135,9.069696470456234,,,,,,,10Y,10000,34935.39677587102,24935.39677587102,249.3539677587102,Short technical: price above 20-day average; 20-day average above 50-day average; MACD above signal line; RSI in bullish 50-70 zone; 1-month momentum positive; 3-month momentum positive | Long technical: price above 200-day average; 50-day average above 200-day average; 6-month return positive; 1-year annualized return positive; 3-year annualized return positive; 5-year annualized return positive
DBAW,DBAW,ETF,Xtrackers MSCI All World ex US Hedged Equity ETF,ETF / Fund,48.380001068115234,,Not Rated,,,,,false,true,false,-0.4936196401521098,2.5869406799204464,2.150788015235161,6.911955989374996,17.41640030274063,26.453569369771834,14.353976154399572,16.256482717021758,-9.466541353648315,13.083529284478356,7.442340982682061,22.961264295274496,-10.37833811658042,18.788343850450385,5.900661177364919,-0.2256099697939606,,,,,,,,,,10Y,10000,30099.968707491225,20099.968707491225,200.99968707491226,Long technical: price above 200-day average; 50-day average above 200-day average; 6-month return positive; 1-year annualized return positive; 3-year annualized return positive; 5-year annualized return positive
VOOG,VOOG,ETF,Vanguard S&P 500 Growth Index Fund ETF Shares,ETF / Fund,84.16999816894531,,Not Rated,,,,,false,true,false,-0.5317945675142322,6.154618737634943,0.4197075973355613,17.389877128439224,13.875474617480377,22.112422334726457,35.88895840958868,29.957664181097,-29.47616028366946,31.953820323320706,33.348511616704,30.931472984676777,-0.2107815835613813,27.18677612280791,6.843161932342401,5.404187134282257,14.70995442087426,32.64896025560189,14.15825822633867,4.632145132545906,,,,,,10Y,10000,54105.14558529907,44105.14558529907,441.05145585299067,Long technical: price above 200-day average; 50-day average above 200-day average; 6-month return positive; 1-year annualized return positive; 3-year annualized return positive; 5-year annualized return positive
REGS,REGS,ETF,Columbia Large Cap Growth ETF,ETF / Fund,11.535599708557127,,Not Rated,,,,,false,false,false,-0.5551781965065561,5.060111015338342,-0.4693739716527534,,14.327051874211016,,,,,,,,,,,,,,,,,,,,,10Y,10000,,,,
HAP,HAP,ETF,VanEck Natural Resources ETF,ETF / Fund,76.30000305175781,,Not Rated,,,,,true,true,false,-0.5604069938267786,8.319137432208446,5.6933099755571925,2.899529981976512,26.87064154658256,34.90855895693501,-4.082040036702783,2.455806772125202,7.846855722635682,25.033305029161458,6.303139210650643,18.46806040359748,-10.678470249627514,17.117362135335988,25.301624873703865,-19.88489721980543,-7.249509821922362,6.813878715423716,8.837114272600033,-11.70682310915161,16.52901485647964,42.52362144137089,,,,10Y,10000,37441.380578732256,27441.380578732256,274.4138057873226,Short technical: price above 20-day average; 20-day average above 50-day average; MACD above signal line; RSI in bullish 50-70 zone; 1-month momentum positive; 3-month momentum positive | Long technical: price above 200-day average; 50-day average above 200-day average; 6-month return positive; 1-year annualized return positive; 3-year annualized return positive; 5-year annualized return positive
LST,LST,ETF,Leuthold Select Industries ETF,ETF / Fund,48.03860092163086,,Not Rated,,,,,true,true,false,-0.5617893685472053,4.058485798650424,4.022436013927555,10.84125692778155,19.6478184207971,,,,,,,,,,,,,,,,,,,,,10Y,10000,,,,Short technical: price above 20-day average; 20-day average above 50-day average; RSI in bullish 50-70 zone; 1-month momentum positive; 3-month momentum positive | Long technical: price above 200-day average; 50-day average above 200-day average; 6-month return positive; 1-year annualized return positive
AIA,AIA,ETF,iShares Asia 50 ETF,ETF / Fund,138.5800018310547,,Not Rated,,,,,true,true,false,-0.5739726099381559,8.502975654991761,-2.428506584372092,17.85135538455549,42.63989327583748,47.79145587884896,20.258801831792077,4.869208182471119,-24.08290733484121,-10.913387128467356,33.731296455829174,22.21276661148348,-14.222287756305729,45.00153941196474,11.950548676928396,-7.665972195065541,0.2901168958097111,1.9394522077044172,25.49342444339697,-14.212554867519511,19.5897530109918,60.84871654737216,-46.3867293218215,,,10Y,10000,40919.48300397999,30919.483003979993,309.1948300397999,Short technical: price above 20-day average; 20-day average above 50-day average; MACD above signal line; RSI in bullish 50-70 zone; 1-month momentum positive | Long technical: price above 200-day average; 50-day average above 200-day average; 6-month return positive; 1-year annualized return positive; 3-year annualized return positive; 5-year annualized return positive
GNR,GNR,ETF,State Street® SPDR® S&P® Global Natural Resources ETF,ETF / Fund,77.80000305175781,,Not Rated,,,,,true,true,false,-0.5750759721944942,9.05523835923734,6.712134827251304,4.197926770863214,26.68416554459465,28.68017220941819,-8.273365418214718,2.9495563524444046,10.2021391005084,24.73482886165117,-0.0299764202781216,16.489436802024304,-13.192992264030911,22.64308645231734,30.85692388309711,-24.127923832274263,-10.366499123054751,0.0618897933272633,7.314361014921933,-15.728065627400412,,,,,,10Y,10000,34330.69318030513,24330.693180305127,243.30693180305127,Short technical: price above 20-day average; 20-day average above 50-day average; MACD above signal line; RSI in bullish 50-70 zone; 1-month momentum positive; 3-month momentum positive | Long technical: price above 200-day average; 50-day average above 200-day average; 6-month return positive; 1-year annualized return positive; 3-year annualized return positive; 5-year annualized return positive
IDEQ,IDEQ,ETF,Lazard International Dynamic Equity ETF,ETF / Fund,35.77000045776367,,Not Rated,,,,,true,true,false,-0.5836550504291771,4.958915891750348,2.285876476451132,3.222933304682596,18.79990807058192,,,,,,,,,,,,,,,,,,,,,10Y,10000,,,,Short technical: price above 20-day average; 20-day average above 50-day average; RSI in bullish 50-70 zone; 1-month momentum positive; 3-month momentum positive | Long technical: price above 200-day average; 50-day average above 200-day average; 6-month return positive; 1-year annualized return positive
IDMO,IDMO,ETF,Invesco S&P International Developed Momentum ETF,ETF / Fund,62.56999969482422,,Not Rated,,,,,false,true,false,-0.6036553828589475,5.889320584278113,4.540326198118616,5.874707361310927,14.124446149571911,42.16733430925181,12.806422481989888,20.15549825460321,-12.031802401456371,13.783494907652782,21.591793955660226,25.18561121040541,-16.65994777308685,29.220363815553576,-1.5141273196354277,-11.790880220985478,-7.329853085215776,19.81226830738363,,,,,,,,10Y,10000,35536.79741467842,25536.797414678418,255.36797414678415,Long technical: price above 200-day average; 50-day average above 200-day average; 6-month return positive; 1-year annualized return positive; 3-year annualized return positive; 5-year annualized return positive
ITA,ITA,ETF,iShares U.S. Aerospace & Defense ETF,ETF / Fund,232.82000732421875,,Not Rated,,,,,false,true,false,-0.614696156571104,-4.963665856556043,-1.098001320500308,-4.34324081365558,8.591293034947501,48.64319480568391,15.81355681561034,14.334496185058152,9.96002558165612,9.3939519805158,-13.57485535321441,30.509178273499327,-7.217130764172497,35.243679770591484,20.249521591595983,4.138851194331572,9.893141673844651,56.962589698834456,13.88687337148271,5.149214450150574,16.59100185745599,25.32824361594688,-38.64553188606382,27.618247199996397,,10Y,10000,43757.66778027032,33757.66778027032,337.57667780270316,Long technical: price above 200-day average; 50-day average above 200-day average; 1-year annualized return positive; 3-year annualized return positive; 5-year annualized return positive
GVAL,GVAL,ETF,Cambria Global Value ETF,ETF / Fund,38.5099983215332,,Not Rated,,,,,true,true,false,-0.6193591702368995,5.449063085503014,8.849039685743554,9.589148908430678,23.83191885737943,55.86649376447988,2.593325326439788,13.29963825104854,-7.982767784308753,10.702131751335408,-8.514426175082868,17.23809509934682,-15.866567302848413,26.782161995319814,13.99550978655284,-9.844831865697511,,,,,,,,,,10Y,10000,29805.336248963053,19805.336248963053,198.05336248963053,Short technical: price above 20-day average; 20-day average above 50-day average; RSI in bullish 50-70 zone; 1-month momentum positive; 3-month momentum positive | Long technical: price above 200-day average; 50-day average above 200-day average; 6-month return positive; 1-year annualized return positive; 3-year annualized return positive; 5-year annualized return positive
NXTG,NXTG,ETF,First Trust IndXX NextG ETF,ETF / Fund,151.9134979248047,,Not Rated,,,,,false,true,false,-0.6386954468847184,5.495484670003248,-2.702293030605996,26.465500059893188,41.77936481274423,28.468995548982324,12.853749273880698,28.73952928080108,-24.698368282971728,21.807214750077694,27.58265099051169,29.576784144728883,-17.2461555395086,28.03081644095815,15.502986422928975,-3.779675598637589,16.018801672474204,34.340435092962096,7.242239430746977,,,,,,,10Y,10000,49105.64161297172,39105.64161297172,391.0564161297172,Long technical: price above 200-day average; 50-day average above 200-day average; 6-month return positive; 1-year annualized return positive; 3-year annualized return positive; 5-year annualized return positive
ROUS,ROUS,ETF,Hartford Multifactor US Equity ETF,ETF / Fund,67.91999816894531,,Not Rated,,,,,false,true,false,-0.6727100072377756,1.9207664931277124,3.1902780735162617,10.60113770306974,18.42044878777605,15.214611981317084,17.61345109173227,15.048337367711872,-9.644343755659412,27.325926540493395,6.61653050931712,23.94152093612658,-9.59319851546192,22.87903564176257,10.583443947593384,,,,,,,,,,,10Y,10000,34478.961085436946,24478.961085436946,244.78961085436944,Long technical: price above 200-day average; 50-day average above 200-day average; 6-month return positive; 1-year annualized return positive; 3-year annualized return positive; 5-year annualized return positive
IQDY,IQDY,ETF,Northern Trust International Quality Dividend Dynamic ETF,ETF / Fund,43.56460189819336,,Not Rated,,,,,true,true,false,-0.6961409645019234,5.0508816393392,3.026880616028671,9.253860793873317,20.912782428862545,37.42829384866167,5.9891228269576935,23.45721169260717,-15.781847965361418,11.981310930055232,9.559109354430294,27.269095829235933,-20.036695813239845,24.060499494753,10.420640748488363,-6.233298859296621,-7.2982501768846575,,,,,,,,,10Y,10000,31320.11576173815,21320.11576173815,213.2011576173815,Short technical: price above 20-day average; 20-day average above 50-day average; RSI in bullish 50-70 zone; 1-month momentum positive; 3-month momentum positive | Long technical: price above 200-day average; 50-day average above 200-day average; 6-month return positive; 1-year annualized return positive; 3-year annualized return positive; 5-year annualized return positive
MAVF,MAVF,ETF,Matrix Advisors Value ETF,ETF / Fund,139.48500061035156,,Not Rated,,,,,false,true,false,-0.7273681356111839,2.064185970899945,2.05373722456772,11.30572796649123,14.71277536909341,,,,,,,,,,,,,,,,,,,,,10Y,10000,,,,Long technical: price above 200-day average; 50-day average above 200-day average; 6-month return positive; 1-year annualized return positive
AVGO,Broadcom Inc. Common Stock,Stock,Technology,Semiconductors,368.7900085449219,1754.54800122,Strong Buy,215.88,525.97394,675,42.6215265633835,false,true,true,-0.7401625495918829,-3.1818526687838578,-13.410451426743242,15.834303371053604,6.948433723935854,50.63296640420878,110.49292765008629,104.18421956552942,-13.269655346639532,56.48488618773253,44.88002740500578,29.05166761050342,3.6219521634218266,48.186100352267445,23.645629939412597,46.03699367758758,93.2168844315289,70.74379409642366,11.592345240993884,2.852794524153324,55.74373643240384,,,,,10Y,10000,333585.9586649637,323585.9586649637,3235.859586649637,Fundamental/consensus: Nasdaq Strong Buy | Long technical: price above 200-day average; 50-day average above 200-day average; 6-month return positive; 1-year annualized return positive; 3-year annualized return positive; 5-year annualized return positive
BFOR,BFOR,ETF,Barron's 400 ETF,ETF / Fund,24.1200008392334,,Not Rated,,,,,false,true,false,-0.7815657378979712,1.6434947514555098,6.584187952821474,10.049053692245868,17.158476192629113,13.838278414432548,17.806471388126543,18.185472526297808,-15.91693228882174,30.706040819534387,17.60114683787375,21.296529910358707,-13.862141711508036,19.370736383648545,16.8447627149958,-3.2997134216053547,6.276888780500012,,,,,,,,,10Y,10000,34975.23268279137,24975.23268279137,249.75232682791372,Long technical: price above 200-day average; 50-day average above 200-day average; 6-month return positive; 1-year annualized return positive; 3-year annualized return positive; 5-year annualized return positive
RJCA,RJCA,ETF,RJ ClariVest Capital Appreciation ETF,ETF / Fund,72.2699966430664,,Not Rated,,,,,false,false,false,-0.7961590160646681,2.19173557071366,,,2.19173557071366,,,,,,,,,,,,,,,,,,,,,10Y,10000,,,,
FMDE,FMDE,ETF,Fidelity Enhanced Mid Cap Core ETF,ETF / Fund,42.119998931884766,,Not Rated,,,,,false,true,false,-0.8007540271290914,2.158620905966102,6.61487988294045,11.286826483944632,16.425971557764353,12.190405324355314,21.76255176712223,,,,,,,,,,,,,,,,,,,10Y,10000,,,,Long technical: price above 200-day average; 50-day average above 200-day average; 6-month return positive; 1-year annualized return positive
FYX,FYX,ETF,First Trust Small Cap Core AlphaDEX® Fund,ETF / Fund,142.4481964111328,,Not Rated,,,,,false,true,false,-0.8159022043543129,-0.6568121783419256,5.503266249851535,16.520791296704807,26.510646330792365,12.681407117128083,12.22116872013892,18.29626432721463,-18.410051840886094,27.426867713801208,19.47552228983685,21.32534665308907,-10.634929204512888,14.339407279120351,23.084974060515574,-9.099714443979536,1.2921516506443798,43.18700306980943,15.425764161819622,-0.3659276240875919,27.338062252261008,36.8371166521668,-34.64436821984131,,,10Y,10000,35869.23183988746,25869.231839887463,258.6923183988746,Long technical: price above 200-day average; 50-day average above 200-day average; 6-month return positive; 1-year annualized return positive; 3-year annualized return positive; 5-year annualized return positive
RSPN,RSPN,ETF,Invesco S&P 500® Equal Weight Industrials ETF,ETF / Fund,62.220001220703125,,Not Rated,,,,,false,true,false,-0.8446195686006019,-3.2047255720503043,2.455351744676326,-1.6585391735521204,10.358454892319546,13.843806051855756,17.62917520030416,22.31758838523772,-8.79321178088861,25.84677075172073,17.77572638882823,33.170310724915744,-13.233469286006104,23.22419857618041,20.56896521570051,-6.937780876865684,11.986279178340189,40.07460188642018,15.925773506387465,-2.183107436397969,26.118428607931698,29.62273041506127,-38.12134976344223,15.918750387692482,,10Y,10000,41950.3116708624,31950.3116708624,319.503116708624,Long technical: price above 200-day average; 50-day average above 200-day average; 1-year annualized return positive; 3-year annualized return positive; 5-year annualized return positive
XCEM,XCEM,ETF,Columbia EM Core ex-China ETF,ETF / Fund,51.11000061035156,,Not Rated,,,,,true,true,false,-0.8535376008166007,10.46034170024692,-2.48044121512192,12.157123003352943,33.2377471249554,34.05007333143328,0.415204255649515,19.96253007578048,-17.587164051170014,7.872688268688543,9.472870068197947,19.738633371700985,-11.260453826313189,33.39125343998697,14.443325317914349,,,,,,,,,,,10Y,10000,33964.21776530591,23964.21776530591,239.6421776530591,Short technical: price above 20-day average; 20-day average above 50-day average; MACD above signal line; RSI in bullish 50-70 zone; 1-month momentum positive | Long technical: price above 200-day average; 50-day average above 200-day average; 6-month return positive; 1-year annualized return positive; 3-year annualized return positive; 5-year annualized return positive
BX,Blackstone Inc. Common Stock,Stock,Finance,Investment Managers,142.38999938964844,106.881509982,Buy,119,142.57143,184,0.12741808492819917,true,true,false,-0.8702311370867966,7.425317374608586,23.852681517700105,28.054450584224423,-4.721272328293146,-7.8410787534873405,35.0706932158585,82.7473121282797,-40.00548330414014,107.1056092635672,19.776133010455958,96.32607810657474,0.1030978785325098,27.3442412633091,-1.5250560206296893,-5.027331069877716,13.926968891691027,113.59870897140954,15.440760022722944,3.603459944381915,12.757618532072224,115.77437943234634,-67.3864423307116,,,10Y,10000,79496.81478674144,69496.81478674144,694.9681478674144,Short technical: price above 20-day average; 20-day average above 50-day average; RSI in bullish 50-70 zone; 1-month momentum positive; 3-month momentum positive | Long technical: price above 200-day average; 50-day average above 200-day average; 6-month return positive; 3-year annualized return positive; 5-year annualized return positive | Consensus confirmation: Nasdaq Buy
LGDS,LGDS,ETF,JPMorgan Fundamental Data Science Large Growth ETF,ETF / Fund,49.35580062866211,,Not Rated,,,,,false,false,false,-0.8720632233003789,4.990007213113201,,,0.5414554394948423,,,,,,,,,,,,,,,,,,,,,10Y,10000,,,,
NANR,NANR,ETF,State Street® SPDR® S&P® North American Natural Resources ETF,ETF / Fund,89.3864974975586,,Not Rated,,,,,true,true,false,-0.879909963331027,12.43584590887874,9.063856541448123,5.577384509175665,32.92507928828989,35.3541151834905,2.312056173750099,-3.232986054361009,26.489767950726616,36.43187346088548,1.03058617048708,18.99244394863357,-16.77536336983231,8.026728372029513,40.00462933140008,,,,,,,,,,,10Y,10000,46515.914964422926,36515.914964422926,365.1591496442292,Short technical: price above 20-day average; 20-day average above 50-day average; MACD above signal line; RSI in bullish 50-70 zone; 1-month momentum positive; 3-month momentum positive | Long technical: price above 200-day average; 50-day average above 200-day average; 6-month return positive; 1-year annualized return positive; 3-year annualized return positive; 5-year annualized return positive
DSI,DSI,ETF,iShares ESG MSCI KLD 400 ETF,ETF / Fund,147.3350067138672,,Not Rated,,,,,true,true,false,-0.884619735358283,6.69491680871297,3.3894887739801094,15.324854417367597,14.87725621761482,18.03335987651906,22.37751914624613,28.50408437733949,-21.71159362497107,31.317566167777343,20.93471017765629,31.15210121283856,-3.902126191830913,20.88697143766696,10.038347712238991,0.3022562099822989,12.29765691790472,35.43742651887902,12.286248579343706,1.4702721688709677,11.403010038475305,30.730563891058328,-35.32026124579568,3.1628863586731004,,10Y,10000,44446.87542039728,34446.87542039728,344.46875420397276,Short technical: price above 20-day average; 20-day average above 50-day average; RSI in bullish 50-70 zone; 1-month momentum positive; 3-month momentum positive | Long technical: price above 200-day average; 50-day average above 200-day average; 6-month return positive; 1-year annualized return positive; 3-year annualized return positive; 5-year annualized return positive
DDIV,DDIV,ETF,First Trust Dorsey Wright Momentum & Dividend ETF,ETF / Fund,46.37490081787109,,Not Rated,,,,,false,true,false,-0.8998645259169269,-2.735166453258897,4.58160054410055,9.166866991622635,12.357253288950766,12.230428354285008,27.17668907935604,9.95314670581926,-12.439505543785245,39.96425462884248,-3.585799428074365,32.400075924949576,-16.49840916273757,14.060840960659494,16.98975542924326,-6.142278151428416,,,,,,,,,,10Y,10000,30736.940977176888,20736.940977176888,207.3694097717689,Long technical: price above 200-day average; 50-day average above 200-day average; 6-month return positive; 1-year annualized return positive; 3-year annualized return positive; 5-year annualized return positive
SHOP,Shopify Inc. Class A Subordinate Voting Shares,Stock,Technology,Computer Software: Prepackaged Software,152.89999389648438,198.129505723,Strong Buy,110,171.14894,220,11.935217025496048,true,true,true,-0.9265910176919134,17.362600037713616,32.92184257938404,26.646226824363996,-5.013361038094367,51.38718936209996,36.49550673722535,124.4310100276755,-74.800165904811,21.68293545159485,184.7099988572603,187.16503180464176,37.0792053872588,135.59598691550883,66.16280256057865,,,,,,,,,,,10Y,10000,592635.6527826963,582635.6527826963,5826.356527826963,Short technical: price above 20-day average; 20-day average above 50-day average; RSI in bullish 50-70 zone; 1-month momentum positive; 3-month momentum positive | Fundamental/consensus: Nasdaq Strong Buy
SLX,SLX,ETF,VanEck Steel ETF,ETF / Fund,108.69000244140624,,Not Rated,,,,,false,true,false,-0.9477817221461238,4.099222899318877,-2.0987157918507027,7.5286906138673615,28.081548031650392,47.45032463140137,-17.942563068982775,31.262935287668235,14.280130076296672,27.687120534088816,20.568642026357956,11.249415460843238,-19.271503306682455,24.50424427853164,95.7890011408521,-41.96371894824593,-26.328194506709917,4.22700111055796,4.716132622009517,-32.92376700373229,19.645767564714056,112.87893976392796,-63.75194963851376,84.36428806629279,,10Y,10000,78350.46880118412,68350.46880118412,683.5046880118412,Long technical: price above 200-day average; 50-day average above 200-day average; 6-month return positive; 1-year annualized return positive; 3-year annualized return positive; 5-year annualized return positive
FELG,FELG,ETF,Fidelity Enhanced Large Cap Growth ETF,ETF / Fund,44.08000183105469,,Not Rated,,,,,false,true,false,-0.966067190954012,5.505033793580494,-1.6997117253933158,11.67183600227222,5.914160579552696,18.437406877685117,35.44652761195171,,,,,,,,,,,,,,,,,,,10Y,10000,,,,Long technical: price above 200-day average; 50-day average above 200-day average; 6-month return positive; 1-year annualized return positive
DFMC,DFMC,ETF,DFA US Micro Cap Portfolio ETF Class,ETF / Fund,60.310001373291016,,Not Rated,,,,,false,false,false,-0.9850574218095098,-0.2975703425048159,5.831589935402182,,22.74658508563354,,,,,,,,,,,,,,,,,,,,,10Y,10000,,,,
ABBV,AbbVie Inc. Common Stock,Stock,Health Care,Biotechnology: Pharmaceutical Preparations,255.47999572753903,451.463123972,Strong Buy,200,276.5862,328,8.261392134580303,false,true,true,-1.0342817091120835,-2.9331368242565548,17.686714106004064,11.78604367705307,14.455941214848655,33.077823628619285,18.85903658542916,-0.2348209932211742,24.007708510637737,32.42603158260411,27.718251371288183,1.4681501906786298,-0.9564898962711176,60.07491712954525,9.79201868286259,-6.500780670204087,27.91827459996805,,,,,,,,,10Y,10000,66908.30933221018,56908.30933221018,569.0830933221018,Fundamental/consensus: Nasdaq Strong Buy | Long technical: price above 200-day average; 50-day average above 200-day average; 6-month return positive; 1-year annualized return positive; 3-year annualized return positive; 5-year annualized return positive
HWM,Howmet Aerospace Inc. Common Stock,Stock,Industrials,Metal Fabrications,264.8500061035156,105.622550525,Strong Buy,256.56,337.128,375,27.290161310487115,false,true,true,-1.0461378131215948,-7.363293529438764,1.9577627294109945,0.976946096636966,29.375964000271026,87.95380148271681,102.7054502248034,37.840500434695976,24.1649310215484,11.673793599756957,21.026946783123023,83.54461552559012,-37.43032474804031,48.40226900220777,,,,,,,,,,,,10Y,10000,,,,Fundamental/consensus: Nasdaq Strong Buy | Long technical: price above 200-day average; 50-day average above 200-day average; 6-month return positive; 1-year annualized return positive; 3-year annualized return positive; 5-year annualized return positive
FIDU,FIDU,ETF,Fidelity MSCI Industrials Index ETF,ETF / Fund,93.77999877929688,,Not Rated,,,,,false,true,false,-1.1906067213267146,-2.909201434032393,-0.637710250782042,-0.3786878912348412,14.296367694899548,18.61055500508657,16.51379318099313,22.62359346688225,-8.364189947897227,20.62722285962317,13.717333880541682,30.690161090028667,-13.849915239770038,22.23720009033972,20.08907877403827,-3.6437529833232007,6.675435072924008,,,,,,,,,10Y,10000,40239.25005041393,30239.25005041393,302.3925005041393,Long technical: price above 200-day average; 50-day average above 200-day average; 1-year annualized return positive; 3-year annualized return positive; 5-year annualized return positive
SMLF,SMLF,ETF,iShares U.S. Small-Cap Equity Factor ETF,ETF / Fund,88.2699966430664,,Not Rated,,,,,false,true,false,-1.2087317845534074,1.763890727435613,3.2315822271141714,12.090502686021608,18.467445355208035,12.295520603915763,16.32762128966565,19.98842351943466,-12.1845403442847,26.53115106201553,8.377390369418114,21.55922872715641,-8.421391442738713,12.695715321405457,20.430418373082794,,,,,,,,,,,10Y,10000,33784.41120431002,23784.411204310018,237.84411204310015,Long technical: price above 200-day average; 50-day average above 200-day average; 6-month return positive; 1-year annualized return positive; 3-year annualized return positive; 5-year annualized return positive
GSGO,GSGO,ETF,Goldman Sachs Growth Opportunities ETF,ETF / Fund,44.18119812011719,,Not Rated,,,,,false,false,false,-1.220298825194044,5.7852239094432045,-1.1473623332488914,14.890641051636244,10.010206150951294,,,,,,,,,,,,,,,,,,,,,10Y,10000,,,,
SPMO,SPMO,ETF,Invesco S&P 500® Momentum ETF,ETF / Fund,146.77999877929688,,Not Rated,,,,,false,true,false,-1.2247693468807277,4.1362199058404325,-2.081374451653095,23.395951874755983,23.55107351934247,26.581674049076295,45.8172919806137,17.557771963867054,-10.450436634101168,22.506168114689817,27.800190308155216,25.927919168619077,-0.9172927602126512,27.760558326006123,7.175014146136993,,,,,,,,,,,10Y,10000,64215.65313346636,54215.65313346636,542.1565313346636,Long technical: price above 200-day average; 50-day average above 200-day average; 6-month return positive; 1-year annualized return positive; 3-year annualized return positive; 5-year annualized return positive
XMHQ,XMHQ,ETF,Invesco S&P MidCap Quality ETF,ETF / Fund,118.02999877929688,,Not Rated,,,,,false,true,false,-1.3044548928541788,2.68835590069334,7.361535903424765,9.225639878978242,15.58167464770792,4.706176672069828,16.79316354076006,29.50337625581689,-12.41355267693164,20.5288194430566,26.24132956385157,27.180559519065728,-9.081111259407392,15.637072068178126,16.152631876371327,-6.516063119215643,13.05431585725949,33.420929493709785,13.23756907805722,-1.388294397694945,21.152169015249168,29.54626436690304,-40.153363547615925,5.609942110188126,,10Y,10000,37886.99518337857,27886.995183378567,278.8699518337857,Long technical: price above 200-day average; 50-day average above 200-day average; 6-month return positive; 1-year annualized return positive; 3-year annualized return positive; 5-year annualized return positive
FESM,FESM,ETF,Fidelity Enhanced Small Cap Core ETF,ETF / Fund,47.400001525878906,,Not Rated,,,,,false,true,false,-1.33222185148123,0.6155824915519581,3.705847112649163,19.08050903131042,26.07784531692343,17.88200339812416,16.220413421300673,,,,,,,,,,,,,,,,,,,10Y,10000,,,,Long technical: price above 200-day average; 50-day average above 200-day average; 6-month return positive; 1-year annualized return positive
GRID,GRID,ETF,First Trust NASDAQ® Clean Edge® Smart Grid Infrastructure Index Fund,ETF / Fund,179.19000244140625,,Not Rated,,,,,false,true,false,-1.3868274609824316,3.87826228487318,-7.203992456459729,1.2201080845703816,17.644720516805855,29.65343847875288,15.18458209550757,21.57058355562136,-13.88655737591944,27.647898338201383,48.841069788600656,42.7825836645642,-22.685609871271076,27.437513572630245,22.689265967632256,-5.515093417241967,0.5234401372928854,25.20192039382045,18.35271188247816,-20.83541547240224,-0.698829511710064,,,,,10Y,10000,60315.115693272055,50315.115693272055,503.1511569327206,Long technical: price above 200-day average; 50-day average above 200-day average; 6-month return positive; 1-year annualized return positive; 3-year annualized return positive; 5-year annualized return positive
MTUM,MTUM,ETF,iShares MSCI USA Momentum Factor ETF,ETF / Fund,299.7099914550781,,Not Rated,,,,,false,true,false,-1.4857244085144217,2.528045958435876,-4.6429032981900376,18.718398419908144,19.975252172398218,22.149832054163475,32.886845287663505,9.145419385139151,-18.267847506856207,13.361052489730897,29.86193977015461,27.252638862332468,-1.6734377817960389,37.49606871395201,4.998051949502869,8.914162036875739,14.621113847010324,,,,,,,,,10Y,10000,46197.65356641418,36197.65356641418,361.9765356641418,Long technical: price above 200-day average; 50-day average above 200-day average; 6-month return positive; 1-year annualized return positive; 3-year annualized return positive; 5-year annualized return positive
FTEC,FTEC,ETF,Fidelity MSCI Information Technology Index ETF,ETF / Fund,286.6000061035156,,Not Rated,,,,,true,true,false,-1.528940689260061,8.302158037759998,1.0129465704162175,32.62151818186696,27.82832992834241,22.114333631410467,29.396692978636672,53.29629728235152,-29.59120901008333,30.48816080291803,45.82952379301118,48.93029790279903,-0.3851571507856977,36.83201884205054,13.483318579719938,4.965833217392279,18.33946682726648,,,,,,,,,10Y,10000,95569.41548596419,85569.41548596419,855.6941548596418,Short technical: price above 20-day average; 20-day average above 50-day average; RSI in bullish 50-70 zone; 1-month momentum positive; 3-month momentum positive | Long technical: price above 200-day average; 50-day average above 200-day average; 6-month return positive; 1-year annualized return positive; 3-year annualized return positive; 5-year annualized return positive
RSPT,RSPT,ETF,Invesco S&P 500® Equal Weight Technology ETF,ETF / Fund,64.7699966430664,,Not Rated,,,,,true,true,false,-1.5952644433700591,9.224279049547256,3.6519987561076,37.4923466076351,42.53767109344078,22.1466563592478,15.159427960284976,35.181911580098046,-24.4951187373652,28.370731059742194,29.947022033924032,42.070031955014464,-0.6137934504804488,32.98098361002315,19.11027468198201,2.876177170950145,19.191340105317423,40.72022426641957,11.701178103280265,-6.6112982490646015,17.883937209821553,69.07835765741113,-45.69957172340813,0.9761244139018688,,10Y,10000,76349.12399961916,66349.12399961916,663.4912399961916,Short technical: price above 20-day average; 20-day average above 50-day average; RSI in bullish 50-70 zone; 1-month momentum positive; 3-month momentum positive | Long technical: price above 200-day average; 50-day average above 200-day average; 6-month return positive; 1-year annualized return positive; 3-year annualized return positive; 5-year annualized return positive
XAR,XAR,ETF,State Street® SPDR® S&P® Aerospace & Defense ETF,ETF / Fund,261.7900085449219,,Not Rated,,,,,false,false,false,-1.601195054878879,-3.725362011834654,-9.5706904943195,-7.4148445184885725,8.58913749755612,46.15263791059589,23.31582747165113,23.78930337144656,-5.020494798980368,2.3115696629354643,6.17678344793986,39.334606779185854,-4.58277325480434,32.99555442319981,21.25000322117878,-0.9785024684098031,11.595122210513487,61.17436075991927,14.764924238863152,,,,,,,10Y,10000,53590.01351801842,43590.01351801842,435.9001351801842,
FYC,FYC,ETF,First Trust Small Cap Growth AlphaDEX® Fund,ETF / Fund,120.5199966430664,,Not Rated,,,,,false,true,false,-1.664491641779009,1.4307330016903208,2.680544611035152,20.02551591234203,25.51980702899293,24.24506316257322,23.99316873676776,14.525236271548469,-25.855643613446823,21.642717503087194,32.34521263600372,16.79189609325622,-5.540389934605994,22.95551829945101,13.836382593057216,1.209591212958272,-1.1191423423409397,43.45657498509175,11.57402779735197,,,,,,,10Y,10000,40817.911327070746,30817.911327070746,308.1791132707075,Long technical: price above 200-day average; 50-day average above 200-day average; 6-month return positive; 1-year annualized return positive; 3-year annualized return positive; 5-year annualized return positive
TSLA,Tesla Inc. Common Stock,Stock,Industrials,Auto Manufacturing,348.75,1377.404653658,Buy,125,390.09283,600,11.854574910394255,false,false,false,-1.707955694679375,13.436767249072236,-21.115133412067443,-13.356192010461696,-22.451747964652213,11.360936335891058,62.52414813331912,101.72105464518206,-65.03151169866453,49.755559240135774,743.4369946079432,25.700118885476808,6.88935444900336,45.70171108421774,-10.96621296709317,7.913318504879152,47.84948772420981,344.1394113109243,18.59242883286971,7.247485038347645,,,,,,10Y,10000,217959.65601448948,207959.65601448948,2079.5965601448947,
XTL,XTL,ETF,State Street® SPDR® S&P® Telecom ETF,ETF / Fund,209.82000732421875,,Not Rated,,,,,false,true,false,-2.021941020628115,1.465261442265886,-12.87500868825502,14.875462285390096,37.96751331538284,44.94834834166628,34.89065756516172,-1.1672315854007076,-19.178343754914074,21.57878588096689,22.46135185056865,12.51213736544554,-6.599794101213052,0.5549724621657148,24.872059153794844,-1.313829295157698,5.439083456929339,22.9848022627694,11.5907171038792,,,,,,,10Y,10000,42332.46625866593,32332.466258665932,323.3246625866594,Long technical: price above 200-day average; 50-day average above 200-day average; 6-month return positive; 1-year annualized return positive; 3-year annualized return positive; 5-year annualized return positive
SPIT,SPIT,ETF,F/m Emerald Special Situations ETF,ETF / Fund,32.07609939575195,,Not Rated,,,,,false,false,false,-2.1652532103390354,1.9875335534103036,-2.5427607616877457,13.139217613672782,23.645440188973232,,,,,,,,,,,,,,,,,,,,,10Y,10000,,,,
SPHB,SPHB,ETF,Invesco S&P 500® High Beta ETF,ETF / Fund,146.22000122070312,,Not Rated,,,,,false,true,false,-2.2201365617805946,5.179108564930801,-1.020648891988507,19.16918234574665,25.41443105515104,32.87618490134594,8.48049464348457,33.27720179570635,-20.58548776020771,40.20764205052474,24.980001782673234,33.96088720048604,-15.55136007865744,17.855722956728325,26.23160555174715,-12.851358296745074,12.679903404346948,40.68337909538686,17.929406809809212,,,,,,,10Y,10000,56429.1784344934,46429.1784344934,464.29178434493394,Long technical: price above 200-day average; 50-day average above 200-day average; 6-month return positive; 1-year annualized return positive; 3-year annualized return positive; 5-year annualized return positive
BBP,BBP,ETF,Virtus LifeSci Biotech Products ETF,ETF / Fund,105.91999816894533,,Not Rated,,,,,true,true,false,-2.563774683046094,8.421276149436574,21.406622997004177,24.758535059223963,32.540820816489834,33.151719222830934,3.3154350578511904,17.881494506773876,0.8513432787349062,-8.167639064393327,22.237538655249512,24.727784745277702,-13.954634259798748,24.071667444796454,6.262165717878099,19.54842791461062,,,,,,,,,,10Y,10000,34429.54516427827,24429.545164278272,244.2954516427827,Short technical: price above 20-day average; 20-day average above 50-day average; MACD above signal line; RSI in bullish 50-70 zone; 1-month momentum positive; 3-month momentum positive | Long technical: price above 200-day average; 50-day average above 200-day average; 6-month return positive; 1-year annualized return positive; 3-year annualized return positive; 5-year annualized return positive
NET,Cloudflare Inc. Class A Common Stock,Stock,Technology,Computer Software: Prepackaged Software,299.8399963378906,106.766941746,Strong Buy,160,333.55194,400,11.243311123883304,true,true,true,-2.721997972095469,13.5327487347223,31.445353353913408,74.13322033021157,52.08724606673063,83.08877538794741,29.32980728127916,84.16280429615416,-65.61977255933638,73.04909027072956,345.42790294613826,,,,,,,,,,,,,,,10Y,10000,,,,Short technical: price above 20-day average; 20-day average above 50-day average; RSI in bullish 50-70 zone; 1-month momentum positive; 3-month momentum positive | Fundamental/consensus: Nasdaq Strong Buy | Long technical: price above 200-day average; 50-day average above 200-day average; 6-month return positive; 1-year annualized return positive; 3-year annualized return positive; 5-year annualized return positive
ANET,Arista Networks Inc. Common Stock,Stock,Telecommunications,Computer Communications Equipment,195.3800048828125,246.418071726,Strong Buy,185,241.81519,289,23.76660044871992,true,true,true,-2.839520393388273,15.125801162818409,25.83242062643878,46.35206358263109,49.11089575136523,18.5470010190933,87.72876116913777,94.0749876128432,-15.582609757133149,97.8869069437072,42.85644839895988,-3.4646431691933266,-10.5611701712504,143.4432262098606,24.31911767185056,28.11059659016533,,,,,,,,,,10Y,10000,401603.317728228,391603.317728228,3916.03317728228,Short technical: price above 20-day average; 20-day average above 50-day average; RSI in bullish 50-70 zone; 1-month momentum positive; 3-month momentum positive | Fundamental/consensus: Nasdaq Strong Buy | Long technical: price above 200-day average; 50-day average above 200-day average; 6-month return positive; 1-year annualized return positive; 3-year annualized return positive; 5-year annualized return positive
AIRR,AIRR,ETF,First Trust RBA American Industrial RenaissanceTM ETF,ETF / Fund,109.4800033569336,,Not Rated,,,,,false,false,false,-2.926046690975015,-5.636953521256338,-16.100851599190957,-7.314786209788404,11.416454176062496,27.91768109274657,33.44631349376888,31.435006196796024,-2.083356964748861,33.00798294442953,17.168744878679966,33.977337430812746,-20.56740864042077,16.276654709567495,43.37395352072737,-9.50827231673308,,,,,,,,,,10Y,10000,67676.2686414944,57676.268641494404,576.762686414944,
PANW,Palo Alto Networks Inc. Common Stock,Stock,Technology,Computer peripheral equipment,371.5899963378906,302.84585,Strong Buy,201,362.714,475,-2.388653199861601,true,true,true,-2.941102151264041,16.485892268931224,44.15564735046866,149.52323456003057,101.73181460057386,1.2310343766349652,23.412916237694347,111.32293182653969,-24.811413802039823,56.66169861892909,53.682156827948255,22.776750466057383,29.950317610248867,15.905639919187609,-29.00533468543496,43.705637454681614,113.2765011783612,7.380412769912814,,,,,,,,10Y,10000,126577.72145753581,116577.72145753581,1165.7772145753581,Short technical: price above 20-day average; 20-day average above 50-day average; RSI in bullish 50-70 zone; 1-month momentum positive; 3-month momentum positive | Fundamental/consensus: Nasdaq Strong Buy | Long technical: price above 200-day average; 50-day average above 200-day average; 6-month return positive; 1-year annualized return positive; 3-year annualized return positive; 5-year annualized return positive
PRN,PRN,ETF,Invesco Dorsey Wright Industrials Momentum ETF,ETF / Fund,199.06539916992188,,Not Rated,,,,,false,false,false,-3.305287855761707,-5.130154204449733,-19.709028737704905,-4.184922779552725,14.02531623442318,13.740679075478802,30.34689217254907,37.96439623294041,-25.09121717740095,25.214358891118096,36.391426572839606,34.522059502199795,-16.190473734746057,22.822189234496413,12.705332313446128,-5.57019075019185,-0.2795195876302503,50.52833264440544,19.34741182225639,-6.437944122744344,32.9924486435349,14.903879410772202,-35.67884935352142,15.44635312303544,,10Y,10000,46565.78682953452,36565.78682953452,365.65786829534517,
DELL,Dell Technologies Inc. Class C Common Stock,Stock,Technology,Computer Manufacturing,456.239990234375,295.692789814,Strong Buy,360,510.26086,700,11.840450403717107,false,true,true,-3.392203277851213,16.358067618577454,44.13938355883727,209.5677295728732,265.7558065748265,11.219758711852812,52.97060178739335,95.85038495106528,-26.63298599029995,51.21213159190911,42.61532274310296,5.156507655104958,8.586657579808477,47.86248731693341,,,,,,,,,,,,10Y,10000,,,,Fundamental/consensus: Nasdaq Strong Buy | Long technical: price above 200-day average; 50-day average above 200-day average; 6-month return positive; 1-year annualized return positive; 3-year annualized return positive; 5-year annualized return positive
RING,RING,ETF,iShares MSCI Global Gold Miners ETF,ETF / Fund,87.45999908447266,,Not Rated,,,,,true,false,false,-3.890110896183896,37.06315186051828,16.200417786243793,-11.3594912840295,19.671914659687072,164.71513665951392,15.978521955830828,12.290582060071964,-15.397659894153035,-7.460847237519486,24.97889572502967,49.91885771512934,-13.144145626120906,10.23571550064586,58.68403612253268,-25.83061607297428,-17.613426701819435,-52.06722044000372,,,,,,,,10Y,10000,91949.08676005104,81949.08676005104,819.4908676005105,Short technical: price above 20-day average; 20-day average above 50-day average; MACD above signal line; RSI in bullish 50-70 zone; 1-month momentum positive; 3-month momentum positive
FTNT,Fortinet Inc. Common Stock,Stock,Technology,Computer peripheral equipment,166,121.796466398,Buy,86,160.86485,220,-3.0934638554216964,true,true,false,-3.924064606550559,10.68142734285955,27.98766685109764,110.04682090857662,109.04167276749187,-15.950464817292245,61.42150235334174,19.717732685612454,-31.98386024239356,141.9713147755186,39.125142244959775,51.5831223347593,61.20394344006199,45.0531154151697,-3.3686241772188152,1.6634089533408725,60.27182460069718,-8.991437234153931,-3.622191489801296,34.83771653806189,84.12065744365343,,,,,10Y,10000,266281.6723047266,256281.6723047266,2562.8167230472664,Short technical: price above 20-day average; 20-day average above 50-day average; MACD above signal line; RSI in bullish 50-70 zone; 1-month momentum positive; 3-month momentum positive | Long technical: price above 200-day average; 50-day average above 200-day average; 6-month return positive; 1-year annualized return positive; 3-year annualized return positive; 5-year annualized return positive | Consensus confirmation: Nasdaq Buy
CRWD,CrowdStrike Holdings Inc. Class A Common Stock,Stock,Technology,Computer Software: Prepackaged Software,218.3999938964844,222.387826752,Strong Buy,103.25,210.535,256,-3.60118778218107,true,true,true,-4.193723695306972,20.132007827473288,30.193737047084568,134.85132259379552,86.36401514342663,37.00023519655324,34.012217549256384,142.49216934574665,-48.57631212916858,-3.337742932563104,324.7443590555002,,,,,,,,,,,,,,,10Y,10000,,,,Short technical: price above 20-day average; 20-day average above 50-day average; RSI in bullish 50-70 zone; 1-month momentum positive; 3-month momentum positive | Fundamental/consensus: Nasdaq Strong Buy | Long technical: price above 200-day average; 50-day average above 200-day average; 6-month return positive; 1-year annualized return positive; 3-year annualized return positive; 5-year annualized return positive
GEV,GE Vernova Inc. Common Stock,Stock,Technology,Consumer Electronics/Appliances,911.9299926757812,242.877582521,Strong Buy,940,1236.4318,1450,35.58407004161217,false,true,true,-4.392818810829668,-3.3337586173387224,-8.39397969237523,4.504086036426802,39.78913361685248,99.01674792625816,,,,,,,,,,,,,,,,,,,,10Y,10000,,,,Fundamental/consensus: Nasdaq Strong Buy | Long technical: price above 200-day average; 50-day average above 200-day average; 6-month return positive; 1-year annualized return positive
ARM,Arm Holdings plc American Depositary Shares,Stock,Technology,Semiconductors,239.0500030517578,254.362407991,Strong Buy,125,286.44104,500,19.824738064521718,false,true,true,-6.332041548914424,-2.3249171830083903,-28.699254068335456,87.56375737602937,118.68997199786703,-11.389431730092603,64.16262708254965,,,,,,,,,,,,,,,,,,,10Y,10000,,,,Fundamental/consensus: Nasdaq Strong Buy | Long technical: price above 200-day average; 50-day average above 200-day average; 6-month return positive; 1-year annualized return positive
VLO,Valero Energy Corporation Common Stock,Stock,Energy,Integrated oil Companies,352.3599853515625,101.454120158,Buy,190,317.89474,401,-9.78125972992514,true,true,false,1.66478809966768,18.34907288306875,44.4646588944501,73.67195718808071,119.6547050770742,36.97452736354707,-2.957523343511548,5.862339272531303,74.95396407728579,40.253653682092086,-35.690742575198485,30.267938317623425,-15.730721805431768,39.9871433317272,0.6597020289476285,46.82521122284384,0.2489768433141082,64.92996915609042,66.20949019907691,-7.841776122510558,39.52128022483519,-20.22191260162859,-68.54745170687784,37.9078129781901,-0.3314741094086026,10Y,10000,75447.65576502106,65447.65576502106,654.4765576502106,Short technical: price above 20-day average; 20-day average above 50-day average; RSI in bullish 50-70 zone; 1-month momentum positive; 3-month momentum positive | Long technical: price above 200-day average; 50-day average above 200-day average; 6-month return positive; 1-year annualized return positive; 3-year annualized return positive; 5-year annualized return positive | Consensus confirmation: Nasdaq Buy
MCK,McKesson Corporation Common Stock,Stock,Health Care,Other Pharmaceuticals,893.3900146484375,104.160664401,Strong Buy,845,986.9375,1080,10.471069053572846,true,true,true,0.3234107254527663,0.4373259863336143,18.15078981087708,-9.342879190188548,9.122536332052489,44.542344754756826,23.673642554477105,24.134440146628467,51.82127148650777,44.22725967012136,27.06032128563041,26.72231826543623,-28.404620840216545,11.948717199547708,-28.302674289154105,-4.514955520127195,29.26194961762714,67.65474597020965,25.596052803219216,11.789304513471288,13.787693797174594,62.93593431248061,-40.35718653018271,29.721081347235987,-1.2546685521910628,10Y,10000,49060.17531855188,39060.17531855188,390.6017531855189,Short technical: price above 20-day average; 20-day average above 50-day average; MACD above signal line; RSI in bullish 50-70 zone; 1-month momentum positive; 3-month momentum positive | Fundamental/consensus: Nasdaq Strong Buy
NFLX,Netflix Inc. Common Stock,Stock,Consumer Discretionary,Consumer Electronics/Video Chains,81.72000122070312,340.277150323,Strong Buy,70,93.66,135,14.610864660966216,true,true,true,2.354715642591132,12.888523151982302,-5.372857059813708,-15.087278642316548,-12.841297612209502,5.192296992735424,83.06770515730808,65.1112258860733,-51.05238509446479,11.412345176298434,67.11377588319436,20.888431367197512,39.43530912244471,55.056534475441765,8.23570914250018,134.37836426593367,-7.214046628685821,297.6348016430466,33.62677104807026,-60.56346526872956,218.93265424936052,84.30913956993362,12.283906600489436,2.93886405108752,-4.434372535399655,10Y,10000,71446.05978582599,61446.059785825986,614.4605978582598,Short technical: price above 20-day average; 20-day average above 50-day average; MACD above signal line; RSI in bullish 50-70 zone; 1-month momentum positive | Fundamental/consensus: Nasdaq Strong Buy
GLW,Corning Incorporated Common Stock,Stock,Industrials,Telecommunications Equipment,148.97999572753906,128.329633552,Strong Buy,129,191.4,226,28.473624304594857,false,true,true,-2.5000047434061923,18.22870661209539,-18.452025980282592,-0.7791490091230702,70.72501915367468,87.76111863917362,60.6438118959566,-1.2316212068862908,-11.563575745311647,5.921716326857629,27.574446005339247,-1.0239041121369974,-3.2839916932215774,34.63313128383516,36.2323764992118,-18.32365981085774,31.2128354087998,45.02997201083381,-0.2288902820307137,-31.921074003272587,1.2276886990630231,105.56922972102753,-59.80520103712137,28.78843013189896,-4.832146309827179,10Y,10000,106715.03164353756,96715.03164353756,967.1503164353755,Fundamental/consensus: Nasdaq Strong Buy | Long technical: price above 200-day average; 50-day average above 200-day average; 1-year annualized return positive; 3-year annualized return positive; 5-year annualized return positive
LLY,Eli Lilly and Company Common Stock,Stock,Health Care,Biotechnology: Pharmaceutical Preparations,1174.6099853515625,1105.72742212,Strong Buy,850,1315.0406,1600,11.95551003309463,false,true,true,-0.1266890796109976,-3.634659137227003,4.392366420660965,12.008487702283688,9.826614335913074,40.24558601701349,33.30105301341071,60.90906039845039,34.25530902263325,66.07816281228651,31.039847989618696,16.139969696228285,40.454754933937,17.834313690516936,-10.368827366531727,25.392459431399605,39.75359153232591,7.286646168343491,24.239302420228785,25.17902105676748,3.656831635339453,-6.241609909049939,-21.302206902591003,5.67063040884499,-5.174553525285774,10Y,10000,166305.7506754482,156305.7506754482,1563.057506754482,Fundamental/consensus: Nasdaq Strong Buy | Long technical: price above 200-day average; 50-day average above 200-day average; 6-month return positive; 1-year annualized return positive; 3-year annualized return positive; 5-year annualized return positive
LOW,Lowe's Companies Inc. Common Stock,Stock,Consumer Discretionary,RETAIL: Building Materials,208.0500030517578,116.65509988,Strong Buy,191,254.36365,290,22.260824930976074,false,true,true,0.6336449278255829,-4.66917255540732,-3.939161124667423,-20.497173242414966,-12.387924811029992,-0.3280224149397437,13.007220318769242,14.034426146162636,-21.48542599153336,63.34355263263743,36.40059902306832,32.23434247551633,1.216803182662507,33.28994575651405,-4.880626642370167,12.155159954013085,41.20325144579458,41.80531166264437,42.90299953738963,3.387159362866776,9.165936972626444,10.586914384202071,-3.3018860091335034,-26.75357018242579,-6.044470319678686,10Y,10000,33404.96475911476,23404.96475911476,234.0496475911476,Fundamental/consensus: Nasdaq Strong Buy
MDT,Medtronic plc. Ordinary Shares,Stock,Health Care,Biotechnology: Electromedical & Electrotherapeutic Apparatus,91.2300033569336,116.772653949,Strong Buy,78,97.92,121,7.333110157731859,true,true,true,1.4004691776535516,5.006913260859358,21.811735926127128,-4.97162388255602,-3.3887971650951587,24.04842456109968,0.2765789118227779,9.577532415758672,-22.551369807515787,-9.785991595154076,5.698480120647576,27.338255784498045,14.604086957636376,15.895739672985965,-5.436689779902004,8.624386941058603,28.1463943781882,42.882261552587984,10.641466438811452,5.827459171670313,-13.789788008815274,42.55201963054795,-36.31736325364414,-5.220903567109625,-6.286222540041608,10Y,10000,15554.117346659375,5554.1173466593755,55.541173466593754,Short technical: price above 20-day average; 20-day average above 50-day average; RSI in bullish 50-70 zone; 1-month momentum positive; 3-month momentum positive | Fundamental/consensus: Nasdaq Strong Buy
ADI,Analog Devices Inc. Common Stock,Stock,Technology,Semiconductors,361.7799987792969,175.306093928,Strong Buy,365,470.25,675,29.982310129553348,false,true,true,-3.401684985606978,-1.1070682944599786,-13.4218920198954,2.281355699105525,34.183933343173265,29.752634524776568,8.815520177674085,23.35626331802412,-4.912268369139728,20.964019695399077,26.873209443915936,41.30953797770103,-1.639136624942239,25.301286012244727,34.958538429451515,2.385854752505945,12.149745145229415,24.697406657446862,21.26434221710154,-2.413490563889442,22.6980387884262,71.64566270536812,-38.05824174315128,-1.514127077780003,-6.651903400661208,10Y,10000,80162.09844867248,70162.09844867248,701.6209844867249,Fundamental/consensus: Nasdaq Strong Buy | Long technical: price above 200-day average; 50-day average above 200-day average; 6-month return positive; 1-year annualized return positive; 3-year annualized return positive; 5-year annualized return positive
SMH,SMH,ETF,VanEck Semiconductor ETF,ETF / Fund,553.1099853515625,,Not Rated,,,,,false,true,false,-3.4712067449280126,4.43920144437584,-7.78887858346099,36.1099470919497,53.58619883159869,49.17231621384963,39.09952227465418,73.37543573193133,-33.531746494099124,42.13155024938897,55.53443500626898,64.45059544034409,-9.052256787479996,38.47760814275922,35.54262134454997,-0.3372975574321146,30.22330942513738,33.329874429552866,8.549929914251052,-6.45558896799745,16.51145486656349,58.54628500584176,-45.74861816787307,-3.5363974319121194,-8.160490786233176,10Y,10000,227912.29631427387,217912.29631427387,2179.1229631427386,Long technical: price above 200-day average; 50-day average above 200-day average; 6-month return positive; 1-year annualized return positive; 3-year annualized return positive; 5-year annualized return positive
MUFG,Mitsubishi UFJ Financial Group Inc. Common Stock,Stock,Finance,Commercial Banks,22.899999618530277,271.770580068,Strong Buy,18,21.58761,25.17522,-5.730959128349999,true,true,true,2.0499067447636854,2.09540484600903,21.67906477080399,22.854079229463878,44.38839920711539,37.97918881047402,40.096068122934646,29.08545532553819,22.16117837166489,23.250554185974927,-15.992092904575584,11.498968634992424,-33.01237947663406,18.0194886803966,-0.9646202364394396,12.477371219890763,-17.21556181854449,23.247236541583185,29.355609178871543,-22.55082995327331,9.959333267075742,-20.7729469801534,-33.44051793218128,-24.532121316492884,-8.62137071527701,10Y,10000,39783.3094066316,29783.309406631597,297.83309406631594,Short technical: price above 20-day average; 20-day average above 50-day average; RSI in bullish 50-70 zone; 1-month momentum positive; 3-month momentum positive | Fundamental/consensus: Nasdaq Strong Buy | Long technical: price above 200-day average; 50-day average above 200-day average; 6-month return positive; 1-year annualized return positive; 3-year annualized return positive; 5-year annualized return positive
TXN,Texas Instruments Incorporated Common Stock,Stock,Technology,Semiconductors,258.6400146484375,236.202381507,Buy,225,324.7097,400,25.545036193014937,false,true,false,-2.963905471306738,-6.173790773849164,-17.719812759069818,23.18380501789448,51.58835141294061,-4.4729883286492855,13.136460483477808,6.408983596205098,-9.857432218698005,17.530965681197053,31.701289478720128,39.56345203894757,-7.169487885754345,46.74587935979593,36.711326536131054,5.174313546169373,25.09234162158236,46.286558657392106,8.713047924963302,-8.876013111839542,27.07542644928822,71.84310159813275,-52.75817256950466,17.013712353694732,-9.820275202235765,10Y,10000,63223.4255437793,53223.4255437793,532.234255437793,Long technical: price above 200-day average; 50-day average above 200-day average; 6-month return positive; 1-year annualized return positive; 3-year annualized return positive; 5-year annualized return positive | Consensus confirmation: Nasdaq Buy
COF,Capital One Financial Corporation Common Stock,Stock,Finance,Major Banks,215.6699981689453,132.31027458,Strong Buy,214,258.27274,300,19.753670975451023,false,true,true,-0.4615313649563357,1.893318517361875,15.72644763589015,11.102360558338887,-9.971801355835597,37.64636392521148,38.24097101365136,44.31881380718612,-34.59285536788991,49.32008109535965,-2.657543060208001,38.61676481896916,-22.766119722808355,16.301518021595342,23.761366692501483,-10.90976314474954,9.47092245632215,34.18397118107104,37.495507197360325,-0.2073734388755688,11.56846312201283,24.114941289184056,-30.27487603272741,-38.38613101377884,-10.968970876649353,10Y,10000,36219.53202367134,26219.532023671338,262.19532023671337,Fundamental/consensus: Nasdaq Strong Buy | Long technical: price above 200-day average; 50-day average above 200-day average; 6-month return positive; 3-year annualized return positive; 5-year annualized return positive
QCOM,QUALCOMM Incorporated Common Stock,Stock,Technology,Radio And Television Broadcasting And Communications Equipment,164.19000244140625,172.437907489,Buy,100,193.1,400,17.607647925403214,false,false,false,-0.3580509420204936,0.8042715614702045,-32.26337344937987,16.50358328696622,-3.0374146953470627,13.838649803157166,8.310429754723469,35.073657538257486,-38.58254993867322,22.2532765558499,77.08315769340788,60.76412285723314,-7.588788465601826,2.04638865139235,35.09074866859792,-30.63279085774416,2.256692697800577,22.360521027014716,14.889767739962334,12.247914876507316,9.006761372418982,31.19016788398281,-7.636491725629768,5.534880647672491,-11.311335758762642,10Y,10000,43974.55526787323,33974.55526787323,339.7455526787323,
AMGN,Amgen Inc. Common Stock,Stock,Health Care,Biotechnology: Biological Products (No Diagnostic Substances),432.4200134277344,233.780091602,Buy,230,388.48276,457,-10.160781662127471,true,true,false,-1.0457852373665475,10.645402276277215,29.26387620332438,12.899727438283184,34.8165764133723,29.66699767406542,-6.77191761253193,13.464286443708428,20.4319153831791,0.8741213007990467,-1.988989784441808,27.60111463736812,15.233056680508827,22.26822506756674,-7.555991541741736,3.95545386037639,42.33328168379285,34.79658475372356,36.83078782366478,18.173392904642704,-2.952115083839524,-2.0432643535733157,24.35399534900036,-32.0158062088577,-13.37813716448948,10Y,10000,36593.06924863231,26593.06924863231,265.9306924863231,Short technical: price above 20-day average; 20-day average above 50-day average; RSI in bullish 50-70 zone; 1-month momentum positive; 3-month momentum positive | Long technical: price above 200-day average; 50-day average above 200-day average; 6-month return positive; 1-year annualized return positive; 3-year annualized return positive; 5-year annualized return positive | Consensus confirmation: Nasdaq Buy
UNH,UnitedHealth Group Incorporated Common Stock (DE),Stock,Health Care,Medical Specialities,392.9500122070313,352.709895129,Strong Buy,313,475.23077,529,20.939242966511973,false,true,true,-0.5315721176627486,-8.35840286006475,3.310675811834796,35.80207018174075,20.646658999711608,-33.13574312939353,-2.410372824033513,0.7952374739867984,6.93626468929085,45.2036904346335,21.25015764866052,20.003068701672568,14.523962411241095,39.83493423423936,38.408288106427776,18.271299529784702,36.45607626382039,41.04317113431249,8.602566249512211,42.18901182704491,19.910754710247105,14.754070372442872,-54.25563740864292,8.378700120931848,-13.48761353618273,10Y,10000,39737.85921548335,29737.859215483353,297.37859215483354,Fundamental/consensus: Nasdaq Strong Buy | Long technical: price above 200-day average; 50-day average above 200-day average; 6-month return positive; 1-year annualized return positive; 5-year annualized return positive
NEM,Newmont Corporation,Stock,Basic Materials,Precious Metals,127.9800033569336,134.851536843,Strong Buy,67,132.86714,170,3.818672069757878,true,true,true,-3.257986354173481,39.838295510502974,18.24817461648425,-1.1242750804994597,28.73153972010669,172.81814709197417,-7.832152448693385,-8.7609563562712,-20.768576368945222,7.403918429943168,40.284475838953405,30.51653205849045,-6.146971514783273,10.905066169075027,90.09694003417964,-4.340728983995923,-17.142684900731297,-48.51264675281467,-20.4275130842665,-0.6632816807524922,30.965806780857697,17.264099364384865,-15.848900704774485,9.141880881408747,-14.78276722590788,10Y,10000,91051.25074328654,81051.25074328654,810.5125074328655,Short technical: price above 20-day average; 20-day average above 50-day average; MACD above signal line; RSI in bullish 50-70 zone; 1-month momentum positive; 3-month momentum positive | Fundamental/consensus: Nasdaq Strong Buy
AMZN,Amazon.com Inc. Common Stock,Stock,Consumer Discretionary,Catalog/Specialty Distribution,266.42999267578125,2873.797524988,Strong Buy,230,327.004,405,22.735431066100475,false,true,true,3.968618794425893,15.407602863808869,-2.7627763957002727,26.871425083705347,15.42759909089828,5.209903808910643,44.39252064264869,80.88095528738839,-49.61521476592685,2.3767773568753814,76.25606069163975,23.02774950420645,28.43168959316702,55.95636491351448,10.945572452950517,117.78313909946104,-22.177089223200863,58.96281654730438,44.927791260464375,-3.833336300320101,33.80910235792649,162.3244975565349,-44.64594326049557,134.76937927307594,-16.309650657883555,10Y,10000,78838.27396355695,68838.27396355695,688.3827396355695,Fundamental/consensus: Nasdaq Strong Buy | Long technical: price above 200-day average; 50-day average above 200-day average; 6-month return positive; 1-year annualized return positive; 3-year annualized return positive; 5-year annualized return positive
PGR,Progressive Corporation (The) Common Stock,Stock,Finance,Property-Casualty Insurers,218.63999938964844,127.111123793,Buy,198,230.80952,309,5.566008344458373,false,true,false,0.4548612547331077,-0.4008768520796235,12.455448620122713,2.429221369296153,2.2091668458271707,-3.02155960215218,51.392828825285086,23.15787600077337,26.806989986127185,10.8391388759145,41.483053645981286,25.13511164910152,9.394868285599124,61.58699670756222,14.900233943193598,21.020622657804864,5.313294931196233,30.866858670401086,15.439019660509778,0.2003049653512389,17.15948251688102,21.471918343868968,-22.094890364004904,-13.177713834624685,-16.86030225256081,10Y,10000,93406.42638937892,83406.42638937892,834.0642638937892,Long technical: price above 200-day average; 50-day average above 200-day average; 6-month return positive; 3-year annualized return positive; 5-year annualized return positive | Consensus confirmation: Nasdaq Buy
INTC,Intel Corporation Common Stock,Stock,Technology,Semiconductors,89.47000122070312,472.855169149,Buy,75,114.87805,200,28.39839994706239,false,true,false,-2.8450377037418706,3.6732306568333817,-25.990568556190876,96.16312217368656,142.46611794299127,84.03991486280313,-59.565122431588456,94.56240269464048,-46.64269315788238,6.052565090604967,-14.688746304215972,30.71196341497855,4.226471149927447,30.87021054268395,8.75635935764052,-2.213936396065685,44.22396972462461,30.920055669033776,-12.014628173374364,19.39637774194558,6.269580865508906,43.90294990399721,-43.51228691921312,34.23192034291809,-17.198610197503605,10Y,10000,32861.57485580693,22861.57485580693,228.61574855806933,Long technical: price above 200-day average; 50-day average above 200-day average; 6-month return positive; 1-year annualized return positive; 3-year annualized return positive; 5-year annualized return positive | Consensus confirmation: Nasdaq Buy
ISRG,Intuitive Surgical Inc. Common Stock,Stock,Health Care,Industrial Specialties,372.6000061035156,131.631396959,Strong Buy,324,478.00934,685,28.29021260595459,false,true,true,1.506524278463428,2.9850797885396574,-12.045888674342876,-25.999483848006456,-34.2114528320309,8.506391583612928,54.71900777702557,27.137734159295658,-26.14806147546762,31.75649860997865,38.39127530254489,23.43397883058069,31.23252999534887,72.63825322631465,16.114325169569675,3.2555687231631047,37.71609743722726,-21.67547126799561,5.9091612843523045,79.63530665880964,-15.05453868216694,138.94007106394574,-60.68421194727029,236.80917484400115,-18.22290143157277,10Y,10000,61399.590886709455,51399.590886709455,513.9959088670945,Fundamental/consensus: Nasdaq Strong Buy
MRVL,Marvell Technology Inc. Common Stock,Stock,Technology,Semiconductors,216.6199951171875,189.70852255,Strong Buy,126,269.28217,400,24.31085590890316,false,true,true,-10.283703518280564,24.15887751566241,5.782080869552009,165.3714013332679,155.2811018921925,-22.81953207952112,83.78970808519269,63.6815972327325,-57.48435801472462,84.62300789133847,80.25393796272044,65.74126988643579,-23.62286484940877,56.88637647642829,60.53523024065339,-37.82667832258674,2.4755113495404046,102.13157886957784,-46.6354058745826,-25.336890234971374,-10.602437807506726,211.0945409811296,-52.28898178667496,-27.14959414586368,-31.574229829745597,10Y,10000,267372.07976295816,257372.07976295816,2573.7207976295817,Fundamental/consensus: Nasdaq Strong Buy | Long technical: price above 200-day average; 50-day average above 200-day average; 6-month return positive; 1-year annualized return positive; 3-year annualized return positive; 5-year annualized return positive
AMD,Advanced Micro Devices Inc. Common Stock,Stock,Technology,Semiconductors,465.5799865722656,760.047730054,Strong Buy,365,613.8449,1250,31.845207634310825,false,true,true,-2.326562725379,2.4108027743594773,-10.135311926753577,132.54581237672875,117.39819696063964,77.29944700627904,-18.058477773055305,127.58995106091228,-54.98957651821777,56.90763857051218,99.97818984714924,148.42905138021374,79.57198019437331,-9.347446255323,295.1219722916064,7.490629346450928,-31.00774792637437,61.24998882412955,-55.55555457440915,-33.985331370334336,-15.495867280065768,348.1481444688493,-71.19999885559082,-63.14496383582706,-33.49673160856245,10Y,10000,1622229.9830564966,1612229.9830564966,16122.299830564967,Fundamental/consensus: Nasdaq Strong Buy | Long technical: price above 200-day average; 50-day average above 200-day average; 6-month return positive; 1-year annualized return positive; 3-year annualized return positive; 5-year annualized return positive
