Symbol,Name,Sector,Type,2016-01,2016-02,2016-03,2016-04,2016-05,2016-06,2016-07,2016-08,2016-09,2016-10,2016-11,2016-12,2017-01,2017-02,2017-03,2017-04,2017-05,2017-06,2017-07,2017-08,2017-09,2017-10,2017-11,2017-12,2018-01,2018-02,2018-03,2018-04,2018-05,2018-06,2018-07,2018-08,2018-09,2018-10,2018-11,2018-12,2019-01,2019-02,2019-03,2019-04,2019-05,2019-06,2019-07,2019-08,2019-09,2019-10,2019-11,2019-12,2020-01,2020-02,2020-03,2020-04,2020-05,2020-06,2020-07,2020-08,2020-09,2020-10,2020-11,2020-12,2021-01,2021-02,2021-03,2021-04,2021-05,2021-06,2021-07,2021-08,2021-09,2021-10,2021-11,2021-12,2022-01,2022-02,2022-03,2022-04,2022-05,2022-06,2022-07,2022-08,2022-09,2022-10,2022-11,2022-12,2023-01,2023-02,2023-03,2023-04,2023-05,2023-06,2023-07,2023-08,2023-09,2023-10,2023-11,2023-12,2024-01,2024-02,2024-03,2024-04,2024-05,2024-06,2024-07,2024-08,2024-09,2024-10,2024-11,2024-12,2025-01,2025-02,2025-03,2025-04,2025-05,2025-06,2025-07,2025-08,2025-09,2025-10,2025-11,2025-12,Monthly Return Method,Annual Reconciliation Source,Snapshot Updated ET
NVDA,NVIDIA Corporation Common Stock,Technology,Stock,-11.134736895139497,7.4573517628506725,13.616047388260633,-0.28063387241867854,31.835942235518754,0.6207381754655295,21.46350278226661,7.62353615201512,11.705279148055947,3.8528565068411957,29.76115492589968,15.770077687351503,2.2859144971649092,-6.935241388841861,7.341324717236564,-4.250443741575582,38.54463634027958,0.1454924112961109,12.416944592358202,4.3561659439135925,5.506365974970429,15.684985044032484,-2.882141697871232,-3.5922683487150886,27.02842898747646,-1.4847654632133223,-4.301640644672078,-2.8887760247123584,12.2036643809315,-6.0628969108615145,3.3600623866275603,14.691490442179322,0.1211097322928234,-24.976851146070842,-22.404993355653847,-18.313664173149157,7.677895184963979,7.4218926807025465,16.400903881446705,0.8019330738912256,-25.074797584473473,21.238758466652573,2.7339951879529423,-0.6188878398190933,3.91613468415819,15.48228046545519,7.899702050275748,8.56324937591233,0.4802348231823794,14.296617872583607,-2.395682938412569,10.880155376913581,21.465723191706367,7.059730576294099,11.760640202688034,25.99920337344599,1.1966800419193735,-7.364854162864898,6.9211677249584325,-2.5567534615891008,-0.4998126868083763,5.579420837080651,-2.6369460702538428,12.445466949363905,8.228103355163018,23.1622190157869,-2.5171846768184847,14.821008116078005,-7.455881278133958,23.416651539003517,27.805400515881985,-9.981051223257275,-16.74541332339374,-0.4124936390052847,11.915722668892137,-32.02739100668358,0.6739352334455218,-18.797109164330628,19.816608160424032,-16.89700373110412,-19.553389875338567,11.187072779676432,25.415480593981133,-13.644148977734716,33.68688503927728,18.830935649956572,19.666268523349917,-0.10079846602824016,36.343624075182326,11.821048420662938,10.465222826046162,5.619647430860986,-11.857810441625583,-6.250700916391838,14.688574270059295,5.893414142888309,24.24175564739466,28.580951007068634,14.218126777182437,-4.376022325813289,26.88710673211081,12.694305797489847,-5.277651204904254,2.0082061019668807,1.7428215083644893,9.321458740556565,4.135283930118172,-2.8576911337693467,-10.58901794305278,4.03931226408778,-13.232492936822593,0.49824105382076933,24.063554742098002,16.92515500187184,12.583069473188502,-2.0745466347309893,7.125110299903326,8.527167560685012,-12.588268894443832,5.373090631056576,Actual adjusted month-end return from Yahoo/yfinance daily history,Market Table annual returns from the same adjusted daily history,"Sep 14, 2026 08:06:57 PM EDT"
AAPL,Apple Inc. Common Stock,Technology,Stock,-7.524258856985,-0.12872770717496929,12.721090922448909,-13.99213594613875,7.177334071344044,-4.26597315176992,9.006255038195988,2.3651904377186783,6.550439168479794,0.4334320739144415,-2.1601069908871784,4.795524670502371,4.774647950895927,13.37781616767475,4.868931612263694,-0.006958854993455166,6.780720076509028,-5.721350373259182,3.270361733340965,10.699898737941925,-6.024356255970775,9.680778537052293,2.0277700929002274,-1.5245722740723,-1.0636641728994811,6.818514603075587,-5.805046977512163,-1.5020061522519446,13.512398577428808,-0.9417953658662825,2.798315824710329,20.0421861880683,-0.8302682103772718,-3.047770096258662,-18.11974906554754,-11.669839976860219,5.515380592935926,4.477666918390821,9.702582887126997,5.643569200454146,-12.421263325589283,13.05190683548403,7.6394167241601085,-1.6460993837681959,7.29614175267097,11.068454482300583,7.755432863249578,9.878367489113549,5.400971747120309,-11.47013544401,-6.976138032942625,15.537370861913647,8.509434297443462,14.738627761890921,16.513147096704795,21.65692735812268,-10.252623594084287,-6.001225751272276,9.549339936487478,11.457368931260149,-0.5501570396588051,-7.971191170707826,0.7339589890756448,7.621760434784708,-5.049701383408445,9.910931741157825,6.49823545898085,4.248932538449401,-6.803667204999842,5.865724881679868,10.508157064108591,7.422890792823433,-1.571216155420052,-5.4065757590843315,5.747312366421453,-9.713082705262078,-5.449578984515757,-8.142978645372256,18.863351475988367,-3.120775484653948,-12.097717808840802,10.95512798937266,-3.302714262394424,-12.22728432557927,11.05212868369474,2.3183052892222555,11.86486947942944,2.8986926048566675,4.605850835445868,9.432982584158056,1.2785633108231886,-4.238384733695522,-8.867836587353949,-0.2569849781666633,11.37801256919342,1.3582496186768322,-4.222709587427675,-1.8543077974551236,-5.128662679771079,-0.6705905359740916,13.022214707731639,9.55526015738366,5.4410716472006015,3.2353486291833766,1.746722925018629,-3.042914742454561,5.170688529735168,5.515536669197063,-5.758329274912944,2.5872376696052912,-8.150003910531112,-4.335294833196479,-5.358418416464328,2.1508529195637616,1.1697776016121653,11.963882968668882,9.68812541089299,6.181504937803495,3.236433452057841,-2.506728904622013,Actual adjusted month-end return from Yahoo/yfinance daily history,Market Table annual returns from the same adjusted daily history,"Sep 14, 2026 08:06:57 PM EDT"
GOOGL,Alphabet Inc. Class A Common Stock,Technology,Stock,-2.1413543117887235,-5.796317368031733,6.369057053744509,-7.211949811952822,5.787691193877564,-6.05193603574935,12.481350693664428,-0.18828197973562721,1.7990591642940368,0.7263281452204229,-4.200510486464692,2.1356282467405174,3.5005313981725017,3.0163786271860005,0.33967237108050163,9.049306202839148,6.767835372685926,-5.816089893026966,1.7016577661451482,1.030152878264845,1.9345851450642604,6.092114647796265,0.3029830160864,1.6628521048895895,12.22897249458379,-6.623133094668088,-6.049349493714217,-1.7895396990835755,7.993481683928061,2.6536307861837694,8.681442048088229,0.37320673617260436,-2.0068138694907867,-9.65139337814146,1.7486020724575502,-5.829756676264575,7.744787006674891,0.05861201575054764,4.468510427928152,1.8752935146418404,-7.711674254036405,-2.141912677988078,12.504630585937694,-2.271380018719471,2.5711200188750727,3.084007827002644,3.597855116009896,2.7068870450526195,6.972569682166485,-6.527853244655246,-13.23876584551572,15.899998104247048,6.446854930751256,-1.0791560558644941,4.929308725334525,9.515108009597162,-10.059955807111043,10.269496196299933,8.556981778492556,-0.10030503301400318,4.263280316510132,10.64648251389373,2.00850441638758,14.107988934629478,0.14233061439490324,3.603978442716449,10.350590057480357,7.400932221034284,-7.616950426411428,10.749905709960505,-4.15311216267299,2.0821477988192783,-6.591900497046854,-0.182179016784334,2.969490398014707,-17.94669064238995,-0.30453077098567816,-4.218459788190787,6.751824507951154,-6.963544379365061,-11.615221707751678,-1.1918321347131333,6.85641118126199,-12.634928823108204,12.025385241554808,-8.88303940453704,15.178760490396193,3.4802055845214674,14.468044405499981,-2.579970316579072,10.877210140894377,2.59945737859264,-3.8995488646956122,-5.181106325534534,6.810137606094058,5.402541117004489,0.293512704291099,-1.1706149136744615,9.006215775326499,7.851339115127476,5.971254031859319,5.715378472337251,-5.824867685179925,-4.756899338308973,1.6464913798242442,3.1715448546475677,-1.2623490571019191,12.17338964813135,7.776027271253838,-16.537593938297412,-9.080277146400517,2.6901180782505696,8.148620054283008,2.7386270666952983,8.891798842591058,10.948414473792866,14.281829662616218,15.668434622824723,13.86607789027645,-2.178548616629794,Actual adjusted month-end return from Yahoo/yfinance daily history,Market Table annual returns from the same adjusted daily history,"Sep 14, 2026 08:06:57 PM EDT"
GOOG,Alphabet Inc. Class C Capital Stock,Technology,Stock,-2.0991503190299743,-6.081174097798359,6.761570314159071,-6.972266178028352,6.1629471243955125,-5.928900675606574,11.0807738291832,-0.2263243057397779,1.3349807983176643,0.9327221337186664,-3.3777585281580147,1.817840628202605,3.235191132965509,3.315814610002432,0.7713914188364868,9.209688921065261,6.5013786235731175,-5.81741579289382,2.3956475501451413,0.9489634586329565,2.1057575202521717,5.9982603799444645,0.4691947705634858,2.4466058070261365,11.80621408431961,-5.57379727685724,-6.602519301550358,-1.4014420855556597,6.65073336949491,2.82584595150992,9.107677812904802,0.07641804250355655,-2.0292533858296213,-9.778195713369552,1.6400808582035964,-5.374489156400298,7.798299137044906,0.31799511989873963,4.767315955914486,1.2929063572359345,-7.139366134762692,-2.0586440593751254,12.560687657719871,-2.3490095385784615,2.6007955505797264,3.3724287742006753,3.5592122062822584,2.456768471738835,7.270671991657207,-6.616778242237453,-13.179738008100673,15.98284799776184,5.95107227345455,-1.0714365791988145,4.9058929032581355,10.197164612888088,-10.07111230503498,10.302801556640473,8.619950278288968,-0.5031879769575753,4.786836792311311,10.955808711388926,1.5597589083328645,16.508007990901994,0.05975038539924871,3.929411584359088,7.904019733391965,7.573528867331647,-8.384641711084983,11.25945242947548,-3.924252975025777,1.5636983829935946,-6.2075204370348525,-0.5950489772914902,3.527639254822823,-17.674966948659186,-0.8067592827493364,-4.092024405635364,6.644723393429119,-6.421468609239966,-11.910213696843119,-1.5496552677057074,7.173036941838329,-12.538192288488526,12.554951233397894,-9.582466411769875,15.171651009330777,4.057707037396807,13.999244067707117,-1.9453661143306267,10.035526178153976,3.185365749229452,-4.004379093975685,-4.967770448206665,6.879485654663942,5.234470393704704,0.617323958948246,-1.424524294983276,8.928301643111913,8.130828026830873,5.660830671309114,5.558015143347528,-5.599160700912376,-4.6433767414773115,1.3930719979529105,3.2896619683049355,-1.2739577227230514,11.82828764501609,7.960519974377811,-16.235418775391008,-9.181282792093992,2.98278953810851,7.433641287714066,2.7499208187206747,8.720878239846531,10.71763196892761,14.160858492526573,15.713415814610965,13.590215396681703,-1.9103016627480263,Actual adjusted month-end return from Yahoo/yfinance daily history,Market Table annual returns from the same adjusted daily history,"Sep 14, 2026 08:06:57 PM EDT"
MSFT,Microsoft Corporation Common Stock,Technology,Stock,-0.7029502272770216,-6.978903303485029,8.549498832099722,-9.704869384036929,7.019674732297587,-3.4528514654736053,10.767998033341119,2.0080111476688645,0.24365117441749184,4.027764912188059,1.2468117948980728,3.1198149754149584,4.0392798618741566,-0.43639230371784743,2.938405799023003,3.9478055850458382,2.600497536695845,-1.3029832870564362,5.469290982667263,3.395307372703238,-0.37450796457794144,11.666049451128702,1.6983641109000969,1.6276419142166265,11.070867876852386,-0.8415315228797349,-2.6660946049690715,2.4652300026200225,6.146706339440322,-0.23268958949287377,7.575317881777566,6.2992581020236305,1.8160617773988141,-6.610113298172193,4.268365042728162,-8.404709514452035,2.8157678410208664,7.735756942754479,5.275373840551834,10.734288313502738,-4.948075522826612,8.311792600773993,1.7243737840928697,1.5036807925511653,0.8486612723621612,3.121642462535945,5.946277064327554,4.174889362189482,7.945439328449955,-4.568813993251075,-2.6541297723663537,13.632635997213004,2.539106866241614,11.05594894341737,0.7370505994799492,10.275172727282712,-6.7396679080724216,-3.7369859101229363,6.006054410447814,3.900604614048886,4.289173838985216,0.41179166906983866,1.4588444618381935,6.960149991311537,-0.7627334767249527,8.498882036651946,5.171633142727838,6.159138062174074,-6.611909231319069,17.629129620771323,-0.1282206054118218,1.733258099516588,-7.5344819304010935,-3.7212104597212026,3.1862145935813713,-9.986731616508271,-1.8077198316743925,-5.532048812041557,9.30967422461524,-6.666316594952615,-10.92670103491271,-0.3306001088596022,10.222295337893339,-6.004537246798048,3.3316554206305193,0.9017871542994937,15.588166070997067,6.576472609345951,7.110585618533571,3.699860286782375,-1.356668373711123,-2.2225715151685144,-3.664273641686988,7.081547632766161,12.294521291360727,-0.7574242623037075,5.728111143768855,4.231855421471398,1.7116014316245876,-7.461013126648631,6.819098609557295,7.665069091521715,-6.398913893439651,-0.1095239272367432,3.1548106738306103,-5.565877170579925,4.419239030936883,-0.4628386943113738,-1.5278763670863893,-4.161820766117774,-5.440932737992932,5.293165724287308,16.683975699601937,8.048051413440493,7.255600328831191,-4.869180823878438,2.2222678333202905,-0.027041020848439512,-4.804674418145871,-1.70525388427748,Actual adjusted month-end return from Yahoo/yfinance daily history,Market Table annual returns from the same adjusted daily history,"Sep 14, 2026 08:06:57 PM EDT"
AMZN,Amazon.com Inc. Common Stock,Consumer Discretionary,Stock,-13.151543200295745,-5.873938359042031,7.442263797657822,11.10942894178326,9.58170944058201,-0.9919933525815994,6.035326650727413,1.3639826927226206,8.860318280928281,-5.671734948914741,-4.96949044026711,-0.09326204826226592,9.81636831579693,2.6181549535707394,4.9110120630820875,4.337087158866781,7.5276461314963905,-2.6763939876424114,2.0433850865833714,-0.7268848531284733,-1.9630792069039615,14.97165176249049,6.466237678888143,-0.6186568401839843,24.063897541810576,4.242906360200127,-4.304936888568922,8.20747964716302,4.053941088038626,4.306519231773986,4.567600755093726,13.236448128539745,-0.4824306834253944,-20.21917501830788,5.767175245241973,-11.134970006404432,14.431709005232074,-4.590598487961817,8.593570731353273,8.185874546916994,-7.861319674779288,6.679174655008091,-1.4179183493694736,-4.847382269714506,-2.2732743159706414,2.3474701269111886,1.3587301227403925,2.6121694264473083,8.70638027865227,-6.221372013363058,3.5020571318223226,26.89001176660717,-1.2784941240091774,12.956672853391126,14.71136218500213,9.046103369298208,-8.757859185260553,-3.575408533520552,4.34398688653248,2.8058383014484267,-1.557601223652838,-3.5328413767423683,0.037178414851712915,12.066273709568343,-7.047025525869377,6.735498737093981,-3.2722282722282725,4.3034169499993835,-5.351810876292584,2.660245759664326,3.9923701306487036,-4.925196878828486,-10.282991021845667,2.6672518265588474,6.143728503001578,-23.75250931362105,-3.276431760316645,-11.645921262241288,27.059597129750056,-6.061504624052039,-10.862189009783762,-9.345130582826322,-5.759470309709913,-12.989435256479709,22.77380625406902,-8.629878923214463,9.614769432062321,2.091195675834423,14.348037288458837,8.110796675057008,2.5467873963526566,3.23907994336623,-7.890726899285905,4.696344762680638,9.76782655173829,4.004385139407618,2.1455801332457725,13.89175127740745,2.0479805886374214,-2.9825949313549094,0.8228585379464359,9.52731655293202,-3.2445041513381345,-4.53524222981363,4.3865556476496925,0.037563497419568215,11.52897328156477,5.531771626226978,8.336748865953902,-10.686635257151178,-10.373094214756751,-3.0694820280155133,11.164730800522161,7.014294555445688,6.709513314943583,-2.1827348669553603,-4.117900731782209,11.226484981660544,-4.504135592915349,-1.0290686407351424,Actual adjusted month-end return from Yahoo/yfinance daily history,Market Table annual returns from the same adjusted daily history,"Sep 14, 2026 08:06:57 PM EDT"
TSM,Taiwan Semiconductor Manufacturing Company Ltd.,Technology,Stock,-1.7581914519631536,5.369037970795398,11.252710995201465,-9.96184646067233,4.790166424644204,10.09106791326193,5.909249433765917,3.455736281798094,6.437023902162853,1.6672083432414109,-4.533748603923405,-3.1660312528105194,7.513015715657834,1.811684783178169,4.353369034182619,0.700353095081141,6.924737570014705,2.0901810605511217,2.8603816961410677,2.808718740782834,1.5688274979799743,12.729697557998353,-6.449336288067475,0.1262621817776477,14.274878672778058,-4.3257314518769014,0.9458081737575563,-12.134403829933504,0.6502291537189508,-2.074596400297035,12.718784303952212,5.799567312231835,1.2844449667604563,-13.722854210256452,-1.3385718190365714,-1.808943090642856,1.9235517614410558,3.8011794162690293,4.891159290368274,6.982395876461522,-12.482888727547415,5.459188468492737,8.833316152745407,0.0,9.816284888022754,11.080039359818672,2.8278116163740874,10.201317345646444,-7.160053844685931,-0.1853962130793807,-10.394880585693823,11.173892283940678,-5.270110124324856,13.638835354568712,38.9641968441786,0.45634322525156534,2.824684060423066,3.4538436054095456,15.678996812615331,12.863383874350976,11.445358975276765,3.6372691530584644,-5.728412798751048,-1.3019816633935588,0.5310845898570449,2.778593678619745,-2.929436262521623,2.031883772901777,-5.7989991399282514,1.8360757207372291,3.034306558706823,3.122222064301128,1.9283529835115276,-12.737514751008593,-2.0999348265139495,-10.867082858331411,2.550304619278876,-13.766434959705375,8.232427420111632,-5.797929402774516,-17.27926508469817,-10.224593143054616,34.81725875828974,-9.722589440493746,24.486506049179834,-6.103743695207431,7.389715779381456,-9.37432567177593,16.95136325318398,2.792066243019442,-1.7538627377406857,-5.62783266124095,-6.646337847751305,-0.6789374998576125,12.744743076084308,7.378617057309911,8.615389186108025,13.90756332719214,6.164997324216714,0.9481853403850771,9.975213353557134,15.438518948331659,-4.608472827055454,3.5584953628840843,1.5206822355236627,9.713815733355592,-3.085952461232766,7.287524367706322,5.990187795444846,-13.75406605962388,-7.69026438795245,0.4156601708999341,15.975753294903217,17.586470298432943,6.680209900138179,-4.4491431271389885,21.354501863139696,7.569184684300234,-2.9690840790357886,4.5282952773078256,Actual adjusted month-end return from Yahoo/yfinance daily history,Market Table annual returns from the same adjusted daily history,"Sep 14, 2026 08:06:57 PM EDT"
SPCX,Space Exploration Technologies Corp. Class A Common Stock,Technology,Stock,,,,,,,,,,,,,,,,,,,,,,,,,,,,,,,,,,,,,,,,,,,,,,,,,,,,,,,,,,,,,,,,,,,,,,,,,,,,,,,,,,,,,,,,,,,,,,,,,,,,,,,,,,,,,,,,,,,,,,,,,Actual adjusted month-end return from Yahoo/yfinance daily history,Market Table annual returns from the same adjusted daily history,"Sep 14, 2026 08:06:57 PM EDT"
META,Meta Platforms Inc. Class A Common Stock,Technology,Stock,7.213827798759542,-4.714347954080356,6.715281389410266,3.0499637541047786,1.0460888084324882,-3.812814089069305,8.452926669968463,1.758924437493925,1.7047337632336568,2.120500758058852,-9.596143518730694,-2.8458065220981377,13.272494924427836,4.005525905991569,4.803005511148584,5.7726360370636165,0.8053217127470091,-0.3169413301820079,12.100935006305757,1.6071162064094313,-0.6396459471695537,5.378348811097289,-1.599469912345075,-0.4063650272570829,5.910677879225523,-4.585574597198461,-10.39143355931056,7.641300985652699,11.499992661580372,1.3244391542396539,-11.187745849248,1.8252464870324392,-6.413245590461713,-7.704020141092094,-7.365447223396304,-6.770484335886174,27.156942188809797,-3.1435850492113837,3.2456136754685616,16.0237401054806,-8.236811391743359,8.750763697904173,0.6373171697914515,-4.407148376359638,-4.087913053606962,7.620181596508968,5.212640508863875,1.790315691761113,-1.6272928873713122,-4.675348001522273,-13.337148140061794,22.727817615788503,9.955555595658549,0.8796570627880529,11.714445734388356,15.583235233437298,-10.675315885447867,0.4619951589424076,5.267772260922121,-1.3755972019664386,-5.429061777160071,-0.2748273562469983,14.327281479012255,10.372469607697932,1.1228096957694556,5.77372939172911,2.470442230815717,6.477706207824818,-10.540896205864225,-4.6612943020521875,0.27505022623210973,3.6645513249247808,-6.864875645423818,-32.634229160774275,5.368903846700901,-9.844397607071265,-3.4069907062805993,-16.726918772138454,-1.3333349879583123,2.40730200461281,-16.72499227668276,-31.33842939568562,26.771159480957827,1.896674937408993,23.790923142492115,17.433061477116453,21.150101548024438,13.390582134710606,10.153140014001583,8.408883296400038,11.018171079053518,-7.128067589885944,1.460017978799999,0.3530890730560676,8.590294437639434,8.19500294163813,10.221513320222764,25.762551210973463,-0.9283293290867078,-11.411090603379703,8.52219674232022,8.11658885600206,-5.828812128898242,9.788775216140188,9.912743585421824,-0.8490107349907294,1.1875145602968873,2.030626458448581,17.705938959212908,-3.044208832510531,-13.667659175378466,-4.7470301954408045,17.93990269394403,14.080214914481214,4.789377039420462,-4.491623705014569,-0.5177180450195995,-11.714643331245433,-0.06168941794297833,1.9566842209746138,Actual adjusted month-end return from Yahoo/yfinance daily history,Market Table annual returns from the same adjusted daily history,"Sep 14, 2026 08:06:57 PM EDT"
AVGO,Broadcom Inc. Common Stock,Technology,Stock,-7.881509423285083,0.19447130998015982,15.706152729347256,-5.663429466563519,5.907392261265021,0.9913717028624092,4.234213124115338,8.914689893459048,-1.9157157558941984,-1.298404757853,0.12332558800178806,4.276296955738146,12.858473910824575,5.729324817933379,4.277735875532795,0.8449036032317281,8.45523162890891,-2.2706044206737164,5.840007016573501,2.1932678724840615,-3.3874037841879145,8.810935135481923,5.316233272301241,-6.957228487427836,-3.452715729408695,-0.633000155850838,-2.9850841488778035,-2.643753689542716,9.872745994845488,-2.450190790870599,-8.601202982266686,-1.2355383310934664,13.492405828731858,-9.419161130922426,6.228446728949111,8.234491328193227,5.493946693830742,2.65049024387638,10.181657708616608,5.88273194551352,-20.96733148219596,15.490358951331018,0.7399486201516092,-2.534603054609086,-1.4257506732515357,6.078185069937092,7.976781476207306,0.9522439968145724,-3.4364980791496413,-10.663255294562624,-11.550794814767418,14.55924006344247,7.2343923997772785,9.472840572877494,0.36120090965152674,9.597502094089094,5.90275663605957,-4.032183194105787,14.85855881150191,9.960857649400356,2.889118676207314,4.299650448748227,-0.5502749155398501,-1.6089543231408543,3.535750367916801,1.7450669760424864,1.7951728893462748,2.433042283073439,-1.7550163972888555,9.638509569954245,4.139768137495148,20.948354481695517,-11.952047402246691,0.26626356283110386,7.91536613155015,-11.956869567848072,4.6429547629568635,-15.564176009652897,10.22414960863478,-6.792022991328828,-10.293703865686432,5.880499332532385,17.21048134958152,2.3166150768197946,4.628630263489053,1.5862873061215144,8.727638236463608,-2.344334008147597,28.964054688551588,7.932490149121585,3.599135971745926,2.6973862560159434,-9.512122230970787,1.2990816317445697,10.026523968811517,21.13495267341017,5.71110500161105,10.210995379449116,2.3502422438814508,-1.8967861161875987,2.1749540234289766,21.23201859934212,0.079097431400732,1.331848159305915,6.293663962820029,-1.5825890591469993,-4.529669101245426,43.42372250398101,-4.559170108141075,-9.870299643636905,-15.791686164531837,14.955507351825448,25.770248390221994,14.140030581866947,6.548168030550028,1.2563901519778264,11.125198134296955,12.03965118934498,9.017108752291602,-13.946226091925995,Actual adjusted month-end return from Yahoo/yfinance daily history,Market Table annual returns from the same adjusted daily history,"Sep 14, 2026 08:06:57 PM EDT"
TSLA,Tesla Inc. Common Stock,Industrials,Stock,-20.33665563708866,0.3817939286909544,19.71552400524741,4.783045939173403,-7.28111083172156,-4.905251604174787,10.603918690237002,-9.702290457247608,-3.7639705293445846,-3.087781715857929,-4.212813918696334,12.82470872400494,17.89508297421598,-0.7700561188844546,11.324450226739401,12.853035120778756,8.577703460392128,6.040877199179162,-10.547270255162811,10.025662262199075,-4.158475424504971,-2.805631023319388,-6.841006150168283,0.8094513338934739,13.797978418688173,-3.175185593835672,-22.42464566214676,10.434740448152734,-3.1201019338043534,20.447436127385,-13.06604479146567,1.180654210235188,-12.229000204006512,27.40114899082402,3.901336950578149,-5.044512057144701,-7.746391633639815,4.188646728344558,-12.510938574404129,-14.710923820280408,-22.426582233190807,20.68481295266502,8.122252974300093,-6.622236595163389,6.763888947011409,30.742722101642038,4.769464712900184,26.789715336284647,55.515985734346906,2.677646887053875,-21.55570713684315,49.2137319488021,6.793886833783369,29.318563282708187,32.50108843981532,74.14521252787117,-13.908741409927107,-9.549891131606024,46.273580214756336,24.325228028976543,12.450585757436826,-14.874045049393914,-1.1206569460841198,6.214724771921731,-11.871335524117278,8.713734718910104,1.103427987887895,7.060538379906944,5.404233150359361,43.6529595729082,2.761218887377903,-7.685451947850863,-11.360931817914043,-7.07681586632628,23.80088093327557,-19.194510982164715,-12.919748573786139,-11.188774122303668,32.37652643408195,-7.248867234513757,-3.758929611475259,-14.216779156971604,-14.43262604679527,-36.73343490707852,40.62347847991097,18.756497670132145,0.8507121398494633,-20.799193945263273,24.112954601596172,28.362672689273193,2.1622049507798113,-3.4962443852926794,-3.0455617484936637,-19.73463537763216,19.537943740621856,3.498831153123483,-24.625725810339173,7.7900646696002385,-12.923524353897475,4.2607689739043275,-2.837187354253501,11.1185999821261,17.278149180183245,-7.739046902676982,22.194201175563165,-4.502541206836463,38.14688622385134,17.000808915631318,0.1881957637967835,-27.58773935575025,-11.543452131892018,8.874826236685497,22.78848417863253,-8.312644606383923,-2.955995259140498,8.304410748975076,33.201547825406585,2.6623485126352042,-5.780178787448975,4.5447119005781245,Actual adjusted month-end return from Yahoo/yfinance daily history,Market Table annual returns from the same adjusted daily history,"Sep 14, 2026 08:06:57 PM EDT"
SKHY,SK hynix Inc. American Depositary Shares,Technology,Stock,,,,,,,,,,,,,,,,,,,,,,,,,,,,,,,,,,,,,,,,,,,,,,,,,,,,,,,,,,,,,,,,,,,,,,,,,,,,,,,,,,,,,,,,,,,,,,,,,,,,,,,,,,,,,,,,,,,,,,,,,Actual adjusted month-end return from Yahoo/yfinance daily history,Market Table annual returns from the same adjusted daily history,"Sep 14, 2026 08:06:57 PM EDT"
BRK-B,Berkshire Hathaway Inc.,,Stock,-1.719167774230923,3.390609348556617,5.746446164632757,2.537348971548181,-3.395657538138841,3.0240502369650812,-0.3591332535282876,4.311361361684263,-4.000268491407821,-0.11767022046715869,9.10602849047435,3.518796494045162,0.7117460378687213,4.43523748407908,-2.7651414909551475,-0.8819210622197593,0.04236551212719597,2.4745863795365253,3.306374366747167,3.5377506991031593,1.1923181819636586,1.9746863258548686,3.2470268461306073,2.6993455583372183,8.152559561391804,-3.3491966466252965,-3.7258693698878576,-2.882494547399972,-1.1355995440872513,-2.547906288265478,6.011251855130362,5.483401410653377,2.5824067449812693,-4.124049229780713,6.313331445310899,-6.442454391261099,0.6660792727674947,-2.0628541271150547,-0.20367792145733477,7.874960113636176,-8.901300330995522,7.977915178847117,-3.6309075196547247,-0.9832980020886728,2.266358845364058,2.1920956950953308,3.6315745386240605,2.8143426519996684,-0.91391051841887,-8.06041836129452,-11.39381357181829,2.4777108428204464,-0.9500420439252144,-3.80968167607576,9.674530728754016,11.369902260511132,-2.339016236362601,-5.184562984101449,13.377915097646431,1.2930808648482284,-1.725104620793383,5.547022276078084,6.2201185212874766,7.625165731102479,5.270045314078531,-3.9800956731970594,0.1331300731545637,2.687836515532882,-4.489619997029082,5.154981753632559,-3.595695959400913,8.063174441338283,4.688959536345116,2.693126154633907,9.786900065449732,-8.523424322832064,-2.12185232811517,-13.595803683453589,10.101830708249949,-6.586832304896384,-4.907407186020518,10.512324349912806,7.967064304919713,-3.0445737668566286,0.8481693651523736,-2.035181228005367,1.1763537663180168,6.406062597754936,-2.2736269968788525,6.204065734645514,3.2140737404921182,2.341181086488575,-2.748479755290034,-2.560662727172147,5.469784127443367,-0.9277767605251785,7.592661440647697,6.686820324990661,2.716168852703782,-5.657276383732213,4.453906289122456,-1.833978333844788,7.792530274893772,8.533640462425174,-3.2904696630261077,-2.0292869551379766,7.118773758105079,-6.157093062567476,3.3952556234299935,9.635778344729262,3.649066690613667,0.12579948339352942,-5.492734841991909,-3.609413991155619,-2.859374692755756,6.590659867276871,-0.04771973969351917,-5.012527783537768,7.595172836761388,-2.172009831481858,Actual adjusted month-end return from Yahoo/yfinance daily history,Market Table annual returns from the same adjusted daily history,"Sep 14, 2026 08:06:57 PM EDT"
BRK-A,Berkshire Hathaway Inc.,,Stock,-1.7391304347826098,4.216402551965426,5.3787860087383565,2.6001405481377304,-3.3356164383561593,2.494154325798914,-0.44936052540615057,4.518518518518522,-4.225726435152377,-0.24049579132364718,9.874826147426985,3.004641350210968,0.7615076130279563,4.52069273924709,-2.8199144301828127,-0.8284970982589512,0.2663653240778219,2.519723071969082,3.1747153513937976,3.296979291134239,1.2120095781911866,2.0856082113998697,3.9326844225763935,2.092624356775308,8.660954301075275,-4.058755315036722,-3.593875906527,-2.8251420929454985,-1.1869946671254072,-1.7966573816155962,6.917458516522479,4.725584480185696,1.3299556681444002,-3.842187500000005,5.945629742773106,-6.134969325153373,1.7973856209150263,-2.985553772070626,-0.32594308405029526,7.922912205567445,-8.619416758951647,7.166902309297796,-3.0419349772263238,-1.8103710807150786,2.8883653712905577,2.279111829446623,3.623263382653108,2.7519327070001154,-1.0583350510910194,-8.006047691043939,-12.001449387892437,3.5661764705882337,-1.0862619808306717,-4.069767441860462,9.850729517396184,11.554978868035048,-2.3076688240322385,-5.469045409233098,13.615867768595047,1.2007983985475201,-1.0680965455773905,5.951758209822722,5.793515826430418,6.947850931548194,5.696969696969689,-3.990596330275231,0.07142840079217283,2.625925041776078,-4.308211211909752,5.231915095325723,-3.7019925987867963,8.104568264903712,4.247751086179896,1.3622673236768357,11.07002236431789,-8.428668931655203,-2.1245406119667964,-13.732728615124989,10.453600684680286,-6.728359530661942,-3.521888974337062,9.491475385637326,7.915964498370975,-2.408803198134424,0.9150627998916194,-2.003171247357294,0.4476565449544223,8.00687285223367,-2.9541839007317883,6.103388357949613,3.396998899210124,2.11524094135227,-2.7889706891032984,-2.568690648889793,5.421715830637774,-0.5999267265066832,6.522920985947933,6.667762361163976,2.8997941809488337,-5.507218964756322,4.653878231859876,-2.4161619381574795,7.671815510558755,8.508504864148204,-3.3720117433244767,-2.057351196504531,6.954620657055077,-5.955472073366108,3.1859836691535026,10.302385093379861,3.024774193548385,0.2627617284661987,-5.388862517800486,-3.7760760496435175,-1.2280461031833112,4.921858720566785,-0.1429933269780692,-5.099443118536195,7.594936708860756,-1.9867549668874163,Actual adjusted month-end return from Yahoo/yfinance daily history,Market Table annual returns from the same adjusted daily history,"Sep 14, 2026 08:06:57 PM EDT"
LLY,Eli Lilly and Company Common Stock,Health Care,Stock,-6.123903720192336,-8.342060160160914,0.013865774034704792,4.88822214647695,0.0013881917181324255,4.958019451287732,5.257098188519893,-5.603302881008454,3.228282141159622,-7.998982630008145,-8.505516315747752,9.579920458194401,4.7314486693506685,8.226993004466255,1.5698646047731524,-2.4372713707054072,-2.4082658138507296,3.4309760515415455,0.4374316114494903,-1.0301632144800732,5.228201897116347,-4.208561691131707,3.9474207665820993,-0.2126792296315183,-3.563830576063276,-4.735152028331225,0.45445877135374957,4.782201781484208,5.6203186266240435,0.34100765790203713,15.797527828397051,7.513238037504144,1.571243173395942,1.0530021693452962,9.95695976682005,-2.4612355874399583,3.577594141503826,5.935664951966202,2.747635357519629,-9.802697042987518,-0.38412087469454903,-4.441949897611519,-1.6608061969248689,4.271041092514105,-1.0091072756964747,1.8957172109734355,3.5760800430282513,11.998272005249145,6.246667592927446,-9.20669737644978,9.981783612296624,11.476351124147621,-0.6272388702978304,7.3422711881948155,-8.460229553779286,-0.7829202361258725,-0.2493599924354828,-11.863265196184546,12.217058034682315,15.921713653353976,23.175791897745988,-1.0695281471989726,-8.819359792069726,-2.1678746395286996,9.76781315187889,14.90940283794011,6.090973376519315,6.416395162762556,-10.54626033232836,10.261821735707798,-2.3216221728308173,11.361063177632747,-11.161404535408337,2.283493937121328,14.57090961940728,2.0113999736109722,7.656248253672215,3.4424149377267232,1.684010233771538,-8.334075177053101,7.343243371230446,11.980811115996627,2.7686810877901813,-1.4120783105766699,-5.928850565793642,-9.275911536533455,10.346386838732302,15.269924167851535,8.770031995844052,9.202275907185008,-3.076899828923918,22.184129408726516,-3.0801278671340193,3.1277531251141744,6.89654435480469,-1.3738280309573248,10.754467572094617,16.94382507795156,3.2215337501288133,0.4036250684691822,5.202689003123018,10.366435527973605,-11.167690078324998,19.53217446786868,-7.7165057070885945,-6.343541326051727,-3.9859231903735526,-2.9357967221056547,5.062170438490132,13.702286741312687,-10.288602358507914,8.843587203421066,-17.77273993525519,5.674639241463297,-5.062034308383789,-0.7946414951593206,4.1524420268111095,13.087809648252025,24.823198155873772,-0.07344981820599505,Actual adjusted month-end return from Yahoo/yfinance daily history,Market Table annual returns from the same adjusted daily history,"Sep 14, 2026 08:06:57 PM EDT"
MU,Micron Technology Inc. Common Stock,Technology,Stock,-22.104531919281577,-3.6264631501705002,-1.505166003893743,2.6742930567487333,18.325612064775143,8.176078433543443,-0.14534806241082165,20.014563080881675,7.822898555469293,-3.4870350861907373,13.811187336560016,12.237561477398518,9.990890237670303,-2.778910856003547,23.293476917566913,-4.25604304725965,11.203451289674149,-2.957420089764029,-5.8271888534565,13.691308695825466,23.021596906847396,12.662096911760102,-4.333119533707874,-2.995985327059314,6.322952052998687,11.642276867969748,6.822366021397719,-11.814336019485673,25.250080804335596,-8.942520880995986,0.6674427426390572,-0.5114596181144959,-13.88043213595742,-16.60402457018607,2.2269442761453595,-17.712659277162025,20.4538218322482,6.959726568133462,1.1007743822563976,1.7662596197003833,-22.46790351317436,18.33795086957435,16.325460823536876,0.8465310050041586,-5.345747790373956,10.968526654193433,-0.08413798629752778,13.197238391457212,-1.283003523891646,-0.9982902768457591,-19.97718321522407,13.861145328100521,0.04178257621645365,7.534951245441768,-2.833847258932698,-9.0891010901598,3.1861198060266105,7.197622434921613,27.31424954104029,17.30380826135822,4.110096413818876,16.941403557700042,-3.6272447071659553,-2.426018236003691,-2.2423658614250996,0.9983261425000389,-8.707918004066261,-5.001317601185262,-3.5559775023516926,-2.648647827561934,21.562970504179212,11.01106134356018,-11.680079429248902,8.01020575147886,-12.345241483011693,-12.333832502581432,8.285669839864141,-25.135432280798565,12.122149930247827,-8.616241522908496,-11.374483526407687,8.211861467264004,6.561926158601827,-13.107141558758062,20.648266195904696,-4.112774208065995,4.3583618622893505,6.877816456106434,5.966432023367174,-7.463343379368759,13.33277976242746,-2.0310654645820048,-2.7309151628383543,-1.541162047342337,13.832813295253121,12.262548675080653,0.4804535233228435,5.66763282181586,30.23263907722942,-4.181856365555503,10.658636011205601,5.223995881326893,-16.432716553460725,-12.365694832709796,7.761857695685781,-3.8065754057439283,-1.7059623336617813,-13.966990353592013,8.412540616805764,2.6194682242790535,-7.077712243556633,-11.439754371142074,22.755035158788584,30.478519297311422,-11.36493030408532,9.043433839737292,40.59323166825073,33.82149947862205,5.679935238412459,20.739726282209283,Actual adjusted month-end return from Yahoo/yfinance daily history,Market Table annual returns from the same adjusted daily history,"Sep 14, 2026 08:06:57 PM EDT"
JPM,JP Morgan Chase & Co. Common Stock,Finance,Stock,-9.284971438589418,-5.378122308354872,5.186490279703215,7.510810467386753,3.2753153391479994,-4.79543839313632,3.7463387066095866,5.51819534355058,-1.3481583616422932,4.765700480212476,15.752254843403835,7.633797183844471,-1.3811179630724646,7.07791152460111,-3.0677614891061133,-0.3872057814878649,-5.5747360199717155,11.259920523174017,0.9900830772470393,-0.9912666764523181,5.08310983270599,5.955444970144375,3.886289749930638,2.3153697249545857,8.726935777258515,-0.14696533521523225,-4.787903482422317,-0.5805114522744459,-1.6271079559291413,-2.625926492088315,10.916175413950446,-0.32186216351617336,-1.5185958987054438,-2.7087564036628042,1.9904566825935,-12.204343199447976,6.884368802977736,0.8309372204127641,-2.9992292114626506,15.517141644868326,-8.694541001826362,5.5115179624512844,4.491265204244921,-5.293122278797446,7.127282054950856,6.993536230437947,5.475485703343463,5.79844433536123,-4.4406525360186855,-12.2771368709235,-22.461479370018765,7.469850648331233,1.6186252210299568,-3.3398191296915125,3.7440945178779383,3.673433897926115,-3.912582554584876,2.783583131063194,20.236648552403057,7.79604051118048,1.988404590102233,14.377850416634065,3.4382057999819304,1.633018554929122,6.781073290292139,-5.297115046571809,-1.85507547146182,5.382801448820973,2.33820993747873,4.413078217819799,-6.510093195587907,-0.30221668133054713,-5.594713857226474,-4.57608456565689,-3.864584320517417,-11.792290480330259,10.782499986323302,-14.837786911272211,3.348233482154095,-1.412959618108156,-8.115727943853578,21.53707204155948,9.771213575979122,-2.9526625809705553,5.14079115465651,2.422136373160644,-9.096606005626452,6.918069830338336,-1.8301710662265047,7.16972447746389,9.354228233798501,-7.362635378223192,-0.8952370280077782,-3.4022252369610984,12.239309321619253,8.982575558094252,3.1364828385174848,6.710258993649765,7.653451176203108,-3.71520629544283,5.67955326969094,-0.18258822697686528,5.794091598810258,5.6391093452518914,-6.2010757897789315,5.89013607140072,12.527039566834276,-4.0084799392482,12.085627000022425,-0.9913775001914482,-7.311554764897988,0.33703629309043137,7.92248640375699,9.814404335399196,2.675709917036695,1.7485930667302751,4.647988835606376,-0.8868578599891541,0.6299815132071229,2.9193898748310465,Actual adjusted month-end return from Yahoo/yfinance daily history,Market Table annual returns from the same adjusted daily history,"Sep 14, 2026 08:06:57 PM EDT"
WMT,Walmart Inc. Common Stock,Consumer Discretionary,Stock,8.254522105220929,-0.030151804339773047,4.005192340298258,-2.365324949671599,6.622143121826163,3.16473783961686,-0.06850432047155186,-1.4265141836864559,0.951835827392844,-2.9117798596275057,0.5855051760330188,-1.157569051225249,-3.4433118132213725,6.278072785423916,2.368574424379033,4.300740394155622,5.248761172146499,-3.7150341477270143,5.695046409564197,-1.7863863527313506,0.08964439147791659,11.735339214459595,11.361833444648362,2.098575851108264,7.949341741956051,-15.56285745036915,-0.5660813913512919,-0.5732456828325794,-6.104465344623112,3.7678704604724222,4.179828358901849,8.054174408484993,-2.0341995840322924,6.783057032958784,-2.6226351259097447,-4.087744960672202,2.877087301624881,3.2974870748524454,-0.9447768056344841,5.444498930096953,-0.8373518016543513,8.921547267524076,-0.0995778389673907,4.0246761841082,3.8683790173433374,-1.1964858756474794,1.5606502578789039,0.2376846879263983,-3.6604071691243356,-5.948114581530595,5.983229777880972,6.979391275843261,2.513959398027743,-3.449931537891082,8.031390112670401,7.744063330870876,0.7634193817763313,-0.8291023126632102,10.11890707568166,-5.3099444695865365,-2.539002556943315,-7.523684254166119,4.985462034062826,3.0037609256856834,1.913916990656861,-0.7111211282893493,1.0849474477631516,4.275712189812975,-5.887922902101872,7.203300461286655,-5.882718401766596,3.3012631427574046,-3.372725870725579,-3.3259424657933745,10.606653929553755,2.733027027606161,-15.61698758654384,-5.480851208852822,8.611618969071833,0.8158348925943137,-2.150135212898008,9.737830762477472,7.089171611770917,-6.623456704653375,1.4669568632149188,-1.2094429497929715,4.1682748265708724,2.3872515316999188,-2.346209043434433,7.0198199960489704,1.705050029766375,2.081871201081986,-1.648129330394943,2.175939970443652,-4.7243137285795544,1.634997991668552,4.8208106809014994,6.402426997743804,3.011294252306196,-1.3627936929645146,11.183858774020173,2.965334180021051,1.3734849179573683,12.835295464985075,4.557810784608196,1.486067664677293,12.873705588837868,-2.1079237261623307,8.644158709001704,0.45844725088795,-10.728051268986338,10.775728735725698,1.7570111732842841,-0.9522012858654394,0.20454905553402014,-0.7894433410320811,6.269333241942721,-1.8241728413789238,9.221186088900746,1.0199159973349747,Actual adjusted month-end return from Yahoo/yfinance daily history,Market Table annual returns from the same adjusted daily history,"Sep 14, 2026 08:06:57 PM EDT"
AMD,Advanced Micro Devices Inc. Common Stock,Technology,Stock,-23.344943017126596,-2.7272700672307915,33.177559108586394,24.56140600376484,28.73240093086673,12.472640556094362,33.463041083789655,7.87171940733451,-6.621624887033095,4.6309721957696,23.236512087228345,27.272731164878405,-8.553794126779145,39.44069621720525,0.6224076926034661,-8.591065179476587,-15.864666015730178,11.528150225443001,9.054488428598372,-4.481996120976916,-1.9230769230769273,-13.803923363779102,-0.9099129197273514,-5.601474665935957,33.657588793992524,-11.863174247405883,-17.010731002015632,8.258705551779343,26.19484740641347,9.176986678009813,22.281522372156417,37.315876601514695,22.725464028670395,-41.0488849327235,16.968700208352438,-13.333334527291829,32.23185838586635,-3.6050764697562965,8.457287348264252,8.268019847785801,-0.7962335144290567,10.798982153590764,0.26341758806509574,3.284072167305485,-7.821942550539285,17.0403607211449,15.384618843952236,17.13920516717533,2.4858250642742385,-3.234043527156749,0.0,15.193491462098496,2.691353051801526,-2.2118933895620696,47.177341583114575,17.293038017401873,-9.722530126321837,-8.171724750346455,23.070796301451168,-1.0252585150988924,-6.618689080165874,-1.3194736822412345,-7.111586775897038,3.974525791824246,-1.886793511032847,17.2952024943013,13.052275201105168,4.26593716465582,-7.062860918178881,16.841595310080027,31.722524074981152,-9.136832523102555,-20.604583150860545,7.956233118503819,-11.350738134973604,-21.78525744706802,19.10664711024628,-24.926368778234785,23.538642229191908,-10.161954430055886,-25.344646447648124,-5.208332079026845,29.2540717255801,-16.56576203187402,16.025946303524584,4.564205236901575,24.726393296541094,-8.815426182359577,32.27033171260993,-3.6375902678846272,0.4301622754951495,-7.587412752972944,-2.7430963794871754,-4.201516930214188,23.005079860009523,21.66556553861283,13.757545807937376,14.813045486459542,-6.253567424541783,-12.249986114155753,5.379460001896019,-2.81005833081458,-10.930281889207516,2.8239216166290326,10.446960505865421,-12.195267115756902,-4.782407370141961,-11.947800433982314,-4.0069574721420365,-13.876668185746377,2.884034884653741,-5.246252191668754,13.744227110973561,28.149543569574,24.249475082579195,-7.759056698548772,-0.516516984233617,58.303977838869116,-15.067154878022626,-1.5492093670292584,Actual adjusted month-end return from Yahoo/yfinance daily history,Market Table annual returns from the same adjusted daily history,"Sep 14, 2026 08:06:57 PM EDT"
XOM,ExxonMobil Holdings Corporation Common Stock,Energy,Stock,-0.12832133370022092,3.888837896150643,4.2919844976256005,5.754281063378719,1.5476814083341006,5.302173524480724,-5.109871078641759,-1.199445466829907,0.1606601184822809,-4.537114214719907,5.704532306982957,3.3906063392575847,-7.057374602392475,-2.177134811412318,0.8485003937955371,-0.4389926042364656,-0.47740954902507626,0.2857075078444238,-0.8547018837564035,-3.7108277682251,7.4020618419034845,1.671130908593077,0.8528522889429624,0.4202030229046194,4.3759194859203765,-12.354546406905653,-1.491948490932804,4.208543396244391,5.547882011304206,1.8340738968058767,-1.4746838223414382,-0.629486066313778,6.049626269526898,-6.280872201686893,0.7855448009146171,-14.226447208223448,7.464465872510728,9.043947120681173,2.239667908682974,-0.6435858961476137,-10.835567460576367,8.280330779112056,-2.9622818262193706,-6.762427986492369,3.1104340277448017,-4.30533683998765,2.044734004464299,2.4218455166899355,-10.977376047017062,-16.003696196790617,-26.185856693650898,22.38607513915609,-0.25469984585162475,-1.6494539636419003,-5.903365074748368,-3.213110047168477,-14.046062395976344,-4.981064608714025,19.71168348111936,8.103830721312356,8.782136391068196,23.312508686669076,2.685310499305227,2.525507217891132,3.4597038135895763,8.069217323635502,-8.734917064979387,-3.864539226967123,7.887023096785062,9.605585772946302,-5.934234186468368,2.256021867199687,24.137907275261572,4.383059695702407,5.317491986348188,3.220757222775261,13.763482287246575,-10.791681295887646,13.183078342166876,-0.42422850988094174,-8.66201369214502,26.91559411858464,1.287175846399169,-0.9340695745638006,5.17679084775593,-4.5291456541196045,-0.22745951605451786,7.915370928555832,-12.906317381011656,4.96183329768034,-0.009331520427602324,4.533270410272183,5.7469318214086185,-9.976196327523413,-2.05055103493198,-2.686384774002082,2.830549401616844,2.608077834949696,11.213169390846867,1.7463890954990013,-0.048660766519603715,-1.8250097970301526,3.014237705077427,0.2525782633756135,-0.6104844500408491,-0.3753661488877902,1.8404651147563733,-8.808068344687747,-0.6879198620125093,5.144450409045054,6.826547260808491,-11.183052140922866,-2.2605321521189103,5.376360909411715,3.562127884585853,3.326344023785466,-1.3474598170306051,1.4279442825795519,2.2506936474674166,3.812975321148393,Actual adjusted month-end return from Yahoo/yfinance daily history,Market Table annual returns from the same adjusted daily history,"Sep 14, 2026 08:06:57 PM EDT"
V,Visa Inc.,Consumer Discretionary,Stock,-3.945828206524815,-2.6274276552276987,5.649860251087246,0.9937477171647613,2.3819542896238666,-6.042576057393667,5.2312318528559,3.831380745707702,2.2249780920827744,-0.22973999364814812,-6.092930405889074,0.9052863422158719,6.011297021180351,6.525701084134838,1.05752074977854,2.6442597747229124,4.581260487149019,-1.5226368826025016,6.163374058451887,4.144958001228871,1.6614965700564088,4.503993224657776,2.5545453571371723,1.27011061921396,8.95459243720289,-0.8661314842069445,-2.7005279570330165,6.069232415448922,3.1920410056766713,1.3233873103714044,3.2390307033474786,7.584267636513631,2.178513423270667,-8.155073943095271,2.984706615888233,-6.894390284293783,2.3268251714080757,9.901871293282305,5.448283960446076,5.27563898448975,-1.7343807488472973,7.574518561477994,2.564102564102555,1.7308733700125645,-4.872264123926129,3.9823323713316983,3.3316656857502513,1.8372956973847554,5.891444272283675,-8.5172392227139,-11.355642763923191,10.92352774251719,9.42642456989291,-1.060210725600752,-1.433988375059747,11.50761188237832,-5.67009565049601,-9.13134651633406,15.935798823939361,3.9838410449897443,-11.649081728265621,10.074892281497316,-0.3107357801546806,10.310308229049081,-2.538901836718266,2.8684630828268443,5.375926936320341,-6.890571088312036,-2.7717284459436,-4.9292883184089975,-8.338699669967486,11.838774418178954,4.365273368607991,-4.288091910246939,2.6142740003537224,-3.8959166900504716,-0.260292846496879,-7.201772981879362,7.7302062159097185,-6.151547569093118,-10.598369181949895,16.611315368993786,4.984095333048466,-4.258065916573206,10.805732218844376,-4.2740230926153195,2.5097789982030827,3.2245226250243952,-4.842136321809765,7.442432141837441,0.10526200016767184,3.538473684210519,-6.378216386382684,2.212948316871932,9.411517617632438,1.4297742812378722,4.958730843679571,3.6255025412379682,-1.259578704249753,-3.7516031658835103,1.6210133547586825,-3.6665829703327657,1.2192050066698767,4.2361299752366355,-0.5137763621849256,5.419159554872488,8.911159228534714,0.30467490712460243,8.150881145403922,6.29618215042953,-3.3773653901616685,-1.4152857377263905,5.8745215064037515,-2.776626420543238,-2.6982136398830847,2.005670059550524,-2.956390220808247,-0.18747320363184938,-1.6544969156653044,4.864838863779153,Actual adjusted month-end return from Yahoo/yfinance daily history,Market Table annual returns from the same adjusted daily history,"Sep 14, 2026 08:06:57 PM EDT"
JNJ,Johnson & Johnson Common Stock,Health Care,Stock,1.6744250684329165,1.4673118427593224,2.841903092276965,3.5859782542710272,1.2621009919923987,7.640459991376947,3.239907149154453,-4.067600997378573,-1.0139256189401702,-1.811574854155995,-3.38036612316559,3.5130449078642823,-1.7012553719901402,8.625781524411668,1.9147063807001041,-0.8671263684387531,4.560220370897716,3.150078881106544,0.32505866538847794,0.370710279327513,-1.7828598237385695,7.2302112754078385,0.5546456575479919,0.2799045896491492,-1.0950499681715464,-5.4116360419044,-1.3320115081546735,-1.2953405842744736,-4.729875222067193,1.437882556074399,9.213781234023077,2.3148486814681846,2.583683132394543,1.3172306250587296,5.604267535312069,-12.151082998492413,3.1227884051332477,3.3560674876773833,2.3053421424183984,1.0086296274935513,-6.4820117036313185,6.199014987882578,-6.504894317177157,-0.6897151354436803,0.7946408308978636,2.055960850705274,4.848935723753622,6.094993593854592,2.0566109274754663,-9.090103129787474,-2.4910773552676124,14.420790826288755,-0.17251641282566288,-5.458807337293292,3.6478387620424435,5.9489003471018265,-2.9528934763239256,-7.90567194522076,6.25434166140495,8.777958112855178,3.6536130928393584,-2.25703759775735,3.7170338103816203,-0.985705018766303,4.655550570459965,-2.6647198051275356,4.528333704202914,1.1375183337620998,-6.7174876740207505,0.8544746608261766,-3.639862756765533,9.709450705217272,0.7131425981549366,-3.8676290826783477,7.6927829090617905,1.8224933143158317,0.12390616339585936,-1.1251537923626986,-1.6844296513289558,-6.9309781594728115,1.252021594185937,6.494861014185149,2.9769098320328258,-0.7584432923751994,-7.489392478349155,-5.5425591665977265,1.135329328139778,5.612888857506837,-4.563274811293749,6.745799715532064,1.2143470723051664,-2.791218814798757,-3.6677392288487543,-4.757645867931448,5.0954373746732395,1.3448992601929666,1.378049729602382,2.3318624025442602,-1.9767088921740061,-8.597245289836975,2.258511425056642,-0.3477007138138588,7.998081712006533,5.871954761598763,-2.2910896383164236,-1.3575082475695055,-2.255889854007065,-6.702803946409485,5.206771650428754,9.326932286380663,0.4968927751173746,-5.746485793102918,0.14752602596608266,-1.5849533881914013,7.849433610363898,8.334609388349378,4.656543829535176,1.8606392040709352,10.252442195527811,0.014498676237151287,Actual adjusted month-end return from Yahoo/yfinance daily history,Market Table annual returns from the same adjusted daily history,"Sep 14, 2026 08:06:57 PM EDT"
ASML,ASML Holding N.V. New York Registry Shares,Technology,Stock,3.4583694802624576,-0.8928719764573767,10.29444935236825,-3.775286075158013,4.729389224322844,-0.7701479826650703,10.492877602093099,-2.800582924618711,2.843718224868841,-3.6137782822258546,-2.357496831835293,8.7947070454919,8.199653808007401,0.23886343071672922,9.129782036087096,0.2703682321837375,0.10617975884650299,-1.2728307815654816,15.363344789501587,3.977916538472903,9.525958433605464,5.578276090988643,-2.89348654390168,-0.9685691618134373,16.764484882230168,-3.729804852957419,1.6223896134461624,-4.251019418197655,4.351283398634265,0.671254976296809,8.0971538184623,-4.182194753793822,-8.305295546937918,-8.328926204860243,-0.5859592453080764,-9.18005007116831,12.472699841807277,4.479206956753101,2.832621537667479,12.344852184982646,-9.946371724121828,10.571642428317807,7.156290891694961,-0.08977680903151652,11.59426533022132,5.454459566115077,3.7504892117790067,9.356313641595904,-5.163241381263884,-1.4073741432394593,-5.446108494648916,10.797434016629426,14.242604405843128,11.690107148483664,-3.888266554990738,5.7842434178691615,-1.3121982332641724,-2.182698889394985,21.654510348880727,11.42027162098671,9.521872032394096,6.164861697213375,8.864511283928799,4.979246600682563,4.524726606517415,2.2754271090220213,10.986651791183544,8.64697057417163,-10.555292705716013,9.095301833642267,-2.376956728545987,0.5849345357654911,-14.939551718154597,-1.5785782139491333,0.21303663994700628,-15.594436845533298,2.9232746924101827,-17.4235213998005,20.71107550489719,-14.505539045588323,-15.224302375770915,13.740198037765804,29.1120410455868,-10.1492777716222,20.944362913099933,-6.320642996724279,10.195407609619744,-6.441810384852165,13.84688434239052,0.25176075519726115,-1.1507367246830102,-7.594528730641703,-10.880649325084846,1.7242341458374666,14.478964669120575,10.699677838492061,14.915705165309623,9.602621707555459,1.9743929628044832,-9.911228054497567,10.072558674357058,6.495548831367937,-8.242109395046882,-3.5048490063911197,-7.81307908919101,-19.098586266660643,2.0905444444720533,0.942336936448207,6.670215539058466,-3.8861500626295897,-6.550744710939515,1.1347240919475254,10.281703580402679,8.770715443496524,-13.09197548484542,6.896401993340784,30.36142961583941,9.608514094964903,0.07270957878933171,0.9301776613181767,Actual adjusted month-end return from Yahoo/yfinance daily history,Market Table annual returns from the same adjusted daily history,"Sep 14, 2026 08:06:57 PM EDT"
INTC,Intel Corporation Common Stock,Technology,Stock,-9.956501974403064,-3.770320027547991,9.327450910163716,-6.3987684319959826,5.2274647695368825,3.8303189150616923,6.2804857369072264,3.735116588270282,5.182463841509932,-7.629143273552308,0.2659493134835156,4.524483907212651,1.5163909161864941,-0.9819749284428081,-0.35912816226887356,0.22180887585365738,0.6324204873358941,-6.5632513782987285,5.127442167225249,-0.3855213386379064,8.582871338554243,19.459010947559086,-0.844748679505547,2.9438121745439805,4.289435211943804,3.083523549019773,5.660325181722259,-0.8832355282609172,7.552455525572999,-9.945655558281663,-3.2387916192992194,1.2984029953830856,-2.353883843872606,-0.8669976665264478,5.845380802201716,-4.8266168170801755,0.40486522075902087,13.106312943960674,1.3972878105334763,-4.95345546988556,-13.186279476083529,8.696637572373733,5.598478620113201,-5.5784306788789095,8.690148229105565,9.703066396654414,3.254003351186685,3.1007739810419155,6.817055917083237,-12.727340127191889,-2.52162634183154,10.827809416788448,5.5109334453741,-4.9260819783316645,-20.223972285587877,7.471255453831871,1.6290392709282564,-14.484368679439562,9.985735144022634,3.040324951109308,11.421111425719022,10.158398774734456,5.297802843431043,-10.109370873361389,-0.10114831109878653,-1.7156940374459806,-4.310659057348554,1.2868720873712602,-1.4428526304233191,-8.03303512226291,1.106424679198792,4.674810188243872,-5.203893274301641,-1.5498508205082695,3.8993694222640762,-12.046001008623541,2.709622223857866,-15.78118458308959,-2.940377910482528,-11.202846879825735,-19.26692100012033,10.322080411854163,7.197066547337605,-12.105090017758657,6.923954329654891,-10.708523525234813,31.046916607739018,-4.928066810409026,1.6379571015639582,6.3613172012009445,6.967698469069794,-1.407811891294275,1.1667502556232723,2.6723128005290864,22.86843072790372,12.416102913298444,-14.268654268401937,0.22326982931941686,2.6016233083673512,-31.016523950801467,1.6583726214154382,0.3889728738131204,-0.742653509057356,-27.84705857376388,6.442822640469648,-8.269389183365316,11.756499653716968,-16.632017159635016,-3.0922641170916143,22.130721407735177,-4.298358522713841,-11.49272923039193,-2.736324049606631,14.578007635248591,-11.607144757801201,22.979804645106938,37.78233557068849,19.195238711935314,1.4253555161292786,-9.023667957324676,Actual adjusted month-end return from Yahoo/yfinance daily history,Market Table annual returns from the same adjusted daily history,"Sep 14, 2026 08:06:57 PM EDT"
MA,Mastercard Incorporated Common Stock,Consumer Discretionary,Stock,-8.372611037250833,-2.3699950788623303,8.72067674163375,2.842028501626359,-1.1237962595473383,-8.175217922295552,8.38692483904131,1.4594390687566072,5.319302784569246,5.356462196680156,-4.503841139328202,1.0274093578430676,3.1964246477092395,3.884146878996786,1.819625084850296,3.6265691375788833,5.63958964810749,-1.1637356377444341,5.420511549517859,4.303599649322232,5.926473441434199,5.524602623914432,1.1426517526260893,0.5915376013663431,11.830099430733277,3.9999981054874123,-0.34138571029240783,1.9204785115443768,6.647221546940663,3.366289114266907,0.8799221693662318,8.86867848262618,3.2705610032275123,-11.100623935170129,1.7200287207951526,-6.1769371072509465,12.109703228886758,6.460477347657045,4.751520513761975,8.131259603340823,-1.081659566405735,5.185112419337101,3.0508953318701515,3.3422408591720965,-3.4829345293633907,2.053204976936507,5.570660331827382,2.17636364623075,5.951816182639513,-8.131309677945875,-16.775175780508235,14.007007998491483,9.4264493180779,-1.7248760659203222,4.4782000394240296,16.09563034469994,-5.589177640150278,-14.547114161357477,16.584692519345356,6.071130277069625,-11.2761419740538,11.87520651993843,0.6217112307560058,7.432535276129548,-5.622152171966577,1.2507643375587074,5.835465775106874,-10.289160753812276,0.4187889601608541,-3.3755411592980455,-6.139724544404457,14.098809026907922,7.67200006290687,-6.61524874086995,-0.9533684753472937,1.819998622642105,-1.5163418515624083,-11.845064899683312,12.315278807018393,-8.315673496531051,-12.3408336744244,15.604368299593308,8.598950244559344,-2.4326659220010205,6.749904790404715,-4.13114015284326,2.2854691637466784,4.7374012978874,-3.949696233889677,7.7475242988834125,0.3941536758724107,4.656591504933716,-4.0543949866616025,-4.8026928212750235,9.958799887534898,3.064061527708395,5.492968963940914,5.683059227672338,1.434399077619286,-6.176680412461311,-0.9153342862838421,-1.321938681970225,5.267202198684373,4.233259670421741,2.1641046966581756,1.3070548878617805,6.675477850202105,-1.1952521878753175,5.636193472739359,3.759269420814526,-4.891458859451225,0.14764103607192158,6.849621421072505,-4.040308463334352,0.9425283481901525,5.087652098152473,-4.448246796859124,-2.8289393628729287,-0.2644877107606969,3.696426158209487,Actual adjusted month-end return from Yahoo/yfinance daily history,Market Table annual returns from the same adjusted daily history,"Sep 14, 2026 08:06:57 PM EDT"
ABBV,AbbVie Inc. Common Stock,Health Care,Stock,-6.3527700701786145,-0.5282537393125342,4.596255892463885,7.81885172631096,3.163965780961786,-1.6208584481384958,7.916990951994274,-3.216060776400176,-1.6068694739835632,-10.743142159190455,8.999657586302146,2.993430196280644,-1.426721261816588,1.1945314988068834,5.368756142043596,2.2037772830590274,0.12135072179793038,9.830405429814792,-2.7191104037226577,7.709893368465948,18.007999039580056,2.2727901369931303,7.3905844563648015,-0.2166645547383994,16.869988437808026,3.216888222986114,-18.285423413934243,3.0640119792869847,2.475403308744295,-6.3573647678281,0.5633116248911829,4.0659101975819345,-1.4586371069515325,-16.80820755062632,21.091849461580694,-2.206428768034241,-11.839933671389158,-1.3077340978860597,1.703657299113126,-0.18285759205355356,-3.375758358644443,-5.201397174890909,-6.991359050226187,-1.3209475512288238,15.181011830428904,6.590056990212467,10.28285086027234,0.9232642684272152,-7.2570548643101525,5.788680793256495,-11.107218969952658,9.497258298456202,12.737193471594122,5.945837802157206,-2.150730021553715,0.9061142541595846,-8.541303793170641,-1.5197226212420034,22.890754012036464,2.457442300863266,-3.2397578470005906,5.132714555915796,0.44550087219432655,4.2835678356545115,1.5246618431717707,-0.49468779050697576,4.4003431869434895,3.8521119650552826,-10.688864171813893,7.592656811269727,0.5319797143541027,17.453140315523807,2.149551025868268,7.947990731348176,9.704256672848288,-8.624793276931776,0.3335909487200972,3.9289232284769326,-5.424176646541534,-6.3061548460061285,-0.18593941019623417,10.192731947720834,10.095602462945607,0.2668037009643909,-7.707128803421693,4.162437948442355,3.554245718104765,-4.3043188608447025,-8.708288652883011,-2.341277130840902,12.252866383528493,-1.751578357580319,1.4289438989807612,-4.338412083634968,0.8570719144710859,8.8349019273259,7.0985901908388715,7.086393727466667,3.436510321202868,-9.852321905796657,-0.8607975979566085,6.375593300269622,9.038224893087365,5.930297440752863,0.5959873180977349,4.060167312954932,-10.271253518183943,-2.859013797363541,4.4649460727705925,13.665028013505975,0.23441674880357866,-6.021841181283305,-4.607904495713965,-0.26327937011439984,2.71123612305193,11.310949422715822,10.047527728870254,-5.151641015895159,4.430384008736188,0.3469503586187139,Actual adjusted month-end return from Yahoo/yfinance daily history,Market Table annual returns from the same adjusted daily history,"Sep 14, 2026 08:06:57 PM EDT"
CSCO,Cisco Systems Inc. Common Stock (DE),Telecommunications,Stock,-11.725374344491012,10.046207734513569,8.747146219871382,-2.559174324729274,5.674777709426504,-1.2392289994689665,7.382807721561546,2.9806587082892966,0.8906214078958419,-2.4793697389607794,-2.8031221290538477,1.3414091745312273,2.527360185027794,11.263010012154195,-1.1117461752156665,1.676883680765573,-7.45522198751376,-0.7294430287106857,1.4179628938715938,2.4165432592931024,4.408578456820145,2.423720340028801,9.223973166874755,2.6809935892578407,9.268508678710585,7.799712790096458,-4.220645037146131,4.094312422898105,-3.5674009551028285,0.7492581989108071,-0.9537557591997259,12.95815536394227,1.8421793466786074,-5.32515246573686,4.633853681619748,-9.483994209465008,9.984230378502845,9.473420354160368,4.2881968194098175,4.286421257328721,-7.006240899021742,5.189324163755504,1.8630000827724924,-15.505433022536575,5.554387131759264,-3.117105364988415,-4.6305983959313295,5.848601483489646,-3.444645519682643,-13.13902253283523,-1.5526948391876516,8.831884197548302,12.836229407671262,-2.4675706309558842,1.781805582293683,-10.360945548453572,-6.702996679219842,-8.01948709391449,19.83288050302521,4.021392738375829,0.42803299374218895,0.6505011974144326,15.244040416941251,-0.8412755297175778,3.908879922653341,0.1890320333971074,5.200058746423997,6.592022910035289,-7.7770202537897015,3.52398244561567,-2.0189507329680945,15.554361878547418,-11.633198829347723,0.17963387342037063,-0.017935837551186218,-11.557715976822337,-8.023693127459264,-5.349603183395979,7.360118713968333,-1.4326840927439966,-10.554545751011378,14.629952291524884,9.443105961532417,-4.183430671988098,2.9783213728195035,-0.5136872013800753,7.9719481498012446,-8.94239908344594,5.1217101182247315,4.167488892827387,1.3425513243310538,10.203676502616732,-6.259811227024336,-2.3316713812527645,-7.193557859063738,4.423318589615888,0.09989534966090563,-3.6070160295611053,3.1837809331727307,-5.101529524043935,-1.0217126059601567,2.172042238232752,2.852213627917566,4.313722252199326,5.302720521431303,3.698933848387509,8.106626626675961,-0.016883585199145568,3.0624001433536385,5.79207916282265,-3.7435686102047283,-5.824928120775629,9.197987073093383,10.0570937300541,-1.2836438502585645,1.4835469465392492,-0.96976394197692,7.499961871236782,5.238684818981887,0.11696461825327908,Actual adjusted month-end return from Yahoo/yfinance daily history,Market Table annual returns from the same adjusted daily history,"Sep 14, 2026 08:06:57 PM EDT"
CVX,Chevron Corporation Common Stock,Energy,Stock,-3.8794613303839487,-2.280172708822914,14.333623475118419,7.106945707350953,-0.10993145095099521,3.792072128104018,-2.2417348641688317,-0.8198506728416599,2.326472177757588,1.7780909734105288,7.567408680090115,5.503744228392038,-5.395082276802709,1.9998851930592476,-4.560006619506741,-0.6240075902578246,-2.031275909881536,0.8213925466704852,4.658320820625783,-0.4475553347346506,9.180435538285113,-1.3701951371246524,3.636094383418653,5.210516394339182,0.12780920337749357,-9.825194265903924,1.894217158267586,9.70714997535076,0.21890521967666832,1.7135822870699036,-0.1265469972672184,-5.285715368209898,3.224693500429021,-8.693132522363701,7.57045135378549,-8.533736273353586,5.386561849317473,5.348474087180266,3.0105490233996335,-2.5328909188506943,-4.239414195155533,9.301698273897753,-1.0687795049776683,-3.3952101804665125,0.7475282044104192,-2.074204625988396,1.8461578495082565,2.8857184782320466,-11.094528996409181,-11.86212117559683,-22.36980785341729,26.96660167676328,1.1371719751282816,-2.693530622723672,-5.928499643182983,1.4295921155187186,-14.214255526932485,-3.4722076508969413,27.284593091036214,-3.1314667775076965,0.8881120744467674,19.0299871017098,4.789997824158543,-1.6413828654520346,1.931200741598893,0.9152891235963079,-2.7973967148436474,-3.668917622156498,4.836203292119223,12.85364229799204,-0.2755470797172088,3.9691606499351995,11.913083231438648,10.798642787968959,13.076377648788661,-3.783038969011643,12.399829826552544,-17.10755279917704,13.12339449435238,-2.6156235287255747,-9.104124597056218,25.913562451318306,2.1160612041537297,-2.083897683668434,-3.047528269490285,-6.797328286809412,1.4865824848751874,3.3218892646651677,-9.778770629918865,4.468207695030779,4.010160284763242,-0.6182124236025044,4.667915893952901,-13.574904710639801,-0.4286635076040657,3.871850497015039,-1.1598497941779917,4.231651179068585,3.769504852902328,2.2378560348724763,1.654897994456972,-3.6229146711150073,2.5891794538495327,-6.77020327837613,-0.4596063257895522,1.0524828571460754,9.919231959986629,-10.55393217236914,3.003322962342847,7.500075079956026,5.4658834973770665,-18.668178051700814,1.6941361652107911,4.74763565515437,5.901247213695959,7.087709190341407,-3.3063481908966463,1.5648134464368857,-3.1081068307456716,0.8469607830215109,Actual adjusted month-end return from Yahoo/yfinance daily history,Market Table annual returns from the same adjusted daily history,"Sep 14, 2026 08:06:57 PM EDT"
ORCL,Oracle Corporation Common Stock,Technology,Stock,-0.192373908502963,1.2943896184391068,11.228944122405293,-2.203428095286919,0.8530141211425146,1.8158992891831094,0.6375808203143096,0.43856662453920503,-4.706422998181359,-1.8105213736437586,4.606973779113255,-4.329432118253851,4.725855385607813,6.182997775070076,4.742887809369867,1.2188155200032913,0.9563856940210114,10.464850494905464,-0.04318188343701568,0.801148219317982,-3.9340785760742403,5.689299700057315,-3.6149500525757827,-3.628193677729108,9.540834554045796,-1.783295614539382,-9.709866320659689,0.23841065362921743,2.2991140167576196,-5.6935093289249945,8.640592473188601,1.8875685709763168,6.13419100355983,-4.894010959944217,-0.16380877047609266,-7.403612440445095,11.69183504797111,3.7826124501424196,3.030891932332924,3.477541050776245,-8.548720147804545,12.588955491225583,-0.776035839514233,-7.531069095335086,5.704932141895003,-0.5396183633145979,3.0280497182474386,-5.628773493078299,-0.5597383657758859,-5.700663541702888,-2.2846702555345044,10.12132737635618,1.5103005800764624,2.789648111005816,0.7498120535801789,3.1920660344333385,4.334144548094843,-5.632831846103481,2.8693777007491095,12.075545450194625,-6.227812899120478,6.751620061535113,8.773820167194767,8.476480769036865,3.892316983964217,-1.1429988640753064,12.360517893961864,2.2836756959665916,-2.243905297702764,10.494380616386213,-5.4200504328739685,-3.8902527671192066,-6.5915605866260885,-6.394781667425942,8.898267166135131,-10.930583565054464,-2.0163218250252135,-2.850397986639319,11.90515879933336,-4.740488858332659,-17.63994002500692,28.494072974033948,6.3532639894257725,-1.5536494967967607,8.626992344713514,-1.1982857682553139,6.315795996461349,2.3640223239203895,11.845437327450291,12.412677395593374,-1.216373102157997,2.6955475217344427,-12.01927602956594,-2.021920272457689,12.388757922525695,-9.276300649792956,6.357608682094029,-0.0179008289860505,12.473134291141786,-9.149676787038786,3.024162726523838,20.488106134373908,-0.9605430758089062,1.3194953409776389,20.60299793751488,-1.2808739040714112,10.12870270337416,-9.846362578187417,2.3031614852613735,-2.352106663931053,-15.807536337216776,1.0124596931136987,17.630739580739174,32.078781065180536,16.319446974317998,-10.89175390550432,24.370931153813903,-6.462201066790407,-23.098884030658706,-3.486005894623778,Actual adjusted month-end return from Yahoo/yfinance daily history,Market Table annual returns from the same adjusted daily history,"Sep 14, 2026 08:06:57 PM EDT"
PLTR,Palantir Technologies Inc. Class A Common Stock,Technology,Stock,,,,,,,,,,,,,,,,,,,,,,,,,,,,,,,,,,,,,,,,,,,,,,,,,,,,,,,,,,6.631580152009664,167.62093093863487,-13.131690494804637,49.384294882749494,-32.06367421488044,-2.5522958692015263,-1.073422027361648,-0.39062564675176326,14.858386640747788,-17.64036956832563,21.326583433283908,-8.731963643647035,7.653902558925485,-20.208654218833477,-11.815983434053345,-24.711692875167437,-13.566737064200929,15.864971310097363,-24.25345983051408,-16.538455542727824,4.4930803679336995,14.11246670025732,-25.41063279559618,5.310885173470825,8.118079189688876,-14.675767547797369,-14.399998982747398,21.183802450972667,0.771207469941948,7.7806077143492525,-8.284021598410106,89.80645210512223,4.214819061531316,29.41944064792621,-24.49597062990765,6.809082035601977,-7.4999988079071045,35.472966072070065,-14.364086136438313,-6.290040296488842,55.87321122350784,-8.253587325044688,-4.519777945164682,-1.3199773201742149,16.835791361399988,6.1587030029257805,17.06954353578325,18.170270978017868,11.720431507881091,61.40519637750632,12.745967783210554,9.070475815786882,2.9458120597710247,-0.6123370869979161,40.33175391008723,11.263083470882297,3.445142348593744,16.160502931093234,-1.035680029324626,16.406094284726393,9.894750155101462,-15.972466741898806,5.520928002518954,Actual adjusted month-end return from Yahoo/yfinance daily history,Market Table annual returns from the same adjusted daily history,"Sep 14, 2026 08:06:57 PM EDT"
BAC,Bank of America Corporation Common Stock,Finance,Stock,-15.983392924215877,-11.45682818571425,8.398112708307526,7.692296067968951,1.579625651230021,-9.97283511818714,9.193675625324937,11.905565487268511,-3.035913989614347,5.431304768734058,28.474898920603486,4.640141726305136,2.4434206061098473,9.010640898783961,-4.1252031125784345,-1.059769016798362,-3.6692193597428147,8.25523378459545,-0.5770603899186044,-0.44695383754126405,6.069499806428302,8.089957039029683,3.286058009737469,4.792324974351225,8.401065353810889,0.31249499839181016,-6.222620108702859,-0.23344145124012394,-2.544577035037876,-2.9269988218077025,9.542365418698061,0.1619189940643473,-4.292236798898563,-6.6530739326939425,3.2726982027119433,-12.754535510807852,15.543787591352775,2.6641347575349084,-5.12383068786062,10.837271291473606,-13.015039037152555,9.611659316619559,5.793093990839537,-10.332468262399964,6.73305479188735,7.199181224697204,6.555810251282401,6.2793380469343685,-6.7858941349283715,-13.18918101897637,-25.03345766788612,13.283075324378334,0.2910744167518464,-0.847295516037283,4.757895471385742,3.4566085414960313,-5.758306250890377,-1.6189387528434684,18.818564272648896,8.305787500359418,-2.1774983183084906,17.065753044791656,12.02010079503173,4.755747903766561,4.589181848997614,-2.3270647251995014,-6.960946641823639,8.837303514525697,2.1977388926388786,12.555904196097822,-6.927577528408657,0.5265174497192104,3.7086959436032574,-4.204579313300149,-6.286124782790193,-13.440062526156149,4.26008352804601,-15.835218930743732,8.609059594021918,-0.5915411090557599,-9.553757197395797,19.337756455658827,5.022180877575622,-11.985123438885402,7.125642427389911,-3.3258459818793162,-16.077280737694778,2.3776404793577566,-5.088791402081949,4.062384588578594,11.537097372752037,-9.659620691414439,-4.49948090418677,-3.79840270384898,16.679397613657443,10.429647503631422,1.0098203566778707,2.214537104477454,9.849366443003271,-2.39979835023314,8.051894206172605,0.05471992968706374,1.3578138127833705,1.0915338517979656,-1.9909208736676898,5.393128820495963,13.605943595345016,-6.978578823742698,5.346987879405285,-0.4319718434595887,-8.908147226496588,-4.433246982049055,10.65696204708091,7.860543047383084,-0.10565818542125349,7.340808449660652,2.2407454620447353,3.6053545494632244,0.3741846895739531,3.049047761242596,Actual adjusted month-end return from Yahoo/yfinance daily history,Market Table annual returns from the same adjusted daily history,"Sep 14, 2026 08:06:57 PM EDT"
COST,Costco Wholesale Corporation Common Stock,Consumer Discretionary,Stock,-6.42728210345036,-0.45212816925123134,5.032344816526657,-5.718933717579255,0.43205780251764914,5.558908819096642,6.4824507795725905,-2.807279687344988,-5.910329372512879,-3.0423695420527808,1.827239440662809,6.661821053023664,2.3983750581320518,8.360579502065102,-5.356135232207682,5.862006591330338,6.054137589548048,-11.361753049994682,-0.8878796246891696,-0.8004660336701774,4.816868370601091,-1.953847021401467,14.83564599824474,0.9163421145356176,4.701293929302852,-1.7751237764884076,-1.2939009281866531,4.633042154360445,0.8409752128202053,5.417696962873975,4.655920569066185,6.857808133347154,0.750659266970688,-2.6608883218972146,1.3995025950112483,-11.920616566604437,5.360531514285882,2.1902019745842827,10.697685259793133,1.399983015719375,-2.1598079522842872,10.301385347111225,4.302569597963801,7.177036707853612,-2.2561026001701845,3.347878323090492,0.9087721780798086,-1.9646109911890308,3.946674106944248,-7.78584503743186,1.4192703700296683,6.510025573616995,1.8053006912100988,-1.7051898677879707,7.592164835776982,6.798161625858312,2.1112135080108008,0.9316417899524643,9.549222278215442,-1.3070488346247022,-6.462668967980456,-5.8951890002776,6.489440334660057,5.789540838439433,1.660883848596062,4.599897343748172,8.809248358839671,5.996924515746116,-1.3479813049383726,9.566062165490319,9.73269713153222,5.250464812756395,-11.021662183208269,2.9511213231199207,10.900338800387832,-7.5132363206847135,-12.318528412232443,2.8012857612575326,13.135138952193248,-3.54700048420471,-9.544147986385399,6.380965356014134,7.527418984861689,-15.345397185709153,11.969346944569391,-5.109595954326029,2.6209205078226105,1.2780179601889374,1.8693441472591443,5.24279546849209,4.140171803248616,-1.8463742954137552,2.854664858916145,-2.2161238107432535,7.491860609488588,13.893176714938793,5.272076823458938,7.210397968917559,-1.5136741703754786,-1.1697077310467985,12.033475015121574,4.9512850887827975,-3.15530539690424,8.562044578086425,-0.6566642658470734,-1.3919697847037615,11.323919574678287,-5.721901130409024,6.942274045027053,7.132361287944944,-9.806309854921713,5.151297076151362,4.729545084711728,-4.829926223447856,-5.081120745192791,0.530717748026377,-1.8752869214826662,-1.3926200614410078,0.23479278198506037,-5.609735181096632,Actual adjusted month-end return from Yahoo/yfinance daily history,Market Table annual returns from the same adjusted daily history,"Sep 14, 2026 08:06:57 PM EDT"
KO,Coca-Cola Company (The) Common Stock,Consumer Staples,Stock,-0.09315095296751341,0.48930731340814937,8.397382490259698,-3.4274624979761525,-0.4464521242234287,2.416165080157673,-3.750237450319416,-0.45841815838391087,-1.7597304766670097,0.18905562774012008,-4.030388628852954,2.7509575949334453,0.2653001238178465,0.9381459211069698,2.036721927681584,1.6729542652789808,5.376569123893438,-0.5518077538087085,2.2073518756630106,-0.6326231346122757,-0.39925535777340926,2.155077641923553,0.35938032235036665,0.24034001751238598,3.72714930629805,-9.18261410443707,1.3729144366891877,-0.5065726404811621,-0.48597394537908123,2.9083927683454025,6.315566671370276,-4.417781780684182,4.516272512998465,3.65880679607018,6.095504759009751,-6.051606524436293,1.64732812648396,-5.796790493562421,4.254725434286977,4.694822967045842,0.14268835754454035,4.452461855091672,3.358207642038158,4.579130558827127,-0.3669484076211038,-0.018360385734939033,-1.1595315082940982,3.6517026020959076,5.510393685424098,-8.407541653258876,-16.548746164553897,3.706203340238501,1.7215271094644713,-3.4149420887408466,5.729659279917931,4.84757558890152,0.48381012176268445,-2.653417845916095,8.207626514168286,6.279071448244777,-12.199126281771711,1.744560507927928,8.488921882515044,2.409399600445461,2.4268361875048106,-1.3967912704192509,5.396423821042129,-1.262493640729112,-6.116134547545526,7.432807039192846,-6.232484555571438,12.88842337518805,3.040050625699986,2.01606658930642,0.3769199598844031,4.209664838937122,-1.9037100786072014,-0.02443764431202533,2.002875791970138,-3.833569570076767,-8.558678888608306,6.836803556677551,7.036169678386073,0.0,-3.600062200421039,-2.951747790066628,5.034116268949829,3.4177187773067663,-6.999228297949644,1.7073867263025733,2.83959026326559,-3.390917627786061,-5.692576388315295,0.9110344409965832,4.27568318481657,0.838483969106707,0.9502784071240056,0.8908955746292024,2.7480181480593613,0.9643635846105836,1.8779430240231987,1.9289434295301833,4.854667247620048,8.585582385332469,-0.1619660557655278,-9.114935586144213,-1.1391459831184947,-2.840211593944031,1.9595384634659485,12.17705065701422,1.3179707194370671,1.2985315177751033,-0.6202831444712453,-1.1747104866970837,-4.042394123363769,1.6202635563079326,-3.1328867593134357,3.8902241468511622,6.124824071882062,-3.718496416604311,Actual adjusted month-end return from Yahoo/yfinance daily history,Market Table annual returns from the same adjusted daily history,"Sep 14, 2026 08:06:57 PM EDT"
CAT,Caterpillar Inc. Common Stock,Industrials,Stock,-7.270059263340533,8.772471637553924,13.057623400716123,2.5317579407902135,-6.70356930525593,4.551067900696415,10.219392334807264,-0.9787330621665147,8.322141706401576,-5.151850701495675,14.497930933625568,-2.950998199427013,4.004432060275365,1.0453960189496403,-4.034802321249897,11.157229591154483,3.099953810180045,1.9254329856327468,6.80487410028221,3.1066295711206227,6.1451919224717155,9.542136617123663,3.9396121462936806,11.640133915131457,3.779380971023927,-5.006771180175562,-4.688616151166791,-1.5559517062268102,5.229969242263799,-10.690525486590797,6.642341358922965,-3.442241585617767,9.823575414345198,-19.933669183477175,11.828241998542177,-6.338921521661234,5.466778486106749,3.139070873295613,-1.347014405638114,3.524354338788771,-14.06545351256736,13.755124531222652,-2.6464374588757167,-9.622562224751741,6.14286264552113,9.954171921869893,5.029074887421459,2.038288393164267,-10.433832944721399,-5.413023430904628,-6.600139302803443,1.2137945137800754,3.222187616628447,5.302593536778999,5.830175773534507,7.0966329180397025,4.8064136442963035,5.939811390269312,10.531702793580045,4.85627738763259,0.9849276005957419,18.07044971642604,7.40690694054702,-1.176905838479414,5.6858524993286474,-9.727062206715775,-4.48948246149955,1.9927481882736409,-8.962864301041185,6.858579023214029,-5.225203506031695,6.925242680164434,-2.032513041277406,-6.935892002851318,18.78666576822812,-5.05805844134165,2.5221073671152006,-17.183258608710595,11.675361833346365,-6.829757900902555,-11.168851915048306,32.806156443186275,9.216479268118904,1.332455937587529,5.816135995551641,-5.049743632891479,-4.47088770341243,-3.8683376737437825,-5.9643496356804215,19.58686519732833,8.304489047752117,6.018799253177232,-2.8919077986287456,-16.76995889687093,10.91350773153108,17.9283595670356,2.0398722755657017,11.205108280897935,9.722715527082881,-8.361863028216565,1.180613039753542,-1.601083198117581,4.356026623342268,2.859627267237186,9.834293948126804,-3.469104040651483,7.9505481859664995,-10.674446053318166,2.7681515819543367,-7.400923757948863,-4.113974593683389,-5.773481539553648,12.532765522521094,11.544975364200116,13.244016592785357,-4.333141276986307,13.867419014280902,21.32840166329317,-0.25984050435396977,-0.5019434818166801,Actual adjusted month-end return from Yahoo/yfinance daily history,Market Table annual returns from the same adjusted daily history,"Sep 14, 2026 08:06:57 PM EDT"
MRK,Merck & Company Inc. Common Stock (new),Health Care,Stock,-4.070436984165826,-0.9078331234942283,6.299332087267184,3.6476901668395234,2.5893277885525645,3.2355096524754545,1.8225830545609334,7.040590940429903,0.12368200658696704,-5.912524820999721,4.2063922451262,-3.053198944042168,5.299815615578485,6.259052016142053,-2.841147461231508,-1.9043184081798947,4.46016452399991,-0.8428162574861009,-0.3276701196770926,-0.03132303271039527,0.9914578546772246,-13.962202695867209,0.3267172597048562,2.675311081526943,5.295883395560708,-8.489442802088998,1.339588449617457,8.077857317033988,1.1211146643197223,2.753404579751284,8.5172734282019,4.129351705827888,4.13184969959508,3.7637360809894105,7.784247992467641,-3.017814566652144,-2.5913232433698585,9.216711625112772,3.0070309307272725,-5.362517952696644,0.6352390674919661,6.564852466755933,-1.0256531880605269,4.193268025962871,-2.0013421701299494,2.94608745036562,0.6000413750891109,5.039723935051721,-6.05827061971792,-10.393252234362905,1.3265269315175798,3.119317138511213,1.739383811514772,-3.4381875454471245,3.7630281785522524,6.268729868586842,-2.0132269468901343,-9.330949953647949,6.8874288722932775,2.5574749520809847,-5.782368554239026,-5.774009723457074,7.088028568731342,-3.359704405972286,1.8657636979342973,8.319323472776151,-1.1572586655659078,-0.7545150023688052,-0.6643928404865718,17.228039007875395,-14.923335366267398,3.2800691092276457,6.3152282784121105,-6.013743433627761,8.095901940524186,8.092653668343065,3.7659111603114637,-0.12371253393725912,-2.0072486022852276,-4.454896242121853,1.7037028447314029,17.510459730422067,8.814202012980065,1.4212768478266025,-3.190604636612071,-1.0892993960743946,0.837421063128585,8.53463024815657,-4.382086177725874,5.208716875499264,-7.574300405172096,2.184708733617291,-4.889113812705159,-0.2428366615868538,-0.21421322122059383,7.1520278739247045,10.7870204383826,5.274044528363087,4.433333508550574,-2.068976445377513,-2.8478500433036458,-0.7960573272569382,-8.618746432027658,4.7025645518410375,-3.4869077790211978,-9.897849851816186,-0.6645819302747213,-1.3416808047296724,-0.6634475972965403,-6.648452115356729,-1.8586026709909054,-5.0802084714944185,-9.812218885860347,4.050733215450664,-1.3137944281490732,7.680485195039455,0.7597087961032756,2.44251657326946,21.92370165543178,1.2683964554996319,Actual adjusted month-end return from Yahoo/yfinance daily history,Market Table annual returns from the same adjusted daily history,"Sep 14, 2026 08:06:57 PM EDT"
HSBC,HSBC Holdings plc. Common Stock,Finance,Stock,-10.31165569220569,-10.254231140256998,1.0855786718863447,7.1015438569824285,-1.0953629849605462,-3.4833412133802644,4.599154072561018,15.224493844331754,1.1022003066370356,1.375512765911746,5.075740991884747,1.6186703277886627,6.022843154751811,-2.9482602085369236,1.2903348204257092,0.857441260548053,6.837997737787727,6.668231303109673,7.975844703444168,-2.4134426663868003,2.086794640673273,-0.29828207803201945,1.8044176279423896,4.008044239821951,4.395821335130412,-6.048618632518432,-3.9492192258555048,5.433190889028494,-2.7743087198535465,-2.563024896606092,2.71530920349059,-8.092700569408018,-0.04545545487087965,-5.497857415134277,3.528805133353896,-3.3615111749941584,2.4811255865588855,-0.6085354503392648,-0.6123034077453626,7.368145071154508,-5.314040273932486,2.379192014561071,-3.7853448698939807,-9.348516313901257,6.6016686167223115,0.10104787249731739,-1.40249920704143,4.911410659717053,-7.16295064042245,-4.689573118133716,-16.56239892592447,-8.139940985979365,-10.415842753493909,1.2147116234916266,-2.9146491498624694,-4.503339187994138,-9.477578913866791,7.150157445902172,23.403243442835308,0.07723267523862543,0.9262936762164831,13.613769676000032,0.5068252728177791,7.137933938195151,3.715584674137151,-10.90181747882204,-4.436713565882211,-2.874975098111543,-1.096832666702996,14.990441877606742,-7.94812466832383,8.923403127978368,17.976792484397276,-2.8956734789944316,1.9240791944557856,-9.380462163109026,7.900676143087093,-2.36103342386238,-3.8873522778986147,-0.4595605103032696,-15.43952075149152,-0.6137295612282045,19.10460727395231,0.9721097734714856,18.54943138228564,3.708731466227344,-8.156894458187347,5.625536575719248,3.493756830939021,7.604573853571361,5.451778957587927,-9.566416061103878,5.734183923672287,-7.932092744844377,7.206345075518827,5.490512840527306,-2.9846978964939708,-0.381398171530567,4.59189960680777,10.721547534422161,6.076814461890301,-2.575580513550546,3.793108094193731,-0.3651201528132253,1.6419341877842442,2.080119698549332,2.732090433902723,5.480909962399383,6.00485767992498,14.266643304115778,-1.1516804915669088,-2.350690535610145,6.646736411707699,2.54723969893631,0.8389542431952002,5.9769593173597535,10.097720353603679,-1.2820501287919672,2.2656575157693037,10.553673549740171,Actual adjusted month-end return from Yahoo/yfinance daily history,Market Table annual returns from the same adjusted daily history,"Sep 14, 2026 08:06:57 PM EDT"
UNH,UnitedHealth Group Incorporated Common Stock (DE),Health Care,Stock,-2.108134252810845,3.4213329859154706,8.674990203464628,2.156719237026783,1.511229642874401,6.114298149056552,1.4164671515356941,-4.993029934679005,3.378540953063758,0.9500021784051738,12.467526064229006,1.0864359037527915,1.287175979047528,2.023480006969658,-0.45878022976987287,6.627632309973053,0.1715407789512735,6.282531200626695,3.4462524414260676,3.6963758447735806,-1.1597944452657605,7.337259116261197,8.905152513638592,-3.3790674655676756,7.402737133237425,-4.485194957207561,-5.063411159947584,10.467259958069564,2.1615825292470525,1.945214420568564,3.2118741899071157,6.018501187735081,-0.5670832026571371,-1.762903800143023,8.000410343341668,-11.458629331518011,8.461792294550818,-10.355315039977242,2.4703934838456565,-5.738883033477582,3.7456380453254168,1.3608640479239043,2.0490864924383123,-6.027860149814912,-6.690245464027944,16.280151225546604,10.751838474531073,5.445477175001701,-7.323625459835337,-6.419522977642689,-1.7648878254138634,17.278862167389832,4.232882629718571,-2.830749698871826,2.654632476468821,3.226803697693348,0.1614371181813512,-2.1265393821612633,10.224813545673905,4.6386839022338755,-4.876277107891869,-0.40765408673624215,12.392930809775947,7.184132488447892,3.289853143998278,-2.4309056260323536,2.941756411214258,0.9825047461947678,-5.803578431576561,17.845651896852033,-3.5290158995299414,13.407284922881457,-5.888810833038971,0.6983184966766087,7.482932741085158,-0.2784388069307586,-2.3144190278379995,3.7605613635011137,5.589622522248794,-4.242733183105274,-2.446474855822811,9.921987199533389,-1.3311804159851004,-2.91106130540012,-5.845181801128152,-4.657534318303602,-0.35022181996720025,4.126207171354257,-0.9856099048462852,-0.9496095412652727,5.353276198368362,-5.883053151202944,6.205214078786958,6.221865025921081,3.250795484137181,-4.467528435062828,-2.7978607582871184,-3.5447747346661673,0.6179573198486388,-2.2235748999415272,2.4126444546847203,3.240090061256118,13.136717188330582,2.4368054506562986,-0.5839825123321929,-3.451467046797907,8.095662869079035,-16.781349818788804,7.241135082796868,-12.448161117362034,10.743721195616018,-21.443437053282942,-26.62113310654758,4.0656500433624565,-20.005131582555347,24.166536763790482,12.136849370131886,-1.0831183716386694,-3.451803962339217,0.7761430232629429,Actual adjusted month-end return from Yahoo/yfinance daily history,Market Table annual returns from the same adjusted daily history,"Sep 14, 2026 08:06:57 PM EDT"
LRCX,Lam Research Corporation Common Stock,Technology,Stock,-9.60715918148718,2.103353405232067,13.144255185318897,-7.506056336785461,8.390074411004633,1.8772307711242942,6.792776881218621,3.9545468119581484,1.824501451038052,2.270109236265494,9.456948513688657,0.1594698382419102,8.635235304734934,3.2038586807154656,8.696499986012896,12.846687543172063,7.124608958737255,-8.595704902653656,12.748368642310037,4.088784959975866,11.779277520522946,12.71618968398187,-7.786383385809148,-4.029206572785149,4.047422801544687,0.1775312798531603,6.156811412583574,-8.909229175496092,7.089577777954759,-12.30982304094519,10.292166445653429,-9.205862670552978,-11.748924414599548,-6.572208832258141,10.745788003612633,-12.64866891331099,24.535526588629608,3.838856785009348,2.282632779825744,15.876199591894146,-15.822201142196901,8.199474979213495,11.057315016474135,0.910769213665974,10.33723422159667,17.27750506742616,-1.5532837700055424,10.055090930767108,1.986994904015127,-1.6028805497265042,-17.718120129695116,6.366689582609508,7.20384336625739,18.662156254370732,16.60176856001181,-10.823007148131058,-0.9822740399210828,3.1137641429387575,32.32578835877313,4.599477595408397,2.4731843922060515,17.20010181957452,5.2002263006952765,4.235261679402491,4.7385110961284616,0.3314004069747023,-2.0424303192846716,-5.112877753855949,-5.66660906195815,-0.9804070719919289,20.6327831244556,6.012818774138395,-17.969832324429213,-4.843025726715922,-3.9217878408608686,-13.364698504406714,11.651898818697726,-17.776935083527167,17.44926058875396,-12.507257550571815,-16.097610640725335,10.595630406968514,16.700433997727337,-10.693232055344804,18.98643898170431,-2.817415540501911,9.471830877342292,-1.1393796142709967,17.67287891293239,4.52926550420949,11.764619109504038,-2.2394235716614586,-10.497649884377102,-6.1505830929322824,21.70956824164536,9.704362786967579,5.350678891715077,13.703870047043122,3.774174264160046,-7.941783559171178,4.251967299153003,14.413903178758126,-13.486413355417437,-10.879912909137746,-0.29811502933270173,-8.893762555192597,-0.6321423278722871,-1.933124357861249,12.211008339534658,-5.317712100174166,-4.978624381172569,-1.4167619806866871,12.724972255719958,20.785010170984286,-2.568313986937909,5.598907271440101,33.96345045926306,17.59523423689957,-0.9272310582580601,9.911429006418793,Actual adjusted month-end return from Yahoo/yfinance daily history,Market Table annual returns from the same adjusted daily history,"Sep 14, 2026 08:06:57 PM EDT"
DELL,Dell Technologies Inc. Class C Common Stock,Technology,Stock,,,,,,,,,6.982995436464523,2.6987466035585994,9.1057270145809,2.632557114307388,14.589753975422038,0.7937655140893618,0.9292977428158933,4.728504370374731,3.3973820001529598,-11.932520169435445,5.170949831744487,16.58626537768506,3.0428586862122575,7.201127282780084,-5.472984479349363,3.8854877296738755,-11.78641430141747,3.6122585331277213,-1.4537534905230132,-1.9669527734714753,12.38679667371214,4.859917350350895,9.38754602226053,3.9451090094846597,0.9878196885408252,-6.929573632608143,16.69432971400302,-16.326111843253187,-0.5729472758811083,14.87960030375195,5.141517944045915,14.857730565406623,-11.659983542614983,-14.693544943613478,13.661448031585,-10.755120207196711,0.6403969321016278,1.9861146513808992,-8.319129074922504,5.980579521698526,-5.098270427893703,-17.039162282816356,-2.249124762447219,7.939313572379492,16.280166539140637,10.676880220516626,8.900604094839482,10.446279359737144,2.436437855547502,-10.97652118535205,14.553613283646705,6.171211630479245,-0.5457580669648743,11.222387873761708,8.733185670181243,11.548510890871345,0.3152566259713385,1.0442043542140622,-3.0600983786819524,0.8693917027827069,6.751475354759706,5.718950735055328,1.2958449333961397,-0.5312453058049615,1.139419562813182,-10.29749941419662,-1.510991863433575,-5.679813948756252,6.23272551020897,-7.468977514475295,-1.732741596798859,-15.024382252148516,-10.76001377681538,13.46553956465566,16.64064252693791,-10.20316137799977,1.8131907771921085,0.049261759193264254,-1.0580961531824529,9.093496468844942,3.035176473652057,20.754302712847817,-1.5189101192517929,6.273628054430214,22.510681306924663,-2.3399990937261417,13.39109230704436,0.8303682196895368,8.823885353267901,14.213307278503828,20.54721866359419,9.65274334638484,11.970457411903546,-1.1822668235133338,-17.283524122113825,1.6361781324763847,2.596512744419943,4.664542894427548,3.203106725394189,-9.679444521484326,-9.740599424642681,-0.8107912562968611,-11.298174750435763,1.3148113661870964,21.26199272288234,10.182444253493394,8.67243342645072,-7.943326275010909,16.062213201195874,14.683807178291408,-17.69025433777086,-5.601812238092108,Actual adjusted month-end return from Yahoo/yfinance daily history,Market Table annual returns from the same adjusted daily history,"Sep 14, 2026 08:06:57 PM EDT"
PG,Procter & Gamble Company (The) Common Stock,Consumer Discretionary,Stock,3.767742349254366,-1.7138072538013027,2.5159210171245228,-1.8633005750826936,1.1482678790587064,4.479258815774956,1.8787366066762567,2.0095308925315525,2.7946459961318393,-2.5402304072416615,-4.999966786000365,1.9645802656106381,5.012205512308743,3.961169473546855,-1.3396281731192117,-2.060432352802344,0.8702766008170215,-1.0670874836396171,5.028694563313296,1.5965308921568333,-1.3980012914926232,-4.388899184185513,4.227440727984688,2.1002302012466556,-5.313200941774077,-9.05723376700508,0.9678964747175778,-7.909399821877239,1.1473254842311542,6.683119816138938,4.55292132067826,2.5593453673139255,0.33755540893840585,7.489621121118684,6.5741628783766215,-2.740423257882507,5.780035657846749,2.156120243834092,5.580928982403099,3.0578467048293367,-3.352752837734352,6.549423720279979,8.348761622042256,1.8552865810803176,3.4517304707267105,0.7439496383028432,-1.9677027380405554,2.3267629005750745,0.36858244699153886,-9.139787781717057,-2.8525846665891086,7.869138017032062,-1.6543629602375431,3.148731419441675,10.351599987134573,5.49877235912497,0.47712937503516795,-0.8121126490015618,1.2910087688619454,0.1944583599878591,-7.2996048887082,-3.6502381543488505,9.633245518071876,-0.8538658408772548,1.071806851911128,0.05931799006593241,6.073199634378379,0.11249082424855672,-1.8189657598919107,2.915929077509838,1.1119570611899166,13.141498880097702,-1.3838358177331478,-2.8420078903272694,-1.9821494877260593,5.661444729667386,-7.89161426021926,-2.765711939557469,-2.7667008108735125,-0.6982915835635817,-8.474711920098832,7.426336956811341,10.759633635488598,1.6089989695448947,-5.467506352653684,-3.385315529633681,8.091048699545667,5.830271589566793,-8.87582025067487,6.484223080772966,3.6541371711627413,-1.2540138098088516,-5.494328080739952,3.508080360847421,2.326206597927638,-4.546616686814664,7.910743965639155,1.1454664693686611,2.082557259501061,1.2350055109229041,0.8210659552025712,0.23096089025498312,-1.936176675618173,6.705656739562094,0.967707017115127,-4.069766306602163,8.524033925504003,-6.476629631776487,-0.3864111105943535,4.729181520557124,-1.9673090377853142,-4.011653960552797,4.502684216747155,-6.221678788426043,-4.908987294363643,4.366313481914497,-2.1586811700328057,-1.4503548423008827,-1.4697080251840244,-3.2734892003355887,Actual adjusted month-end return from Yahoo/yfinance daily history,Market Table annual returns from the same adjusted daily history,"Sep 14, 2026 08:06:57 PM EDT"
AMAT,Applied Materials Inc. Common Stock,Technology,Stock,-5.46330399437307,7.490406984588738,12.241669851520086,-3.3522142974277913,19.81973275236355,-1.8427560848385038,9.678775385290539,13.893956091396586,1.0388738349622617,-3.5489358203887544,11.083386701585173,0.21737783730140237,6.135715715181611,6.053282523018466,7.399226792086311,4.395921037805706,13.230221986943857,-9.960780802308689,7.262204955793039,2.0636692642347354,15.447667961403422,8.331758573519132,-6.326602904711298,-3.1267755930083463,4.910017134985201,7.579412658153428,-3.438107489152986,-10.681513519305774,2.643270159461286,-9.039008287309592,5.282555936605116,-11.129914729755864,-10.158073151520707,-14.928856482332309,14.019538329703597,-12.178140692339346,19.36473487952839,-1.391765893638175,3.442883955980469,11.11952791820643,-11.758854891577041,16.0765257211956,9.93099197523797,-2.2954054171203886,3.915068117847076,8.737441204353846,7.077449987974194,5.423120934510139,-4.996708456022281,0.5400025710748491,-21.163109693280326,8.424245528020858,13.53403012606249,7.6005745048232765,6.418542251313819,-3.9255783867504612,-3.490244683187338,-0.37008526245407847,39.66694917319455,4.631430830297001,12.027793347199122,22.480678492227725,13.038357969454118,-0.6662106397545497,4.266096666377428,3.0912662130082813,-1.7345504832274483,-3.2536134023030683,-4.736189617291031,6.152432199978364,7.886986608259883,6.909425231610422,-12.188612198389382,-2.705162912336667,-1.7883913553772168,-16.27465951561833,6.548982414650428,-22.431585142353693,16.487134984370822,-11.010958408947003,-12.905287252345765,7.76271075519146,24.438638827928717,-11.14963655961716,14.489621082098235,4.423735838873144,5.751174486056354,-7.978510327960919,18.237230757267753,8.432123904603461,4.877522834230175,0.990404932640998,-9.367626658627938,-4.405911706209064,13.412773368464116,8.205367613718973,1.3759501578006095,22.922503773712542,2.286486033006896,-3.675510215476707,8.46823195915778,9.721954716600155,-10.08092664210578,-6.862395184649817,2.428276420985398,-10.131154471632042,-3.55718121721027,-6.91432295103983,10.895916153408457,-12.151882559567506,-8.192578030468024,3.8519972038911554,4.303433718391125,16.791067888542965,-1.6441828263927927,-10.462765053797806,27.357552267381458,13.851710809489838,8.427490541165582,1.8790790851557881,Actual adjusted month-end return from Yahoo/yfinance daily history,Market Table annual returns from the same adjusted daily history,"Sep 14, 2026 08:06:57 PM EDT"
NFLX,Netflix Inc. Common Stock,Consumer Discretionary,Stock,-19.70624028858029,1.7094902847544446,9.442243945428718,-11.93386837857262,13.928686814973634,-10.81213034311449,-0.2514184967577937,6.794519293798151,1.12878048198084,26.707265808350055,-6.302559676433528,5.811968515053256,13.6591273756832,1.009169194537285,3.996340166690704,2.9700299412826814,7.1419114352378354,-8.376766347383324,21.5849031842803,-3.825826713715863,3.800581145775972,8.31540888411113,-4.5054230244551015,2.335002339700032,40.81059538373122,7.79874120638564,1.3624797600320093,5.793128326881658,12.52640184720908,11.328218789163436,-13.790466775355437,8.958372263142556,1.7542336155449645,-19.33819541655124,-5.1858925469614565,-6.455108048533697,26.840020229325056,5.478646740950821,-0.4300562340257552,3.9208062988298042,-7.356835096449432,7.003027821576446,-12.068492989927481,-9.05291125333929,-8.895322109790559,7.394814124016147,9.481230490423066,2.831624138962341,6.6508036306176965,6.937323844251919,1.7532432627999084,11.810922672173652,-0.0285841072363735,8.412555882638962,7.436706114992031,8.32106192281714,-5.576332914520554,-4.857702777528139,3.144571281169428,10.195643362263462,-1.54236572739459,1.2133960587216386,-3.1901234274240076,-1.5699885718497786,-2.076074336486211,5.05161195072068,-2.0143488257281073,9.973527738900966,7.229574959382679,13.102529379150107,-7.012785433648494,-6.147379358346427,-29.098331668313328,-7.636842683884271,-5.051708525488763,-49.181773447775946,3.7192698529690205,-11.431321053423726,28.609826723256315,-0.5958153499925456,5.314008219276478,23.972132814132262,4.6765786760407435,-3.485741643246454,20.00135832610239,-8.966823583896389,7.24862320732742,-4.500984977614541,19.792073389072872,11.45156266694669,-0.34507123426921193,-1.2050922303035394,-12.93119743829111,9.028073485862631,15.127889515822801,2.7238018939319764,15.862223990142965,6.879864861620777,0.7314434641895406,-9.334303218081107,16.522598292156744,5.183747804061012,-6.894558957840613,11.617733998760782,1.1292504352621968,6.592686486505084,17.298259961515463,0.5085689488863787,9.5857810388172,0.38903849838498594,-4.898222868327428,21.360169721367118,6.672147437453146,10.925834231001485,-13.42139500795454,4.213381407598904,-0.7721900937653126,-6.677673921714511,-3.8485598687825417,-12.846253448226708,Actual adjusted month-end return from Yahoo/yfinance daily history,Market Table annual returns from the same adjusted daily history,"Sep 14, 2026 08:06:57 PM EDT"
GE,GE Aerospace Common Stock,Technology,Stock,-6.581075205113662,0.9391506859230292,9.09400195359118,-3.271476491604053,-1.6910725616911648,4.923890819176302,-1.0800877196253555,0.3211569234368383,-4.445661568032211,-1.7555866128164288,5.704467729091878,3.5039653383312164,-6.012661420472442,1.1709485297647593,-0.033555145514840845,-2.7181734928472534,-5.553597021840506,-0.5191573676571082,-5.183263593521259,-4.1390322961803445,-0.5230093142673975,-16.62530959588475,-9.275804696007683,-3.933927496296974,-7.3352220002571356,-12.017480459345153,-4.464916133937957,4.376832087754701,0.07104663773398467,-2.480080511693039,0.14693760549473467,-5.062373967102374,-11.919566978534435,-10.540285183093811,-25.742573772151,1.0721442808612647,34.214004309825484,6.354353757229925,-3.7479819787355706,1.8017959496665181,-7.177982659983739,11.335867505011766,-0.476213029656547,-21.052619632942026,8.480813894706785,11.633063650525566,12.925863930560787,-0.8862551612898506,11.55913512836284,-12.610438687249758,-26.94959295749122,-14.357722681304342,-3.3823188121534398,4.113262921747074,-11.12738054231599,4.4480874387797575,-1.5725996802584241,19.10115831693684,37.19673541211155,6.187970010707811,-1.1111186226150371,17.41575751053528,4.782147510745149,-0.0761611164609044,7.164613546645748,-4.194570357921612,-3.7890011259948286,1.7471065375302741,-2.1818147852929237,1.785859276875068,-9.421178358506744,-0.46033220890655535,0.010563949204511758,1.0901917531970895,-4.112462893715019,-18.52459446743947,5.016772443101281,-18.57706035084955,16.082952722855225,-0.6359417531420664,-15.595255859267665,25.682414547372147,10.487096830330378,-2.441616508404265,23.039605119859342,5.255952603389846,12.960275203426708,3.5250863512095165,2.5866370024698604,8.194610347171082,4.073283716363396,0.1925753243313455,-3.3465400647339494,-1.7367696670908983,12.123732486494943,4.8523068335468045,3.7530658184141474,18.479067903747804,11.880929449157307,15.71878728106788,2.051671144435052,-3.736236389466707,7.245439741742188,2.5969498626163157,8.154454350524375,-8.908684749266227,6.042601450075047,-8.288470982093754,22.051706851206674,1.6750914697404307,-3.119928964993668,0.6944822794715755,22.01549660975939,4.668372311591895,5.4725547611114145,1.5198691629857208,9.443157133319735,2.702606093540094,-3.398600015924913,3.327942290798913,Actual adjusted month-end return from Yahoo/yfinance daily history,Market Table annual returns from the same adjusted daily history,"Sep 14, 2026 08:06:57 PM EDT"
MS,Morgan Stanley Common Stock,Finance,Stock,-18.160347229711384,-4.559489351269697,1.2550477583949338,8.789046556451897,1.1455968574390019,-5.078543415533687,11.346914398702278,11.59066518626819,0.0,5.337117332209851,23.205238126523597,2.1518158117186603,1.0270716797883273,7.484089590290033,-6.196591515484418,1.695553172748765,-3.758341525817921,6.756070429796002,5.811666169101759,-2.9850962180643648,5.868162635449914,4.308767964680094,3.2199970589313676,1.666384662863507,8.246882486425754,-0.9372032601814739,-3.677300796086058,-3.8761571271430206,-2.8670780204653967,-5.464729404250801,7.297204496302578,-3.4216487720592603,-4.628303639305775,-1.2802145327464487,-2.781416269617898,-10.67810278714707,7.442111405684604,-0.756520670377403,0.5240883590302836,15.05722573450754,-15.668405045828415,7.667708844104326,2.5051785823649864,-6.889572096322505,2.8440420518880183,8.733907397856623,7.448426298174926,3.3144894613603038,2.9009710901879426,-13.834695368415694,-24.494780636002965,16.99096463332186,12.09740675154296,9.275997552272575,1.905848744928873,6.914893118394594,-7.4818256959009455,0.3244998782213404,28.41121686018486,10.836150603902617,-1.656567362092709,14.645786009664663,1.02773856896472,6.748265643008566,10.175645176045833,0.8136420444676107,5.447124593840513,8.803937783497972,-6.817990233873039,6.352039728104897,-7.74470663005089,3.5224412264302174,5.190103895125886,-11.507726647317417,-3.6808460592041903,-6.999876130185867,6.8866948380535975,-11.701888134166937,11.884496169413715,1.0913333364858557,-7.287018053951256,5.008022189239436,13.26520785259444,-8.649393675955885,15.40229643705089,-0.8527766634201073,-9.015527639042208,3.358984946299959,-9.125256715894192,4.45204690999077,8.20473633884886,-7.0008744573235475,-4.086897588142557,-12.225391748887471,12.030502135555498,17.532131909148042,-5.528586294428839,-1.3754966469385121,9.437468812698535,-2.634387652666237,7.705859488830402,-0.6643523331261392,7.149267976256302,0.3875732110629748,0.6080427797566346,12.403206542711231,13.212904340765451,-4.47534272481569,10.842432841617988,-3.843098827673841,-12.350684365555665,-0.27763711476246344,10.925320601114198,10.021110154431634,1.8384867764955404,5.629641167567767,5.635309672568889,3.7986970628400174,3.451234097479028,4.63868229809794,Actual adjusted month-end return from Yahoo/yfinance daily history,Market Table annual returns from the same adjusted daily history,"Sep 14, 2026 08:06:57 PM EDT"
HD,Home Depot Inc. (The) Common Stock,Consumer Discretionary,Stock,-4.907391160811237,-1.3040549659954714,8.091915869990629,0.34477818999449905,-0.8110100996593927,-3.3530083869283134,8.262210583733465,-2.482817277034499,-4.056068992578121,-5.183367648804693,6.620006607581486,3.6166742898176008,2.6103836749765907,5.327822113642289,1.9416212984974202,6.313408299654788,-1.0908888184898213,-0.07165837417231202,-2.4771657168071615,0.7728618819764943,9.134608791580522,1.3573268131383598,9.018555368510217,5.399832749754507,5.999015382254669,-9.273240898900292,-1.653314518683291,3.6803936546780047,1.5121506392588024,4.583224569513544,1.2404069308560084,2.166405044379749,3.1777968461484063,-15.095370282783893,3.1377545211880076,-4.713851353051157,6.815287914604107,0.8772278502288122,4.417673775383069,6.15454945893581,-6.799169352214907,10.312716999203953,2.750409298589984,6.654498315585,2.4250021561287083,1.1033514366343367,-5.997962047878191,-0.3325113507956945,4.4509471954898405,-4.49800404004389,-13.716887346667717,17.738722462993508,13.032813022420097,1.4189587893853606,5.979794850734965,7.363740679301456,-2.057764701702358,-3.960971915092748,4.011854354190891,-3.7279654402546436,1.9577014607532472,-4.6082452803002045,18.898707207840637,6.034370275382761,-1.4706257636868947,0.5181028145837541,2.9163214274055216,-0.6124408776544077,1.1493639420499857,13.245581228860125,7.766180486178009,4.022982939884923,-11.573225270157938,-13.938090803301185,-4.652397591141844,0.3574933263559066,0.7822887748392793,-8.834966180763503,9.724003193012653,-3.53497421104223,-4.327015288341696,7.316790686115948,10.06992309853918,-2.5093224266498293,2.6308976606666867,-8.523309008100831,0.2418255091073851,1.8365646306442773,-5.007447462843562,9.59248946809721,7.468472525199599,-0.4285922659241326,-8.519520948021341,-5.781705926948055,10.855690041522848,10.54577587245873,1.849675256978589,7.833726755502646,1.3883789786617529,-12.872784305420904,0.8910162684159673,2.7980888708636575,6.9486577864908305,0.7002775053837507,9.959315766995047,-2.8257682358190706,9.559318344403378,-9.353819449900435,5.9102015707060085,-3.7332034700068295,-7.005604083596795,-1.6371534649519015,2.163720327279628,0.17066600353559114,0.23727546308311975,10.682700974438175,0.1767031193628643,-6.31801961410744,-5.972238779761618,-2.9682932353462532,Actual adjusted month-end return from Yahoo/yfinance daily history,Market Table annual returns from the same adjusted daily history,"Sep 14, 2026 08:06:57 PM EDT"
PANW,Palo Alto Networks Inc. Common Stock,Technology,Stock,-15.13000680642137,-3.144028510018959,12.673531646483083,-7.5211476135589646,-13.528202741332883,-5.994174092475035,6.727005695077848,1.7419168070766045,19.644066998425313,-3.4519598105738125,-12.650323206518143,-6.936071670997491,18.000791797519476,2.9411844542445387,-25.819618065692396,-3.7894994063149112,9.390278274803897,12.834135838353333,-1.517075567098758,0.6905447380798346,8.598990101365045,2.1512827945503465,-0.9850471120305127,-0.5557470537844833,8.920927361445298,9.818207334874929,4.700922854399492,6.054430427869217,8.093091218646297,-1.2590755567424838,-3.5090314589722005,16.58933948087251,-2.5481384575137267,-18.742782667204104,-5.512452296224168,8.904303838610982,14.053624335091275,14.640158906771195,-1.3765346617470753,2.4497744871196936,-19.56757956018963,1.808731452097101,11.179826586283937,-10.117417367537696,0.10313283261547124,11.558650083448718,-0.0747673259538395,1.773617706078534,1.5264859082530835,-21.364682806419964,-11.19055125412045,19.85239942028516,19.724184054491833,-2.380246603229874,11.429442714014293,0.5822213219107031,-4.918225052161063,-9.626147834188748,32.881229900147346,20.913851516961213,-1.3056099009571942,2.1553850268925645,-10.11693982990396,9.728004004828072,2.79011868318626,2.1472801812908004,7.546148635202998,15.534392214174453,3.8955487782840637,6.281836196108248,7.434835734609124,1.7954422327189246,-7.069478848615363,14.853113505311754,4.755573450985073,-9.83598130971698,-10.422605212525959,-1.7582265304622924,1.044662031138377,11.562811210046121,-11.752665718490263,4.762197552649994,-0.9849073241299799,-17.869335904066673,13.687836478786576,18.74054200827171,6.03599865727189,-8.651245771537875,16.95165600003814,19.73850472733576,-2.17212160474618,-2.6644277017215723,-3.641594944191906,3.6597857625424224,21.426216422517875,-0.07116183458746317,14.795850569844982,-8.259732700966504,-8.507481548435736,2.37919601923533,1.3819618451084814,14.953716576546805,-4.212264643503993,11.69894649373029,-5.767537868694827,5.421298841742694,7.629123796622994,-6.162651086874926,1.351940736596302,3.2588626865348136,-10.392266999572119,9.54640960173434,2.9369313156108356,6.350691891169191,-15.16809684260727,9.746542381373025,6.875913579128623,8.162268330480703,-13.671449264146574,-3.1189227277542586,Actual adjusted month-end return from Yahoo/yfinance daily history,Market Table annual returns from the same adjusted daily history,"Sep 14, 2026 08:06:57 PM EDT"
PM,Philip Morris International Inc Common Stock,Health Care,Stock,2.3887840446920494,1.1332124960651502,8.904359488320356,0.010196024849729035,0.5707455120034233,4.126527476541986,-1.4353288189357327,-0.3291619503467125,-1.7049954374356635,-0.8023041939833941,-8.46125198759793,4.82818335561217,5.071608689867713,13.752184779479325,4.196932911220719,-1.824585034766979,8.08371916709314,-1.1194834373165707,-0.6300015668729508,0.18845518008843154,-4.1573129975011724,-5.738225830430432,-1.8061835159685624,3.85013349298835,1.49550249755932,-3.431877939781147,-2.972363738882622,-17.505027703817678,-2.999939590995504,2.9441916393696754,6.88631376099802,-9.745081215002916,6.169175473447308,8.008285895354783,-1.7485557965331355,-21.659477078345656,14.919072600200312,13.321194362433818,2.955161379994853,-2.0703790992319115,-10.894151427527765,3.3522480264598586,6.468875081906034,-13.77829196531688,7.066556736393181,7.256677226013375,1.8295691294274663,4.020545863395064,-2.808775327379176,-1.003605077542069,-9.28538150589262,2.2477706171061707,-1.662181371304483,-2.9766775373339383,9.634581422034616,3.8797329021804217,-4.528141641007988,-5.29403622795932,6.660111817924874,10.874423358379337,-3.7927228948894776,5.4864947701702915,7.036067060497442,7.054307756705747,1.5052552039924283,4.026913867732995,0.988808011128306,2.9073560228555895,-6.834818566785817,-0.26371762509111996,-9.096687371684542,12.047602990413031,8.263156567866048,-1.7306694471490136,-5.797121650864845,6.450901697844547,6.250012741851929,-5.90216247435168,-1.6103064805254252,-1.70867166484302,-11.827569292414886,10.649301862070715,8.513892867485806,2.8392369205632706,2.9937684439367285,-6.657693330716774,1.2928229044691264,2.796911182112316,-9.962983752441302,9.903254883771172,2.151201381594836,-3.6702817948688238,-2.267065510042554,-3.694100876769446,4.710620792991982,2.1653132752341486,-3.433263710555323,-0.9796356239579751,3.258586838852584,3.623665583148239,6.783221368724379,1.2513391812625452,13.648486322681341,7.059738908475843,-0.42834858788040053,9.308064532644543,0.2712829255354432,-8.547596298044002,8.184466202219287,19.262666394783402,3.1241189788869583,7.9568933531206865,5.386325007374437,1.6120724552676657,-9.92698087490993,1.8774852605980996,-2.9497972511068338,-10.181131242653596,9.11106420179304,2.7831833091161995,Actual adjusted month-end return from Yahoo/yfinance daily history,Market Table annual returns from the same adjusted daily history,"Sep 14, 2026 08:06:57 PM EDT"
GS,Goldman Sachs Group Inc. (The) Common Stock,Finance,Stock,-10.35898908340187,-7.044029498336379,4.982318497771532,4.541994448234998,-2.4229983252863296,-6.834687631114422,6.885195145443834,7.123390853852007,-4.833022362236116,10.522740016245491,23.412096662803705,9.19332036068079,-4.2305238640388705,8.454711584001885,-7.393372856778491,-2.577031927106832,-5.2854553915664955,5.036464707945654,1.5457241604645677,-0.3665072818276105,6.011453946126544,2.2302688609535437,2.4489686113597253,2.875146746920021,5.15386513598588,-1.576005942752734,-4.210219284137374,-5.372054913315094,-4.888692932803762,-2.3508206063350467,7.643835367899299,0.49174801644675803,-5.706221722363947,0.5039165952310798,-15.04540226605,-12.397075360097077,18.53337929499752,-0.26040799092510447,-2.394532803456073,7.255598935056828,-10.978773512149509,12.115721930894207,7.590431806117537,-6.78700864746804,1.6281759151692832,2.9677193854377837,4.319990400432716,3.8762141703834185,3.401055848458534,-15.037839326825564,-23.001464373439184,18.649337112406773,7.795380631283932,0.5751249505784983,0.17199617115979393,4.117185631223141,-1.9036273009632398,-5.936233691287063,21.974209812823208,14.991478719149276,2.8288680884779094,17.815402594222917,2.75587233854917,6.559659864610334,7.124769616144855,2.018714352058759,-1.225203939952324,10.840626104904171,-8.580202641701607,9.343177667318958,-7.8287130652817005,0.9393332294713286,-7.285321638961784,-3.7752529168443183,-2.708587678551222,-7.455314636109211,7.647309736714014,-9.126532503166374,12.244964497320687,0.5374185061685077,-11.90972798525597,17.560160952134996,12.821804454876439,-11.076023899460685,6.532143935368406,-3.8708829496822417,-6.312470009363436,4.992218976131579,-4.971386674862122,-0.41988135898627377,10.333590239890068,-7.14515447154922,-1.2632782909960616,-6.168702636303891,13.416728790206701,12.950151608022885,-0.4562101813314512,2.0304192936267285,7.361515956724096,2.1594850390697307,7.633464019684433,-0.9200030309011287,12.53758398337439,0.8326845192199617,-2.967166747430583,4.580789054441814,17.532202566638855,-5.441144566488787,11.836826582722004,-2.34608385413162,-12.212956532432562,0.23063567367671567,10.207843229577286,17.869931559379125,2.2380834886244205,3.5447479682811034,6.85674869129842,-0.8764879088151822,4.645472955808838,6.938844640454533,Actual adjusted month-end return from Yahoo/yfinance daily history,Market Table annual returns from the same adjusted daily history,"Sep 14, 2026 08:06:57 PM EDT"
RY,Royal Bank Of Canada Common Stock,Finance,Stock,-3.220922180932373,-0.5269544021453743,12.929152470610683,9.043648965403817,-3.074721041017592,-1.8601575213601063,4.21460347781335,1.9029270688176725,-0.2576044255361065,1.839823912248173,3.7452088234755543,4.458501090457556,7.090647530862926,1.113083589299979,0.3302894178605076,-5.214649434957829,0.9053577508446375,4.949328877581571,3.7659382669631203,-0.670587863357186,4.442366484402127,1.0342475666849982,0.1919756133121009,4.278390307803992,5.821095736571769,-7.914071915763965,-2.028155687449784,-0.6514378863047177,-0.6048969733487342,-0.38362652990761026,4.5063541903384685,1.9879550526152867,0.8425445845363644,-8.252024490155707,0.5766287443042417,-6.470127582603624,12.279401321091976,2.6253702064255924,-3.364038067476527,6.488180413539535,-5.69709756751543,5.655407006444002,0.3529987385261224,-5.2591823690878226,8.56076776496586,0.3663790973683856,1.3513379647710044,-3.1192651855221687,0.6825024335125329,-5.6864256537012,-17.34928081844027,1.3681222757433664,5.293053019221294,4.548970763394333,3.072761507941224,10.175139447012981,-7.8559980730001255,0.9054791389247807,17.131038699969015,0.09755902597683441,-0.448744693539016,5.218275248134563,8.367581509150913,4.427450681121803,9.00419506345691,-2.577191751303365,0.696988432210599,1.6017585200896356,-3.191934064646351,5.408700395842625,-4.7880130039987145,7.179668526534799,8.350709829847558,-3.1743355648768734,-0.13584990485455695,-7.579202728721701,3.4148284130109063,-7.33154472832569,1.7660316656683106,-4.584139683601651,-3.22443463301072,3.7660835273776616,7.905249587065688,-5.772684037672649,9.946068565343747,-0.8597056127316982,-5.813961777802601,4.926133114444742,-9.898310096158337,6.7389449434954285,4.8620071409422705,-9.10924332975972,-2.9522741358261606,-7.5150481462450625,13.169769058971092,11.869464330947132,-2.473664385573493,-0.5429833935288286,3.9143045161129875,-3.0338461324554866,12.847244453158968,-2.644824558092085,6.027591622257966,8.090205998346068,3.270427059232328,-2.2777078214840762,3.954011948075631,-4.105993727644774,2.037156419938957,-3.08373041832507,-4.61199648726166,7.3232941315686695,5.655662078691193,3.8607365206982935,-1.5182700842248487,13.1558386213664,1.3483805292214157,-0.5566209365890029,5.180896838136273,10.643121361459663,Actual adjusted month-end return from Yahoo/yfinance daily history,Market Table annual returns from the same adjusted daily history,"Sep 14, 2026 08:06:57 PM EDT"
MUFG,Mitsubishi UFJ Financial Group Inc. Common Stock,Finance,Stock,-18.488739388204923,-15.384616166377329,6.993005565160781,0.21786824987852782,6.739121084141386,-9.77597027740681,15.124164709921772,8.039217092787787,-8.348453684407886,1.9801975146953366,16.504845238123835,2.666673078782633,3.7337645228255667,4.0688550914270705,-4.6616555568236855,0.0,-1.8927490173500927,8.520906647682146,-5.629631608677732,-4.552595155737327,5.921058708802462,5.43478565252431,5.007364261994263,1.963528169037998,4.814308191701988,-6.692907475790588,-6.610414267015042,0.6024188476271952,-10.029938260677529,-5.9900132295601765,8.318564088309422,-1.3071843148322104,2.483438977131791,-2.746365548778662,-9.634545040128174,-10.477939940277281,10.47228010807113,-2.973975096120285,-5.172423323596053,0.20202329326073354,-7.459677063304493,3.485847095284589,4.631573352309348,-3.0181028111282315,5.394187234098968,1.9684933149165307,2.509661112542383,2.2598826198577004,-5.340696006208923,-5.252918131914397,-22.61293171745762,9.016384253321474,4.511283098788055,-5.7554036689227654,-4.8346060839414395,11.764704308300878,-4.066971011430587,-1.7456411070397637,8.883250245972718,3.2633897776047416,2.9345400253064646,15.131586960903975,2.4761925821449093,-0.18587948387168707,7.82123456836139,-6.390340152739416,-2.029510892555675,2.6365335089131303,8.807333805873952,-7.0826191367636575,-4.174224373369128,3.409084770512405,11.538459776024567,1.1494287817735982,0.4870040066217385,-6.30047412666589,-2.241389693013518,-5.820104886217936,6.179774228020185,-9.171066343215717,-12.621359411967603,4.666658363881293,15.923571683471916,22.161176340665524,10.49474649377391,-3.256446235894417,-10.37868027842801,-1.7214315633714006,5.254767579503228,11.497731169150583,9.497966490633548,-1.7348255777362542,7.061793509087777,-1.0600747533643484,2.261910917510046,0.2328245848967292,8.594662262139853,9.839573005296543,0.8395461574494556,-2.7370460374133376,6.934688035462666,1.5037541590931625,7.592595135248437,-9.380382925936381,-1.7132086921842316,3.929265033850071,12.570894245623832,-1.5952987200853919,7.593851508727023,0.9516261341854015,9.17055047669768,-7.263387841569157,11.708856819914226,-2.832858511134717,1.3119486005698455,10.000002744386594,4.251142054623647,-5.081552617725382,4.2960979088815465,0.5069703742700327,Actual adjusted month-end return from Yahoo/yfinance daily history,Market Table annual returns from the same adjusted daily history,"Sep 14, 2026 08:06:57 PM EDT"
WFC,Wells Fargo & Company Common Stock,Finance,Stock,-7.5975037865203765,-5.866789381357229,3.0690542925541298,3.349904247599489,2.2577525246517904,-6.683776547814402,1.352213528640589,6.749943943655667,-12.834671412443498,3.906972469882275,15.97676352498414,4.138303139524124,2.213793458833613,3.4494863661148845,-3.8355156212554697,-3.269843942721651,-4.348425920938781,8.34960406837082,-2.6529666916497274,-4.6329604823103,7.989021743958835,1.795094288848631,1.2906208517729167,7.437578336209905,8.422626629155783,-10.674418023997523,-10.27222001017314,-0.8586220217889684,4.689192008688292,2.6856554412863387,3.3369520578919953,2.8241650479110314,-10.12313379001073,1.274722302250253,2.797550790221659,-15.10682314374977,7.10369004590965,2.0036831892588536,-3.146945345377694,0.18628262806121842,-7.459363844547074,6.648639226052988,2.3034841376595283,-2.7178638476816563,8.31010035059181,2.3592288044505194,6.490804449601462,-1.2119273126151686,-12.750922472752723,-12.04547404712849,-29.742970971877313,1.2195012545360484,-7.029799675637937,-3.286757982539834,-5.234368544501944,-0.043769083397249275,-2.6500984986756793,-8.762210623672505,28.09122433741158,10.347344538851111,-0.9940308988004798,21.43394168701207,8.017694208470516,15.305866456970097,3.9332318771990504,-3.0607894258349866,1.4351875695557181,-0.08945215360109948,1.5536050257230816,10.234885963382844,-6.246138958336756,0.4186121093786799,12.130027023584077,-0.3538363653407761,-9.19991506787764,-9.966998230388446,5.478387618150982,-14.419950430518004,11.99899445736392,0.32102565463747457,-7.984451510671597,14.346108103779986,4.933288999749363,-13.889461512916313,13.514158606497473,0.4231673901092581,-20.076961828080865,6.340283457881579,0.9344070019092321,7.209221505240548,8.15371181949911,-9.85065332396612,-1.041429229215185,-2.6676221608788797,13.119203051012484,10.383493803354726,1.9504260951953567,11.559297873693918,4.263364974725348,2.3464485365212395,1.5921788736300346,-0.884511138137023,-0.08419446636703798,-0.7133804057676718,-3.386350251580028,14.922992594488193,18.0050546262867,-7.785211567224182,12.186808955958984,-0.11846049024403227,-8.33759592852612,-1.086489034506788,5.88685638375952,7.140940419319186,0.6365545505003345,2.521126415381336,1.9956040912117778,3.7580674608205022,-0.7688111282338483,8.561431153501253,Actual adjusted month-end return from Yahoo/yfinance daily history,Market Table annual returns from the same adjusted daily history,"Sep 14, 2026 08:06:57 PM EDT"
SAP,SAP  SE ADS,Technology,Stock,0.8849445862955774,-5.58896831343424,6.742776985321575,-2.238269225236633,4.870576464010168,-7.462685417441106,16.4889275826553,0.6637054084732474,3.9104214996513953,-3.90548043243667,-5.259579650850954,3.8572533669975817,5.877598729315148,1.8249412669416376,5.355217395217315,2.0474829493045688,8.766949255934552,-2.686880660490165,1.1273606292818261,-0.8502653428891005,4.478330070861425,4.1495482868020295,-0.7442952121670898,-0.8733927083331761,0.7920982978766755,-7.726275117746484,0.6315898052341007,5.3917732836051835,3.326260381974344,2.5445557764765203,0.3285455130402015,3.188557025759553,2.7225663669376843,-12.796750584101114,-3.33768475023668,-3.983395109620347,3.8874822833484535,3.587307649824867,7.77559956405498,11.605757169887543,-3.1840756771776224,11.147223904339265,-10.06579730915853,-3.153694602797741,-1.0742840595963976,12.479854048936879,2.541850574256399,-1.4416890634346036,-2.4031677531092033,-5.505844917116853,-10.577010237737472,7.276021996079973,9.624870910369033,9.289606475399538,13.728583394720605,3.8877209326080076,-5.803781561930332,-31.435719438945455,13.413834623061094,7.618028425378398,-3.2134423224560504,-2.2583213370205524,-0.45398397850835437,13.966931969058427,1.6347546101929344,0.37876963684280174,2.320952979455204,4.467019310079445,-10.05728320028867,7.2126751692878965,-11.286092217783207,9.085965499251824,-10.634511271960479,-10.08704852014467,-1.4389810283735094,-9.156442406074428,1.9562604062645095,-9.134604941157754,2.7447071491212283,-8.57203997650069,-4.658537872929481,18.22769513860587,15.41745784698685,-6.927033377134206,14.865767381172823,-3.9736760177902952,11.184330571187818,6.890570808905605,-1.9676951847103163,4.883470032523873,-0.3362211804620041,2.449569717972433,-7.423576298802681,3.618925951184826,18.74626556861363,-2.846911769528604,11.973616953342114,8.532627887939226,3.8111514485732245,-7.0860824175502435,1.9421883577758647,10.562370452491244,4.9030804305921105,3.83270801565907,4.273813282966166,1.9816666993720533,1.6949120724386812,3.6237383759704977,12.12379440840392,-0.3839782071514475,-2.3854553209590956,8.847424470480213,4.588894512017294,0.4094296136386122,-5.721791980057345,-5.071504810882832,-1.8187930809862696,-2.694500220593521,-7.022812718167848,0.4798358246506762,Actual adjusted month-end return from Yahoo/yfinance daily history,Market Table annual returns from the same adjusted daily history,"Sep 14, 2026 08:06:57 PM EDT"
SHEL,Shell PLC American Depositary Shares (each representing two (2) Ordinary Shares),Energy,Stock,-4.062045957742477,5.717175626954041,6.530361341220203,9.164062868970868,-6.591691198602579,13.879084494863614,-6.21150769341241,-3.7792015850321548,2.3926221221581168,-0.5192372653123556,4.502469250776064,6.418747708587058,0.018438397259878947,-2.920542634170298,1.6188405743042145,-1.0241300300650735,6.028435746254024,-2.242267538585996,6.2793797873026636,-0.7586529838983669,9.786172459683872,4.0442352421224514,3.266252584116125,4.0392722444341445,5.29159856512651,-8.612623779114493,0.8534816586451166,9.543958752977066,0.864358616279226,-0.5029917328926881,-1.2422600673889006,-3.2397268088222297,4.461110592553541,-7.264470735406869,-2.9276870931841836,-3.5264658380338987,5.937847620921133,2.3028065885439597,0.6108516740653602,1.5018387887874463,-1.2766219661171418,5.27423741798001,-3.3502531915871936,-10.092675440922616,5.845303336740382,-1.4953082368012405,0.7426864642228415,2.5917476780121573,-11.58019922601512,-14.035672009691991,-20.758567915782965,-5.044441388534238,-2.557141411029351,2.316109493119489,-8.810039198151854,0.5427300125791401,-15.195427013356156,1.5097274050611897,33.866313532601836,3.841603444590369,4.980092372681111,12.143259720981359,-4.435797656484763,-3.08593434990565,2.503481423501408,4.636096973619752,0.544539661814869,-0.9817513567197178,12.097568071317944,3.0289436004479198,-7.48492962158771,3.2350019151261566,18.433179241194342,1.9260681184700923,4.84824891590887,-2.730743166836802,11.793426998554345,-11.702134455113267,2.084518789029599,0.19356708347200158,-6.077744234497928,11.796606790113383,6.048491151008073,-2.5996228967533397,3.266008359167838,4.292873686237231,-5.315120197254908,7.716380651188004,-8.785519890205562,7.821446703103585,2.0702269695226594,1.8245635379623648,3.6881979049954383,1.18049239353899,2.0374451916012726,0.0,-4.392103147425786,0.9679911643106998,6.700625249747949,6.891420119586256,2.525229651132088,-0.8244059690123318,1.4408557134106825,-1.2015805240846777,-7.968196665402816,2.4260926233808044,-3.1470507781331536,-3.2282976049926915,5.107751597685328,3.5454154667220905,8.627347649630712,-12.008745177194724,3.8013662784743385,6.327413893576805,2.5564201990135427,3.3312208725001957,-3.1808236723459227,4.73926550212842,-0.5974954600843851,-0.3931201372674331,Actual adjusted month-end return from Yahoo/yfinance daily history,Market Table annual returns from the same adjusted daily history,"Sep 14, 2026 08:06:57 PM EDT"
NVS,Novartis AG Common Stock,Health Care,Stock,-9.379355208004325,-5.244760477389221,1.8703247921492139,4.873008991894112,4.659740267713652,3.773104602133248,0.9089682497061657,-5.392719515754774,0.24118300278448412,-10.055710299911635,-3.182206610933924,5.93367547304533,1.4827098489831547,5.749448994083672,-1.5300105249951734,3.7161660082076775,6.1534396744654885,2.079008853946096,2.0725983702980066,-1.0680883658440554,1.8507645131036865,-3.8089603819782547,3.89923829977179,-2.1445242551979216,7.265363793973867,-7.450585887994354,0.5519541045174714,-5.145335076129576,-2.8295700901025733,1.3687606445746514,11.066990785951969,-1.060784630122491,3.794715912078117,1.508818302278403,4.653548728668255,-6.249304910914388,1.9927649111370904,4.2390511255003815,8.792148979638359,-4.546822254703542,4.146912601511787,6.6207332244590855,0.2956978504021768,-1.6051496457712755,-3.562316689402356,0.6214192395194162,5.558074454987794,2.5893857926662767,-0.19009519421084864,-11.16282793333745,1.765108073879218,2.765318183126486,3.186593941836091,-0.10295813936791465,-5.953732729314954,4.772329593774383,1.0457825784517594,-10.211595904531501,16.329427532461537,3.963439237575428,-4.193572413331859,-5.040355228822769,3.4921284842730715,-0.28077589201881414,3.683719958365117,3.2360302524843343,1.260419850226202,0.0,-11.483933617665176,1.1983506310678793,-3.6974493043486545,9.74906410836085,-0.6402282444035068,0.632847075082954,4.532127941214825,0.31908530422437575,3.3057091874284072,-7.048617358510933,1.5379181726245195,-6.186655950653663,-5.601079892195015,6.735941443850169,10.390737947373285,1.2952299672090994,-0.11024143516711327,-7.172802540670453,14.120652335934537,11.489134914957532,-6.161650529973062,4.841562870973659,3.9540171856910833,-4.213529418882778,1.3733948376248195,-8.12880424600898,4.61637141564768,3.13585763043851,2.475974402309178,-2.416151119079657,-0.576463483983003,0.4135123989653655,6.177293843811249,3.228932878102375,4.715384385605725,8.440979274517414,-4.855657694293591,-5.7555149261190985,-2.426209279590985,-7.998483433835135,7.614841192224531,4.134835205222598,6.031571606939079,1.8030078903809033,2.000183430618052,4.535243517670495,-6.007767147220299,11.262531901065387,1.3354421867385113,-3.4700626231288223,5.339682910244492,5.728526698874736,Actual adjusted month-end return from Yahoo/yfinance daily history,Market Table annual returns from the same adjusted daily history,"Sep 14, 2026 08:06:57 PM EDT"
BABA,Alibaba Group Holding Limited American Depositary Shares each representing eight Ordinary share,Consumer Discretionary,Stock,-17.52183868418131,2.655518675787527,14.852489781337352,-2.6445516435980143,6.576554182714345,-3.0122078134197983,3.7092964426861386,17.83463525553084,8.848643330701256,-3.875602031584058,-7.5425394065877445,-6.604966562343306,15.374084339551919,1.5694521445975607,4.791059751746429,7.1130486026730555,6.025970033173245,15.057976200446156,9.971599706733226,10.835770407089607,0.5648107681409442,7.052275770801364,-4.224127543282341,-2.6259447146979475,18.47707622226389,-8.88443249971288,-1.3968041365263417,-2.7242014988921204,10.905123329146328,-6.302706563379957,0.916287025252327,-6.526734216679653,-5.8568149041290045,-13.644082383487554,13.058760152787396,-14.789236391669613,22.9225690584272,8.629595355785803,-0.31689474861522626,1.710064979269843,-19.566750292539105,13.526732420936982,2.159943818724863,1.1091138301233316,-4.456379638989594,5.644917013976958,13.205423957172236,6.04999950140106,-2.5978372583214338,0.6825060478050871,-6.499989398145178,4.2112270094810444,2.328911647270404,4.006934929331352,16.37460464224705,14.345457140993112,2.4213609057444963,3.643105838789218,-13.564620253535054,-11.63045532765059,9.066297390238809,-6.331014710870608,-4.639131351295656,1.861242833837129,-7.356563613788481,5.991770688752962,-13.92979917289664,-14.447467485235821,-11.341987205816007,11.40831002359084,-22.680979961884784,-6.853284817098149,5.892749272857967,-16.376495055378292,3.431879530104953,-10.76286564445137,-1.071175647003697,18.355029189235374,-21.384586759127544,6.7584236041895895,-16.161839066238958,-20.51505328784029,37.716252298189225,0.6052975409677419,25.09932340074783,-20.335743771632497,16.39138263951847,-17.116852710875495,-6.069188612330622,4.77686581272494,22.567484153559935,-9.064209166439241,-6.630793828573278,-4.842051111510526,-9.280353853098944,4.903769115169565,-6.88943525662713,2.577238110038693,-2.255829464025594,3.4411248576465825,4.6626590547262925,-6.095463489417874,9.513885301833703,5.694356731766015,27.333807769001496,-7.670556601641598,-10.828737899703633,-2.952959954346912,16.570342640695436,34.065152014925346,-0.21130638657924639,-9.680096690773432,-4.680569387393463,1.3060861851404315,6.366276069954369,11.91246598733786,32.39258451671216,-4.643879278214036,-7.704034865560949,-6.815008009300838,Actual adjusted month-end return from Yahoo/yfinance daily history,Market Table annual returns from the same adjusted daily history,"Sep 14, 2026 08:06:57 PM EDT"
RTX,RTX Corporation Common Stock,Industrials,Stock,-8.722813164324773,11.005116273384473,3.601743332439633,4.265724829482376,-2.991434713708563,1.9586396706086084,4.97317959247201,-0.5319122067391491,-4.538178730341357,0.5905461516046984,6.0511903070000095,1.7638355727571886,0.045607660651403314,3.236785016379673,-0.3021332964284307,6.042237428996677,2.4817269477128923,0.684356980258638,-2.899017705124829,1.5830684634290382,-3.04040842341623,3.170252277287555,2.018575197889172,5.039092313944393,8.18374784148359,-1.8270286886014064,-6.620167548689448,-4.506402668273035,4.472902161000203,0.16820226524407733,8.565956784642337,-2.4580411202674957,6.15796104115327,-11.15800201753383,-1.345475360479842,-12.606713298628513,10.884666891276474,7.069360691685778,2.5622854345971557,10.644717046160679,-10.948251693565725,3.0879052048069733,2.611375575560082,-1.9350968083307052,4.8218381324913295,5.171415586046968,3.8297728327957303,0.9572528102384403,0.2938176144434035,-12.642155704629765,-27.766293114000085,9.173227060350442,0.43434417063450415,-4.494728772758716,-8.016869793757685,8.422790052350383,-5.672131391050228,-5.596110242697982,32.99171761042912,-0.292781421088284,-6.684383634814505,8.54633036150485,7.334349998647616,7.7261474254964435,7.213047539721429,-3.8327101213871395,1.9223830710649814,-1.9335633893495796,1.4157396447687987,3.373667750753784,-8.401202011177755,6.351948019013864,4.79898113362327,14.503827014900295,-3.5345726875690486,-4.199042788019758,0.8200127966344617,1.0407771332521465,-3.0173715582372806,-3.1512663935523766,-8.791105439979741,15.83191217116402,4.723504552973212,2.2285337916000847,-1.0602557205160235,-1.2221027174503685,-0.16313086778360075,2.0116510848762426,-7.200813633436642,6.31648533006306,-10.23887647800673,-1.4666292543903392,-16.35285170071793,13.088763299256678,0.8485492750107015,3.2646001822213444,8.295703500295959,-0.943449419934661,8.7654607363572,4.091048099346639,6.834708106974663,-6.882479785517958,17.03356243903493,5.540918726979105,-1.7674596228083317,-0.1403231153700224,1.230569284431371,-5.0151947264420516,11.43276881493227,3.654958584666046,-0.3985243443914266,-4.778808697650283,8.757451915434844,6.990047738490168,7.909869124829205,1.096965331070665,5.504418574905845,6.67541694460505,-1.6239150223721022,4.8539267264561925,Actual adjusted month-end return from Yahoo/yfinance daily history,Market Table annual returns from the same adjusted daily history,"Sep 14, 2026 08:06:57 PM EDT"
TM,Toyota Motor Corporation Common Stock,Industrials,Stock,-2.4463934414908906,-13.271655497094336,4.061765631942182,-4.345371965792822,1.6814124717532186,-3.3072359590471945,11.61116389800394,8.091408377343058,-2.3256411626489726,-0.34464371328933874,2.4813920453714777,-1.1220682333193621,-1.2372111585321588,-2.2462132590576167,-2.2938217828174956,-0.441919484395803,-0.5548162317748351,-2.343332968991063,7.446207968731744,0.12407703714873985,7.062416623232726,4.053054410488932,1.8870819616925827,0.6569662141180821,8.45324038674784,-2.4071841544914707,-1.4579479313543309,0.46789676016139037,-2.298060018580972,0.6564054621590598,2.3523134619200636,-5.8859108325633684,1.6455290529032496,-5.870537517266438,3.784726877100608,-4.445178067406285,6.107833765974124,-1.7293049417933526,-2.4950440858975687,4.728005078697928,-4.870539922321315,5.45159695642774,4.080993445511472,1.2243329052586516,4.335291123021245,3.0188198098963337,1.1981038592979054,0.2353471081155467,-1.209603299153006,-5.826852549049066,-6.627261181985289,3.0346004563140294,1.958076181564783,-0.30157132624286653,-5.006774713221995,10.968677512568071,1.5114568611920065,-0.8683041715002449,2.414499315371943,14.956126206510012,-9.089748514954199,5.273292468548063,7.1912235283237536,-3.3897194476561254,10.088216532537153,5.337993076102809,2.859750289221097,-3.1194305360199515,3.191514024977704,-0.6638601604180949,0.7249336484261626,4.1889175872577455,7.096603533247836,-7.81054169383345,-0.2872072137787285,-5.1317500920428305,-2.7076124045287586,-7.333031249105604,5.461487514663843,-8.13088958378858,-11.636264638366246,6.539257550305155,6.397240023215289,-7.52251799620296,7.709775001280006,-7.606548985453099,6.141987517640657,-3.0771428503078013,-0.8738089218658818,18.085650040883074,4.659419103119289,2.3121600237317796,5.586425327316169,-2.5424117925036405,8.334273466218,-3.3723109255078043,8.899539499782838,20.455694571380214,5.820141494852793,-9.682930855165562,-4.311293480395307,-5.765248458799677,-5.57155206548261,-1.9374791796379798,-4.5589003421108725,-3.108024779296803,-1.381350012266036,14.053800801858163,-2.9186642960815745,-3.943255374450605,-0.812732245037795,8.321533191518427,-0.33991940818688393,-9.608024407656025,3.8952786066650535,8.716548023195191,-1.7885649665054792,6.855411771714004,-1.1362002529406334,6.038541009687859,Actual adjusted month-end return from Yahoo/yfinance daily history,Market Table annual returns from the same adjusted daily history,"Sep 14, 2026 08:06:57 PM EDT"
ARM,Arm Holdings plc American Depositary Shares,Technology,Stock,,,,,,,,,,,,,,,,,,,,,,,,,,,,,,,,,,,,,,,,,,,,,,,,,,,,,,,,,,,,,,,,,,,,,,,,,,,,,,,,,,,,,,,,,,,,,,-7.90358652103248,24.771756659931942,22.186986411490082,-5.955151605604603,99.57548739276798,-11.37974772148641,-19.02552139029191,19.079140137603503,35.76169903303816,-11.887298330691042,-7.831028251039207,7.623411538069336,-1.195714649857138,-4.9610825295292145,-8.139096896440101,29.33690196364138,-17.461610828872132,-18.9080424210318,6.79839130441926,9.197718178936821,29.869924766476142,-12.591198714918306,-2.1679946535145933,2.299188772108196,20.022616956095483,-20.174307082802155,-19.364119557949856,Actual adjusted month-end return from Yahoo/yfinance daily history,Market Table annual returns from the same adjusted daily history,"Sep 14, 2026 08:06:57 PM EDT"
AZN,AstraZeneca PLC Ordinary Shares,Health Care,Stock,-5.095711021418414,-8.138841925223106,-1.778844425109538,2.8408896224302094,2.555262279259507,1.6498439471980264,13.08378146084761,-2.6120400949746214,0.15238183973216302,-13.81617691521746,-7.697748442224617,4.514145773426459,-0.3294296981083744,11.019348464967926,6.425155192961118,-2.8580672128784235,13.685970980192197,-0.8723691266477873,-11.46962929004024,0.3583173189195321,13.576932282250986,1.8299857714460854,-4.724627073271003,5.567406010038289,1.0374423385013376,-2.648333866097219,5.363042441466415,1.6013768519946625,4.2217720800052705,-5.184970620398288,11.449708819818905,-0.8825347175395071,3.208172264965836,-1.99649039372648,2.681777194124013,-4.620775661666832,-3.6861385178523554,16.274480967430094,-2.765747097422544,-6.851342933567839,-0.7434977916308427,10.433388129450783,5.1598668156256355,4.805683484797374,-1.021516113601162,10.0067211523297,-1.1217608593327655,2.846519249821977,-2.326496574372594,-8.228885772249573,1.9634750181312555,17.062228277376178,4.437652106099188,-3.1318796477747934,5.4641837179617125,1.1969993866405737,-2.142872461046008,-8.467134204066095,5.542264323547674,-5.572343118881107,1.2202236539477829,-2.5392684326554726,2.7697364438761474,6.737723914930749,6.971921725335939,5.513483361889238,-4.44074506760761,2.6327567636964755,3.054217590612729,3.8628179238974214,-12.103250306614576,6.2374609585509555,-0.06866256043431829,6.316630046270921,8.968468144395668,0.09044329183158784,0.12047793525908901,-0.6167204210297372,0.24217188732815753,-5.147830333429293,-12.087212331225206,7.23923974719749,15.575574610902887,-0.25009570959967364,-3.5840797137359215,1.1565504003301141,6.48972115343589,5.48911955633713,-0.19121856415679206,-2.066209963456722,0.18163341792440946,-4.79034228151618,-0.14744507990996913,-6.630234386190958,2.150873101482831,4.273111624460624,-1.0542048346488975,-2.2421178256258,5.595386185348961,11.999987371868315,2.8202413021592987,-0.03845156843713671,1.4873895958604555,11.381599313569591,-11.081943967693997,-8.676680090188116,-4.961351072489483,-3.1056002593268905,7.997580292506301,9.24046524395421,-3.5559702731547627,-2.326524297027688,1.4486729769728424,-4.050538496481759,4.5935978115579035,10.0775107352294,-3.9799803156880476,7.40355041001437,12.524275187208268,-0.8520316388840543,Actual adjusted month-end return from Yahoo/yfinance daily history,Market Table annual returns from the same adjusted daily history,"Sep 14, 2026 08:06:57 PM EDT"
CRWD,CrowdStrike Holdings Inc. Class A Common Stock,Technology,Stock,,,,,,,,,,,,,,,,,,,,,,,,,,,,,,,,,,,,,,,,,,,30.429050374448096,-8.745931225123849,-28.26033187866709,-14.405764582482995,16.209176873013686,-14.017243220888332,22.498499019476668,-2.373548468354403,-6.639837567067419,21.515810508751,29.781248604585397,14.212508488689979,12.872665185823195,11.068910553434396,9.218168820358974,-9.816494514525631,23.7726124935282,38.19155076404446,1.8789517467286077,0.09267699046056066,-15.504632172761134,14.245795179740783,6.541652558146915,13.126268045587764,0.9152055525453395,10.80004705008879,-12.533808263595414,14.655378465526292,-22.945348191719706,-5.705995866480185,-11.775336073431774,8.065770246594495,16.32600482612634,-12.47137885144486,-19.50593181986552,5.356579643217696,8.92264402157088,-0.5392186602683924,-9.747551060874803,-2.19040147068027,-27.016126703988864,-10.505737739096244,0.5793528398209125,13.966006329011327,13.729382492534326,-12.538242855765969,33.3860898060742,-8.280777718909727,10.070136199787383,0.8474545875001738,2.6682243366783487,5.60998871772207,34.066866416931354,7.734504158903621,14.562114839895068,10.820510733840806,-1.0982562473009438,-8.74948941432503,7.222945329054986,22.163415703646283,-39.46605985647126,19.537847367513606,1.1504625127849,5.847325498308509,16.539228251792082,-1.1012508440473856,16.34030952294523,-2.112694628424905,-9.51599259389152,21.637645768440493,9.909762978029502,8.048879401408215,-10.74787270950388,-6.791032100622008,15.737547971369793,10.732494057417696,-6.233772029013984,-7.934636186249766,Actual adjusted month-end return from Yahoo/yfinance daily history,Market Table annual returns from the same adjusted daily history,"Sep 14, 2026 08:06:57 PM EDT"
TXN,Texas Instruments Incorporated Common Stock,Technology,Stock,-2.7003306595847487,0.17002356428272858,8.298807033214239,-0.02781021173660081,6.241223494855053,3.382828792721515,11.92958452549744,-0.3010521839598934,0.920317428801054,0.9546810131237482,5.110663257760439,-1.2985069371675095,4.179169550460959,1.4297361790958085,5.142211834085009,-1.1033440866202504,4.180354974252509,-6.7402105807087604,6.429243582020749,1.7695335075777807,8.234695201802712,8.555102140475967,0.6205383649031448,7.349153734477687,5.588802111633262,-1.2035972069226797,-4.116298668494556,-2.3678727612613804,10.99648594735918,-1.4833267039114917,1.5295567651741226,0.9701800248943515,-4.546265900296853,-12.732348291044627,7.562194765525998,-5.358052361050481,7.355345293154825,5.065522061371586,0.27420475073380857,11.086987972587403,-10.889995362079407,10.01820173967487,9.580888611750439,-1.0079169575248903,4.436370591355687,-8.016526304216843,1.8815266259383456,6.721534260824735,-5.275898947492285,-5.395757186268035,-12.449637127894853,16.151314098747594,3.0997641077301408,6.931122788752808,1.1483247505789995,11.44648719029593,0.4502136010391178,1.9880783042950156,11.522243362644403,1.7860491920206112,1.5626181568715758,3.971278940299916,9.705683077318694,-3.95984295058166,5.15763819142232,1.3064965141248885,-0.32080989421253703,0.15212254949792392,0.6809516249460801,-1.8601093769850974,2.6082871132666385,-2.0273387355128625,-4.134019178204362,-5.292755144168037,7.935734797955329,-7.21058758997648,4.529712429053423,-13.074226212457186,17.193811227515422,-7.6471661722318345,-6.313154063958349,4.606999077088547,12.34513675485196,-8.445086424891347,8.021368594682299,-3.250402552571763,8.492285703010749,-10.112342122635887,4.7958671600419,3.5311563699601978,0.6914464588923197,-6.633351210039972,-5.384967509009552,-9.872492216036832,7.534680447965703,11.623345062577851,-5.324695835362259,4.502872907849098,4.1116422888890725,1.2685818252448744,11.334033390561604,-0.24613689905457203,5.452534336451165,5.1665703822940445,-3.6250784078272313,-1.0032622454415052,-1.0484469593090573,-6.725355128945287,-0.8185417086525315,6.164365508432912,-8.311658850276215,-10.175038933280756,14.24555171921904,13.54662756669045,-12.162281822232979,11.830342186526144,-9.260181694947956,-11.336643385540146,4.217752236220873,3.1021606386243183,Actual adjusted month-end return from Yahoo/yfinance daily history,Market Table annual returns from the same adjusted daily history,"Sep 14, 2026 08:06:57 PM EDT"
ANET,Arista Networks Inc. Common Stock,Telecommunications,Stock,-22.88026515479713,14.176249057605173,-7.936974567757627,5.578453815501416,10.01200524460728,-12.157188635294025,10.702080900263855,11.800202130257231,6.777110322787161,-0.38787238358313214,11.870203608960184,2.0672915672857783,-2.8624540034691393,26.58510411039312,11.160607317512138,5.57193231959543,5.542828363645658,1.6352207378718564,-0.3338006692108486,17.991829203763878,7.641218949900752,5.421654314754343,16.62414119215807,1.0552534168639438,17.081248484759758,-2.2043422987429784,-5.353298622896219,3.6231823856796685,-4.910221445385476,2.3572876185928626,-0.6835195827356033,16.912374762978022,-11.077672224809753,-13.356646808315254,3.529407166748655,-11.648775275489031,1.9364033650446366,32.81031828904912,10.240137232279789,-0.6900664533237566,-21.678571313399175,6.144976901889954,5.327023091422967,-17.125622599858715,5.427589496415508,2.3648121540994715,-20.215071742572754,4.238194437927945,9.803344660646474,-13.530940143378235,4.882978548569272,8.269562946251764,6.4569099247880235,-10.035983577815344,23.68232658356706,-13.981596643759387,-7.393154843625915,0.9520133815448029,29.58354242038439,7.340226901057889,5.847124550407412,-9.012876004923932,7.879509219233527,4.398952643320109,7.68156563874034,6.756435955529838,4.990206511461159,-2.8549687034181592,-7.006192789863929,19.22069170569134,21.125726104421382,15.871354851596408,-13.523479959239125,-1.2710113689089475,13.240439930035608,-16.844147900686778,-11.49952492049936,-8.349629465635056,24.418604556524535,2.786590136788125,-5.830829182447483,7.059971001677545,15.257324464903954,-12.885860864602627,3.8483710157946494,10.061895447505886,21.023795460493645,-4.587154128585979,3.8586366973487385,-2.573042487389987,-4.300877036717887,25.88174630051343,-5.788046559980453,8.93818468768468,9.652149557306998,7.191291843864622,9.838222881990166,7.2908676369026315,4.482237536356037,-11.524936947916053,16.015745528882142,17.749040206000053,-1.1213259159343791,1.9708605772406074,8.613957219085089,0.6826103556853758,5.015010030114819,8.94484922818699,4.252243399569333,-19.248459306619615,-16.732938403197707,6.182231645068925,5.311781846231933,18.0863322707012,20.437888926870574,10.818050396849866,6.708168039100948,8.221807134402482,-17.12854927227315,0.267834498876951,Actual adjusted month-end return from Yahoo/yfinance daily history,Market Table annual returns from the same adjusted daily history,"Sep 14, 2026 08:06:57 PM EDT"
IBM,International Business Machines Corporation Common Stock,Technology,Stock,-9.322789802713217,6.0729209070663925,15.584226850000672,-3.6381742552193175,6.361318771450275,-1.274918220928234,5.824261438501455,-0.2290030387818609,-0.01889124826360833,-3.248354398515474,6.507702692572037,2.324014655448714,5.138855851827739,3.8516166413886888,-3.1587112734882683,-7.953397287603837,-3.8486208489351803,0.7861756983743806,-5.954598564615732,-0.08904203768194119,1.433288222303375,6.189690774682921,0.9405082295983913,-0.3572294418910493,6.700583070039823,-3.8703278648865247,-1.5401499715284372,-5.520447373719717,-1.4357906463136172,-1.1393320753931846,3.7437343383754262,2.161397833085954,3.229092179923998,-23.662444864948483,9.0295049664046,-8.529816316818062,18.25460770547691,3.9572680041555452,2.1501265777756684,-0.5881914575266434,-8.392071967719927,8.591240000737589,7.498152673847613,-7.496660052406945,7.297264841821893,-8.03877653218773,1.7258499872197408,-0.30496421595879175,7.229202552175273,-8.502698072553883,-14.76757339398398,13.188487298073515,0.808415570949772,-3.3066462011199893,1.7968183524032622,1.614229670243006,-1.329974386838173,-8.227178273108205,12.22559861451642,1.9106141600352844,-5.378124262294226,1.1831246653374317,12.049117115200513,6.4685685517604785,2.4429353983841384,1.9827492707930716,-3.8406404105608916,0.7063628895053631,-1.0047032074171125,-9.954648123901288,-0.7825224399362951,14.141773121588663,-0.06733942432397555,-7.175488230967774,6.130110100899655,1.6843702800438898,6.2886186190237225,1.6926221463940072,-7.365981800813981,-0.5517407508470185,-7.504871160240711,16.39595164354626,8.955990062635099,-5.379425198182375,-4.372203370562855,-2.8514679403579324,1.3843807188985258,-3.5700732299553617,3.11162247436525,4.059420351008103,7.749791369240255,3.009915043269773,-4.447324688346043,3.093388339098335,10.867126655761705,3.147079007313902,12.295955750101761,1.6644081025727786,3.2049007704074706,-12.966066913241537,1.387675461300386,3.65596140581963,11.095684698012231,6.119443892519105,9.37515554830295,-6.4953904920570515,10.875689881284313,-3.333177648040031,16.317150315147778,-0.6172076449522224,-1.4973838113704452,-2.750743540772682,7.842156554177504,13.788324748141957,-14.122408295848654,-3.1655938406147444,15.881559299820136,8.948817672612952,0.9340520830415588,-4.008676364928032,Actual adjusted month-end return from Yahoo/yfinance daily history,Market Table annual returns from the same adjusted daily history,"Sep 14, 2026 08:06:57 PM EDT"
GEV,GE Vernova Inc. Common Stock,Technology,Stock,,,,,,,,,,,,,,,,,,,,,,,,,,,,,,,,,,,,,,,,,,,,,,,,,,,,,,,,,,,,,,,,,,,,,,,,,,,,,,,,,,,,,,,,,,,,,,,,,,,,12.402200006812825,14.436241108945636,-2.4957246849560355,3.923975991666051,12.769294175317668,26.855724316521147,18.30731768790852,10.760465169910717,-1.4793384889693284,13.361511727394525,-10.110492037704176,-8.920582590586434,21.561434426262394,27.549750268727458,11.875775833329172,24.83745150609129,-7.166553544934895,0.31487562008820635,-4.8001442144401825,2.5002398319107444,8.970118127676585,Actual adjusted month-end return from Yahoo/yfinance daily history,Market Table annual returns from the same adjusted daily history,"Sep 14, 2026 08:06:57 PM EDT"
C,Citigroup Inc. Common Stock,Finance,Stock,-17.6182340229214,-8.75997020164353,7.4645748330268935,10.967547514241405,0.6266192133274728,-8.975723027140559,3.724554674004321,8.970544867545826,-1.0683017968498354,4.065259231431373,15.109805883714756,5.391031798190182,-6.057540219114321,7.435476613265224,0.01670716434205577,-0.9063685188571924,2.4018733481969035,10.47246209869266,2.347469045549766,-0.15331093867279044,6.9233749641433695,1.0448064479803287,3.162830621407031,-1.4437185665800545,5.469704996280278,-3.4196731017709037,-10.584206299247946,1.1407449671884562,-1.852058930624978,0.3448757479557196,7.426815323963631,-0.2795311009240464,0.7018507474556124,-8.753842044841686,-0.3422754698135799,-19.64809534370292,23.818685048549384,-0.046887480420332306,-2.7508540299674866,13.629056170728049,-11.527521610785463,12.679024790083249,1.6136029889740389,-8.890170550591526,7.350436408676786,4.024307088378443,5.283814429865186,6.349831601390887,-6.241857031967579,-14.715792028014462,-33.62746344238607,15.289657285195691,-0.29139099469308594,6.658318196667246,-1.1419660526776343,2.2195702782388915,-15.669021638480963,-2.729418175073872,32.9551026329475,11.966545324691214,-5.150270143975932,13.605780552258517,10.428045966536148,-1.3945611968203764,10.485711296555756,-10.11308420730379,-3.7103709075839153,6.3442990023587775,-2.4057934100218947,-0.7392168820617884,-7.894722142149247,-5.196240794931983,7.8324348622405005,-8.328441293242472,-9.842991420209424,-8.789120958532449,10.786140394560405,-13.892530593068408,13.96343429890159,-5.953775607105283,-14.62813864274628,10.055195435916463,6.781995166407073,-6.568894550631866,15.454336439874638,-1.972514665923919,-7.496570621573784,1.4844151638274905,-5.842362891403297,3.8808666757973453,3.5186757812273983,-12.360332294911736,-0.38750516611104624,-3.987358920150441,18.254113387140446,11.583515820706069,9.195178345261112,-0.26772215188054505,13.96647591869138,-3.0202479628995804,2.480514991975591,1.845591018367898,2.2376340093336555,-2.523536929139736,-0.06385975595100124,2.507989654817666,11.42037547075876,-0.6773025912726105,15.684053325686321,-1.13762000920965,-11.20701383324646,-3.6765788270517463,11.030004725736209,13.011138869641847,10.079885170250025,3.7407998403807596,5.105095026776474,-0.26599994872660293,2.9513967052712253,12.635140196249782,Actual adjusted month-end return from Yahoo/yfinance daily history,Market Table annual returns from the same adjusted daily history,"Sep 14, 2026 08:06:57 PM EDT"
SNDK,Sandisk Corporation Common Stock,Technology,Stock,,,,,,,,,,,,,,,,,,,,,,,,,,,,,,,,,,,,,,,,,,,,,,,,,,,,,,,,,,,,,,,,,,,,,,,,,,,,,,,,,,,,,,,,,,,,,,,,,,,,,,,,,,,,,,,1.6222031184275787,-32.55618525791392,17.37775742850205,20.323693623018222,-5.3583249987592785,22.250707034437145,113.83646719636698,77.6559779435694,12.015249449774945,6.314943649499427,Actual adjusted month-end return from Yahoo/yfinance daily history,Market Table annual returns from the same adjusted daily history,"Sep 14, 2026 08:06:57 PM EDT"
TMO,Thermo Fisher Scientific Inc Common Stock,Industrials,Stock,-6.901648579517006,-2.17324922508203,9.717529702018911,1.8786609346018501,5.213179726173434,-2.545819247682568,7.498629507867149,-4.186610083409958,4.6213256208244236,-7.563211823594706,-4.706547775636382,0.8107785578765458,8.001435171268323,3.471282705216727,-2.4956898050847887,7.636727747090366,4.512177259149275,1.059739886063582,0.6075717559948846,6.614201615349269,1.1800700652236484,2.4471487404857717,-0.5520458059015687,-1.4168494792415776,18.027183974169713,-6.929634971231302,-0.9381617617607141,1.88416237666984,-0.9888241551355037,-0.4643396192771765,13.222945479233882,1.948575103915129,2.153972016185257,-4.27318641544101,6.805058304265099,-10.259408863384344,9.777003766486981,5.658025641054887,5.528779957447627,1.362690504353048,-3.7736411925325286,10.074081826718473,-5.448159421054044,3.3780130715558077,1.5314066565867757,3.6770063131664754,3.963840847452471,3.5396180360168117,-3.5952787588602098,-7.1490201853275925,-2.4004162601181434,18.011326879256107,4.335486835768254,3.833741536185875,14.243552428346673,3.6308657867446525,2.9757448760458827,7.157101787074516,-1.7204877758591697,0.21882167743199066,9.42933653256195,-11.697077324777927,1.4583166688304727,3.0347382617801566,-0.1552349213908344,7.508434327399249,7.045057133027721,2.7665847226526763,2.999521192822119,10.80634921459942,-0.037916796476322734,5.479940858644583,-12.879923793268288,-6.41663863447145,8.636180097463297,-6.3879048822622515,2.649599362575028,-4.22352019655392,10.147614943639581,-8.871854884569386,-6.942340707124572,1.3367768997434082,8.998568852982114,-1.6494744929737681,3.566420747313659,-5.009361244501854,6.457248585829989,-3.725030020892661,-8.3690979493373,2.6820904279716506,5.157629909838524,1.5383034308318777,-9.079701750188407,-12.130316849980627,11.464366746311816,7.138242944208861,1.5429693002638967,5.78870832679661,2.0015341288627253,-2.1489763813854257,-0.13009936581019899,-2.5710853622039065,10.911403932157393,0.28205755621462103,0.6329419375067591,-11.68016631696257,-3.0549681793821892,-1.70181203692934,14.90110277475669,-11.508155911168227,-5.849064112613722,-13.786175369512033,-6.102562995697225,0.7597021869999887,15.345532240009007,5.354086298285865,-1.474388756696332,16.982817253662862,4.131202655774668,-1.852365570101111,Actual adjusted month-end return from Yahoo/yfinance daily history,Market Table annual returns from the same adjusted daily history,"Sep 14, 2026 08:06:57 PM EDT"
AXP,American Express Company Common Stock,Finance,Stock,-22.74027280998575,3.887888974401732,10.47138458484216,7.0794450593108404,0.5043545545952988,-7.138305015078128,6.0895269740895985,1.7375082534035746,-2.348279930506769,4.238337190530506,8.461333465881049,2.831786445081219,3.544505601820447,4.817957047029853,-1.1865789525004389,0.5882379384634095,-2.9148116727193862,9.48792375538372,1.557072455213726,1.0207597153521153,5.063911986930947,6.001289085819339,2.292683452191402,1.6375034941584987,0.4437670868068011,-1.9014085778028322,-4.338030676349414,6.261500346727544,-0.4556774556526366,-0.3051842447389097,1.9155830706212296,6.491155520148917,0.481229258290794,-3.1826581856516656,9.286460553301179,-15.097525254840171,8.18328359648477,4.907514325823459,1.4479321264095013,7.634941049186805,-2.149623408886181,7.610511081793359,1.0684633511859998,-3.216201828523191,-1.7363184207443205,-0.46622842358647887,2.4215609823571516,3.638013144217922,4.683210906175028,-15.353789579983413,-22.12319305682069,7.180114250328784,4.186306404051998,0.1367529826005187,-1.530039324449295,8.861994271815155,-1.3190277722065713,-8.607401630608846,29.975895343051295,1.956330738925116,-3.508688948409,16.34269836546789,4.883269792399592,8.420531404408859,4.421252339730075,3.184911382576372,3.476945159041289,-2.6798544049353223,0.9459888828573071,3.9885495555190387,-12.360437293068937,7.41957159581097,10.190278511869355,8.185932615909097,-3.8758096149278276,-6.306944929166791,-3.371333453169567,-17.581611720089708,11.109542401132245,-1.311540614549922,-11.24339268762996,10.456374526440282,6.156933689852351,-6.244045320563007,18.806316979630488,-0.5373565746063069,-5.195695408876344,-1.8262064180680104,-1.7230707612324703,9.863769344753038,-2.7215026806214904,-6.448352964290061,-5.569979405262703,-1.715935248781486,16.94174126465928,9.703089532923581,7.498963758204358,9.305544443430458,3.769029980558014,3.1029514544006487,2.550954653770532,-3.5208372137809474,9.60642616275198,2.217049313886621,4.852117682881696,-0.1527666069304212,12.811026617545673,-2.589609126907777,7.212647712770304,-5.194530026460519,-10.602730171578179,-0.6525126528322933,10.374981051773414,8.47816913012922,-5.929636783791348,10.681233043061034,0.26563945172746184,8.87645487815103,1.2585568690049342,1.2812547852171452,Actual adjusted month-end return from Yahoo/yfinance daily history,Market Table annual returns from the same adjusted daily history,"Sep 14, 2026 08:06:57 PM EDT"
KLAC,KLA Corporation Common Stock,Technology,Stock,-3.403043763570268,1.9462393595034655,7.484498600734946,-3.94177845954391,5.058886153760334,0.4387915395638986,3.358370984822834,-7.829451976643098,0.6497662441561136,7.746337636101952,7.063281371890362,-1.452883042321207,8.172323627288902,6.550592733552851,5.492708673114399,3.3132927172415894,6.455286828257667,-12.009584100752912,1.223861101382151,1.8260258961090292,13.139024221282769,2.726392488127871,-5.560413668543129,2.76798159797198,4.501748431893171,3.784362136184538,-3.794925613548439,-6.6690987040118,12.050093581043054,-9.449818035737856,14.522588376660629,-0.38724030271475307,-12.477434622225847,-9.999035919870835,8.550673607071758,-9.202487701495487,19.085889765596754,9.128786365662457,3.394227983088527,6.758236668854822,-18.587062009079027,14.67939451122291,15.329905555886715,9.09984907504915,7.8093133091234,6.014438686783108,-2.5955430425898762,8.73306129857776,-6.976492618298858,-6.8003746497587,-6.486237547451912,14.157498838928916,7.752016646466475,10.525145969063598,2.750899005257601,3.0991915608942877,-5.5571616624353055,1.7755652597493343,28.281753110073037,2.7543083502302723,8.172725913491119,11.429395470045334,6.159454653806229,-4.555101936272332,0.7940291400873711,2.3099466418021297,7.387208719686678,-2.042184348988463,-1.6031356260149288,11.434689645929176,9.76789238932334,5.385523815340387,-9.495264251013502,-10.231567717821132,5.038714983758963,-12.784775452684372,14.661388526533914,-12.544880294547067,20.201817959414157,-9.961321387775602,-12.059393072256952,4.566630934296234,24.663885987746383,-4.1002060403533385,4.09780986827375,-3.025503080057379,5.216423203469955,-3.1640800854845996,14.990667464409668,9.487794128674532,5.964698579294847,-2.0846908218772,-8.609766203672887,2.4069919746492197,16.269759813160277,6.734969679402569,2.191635341218179,15.112890167325933,2.3845717958683954,-1.3284394439618707,10.414403806004735,8.55526374123663,-0.17464281220943567,-0.2600611560372612,-5.4940861112408035,-13.969344480964507,-2.6124358575102424,-2.613481130438733,17.15863512206608,-3.7655622550355483,-4.096830438349697,3.367168511565777,7.971097374030767,18.346360726067235,-1.8654962870811254,-0.5838609206977097,23.69267438477902,12.065637051908151,-2.58929516515477,3.3697233944501637,Actual adjusted month-end return from Yahoo/yfinance daily history,Market Table annual returns from the same adjusted daily history,"Sep 14, 2026 08:06:57 PM EDT"
BHP,BHP Group Limited American Depositary Shares (Each representing two Ordinary Shares),Energy,Stock,-14.945640010727013,3.194886780229522,15.945351898417792,21.003872505667132,-13.943824075252332,5.895425306441315,3.9565988016004416,1.9506500726145015,15.499966898572337,1.067852235489486,7.195855164538911,-4.6883250252879645,15.399657937776269,-8.403971362003304,-1.9097569478325749,-1.982383664449705,-1.4325770533893278,1.4249326415727959,17.055313990679277,4.416717640466272,-4.993141746142349,1.110277976945051,1.3909250390988115,10.685955320464636,6.588350445007007,-5.140759042805854,-2.1055445305658727,5.221698558240617,6.481295242374707,0.46202746320591626,4.499109220154396,-8.075021819480455,6.614823806033954,-7.343497338369776,-3.941107496770313,8.85932453670053,10.552301427772125,3.3405059391087732,5.526644929521396,-3.146143399749868,-1.9641247068208467,11.943763007406272,-5.472390380737025,-10.504286863268975,3.655264659973656,-0.9517906835224133,5.356766283663306,6.171151906761163,-6.580149392950895,-15.261200118337426,-12.809216815573032,10.874885599080697,15.781733154190336,5.583851120170058,6.253772445994188,4.201352191311036,-4.215469800061545,-6.961898918026721,15.963421452936522,17.117749289360763,2.203872610466129,13.671750820115669,-6.251184970876822,4.856614768873557,1.855405256710685,-1.727156379056105,7.867638001272592,-15.809581312628907,-13.798785128288904,2.466367997724417,2.461706591285062,7.403436926269724,5.385257933009235,11.450645224544065,13.954860054375295,-13.294499068057563,5.494180606831622,-10.872095162462402,-2.029188031508633,-0.2725343172016781,-2.6269651865582055,-4.436457765780888,31.325816481179693,-1.1942699476231056,13.053977709737264,-13.086236150977815,7.047905540907307,-6.891653145344801,-7.012186089209416,8.68851063972862,4.994144816558821,-8.236237528592783,1.7210669743737306,0.3164519622734785,6.8349026481419495,12.057098803091403,-10.379156929109545,-6.337808904223086,3.1467971812138007,-4.385518507122854,7.922415661399684,-4.098772875674617,-2.7325235236100864,-0.7203375671899992,15.855199700674195,-10.706805739271374,-5.066717141996735,-7.255456222571599,0.6553361054396856,-1.3631778714441323,2.1387264575911225,-2.039554626613904,3.0283997107785066,-1.8371187013009327,5.364943525539978,10.06512806521811,-0.03586286246649584,2.3318439297440374,-4.066614808547042,10.305134371269165,Actual adjusted month-end return from Yahoo/yfinance daily history,Market Table annual returns from the same adjusted daily history,"Sep 14, 2026 08:06:57 PM EDT"
LIN,Linde plc Ordinary Shares,Basic Materials,Stock,-2.343774036272994,1.7900255336096293,13.252980954968564,2.6299891991051982,-6.470302495237712,3.0016773654604867,3.6924947760069493,4.719414608897976,-0.38623165023025097,-3.120108730757054,2.7678242127096686,-1.9703694413706008,1.0666454559937089,0.22793708516510858,0.5745790805830486,5.379424273838707,5.848910671787477,0.7778228952449728,-1.8030762134686351,1.0602383992177167,6.8729550134012385,4.5656225042151055,5.338080772905784,1.0137353401723503,4.402619952169373,-7.269758151908401,-3.116143094167434,5.696459381500563,2.4521596525740597,1.7356808222929176,5.9121624206990075,-5.080501433643736,1.6056621197628296,2.9490354647578654,-3.879851529785272,-1.374000886898774,4.466794697117904,6.275692905377883,2.080889215775472,2.4611924645908,0.6410255804876419,11.215743349952012,-4.741064251462445,-0.7763323504584974,2.5461683884166586,2.390048115388499,3.9627017232900963,3.6842390624791665,-4.589033840745893,-5.966626590402724,-9.002460361646003,6.352621210878473,9.973375554562391,5.322709060673181,15.557982551509419,1.8889273013076968,-4.290099584710683,-7.470720615232618,16.374700314299574,3.1486533386846816,-6.872577834486604,-0.46049811088394454,15.177789289491738,2.0346261203876725,5.163783576792169,-3.48721837095497,6.326510975420274,2.342324020316977,-6.4260969531918954,8.80084154204499,-0.33206593810621854,9.256164636789354,-8.010290376971863,-7.982933157077943,9.368353000912855,-2.338557459296875,4.077450645439362,-11.116647675839209,5.032490453251115,-6.337735808700861,-4.295514440172498,10.297129103118753,13.159584400930058,-2.7228619964908107,1.459316511377473,5.2668238916505405,2.411771373432403,3.941583753972022,-4.273927929005583,8.143060460884023,2.516591832854953,-0.9291992443593244,-3.477504729440961,2.6346124381873226,8.271402487213585,-0.43272200234383273,-1.4316769975971866,10.866303179756876,3.759394312330988,-5.031022147427078,-1.2336605190819805,1.0789088915751366,3.347688678657601,5.457555364826838,0.0025753469655942496,-4.3429874385430995,1.061050640332173,-8.904780088267373,6.556482086644255,4.691542333489251,0.030681332896609348,-2.665141360258305,3.166155276027993,0.6622093738164248,-1.901185144670059,3.917355474422135,-0.3711053835874778,-11.936850111483876,-1.9077081207388713,4.299172592666367,Actual adjusted month-end return from Yahoo/yfinance daily history,Market Table annual returns from the same adjusted daily history,"Sep 14, 2026 08:06:57 PM EDT"
CRM,Salesforce Inc. Common Stock,Technology,Stock,-13.188774856114872,-0.4554882848782582,8.974180526328634,2.6682961059030452,10.435358502343162,-5.136784354913903,3.0096900537452287,-2.9095239527511807,-10.186365134234265,5.369404725621951,-4.204336401849062,-4.916676134838549,15.541909956353251,2.844533721657805,1.401323509306085,4.400543645217403,4.087317938174961,-3.3913466083287047,4.849880800874717,5.165194453514599,-2.167758942318565,9.548275168489461,1.9347194115361122,-2.0034453060272184,11.425220066028352,2.054256665127463,0.04300976485902552,4.032657618878677,6.893163108396361,5.466612719646369,0.5498521751629015,11.323351900676881,4.159052952006581,-13.701797217516376,4.022132274714552,-4.0557536737462545,10.951311173822731,7.6857068554935015,-3.226403416622603,4.407401413918199,-8.430598274085344,0.21134797667758942,1.8256062019887942,1.016194121279379,-4.888842650892,5.423067736766218,4.089733513984339,-0.15348379433742787,12.09418077386708,-6.532839254269951,-15.50468425270861,12.480911882652235,7.928355432476697,7.17433899434905,4.014301865516923,39.92814991406111,-7.823221545074166,-7.579970976637085,5.825113209581101,-9.467041545648925,1.361620545948461,-4.0166720460039995,-2.1385647967473997,8.708174530257939,3.377894352823718,2.5913447728544314,-0.9579610979348674,9.647404665635406,2.243011064023226,10.497051577139516,-4.915106732569241,-10.819061634824356,-8.460244462456856,-9.500067628131625,0.8502540653553492,-17.134517558856878,-8.92349471494307,2.9955057194210433,11.500226530529511,-15.161395274959022,-7.865737739473511,13.035309886217771,-1.4391910399247254,-17.26053906692102,26.683765640872604,-2.5957143022167783,22.107475183102544,-0.7057819105536156,12.607768132309083,-5.425743187974874,6.508572831354376,-1.5777059285458472,-8.434951093733057,-0.9616114047010016,25.42945976917499,4.46207950938422,6.821455525899034,9.865193892500823,-2.346541345152131,-10.704554080887984,-12.828148898447134,9.665588816811809,0.8178831694704902,-2.2797315245496774,8.398446477347532,6.452097382214683,13.254612568045921,1.4307997063056854,2.2044174227652924,-12.832894450927167,-9.90097491022337,0.28778168581049535,-1.242989856571386,2.9213572939612575,-5.266050088301899,-0.8051667916977423,-7.351139662045503,9.877631623976836,-11.470378409843152,15.093956178170597,Actual adjusted month-end return from Yahoo/yfinance daily history,Market Table annual returns from the same adjusted daily history,"Sep 14, 2026 08:06:57 PM EDT"
SAN,Banco Santander S.A. Sponsored ADR (Spain),Finance,Stock,-12.845654365674552,-4.773286471464022,9.273212950319154,16.648079996159936,-5.566615448906487,-17.473694705504872,9.784781575423839,5.660379414255123,-1.5624974680696901,11.012091468838548,-6.611577879494646,14.60175502945955,8.497681564200077,-2.697839847426864,12.199639477591484,8.380920580755657,0.30670834734338737,2.293582154504503,1.9432035352636046,-3.5698450368542467,6.605253768602748,-2.0932579249144045,-0.7418378267954107,-2.2421465717879396,14.406934962063866,-7.287430291319907,-4.657940331002641,-0.4580192836128649,-15.300545509623342,-2.1977903142720967,6.102681731092052,-10.733462322879994,0.2003809402435941,-3.616397940973193,-0.4183922081943181,-5.882354056864026,7.431304322942611,2.531653880185436,-4.7324995218915085,9.385268224729625,-13.226443605887095,5.773670544640308,-7.423605983378401,-11.556580919186699,7.199996137595965,1.045251798080371,-2.272749983267719,6.9767566743680565,-5.314009130327657,-6.63264905954597,-35.79236668581661,-7.659556631937836,4.608305903682908,6.167392345393186,-12.448138490297467,5.687225660110684,-17.04037606153479,8.64865114403852,40.29851993484881,8.156028547785809,-3.9344222511467852,19.795207484367005,-2.279202856881002,12.041575248069991,10.498701196339443,-7.1258990485902896,-6.138110795269991,0.5449536798600496,-1.8970077562864618,6.2333509094037565,-17.94195506269426,5.787786038063691,6.990877887019775,-4.545452031168495,0.5952367155165339,-13.119864117050916,11.458331853322768,-12.772585219715992,-11.785712859104901,-2.4291504682806164,-3.734435231148947,14.900903494111017,13.409967527958798,-0.3378395145000712,16.94915545809341,13.333337462343419,-5.626605645971761,-4.267923129523654,-7.492795258310259,15.576328723573196,8.62533749907799,-3.970230077772452,-2.8423814478370724,-1.2122619117647115,13.223140087234464,0.7299265974654023,-3.381644756053792,2.7500028044377345,17.761561761683286,1.2136678658048794,9.166660996376418,-11.641213688032082,4.751611338352291,2.6804190786328785,2.409629680004177,-2.467428044350606,-4.938267988279199,-1.2987135812402961,11.62282328502966,25.3438142373007,5.015657071429702,6.25816512985693,13.857139192440716,4.140529635925416,3.734931841061928,10.685261873248253,9.96851860143817,-3.1488568517271998,5.714284355478827,9.319660844441046,Actual adjusted month-end return from Yahoo/yfinance daily history,Market Table annual returns from the same adjusted daily history,"Sep 14, 2026 08:06:57 PM EDT"
VZ,Verizon Communications Inc. Common Stock,Telecommunications,Stock,9.443169934905438,1.5209042000047024,6.603619119971871,-4.8119455896921455,-0.07851381719462536,9.705297432387528,0.23174298640351587,-5.558558297247373,-0.6688507659891263,-6.409097330664027,3.7422345661445977,6.973919123216832,-7.204994529624553,1.265080281458153,-1.7731504769087025,-4.701948691378299,1.5900647231181786,-4.245276215959537,9.795685192234082,-0.8884121929624067,3.1686614068236807,-2.1130014906523886,6.308731206158802,4.008672110340616,3.31733029799397,-11.707069465658403,0.1675705020289353,4.498021851657907,-3.4042505213812024,5.5381157530534075,3.8336128026499106,5.286569497062721,-1.8024587931767977,8.115025980369994,5.6226812615544075,-6.766162710381929,-1.0411643248515512,3.3781348888171303,3.8826488082334354,-2.2844370676119663,-4.9659042854002795,5.115005311590326,-2.2374211426450907,5.228884914463605,3.7826768130891253,1.2246604231294311,-0.3803401059040312,1.9256144904579164,-2.1846934353334735,-8.882930790610144,-0.793932697083255,8.073453993299594,-0.12187197585986631,-3.9212420170954165,5.433521006673625,3.1141406422276363,0.3711844432164213,-3.182421763754495,6.001068462006609,-2.747925172332577,-5.8108309794433595,1.0045509541275255,5.153724524970338,0.45011058228043854,-2.249524330846886,-0.8143219342063968,0.672211701730907,-1.398338591081183,-1.799998877307929,-0.7233804622554407,-5.133038751094143,3.3618571783192497,3.67843209305303,0.8265990824056102,-5.0866370475538325,-8.002018683758806,10.777555862338485,-1.0528576552513713,-7.8401435963671995,-9.482570099439991,-9.184392600451396,0.07844248983079893,4.308285327591332,1.0774692328195057,7.1663067551327675,-6.639409756957992,0.2061225563525504,1.4981290144082005,-8.241048678970476,4.378342087858456,-6.721995929150726,2.6408393105909367,-7.347060001058914,10.706096569195456,9.109026750260686,-1.643606656459795,14.228511203504901,-5.501774783166324,4.8475802617348185,-4.362497149775679,4.203606215593658,0.21871448816717098,-0.13793498180767472,3.1095680113823354,7.491638043995574,-4.725740962684011,5.245671458347179,-9.810546969125255,0.2450269393638127,9.418618724220739,5.243632681536159,-1.3058195148920038,-0.22695596197155332,-1.5696120396082591,0.41919878967247026,3.437793869417538,-0.6330543233343366,-8.024740582544576,3.447403982371,-0.9243579713144823,Actual adjusted month-end return from Yahoo/yfinance daily history,Market Table annual returns from the same adjusted daily history,"Sep 14, 2026 08:06:57 PM EDT"
AMGN,Amgen Inc. Common Stock,Health Care,Stock,-5.913860406955596,-6.19434230197089,5.376729669891067,5.582599993418991,0.43578008343196917,-3.6720627386656157,13.066031978518255,-0.570467011186826,-1.911078338633676,-15.376792802799965,2.750938924910029,1.485371076978903,7.160964669739722,13.446198236000907,-7.058288177935612,-0.45713717051147906,-4.260187534563665,10.944391076997452,1.3238045006991328,2.555102242400009,4.8827234748493265,-6.023085890812496,0.9364484888833458,-1.0019740908353225,6.986788066419525,-0.4788236242576738,-7.2318566793627586,2.3462874313135096,3.740509981089457,2.7669508377584195,6.479207211332572,2.350554105401237,3.743532867229993,-6.995012984353799,8.773319865849349,-6.5209832334308215,-3.883493316857789,2.3727948894854523,-0.05263372659176646,-5.611125274458972,-6.237340934317414,10.545879096627587,1.248096120196407,12.604779901147033,-7.242823859996161,10.201017471061968,10.79934283874775,2.7053471925535533,-10.37870230909068,-6.8975899332091695,1.502019978451452,17.999308306378083,-3.3296521881434504,2.6817441103852646,3.735262006168538,4.228913398544143,0.3315959022549331,-14.644303342622067,3.046138816110844,3.5488964428294745,5.006091184492822,-6.145706161068743,10.621555214814471,-3.685537826192331,-0.011271307621918414,2.4417929515052617,-0.9066597759098793,-5.90728735517112,-5.710985385855272,-2.6710545840490707,-3.102035978669726,13.118452634244804,0.9645882040731246,0.564361573412886,6.773232383507799,-3.5687869447183607,10.983647937545605,-5.234874473236784,1.7139404040721784,-2.147432498930002,-6.200588865611478,19.942346967171652,6.666409654205041,-8.296089840113874,-3.89887108390079,-7.4077182347301544,4.355523009471773,-0.8314217947234193,-7.09442342977783,0.6209054489776822,5.4634789866396805,10.363825207676335,4.845150339820492,-4.8593724659225845,6.280854654339074,6.816475912882436,9.110485058430019,-12.183982804911864,3.8308622242922308,-3.650821140383542,12.441533594053954,2.1579105530100673,6.407422596672019,1.10820059210186,-3.4808063337064654,-0.6362559992596162,-10.94074741730271,-7.858727671918297,9.507364020174291,8.804155028782645,1.132904181624994,-6.621740872312875,-0.06641215071534479,-3.112649164573067,5.691072838244704,-1.71332826393229,-1.915119389997877,5.751230114555805,16.58478371792762,-5.25386710667799,Actual adjusted month-end return from Yahoo/yfinance daily history,Market Table annual returns from the same adjusted daily history,"Sep 14, 2026 08:06:57 PM EDT"
TTE,TotalEnergies SE Ordinary Shares,Energy,Stock,-1.4015181752021433,0.8799547760248494,3.0880429647289986,11.734912565826129,-4.394090643632264,0.5497866107998961,0.0,-0.7276702162694382,1.3705133832126126,0.08382162006743687,-0.16757998800505103,8.37583786621343,-0.8044094979026917,-1.1669411208526825,2.240876706850514,1.4875098441575307,3.5691000743744317,-5.181645171234328,2.177888683007323,2.7037674245210086,4.259759716770839,4.110634371756827,1.4896116623106304,-0.9444896500190425,5.028965267745966,-2.359629517404027,3.117397810436784,8.528352425294639,-3.130506761280749,1.0471510024225195,7.744374844631263,-3.846736917645821,3.836432750143981,-8.992063704941112,-5.102399920031864,-4.925931737638233,4.886946710832829,3.9831745195485047,-0.9858881020145982,0.03592955860374225,-7.49056249476634,9.797475298729651,-7.259369289517769,-3.5175684808156915,5.653618619546141,1.211552453736986,-0.17100708147079757,5.253153286870149,-10.951899306123213,-11.216290174222154,-11.821039965656988,-5.61222735635214,6.913225361235487,4.396468267061948,-2.080076081278459,5.07165576553823,-11.329583088409588,-11.57432650493858,38.93832783265254,1.344469154984429,0.4056276036267681,10.266167544707727,1.9821729759857298,-4.856038558556497,5.44263459486225,-1.4127800269033153,-3.6014183886400875,1.5127106826826164,10.08798888264999,4.54831268161533,-8.221914942808429,9.146874457712716,14.840249173974374,-11.038717298836831,1.4966005022736928,-3.6209249572553115,20.714431383441735,-9.353637346450183,-3.0015182885991476,-1.0771531152132918,-6.62047679156389,17.734304477064565,13.967496975042938,2.3716771670693415,-0.06444331732680109,-0.20955203702259784,-3.364827130275083,8.264158649754938,-11.934916322780232,3.781414441337261,5.569032557154241,3.385378175075715,5.815895562262541,1.2773763618482814,2.177184778670771,0.1873610358019917,-3.2650518606162304,-1.702981552965921,8.722539885678904,5.2884102650591736,0.8969048244410471,-7.616547558734876,1.6496606042601947,1.7999525268394656,-5.149338283343474,-3.187870354295863,-7.304989984074517,-4.56253451058698,6.477060935293877,3.7911395469752973,8.841764722684298,-12.119345008078774,3.2189939134031897,6.278776214636017,-2.9972264442688856,5.373637681671672,-3.3194582675152295,4.272080055443506,5.559122255176185,1.0998168918327167,Actual adjusted month-end return from Yahoo/yfinance daily history,Market Table annual returns from the same adjusted daily history,"Sep 14, 2026 08:06:57 PM EDT"
TD,Toronto Dominion Bank (The) Common Stock,Finance,Stock,-2.4675142630731894,2.1670043264034877,11.562374622838266,4.203227605129833,-2.02242333554431,-1.5367279009538048,2.5007874422121157,2.3640344112717537,-0.4484422892970019,3.1791316253822366,4.429265537727245,4.1147797656923,5.784175706321282,-0.32839092631071765,-2.92635829376906,-5.137734497888857,1.2953551725061185,5.618484975653848,3.2434703045054913,4.01631658380972,4.961726380635922,1.886335519401272,0.15829577979415976,2.8802471120292106,4.646359264115452,-4.67028266427495,-1.9320360157483507,-0.29620248050817866,3.989326578725616,-0.9077008456313207,3.1928064493901953,2.2304645388527167,0.4958803205939777,-7.979296262172708,-0.2884839674992645,-10.090423161279393,14.38443810452188,1.9002127499941013,-5.315446412550862,5.904698397064734,-4.072317385480173,6.788641616793933,1.1032908169173794,-7.272410148541919,7.510621895338043,-1.0416391936059366,1.279152224436264,-2.8892984478495087,-0.5532034276665709,-6.605134075029062,-17.864773857588677,-0.1431541630006694,2.465861305691619,4.228974345166425,0.5786375689439183,12.601628237709406,-7.260335415252572,-3.137626228267343,21.47862536469185,5.006528785361297,1.3763216431830205,6.6796068804280795,8.01727636911458,6.433075604532945,4.87271826482969,-2.843279079243055,-4.268782711463781,-2.272372009129753,1.8632679177076117,10.635845450488745,-0.6206338298454739,6.411345830505311,5.299670936954137,0.8247073459264787,-1.5739588966550921,-8.21689795350573,5.578656878575239,-14.015999740369322,0.1423942076951068,-0.9696948104831238,-4.678254050030373,5.409993228382737,4.297536290426263,-2.9667253311574715,8.055128896609997,-3.857262301042108,-9.992484886113907,2.4266811854655845,-6.64686489404861,9.558290042440177,7.60573508990694,-7.476502772534499,-1.2293034673019232,-6.200724935014856,9.222785887729334,5.951793919278292,-4.902921506199098,-1.2020349262516494,0.6333270831434534,-0.4958113690838206,-5.731627074036738,-1.7167388296305708,8.862079738566697,1.5077032455180994,5.574097073583784,-11.594765001378482,2.279706239625101,-5.8199060805668505,8.64565704670306,4.976341815362306,0.05007196315296447,7.801936156121481,8.262785954267681,6.372186638869581,0.261759224323721,3.100992481164666,6.40138030445323,2.726705173478172,2.191645563607203,12.236388256954257,Actual adjusted month-end return from Yahoo/yfinance daily history,Market Table annual returns from the same adjusted daily history,"Sep 14, 2026 08:06:57 PM EDT"
TMUS,T-Mobile US Inc. Common Stock,Telecommunications,Stock,2.6329383794148287,-7.5965323769130455,3.2345359472968127,2.558722793385604,8.859473432784482,1.1927167695032104,7.094965763004835,0.0,0.8200405171841396,6.442627088289554,9.008647198294994,6.0874298619460365,8.276832928208444,0.4175459770270562,3.294384290210406,4.149255062663149,0.22298663726274537,-10.086012447281389,1.7155912001163287,4.946487468021732,-4.713342568543788,-3.065182788096521,2.174992881387472,3.9954178233846394,2.5035450647903357,-6.8970787605960755,0.7094556711507494,-0.8682860273597326,-7.949093519305017,7.271092980068028,0.41840296185060577,10.066665810759456,6.268936792417135,-2.3225956195432995,-0.1458858106120564,-7.0708585174174665,9.44820197546743,3.7201904491876103,-4.3068944848521635,5.629526202330748,0.6165355805737516,0.9531604517899916,7.539792444092197,-2.1071064825065267,0.9224818729726358,4.938440755855278,-4.97218347355658,-0.16550852243242264,0.9818968994442123,13.852774900919385,-6.943229734914514,4.648381468869145,13.940785021378632,4.10835623640704,3.1012820117723106,8.660860816369054,-1.98836515041253,-4.188517676558067,21.328821404925048,1.4367322292578644,-6.5035150870920155,-4.846128007028239,4.434433919577985,5.45934226847542,7.053655700982753,2.389540141585478,-0.5592790593412222,-4.860443532395886,-6.758125677266658,-9.963996300710187,-5.4072858238039645,6.589469532787806,-6.7339181672936395,13.904036388914465,4.171733712972414,-4.0592036436243095,8.242652975209786,0.937785933746782,6.332705987096987,0.6291196161879009,-6.800521802488257,12.961175215512831,-0.06597830117575088,-7.566342646360913,6.649997111313466,-4.775310939719013,1.87088994705924,-0.6489993273338102,-4.621262771553203,1.2021753136279845,-0.8135277703063104,-1.1032959444744472,2.7890167946660105,2.72042288099712,5.037375849363657,6.566970822997842,0.5613257109280179,1.6874211567062591,-0.04899278265263485,0.582039122171274,6.979814567790177,0.6972953198687959,3.462369903193774,9.374412621114757,3.844615975784005,8.141114385149773,11.05505582458819,-10.613924997427072,5.545245378914632,16.14859687911787,-1.1049816992461436,-7.40878954155696,-1.5614639306630096,-1.6267686018114236,0.06296813890922515,6.068597654953667,-5.004165335467947,-12.252491382960407,-0.002136332269098151,-2.8563298466607323,Actual adjusted month-end return from Yahoo/yfinance daily history,Market Table annual returns from the same adjusted daily history,"Sep 14, 2026 08:06:57 PM EDT"
APH,Amphenol Corporation Common Stock,Technology,Stock,-5.0928734997521925,7.060700785130458,9.226389974440563,-3.4417138746163256,5.176431614900445,-2.1387607877659365,3.8199872952824565,4.687509010910418,4.421168817601973,1.5557506925888642,3.534089382211092,-1.3235308334768159,0.4315530272425372,2.548518760295071,3.061435031603188,1.6017906125103787,3.166932575770298,-0.8366300318937592,3.7929960032786703,5.638210265669508,4.813547193583978,2.7882676578107723,4.126446957943641,-2.8729944190543533,5.660576898649916,-1.4875561762833778,-5.560393600956292,-2.8097243742225553,3.846596259597357,0.5065776764607621,7.297752860937878,1.1442796438576597,-0.3557926463201855,-4.80748986036742,-1.7430466771551467,-7.618372575209531,8.516420598029196,6.8812688419449985,0.743005375775363,5.421391610582371,-12.615513736550433,10.547823570330639,-2.730862758026953,-6.193729190646069,10.527064231361095,3.9689250692251488,3.6579015480929566,4.310695506242435,-8.093877009034134,-7.831498981875084,-20.255650260800984,21.103184841546874,9.404025900921509,-0.5149537907338297,10.385155258465396,3.819964514860641,-1.156508694519942,4.220938034551658,15.925210437503633,0.19118950833061366,-4.504087602410777,0.6406275961194918,5.218163632787798,2.076705635388376,-0.11876618587228771,1.9327627252512247,5.964028285092038,5.711131872808473,-4.253579004755337,4.834117077010669,4.962897579304171,8.801885866294622,-8.99839674565902,-4.498048494472995,-0.6092723402297717,-5.109473540479903,-0.8951289835368303,-8.853155252923163,19.80427561081799,-4.6674191854173985,-8.68403025706903,13.24670688037568,6.066211788152609,-5.0771600342332635,4.767528997532233,-2.8206037018699726,5.707029739764136,-7.648045818309235,-0.026499322200923547,12.880619758258383,3.9553040693543373,0.07925382795368474,-4.733802070624382,-4.095728503540985,12.960875813967942,9.188012160086378,1.987292865897139,8.051427060924388,5.806149501726199,4.698760754337505,9.605032649227653,1.9525739450569235,-4.616289397718654,4.964200627042437,-3.1424935348590033,2.854499121206988,8.40047854010657,-4.194893545104361,1.9150355708814848,-5.9056171192548685,-1.261402690170721,17.31973833021263,16.868089879146076,10.002005678877811,7.8582300875593925,2.206352028149494,13.835649525254091,12.597969672845878,1.1195669048161605,-3.903055405388489,Actual adjusted month-end return from Yahoo/yfinance daily history,Market Table annual returns from the same adjusted daily history,"Sep 14, 2026 08:06:57 PM EDT"
NVO,Novo Nordisk A/S Common Stock,Health Care,Stock,-3.8050720429064544,-8.000732950548606,7.294333000383224,2.9525857600102956,0.44812075440112675,-4.032845090188674,5.931548404818843,-17.20918457522791,-10.98031899374432,-14.546745465334542,-5.458650784703933,6.726196959188369,0.864471204291184,-2.3223570098292234,-1.0364866145737839,12.835435071213874,9.539830440577024,1.227295041728027,-1.142451370670694,13.470223658069958,1.112973354643354,3.406017266743433,3.976705470534969,3.670075028518416,3.4097270000269297,-7.2432584810185,-3.011244470477892,-4.690353350497212,1.2782158567388846,-2.9869673260520146,7.914148940202281,-0.2302015201585017,-4.128527413588101,-8.40049309916936,7.966631220023812,-1.1797451321039043,2.0620831669536877,4.104636428254915,8.505136700326643,-6.308559885560472,-3.693107796324324,8.135583819841141,-6.112864309004484,9.714619392086888,-0.7868150915663841,6.808517500207811,1.684194243208581,3.081024433517987,5.096754132193682,-4.438602591001828,5.017083972801539,5.199343489278241,4.121265587703782,-0.6975846428435739,-0.22909924290226424,1.8760809321218375,5.133254017549649,-7.979266824279952,5.071212283012705,4.051835567933915,-0.3578810523891307,2.3706777680836844,-4.025119765529261,9.685564778845812,6.693715955020529,6.172365187507545,10.540779269748057,8.547316604081212,-3.96118624550027,14.706806985327203,-2.9964569212852954,4.839465561643497,-10.83035342377877,3.083990001583947,8.903185510198774,2.6564504749321927,-3.157896849469566,0.9329671815046625,4.155081131761662,-8.08838293234876,-6.0980040911167155,9.244195185057169,14.47996525143498,8.61958985025284,2.5417507502443204,1.5924435318873664,13.777673201245278,4.995597000495988,-3.9679199586293845,0.853793881569409,-0.4511064063020598,15.774424136253696,-2.0148726869804956,6.190902517509067,5.457175220305555,1.5809099455353026,10.913496808154655,4.383819136229694,7.978950688778541,-0.07010366591662098,5.43217404602272,5.514494553930938,-7.082810189480138,5.316190566129175,-14.436627549198889,-5.979671267569476,-4.6002643645860815,-19.456933191812464,-1.8251586766874772,7.341622423272254,-22.163292701928494,-4.3058916194738455,7.59971303758975,-3.46854535538218,-31.802369552327658,21.30065413467843,-1.7180293521124934,-10.866825293737481,-0.22240397112351928,3.1003064921721446,Actual adjusted month-end return from Yahoo/yfinance daily history,Market Table annual returns from the same adjusted daily history,"Sep 14, 2026 08:06:57 PM EDT"
MRVL,Marvell Technology Inc. Common Stock,Technology,Stock,0.3401499075025738,7.909581455019787,8.59130012785776,-3.200773187980832,2.5050118646535946,-6.294634177446734,23.294824842590312,5.531920282039704,7.511988880138332,-1.8085919315867116,10.053709606288951,-2.8606480230398357,7.209823098006618,4.909208047962776,-1.8020576392458243,-1.572751307998188,14.780295691035628,-3.833488314585931,-5.8111260150849775,15.102765796800345,-0.05575566797624276,3.5224733504242822,20.952866575145457,-3.6316660685383084,8.663295860754783,0.6857752875389922,-10.348761767315706,-4.476213474821932,7.377875094077302,-0.4642482918193691,-0.32608255319259705,-2.9563589873448093,-6.673141866218135,-14.708953053234985,-1.828119610818102,0.9031784100133056,14.453357412196176,7.66328603528994,-0.3007777175794146,26.165685140712846,-10.871319128050782,7.040379417910736,10.27618055098063,-8.720509819846956,4.171902047928211,-2.066750156256869,8.118076184625899,0.9490671047542198,-9.487949838875098,-11.39766696547243,6.244152023360794,18.490250153699538,21.989485447535518,7.480144651084575,4.185603873627364,6.334017894833099,2.372346757195243,-5.383182166958511,23.40706316726515,2.830975934897406,8.245653160279588,-6.179537328299512,1.4498864993341964,-7.586922972383114,6.834751306000286,20.766074713218142,3.8472825292417134,1.1237728072374775,-1.4381276446887359,13.686825719102469,3.897807958421806,22.931002973685267,-18.332408517817168,-4.299707691473387,4.946571279516165,-18.933980628748703,1.8422888513023095,-26.40742303820828,28.087136151305003,-15.912362215190967,-8.35114069349574,-7.412499661708061,17.237904296395644,-20.378321753002147,16.68691946303822,4.634997699313526,-4.097463793545774,-8.686828726313012,48.15095386568417,2.2054962954762836,9.058912507566518,-10.563488022950306,-7.072963698467339,-12.667258131389247,18.0220032435229,8.2182076001444,12.372137821633466,5.84935100782078,-1.088505675150797,-6.933658400683818,4.399938871133413,1.5840661983426596,-4.097668267533139,13.825002800118291,-5.4039856556160615,11.17070344612221,15.703416396425784,19.160650108310872,2.2338539288861536,-18.642563802547606,-32.94488579720862,-5.089634137540955,3.1180444831897525,28.59278628102779,3.9222059956951494,-21.774291134014344,33.72039104572468,11.57613222579501,-4.6298278910901995,-4.944068995730666,Actual adjusted month-end return from Yahoo/yfinance daily history,Market Table annual returns from the same adjusted daily history,"Sep 14, 2026 08:06:57 PM EDT"
QCOM,QUALCOMM Incorporated Common Stock,Technology,Stock,-9.301855678702253,13.071701477647956,0.6891310632144654,-1.2123863723521922,9.753041402590368,-2.458142036953881,16.819111178168853,1.6384723835005444,8.609498491145452,0.3211560801918534,-0.08312217112318443,-4.300588175451026,-18.05216382011825,6.696729315898886,1.5226303413055753,-6.278344398040603,7.618154753254225,-3.5795125483547796,-3.6762131349197036,-0.6411400076723583,-0.8226775002222686,-1.6010867987618305,31.15001437754925,-3.4971039698760475,6.607284477205266,-3.944457740509033,-14.753852620107677,-7.940784709135751,15.128863809422421,-3.4411402700966987,14.201691249289228,7.208603811090586,5.786470684534728,-12.689151303461454,-7.362045864667477,-1.2567334103753214,-12.985435366617137,7.8150314428866,8.059815281896876,51.02578283217349,-22.419597174274884,14.883744832709557,-3.8254408215550706,6.301259300735018,-1.1371815072174885,5.4536187325321395,3.866224895185355,6.420285386821445,-3.309556048792317,-8.217061614422938,-12.91425272048292,16.289738064951575,2.809192434051555,13.644870872745528,15.787718910586456,12.77343391613539,-0.6630806043161797,4.826636281865437,19.301275595625267,3.959640012810084,2.5863401180009182,-12.855137889341306,-2.179385663868083,4.683608474799361,-3.0691654715140793,6.7781532285664525,4.8065584339958445,-2.076069891504584,-11.663603671493128,3.1477697911752367,35.71859024300612,1.6622042059340147,-3.887993607726481,-2.1449828521707515,-10.775327594049033,-8.591796486316172,2.5270112604658834,-10.33901976061763,13.558774495533775,-8.30537855524306,-14.583807043993103,4.1423240703833075,8.190134113275827,-13.084047494299933,21.16609145473607,-7.2667301037696035,3.909436435256519,-8.449598958229675,-2.2280972844808455,4.9642880244321175,11.02990827936916,-12.732876181551356,-3.029780979038288,-1.8638594446727885,19.158421683362505,12.072832820942224,2.682699538813438,6.7884130694630285,7.294500846032315,-2.0377837326338466,23.53706202582906,-2.386669018330112,-9.15252013982678,-3.122424286178904,-2.493549181928323,-4.2811023893444595,-2.604912064537601,-2.59028008504798,12.569955564466806,-9.113503190385796,-1.7380712309698843,-3.3526437113679974,-2.1958878493561707,10.342060315344392,-7.848808329643109,9.518955892584312,4.091790464726985,8.740068965284786,-7.081235471247571,2.2809094280517916,Actual adjusted month-end return from Yahoo/yfinance daily history,Market Table annual returns from the same adjusted daily history,"Sep 14, 2026 08:06:57 PM EDT"
DIS,Walt Disney Company (The) Common Stock,Consumer Discretionary,Stock,-8.81235192290184,-0.31308219269300386,3.9677660268089054,3.9774354017912295,-3.9124572771526034,-1.410995173924412,-1.1991491581493374,-1.5528701547726675,-1.6938749104542183,-0.1830602276977067,6.937108919007318,5.955603600231907,6.169635123374562,-0.5060911544810365,2.9975353061184817,1.9490325710792789,-6.626305537129385,-1.5656796075078527,4.233222920754298,-7.941424244479267,-2.5988084472578277,-0.7710367742480573,7.166971404764522,3.391390085300472,1.0789648885218162,-5.070394262073174,-2.636692094300397,-0.10952031632077697,-0.8571548160279385,5.368442090975578,9.219385262632617,-1.3561105660999662,4.392088000405292,-1.8043522071566453,0.5747413677825275,-4.320251098835415,1.705424903772701,1.183646559040663,-1.6040460051035987,23.363061546871442,-3.5993410691645966,5.755870934303453,3.047555380125888,-4.020703378153822,-5.05610033063294,-0.3069349998168547,16.67180815487759,-4.013367970764847,-4.369792357523339,-14.937458439515016,-17.892056766296584,11.956531744369613,8.460473827745108,-4.936066710011577,4.869515366581245,12.767244977588032,-5.907342367538826,-2.2807884144542934,22.070110365121455,22.410640073571365,-7.180693948470052,12.410043665670333,-2.3910148690729827,0.8129034239004351,-3.9619287729643515,-1.6120737316471678,0.1422194525661391,2.99964978440328,-6.690560689220071,-0.05911093030315229,-14.295861826111267,6.894415449412961,-7.6957818456192095,3.8399806087270116,-7.611491240326074,-18.61330112340057,-1.0660197294150575,-14.523718238424067,12.394056414498223,5.636193434594161,-15.836896149069856,12.943908093803813,-8.137781514040011,-11.22919238343365,24.873393863236572,-8.185083993553722,0.5220442927138746,2.366917149058767,-14.185367456460995,1.5006820428076661,-0.43682612968012346,-5.861165501735021,-3.1429419898230893,0.6662690631485724,13.604610196352107,-2.2718185125991552,6.3794500230287765,16.16866447864391,9.661221717367297,-9.202350719076168,-6.471642208305184,-4.4461548669029405,-5.2047237911791004,-3.5329258983957,6.428416494051348,0.010389194653170897,22.110194693572094,-4.789826175362844,1.5356996987949456,0.6545275695435615,-13.268899066483153,-7.852077212456166,24.28807892968654,10.172351681898517,-3.9512966793519566,-0.6128799333140478,-3.2775778954340806,-1.6419136175129467,-7.236729341140736,9.6388895721357,Actual adjusted month-end return from Yahoo/yfinance daily history,Market Table annual returns from the same adjusted daily history,"Sep 14, 2026 08:06:57 PM EDT"
PEP,PepsiCo Inc. Common Stock,Consumer Staples,Stock,-0.62045668130285,-1.49044336907026,5.512400505613191,0.4683968792212223,-1.7385504604945035,5.500070192536155,2.812919415979187,-1.2990358459161189,1.8922436355378602,-1.4434082428731232,-5.93234685307793,4.525467394946414,-0.8123712971745078,6.359598011763934,2.0369226067050272,1.2694442280282825,3.877722563881014,-1.180807249015614,0.9697518608277722,-0.06012343248998908,-3.7155304482296647,-1.0769347068347424,6.439628426168698,2.9179525110789584,0.31689495369009446,-8.78641010927269,0.20658955991015304,-7.521781075633005,0.2298749770875519,8.598481787958745,5.630553446783315,-2.5999855007581174,0.6381259227864033,0.5187414938952362,8.506899311943128,-8.67865198943203,1.9822345821677967,3.4683126613482385,5.975430334337362,4.487968054118419,-0.039040914200416665,3.195366530594046,-2.5318243560219833,6.979096395864204,0.963554154243984,0.0510376924556466,-0.9768929874390486,1.3231792778101825,3.9145362535889516,-7.034221783328309,-8.421603534811894,10.149871524863086,-0.5593683532038374,1.3200710399561721,4.082889584317462,1.7434087800024978,-0.33081595933406316,-3.8311907566631054,8.207685062552116,3.5544011357687033,-7.909636004183085,-5.403831069303511,10.364175728708581,1.9158761744801467,2.6220899280362087,0.8871704918994805,5.925638106786213,-0.35681580230314536,-3.1645401445197896,7.439660464488962,-1.126244071961291,9.452898243098339,-0.10939095883366612,-5.636223991966405,2.8953595000622556,2.5869292086965423,-2.3062142032360566,0.04125278849533842,4.980201445425858,-1.5375119444384966,-4.593261013609229,11.22135015575758,2.164322549879838,-2.0069184472749746,-5.335990294111259,1.4676445414577577,5.763796756232442,4.712006229101062,-4.473762655277824,2.283462281090687,1.2093528762115335,-4.421381454369611,-4.766179495817591,-3.635508988820313,3.854257908125347,0.9210334474393012,-0.7713086841381278,-1.144157427410608,5.848564100901887,0.5142506246194278,-1.7111109968656724,-3.8574300666448957,4.692913328709669,0.12159893944476696,-0.8879705395161586,-2.3345999743206503,-1.5836086191220011,-6.176331623983023,-0.9009298672429389,1.8448261325266335,-1.4363138174205425,-9.577171354397274,-3.0461635920646324,1.5510091346623733,4.453200223899723,7.779879729216366,-4.598840426714856,4.0230803120379965,1.8139460627446757,-2.5657039943946747,Actual adjusted month-end return from Yahoo/yfinance daily history,Market Table annual returns from the same adjusted daily history,"Sep 14, 2026 08:06:57 PM EDT"
SCHW,Charles Schwab Corporation (The) Common Stock,Finance,Stock,-22.471915999775018,-1.6272357541692983,11.856258429260658,1.391896901432621,7.907801943245163,-17.23346766179018,12.287608983221654,10.954815020981412,0.34967418024074437,0.41176573194381394,22.219836108649393,2.0952022607932053,4.484393119724084,-1.8146536389436752,0.9898589597638896,-4.802754515993291,-0.06000673755960362,10.864493516626705,-0.1396249176560116,-6.818519704604709,9.62408662297829,2.514854608631145,9.006016615839929,5.287977489280338,3.834877097195144,-0.40848599941142316,-1.5088610214068487,6.625822825031369,0.06261751848222197,-8.126568832897929,-0.07826872821479203,-0.2720730841272445,-3.228996776674098,-5.920626660686756,-2.8542239147570703,-7.299104566648351,12.617356904554677,-1.2591010445466844,-7.0637119368837205,7.062684594143498,-8.754709614012157,-3.4126359987560306,7.539191849410987,-11.050638744797968,9.302323282036863,-2.677519049646926,22.07348962098523,-3.9192154293569037,-4.2262071953164115,-10.199643564229,-17.49694349932318,12.195110450179293,-4.3002104315938094,-6.042882050265019,-1.7486514500045236,7.746523528781735,1.9702312827156732,13.469455891493931,19.121060961843384,8.733107374733983,-2.8280705328996847,20.1398970431933,5.605970063611276,8.008567992958149,5.174465894885527,-1.4082604542235644,-6.674892696632995,7.469751182375428,-0.013727403110119774,12.616700345975818,-5.445781484006851,8.670380415635615,4.28062392700852,-3.49019468821562,-0.17760470961148966,-21.326040992660744,6.009250576684089,-9.871595499720954,9.290920708410333,3.0758524296252254,1.2966824627297369,10.852929163475888,3.8893807909650358,0.8723244497752303,-7.014192086969939,0.9589466775578481,-32.77720923709163,-0.2672785928964694,1.39449344850191,7.572596955946143,16.619616304496,-10.170407805630832,-7.185127915980749,-5.2094494990248315,18.371456018823572,12.198277692494663,-8.546506932571107,6.5614757472612695,8.32587960576323,2.2256098790262246,-0.5807039849870188,0.5595092282405512,-11.534805014506755,0.26120303820440505,-0.44548261287606916,9.28870370695738,17.243728594972808,-10.572742939030322,11.768657745081889,-3.5370627441377978,-1.5717429161020369,3.985697724509807,8.874200366981722,3.2827787551128917,7.113112812342015,-1.6572853152123757,-0.38606321858772885,-0.9950771816719439,-1.6152034031749807,7.742910757926302,Actual adjusted month-end return from Yahoo/yfinance daily history,Market Table annual returns from the same adjusted daily history,"Sep 14, 2026 08:06:57 PM EDT"
STX,Seagate Technology Holdings PLC Ordinary Shares (Ireland),Technology,Stock,-20.758306704315686,10.106757566755187,9.853320230646379,-36.80697439676926,6.997551575923566,7.9787786624594625,31.485995728101777,5.33874654448272,16.26844240799108,-10.998696564238275,16.875542473613425,-3.2541551554227888,18.28656933355981,6.733128106865727,-3.391206467514485,-8.273418600867865,3.4179396214695013,-9.70925407749954,-14.941921577161931,-4.338610164322243,7.216501418963128,11.456157543935852,4.300781878401705,10.120014133705935,31.931141980083044,-3.2608872546896928,10.743136900350049,-1.076555789015854,-2.660201604824619,1.2949245243174312,-6.817785217784122,1.7484028368772053,-10.383794797113154,-15.03695236314827,7.109138197391318,-8.91010918849875,14.744774806700667,5.149042664291659,4.219921150514416,0.8978656486125614,-13.389913980375233,14.21467348997667,-1.719007613909329,8.421474067486567,8.42498921401653,7.882516788545613,2.843374553652289,0.7835098579540345,-4.218488798332665,-15.86242298512347,3.4211163584517923,2.356567122447184,6.186175248586689,-7.548889412432569,-6.5895493137259065,6.125589759692041,4.0698105580587285,-2.9429712665465457,22.982033193469874,6.796267564664271,6.370662297701091,10.753209119906693,5.739647698126005,20.964140431424383,3.9080865632980633,-8.16709905722548,-0.03414376944192998,-0.35266742332533685,-5.021166381468866,7.937471949010444,15.268911631591497,10.779489178576673,-5.160207862527299,-3.723772117648938,-12.202206386777315,-8.743046519169727,3.2057470419761147,-14.792341226665663,11.954111429384895,-16.27907699966017,-19.597289199721125,-6.70675065591041,6.665331889839066,0.7028264261903727,28.83478929660135,-4.750644309662755,3.5847173041193114,-11.116135892203104,2.263057668626023,4.078144444380993,2.634552045774896,11.480306579106013,-5.836911463040451,3.487502109736229,15.897439120069311,8.834700789802907,0.3631318735239697,8.601773077710174,0.8151910266548157,-7.673302370271351,8.532179556717479,11.493530957012688,-1.0651660065099433,-2.5643454618049955,10.765369334740416,-8.36300189237683,0.9564599174328281,-14.190094216624127,11.644083782336768,5.75966073123797,-15.95951080012914,7.157163599619487,29.56168358413045,23.02561665742031,8.78541907237027,6.61742414072668,41.460006106120396,8.396182665629425,8.132703916958373,-0.20870946006916746,Actual adjusted month-end return from Yahoo/yfinance daily history,Market Table annual returns from the same adjusted daily history,"Sep 14, 2026 08:06:57 PM EDT"
DE,Deere & Company Common Stock,Industrials,Stock,0.9701922517199035,4.116385429019442,-3.25449704717069,9.24798026432212,-2.163879396267121,-0.780198400239196,-4.109107278352775,8.801990252504277,1.6807471441835586,3.456362798019552,13.476800808314193,3.4316500889246093,3.8916893352046067,2.2792962103221237,-0.021653676204391736,2.5261815922400066,9.721349984833537,1.4215426358691108,3.7948140506478323,-9.627359776435851,8.862243971333594,5.804622094300482,12.7784214500549,4.834133605297275,6.33185390309805,-3.334950969220807,-3.0677546204635586,-12.870187508348884,10.478080651669597,-6.029349897670599,3.569418472428576,-0.6837460998439959,5.016703480369311,-9.904862834730377,14.353242894684026,-3.185243214350131,9.941649842181599,0.024405648992131823,-2.090192191808282,3.622379337742121,-15.371617075313127,18.76408762089108,-0.03622141008904345,-6.483546467011103,9.388602981466466,3.2368835384324335,-3.4971781468977725,3.5479164208705782,-8.47283967568453,-1.324239566813823,-11.208099484370958,4.99417461200351,4.867004189457669,3.836072853847461,12.192175998041787,19.142417397311306,5.870549976964523,1.9311555704233152,15.807148447053777,3.1354148708865104,7.3406382723320895,20.88642948322803,7.429373203896605,-0.879353109673775,-2.629100783635807,-2.071563565658452,2.517655159719734,4.546579970204068,-11.100456193878305,2.160756354913329,0.9435874225175,-0.4646093866593759,9.772796434928788,-4.351756349497615,15.693343268623483,-9.12484103372664,-5.236364352178347,-15.990675434886414,14.595800996158781,6.4310422207945805,-8.286294584122455,18.548030097560453,11.414258984860703,-2.5035222495127907,-1.380735044618131,-0.8513886726762898,-1.208922311044347,-8.443124885456733,-8.475756710646355,17.47612642105296,6.0243143526480525,-4.343559210503423,-7.84295045944603,-3.185145499235409,-0.25999623731883803,10.133882503910318,-1.573007730290188,-7.2488477051896645,12.932662650364811,-4.706135455921546,-4.253869563452728,0.08896991324447434,-0.44161942498143203,3.6991285791761808,8.571276547349814,-3.0287737320420893,15.125147670879823,-8.709463168258303,12.475800551171123,0.8876194810244487,-2.038357024418891,-1.2336328509447325,9.211337891285854,0.7584529523989803,3.1229762400671213,-8.720945170013128,-4.133184670072854,0.955689059704401,0.6195483682433611,0.5792328179824002,Actual adjusted month-end return from Yahoo/yfinance daily history,Market Table annual returns from the same adjusted daily history,"Sep 14, 2026 08:06:57 PM EDT"
MCD,McDonald's Corporation Common Stock,Consumer Discretionary,Stock,4.773991944510181,-4.606733060622403,7.244617423975974,0.6445061658109097,-3.5022328585650686,-0.6844783263322829,-2.235324225843016,-0.9274259158705944,-0.2593984656528381,-2.418490528209505,6.775722923152605,2.054196467400349,0.6983142467099634,4.911101797976114,1.535468949429819,7.962336449597296,7.832503245319966,2.140738014129373,1.2927344067779734,3.7250843321188887,-2.056662985637381,6.529278905262004,3.6457969803241452,0.08719611923242443,-0.5693507612899107,-7.24672522703732,-0.8622245166685305,7.072509399059523,-4.437401409861952,-1.4528426172452091,0.5424759291239756,3.619914772386368,3.119012025422596,5.744515369824432,7.220162478644787,-5.803398365608636,0.6814403484026066,3.484979022422574,3.2963274094171213,4.0389829795740795,0.9420061414447289,4.735970897155872,1.4735733814863705,3.9875239046062605,-1.4956335779027108,-8.388045695805356,-0.49499286602643355,1.6094134515299618,8.278938520066692,-8.685747061411252,-14.842686420980112,13.43211523803538,0.0012217415442661306,-0.9929038519146061,5.31794182277614,10.546184465380094,2.796003172116923,-2.9568659829410926,2.6912934583962267,-1.3153411743116794,-3.1409993991469376,-0.20767431699693084,8.731904929551115,5.327036530375984,-0.38048376642733084,-1.2399040746601586,5.0738072987238425,-1.6266960508546258,1.5371060220947141,1.8414817974971465,0.16536356315646206,9.595264295110685,-3.215577521014712,-5.133312716959837,1.0254488845535814,0.7602567813903782,1.22412239019134,-1.5708103276595886,6.679375614215144,-3.686484386563982,-8.538130203594053,18.167625517747975,0.6111409884042684,-3.3945489496506442,1.4685348492827321,-0.7353366251246274,5.949000988105535,5.772317179833086,-3.597614671122551,5.220442270912673,-1.7459354044135456,-3.5942737050715823,-6.299135598556626,-0.4820663544883974,8.146900245929988,5.2050925826282235,-1.278217842364493,0.41779246168658357,-3.534291770294662,-3.160138028091908,-5.182384655994476,-0.9252866915054003,4.143785674293099,8.76412956901742,6.10473961315614,-4.072120397588752,1.3351129136471407,-1.4783860146462047,-0.41048362728205445,6.799435035726065,1.895209432115652,2.330589275624506,-1.8144886329027998,-6.379779140114139,2.7039033455646955,4.488945936404831,-2.52748470818287,-1.796714044989134,4.48681257164687,-1.3969582894142407,Actual adjusted month-end return from Yahoo/yfinance daily history,Market Table annual returns from the same adjusted daily history,"Sep 14, 2026 08:06:57 PM EDT"
T,AT&T Inc.,Telecommunications,Stock,6.756550737265865,2.468107456053148,6.008118493377257,0.74012467346114,0.850056146105338,10.370359606401403,1.6757275732434573,-5.567100288475746,-0.6604656057289771,-7.940236968973724,5.001334884309472,10.095819680430473,0.6612002127860395,-0.8776090915642243,-0.574300696729868,-3.1066044599565523,-2.7756763941698237,-2.076321812516657,5.155701913027944,-3.9487414429918433,4.564887121843375,-12.658266510876127,8.112923065735167,6.871944853592504,-1.981613593021192,-3.070730001187849,-1.790630921982872,-6.538409775074417,-1.1620678969903042,-0.6497482935677756,1.6225569245795324,-0.09382909483273139,5.1346487049701794,-6.82783224972755,1.8252821032793687,-8.642773600992959,7.649693214024089,3.526298670832184,0.7712154792936854,0.826429848752519,-1.2274113346212645,9.581430509633403,3.655005913252296,3.5536032761561698,7.317066130002381,3.5839407348684293,-2.883862109769475,4.547882953623805,-2.0225650414547047,-6.379574535622345,-17.23453224700312,6.976831620686941,1.2799670066274027,-2.0414978529696204,0.11263916424952836,0.7775361698962424,-4.360950739499925,-2.90513395030636,6.40268614453936,0.034771085893381404,1.8934105721598815,-2.5847045112136535,8.533535233231904,6.1284364462206975,-6.3036930195845,-2.208660736018986,-0.16048511242161556,-2.245996380982951,-1.4952378598161231,-4.06047819554024,-9.619954293789235,7.752956980860071,6.465859823901066,-7.098037296887516,-0.25327029072731433,7.197039880748202,12.884410743922992,-1.5500422290596672,-9.207356712561033,-6.602764487541246,-12.542765753837326,20.95036105468109,5.75977104991412,-4.512453297139862,12.244133497130427,-7.1674273363277035,1.7980036451590742,-6.905985355442123,-10.979047965185028,1.3986006403623685,-7.3424000313669024,1.859494022266328,1.5551099279967229,4.488669587870464,7.597391920220087,1.267360682710561,7.142878140891873,-4.296225433214107,3.957478476023657,-2.4621768318601522,7.874478519574257,4.884749445338432,2.244507513789107,3.3766249566312467,10.552772637154462,3.770005207643745,2.750666393837986,-1.6839412417226973,5.538853814577993,15.507813137617577,3.174028705282761,-1.0112909770728096,0.36099976200858475,4.100729118646695,-4.340419231819359,6.858813556036836,-3.5848518030226484,-11.414808234718333,5.131326424915139,-4.534979010717799,Actual adjusted month-end return from Yahoo/yfinance daily history,Market Table annual returns from the same adjusted daily history,"Sep 14, 2026 08:06:57 PM EDT"
GILD,Gilead Sciences Inc. Common Stock,Health Care,Stock,-17.976113241828294,5.120546550224647,5.791048587167724,-3.973441046838544,-1.3036676656632884,-3.641776117985085,-4.7350727984528,-1.3715907310168696,1.5556037471750495,-6.9388352423817246,0.09507245679161169,-2.2102485275969808,1.1730366867184427,-2.7191184577901817,-2.890730025700605,0.9275413064611993,-5.339138365953932,9.954494279950609,7.502112903687053,10.014451871766394,-2.6082581594048415,-7.479609771440543,-0.24016411062417475,-3.544004314636695,16.97376114523299,-6.050141638104267,-3.564573275152083,-4.191514734944279,-6.686973271297192,5.950949774329128,9.86734495664361,-2.698182433253671,2.7460254207784196,-11.695383149748995,5.514858392693944,-12.31909105799398,11.926465121275708,-7.12756142416755,0.9519096359271506,0.046148385353417254,-4.289673866554178,9.563761480178034,-3.01954302661952,-3.0219656464868905,0.6798402383636937,0.5206640356514525,5.540745241103862,-2.454421155749431,-2.7393087877586986,9.746832966088515,8.789197300167405,12.35957593707453,-7.34524195794558,-0.2635409993435034,-9.630886738863376,-3.9982659677816335,-4.341434720245996,-7.975954758031223,4.33362130997883,-2.8854467538694806,12.59870767205975,-6.402455594135414,6.458672467011484,-1.794858194749882,4.159467475740919,5.246298558890672,-0.8277407271868431,6.574873305490891,-3.058444158493634,-7.115265787269731,6.2423132738599785,6.4087206941897845,-5.412483628904486,-12.055915997817312,-0.3182244982271598,-0.18503049832059304,9.285467194297059,-3.4967506026006068,-3.332786775219343,6.225944792181171,-1.7022222476556492,27.184307557574215,11.942416366246377,-1.4437168570589631,-2.2248006387079355,-4.062410469201206,4.011033328487601,-0.9160081166547318,-6.410392440462564,1.1358324918899987,-1.206668882401929,0.446535855191299,-1.0537010555947801,4.803844419707337,-2.470105376907372,6.720486879186804,-3.394631698251238,-7.871202724481396,2.635698628959471,-10.989779782298182,-1.4263736258221749,8.061870227538193,10.858488128296706,3.8653706100988616,7.118424620536068,5.939887252431886,4.233270788665822,0.6117797015426252,5.228976636366678,17.602882303752065,-1.2890989704501754,-4.917448114972833,3.3226872664767537,1.432800379519028,1.280774118641692,0.6055815676550447,-1.0614942839364039,7.91892575419666,5.0504963318552365,-1.8192358652127427,Actual adjusted month-end return from Yahoo/yfinance daily history,Market Table annual returns from the same adjusted daily history,"Sep 14, 2026 08:06:57 PM EDT"
ABT,Abbott Laboratories Common Stock,Health Care,Stock,-15.18847150245537,2.351401909674644,7.976250605030777,-6.436414931426182,1.876586129473079,-0.80745800551969,14.539914272456222,-6.100545650958322,0.6425253808538978,-6.622230778427651,-2.98165097496359,0.8931041851916177,9.450173888689072,7.924341377008104,-1.48624336377835,-1.1328199821029727,4.628801445019737,6.460794084202348,1.732507388704163,3.578680643696308,4.750677727444397,2.1275642457903032,3.9461718183314565,1.2417883554783016,9.439749722074065,-2.9440118984865205,-0.6796099529759569,-2.5203337180955576,5.848942866149565,-0.877609757010589,7.9432909465525725,1.983501267580623,9.754675606241992,-5.63869207431098,7.412255542564039,-2.322801215190573,1.366557835860549,6.357907311457733,2.988912391675047,-0.06805743859711333,-4.311211658650638,10.468942605471021,3.9550170427480325,-2.0436292944100987,-1.9338922462524555,0.32889788417391763,2.2007030701113983,1.6501016810615,0.7484305368969268,-11.602023995029565,2.4406187981994565,17.194001223932954,3.0730989345450377,-3.676771622557373,10.500575239208242,8.773868131435748,-0.5846474290286174,-3.0962735310718914,2.9588320333852725,1.1735270039323398,13.332622256417448,-3.0827689995054364,0.05010256030872906,0.5681502482454137,-2.856418251267556,-0.6172537565974578,4.753399417143966,4.45527935416834,-6.520541418862358,9.529885662099936,-2.4206734593504753,11.902667815913293,-9.116376465384446,-5.366402780788304,-1.8736401473280706,-3.7239248323760687,3.4889562057140777,-7.500386983454943,0.6201249416741383,-5.687246427928017,-5.737947343314742,2.7354637695143458,8.732571633921339,2.0542756933592976,1.148168504696212,-7.987370258283155,-0.45219396063715944,9.64059024709496,-7.667239999394293,6.8823581506594955,2.6086383108165467,-7.572084706647175,-5.879492683850806,-1.8344015785157874,10.301447808120168,5.542225160897907,3.29482947689419,4.851969530758238,-4.197565691698135,-6.303411202918263,-3.5670432734380753,1.683148223500508,2.4944918302055807,6.9190188666379715,0.6533029890504638,-0.09269731604844011,4.763156666919044,-4.765520515121491,13.695823644144166,7.87930069265248,-3.883778088805434,-0.9757505362245511,2.164426153496679,1.8191448798162257,-6.803593071476799,5.127187024918678,0.9648848838859525,-7.294536123304784,4.271151514160931,-2.8006158827649896,Actual adjusted month-end return from Yahoo/yfinance daily history,Market Table annual returns from the same adjusted daily history,"Sep 14, 2026 08:06:57 PM EDT"
ADI,Analog Devices Inc. Common Stock,Technology,Stock,-2.639183708005255,-0.8056527182049411,11.700285047348412,-4.8487961219376485,4.625485001352536,-3.1794841512098104,12.694238329392583,-1.3401749840514787,3.0211050979388476,-0.5430760227415621,16.475435256727167,-2.1821167853383616,3.1947219740091626,9.924722253624218,0.024422556074688018,-7.01653152829933,12.545975699464783,-8.769160297492318,1.5552330419692506,5.898024303247995,3.552670474895492,5.953377045997854,-5.186512900031204,3.391027308421646,3.2011447055862563,-1.8828878337554644,1.61298995368242,-4.147892081364269,11.253562064616784,-0.8303356782699889,0.2293674572640736,3.31387757777728,-6.464368394645293,-9.463545587840594,10.399235212346913,-6.6253140403062405,15.181159870907512,8.747778371854231,-1.580041211176919,10.420829088734408,-16.41883829622891,16.81847322519383,4.066607223324792,-6.026092338824807,1.72996434174979,-4.56456778733182,5.927018781184068,5.713740756083863,-7.648948892470486,-0.0984271267036041,-17.79002778145071,22.253214803987255,3.6167670317080125,8.579004287317149,-6.351927685839964,2.2938235283041175,-0.11980986923781911,1.5333272863871095,17.337416188490316,6.6896554820147,-0.27072764964480855,6.215655953401389,-0.47493096066107965,-1.2380723592854137,7.923714489648681,4.592954466768728,-2.753243330222188,-2.258705835026553,2.7799887797939293,3.5884837393627134,3.896499637719475,-2.1119756722430383,-6.713301715989561,-1.7672409492618946,3.050729424568188,-6.538339698543694,9.589336286339002,-13.248208552893315,17.708250468617482,-11.456558996390998,-8.044617905966344,2.353954282418158,20.53711601508099,-4.159040213471199,4.535780094438846,7.496261714948327,7.494405052715147,-8.792216541706876,-1.2174760663819062,10.159880249476029,2.422878952127694,-8.895890488828995,-3.2224443293941474,-10.143354809569061,16.55758445965001,8.788051801475817,-3.1224812817354453,-0.2807229747981421,3.5981775271602956,1.4257575921385657,16.888475740154043,-2.2696305319073518,1.3668795132439238,1.4953781860418403,-1.603116422853501,-3.0672932345714665,-2.2679531824487342,-2.1510539989458732,-0.26830259606663853,8.575213537098424,-11.95886872043721,-3.347051135997081,9.778378194738945,11.74113634935432,-5.625569914521533,11.877306749215633,-1.845641953965882,-4.708993288371155,13.330194092702264,2.569492480721447,Actual adjusted month-end return from Yahoo/yfinance daily history,Market Table annual returns from the same adjusted daily history,"Sep 14, 2026 08:06:57 PM EDT"
SHOP,Shopify Inc. Class A Subordinate Voting Shares,Technology,Stock,-9.99999630358781,-3.6175757820940513,26.050053841266486,12.903219808568744,-8.03767807098481,5.018780449447924,11.410925663241201,20.68865191583622,3.7717518035015996,-3.424973025147493,0.5307559968456221,2.879778441787195,18.544426550229566,16.509253474897,14.997466827765304,11.543541976376215,20.947993733499448,-5.399524242544739,6.29460197264633,20.082271828243226,5.021638656997518,-14.593525493779625,4.352192132824628,-2.716235685240076,26.65345874999929,8.04409237817989,-9.854572430497733,7.255801499792414,10.82092425550707,-1.485584892984848,-5.264237866211696,5.397585446520159,12.899009447509835,-15.997809204819058,10.503078231601283,-9.308263763605208,21.6829165557376,12.275187145917199,9.236054221739277,17.863710519467713,12.881365941347367,9.185156928168169,5.907048986229735,21.237578128061042,-19.13127174651541,0.6128472774719063,7.3922851681124335,18.063846535773376,17.12360423364432,-0.5046613426167523,-10.010576849133091,51.653752160423515,19.850066693401548,25.25732343357796,7.88032395830871,4.14257490422465,-4.074380910273301,-9.534979600652493,17.82414972189146,3.812430165516245,-2.94712535372601,16.60127870259389,-13.620146123301291,6.86940607319102,5.104399236228252,17.5489022897084,2.6660110485166033,1.656744430103907,-11.083562381627242,8.183481819286808,3.7539264542887585,-9.488827210275375,-29.995132306760386,-27.999253391644107,-2.635902637474097,-36.857212286805904,-12.11283038530392,-16.719985852509357,11.491684014849234,-9.130066165225125,-14.881513874379548,27.060129412256973,19.427407580515688,-15.0929594482201,41.947570605970895,-16.50091534925926,16.528924010561717,1.0638342737588902,18.039210993067645,12.956810675549612,4.613008401428043,-1.6129090526071477,-17.927505718030012,-13.523916271553881,54.31235815635085,6.976108009261295,2.785620187984761,-4.620952869169748,1.0475257216081335,-9.032009052849743,-15.74073490417719,11.66526009785489,-7.3429251547767915,21.029409757259977,8.194950344043782,-2.4082858995193357,47.80718556109997,-8.019028343795043,9.84670463688948,-4.10959154652657,-14.749997002737858,-0.5027265815431448,12.8631591796875,7.582537922829413,5.947118076373981,15.604287568681574,5.188279936571472,16.990781169703585,-8.754170693242791,1.468735400919785,Actual adjusted month-end return from Yahoo/yfinance daily history,Market Table annual returns from the same adjusted daily history,"Sep 14, 2026 08:06:57 PM EDT"
NEE,NextEra Energy Inc. Common Stock,Utilities,Stock,7.527223153528939,1.7560344529185645,4.892739829418424,-0.6421972789908525,2.9120047382371395,8.55808337811348,-1.6181057416029487,-5.0658660962447755,1.141056934808904,4.64357624403815,-10.073648045070271,4.5784870534013145,3.566071046099828,6.696190507800592,-2.007609805349442,4.043000739958602,6.647990342146803,-0.9262151102629401,4.2531946383127295,3.7013656742310497,-2.631099637912504,5.813723674210602,2.560686772253007,-1.170573090793714,1.4277463588972417,-3.2707544908683994,7.34802768798819,0.3551273689420542,1.159191793436043,1.4260891000685394,0.30535225630810015,2.193090742439563,-1.4697374827816079,2.9236181638784275,5.999963265641273,-4.342076093354641,2.9685641144489017,5.584383169208418,2.983184238316805,0.5793803079407356,2.583435563375458,3.355029255597586,1.1275963385380727,6.34232532543284,6.349275635569862,2.2962228082882286,-1.3716522406676535,3.566856369894622,10.75321741398012,-5.264722185643434,-4.80298131199649,-3.9481174416064357,10.574598356835963,-5.504427898505937,16.87559772185192,-0.04352025307524654,-0.5767094987067956,5.505094062157734,0.9905090049865173,4.837602129189245,4.8217840132340095,-8.661370656924738,2.8987354965176904,2.512871487469792,-5.534741372899976,0.6109840517900533,6.304565074392587,8.311031390174906,-6.512691808366444,8.672927525923303,2.149730253350768,7.5824071966045015,-16.323902108180476,0.7469043307839263,8.22793983797403,-16.16099448256546,7.18262365250224,2.3384985804149716,9.075653366962477,1.1628543101914302,-7.817978153325567,-1.1605931329210395,9.845370765077233,-1.2986984291663561,-10.729670376186995,-4.2090165480704655,8.517539947461783,-0.5838204900574406,-3.5215084540159647,1.007343030294705,-1.2129346952971964,-8.23630290404992,-14.236532157212146,1.762953789067323,1.1768774707091367,3.8113204265692646,-3.473818667106887,-5.0057134455195,15.79997021708477,4.787986570560809,19.48633893895879,-10.93643051147759,7.880226601678797,6.076003194158819,4.9931851986475095,-6.24631220637073,-0.06658151313228,-8.872502193953235,-0.18135789325663954,-1.1344424955959886,1.0260812651907703,-5.656667383881741,5.622033241995883,-0.931901818123948,2.3624366309272338,2.1772524418972816,4.774466345879413,7.82885959629902,6.725197961586726,-6.964890509155197,Actual adjusted month-end return from Yahoo/yfinance daily history,Market Table annual returns from the same adjusted daily history,"Sep 14, 2026 08:06:57 PM EDT"
UNP,Union Pacific Corporation Common Stock,Industrials,Stock,-7.928371746218854,10.285095883446548,0.8749753902494772,9.654313883818455,-2.840476746759113,3.6346288058836995,6.647526097713308,3.2623236884760543,2.0935781232964024,-9.586760463799248,15.597626603457716,2.3191578327142137,2.7970573921873187,1.8535587866013392,-1.8714068015602825,5.70239921503648,-0.9362999401708372,-1.2602161028648307,-5.463213153068369,2.8679927099586333,10.132972178685119,-0.15522293295101575,9.86448012480774,6.00789355506175,-0.4474273855091804,-1.9185562408733592,3.2091877853002826,-0.5951098752702166,7.37648836287097,-0.7565406576576672,5.794720102191575,1.022928988805627,8.10646034188558,-10.200802046771539,5.726830117582682,-10.11185707061909,15.07631924614281,5.973420609960733,-0.2981731902514051,5.88514736061323,-5.302215165106228,1.397057229318488,6.410020409742434,-9.442665618570324,0.012358174839288694,2.1484311286034785,6.946570934900853,2.7274157717967373,-0.7577920422341844,-10.405350591115937,-11.74519235320367,13.294118776901964,6.898494583077341,-0.4651041126540023,2.531521542997428,11.568979468932362,2.3019868807532484,-9.9964202320457,15.717425589003664,2.0285960292413474,-5.162799099003679,4.7807474855497745,7.015935122828609,0.7621871788817458,1.6747127574700427,-2.135901718340605,-0.5319657817659751,-0.39637551561177986,-9.606153828704688,23.156974879422123,-2.3860777252858734,7.423482574602525,-2.929370452672375,1.0650837973100291,11.083576090156777,-14.245473878446024,-5.638828253234706,-2.957509896392585,6.573521075234745,-0.6718519944420076,-13.22433680346311,1.190806436661651,10.292185468796045,-4.178023432474076,-1.3908357318126008,2.198043062139421,-2.9042726189686396,-2.7625705140166823,-0.9581760146841978,6.285063641432753,13.390669444925463,-4.37857385456093,-7.68010358623743,1.9545167188231405,8.506344630919838,9.645443681682298,-0.6880682630031609,4.537681400296356,-3.058851036775767,-3.566035141248103,-1.2701169454441552,-2.8176232507417853,9.047108828302086,4.345839556699804,-3.7525878401937773,-5.8463075686526755,5.425092432317102,-6.255293114853111,8.66076008085479,0.10342940149705715,-4.236076904702357,-8.71148893826713,3.404888621143387,3.79860959044791,-3.52485551393783,1.3498402567193146,5.725268907387915,-6.769045314211941,5.20034191007257,0.36369904856377033,Actual adjusted month-end return from Yahoo/yfinance daily history,Market Table annual returns from the same adjusted daily history,"Sep 14, 2026 08:06:57 PM EDT"
WELL,Welltower Inc. Common Stock,Real Estate,Stock,-8.540347460350773,3.910312043930264,8.717445598991901,0.11539465429684093,0.43686122727015775,10.535465799887067,4.148614580623611,-2.1695703970653124,-2.579801623787492,-8.345572809677437,-7.180682489700718,6.610393923468161,-0.9412480868541517,7.564461637168174,0.6251666184173388,0.8754701665604658,2.8201968002459665,3.184424268966213,-1.9505021509259146,0.9706819457054428,-4.015301488613742,-4.72394859148173,2.049451635633881,-5.4699193060055995,-5.958887889813125,-11.06156231532962,3.6761885933808136,-1.8188528777832502,9.574890223298492,8.742389201431756,-0.14355392871281403,8.026685417139356,-3.582694844931833,2.7207965483351026,10.870699532744021,-4.0370331553506,11.640938369847609,-2.98954306814041,4.4273637153944945,-3.956152651175693,10.212983690438126,0.3816896667788727,1.9502159031336896,8.825527453723602,1.217062785683054,0.04414961943604023,-5.761782067109921,-3.2990566635287655,3.827360846187977,-11.003538955155467,-38.81314138538357,11.904754295356934,0.41369409288425363,2.1314710529517944,3.49756557864751,8.560480697435068,-4.224627857899366,-2.396056208953379,18.43017860516294,2.604000032742304,-6.221006197209067,13.057906751580205,5.493352541211993,4.746604747592342,0.47393927626833143,11.140877394809134,4.524661702665256,1.4994113131197917,-5.860841203275302,-2.4271984496389454,-0.25896659812234546,7.724200561832584,1.0026752342124245,-3.154775680591204,15.428006942837214,-5.54399793038467,-1.2101119441996655,-7.565393319963897,4.8451613147250105,-10.537308394736167,-16.08610671169115,-5.099487900415078,17.416518346837794,-7.715057958890803,14.47751282154266,-0.41467173356505294,-3.2784520547990748,10.503567406859627,-5.0891634463299145,8.417107009292057,1.5576788750373494,1.6243182536183287,-1.1582950909788559,2.0629855774780603,7.327651765095622,1.2008920216741936,-4.058980142824575,7.225026319456873,1.3888807109772472,1.969165578768406,9.479103903332863,0.5594703579627991,6.714635157050419,9.099013467607575,6.090494944604696,5.350306144892714,2.9539761654810315,-8.792883896237058,8.291684668191968,12.980496959732601,-0.19540410044294187,-0.4046774649322238,1.5759955717553176,-0.3565007405006093,7.376567408029389,2.3955730668204334,5.859286045061518,1.627924905949052,15.462371375826978,-10.858711780482288,Actual adjusted month-end return from Yahoo/yfinance daily history,Market Table annual returns from the same adjusted daily history,"Sep 14, 2026 08:06:57 PM EDT"
BA,Boeing Company (The) Common Stock,Industrials,Stock,-16.916794369293754,-0.7128829653348046,7.4124301812249715,6.191907621921855,-5.653580945179881,2.948873563596255,2.918316419596967,-2.347208008787449,1.7690562643947194,8.114442561188206,6.519831575005641,3.4006415459190587,4.971735262381105,11.235039057444872,-1.8698258066852547,4.506399952614126,2.2920237010188194,5.393619320311993,22.609344568049327,-0.565277317957924,6.071085102418627,1.4830345067255557,7.87192648581434,6.542628900489467,20.16210261047682,2.7169157550805068,-9.47791944071551,1.7323337873896838,6.102866717871702,-4.7279574009969405,6.196530188051952,-3.3163568601207394,8.492076502304723,-4.581883121978947,-1.8313497682271862,-6.996184143277173,19.5720791828901,14.664763371842016,-13.305751729053073,-0.9779250394018724,-9.033186977263552,6.557196183801328,-6.271821645159992,7.380848930679118,4.498882931207504,-10.660493981461494,8.357199951708072,-11.038279787974837,-2.299250709380596,-13.046526280293547,-45.78895447976462,-5.444545494447073,3.425047287420857,25.67706231130522,-13.802510982290562,8.746840078619456,-3.817956313436932,-12.628582724734516,45.931163934178485,1.5898584490463552,-9.282441999350466,9.176575437145162,20.14527985495045,-8.012721248546573,5.424440632623373,-3.0200010464087157,-5.46001083835187,-3.0819480127225796,0.20045669312358516,-5.869784267893108,-4.434136468100702,1.7538544926238853,-0.5364602581776068,2.5469390255788094,-6.740039244530161,-22.27676431441743,-11.717282229579373,4.048712002536159,16.52281753671452,0.5900461087261721,-24.443056579685063,17.69903563900086,25.521024333652576,6.490384779426561,11.816890050771578,-5.37558542170995,5.398158997412406,-2.65969688428489,-0.5222951143390886,2.6543542998889835,13.11327995888596,-6.204733910618321,-14.44003315617799,-2.5354682477388035,23.98565239365813,12.53291808804471,-19.036296201506396,-3.468533120878692,-5.2670310540174015,-13.03176767677966,5.821022691630806,2.477334542741927,4.719527419334701,-8.84575029929161,-12.489934108978174,-1.7955773796972774,4.105555544200512,13.87030186564806,-0.27118402685822884,-1.0706998322587813,-2.3363693048011003,7.440634543732694,13.141236143410296,1.0659807915316177,5.8750525606408255,5.787953727845219,-8.032210428252606,-6.861880847402569,-5.979506525215827,14.87830429480821,Actual adjusted month-end return from Yahoo/yfinance daily history,Market Table annual returns from the same adjusted daily history,"Sep 14, 2026 08:06:57 PM EDT"
BBVA,Banco Bilbao Vizcaya Argentaria S.A. Common Stock,Finance,Stock,-10.621746541107758,-2.163859323042505,5.24343152724025,5.674873086930199,-4.063859324605046,-13.161872069772595,3.466594881333118,6.506855614213425,-2.697193480444926,20.973145340046973,-14.56311579797054,9.902616118548524,1.8179097673819866,-3.9647423288300176,18.528494784492455,5.124832607632279,2.7500032895232396,1.7031422224672133,8.612452808187165,-2.643161369994207,0.9049650765644124,-0.7717071991884983,-2.059489645544099,-0.700949772378967,10.470629226494289,-11.395127764178415,-5.048069067004279,4.4924946639028684,-14.640192013168285,1.7441838713632363,4.285724791769985,-15.068501706938841,1.6129032258064502,-13.174587999189402,3.4734857883389925,-6.537099110377564,12.854436207651698,3.5175802018485802,-7.281553224756365,9.496979050687138,-10.837432418572623,2.3941166796572544,-8.093534543383063,-7.045020049911221,9.473682154046648,2.7940697821112526,0.0,6.692142112201505,-8.243717504346314,-7.031236465182877,-35.71429409890866,10.672732740306735,-2.812494908524621,9.324765051664553,-9.705899308616084,-5.863171280589041,-5.1903260170835575,5.474468795261123,58.477494624994144,7.860268961822925,-7.287455369321449,21.615730639031995,-6.2836673488209875,8.7089964575918,11.24999811012164,-0.32101993767145176,2.5765037698269655,2.6687390422222235,0.7645283997424368,7.21347730962183,-23.95982731117864,10.754697436530902,8.6882636070849,-7.837000445010045,-3.2312888376062165,-4.3697238737394954,5.394975851251638,-17.367455343809148,0.4424709172581087,-2.2026424285225277,0.22522859802116546,18.69780093268394,13.786396435570602,2.559725831492865,17.470884278658726,9.915004047023324,-9.149486381609373,9.27497386721341,-11.171660730582378,17.791402579659167,3.3854278237977597,0.0,1.3853871233203252,-0.6628830469453395,18.64622589326941,-1.9375700732259582,2.4149376430570246,6.645232334838225,18.99497561756074,-6.164248260225613,1.8674189349573211,-8.065993344795054,5.0847459443127185,1.043643099305358,1.7840354457974605,-5.486730980338194,-4.833840755862894,2.8571501002684796,16.666664880670634,16.666652888982814,2.947849964626781,4.613675687560348,9.781024992662335,2.1941478292982985,8.848415439568068,8.368197430401114,6.177610485914853,4.571418939145877,9.020349204273836,8.167053974152672,Actual adjusted month-end return from Yahoo/yfinance daily history,Market Table annual returns from the same adjusted daily history,"Sep 14, 2026 08:06:57 PM EDT"
BLK,BlackRock Inc. Common Stock,Finance,Stock,-7.7117082671302795,-0.7319285609463155,9.941674575470838,4.627506059651187,2.1103956047830996,-5.264470185435477,6.9248879031714505,2.4148849435800424,-2.776238133266251,-5.854419561890234,8.659582655972219,3.252078555920934,-1.7238518136757919,3.6044331904082627,-0.3934949247113684,0.2764089610335807,6.414955603896155,3.8525833618884286,0.9753465626971769,-1.1694199866564503,6.7014799508255285,5.3099346348111975,6.4481820474384,3.011913991684123,9.361287353201941,-2.2018532643228172,-0.8797380936814925,-3.732562826978525,2.441074125519127,-6.080893930549425,0.7454337170651026,-4.713974978458757,-0.9653994320489301,-12.710871033341842,4.032406693301405,-7.513574059622052,5.666720700306072,6.779384102240238,-2.8429573613929615,13.540977584925473,-14.35993757110856,13.796196552775664,-0.3452003600067366,-9.647622675960033,6.305606631819005,3.60383501525805,7.192941840812095,2.267478694413594,4.903486398713608,-12.200617077818377,-4.255174278754447,14.107802980068683,5.298357658799491,3.6092951637274995,5.682860953044444,3.3356168090046934,-4.586963132409238,6.3277580508873,16.54510556171531,3.845425597912522,-2.810623900888365,-0.9640113724517896,9.204507013771535,8.666227638886026,7.047486237622724,0.23042968881923365,-0.8914337004539807,8.777968153552983,-10.704107861396317,12.49613634126594,-4.117813407280035,1.6772809579857384,-10.116209354987548,-9.60581447527833,3.4102758321504334,-18.253789786336792,7.107644480016795,-8.321819195723911,9.87457547104318,-0.4169600133284823,-16.806769950962163,17.378404373686518,10.851375138840424,-0.3470494699066684,7.137705232764957,-9.191136748261231,-2.2428478524380235,0.3108457499952699,-2.033669215284284,5.881305739571019,6.903092593698568,-5.185087923902776,-7.0459617883924075,-5.2916370169621585,22.6938484756992,8.78385556257113,-4.618119611821159,4.782337096470668,3.393584161984964,-9.48302967048107,2.304410411138802,2.6529428021556667,11.327018760091324,2.887633437360426,5.912441932571455,3.31961164736283,4.257768384756799,0.7221567139910068,4.915568116957725,-9.086004035780471,-2.672723879935035,-3.4041952758956273,7.178487780447496,7.645425731694977,5.409574459512045,1.910472949058084,3.924457987426777,-7.124276184794076,-3.2794375264687092,2.6973905859187575,Actual adjusted month-end return from Yahoo/yfinance daily history,Market Table annual returns from the same adjusted daily history,"Sep 14, 2026 08:06:57 PM EDT"
UBS,UBS Group AG Registered Ordinary Shares,Finance,Stock,-14.093972323357097,-8.533648357539237,5.256260256488177,7.802728576498352,-5.668473246993488,-15.789473684210531,6.3271533088123055,4.862119574634027,-5.743959104502949,3.3039728966482773,12.651037314446079,-1.1356476867501075,2.8079258516169325,-4.593428242980602,3.77358059539763,6.645769425693859,-3.257295794882742,6.859665350760569,2.6501797750465794,-5.679865889934099,4.318727652149845,-0.8163246179386241,0.9994192410239799,7.04307708927614,10.494840438854268,-6.643720208443716,-6.905618812028647,-4.869784295075064,-9.404745451975582,0.7884354766345414,7.040410198009206,-4.6284949713281005,0.44698958799080923,-11.633820100508284,-2.6618718229394878,-8.499621986168016,4.684972785068076,-2.2376529603188255,-4.419898373318986,10.98265350519727,-10.319978436083499,3.67453868626082,-5.73838643976231,-5.1029549241789045,6.698113027378394,4.06719914421747,3.228550858596968,3.5390761454583197,-1.6693202729207157,-11.07517610170844,-15.818175047296801,16.198701631717817,3.147998272219299,7.850451025383465,1.213180852974105,4.0239812367934835,-8.230464223433176,4.843047877571238,24.0770686335128,-0.07072781182032584,1.8400504062638712,7.852685338133969,0.06442444967718064,0.7601932498050745,7.0634331264433525,-6.291992263696988,7.431547735103261,1.092235288715404,-4.3217441755822765,13.864493738153637,-4.793370902077654,3.4143510314925685,4.476770183431467,-2.8387873417599963,7.717766340048748,-11.410489512994248,12.054651869014531,-14.043470083662147,0.12330644662499335,-2.4014751823523195,-8.454253246223697,9.303915561573174,16.267346526455427,1.24728442349471,14.943760323637111,1.4911591717904127,-2.0202228410351464,-2.616562937515443,-6.61728103838003,7.191951662611862,9.373459372436542,20.47812226171739,-7.7124599523017645,-4.8275899192504195,20.41773150417241,9.380526712944338,-3.203882114142975,-4.881303453580266,7.978905627782096,-10.305343949356239,18.73369811679366,-7.340017906192243,2.166551769417646,1.9217998964825789,0.4876511898976643,-0.7441036321514827,5.410693691139179,-6.246134674620507,16.8205828351772,-3.1902918119132706,-10.67366597218794,1.9085118686148705,5.491233892904401,6.052055101286413,10.378488240782557,8.545401504171135,1.1845931046684077,-6.439024464734899,0.6256480188220781,19.97410254039622,Actual adjusted month-end return from Yahoo/yfinance daily history,Market Table annual returns from the same adjusted daily history,"Sep 14, 2026 08:06:57 PM EDT"
COP,ConocoPhillips Common Stock,Energy,Stock,-16.298996227582585,-12.759590866184588,19.036379533608795,18.67391966139518,-7.843689641381446,-0.43391239457452047,-5.81588207186029,0.5634447094615025,5.895203969875751,0.5321570187490909,11.668611990289035,3.3388372544999934,-2.752313243027138,-1.918685323145053,4.834932912949164,-3.930191444730513,-6.19881561666169,-1.633514109321721,3.8377368015414692,-3.7690010307655397,14.635815851054513,2.7444204764699887,-0.527853055445715,7.881267504043654,7.141542070098117,-7.154718894048806,9.16959764385432,10.473924686452097,3.3101044226751197,3.309090171771345,4.0884101191275946,1.7458571213667229,5.40657594769447,-9.309918596311084,-5.321904711586656,-5.787270664221699,8.564567334029526,0.6915059706170457,-1.6359729055142158,-5.424033179237098,-6.125385978823816,3.459988133018599,-2.6553279901236126,-11.679108089468283,9.198939498360858,-2.39116572827871,8.586960604179094,8.491806609114438,-8.611393088182018,-17.949323354156878,-36.389945166496894,36.688367059222045,1.1919028933534248,-0.379354110046759,-10.110783892514375,1.3372669695564054,-13.328063499399612,-11.77857664141152,38.22506114551034,1.0869431832126741,0.09999908953788328,31.120842805409964,1.8458070633551316,-3.454782475284468,9.843043379439198,9.257261427871533,-7.243630826702296,-0.9454115984215195,22.042099833964947,10.576253493010078,-5.853152207911306,3.208750108381464,22.77637021689156,7.579718493219012,5.733561580970714,-4.4800338837835625,18.15800634019591,-19.449195077001523,8.484576225442119,12.842242846684426,-5.151561276382255,23.206962643808637,-1.6718169267649574,-3.865110713439601,3.2796580188894087,-14.818962312533301,-3.4112816063064266,3.7092941591111206,-2.991574476065173,4.967301008185521,13.618363324281457,1.552883923713444,1.1520755650995307,-0.8347379912618136,-2.2283322654906623,0.4326310395422972,-3.6185062290471692,1.316548750845481,13.097571595910317,-1.3042066762908422,-6.686036526545891,-1.8029003873458627,-2.780210250015547,3.0693476273162767,-7.4786859310724925,4.046358741652045,-0.40434529168601463,-8.464091509600735,-0.34285887209054566,1.1379136448581573,5.920314561631135,-15.139962749547585,-3.4151975663148093,5.143537989788549,6.2402428094766815,4.66379894726372,-4.425589073299696,-6.057727579850103,0.7347918995937341,5.547415196024219,Actual adjusted month-end return from Yahoo/yfinance daily history,Market Table annual returns from the same adjusted daily history,"Sep 14, 2026 08:06:57 PM EDT"
PFE,Pfizer Inc. Common Stock,Health Care,Stock,-5.545278904479767,-1.711021645229538,-0.10111730660758989,10.357586996409651,7.03376807864593,1.4697523995549133,4.771336867166598,-4.881298039710213,-2.6724143814192636,-6.377332842192263,2.3668847635956336,1.057870056491672,-2.3090757258570016,8.627853471595316,0.26373840686684247,-0.8476871276410725,-2.812418708454101,2.8790140747342985,-1.2801515741632796,3.2911310501124946,5.247634730885542,-1.7927192938474334,4.367745452278471,-0.11032333030203123,2.263938737698501,-1.0626622221100113,-2.258332894997117,3.1558055837266785,-0.8993778706393507,0.9741385552992643,10.060626620853208,4.867351596125613,6.141639474145744,-2.291808731315814,8.190305644066974,-5.580811428156696,-1.8997609434895257,2.1201501633880016,-2.030028854736965,-4.3795173322312415,3.1475899931005413,4.335277606985599,-10.341662139531172,-7.614336219581308,1.0688969383348068,6.791015736437145,1.3611240328265328,1.7133989431880714,-3.980552420102823,-10.257799091936992,-2.3339361977419704,17.524526754074277,0.5489923255864504,-14.375493338453381,18.825949933658958,-1.7931334833006685,-2.884370556296656,-3.324215823468446,14.977439773452762,-3.9154206123919844,-1.4111947724450458,-6.713080753909506,8.18154384265335,6.679535718818896,1.1943775099349185,1.110258487749749,10.310852736856102,7.615063247271836,-6.642085966928358,1.6972828244250504,23.917792697077857,9.901338095489166,-10.092115214020481,-10.912866763360007,10.28972214279278,-5.2153676708729835,8.971949280750536,-1.1500878865761122,-2.914490732397923,-10.453353269437937,-3.2500595618313532,6.375680337443623,8.613653571115076,2.214231244563991,-13.026116174743596,-8.129564893646302,0.5669448417902956,-4.681352125342908,-1.179254574104871,-3.5244353125653882,-0.5949914938815137,-1.8857544644011237,-6.2464808678202814,-7.868543032017639,1.049756677111291,-5.513606130605253,-4.524113327585699,-1.9202440146974142,4.480428718374196,-7.675670454744344,13.552751171942056,-2.3726365919684023,10.689786703033977,-5.009805196375005,-0.24130099993803222,-2.211485713957928,-5.946605398213434,1.2209157089392964,1.6148895698130161,-0.3393651619887361,-4.124100903155814,-3.670088809602623,-1.9331215480436703,3.192844678911877,-2.261243731592222,6.311717114229443,2.907913303381049,-3.2574454448241585,6.260609244288928,-3.2634008657029034,Actual adjusted month-end return from Yahoo/yfinance daily history,Market Table annual returns from the same adjusted daily history,"Sep 14, 2026 08:06:57 PM EDT"
BUD,Anheuser-Busch Inbev SA Sponsored ADR (Belgium),Consumer Staples,Stock,0.6719942804350731,-11.395411427839264,11.802679969599117,1.4022882260924963,1.6427575434561748,4.325796723718733,-1.701112412136585,-4.179540370987134,5.95018384387227,-12.114751247627375,-9.106295466167147,2.1012672892716022,-1.1191038897693906,5.016287194468472,0.24661284886828838,3.170537483619418,5.246583647230119,-5.634871240024941,9.33308842575471,-1.8978898105641573,0.7856669082155987,2.917012558501475,-5.261292834805431,-2.559165289387766,1.7210374239329695,-6.432853317365284,3.5411674886559386,-8.968532670096273,-4.110586603377997,7.661092876838405,0.9527522932244237,-8.346437349146886,-6.0710102918590465,-15.519008580756887,5.151481786121348,-14.387945165729398,16.152583841384917,2.2501206941632157,7.433491441196871,5.918752386290715,-7.299981190310156,8.73463236611196,14.088804091334062,-6.417107752198225,0.6878375081099009,-15.112985552812052,-0.6522792042241599,3.390038195840339,-8.21549205565788,-22.48341205086949,-24.413229169377903,5.439724131658985,0.7738509960371065,6.172141707353229,10.4056883981678,6.834468782077452,-7.343082260838585,-3.656275697721223,28.453106422993258,4.844028431503422,-10.327571575748607,-7.911946527219427,8.868876463487151,12.903745498778862,7.674378232357437,-4.9623904685324955,-12.53993327251508,-2.7468998095810826,-7.951019243174429,8.584608791278114,-8.98399389607636,8.668330702368543,4.161850132504208,-1.9660622294017993,-2.862685721570657,-4.345658721735579,-0.34656624436667505,-4.850083838219376,-0.7599597568146765,-9.675015870389325,-6.617048896146804,10.9388904445056,17.544908892326806,1.9527954509419798,0.4164003637163738,0.68005029758329,9.93409462813084,-2.6374943166865727,-16.730571009604688,6.217230841495791,1.022564774531931,-0.7155389252589406,-2.7948687325685118,2.83906227527686,10.65588206190946,2.6855392122461463,-4.456833901870105,-2.2189881062082195,0.6791449889977041,-1.842709375643392,7.277696178999982,-7.800855315284172,2.321576670040737,3.26050212132476,7.893875330699673,-10.438977016292373,-9.38183717622122,-6.933092709536737,-1.77751302663961,21.67548970081874,2.8743290034713986,6.903832211541294,8.96954601892428,-2.5109892783482968,-16.07975124325418,8.670025804407434,-4.882715375977575,2.16406225798087,1.0344784403349738,4.079319717627428,Actual adjusted month-end return from Yahoo/yfinance daily history,Market Table annual returns from the same adjusted daily history,"Sep 14, 2026 08:06:57 PM EDT"
SCCO,Southern Copper Corporation Common Stock,Basic Materials,Stock,-0.7657023542898767,-7.5283538426272,15.74765696108551,7.073270517119989,-12.045144603054702,3.5700541640277805,-3.669374592151997,-0.4625470456298464,1.8590499479850697,7.946736276186672,15.851253138875965,-2.710924690208616,20.100190578091826,-4.226921346463719,-2.100393834412717,-1.4488605285647216,-0.8152112224662944,-0.9439158721252561,13.600919619202756,3.8324430007957933,-2.309552865362685,8.02313412348088,-1.5418234031982392,12.841818143002381,2.318238162338404,9.314978935567009,2.7498289018049515,-2.528622542258352,-6.886446163345294,-4.131717011915237,5.312572466717147,-10.822364391683081,-1.1457574388155645,-11.126582378987537,-11.785203448194736,-8.094385846697305,9.262280637553921,8.703424921644377,11.429372646732293,-3.1754136686728884,-11.239770588583909,15.179387439407588,-7.876461543799618,-10.602126110595734,8.006307200067543,4.248465418870073,8.023900394462036,11.701258826131733,-11.299417366832365,-10.695325851844828,-15.354783676282901,15.198865587285336,12.563583180957538,9.559233963761482,9.90695258213934,11.011968018902962,-5.883600297496072,15.61740971494634,14.469616954852649,9.685025515606704,1.9809461406300466,8.320957507472304,-4.850711326850343,2.2690419715673205,1.39881971535607,-7.7717336301627356,2.052238015182728,-3.338943220867152,-10.305149746111708,6.857829245346214,-0.879854502429045,5.487169857276464,3.532671093806816,10.249892709425223,9.381772630760032,-17.95785682906287,1.5178218944593258,-19.375188980346046,-0.02008692210677676,-3.976219353474686,-4.737620840587542,4.750213214184673,31.149061427593306,-1.0324632751276153,24.54048086129339,-0.6712501577814889,3.4739942520508826,0.7606711137524647,-11.982654830633566,7.443463402613215,21.88460545121298,-6.6433150844663285,-6.657553295932295,-5.83080283259304,2.8381545546150466,19.658015570443332,-4.612521880978237,-0.517528085871577,31.7338597485876,9.528734741156185,1.6799488519820827,-9.179808060732054,-1.0488264884343734,-3.533434123528789,13.71409878097236,-5.290896305556769,-7.278994488987145,-9.187842773406253,0.5376825091170545,-2.2358425318836916,5.093889692380693,-4.215711114994425,3.270462139258523,11.285889548508354,-6.928940410779805,3.9217706320904044,26.298259910692924,14.370463576388781,-1.4799210101862914,6.447529479111913,Actual adjusted month-end return from Yahoo/yfinance daily history,Market Table annual returns from the same adjusted daily history,"Sep 14, 2026 08:06:57 PM EDT"
WDC,Western Digital Corporation Common Stock,Technology,Stock,-20.099908253513888,-9.274705551148255,9.6575878916606,-13.484354372806507,13.87325470896661,2.711315811654913,0.5289853970416925,-1.7680411744170677,26.35727292983141,-0.05128738152956336,8.93222240800946,7.504956661063789,17.336287160813548,-3.5745772186745794,8.019550991317859,7.924413997041402,1.1114563656194676,-1.0826613715484656,-3.9277716428194664,3.700666613339876,-1.5637303991785756,3.3217661244025143,-11.661272058209049,1.4763241691099882,11.882305374019019,-2.1802627589189383,6.5868586780928995,-14.609284741439144,5.990588542046149,-6.701026209972538,-9.378624504540767,-9.850327531186176,-6.639994222275824,-26.426392261226184,5.386603955987246,-17.432450511086785,21.693262789991618,11.802611809560016,-3.3887964356303146,6.367055736355098,-27.190931483604764,29.21895581252736,13.333324542946578,6.272051308974325,4.138282115623126,-12.628205032737705,-2.555664936118651,26.107705046350492,4.017783379881701,-15.175569795736955,-25.08999612614614,12.16628691217938,-3.7109252901849965,-0.49584192312598363,-2.378243053487872,-10.858472259468055,-4.867256520350793,3.2284654437849447,18.950434770511105,23.41799937780509,1.8775825996987683,21.442505077645112,-2.5974058651658805,5.8127430416234915,6.512809414365228,-5.396778014199743,-8.767744109145315,-2.6644101671824294,-10.696191276821187,-7.3529428943414405,10.613883979876238,12.742040915461871,-20.65634043299812,-1.5461941453758898,-2.532394032741847,6.888214449002916,14.358396123620754,-26.13280916718066,9.524872398836258,-13.930742896381554,-22.9768217732221,5.591403713236898,6.9246521645398795,-14.149667853047887,39.30270700117329,-12.445969520682231,-2.104981804328676,-8.574467210000014,12.456452939059858,-2.065597514835149,12.206707012437,5.733076020646188,1.4000036289962159,-12.00964322340764,20.32379786065286,8.404038155986449,9.318321511754647,3.8777420961112474,14.746923410563095,3.795434063613823,6.296761550924712,0.6375342040182197,-11.508513015588962,-2.17748072592322,4.116483765614687,-4.3637404971037626,11.759297058026652,-18.3038736184136,9.2235442326132,-0.6074291102343587,-17.371748216685013,8.483800859294298,17.53305907593219,24.363205114600596,22.972334785746607,2.09683494282098,49.61383985169683,25.112457981053282,8.734425746338825,5.558400915307304,Actual adjusted month-end return from Yahoo/yfinance daily history,Market Table annual returns from the same adjusted daily history,"Sep 14, 2026 08:06:57 PM EDT"
ETN,Eaton Corporation PLC Ordinary Shares,Technology,Stock,-2.9400644336600834,12.274787460848046,11.411524127504968,1.134921225792973,-1.7068111295361565,-3.082947888517751,6.161055236033652,5.878959634159697,-1.2473686661188865,-2.952365668170598,5.282414234872079,0.8720606563693112,5.500072302052228,1.6954128952293868,3.865626539572431,2.0094377082969572,3.102573527638053,0.5815623000924086,0.5396271499931826,-7.546921040463738,7.00945080324511,4.206306203044741,-2.0784941229515685,1.581370564478135,6.277730611304899,-3.8942503650275295,-0.16689203018417365,-6.106907002182793,2.9994127244312496,-2.402734238931048,11.27908917249314,-0.03606280752316282,4.318022469013583,-17.364258432702297,7.3531728963142085,-10.76164102166761,11.054456420973757,4.616419712552999,1.8839314340772573,2.8053525582355965,-9.271513756704653,11.800270279505698,-1.3088485708196762,-0.932752515605273,3.0104379793120417,5.61215507212065,6.18757493762907,2.400006969059598,-0.26395702403886334,-3.9694982741035667,-13.61542721673733,7.478419107243384,1.7725497970826565,3.03887831816525,6.458626026861736,10.417666625369225,-0.06854394399971042,1.7249692571719821,17.49751876560417,-0.8009310705320405,-2.0309640100400483,10.61171139112982,6.790524277997756,3.362772369086886,2.1635104670900462,2.0172222791168704,6.660827620514165,7.010501949877024,-11.315059377965452,10.347631151993752,-1.2088836348795318,6.639526985443944,-8.326600360060887,-2.613147352930545,-1.102567930487297,-4.441224536302569,-3.874015620366056,-9.098114276316993,17.77917069901904,-7.416122027239136,-2.4005079299656007,12.530027765808317,9.476392590809745,-3.976749950221703,3.351401707122026,7.841649083024671,-1.5689494296987516,-2.4629076298386843,5.793837331499163,14.326333148293147,2.09845643979909,12.646699201168165,-7.418495318174944,-2.5178269204546355,9.951181886556926,5.766611782454523,2.1841993819628813,17.441489498115036,8.532544466562841,1.7845792921117765,4.89706021015528,-5.798411967063444,-2.7937922351828237,1.0410024426807496,7.98554725808307,0.042220960193462,13.540138468158869,-11.600344453630685,-1.6361694612068045,-10.145820363672476,-6.987035432065126,8.291953480911562,9.15343009400611,11.48969249574565,7.767723879222266,-8.983992742834035,7.1919573445407,1.9532323170025734,-9.098166322364175,-7.915819958525272,Actual adjusted month-end return from Yahoo/yfinance daily history,Market Table annual returns from the same adjusted daily history,"Sep 14, 2026 08:06:57 PM EDT"
UBER,Uber Technologies Inc. Common Stock,Consumer Discretionary,Stock,,,,,,,,,,,,,,,,,,,,,,,,,,,,,,,,,,,,,,,,,,14.77357397487209,-9.141874904745661,-22.710013842987998,-6.447652444416329,3.3803764681874293,-6.0317448207310225,0.47297090487903315,22.024213835973793,-6.668509017885238,-17.567165760934145,8.416906787421684,19.986782773598666,-14.427312266373427,-2.638351662925098,11.136816965443641,8.47457146477224,-8.415569444483662,48.638132517856626,2.6983490872034777,-0.13725430357689472,1.610052405086848,5.33333008991923,0.47698063517964684,-7.193716621834511,-1.3968185591056614,-13.288108518245057,-9.940174380647104,14.460909391094766,-2.1874990154589713,-13.281605968408183,10.342106066252054,-10.80371749660517,-3.6631087986294886,-0.9714085095173686,-11.771302486032198,-26.302410736022097,-11.810351673969677,14.613889600493412,22.643920226793092,-7.858137033713453,0.26414979178950304,9.672562003547359,-15.133836444000403,25.070767803090654,7.533132859256786,-4.690311597471652,-2.050477950268137,22.1578139683283,13.814916481966133,14.570306190219174,-4.5086930519907975,-2.625445428303763,-5.892591433495831,30.268028323246597,9.20538937280031,6.009415245381633,21.801752855529276,-3.1572353914848694,-13.92388819086825,-2.58035185014841,12.577452065750826,-11.296091152999066,13.432597904052578,2.775887440084013,-4.13783988666756,-0.12491875568763078,-16.175652498250358,10.82559484803376,13.702324414645094,-4.144193444743305,11.185837850131719,3.8884106194463586,10.860264961898359,-5.948556130999238,6.8376068376068355,4.501334635416665,-1.5004605515841152,-9.28497314453125,-6.6598146790978525,Actual adjusted month-end return from Yahoo/yfinance daily history,Market Table annual returns from the same adjusted daily history,"Sep 14, 2026 08:06:57 PM EDT"
NOW,ServiceNow Inc. Common Stock,Technology,Stock,-28.130775232761096,-11.605852748612389,11.256591196210897,16.835562730195907,0.2098537187896099,-7.301413269959189,12.831329121128054,-3.0032021027678213,8.917018656950493,11.067598339606622,-5.414637310870695,-10.595304985979325,21.89938466583041,-4.082982502150035,0.6327582724276137,8.014178968923979,10.764185047541396,1.2900165018005394,4.1981101774499985,5.196924894672739,1.153281861679889,7.521482217418907,-2.6667713140020033,6.00812483984281,14.172870535653548,8.154764165958417,2.7575942411598886,0.41704589798998715,6.90381206818742,-2.8939809033171504,2.0235457530886514,11.593537908281636,-0.3717659167595144,-7.457954578914006,2.3365020633795197,-3.8970157360633917,23.57203275261952,8.826467430432539,2.9443698484699743,10.150508679175196,-3.5284089300533172,4.825716415358516,1.0270589667126462,-5.605826768134303,-3.0514810033277384,-2.5960228118443562,14.470601984256625,-0.2543827775804086,19.803773877579857,-3.5892754489174283,-12.116287138870696,22.667311634187335,10.351595859543949,4.4157484174016215,8.428375071397266,9.749548437798028,0.618232309382849,2.591752514396739,7.432123849589756,2.9707181407313987,-1.320780817110201,-1.7858479764954693,-6.251638440557839,1.251723482473488,-6.416257840593764,15.968180266742227,6.976616333442642,9.483061132746196,-3.320174749221161,12.131389335804244,-7.1743927187480905,0.21770337661684014,-9.756441426114081,-1.0003730820609236,-3.971239793043857,-14.148212248939739,-2.223383590897865,1.722028070465198,-6.069140909316628,-2.695559387011137,-13.11720578308152,11.421836138044728,-1.0552840953857445,-6.733128349486006,17.219978061093897,-5.044715597068472,7.531760972231005,-1.140469052127524,18.57994656003028,3.1553983903599425,3.7421938776133645,1.0000003271610103,-5.072770648799141,4.095107822729593,17.855110215802974,3.0259349802534086,8.338403469679513,0.7760671059765079,-1.1590281725971652,-9.059546004980124,-5.250024346321891,19.749438854572322,3.5237179252802786,4.986550498094822,4.607021041780879,4.315791188718809,12.48137299821317,1.0176863765174238,-3.9372934764186684,-8.702055946497289,-14.371450492551219,19.955034735432097,5.872191643272107,1.6803622606018864,-8.2639505760561,-2.7207506563437844,0.30736781321296647,-0.10866092303835062,-11.625406759808776,-5.7187826926435985,Actual adjusted month-end return from Yahoo/yfinance daily history,Market Table annual returns from the same adjusted daily history,"Sep 14, 2026 08:06:57 PM EDT"
SONY,Sony Group Corporation American Depositary Shares,Consumer Staples,Stock,-2.966280936540755,-11.557796713401459,22.21216658457468,-6.298616011429048,15.60166524320763,5.3481753526684495,13.833052334613027,-3.741387500864468,3.5372346801730403,-5.66096117036391,-7.213528070287034,-3.5775864565527726,7.9914547424198235,2.2794672606102795,9.25304698879128,2.3421259331221966,6.08342249312408,4.287279734541016,7.541248085387231,-3.5062027518741212,-5.490978086182519,16.25604557097944,7.809246085115218,-3.9530008864997357,6.65186421810422,5.256562351537886,-3.9243758716002275,-5.192379186658225,2.749269631827911,8.855375215326777,5.384328426392582,5.201776127606106,6.95928575160869,-10.750211884898553,-2.4200963733086223,-8.595225591012879,3.8110991244719505,-4.249799863378422,-11.603606354815355,19.247155337215172,-4.705183569712501,9.145811434123141,8.532158651577614,0.08794466816079982,4.223697406337545,2.8750182662779844,4.3563940861011785,7.1203590928214044,3.205879157757874,-11.370770627226657,-4.49536454356606,8.567081371414865,0.7937631376946808,6.747990568285767,12.773046005963916,0.8722383349631047,-2.100513922814118,9.003257586908099,11.51088779417453,8.371730513470489,-5.331353709216302,10.552727743448266,0.4491363130192161,-5.518348676732677,-0.5491336447748796,-2.3993432781210133,7.282455800917176,-0.8053698195109593,7.126957719440052,4.711545424899466,5.233608093707742,3.7340894087036114,-11.661393503978024,-8.176616188550634,0.4308798903754463,-16.22042689805989,9.320153085885408,-13.075354106828351,4.4270250191027705,-7.073409559432353,-18.969590182009654,5.339590456855148,23.121370469180214,-8.173830511954904,17.278444484184607,-6.572774886693389,8.813136133016286,-1.0810745142805556,4.494252866133475,-3.906082546809697,3.95379429390621,-11.1217896816317,-0.6101322220230077,0.7766063319762484,3.4918655188149073,10.168701854381723,3.23159749874522,-12.214829978783982,0.25019762335820595,-3.697215710911461,-0.278552373762031,3.169777719762812,4.284877360617756,10.125283880566771,-0.6718181446180527,-8.874377763336849,13.920444264526498,5.536159477292268,4.017018196359712,13.766473770233102,1.6814440159660382,2.4025231390917723,1.4615352337177034,-1.326756956996522,-6.5693467027013615,13.157898039038528,4.6148271680184205,-3.1260906469562033,5.234854871897832,-12.776831179762372,Actual adjusted month-end return from Yahoo/yfinance daily history,Market Table annual returns from the same adjusted daily history,"Sep 14, 2026 08:06:57 PM EDT"
DHR,Danaher Corporation Common Stock,Industrials,Stock,-6.70759014375909,3.023657998540097,6.441425368404796,1.9924038542287192,1.6640966449987138,2.8513448523263873,65.4380344042546,-0.03685504778477844,-3.554285561712689,0.20410218397641788,-0.48378698867868053,-0.26400674158213455,7.810919746064493,1.9423286040157972,0.139847432065765,-2.572172658173799,1.9320919844780127,-0.48294548357049605,-3.43635953793886,2.368404866888474,2.9977551462229135,7.565860200273455,2.2650765509864,-1.4846370403798326,9.114467540256555,-3.455783110644095,0.2979400514562913,2.4614670897042723,-1.0366713253153192,-0.4420810979638645,3.9521912090696,0.9358443979901709,5.099365409502954,-8.521993089680757,10.201183687051785,-5.709931179724914,7.563990549960353,14.514975489656411,4.072770744562404,0.31811536855470557,-0.32467484457884277,8.395298690994668,-1.6932436044801213,1.1316713313388682,1.7670277136403234,-4.576635541716412,5.920790310736956,5.254354284916141,4.814970053096879,-10.126175624647093,-4.134095981177344,18.09838582791057,1.9270894695182283,6.245615631993928,15.251930241477352,1.3101247443421782,4.383427830929154,6.599160428457407,-2.1390447246192212,-1.0277254762768973,7.067612744709328,-7.639602954825275,2.5609202310003853,12.822108795337627,0.8663373476774483,4.8528125950983325,10.854797955401008,8.965019149096886,-6.018470608219461,2.4076853818514543,3.165789152639964,2.3578630303871195,-13.13639806442094,-3.9819333597732265,6.98827432152862,-14.3865105907514,5.0531577558383,-3.8064045317071415,14.969274578257053,-7.396990801056935,-4.215196229357443,-2.563014207143577,8.638286646669723,-2.8286858271425297,-0.3918407790089007,-6.373401094549114,1.93321010149472,-6.003001365072413,-3.077109063766026,4.640846182101432,6.275001705169458,3.8971172896724138,-6.37735969721458,-12.58914527375331,16.295160574429612,3.702781212822215,3.7045035077680755,5.514575219332185,-1.2437214718718614,-1.241383411549568,4.127805013899621,-2.6019261162494645,10.898516707190641,-2.8042167818011166,3.334928432820483,-11.639450817463837,-2.430180630959411,-4.1185416491027915,-2.966664828397092,-6.725330233506044,-1.177955274837672,-2.7658466480835475,-4.730862150824278,4.188666912967265,-0.1923637632144537,4.392376005461207,-3.5029475337939098,8.635139359415778,5.29295421203877,1.083394369556423,Actual adjusted month-end return from Yahoo/yfinance daily history,Market Table annual returns from the same adjusted daily history,"Sep 14, 2026 08:06:57 PM EDT"
MFG,Mizuho Financial Group Inc. Sponosred ADR (Japan),Finance,Stock,-18.564362265170796,-10.942238288257178,0.34129062974181945,0.6802684395694314,4.729730738542326,-8.064518969441437,11.929824753436801,8.7774396601906,-3.170037821543803,-0.2976135902314381,7.462681239299229,-0.2777799040353357,2.506968548642474,1.9021742969711042,-1.5999983362235626,-0.2710047720145159,-4.891299279981531,4.857149945169659,-2.724801932496501,-4.481790248980255,4.105572339353025,3.380285217538015,-0.817444829858549,0.0,6.868126727535628,-4.6272511955552815,-0.2695438376786541,-1.6216129624488929,-3.571427041022057,-3.4188070270552484,1.4749374511798585,2.9069607072681247,-1.12993744535409,-1.714276419208649,-4.651174917243839,-8.536578986580102,5.666666060081571,-1.8927505589453553,-1.607712553202978,2.614381861303894,-12.101910933492244,4.347821172683486,-1.3888903933163,3.1690198539161107,4.778157541656958,1.9543951875135468,-0.31949953820904486,-0.9615291679151095,-2.9126181736773504,-11.66665930099039,-10.282676156469117,1.2987048488130037,6.410262914429632,-0.803225113720818,1.2145884783131056,9.599994907920252,-6.934306670274126,-2.745095475509418,3.225794624089806,-0.3906162126151913,5.490190951018836,10.408931497330975,-2.0201988417566374,0.0,7.560131103760437,-8.945686514229001,0.701747389196794,-3.1358882564233137,2.158270178411059,-8.098587196354124,-6.1302557778923354,4.081622553936848,6.6666646856209155,-2.573527056086411,-3.0188759812981636,-7.003880840019505,-2.510466883895368,-3.8626605720004537,8.928584315476584,-6.147546541321858,-3.4934479995455736,-2.2624493861882367,14.351843677108223,14.979757540431237,11.267618911840671,-0.31646452407266823,-10.476186963315515,3.191497937415222,0.3436348266735889,5.136982776152088,12.052117076246605,-4.651153399077934,4.573167303951831,0.2915385984511909,-0.5813895857978313,0.5847894909973173,5.813961940829859,3.296698111440044,7.717455443224641,-2.763821163815927,5.943150615216397,3.170734202674974,9.219847585709706,-9.956707770520556,2.7091187998241173,1.1961824217404882,20.09455930932509,-3.7401641609648983,12.065446902998067,2.9197025308064672,-0.5006522178463535,-8.348457695805255,10.099004609551576,0.0,6.115110720988937,11.864403355090847,1.5151500920837613,0.44776433824467166,5.497769457807822,3.098595351885347,Actual adjusted month-end return from Yahoo/yfinance daily history,Market Table annual returns from the same adjusted daily history,"Sep 14, 2026 08:06:57 PM EDT"
TJX,TJX Companies Inc. (The) Common Stock,Consumer Discretionary,Stock,0.46537979164078536,4.336720940891703,5.735503724952129,-3.229113049900878,0.7324235643425325,1.4582206530144637,5.813756141185333,-4.934384010699522,-3.434931434284205,-1.377393238940483,6.601703002843262,-4.097498778134579,-0.2795332089851388,5.07436523460294,0.8030706013049782,-0.55645778950002,-3.978773022272619,-4.042000777749443,-2.5772242524395583,3.287726795510948,1.9778528049203992,-5.3302366766202365,8.736131070777308,1.2044710336345243,5.048385313325965,3.3665167828986986,-1.3546618400726684,4.03386073450267,6.933946746476605,5.38082443577641,2.1853965426149813,13.506326401945689,1.864134023089159,-1.910394367410262,-10.761051005305788,-8.413507823373568,11.15334059455999,3.54278560563559,3.743398470153414,3.1385526718698875,-7.961123459464703,5.150127214573641,3.176993049970611,1.1861512806063956,1.4007537755282407,3.42663347074188,6.455695266797523,-0.11450136388627685,-3.3082133021412274,1.661590905005772,-20.05017185037473,2.59362217827388,7.563705163861578,-4.169816747795996,2.828328802397917,5.3856438815886865,1.569630150508572,-8.715188899638605,25.01967868968493,7.526368557806351,-6.223461645182193,3.43471139960676,0.2424960796258535,7.331779884123235,-4.52850546875082,-0.17769642905132166,2.061730744236767,6.068374953898581,-9.268412040653418,-0.7426686087145362,6.366109116857666,9.394795606262862,-5.202847912713149,-7.815918102463659,-8.350985354087904,1.1554864288851663,4.284350125860259,-12.14409082617145,9.507608643247622,2.4276250185539583,-0.3688770180051648,16.0657006706344,11.486392975265458,-0.5621791835973,2.839221058062069,-6.078704159480819,2.2976878733412587,0.5870316822591093,-2.1609442968012593,10.418058222001125,2.052105831558837,7.288880765765149,-3.8927301804168035,-0.9113378554674201,0.4137833010934511,6.46920330204348,1.1725859320355525,4.8131490194445625,2.2997679972179608,-7.227375198111641,9.992403741236977,6.78952905179413,2.6521380392083183,4.118333590221046,0.23023600874638728,-3.836988098765759,11.545899117519575,-3.8825700368777416,3.294433593970547,0.2782185764999223,-2.372556502597112,5.648592527628149,-1.0629027205946384,-2.687156507976718,0.8421795666908816,10.049262959241423,5.804829257058519,-3.0441321260326837,8.718858268393426,1.1124297400924466,Actual adjusted month-end return from Yahoo/yfinance daily history,Market Table annual returns from the same adjusted daily history,"Sep 14, 2026 08:06:57 PM EDT"
UL,Unilever PLC American Depositary Shares (each representing One Ordinary Share),Consumer Discretionary,Stock,2.6669889523170953,-2.547281497890863,5.511445836171891,0.09096814725855218,1.5603713729342328,5.158068519394621,-2.2959803277364577,0.0034066360246720606,2.023227351347856,-11.34475065551005,-4.0556697050268875,1.8008683115783963,1.0073761854583863,16.45615171842012,3.917486985335894,4.05351268403582,9.143549982056044,-2.6968570338960163,5.303022639751598,2.890381870691283,-0.42949169444731483,-2.26016521289375,0.4544974877599417,-2.018422992013169,2.041905116215137,-7.854731760220323,7.674449902429181,0.7379285346045705,-0.3450468666051476,0.0,3.1295426173749252,0.5534085159253799,-3.340968727172877,-3.6201252911364556,3.34849577543177,-3.757612913849362,0.6698553505545046,2.0210451076648095,8.435072242599562,5.336105509776612,0.9584409556552265,1.7402819404991332,-2.9853245826663932,5.908355880172489,-4.874975219655298,0.7737959433935737,-1.0314521611602623,-3.899798667900245,4.547804856667281,-9.085300798094343,-6.230319310200539,2.570720993104758,5.106090469249658,1.5356249310380266,10.20406611614677,-0.727081453067413,3.5246692520690015,-7.091034684125752,7.443248544215519,-1.1464061039133555,-3.346585534072022,-9.911088477774532,7.241643569939926,5.176436339960078,3.0064172901685504,-2.4512355039845835,-1.6581148173418714,-2.359956778354677,-2.622121219526574,-1.1803932151852936,-4.212789898708868,5.78171266426486,-4.461792595996073,-1.2473755471640202,-9.34949726752954,1.51415030474229,5.5637647937610835,-5.172783850488649,6.175013702428189,-5.883099643844158,-3.414835909431302,3.8093051941097134,11.6708925432204,-0.05953393434257048,1.489564029144308,-1.411019883869069,4.005612702280126,6.932415614014298,-9.275236258859575,4.3852615528148675,3.0692454289657167,-4.184526654973519,-3.1752244592367362,-4.149795595407779,1.694061842333161,1.6352379620471424,0.4331614669812689,1.4824990615597056,2.4913363331878324,3.3074342566132398,6.484318250237142,0.43836965233752245,11.656660529019858,6.347081929814413,0.2623732936338996,-6.234590174799215,-0.9658795386824792,-5.247329223114883,1.1992905360594275,-0.5368127515849697,5.212039675527724,6.71701987372304,1.3082154354004505,-4.182340762721037,-4.4792997987248455,9.088597811557285,-6.2025292163950585,1.5350881342558464,1.5414291403253788,-4.150516427218132,Actual adjusted month-end return from Yahoo/yfinance daily history,Market Table annual returns from the same adjusted daily history,"Sep 14, 2026 08:06:57 PM EDT"
PBR,Petroleo Brasileiro S.A. Petrobras ADS,Energy,Stock,-19.302304461546104,3.7463736413628546,62.222257510941084,32.020504770801914,-26.977923014820337,27.175843641447493,21.22903060059911,5.299539706110812,2.0787408237957328,25.08040283052564,-6.855171195578958,-6.991707602217967,1.4836596616786935,-1.7543710145017766,-3.8690710513041515,-7.01755314446374,-5.8823200090620364,-5.778337099967756,10.262825124932107,1.9296258914089703,11.803999588449198,6.075730680242719,-8.732373975439033,5.864170809126046,29.834793504748824,5.0898204346428555,0.7122493133669527,-0.3535882629934206,-15.678340964386884,-15.430024124427222,16.949141764398014,-7.11352834225295,11.039565227236992,34.63131031006792,-10.06833100809439,-10.463728227827362,25.288247871670055,-3.5582874598870107,1.2722684039913057,-4.334180931406884,-4.90883237818982,7.900206657365394,-3.3397360140776544,-9.966820602200388,6.789696579444637,12.232200425379315,-8.733299760049762,8.214487058766373,-11.480526836035043,-14.2452107637832,-54.54546197738719,25.636382902413523,10.419685315344363,8.387946226773035,5.826742802280882,-5.767007559752679,-12.851921041347447,-6.882019926757065,44.34390458352597,17.345851332757345,-10.507553606928843,-21.094533984869322,6.935698911864496,3.4861033603948988,20.400956454626385,19.78450252355084,-12.755516265916867,7.58521334304616,-4.6125341781730445,-5.029021791620636,8.655817392858278,15.655704057459241,21.58473292823111,7.041196879907052,3.5689228276381213,-0.7285992287622944,12.43540702632564,-15.850137869480452,22.26029046994058,20.804554080288607,-13.645919683116547,3.8897997278626972,2.881673219207226,-8.89650776536911,8.920209068948214,-4.396557937007495,-5.95131888422581,13.211757884461072,8.662918153065569,26.762437177856402,6.146065248035204,-0.8788352800515709,6.6903977599948705,0.06671272488101287,5.445698957709766,4.584145091334291,6.887903852557775,-3.222010744011472,-7.929776983804215,14.499286859240112,-4.661945353062391,-4.242001304315568,-1.518279935784117,9.61959920062081,-5.384116623637148,-6.662037407089749,6.171013996310015,-3.0098231592816993,10.49767058962907,-6.05208268015327,7.4157239706745814,-19.442452274215672,2.214341166358036,11.483262983120479,1.8385170055295275,-0.6791161193565043,2.096776238429676,-8.056875502020656,7.731959864450499,-5.502390427277614,Actual adjusted month-end return from Yahoo/yfinance daily history,Market Table annual returns from the same adjusted daily history,"Sep 14, 2026 08:06:57 PM EDT"
ISRG,Intuitive Surgical Inc. Common Stock,Health Care,Stock,-0.972242817997393,4.106498166300376,6.74706107707348,4.210968849336116,1.3330915742539196,4.20664643364288,5.193449122816851,-1.342410971011887,5.595697627100749,-7.277572725235126,-4.2167584094360056,-1.486622657382397,9.227806669070372,6.396799612689463,3.9986434791034364,9.054499124212722,9.428501321628534,2.261993531563311,0.30897102423061984,7.077989947895258,4.10184363711692,7.668189518315427,6.505747747417057,-8.714788762633074,18.285196273667758,-1.2092608941169036,-3.193804770360309,6.7703405334577305,4.285581057029275,4.092068987906772,6.2092474041035794,10.195008278100959,2.4999944823130393,-9.202086796300978,1.8592400005937426,-9.785822786381893,9.337673543157932,4.577575663798439,4.1945884728752825,-10.506847040116297,-8.965401071441093,12.842858694550753,-0.9608280674441083,-1.5726324799413938,5.5911909276602945,2.411421632866473,7.224884197256198,-0.29515681552131356,-5.306604860247532,-4.612530268229809,-7.257092310760116,3.1643105379279834,13.535469874405305,-1.758534423901481,20.28850768380719,6.623481959827471,-2.9144509175223043,-5.984159624901409,8.840017059430426,12.678197145617576,-8.61264320711419,-1.4498931421474293,0.29044507823918764,17.059573145019225,-2.6381580987598907,9.197561738960669,7.809578592006838,6.26349395399759,-5.638979516731646,8.976514741219743,-10.187469345522903,10.77880984454891,-20.907319139813662,2.1641192395626785,3.909346822048132,-20.677536176906465,-4.872546390894716,-11.830079400802285,14.677888729821209,-10.61389098063492,-8.894722738969618,31.492743283413937,9.70504049550236,-1.8639773186428177,-7.409083553757223,-6.634377829698279,11.369284581039851,17.908169171094237,2.1977276045281657,11.077185066649653,-5.129557355000447,-3.6128241187461163,-6.52103895627304,-10.287730146477902,18.541680608210132,8.531717065407495,12.111696005251016,1.9512465916645239,3.4984413954479043,-7.1337296053391785,8.499271602990532,10.626184100563218,-0.0539554341148607,10.800481571118903,-0.27607247947963875,2.558676004096183,7.573833744734726,-3.6974129201741257,9.56394758385757,0.22207797447126865,-13.588071548982006,4.145213567287276,7.084148880818963,-1.616767439755773,-11.468316719697992,-1.619241431794527,-5.508129617371593,19.464261380528857,7.336967324693577,-1.2415420519767406,Actual adjusted month-end return from Yahoo/yfinance daily history,Market Table annual returns from the same adjusted daily history,"Sep 14, 2026 08:06:57 PM EDT"
CB,Chubb Limited  Common Stock,Finance,Stock,-3.2349162985054303,2.1756521512351856,3.7162693557274196,-1.0826861956548695,7.424083832319495,3.826331491926238,-4.1695429358237,1.333199007687469,-0.46016899470524564,1.0744102685661394,0.7873800019263966,3.7583759208416057,-0.4768466173855068,5.080203015897733,-0.8940395385187427,0.7339618880655818,4.3278364999755015,2.029792869765079,0.7429085181887229,-3.4412469687871483,1.3059132797396122,5.801463004116614,0.8553319317444297,-3.4624395055639523,6.856879739270716,-9.113025131850671,-3.125669780154572,-0.8042662111324317,-3.6706546689641906,-2.245001991817208,9.998442067909874,-3.2064490694001524,-0.6655544577664929,-6.532455275972893,7.069103695256018,-2.8496315691506235,2.9957896605026457,0.6388466673783677,5.185402117361337,3.6550145520487964,0.5991591094248516,1.343801895350949,3.768073617362755,2.250745149183775,3.7898344713920062,-5.587244538124847,-0.616704482836139,3.260372345777496,-2.357723072708906,-4.579234622943917,-22.405277661608057,-3.2948224702370243,12.89695168976619,4.466202681495424,0.4896307488585716,-1.7604442243171925,-6.488954817567194,11.875682291720668,13.794111228431237,4.649121180918936,-5.359938943669218,11.608414168996672,-2.3965960702715616,8.621880919729774,-0.9324405761110266,-6.051679349511174,6.165877907374995,8.996063408482446,-5.261694305729881,12.62394536275313,-8.143110593346115,8.15769844065879,2.053686028306223,3.223869627651932,5.438117977463164,-3.4829555179631932,2.344411640023658,-6.572878827155293,-4.039085877207704,0.2173550230215593,-3.3776635345563966,18.149307817115744,2.187190149492335,0.8459815565724726,3.12328980975336,-7.239875907381455,-7.5709091712838354,3.8005798702331006,-7.81898546392158,4.112446199633801,6.153932662506323,-1.7318134419700204,4.065586793115994,3.0934883288396,6.900557122461448,-1.1189153416703013,8.407086595240699,2.7224493820019013,3.305626947593332,-4.0481632020880625,8.920544897798454,-5.485221580631894,8.068051434610668,3.0907571659016364,1.8025008593348657,-2.0631782141114385,2.227027512710511,-3.987792640771537,-1.5996975437206906,5.002192999207744,6.117902156823574,-5.268390201087881,3.887034835631331,-2.1888549407684588,-8.17340740991913,3.3942182764103546,2.610247079386685,-1.8813059345505256,6.947351261032364,5.381861353080097,Actual adjusted month-end return from Yahoo/yfinance daily history,Market Table annual returns from the same adjusted daily history,"Sep 14, 2026 08:06:57 PM EDT"
BKNG,Booking Holdings Inc. Common Stock,Consumer Discretionary,Stock,-16.469653668071395,18.802381650837894,1.8771645902264655,4.243750278825353,-5.90404024587955,-1.2591477685753305,8.202411740780601,4.880042132855089,3.865245140612106,0.18620188623539313,1.9976537068683298,-2.5018651714909246,7.439668955891188,9.459564241187435,3.2387088561778965,3.755697922409751,1.6390381769119111,-0.35003079022701833,8.445790565346423,-8.697069241060563,-1.1479069145675314,4.431892691363104,-9.00906789128253,-0.11325663846530887,10.030852510437915,6.3800972255864785,2.278671519385056,4.691923106848672,-3.1717231447368155,-3.8801767841014634,0.08042068814255732,-3.803876532891315,1.6627774710066268,-5.515120892938019,0.92288135805072,-8.95724367351396,6.409008556786744,-7.407746738456488,2.820791318234739,6.308622048671486,-10.71540936857155,13.19207070000903,0.6347924769779967,4.2298044875098695,-0.19326001838169127,4.390074044227554,-7.064737450548908,7.8622894394030585,-10.867036448527312,-7.368858830978442,-20.660970070994033,10.05335195548971,10.72897544818112,-2.8717268008699115,4.38286896052269,14.93983399296872,-10.45670257695781,-5.154651059932025,25.020004050752576,9.801589643129738,-12.703448649502569,19.759003113637984,0.057105156000214485,5.847608039370522,-4.238718757237281,-7.34515912833007,-0.4492508262381567,5.573721381429042,3.2265393862026093,1.9761013535810612,-13.17468150312907,14.148495193058475,2.371586150119187,-11.55800790319269,8.11139578299105,-5.88218372097451,1.5043096251681654,-22.043980060395295,10.67472973958119,-3.0934513401095765,-12.400003997133723,13.769997017454427,11.23148224934205,-3.0859124702248386,20.782223181630922,3.693364289718848,5.08754029784102,1.2781093924892906,-6.60907471863651,7.6356099332835825,10.016177587436026,4.5183293901402966,-0.6789088082509886,-9.545874115132902,12.049929251960666,13.48561250893452,-1.120596107059979,-1.1016535881928524,4.852763220508827,-4.847177695956462,9.395040923187858,5.144376637127257,-6.222156822351055,5.227977980281673,7.997944567543502,11.018926655550775,11.242561848342959,-4.3315310566640175,-4.646551337282356,5.877505439093422,-7.96774016805919,10.687640511996111,8.229594037076549,5.078946605857992,-4.9260266041379674,1.7258127718706717,-3.402089944590103,-5.955061451086396,-3.211079041100018,9.17424955097994,Actual adjusted month-end return from Yahoo/yfinance daily history,Market Table annual returns from the same adjusted daily history,"Sep 14, 2026 08:06:57 PM EDT"
VRTX,Vertex Pharmaceuticals Incorporated Common Stock,Health Care,Stock,-27.87888525834622,-5.796145604661673,-7.018364896395424,6.101394646447278,10.445821164958113,-7.6543261041510995,12.764477778921911,-2.5670081069788964,-7.724053419483901,-13.014560937132158,7.579752114074423,-9.729202771748447,16.560343261661004,5.531617384499343,20.66872120928678,8.184732238249492,4.480131264277709,4.263751381979031,17.808654517416358,5.743634265075559,-5.294630843076165,-3.821361362243403,-1.326678860759134,3.8602866334418673,11.350590175869101,-0.5033836893808985,-1.8370192580752676,-6.025274464877395,0.5484436653212521,10.363640723290391,2.9948200381397783,5.3413257250626955,4.522783011241027,-12.078446672101272,6.685935396778464,-8.341162194966634,15.207287385942369,-1.1314250802343273,-2.543047974441226,-8.13808179888974,-1.6570026763833567,10.350230451982645,-9.139496847726313,8.042257560894118,-5.888237891313719,15.381889883275047,13.43871743739764,-1.262684578019302,3.699477605122037,-1.3301053652804873,6.2134527718578525,5.568396793416253,14.63375595279568,0.8160877112271425,-6.307050295399563,2.617645263671875,-2.5078819584605783,-23.430837737365795,9.306008510678176,3.771677865155043,-3.0718433694381875,-7.215819210394303,1.100915692445703,1.5403218241868633,-4.385880934590358,-3.3552220851127856,-0.02479941008128872,-0.6399486720925052,-9.436314608830198,1.9515923138234692,1.0869030688542392,17.470847991641712,10.678504688742251,-5.361036254141549,13.4553501318875,4.694026111315419,-1.6726474283729975,4.891127841789777,-0.4897281099278228,0.4814400648638584,2.761214689681646,7.757128822351844,1.4102544540014028,-8.72945500947887,11.88448212109321,-10.154749903682148,8.53629062312773,8.14422289193153,-5.036246620142282,8.758536235249338,0.1221882502078886,-1.1352670833781886,-0.1722472612457726,4.13239648034216,-2.01595871096496,14.678283432879645,6.51035643065927,-2.9166123277550415,-0.6488521490978894,-6.028566689386383,15.918637297404725,2.9384646616643195,5.760368648592551,0.034296261461252975,-6.213076925538563,2.343688124358545,-1.6492302034383344,-13.976885051869392,14.646133270646121,3.922633892835492,1.0483750577781947,5.090547482145635,-13.238471483224979,0.7125946162310104,2.6212898899763193,-14.41329192271098,0.15856622479315519,8.66356638921053,1.8892257182068217,4.554784407002788,Actual adjusted month-end return from Yahoo/yfinance daily history,Market Table annual returns from the same adjusted daily history,"Sep 14, 2026 08:06:57 PM EDT"
BMY,Bristol-Myers Squibb Company Common Stock,Health Care,Stock,-9.63801767240977,-0.3700337540272547,3.762988850314808,12.993150071422988,-0.6650256524036724,3.1243973409857073,1.7130966616008436,-23.285640649128002,-6.046346419766113,-4.92799173730607,10.862291728651009,3.543616395118865,-15.324081284004688,15.358059181834749,-4.108639922400059,3.818858184624596,-3.7466549332333066,3.2808017841944315,2.830441705519604,6.291743533001681,5.390199070045387,-2.6769509718872153,2.4813353011386097,-3.022616031877723,2.824327420019257,5.750798535852475,-4.456181954694605,-17.054224602050184,0.939942167797625,5.169175577714835,6.930494886826688,3.0638333696951348,2.5268219352279297,-18.065801427966854,5.777632267488442,-2.768457858926876,-4.272537351483252,4.638430504032787,-7.646160318741114,-1.8242621317883123,-2.282991226781117,-0.044074792042836375,-1.2050353834009653,8.241365687164937,5.491993644188731,14.084008528072678,-0.7495228536549492,12.732730242686753,-1.2394175909865024,-6.179536273021913,-5.621353143992492,9.99871987696741,-1.7924570481930968,-1.5405357155655386,0.523049221534877,6.034782043417275,-3.0707328948493706,-2.3228570316844666,6.757891661800586,0.19998370770424323,-0.9672499549446267,-0.16280863385590427,3.7378479081452864,-1.1246678436990787,5.286768959834598,1.6737585008359535,2.321753586116815,-1.4881505040909238,-10.780484146661939,-1.3013293476683563,-8.16781240746154,16.25955520457749,4.985810092381859,5.825270269052729,7.133949271109308,3.06723175730812,0.23914277242422788,2.7632347028797355,-4.181811795070789,-8.633777573399382,5.459129773964855,9.804398224694477,3.6272059808452273,-10.376147092666743,1.771670511338308,-5.079122541063919,0.5075237239574371,-2.8717565454178917,-3.4895659054782535,-0.7604108484153049,-1.8881934750303198,-0.8683155729002356,-5.855622693546825,-10.315299174837833,-4.1723187484655755,3.90847475002436,-3.6500446589990077,3.8469073338018633,6.8571635264313535,-18.03224067277189,-6.4861095113016525,1.0708312355907301,16.260929466110774,5.025229299256551,3.5835841976356475,8.99552650787201,6.186140009616814,-4.491726280608699,5.376032517395224,1.1365420907443191,2.2978996177114963,-16.799268414029488,-3.824710157662159,-4.121784834331255,-5.203710065510148,8.935570573628059,-4.408643716246874,3.5547598963657556,6.794009911804522,9.634140124611212,Actual adjusted month-end return from Yahoo/yfinance daily history,Market Table annual returns from the same adjusted daily history,"Sep 14, 2026 08:06:57 PM EDT"
ACN,Accenture plc Class A Ordinary Shares (Ireland),Consumer Discretionary,Stock,0.9951624242754198,-5.00283253708913,15.100762682055358,-1.198988196148587,5.357812172305532,-4.774331955810974,-0.42368364720482,1.9413060525020898,6.2347898002028,-3.8641459284092683,2.744314544269555,-1.9257982188303213,-2.7832338495378806,7.578827499236951,-2.1388041176388595,2.2342707438064435,2.6133724549533888,-0.6346707953557407,4.15587312235608,1.5059626158314021,3.296124092689001,6.417984415612987,3.968820629988734,3.432223658847322,4.970937300671863,0.19288238166066396,-4.664292577630269,-0.6291592262168133,3.0026483582097807,5.040439564852206,-2.604077235102842,6.113092527950625,0.6683843349148955,-6.544902463607249,4.377647061393253,-14.290053565819495,8.892980672730456,5.099333516443472,9.071705788534556,4.637553087876567,-2.518172637603844,3.762566833435055,4.226844313096345,2.902697891474415,-2.936856689498768,-3.188652753205068,8.488821561311365,4.677905089251366,-2.168724246944509,-11.997453376195178,-9.5963458138682,13.944426096466845,8.871942960014323,6.497386939555749,5.068690324988201,6.739909687283063,-5.8100224504424425,-3.6420280105574188,14.835627343868163,4.8657404251074565,-7.068385454547787,3.7119682572525514,10.10364524466456,5.2913570345039185,-2.6933607671658977,4.4761380720995,8.06905831325997,5.943097580027024,-4.944146721177855,12.482869371581451,-0.38740736291406064,15.990487827615606,-14.486394994733953,-10.622764825752562,6.7116050901976365,-10.66798345785952,-0.632577956262026,-6.972456148949025,10.696685630074555,-5.812035757916756,-10.80221172613175,10.828797945704437,5.998587213709761,-11.328214524455849,5.00355583423524,-4.837856342405733,7.629426076751589,-1.546220080101146,9.144079793678749,0.869508299760624,2.8900625186928597,2.345489728115391,-5.145627317829959,-2.8614369316798394,12.13436638344585,5.334089252918206,4.0747598203424,2.9954857739167284,-7.51640944869526,-12.848695808794531,-6.187880540910706,7.481646957065036,9.445955139344143,3.4269030579174853,3.3718434739309355,-2.0528522385553805,5.089594281093679,-2.919657058009384,9.891111714773837,-9.468764515200078,-10.461974734220803,-3.6554998030634223,5.9067377139202515,-5.659365484512957,-10.189080492633106,-2.6694108028819885,-5.142900479057566,1.41930382025095,-0.039982263591398226,7.3199985049709815,Actual adjusted month-end return from Yahoo/yfinance daily history,Market Table annual returns from the same adjusted daily history,"Sep 14, 2026 08:06:57 PM EDT"
MNST,Monster Beverage Corporation,Consumer Staples,Stock,-9.351504261226463,-7.057690242671876,6.278885504092191,8.127158637355091,4.007765032848409,7.139999389648444,-0.04978261851018573,-4.195970052286024,-4.600689783696343,-1.6824552670181459,-6.990434422789682,-0.9162007763399038,-3.9242256934571618,-2.723004434182774,11.414091937705173,-1.7110615814610153,11.414720544851065,-1.740508394408602,6.179548462088835,5.819904634737849,-1.0211388354361972,4.850679285386028,8.182285238734988,0.9893134908200096,7.805344240711309,-7.122972572087605,-9.720687945779172,-3.8629594823267,-6.981818459250711,12.001562564428014,4.746948092355097,1.4495150370700038,-4.2864191764062864,-9.317090629563829,12.923371860453535,-17.52680802779002,16.294189879845568,11.512927951340357,-14.491617945559376,9.197501785736751,3.79194999008563,3.184612352515015,1.0026623394785217,-8.996437012467851,-1.0397082234394506,-3.3241478806847358,6.574022014058167,6.235372051596744,4.799369431434819,-6.291289373433095,-9.85419250266818,9.864918623066465,16.34040133379242,-3.6017297112861613,13.214084971776629,6.855245952206812,-4.364421220452019,-4.526181286217035,10.722213813757687,9.082336268583479,-6.1094304939331545,1.0480202850685405,3.818097282521604,6.542987104488462,-2.8645093470103244,-3.097484112576432,3.2512329176934918,3.4457167202242234,-8.95766925397783,-4.311608411692869,-1.4352955537683787,14.633566859468704,-9.70428946894918,-2.6752763631999965,-5.33175345810889,7.234040887251769,4.01494214420357,4.0170490252789515,7.464947169527458,-10.83115902232551,-2.1051477068958935,7.77369159084722,9.75245334037551,-1.2930214108134441,2.5115759700745643,-2.2290542409771463,6.151724032449812,3.6845060920385198,4.678569521222786,-2.01296541568845,0.08705266879056595,-0.1391578165228169,-7.768679840318271,-3.493866406349899,7.925642216621354,4.460560319872897,-4.495747483332801,7.415481611072416,0.30456905215421326,-9.834679717290262,-2.8624931190927017,-3.794294059093717,3.003002957134937,-8.396500740066081,10.693819195009047,0.977577447058553,4.650722757681414,-4.661708044679491,-7.324966111539688,12.194626469003067,7.081425112224693,2.7341053684301952,6.370595307884219,-2.048477494389944,-6.210088485874532,6.229786974318485,7.851302232273327,-0.7131120857956086,12.210079020113152,2.240299177268623,Actual adjusted month-end return from Yahoo/yfinance daily history,Market Table annual returns from the same adjusted daily history,"Sep 14, 2026 08:06:57 PM EDT"
NEM,Newmont Corporation,Basic Materials,Stock,10.950538415200462,29.408797320208492,3.0006607732799395,31.565090758496297,-7.320545073858764,20.78867209315407,12.474464565913546,-13.090931495124636,2.809533711900958,-5.726664016983484,-12.419009347263788,5.181753401154143,6.486643857419083,-5.622944617561498,-3.5922867656934643,2.5788928358009278,1.005630387234957,-5.0133983725284885,14.75762897907793,3.147714367277832,-1.973158068819325,-3.5989882092435033,2.2953404636204544,1.6456018027425579,7.9690220934170775,-5.7022612949002465,2.6473593842739174,0.5631209154400851,-0.9162264062939629,-2.780791774961011,-2.731369522661775,-15.40349729003645,-2.2127873334501946,2.3840723491788562,4.592518810467738,7.588610038638577,-1.5584453426694012,0.029327589100436313,5.26302749669072,-11.002183625428186,6.535724074140714,16.734330513217778,-5.06891669644336,9.227837929164284,-4.588484576858853,4.773173736694125,-3.3476160017975043,13.5547896086061,3.705390602054104,-0.9542736836290366,1.742821332362765,31.360443140497285,-1.6980498987560155,6.046027146944155,12.082898185388924,-2.7745441058804055,-5.332804002207903,-0.9613728199002081,-6.397199912389229,2.5026737194328685,-0.48422862016725965,-8.758368044130505,11.914865331752921,3.5506795592366913,17.737565005642608,-13.098919284535205,-0.883567537544172,-7.688637203003812,-5.471079707042015,-0.5524750974657322,1.7036795824585393,14.04022097256239,-1.3705421298248477,8.222983325451994,20.871694979047618,-8.3071242369675,-6.863412370032796,-11.337296341311786,-24.115971394218818,-8.657231772530693,2.977799912778911,0.6900104896349069,12.169187865355457,0.6055046099537442,12.139834980869392,-17.608157774193643,13.473387430171059,-3.304765920231967,-13.59601142199207,5.2034531039253595,0.6094814090412903,-8.154696281887563,-5.290497020364082,1.407321458026245,8.327197709328683,2.9857986770497336,-16.622355956836742,-9.446541328299418,15.592763586970793,13.39286891356226,3.198814253113702,0.43246273711678995,17.19610145360324,8.803743278948284,0.5996814640383041,-14.985960754188676,-7.153072644627323,-11.254173573165128,14.777013190030308,0.2808854751692458,13.367470507062261,9.113524345262114,0.5444378396013416,10.508348486262985,6.591140576800147,19.806776147906625,13.696758103909424,-3.96155643110907,12.379502018397059,10.051803078902166,Actual adjusted month-end return from Yahoo/yfinance daily history,Market Table annual returns from the same adjusted daily history,"Sep 14, 2026 08:06:57 PM EDT"
PGR,Progressive Corporation (The) Common Stock,Finance,Stock,-1.7295257707496514,5.131411330902758,10.087718848537985,-7.228249714048873,2.147248028790094,0.6006148812140566,-2.9552497642485687,0.15382767536753494,-3.255536315391272,0.03172960050434881,5.680745186979874,6.6066200471839975,5.464739976791377,6.586164786017368,0.0,1.37828796786843,6.822751516028025,3.9123105185223883,6.894980814292073,-1.3791602398056102,4.173845935236398,0.47503190566133835,9.311396056529464,5.904466930746222,-3.94178500664778,8.692790031671894,5.818002762899144,-1.0504029264334247,2.985577109523674,-4.735055414535838,1.4539146973421957,12.531251172183634,5.19768854943381,-1.8862524615358534,-4.892399723415175,-8.990776647805665,11.536540134819951,12.541666291983278,-1.111110045739594,8.554817066363762,1.4459540523072523,0.8198540939817978,1.4364245242813878,-6.396665940034351,1.9129206178352343,-9.653618728440183,4.8063168393107425,-0.9034874117192393,15.03829946637425,-9.332021527849466,0.9294596156590229,4.823844560765189,0.4916095628530792,3.1281939906313116,12.912448601618642,5.202592571552733,-0.38932574739243275,-2.824723399706286,-5.212143365394817,13.511618962799199,-7.5160397733262325,-1.4221689666926607,11.239078590403317,5.474569984493072,-1.6477905614530886,-0.8780938598995869,-3.0075444811647034,1.239993002764117,-6.1760410386455415,5.082501301023412,-2.0446648698247305,12.079494614458742,5.957825805782613,-2.5124079892423823,7.6087901383600665,-5.733777377846372,11.195969523710225,-2.6051351835836067,-0.9561306012309978,6.596570887065045,-5.250711214978665,10.580022906067965,2.92052818125228,-1.84634762012732,5.199241777240826,5.258547924290302,-0.32051916720228224,-4.58926825072915,-6.224331389848114,3.4868135654958943,-4.754892300574376,5.945390607003143,4.368000547302353,13.570364396388058,3.757323721826089,-2.8957906681167045,12.472554845537909,6.345019182382261,9.105305259589214,0.7393938888114127,1.4069526074887095,-1.6431425511750808,3.1348913051638894,17.784415032669877,0.618562191372285,-4.269598972002897,10.727661739866745,-10.885882132540093,4.830082649407541,14.429482902066448,0.35816167815365674,-0.41334537731685383,1.1322405597478546,-6.341912278613771,-9.265549340335443,2.0740376104954494,-0.04452252860337458,-16.54844417596634,11.063093575344652,-0.46766209280313387,Actual adjusted month-end return from Yahoo/yfinance daily history,Market Table annual returns from the same adjusted daily history,"Sep 14, 2026 08:06:57 PM EDT"
PLD,Prologis Inc. Common Stock,Real Estate,Stock,-8.038218942960807,-2.5589481307177753,16.023245427807264,2.784076611082731,4.668588992203504,4.062429490185893,11.113357275123237,-2.5325864149974397,1.6385139678680272,-2.577487927365807,-2.4156309304561474,4.561595737224944,-7.463548616288995,4.503623641580745,2.5391508185121703,4.876622318849777,2.0768297841823324,6.4010424953081735,3.700550503128963,4.193373876870576,0.8373874643594847,1.7649052007651989,2.554971416062224,-1.942401691898199,0.930080893710028,-6.803857366016707,4.599141191877387,3.048112077953058,-0.8627472493836441,2.8358566594547385,-0.10657710399492037,2.3773335166688447,1.629744193047089,-4.89747565339389,4.451678930377367,-12.15008597950077,17.779305659921164,1.3013562903005926,3.4551848480267155,6.560149379939295,-3.9128795336920597,9.46405620086428,0.6367102456323215,3.7340682385395896,2.548504224033721,2.9804888993405276,4.318588479919683,-2.037761760674406,4.195645134879911,-9.259256524105297,-3.8446171345134172,11.024003344023402,2.5439927611589974,2.6301609445697594,12.95403160448525,-3.3769584329817026,-0.6564812456559488,-1.4112630236171042,0.8568819864944954,0.19215799366592012,3.5520884207597136,-4.001944586201212,7.659346916233178,9.933969875839367,1.1241745561475947,1.9432295851467885,7.119525062734056,5.17026593649621,-6.411945160148935,15.570495364973391,3.994141946119756,12.125661531573218,-6.854363862250235,-6.995285131452588,11.285242537320128,-0.7369272670085469,-20.46914087911633,-7.04741881957347,12.673188884608022,-6.072734790579126,-17.881451752907186,9.005891058459593,6.356651864916052,-3.65396944248243,14.681107790878212,-4.54826534943037,1.8485459435992002,0.3847068994529579,-0.5588929373733675,-0.8359397684531089,1.7287822155720223,-0.4408828829131961,-9.017124311103263,-10.213004050360064,14.07445605521227,16.724219972929166,-4.958739213596896,5.193763429934384,-1.5658333171204686,-21.632626900440034,8.270451073832419,2.5237118244909817,12.23399394056024,1.4042054565108542,-0.46971273554681225,-10.563823134149064,3.4000338487214288,-8.699220344362345,12.819299406339212,3.9161459972811397,-8.985322147087471,-8.578584966846513,6.262238350133265,-2.2804731652508847,1.5791553561040228,6.555533303311245,1.5479324280300188,8.356614283874642,3.57804280447076,0.09687455792517508,Actual adjusted month-end return from Yahoo/yfinance daily history,Market Table annual returns from the same adjusted daily history,"Sep 14, 2026 08:06:57 PM EDT"
COF,Capital One Financial Corporation Common Stock,Finance,Stock,-9.088370414251756,0.8155295773403237,5.446499911334057,4.443840340857608,1.7527118706674782,-13.285078950518326,5.621153935098344,7.383706106144494,0.32119394905252285,3.0767214653502517,14.13298648679644,3.8076985574930777,0.17193943814275414,7.896599596747489,-7.671004773616263,-7.246707140960096,-3.833543593123756,7.410278085479671,4.30891136110938,-7.190481470039134,6.343436964671323,8.882605997496661,0.2598872698032384,8.239134789437475,4.398461644460205,-5.388035688142379,-2.154600602882617,-5.42684689777948,4.179529340336097,-2.234067187484079,2.6333134664259905,5.497862403579434,-4.198192772148346,-5.930665269425139,0.8711787140802008,-15.711441917054913,6.614643020518751,4.237705532993918,-2.261264657550155,13.636890810329483,-7.085541373962778,5.671366818789236,1.8514749601991953,-5.86329571578238,5.033482753941643,2.495064719601281,7.6902274964554485,2.899706012427039,-3.0220530374436394,-11.220087647074816,-42.87333697933321,28.44112988161229,5.760401416693561,-8.010007282198151,1.9332316113584769,8.36801161253684,4.099673819578498,1.697758173785524,17.33574436298806,15.425035540363897,5.472910831763711,15.672065573409387,5.857380620520414,17.173633592782522,8.124843012068528,-3.787770504883281,4.531643698720655,3.401045855962881,-2.4100689377102857,-6.754376381009286,-6.595625805961891,3.244889849816257,1.1303450962490524,4.856583090896183,-14.340726641511747,-5.08033347446315,3.1420239962192786,-18.512426390398584,5.413180934024919,-3.107216523255596,-12.89925773412599,15.026563130559346,-2.0429194521450866,-9.95736071949307,28.01204237096837,-7.882421671825901,-11.84452339590224,1.1855277328583602,7.841897887854432,4.951535671346496,6.994603441866887,-12.034718362002106,-5.215352137895057,4.368883269439272,10.874600315999384,17.427906973434304,3.2031850471449186,2.1449770245625333,8.197070757508351,-3.667137202095183,-3.6380180681439334,0.5957881807374443,9.35356130118674,-2.518579213591654,1.9056780274470553,8.722350383201437,18.332191101420857,-7.12983345227951,14.238445172318649,-1.2581593555954895,-10.595860745605512,0.5353988301815882,5.266734260186046,12.48215559287955,1.0528329914254009,5.971316473911981,-6.4430912287165025,3.48575203684216,-0.03948126478390268,10.63131412425986,Actual adjusted month-end return from Yahoo/yfinance daily history,Market Table annual returns from the same adjusted daily history,"Sep 14, 2026 08:06:57 PM EDT"
FTNT,Fortinet Inc. Common Stock,Technology,Stock,-9.720891937872567,0.9239525192855202,7.852114659527776,6.13777231422401,5.229162721747249,-7.658581807400999,9.813238020239702,4.179878256013159,2.185943397688983,-13.187110160937376,-6.113540040599574,0.06644828792092827,10.424962899473812,12.29705120085618,2.6773800765684364,1.6949167294367573,0.87179279640901,-4.829691318848672,-1.415597593245932,3.4949864273876807,-6.178005935624109,9.960933680122363,6.724178317980822,3.8754187488613256,5.378808326194595,9.62206409586126,6.162073995075357,3.32213474966494,10.513010824531243,2.0431513464609363,0.7688588598680823,33.14259341358336,10.159978403422198,-10.935296398187077,-10.148461251557638,-4.618087911364077,8.717873410604927,13.34726168620004,-3.249217550816208,11.25401523902676,-22.41489896125859,6.001654719641736,4.529481265351909,-1.407046621147745,-3.05632857078334,6.253257056782946,28.87444216016817,1.5697837207036214,8.055457467562244,-11.529125300616972,-0.8720429065592672,6.49402556058416,29.19992444251125,-1.3864930942881104,0.7503437416782832,-4.548081804431803,-10.756761255321745,-6.315256991790196,11.651719547334327,20.530712832665788,-2.544935795366521,16.649394016578324,9.22119742633889,10.741790266316231,7.006804741409178,8.991489632817506,14.295313202673675,15.758150387540514,-7.330073841519025,15.169149178447006,-1.2576569836897145,8.217157604171078,-17.295486737451917,15.906333553581486,-0.8069194259795132,-15.429861152118063,1.775026832299753,-3.821305021000998,5.425944848837405,-18.37385183370862,0.9036813592450788,16.34438958827593,-6.9979006484918616,-8.03235603841248,7.056659451850855,13.565147981318916,11.81022984514215,-5.130905649092621,8.374310321784396,10.624900208236788,2.8178396428163444,-22.529595807013624,-2.5411041397797374,-2.5732824273644095,-8.063664410187865,11.358442256509505,10.182810881213978,7.163905876290233,-1.1575792861995504,-7.5098776705674,-6.109529268291802,1.6014847738145654,-3.7000158043786313,32.167467047628115,1.0950384269463376,1.4313353535405193,20.836509822772253,-0.599684036321213,6.773913705639911,7.067808363338268,-10.87862213462416,7.791398123371884,-1.9082530032468292,3.871096962724363,-5.505107479779792,-21.15115571578726,6.741151979540794,2.7949553079732903,-6.1321335566863695,-2.12004640643092,Actual adjusted month-end return from Yahoo/yfinance daily history,Market Table annual returns from the same adjusted daily history,"Sep 14, 2026 08:06:57 PM EDT"
SMFG,Sumitomo Mitsui Financial Group Inc Unsponsored American Depositary Shares (Japan),Finance,Stock,-13.306990853748568,-15.65349276549659,8.288295906644505,1.3311148502982872,5.090306998097649,-10.62501258445886,11.188831173020674,9.276721055983494,-2.877694571767375,1.9259270154304398,9.447679662206387,1.4608159183228109,2.356022815121106,-0.25574968718977686,-7.051291117055003,2.4827606716810946,-3.6339161094474326,9.776542592136739,1.2722599073764274,-6.03015132354956,3.0748758366184292,4.539551734736391,1.736971284515909,5.975601896246974,4.487920054423378,-4.074885598441669,-2.4110285159853917,-1.1764722538509909,-1.309517328588472,-6.2726152987082395,2.573999575761521,-1.380168743773147,2.162841204601418,-3.48692137539115,-5.419350556032388,-11.186898676901924,14.285715386042686,-4.032269858660986,-1.5406085353151133,3.6984300928261105,-4.801096987980857,1.7291103969372612,-1.4164324459152167,-6.465511403407409,5.069121584405978,3.801164231946763,2.9577405605095253,1.367990970329469,-5.263154333264374,-9.25926455017082,-24.803761482275398,9.812113126978716,9.505706031763882,-2.4305707896593365,-4.8042700974958,9.906554108717547,-4.931974065346923,-0.8944555542140464,4.151619173745447,6.9324098404790035,0.6483023529911813,13.043476154506696,3.276349104673004,-2.896552964272292,3.97728397748911,-5.874323134831883,-2.1770711617159266,2.3738949888753913,1.5942020770692178,-7.560629042070255,-0.15433357377748758,4.945920679116078,5.8910090875114784,-0.8344907015935599,-12.061710488145783,-4.46572212632338,1.8364017180867442,-3.2786848862315643,8.30509093968601,-5.320815994204564,-9.09091285814937,1.8181843045605106,21.428564393346193,17.94118833376237,9.22693466401694,-0.34247649566729876,-8.36196920444392,2.6249948447786275,-1.8270305911231688,6.699757047854904,8.372087436860486,-2.3605138669443027,8.241763630763366,-1.8274175655907832,2.0682447230892853,-1.9250148393820998,6.301643506568655,8.260453675201852,7.173443229164378,-3.8232914064118217,15.812719544201315,2.28833693972319,7.979115864941844,-8.632597076442906,-2.6064814032952355,1.1084759807569844,15.974939919657128,-2.1607007879126727,2.6915082994408923,2.8897867275383238,2.6084573853915494,-8.150066143420654,8.52112714366009,-1.9467890571409963,0.19854855941210392,8.454423407828472,1.9488410069267381,-2.747903767993487,11.916452978410286,6.092209946122118,Actual adjusted month-end return from Yahoo/yfinance daily history,Market Table annual returns from the same adjusted daily history,"Sep 14, 2026 08:06:57 PM EDT"
BTI,British American Tobacco  Industries p.l.c. Common Stock ADR,Health Care,Stock,0.5070007265978616,-2.1349401227166775,10.360267992359917,4.482048830432839,-0.40931340357985846,6.4364747041769865,-1.3824255552706388,-1.7135324924184125,2.786083352019242,-9.996098855196422,-5.091816630234691,3.3290677812090053,9.345878590888312,3.6363343365366507,6.3714378844110575,2.593469230291534,5.996500853788667,-4.9639544423204836,-8.783219766979734,0.5311765258660506,0.5312345282263653,3.1225157506671097,-1.195654921997169,6.209606399526102,1.6569629477700465,-13.274613573427684,-1.0852876087736218,-5.321516556091432,-6.261470586203643,-0.08592826666701248,8.582743293354312,-11.683102435678826,-3.6171769760834582,-5.533061575998155,-19.65439582977431,-6.6430442898440685,10.734446746646032,4.1383475883122856,15.397788696331126,-6.0402943593101055,-11.556119777769325,2.5216871586324574,2.12217724795547,-1.4321774837261603,5.128221917356468,-3.4333114521818198,13.300900193149001,8.91025649249022,3.7446794162887764,-9.648106009078617,-12.184484952555618,11.582323997090471,5.05897011398071,-3.1437117525331515,-12.041122159342654,0.6557542647176451,7.04764602631569,-10.128815868407548,10.759123465219345,8.0539210263197,-2.5073456259477878,-4.076606834172292,12.620564477780682,-3.1750352293796302,3.0925189223807603,1.6550206172890158,-2.8795705144427197,0.6408684894799066,-4.479253493258484,-1.0203980483247443,-3.636863097703613,13.426643400857063,14.862374852960315,2.9555429626886065,-2.998661470738162,-0.9013427223408255,5.888029885127977,-3.0063407818172516,-7.057025793531824,2.246617912081983,-9.535215026898403,11.60562804915839,4.164584798149762,-1.3495662369248818,-3.7268830457323765,-1.117164962903916,-5.9020018137675105,5.4954817302178105,-14.412950595538486,4.698835726390271,3.598837726764148,-1.425168785843467,-3.2624464044279877,-4.9347439468808485,6.798418786894755,-5.91659656917789,1.0583841604937083,0.9797205568287781,4.548234820604113,-3.5409847544641937,5.472454844810537,2.0747624541776144,15.227916447937439,5.415259146208595,-0.6839238743080678,-4.373991892756724,8.461987790668157,-2.3010920874684926,9.140964353841552,-1.7911033922548336,8.235815785320732,5.269513355716349,3.7887515032581254,6.369093509505719,13.416426992541087,5.979881246737162,-6.697121536201767,-2.1608406706889016,14.592699094766036,-2.192895436607578,Actual adjusted month-end return from Yahoo/yfinance daily history,Market Table annual returns from the same adjusted daily history,"Sep 14, 2026 08:06:57 PM EDT"
GLW,Corning Incorporated Common Stock,Industrials,Stock,1.8052553477222233,-0.950329692019658,14.152973798225045,-10.627076022327842,12.651128735021523,-1.9626679636905786,8.496111297882747,2.7269470713895627,4.230930540752631,-3.9746267367349764,6.424058145002665,0.9987356607499498,9.147109250911534,4.817513181733624,-2.209344532666657,6.851825790539157,1.3980669446937544,3.264619409566283,-3.028266096593768,-0.7692685922166209,4.033364715672838,4.645718406313981,3.9576988276246228,-1.2349365331926765,-2.407005829857889,-6.289107477183309,-4.1265671768457635,-3.084622305763407,1.2366220046999832,1.2513501727084542,20.610676885312262,1.5351588348264888,5.341684653138046,-9.490049077998453,1.4229409054839603,-6.2383529871230525,10.095967168931486,5.263357829497606,-4.912403658939491,-3.7764245418474007,-8.825861517409361,15.221901238915404,-7.463123596693344,-8.764455182748332,2.405748630578075,3.8919831439991004,-1.3178297084533108,0.2410304430468191,-8.31330745405534,-9.817463846923701,-13.914518384029318,7.156767981897216,4.5295836747243134,13.646337571147393,19.69112613597057,5.417149566026769,-0.15403359975526554,-1.357590915563689,17.76728747619083,-3.794734746012929,-0.36111149814797017,7.273655401653767,13.781374907163846,1.6088301445360331,-0.7680594104413352,-6.257159576437143,2.3472009970742613,-3.9013184672893053,-8.752155867169398,-2.5212854711450405,4.932182730530044,0.3774496205871447,12.919735394122744,-3.2562574922166743,-8.638621736303321,-4.659971084983672,2.576663101685983,-12.032398050622161,16.661378466475707,-5.8982184302888925,-15.4428769279067,10.854576318863419,6.955184081540811,-6.4166409229164945,8.359425468089432,-1.099836734330184,3.917524367418679,-5.83901249587595,-6.423668074793342,13.729311307234715,-3.1392856090617927,-2.4698905051119047,-7.160271713446553,-12.175914091876926,7.504653068262512,6.8796132800906795,6.699495831689473,0.09475132975933498,2.233256390603633,1.2742624620484033,12.475829415933081,4.267288613585274,2.9858530914967485,5.303050161148848,7.88533300819465,5.4041892653861945,2.8816330360774467,-2.3628368108720488,9.59596250322563,-3.1524281636944984,-8.713870884267516,-3.058095228799751,12.369286822283666,6.049614086001198,20.25099307928302,6.425348876352843,22.378056901421385,8.594408195079328,-5.155788119034965,3.9905095310949656,Actual adjusted month-end return from Yahoo/yfinance daily history,Market Table annual returns from the same adjusted daily history,"Sep 14, 2026 08:06:57 PM EDT"
SPGI,S&P Global Inc. Common Stock,Finance,Stock,-13.755310135072229,5.978157803381179,10.296426139290539,7.95108492403811,4.989301637242294,-4.069435001227772,13.92877362278826,1.3975841996089367,2.4445709455634512,-3.7215661816755286,-2.0552902578641397,-9.622654347188565,11.753764264111988,8.068930685201824,0.980941652706524,2.6387728774781793,6.740427894615864,2.226718724009369,5.205834054053415,0.7548550502715967,1.2829584769898261,0.10238951702963295,6.0230939942957695,2.368888861751328,6.9066927054811655,6.191005996028309,-0.3857910269616238,-1.2875948627155687,4.981677497047898,3.2354348567975144,-1.6920769051218643,3.553016746999993,-5.631501082891055,-6.689173346263388,0.5796603416079682,-7.065548746714545,12.775128757017097,4.845966908558119,5.080626825846912,4.801675413188988,-2.814101256164292,6.503627208165574,7.533236338346416,6.457772222676805,-5.845716484358066,5.310643738156218,2.802428362780751,3.173992863245667,7.573731909189618,-9.262327788941882,-7.844733694459971,19.518446956057467,11.212689748084937,1.3722272761164556,6.303886791650903,4.811785440972938,-1.588370896279534,-10.501932812196591,9.218397416369118,-6.552394991868427,-3.568299652094775,4.139675627963868,7.138091623479936,10.632783429557712,-2.5993404043929913,8.1640470851281,4.4512052791237045,3.7045744915746193,-4.265232257435425,11.595949250069836,-3.725158894572267,3.554747142820913,-12.016614682899974,-9.343240566633115,9.177558884736126,-8.211053437690474,-6.949082849345545,-3.5538844455164087,11.828759639688279,-6.354344573163728,-13.297167672914401,5.207135980123989,10.082185143511557,-5.062362837382883,11.942436717844807,-8.761600208001896,1.0463121550160714,5.165773155363085,1.5943367748052273,9.1064787598794,-1.5914563340393428,-0.6942618862163852,-6.511274769044895,-4.406020478787365,19.301939546661462,5.937509317664635,1.7774563347828565,-4.255332763046093,-0.6839567819325709,-2.2611353236235088,3.0263693198845587,4.32503687267487,8.683875257984553,6.073899497821045,0.6585525778407764,-7.018698913554422,8.965168017363446,-4.685074110099863,4.694487844339323,2.5493191507306445,-4.803833594139539,-1.5843360742259338,2.75264592581832,2.81363418388596,4.515554242078679,-0.30921834108667,-11.25555770231318,0.10273164953904512,2.586315671278938,4.763144690600218,Actual adjusted month-end return from Yahoo/yfinance daily history,Market Table annual returns from the same adjusted daily history,"Sep 14, 2026 08:06:57 PM EDT"
RIO,Rio Tinto Plc Common Stock,Basic Materials,Stock,-15.350273507350066,10.10313868290822,8.314187857480126,19.06614258478241,-16.696350367823232,11.62623407008212,4.856212541308613,-6.798377664655542,10.706009755161716,4.341302116818779,8.780497419967205,1.4507939792564484,16.458676523850446,-4.7030699862188445,-2.023093094202655,-2.114076608317861,1.2305498387529035,4.961520806032693,11.983007494753029,6.054918828775069,-3.8508595405161383,1.5681423988328058,-0.06258941632951709,10.501032146668354,6.007917262158924,-2.4951033017834856,-2.6173847611222434,6.636909438944882,3.1847231173091073,-2.1516860042781305,0.03603894252466322,-11.28992854705617,6.225310461346822,-3.390830866976724,-5.132895847293084,3.678349411322279,16.06849405262265,3.4298931569013424,8.899292233374778,0.08496214820736814,-1.6468595688772458,7.612637379645526,-8.437596742882869,-7.587805689105654,2.985364702230031,-0.1535767092555873,4.902938414570324,8.797621001405709,-9.98988887048845,-12.165443458630666,1.8562365333309794,1.382774569180989,16.735221897560315,4.191420410003088,8.650745974886153,2.777304964539007,-1.3718883451694142,-5.994370388909331,14.444255424115537,15.77650469623273,1.5953056823311051,14.367988133338816,-7.0428283884441445,9.542829929910734,2.7862768366360147,-4.048962789430788,2.8847172803769805,-6.960669650490026,-10.989729394059822,-5.312775222308597,-0.9167359090712313,6.779401184582179,6.662693167297129,10.056028972095188,9.036178563325148,-11.542303532205578,3.2620988018802866,-16.938990787819684,0.049171586936425093,-3.5955645759125687,-2.1851064473976667,-3.1057204359169366,28.659824240405097,3.7295942587768582,11.446644542527128,-12.123510254843051,1.5722166025917694,-6.720120041084677,-7.719956579870379,8.111779072757553,4.244981323043007,-3.4015139402421846,1.823996937367034,1.0999313107102893,7.382645261401577,7.772482618977428,-6.970191805307424,-6.842783017455312,2.8682926801696373,6.416690579728157,3.3465931445695984,-5.948638107023562,-1.167893719573232,-0.08216178824470566,12.486179397422736,-8.823951545427121,-3.159191495485525,-6.413108721793737,2.7206242247792556,0.24829630368305988,2.8257743123483614,-1.1318250349045322,0.05049959914043001,-1.8509107510268574,2.468706375369245,7.47989412935155,5.245544121868817,8.680496004752868,0.29272371365964833,11.230013004399474,Actual adjusted month-end return from Yahoo/yfinance daily history,Market Table annual returns from the same adjusted daily history,"Sep 14, 2026 08:06:57 PM EDT"
CVS,CVS Health Corporation Common Stock,Consumer Staples,Stock,-0.76326609168752,0.600520567582663,6.7510583554036385,-2.7142129918611535,-4.029875616893175,-0.7361274283896879,-2.727607404486665,0.7333630909165834,-4.721634468227476,-5.027827344854785,-8.57309530149899,2.6270903886822294,0.47715248017698997,2.2458936831184495,-2.581314278387725,5.694515180823134,-6.804963143609122,4.72472193272222,-0.012733183965318862,-3.2403258942695135,5.1461039088785965,-15.173486038567475,11.775842951606808,-5.352445399359274,9.212439779657178,-13.928035394315131,-8.150007574370221,13.107496049629109,-9.222385054749427,1.5144317116188244,1.5579665348874894,16.003695860011735,4.62521678972776,-7.40553527125739,10.788760037022405,-18.304242176468076,0.8082263210126728,-11.77727656731843,-6.743908049377978,1.8015612749865628,-3.6962189936441403,4.0481378508883115,3.451812201184712,9.038845114943905,3.5292183259440835,6.060715658198124,13.375503775628594,-1.3019828031174074,-8.09301831564978,-12.73960678173217,0.25347738442120793,4.609893086460781,6.531280983090615,-0.915034660845826,-2.3679334848466516,-1.3028118538299993,-5.988413162472151,-3.1405587719835704,20.859285571476292,0.7523483036917744,5.606519255326292,-4.912756757155801,10.421248084915025,2.2215794626684993,13.14139543653865,-3.4706063129261278,-0.6965789548264434,4.893165724942894,-1.771061152241582,5.819915469634251,-0.24641746454069358,15.832014556759866,3.7992498362841243,-2.6852013280135867,-2.3540726542147894,-4.5268453325498115,0.644940620834844,-4.227395462585582,3.8595958438858213,2.5814892655608546,-2.8323913628608866,-0.10308981255406913,7.581818422217879,-8.529632921968023,-4.6793397532188035,-5.304926547481759,-11.04857705204173,-0.5348218752468492,-7.2023088689278865,1.6169571560744167,8.928802804411529,-12.74601166336906,7.135194619010443,-0.3117569948358212,-1.536016812438623,16.203116686145314,-4.957605224230932,0.0,7.2475509837319985,-14.28637597837923,-11.977559512447177,-0.906029949051701,3.3035725298445007,-5.121827078688179,9.853236073671612,-9.209322097750206,6.004247161343024,-24.99583397325771,27.417702927623488,16.359778915558888,3.0888576407344326,-0.5199348301513806,-4.00240642393761,7.713936002710775,-8.992084477156393,17.793881852836346,3.062200102249446,4.508407597451036,2.8278838466781364,-1.244397065244618,Actual adjusted month-end return from Yahoo/yfinance daily history,Market Table annual returns from the same adjusted daily history,"Sep 14, 2026 08:06:57 PM EDT"
LMT,Lockheed Martin Corporation Common Stock,Industrials,Stock,-2.832157566190985,3.042900658203629,2.6460720549465133,4.911989937290828,2.3559897015746456,5.054355906721475,1.8374509147600415,-3.208080270861924,-1.337626428142502,2.77822944963495,8.40079083911629,-5.771915542392159,0.5561521000603253,6.79844036449484,0.3826203854607746,0.6913435200119666,5.008500552315898,-1.2520910430843912,5.230367107940936,5.160220667489024,1.6044955282514373,-0.6864746326692317,4.206383696483651,0.6047620916103336,10.527979118252052,-0.12146190964703596,-4.117045676438313,-5.057229181618739,-1.3490642790292218,-6.075504517887542,10.381519167835984,-1.1305228341690787,7.974163901859699,-15.062434949375314,2.9884301579587547,-12.84490781038371,10.636256150819424,7.576730235371754,-2.989539958806342,11.050730323578861,2.2207153641250033,7.384593729536548,-0.3768402369995205,6.668361740461459,1.5490531584831047,-3.4302814551705585,4.445435335473591,-0.4219201372734127,9.949110927136617,-13.063475213948205,-8.359695667788614,14.78389184939688,0.44568155640023477,-6.0549834517467644,3.85013491440247,3.60773439490798,-1.788574963151346,-8.649029689677135,4.9761031121058785,-2.7451912569053105,-9.341363472866648,3.40630671104305,11.884933116803765,2.9932502663159166,1.1095510252645546,-1.007343720695908,-1.7655595208951769,-2.4934775129832887,-4.085589078646013,-3.703289248433894,1.1307815167819646,6.627250197869494,9.487637476032717,12.246968908337541,1.7519559625539527,-2.1024061306977093,2.48592993255512,-2.306233236437538,-3.7561662868800805,2.1955518732190704,-8.050273074899684,25.98824345821058,0.3155027540533206,0.2679484909640095,-4.775021493216903,3.019032257407206,-0.32260662308543075,-1.7515325005783011,-3.756367791795301,3.686854575227083,-3.0431413538389074,1.114081381805354,-8.785555531306088,11.169803139833135,-0.8089797412957567,1.2216107575109714,-5.257694016797898,0.4592356946426124,6.21848194722634,2.2116258695547897,1.163600826914335,-0.01924556418496648,16.017962381052797,4.830982792964678,3.4710983558009056,-6.587866317283087,-3.0473466220620304,-7.63527878954795,-4.731028670343907,-2.717365695266083,-0.0805246016578387,6.9485872706836815,0.9691344437107174,-3.3272192454092964,-9.103078371896533,8.230798790394767,10.364107097944263,-1.4683237097530277,-6.916315527018158,6.439124998085499,Actual adjusted month-end return from Yahoo/yfinance daily history,Market Table annual returns from the same adjusted daily history,"Sep 14, 2026 08:06:57 PM EDT"
BMO,Bank Of Montreal Common Stock,Finance,Stock,-4.050981275300414,2.8026865987340166,10.305350567283433,8.471940666788491,-3.4530617382512396,0.7630009974200158,2.180983134211356,3.399886740398683,-1.1010620987745745,-2.0362501507016795,3.553454334318107,9.201353266658675,6.083446530342429,0.0,-1.110698188011272,-4.425667338081018,-5.236400751561677,9.383361305651894,4.289775549639807,-5.377632009932299,5.460336108590891,2.1066616709068064,0.5221338893103278,3.9085567916379738,3.801484618411144,-7.6539780542130735,-0.5788708968019307,1.4355498469478256,1.936029036647069,-0.18088958724905568,2.614542152479471,3.3803880808310094,0.695480065427101,-8.552615169570865,-0.3210894100989181,-12.281878737877294,13.157018693394807,6.489954814779475,-4.0030918364366785,6.546958508601097,-8.05369920207626,3.9113006933541694,0.18736767603628746,-8.2609292558123,7.460309249018393,1.3828503042538909,4.000546463618626,0.7147355722319837,-0.6345989477901215,-10.942009976266686,-25.957579096898787,2.7333483962625804,-3.1237619180569887,7.584661075146859,6.1537894901444234,14.499284552463765,-8.117028524628234,3.162922631333287,22.280171350803315,4.5516589585649525,-1.1967826091534128,9.716066666045053,9.309455315724492,6.821757331027389,11.320776389772114,-2.342421694079644,-1.9646563520530735,-0.18054496110274654,0.21100125489386112,9.642476686543366,-4.091793049604819,3.5072567023282764,6.046058355261108,0.6361443758763352,3.573323383935123,-9.249208686258214,2.6876696169809255,-11.681520651248478,5.883283794587557,-8.419386568439757,-4.986976066860215,6.222280277964387,6.244559997293231,-7.390376153218259,12.268665451715833,-5.842617893758084,-5.962430680179742,2.417913665539717,-7.517445783446098,8.27236262320794,4.130379132015527,-7.350410754280546,-1.9979026162623703,-9.195302279853234,8.921240219761595,20.233324153913834,-3.6940819084968046,-3.907417617910325,7.933722409209243,-7.4546516251186805,-0.23511478314194312,-5.902817391778747,1.8793888340608467,-0.841932776114307,7.868926010775157,2.2447064545848328,4.5324680153506325,1.889774294010782,3.1782786306861155,3.8166369099730035,-7.109512883902691,1.1821901019479109,12.431927157908994,3.055425795036637,0.8816936033543943,9.561743795639632,7.644631035171856,-4.66027132815503,1.5702992841942987,2.9017635366281214,Actual adjusted month-end return from Yahoo/yfinance daily history,Market Table annual returns from the same adjusted daily history,"Sep 14, 2026 08:06:57 PM EDT"
BP,BP p.l.c. Common Stock,Energy,Stock,3.550855224166849,-8.230903767040942,3.7470260890621665,11.265737654291797,-4.736485960576253,13.089138352181617,-3.1258180210377295,0.22799789072904808,3.8393351926806263,1.1091778515565087,0.24910041305974406,6.769490816372059,-3.745321390042222,-4.060730323246298,1.7688492798499267,-0.5793870381968769,7.150907606159151,-4.149401893449999,1.4141577107693815,0.4832037415494206,10.653591589106082,5.828783695532169,-0.02637754739469589,4.891461177231116,1.8082173596502438,-7.814270025711211,4.323193748585985,9.990134526188799,4.093547555772514,-0.34920644069319495,-1.2483166805008494,-3.572553140637269,7.509308372593315,-5.921905538802907,-5.616863255606752,-6.022313267270718,8.438827817353033,5.238702569608278,2.5087963777598477,0.022867575560181486,-5.508694793381452,2.4066869176967653,-4.700267040705308,-5.472439510411897,2.8145986595130568,-0.21057325417406236,0.2726422098870085,0.8551636497452497,-4.2660544089252905,-11.90287845804262,-22.051794952732784,-2.4189687758455425,-0.15884801700060125,0.7778422615483782,-5.488828844860771,-3.787049378912888,-16.579055486241433,-11.340219961819042,28.87337942630246,4.907957004282193,8.284575984325148,11.343424608565101,-0.24582105743430338,3.3265098290594874,5.493659348964153,0.7243671672751084,-8.478435959073149,2.446878774386696,11.733484684725791,5.342118849814614,-8.768679837717785,2.580889627042815,16.1096761143936,-4.566677104371541,0.6504515127762067,-2.3129170927888465,13.945642683807558,-12.418901831461259,3.6331559616871845,6.210789498354652,-7.425422876604459,16.56742698771625,9.036357603290446,-2.7019815025532745,3.721764877503375,10.373535691157866,-4.191931130177529,6.16765755527835,-15.396891615998287,4.687045895556952,5.695656416233907,0.853406715368421,4.141991211264662,-5.526846314908895,0.46226700027114376,-2.4524588675781,-0.8474803111392815,0.9170227122810459,7.687922013691684,2.892789344518998,-1.9631673718189302,-3.9127266232889757,-1.9667581236429643,-2.6457448707885134,-7.567738360029519,-6.467026100506212,1.4371488671037103,0.852954279427065,5.074428810196729,8.130230651463144,2.0229458079889184,-18.733346437909404,7.6890539182396855,2.8522332708614595,7.417314214449777,11.181695856348583,-2.185640414661627,1.9442992651535151,4.185880177571377,-3.7949967888792235,Actual adjusted month-end return from Yahoo/yfinance daily history,Market Table annual returns from the same adjusted daily history,"Sep 14, 2026 08:06:57 PM EDT"
MDT,Medtronic plc. Ordinary Shares,Health Care,Stock,-1.3000718280351986,1.9362181084282115,-2.5960672554662723,5.533306348911493,1.6803476909305726,7.815621248008453,1.4924898813224452,-0.6847420480903144,-0.2282541121365722,-5.069464535223844,-10.985111202268417,-1.8554187898885632,6.724666105122945,6.432555244664928,0.09801040749792822,3.1405087655412833,1.4321537987123545,5.30379658861746,-4.893309843185367,-3.989552495758686,-2.9616376206575645,3.536074352116403,1.999498573736136,-1.1239599629677022,6.36533231039913,-6.985716952606202,0.9935217206087366,-0.11218126515855076,7.724940938800162,-0.8225269272420732,6.013083026125976,6.8491666391058414,2.032991749998958,-8.691671823828651,8.583827966098468,-6.207441512586264,-2.8254547454265477,2.3871707715403367,1.1925079295818097,-2.4923086449812115,4.245001970602158,5.19552540070396,5.24713370918839,5.836751567945742,1.1843428420220903,0.25775199868969256,2.2864938492316966,2.3350983093500144,1.7540760563474311,-12.794531225397288,-9.859533294221368,8.261253604155927,0.9730629538530211,-6.368445765345299,5.212678092707046,11.390942866690068,-2.75556992409669,-3.223610136177657,13.055562135672316,3.5400842943982935,-4.95987669116259,5.066011102916113,1.499377882355768,10.827032735273146,-3.3073460577592972,-1.4485215323621237,5.784286761152813,1.6525455402927713,-5.629605632727552,-4.379729005644705,-10.979472653479117,-2.428320424051056,0.03867117517641905,1.4494038679587096,6.307614990465615,-5.939614572031071,-4.034117990065589,-9.696398309723463,3.0863465369474374,-4.971885802365472,-7.420821754686169,8.16098710733062,-9.503066902369284,-0.7953124450332361,7.681438200109003,-1.0634823932286208,-1.7974910853687631,12.813187657597114,-9.004950846103888,7.290602277398683,-0.38592156598140637,-7.133091544894576,-3.031599440131283,-9.954068683996574,12.344094698276153,4.793865045794243,6.263647414183415,-4.774950543283818,5.412000759198499,-7.928847823901453,1.4082728444082315,-2.4078981068092697,2.0455070224569605,10.283874649625346,2.438584480570727,-0.8663904389759947,-3.0364207081869266,-6.897183988202471,13.695540358945735,1.3212967131366993,-1.5729966002406948,-5.675478872203632,-2.100051475157305,5.922035342551157,3.5218592582913155,2.8479679482266373,3.396738369306873,-4.766905151475454,16.130104727024985,-8.130335175481607,Actual adjusted month-end return from Yahoo/yfinance daily history,Market Table annual returns from the same adjusted daily history,"Sep 14, 2026 08:06:57 PM EDT"
MO,Altria Group Inc.,Health Care,Stock,4.981976557064205,0.7527627791862113,2.691280837963017,0.07981943122146173,1.4829988485112855,9.293265976726373,-1.8271260288171054,-2.3781474170021633,-3.416376181580816,4.570609678080562,-3.312172878457176,6.732787339231061,5.264712476768851,5.254253117621688,-3.904870050436804,0.5040513305639038,5.098913263667071,-0.48061839073052504,-12.756833043030348,-2.416497151551833,1.09897836948607,1.261411848456917,5.621332987362093,6.226582721402174,-1.4983635156006203,-10.506143442309979,0.05835907842810517,-9.964679498629192,-0.6594465885987666,3.1409116685754412,3.3280144372378473,-0.27262761625548304,4.3752072068804715,7.842813410847116,-15.698021459973466,-8.429300684653718,-0.08097622342847499,6.20057390214781,11.140121687435677,-5.397875436554134,-9.699990370798107,-1.965298777471458,-0.5913588750398824,-7.074567490293915,-4.692208386898045,9.510997227710384,10.962246823961408,2.0860292999366647,-4.768588046840949,-15.064186481405228,-1.5763755235400856,1.4998704610093228,-0.5095540598660686,2.708008761721681,4.840771370839603,6.294048673623531,-9.881859213141697,-6.625247501956988,10.393586148405554,5.044739617984484,0.19513674881708187,6.134362321042697,19.37192190539958,-6.6653776524919,3.0785503002206838,-1.4251735982548808,0.7550635568149167,4.558695820611169,-7.718465564733679,-3.0975481120268267,-3.332557774885947,13.273883739443937,7.364426164257543,0.8057970780287471,3.6240905312312277,6.354062799578686,-2.6632891719842733,-21.27445788908314,5.00359793180738,2.8727401824564236,-8.503757872062167,14.586436732605623,0.6699959518826404,0.1595654194668894,-1.4657462845063973,3.086135697537129,-1.8550208952292757,6.476919033081763,-6.503873219918899,4.119886011755858,0.26491022263466224,-2.6419974678878355,-2.7782042374770444,-4.4708566447759885,4.655219894553908,-1.775611936972088,-0.5453757532644876,1.9691131682844532,9.00069831276169,0.4356028287627156,5.569487252190708,0.6423269768222495,7.5960361792844155,9.712319725040675,-3.2130797625446905,6.7006248559620785,6.022775176356077,-7.677718220606311,-0.11474334144518927,6.930868210445906,9.402101421720621,-1.4495248274547845,2.4682932509356936,-1.5884691479172597,5.645566387363599,8.508242652927333,-0.12262168210983582,-14.65333138907564,4.664762728312799,-0.49950382484201805,Actual adjusted month-end return from Yahoo/yfinance daily history,Market Table annual returns from the same adjusted daily history,"Sep 14, 2026 08:06:57 PM EDT"
NET,Cloudflare Inc. Class A Common Stock,Technology,Stock,,,,,,,,,,,,,,,,,,,,,,,,,,,,,,,,,,,,,,,,,,,,,,-9.316098926584848,15.67695585348754,-12.422998630194659,4.68933862516383,19.260909905653524,10.234743583383455,0.34071518426628256,23.387098275816708,23.667014586657142,15.771899996148164,-8.073043480492482,7.318356441698892,26.57087063447816,44.46796241587408,1.2120351765074755,0.8817026150480967,-3.5090037997687062,-5.015545522844034,20.60915924748068,-3.1626154976829524,28.9787953775128,12.084279438838696,1.778640022931266,-6.700344940388803,72.85397122340065,-3.3278531670685396,-30.142373479278596,-26.692014048761294,20.767631043752587,2.8173843247592423,-28.036757238268738,-34.989551431631895,-21.875,15.017142159598219,24.344197285955072,-11.603002008858487,1.8260681548652569,-12.748580156394462,-7.997558717926346,17.031632202762005,13.419010573798683,2.74954436265471,-23.694454502929663,46.99257127220764,-5.480047303126112,5.201153057412333,-5.438415073918157,-3.060122868098647,-10.07297302759762,36.09102733251854,7.919637705129601,-5.056448446379125,24.6552778132197,-1.7353349589863898,-9.73871747067493,-22.551485972956854,22.366669882681588,-6.434868662596549,5.987095986643154,-1.521792073640471,8.431202554437123,13.81826801173418,7.863366052427678,28.52896870750845,4.985555967895672,-22.443220870914537,7.17898319515704,37.34889970712929,18.04810570351627,6.051162096678997,0.4959620928405739,2.817301248082771,18.03905465048563,-20.959335056558427,-1.5284015357714176,Actual adjusted month-end return from Yahoo/yfinance daily history,Market Table annual returns from the same adjusted daily history,"Sep 14, 2026 08:06:57 PM EDT"
HDB,HDFC Bank Limited Common Stock,Finance,Stock,-2.0616788446365497,-12.448196705297898,16.679279554402715,2.011996505686464,2.369983472269599,3.759403364693914,4.400896681832189,3.435853069207151,0.33493860256703645,-1.5440332987411987,-8.844294162735833,-5.951643363583459,13.595928916776167,4.0040540870155406,4.923977863679374,5.8362035825024305,10.28768049640636,-0.364588890751949,11.279759033356651,0.6716262217010049,-1.0879704609964014,-4.223282807677364,5.200407238392124,4.706504626316899,6.806329743113371,-10.507424011914813,1.6361498757784032,-2.996858426977267,11.074000872649957,-0.781318252821539,-1.5997033654288395,-2.0030914068430383,-7.080101949390882,-5.515399951515598,14.07040874469445,2.1396189940576793,-5.183878619758387,2.952554081596648,14.626184033029732,-1.0870628615874844,8.294819270250509,5.272096154568695,-11.411487766512874,-6.244566230255478,5.844145850390392,7.081514015793422,1.0803659022393663,2.6234853623824606,-9.610213359619667,-4.242334255297287,-29.88147926420576,12.714488407642332,-3.506327503474549,8.677961529085865,2.837669130413567,6.096256618727391,0.725808274444506,14.971962853431698,20.125369966373263,4.724618459884078,-0.22141564387907486,9.76420332830854,-1.8321746266111716,-9.5379159320093,8.892992418598356,-4.119084910615378,-3.12073644844707,10.96782676229775,-6.6658170643867365,-1.6144527455424162,-8.95562495691391,-0.6109625931509877,5.471028509904752,-9.4128013699452,-1.3511200699806047,-9.978812003141469,5.468055725696508,-4.533622157196405,15.453045644701824,-2.786620977191212,-4.307949594167626,6.658680219045543,13.25629515056377,-3.0607688110762643,-1.534889253792615,0.41568409146093277,-1.434068652139897,4.694796184750372,-6.768392041682592,8.229793865899548,-2.0372894772554218,-7.792410224910662,-5.2961100373656755,-4.1687900444441155,6.171536279489498,11.775490802981414,-17.314859135766923,-3.586230796749834,4.616824051535495,2.912269758270436,0.5034662353057051,11.124557358729525,-6.7153814960132285,3.0136192011817053,2.372776420745648,0.7512801618377418,5.917825168245083,-4.3439288574666275,-5.042279358622848,1.6160931130511091,7.822135955044351,9.406985799087074,3.7144121094121463,1.6978280604184048,0.3588179188722007,-6.366442324275779,-3.991011553021284,6.030449011981109,1.6565390775805433,-0.7604529647408875,Actual adjusted month-end return from Yahoo/yfinance daily history,Market Table annual returns from the same adjusted daily history,"Sep 14, 2026 08:06:57 PM EDT"
SNOW,Snowflake Inc. Common Stock,Technology,Stock,,,,,,,,,,,,,,,,,,,,,,,,,,,,,,,,,,,,,,,,,,,,,,,,,,,,,,,,,,-0.3904365448362812,30.325570262291635,-13.638596532306213,-3.180519503758572,-4.738485257361347,-11.659092536551075,1.0075006851414603,2.7807774702022447,1.5838357735558084,9.892472236166672,14.537861171665046,-0.6308570360538557,16.998976591988768,-3.8689810601098107,-0.4115813381170952,-18.553507336831178,-3.7114862127242243,-13.750658087680767,-25.177847166245883,-25.54246400602662,8.93850050632523,7.802391984757451,20.705751802992147,-6.073495672684926,-5.683692210234071,-10.85465304055877,0.44786523231907793,8.98704873808831,-1.316797191540131,-0.05830521688868773,-4.0248828344697785,11.669366940589132,6.42234825712904,0.9830725243377136,-11.738225098341527,-2.6012124145931015,-5.000981328784093,29.318532599324598,6.031547189888342,-1.688442517764599,-3.762012182229124,-14.170380735478826,-3.960401555414428,-12.25515763302749,-0.8004085743239076,-3.486558281708274,-12.3868698581464,0.5515164448077758,-0.034825801249160904,52.23828907538077,-11.664759172579087,17.55067042419649,-2.42961188737969,-17.47035650767945,9.120143334062035,28.954787814438056,8.800508710389332,-0.1206615128505728,6.782999401391221,-5.493170371736222,21.87098255978952,-8.600116039624893,-12.689063917282839,Actual adjusted month-end return from Yahoo/yfinance daily history,Market Table annual returns from the same adjusted daily history,"Sep 14, 2026 08:06:57 PM EDT"
PH,Parker-Hannifin Corporation Common Stock,Industrials,Stock,0.1856488583654059,4.808570715177862,9.762822296834294,4.447255602711775,-0.45692352767648936,-5.91254425096378,5.682547604957144,7.854609137048718,2.4483760267493437,-2.2146069317518724,13.751616834575042,0.7701593751649138,5.092884818695653,5.711755096731008,3.5391694855004596,0.29934791797132654,-1.663181133031577,1.4923120778533638,3.854377992638147,-2.658888572954421,8.782409938371849,4.336592416205032,3.0402498899223085,6.448339646332135,0.9219328917363434,-11.073912043476941,-4.168774425561894,-3.7479014327680193,4.278017457367955,-8.806311800480149,8.469667389816248,4.336882705891365,4.7437519574801135,-17.56103991154744,13.966762564370171,-13.310788449991385,10.50691764637035,7.378304758256138,-2.577229470613218,5.512188837577847,-15.44977009627666,11.613708989474226,2.982179153770459,-4.789145703563902,8.952151268260412,1.5946044046492025,8.819099870365488,3.5364228822496457,-4.921782863958512,-5.183744878039787,-29.788400171004316,21.883912709213416,14.475484852060493,1.8336571658131184,-2.373547819582622,15.625872292252252,-1.78147365309006,2.97519471172778,28.788429649186085,1.9269409914621338,-2.863331577693562,8.789988068984055,9.92123885096956,-0.5135778259358181,-1.4822256584894888,-0.3375084154843,1.6020444183530325,-4.598830352144445,-5.747118628989234,6.068933530788878,2.163601766905998,5.316797791275407,-2.549340488662044,-4.079012857692033,-4.2612650739992315,-4.560186125725685,1.0056171578422646,-9.596947995353943,17.492371474112645,-7.914165979179078,-8.56225811832807,19.937266206158565,3.33805589321321,-2.6560416055562697,12.027460952754222,8.338815847304293,-4.473517026220952,-3.34113143323187,-0.9180601825458545,21.720152816632844,5.119971632801845,2.0596579258604475,-6.567528185949922,-5.291132247817975,17.844078947761144,6.353018272895605,0.8248334983086414,15.607210642192548,3.7986680372725345,-1.9575675530979164,-2.169903334745915,-4.837079891525753,10.942843434969829,7.253287495239236,5.268230112992356,0.356142438874274,11.117819448545262,-9.513434516727305,11.166133665126065,-5.227446316393413,-9.073919791173024,-0.4589793210977522,10.165974191607742,5.080486968246234,4.786188001939529,3.7505063536318106,0.07920900184714696,1.9362921714882297,11.740421332674188,2.003016008648939,Actual adjusted month-end return from Yahoo/yfinance daily history,Market Table annual returns from the same adjusted daily history,"Sep 14, 2026 08:06:57 PM EDT"
BNS,Bank Nova Scotia Halifax Pfd 3 Ordinary Shares,Finance,Stock,0.9891081551345104,-2.0568185241361503,22.150040546770654,8.578618374282376,-6.711142023043848,1.2973808642779305,3.591094385755911,4.825692940498416,0.6235460570617191,1.4531348748519912,2.771587109487661,1.766608503308409,7.363522232208419,-2.6597541250045875,1.6257848828003407,-5.0196753591620125,1.545971545900704,7.469704309422909,3.625492850890466,-0.2728057995521227,3.3955287999952066,1.4194387601919267,-1.9683823799131916,3.0177814866154673,3.0373697654406673,-6.813076653068806,-0.4196066075185523,0.6485221102658478,-1.8386143824047463,-4.10626488508703,3.5476992272559738,-2.2784534992374095,2.9878970163642826,-8.921336722355056,1.24743582694542,-7.145216706404833,14.176828631489947,-2.423604408239899,-4.103653386125128,4.621125825987971,-7.9186609757834425,8.529541270636297,-1.7846993856163396,-0.318480350533179,8.11616727248099,0.8443625308302005,-2.110617067822096,0.65931778374273,-2.1146330864429075,-4.1559729815221385,-22.44507965813185,0.5179708512539127,-0.2989255957110859,3.0484632681015533,1.3279253300102045,5.107014913382701,-3.9565421661970968,1.7559611143959097,17.324306687255042,10.828576401667188,-0.08062373972252956,9.382606836285245,7.308289279195224,2.9940166076964703,5.668064778777238,-3.313507801370763,-2.9520534802417675,-0.8488140257637666,-0.6137915053687437,7.783838072955307,-4.774247224564232,16.103207483055826,0.376633308343588,0.5280833398819684,-0.8570625175493118,-10.710073303149548,6.933023361676605,-12.553532906282271,4.358776070376957,-9.286301288139443,-13.962738049011348,3.19273895842509,8.029802726758284,-6.1685816830635005,12.254005089769615,-8.59042643337009,1.7784806527708197,0.6290641467337155,-3.205775090050489,3.5810492489056545,2.286266193523101,-5.798245212914976,-2.227207881631943,-11.23053382316883,10.625178193994422,8.755853204956288,-2.3804579099775514,3.6791328152596225,6.8289671951200726,-9.994702262542422,3.1154862214588963,-3.401653831077145,3.8348896434635016,6.878088630495283,9.2421810557185,-4.122593062490987,10.739940802585913,-5.787443620812683,-3.415895136376179,-3.0095640772467958,-4.432803235643579,7.03959672137251,7.0828417602977645,3.269799347047142,2.093285294400027,12.317926399024802,3.5062494611028727,1.4694470788174652,5.625008681558308,6.3501207116293035,Actual adjusted month-end return from Yahoo/yfinance daily history,Market Table annual returns from the same adjusted daily history,"Sep 14, 2026 08:06:57 PM EDT"
SPOT,Spotify Technology S.A. Ordinary Shares,Consumer Discretionary,Stock,,,,,,,,,,,,,,,,,,,,,,,,,,,,,-2.4494287746202215,6.676810811631895,8.672132585304414,3.6591382018297924,-4.585269230425504,-17.220593416097962,-8.891707757038569,-16.776656447895455,19.339204359684746,3.462534180195198,-0.9561840614576211,-2.182996190689568,-7.505341475100147,16.435737449196598,5.963617253388764,-12.90177176854227,-15.52426633716576,26.578950045401584,-1.2127511871031005,4.910557593926113,-5.5165495363746375,-2.958250420588593,-11.435234272274142,24.81060958257966,19.370577246697263,42.70160442888626,-0.1433034252639076,9.44069336996105,-14.031044734922894,-1.104838955208598,21.459834031647617,7.993276224463242,0.10805197163086255,-2.419046068948416,-12.827767600177442,-5.907824731731193,-4.184510549456832,14.08286955425413,-17.025290755263278,2.479554910721693,-3.8405735856644196,28.428152391791862,-17.588111599854017,-1.8742143483031937,-16.138958453817764,-20.41679057727377,-3.310069843224961,-32.69103519392817,10.939493310638548,-16.79524286230103,20.45187513324811,-4.308967671064135,-20.20341947835541,-6.628042895053654,-1.439567679014775,-0.5917920316534375,42.773914601415086,3.1760129456041453,14.892512133229818,-0.014959597666763802,11.452086148195262,7.824049451185711,-6.938647884084526,3.052002842397483,0.43514851180972425,6.544228632391547,12.351302975232436,1.5126157649643757,14.602736366685143,19.066634035225793,2.9210990707855267,6.267528960766011,5.826556909014657,5.731521610482471,9.608334579004962,-0.30819257750466234,7.480749396644137,4.49624382793925,23.853540352027515,-6.201775222702633,22.61388122087773,10.839490164221344,-9.536024002483124,11.626629050349258,8.33252480653015,15.36518777344189,-18.34910781405714,8.832640980022767,2.364051592913019,-6.114612131200747,-8.614113955947433,-3.0323731849310143,Actual adjusted month-end return from Yahoo/yfinance daily history,Market Table annual returns from the same adjusted daily history,"Sep 14, 2026 08:06:57 PM EDT"
PDD,PDD Holdings Inc. American Depositary Shares,Consumer Discretionary,Stock,,,,,,,,,,,,,,,,,,,,,,,,,,,,,,,,-14.34262837199225,35.86563512786087,-32.8642107117392,30.084983460099068,-2.264802139154709,30.16933328562128,2.4991491696862544,-17.167672696432223,-10.36290231406004,-12.640573656348797,6.230685271467662,7.949594589009812,47.14862947539606,-1.6783620060348392,26.87771421264746,-12.059687319873834,5.201665903196684,-6.874665507934708,1.5899986916086961,0.6987143894053416,31.66805504852914,40.957008183667696,28.36846539875193,6.943158164181296,-3.1154689708877914,-16.629188789679883,21.34861969696642,54.26760655693781,27.99510214957548,-6.731576280934859,3.288876185765144,-21.780788724971124,0.03733775854917187,-6.757258207481264,1.7136446482343803,-27.877497219763747,9.18021610815769,-9.348129162099161,-1.9300761391207066,-25.213673673663372,-12.330828214946543,2.641511038903044,-13.335560698342041,-22.657153609162574,7.4295674317871985,16.848452763575096,22.740816504343144,-20.6957946171905,45.480525389920686,-12.230015213846679,-12.384147927835532,49.62611376215826,-0.5972670140192426,20.1471486086249,-10.461318278036835,-13.484556455473706,-10.210803483788544,-4.152607142613252,5.8481318320136255,29.910327578440743,10.187042481593522,-0.909368005232114,3.4159258535185755,45.375670581063176,-0.7664167553588896,-13.286853350008743,-1.8365269808567564,-6.656496591123573,7.681720692624339,19.651700282911698,-11.236481484990502,-3.0537778501599555,-25.43253854800588,40.26635802983649,-10.548180015004116,-19.927025051037674,0.4453192999666955,15.383035495367503,1.5905627031085112,4.098861757977823,-10.798478195241723,-8.581981230258485,8.44472214846148,8.398617407382236,5.967390440344866,9.940107159293788,2.0428213555628183,-13.931929981762314,-2.3173693995295896,Actual adjusted month-end return from Yahoo/yfinance daily history,Market Table annual returns from the same adjusted daily history,"Sep 14, 2026 08:06:57 PM EDT"
SBUX,Starbucks Corporation Common Stock,Consumer Discretionary,Stock,1.2326990428897622,-3.8995884052329344,2.5596935735621162,-5.812375417112214,-2.04151973776151,4.062671488065006,1.6281378075101438,-2.797888872882359,-3.7168909159797647,-1.9763008920489988,9.739035898079763,-4.226320333037769,-0.5403226545406814,3.4520960068297635,2.672774451858184,2.860055159118735,6.347046816080537,-8.332025882173454,-7.425835789261903,2.0890159707923184,-2.096234926243179,2.10387109372836,5.992552576951815,-0.6744983553453765,-1.079584596758254,1.0556218058129563,1.3835293071381871,-0.5527483911443976,-1.0485865111036663,-13.799195710564005,7.246701803961764,2.7335559809605448,6.3423977637330875,2.5158208645941205,15.116196279969074,-3.47718928413272,5.807473220242576,3.6493366886609646,5.807010032708537,4.4928694457430085,-1.6312588033437603,10.215667758484503,12.954812206572775,2.361362645066478,-8.430008955303004,-4.365531963861069,1.5338821102909073,2.9146472078497743,-3.514548048798749,-7.113583772010523,-16.18006447089655,16.717409265864625,2.216533019514033,-5.641724387609981,3.9950645418912467,10.97543356332391,1.7165952918027916,1.2104253710297774,13.250012103733312,9.141021177900122,-9.506466699443738,12.06476988196179,1.1478301508194955,4.77716276211031,-0.13704846971489548,-1.8176933765211345,8.603879152850237,-2.869131605751385,-6.111147014521001,-3.843724460302589,3.8113914587542874,6.685541138170414,-15.944269944476275,-6.168204365588503,-0.8933469817672512,-17.950981356894225,5.912259547009602,-2.687922850498081,10.983110683603181,-0.2724490122377854,0.2260121100116752,2.765239338714953,18.7057989523419,-2.9354267581940596,10.0201739085912,-5.9908773424151684,1.9982365962219806,9.757042809768791,-14.142825453738828,1.4543253948454904,2.5338270122641893,-3.554603889264152,-6.332099541173863,1.062796907122543,8.245493906294431,-3.3131794240113366,-3.103847821581285,2.6238521136237036,-3.6986452935888536,-3.173218100107733,-8.65791244918549,-2.9543578602240217,0.1284368815728465,22.05463645200545,3.087653526194356,0.2154064720044424,5.520736751941624,-10.940861782063926,18.005480833990717,8.133872717700829,-15.300922400256844,-18.391285736902276,5.610246918118245,9.148305558190174,-2.6956119561982073,-0.4353018493261973,-4.0707619149011665,-4.408976061616087,8.49426878487558,-3.3291338200702403,Actual adjusted month-end return from Yahoo/yfinance daily history,Market Table annual returns from the same adjusted daily history,"Sep 14, 2026 08:06:57 PM EDT"
APP,Applovin Corporation Class A Common Stock,Technology,Stock,,,,,,,,,,,,,,,,,,,,,,,,,,,,,,,,,,,,,,,,,,,,,,,,,,,,,,,,,,,,,,,,,28.098603186840677,1.1573148144345513,-18.225352244190972,14.527411953537017,2.7982971278472935,35.76066916017944,-7.267174951296118,3.4573608876927286,-31.657122099529033,-9.841658674474974,-5.182510401749085,-30.72452925859658,-0.10485167477701784,-9.630023418697398,3.1939672842068,-30.697809436448797,-20.868857347896295,-12.981019581101606,-15.035373671659812,-26.925747089010045,20.607788521582894,6.299214194879221,16.666666666666675,7.9365079365079305,47.11764840518726,2.878845688785825,22.03653391826348,37.643317661690155,-7.542808986939297,-8.808810156183021,2.8540092061503763,6.323369692718406,3.2120518017720423,45.1981513975676,15.907568328559641,1.9503011417418392,15.459832378190509,2.1354906628406,-7.354004634476652,20.453961847683043,40.572842888779334,29.751049735703283,98.80158286403483,-3.8366780780206056,14.13087473769612,-11.86450026732504,-18.655980486137715,1.6379198844761689,45.928485226210384,-10.921123009601619,11.603069924815767,22.495516095424794,50.136856918347576,-11.302079692274214,-5.938844179021007,12.400752198153508,Actual adjusted month-end return from Yahoo/yfinance daily history,Market Table annual returns from the same adjusted daily history,"Sep 14, 2026 08:06:57 PM EDT"
EQNR,Equinor ASA,Energy,Stock,-2.5788005774270872,8.815227102783041,6.86810614504465,13.046267839395199,-9.194338572142568,9.83503372591732,-8.087835510128905,-0.26540155394659815,7.3482439989103865,-3.333346231651213,8.614245742202664,4.827564936951112,2.357490398822426,-4.535792448981013,-2.386359450949005,-4.365552189953914,5.964695443890267,-5.05454340447824,13.490593000133577,1.6625108337239514,6.578253536465506,1.0950260217068797,-0.04973535164953802,6.6733219008698885,9.430413020382677,-2.5061671555630105,4.507321735977499,8.245213303998344,3.409680150785377,0.6094925953270991,0.1893462837573745,-1.721977985104739,9.429506487926709,-8.865190335181639,-8.160133557104654,-9.452546012859198,7.605119527014703,-0.41317340419562143,-2.181676415630218,1.0013622387420762,-12.642939428083944,3.289800885791516,-9.959545280221871,-2.967481806224437,11.405056852686934,-2.321905512116318,1.4566684980654276,7.447387862083166,-8.689092310667268,-13.172747038801646,-21.67202602428967,11.494228536479323,9.638354619236477,-0.7539617957028288,2.9696241519088673,8.231600787990612,-12.398742046551492,-8.74825244276034,20.301101699124914,7.040421649765394,7.978077729692901,7.59308546081674,2.6371219154876613,4.162401682419969,8.705504893222905,-3.240546909424491,-7.735847954869413,9.12949762962143,20.339808941165426,-0.27449304435808175,-0.788898768443258,5.0678410648136385,4.633485934483872,14.873893410549076,19.23077361362577,-9.144212284887432,11.838488538379943,-7.700495240057725,10.50057157406159,2.08025128646121,-14.642941950760068,9.574110287624116,8.22349107355016,-6.93865366627432,-12.553505552478306,0.2628767775334717,-6.817406345091792,1.0903966066958093,-9.06113957423964,15.317807646227521,5.032523452627458,2.549282495012828,7.262022924654188,1.7688211051744007,-1.8559779807277743,-0.7216728548769868,-9.386863130920787,-10.998524547642685,9.788781648040846,-1.6278113024732588,12.327860959622416,-1.9904065967813578,-7.0027932360930745,3.8546883513800756,-5.801414821788864,-7.303588072576927,6.046187813179271,-2.0264611203708927,1.2663511806389804,-1.021233451742154,13.082524490427637,-15.727790307684486,7.0642669492043675,7.024268496281572,2.4264090433369745,-2.9568394743319293,-0.9345867374778605,-1.7227142751100821,-2.9100426981943484,3.142733148697685,Actual adjusted month-end return from Yahoo/yfinance daily history,Market Table annual returns from the same adjusted daily history,"Sep 14, 2026 08:06:57 PM EDT"
MPC,Marathon Petroleum Corporation Common Stock,Energy,Stock,-19.386567231028796,-17.183022583226816,8.55475689623686,5.110268055645784,-10.064184907392415,8.98648019758852,3.7671328338801713,8.860361033002206,-4.516568207488547,7.390975158988389,8.75947505907757,7.082083992983601,-4.568067940870302,3.970212342299284,1.8952198546705823,0.7914189756608181,2.8624639780266303,0.5572784618078419,6.994079080391202,-5.598616872321793,6.920910472500297,6.526361387922752,5.508901522650644,5.348893882415795,4.98635595366661,-6.890788990400132,14.127369302923043,2.462054204775943,6.123045522843462,-11.22356316348807,15.208079578175715,2.3942580788621326,-2.819334574358201,-11.904470730233452,-6.832981782999359,-9.438322963276324,12.286057172189913,-5.646567172539418,-3.4832937622496063,1.704282888037767,-23.65698646904817,21.50469511292563,0.912664849435818,-11.754528152174714,23.45055073490585,5.267480724896179,-4.390765247301076,-0.6431581162765432,-9.54356596536834,-12.11696011075054,-50.189791191318456,35.81710739392654,11.387143731523587,6.374493594663799,2.1936766593305235,-5.758538541475322,-17.25886862140741,0.545300625941425,33.70052220349926,6.378608039181133,4.352035576027102,28.023893401991916,-2.0688194308067898,4.038131910927234,12.10816483492787,-2.2330257040414025,-8.606412764681625,8.411338143784896,4.2854805677713825,6.665599646779619,-6.8883836591168475,5.16023086959807,12.126879313666873,9.33069591003417,9.798376576737144,2.0585016640870313,17.3569356982628,-19.235673299371125,11.494954123227675,10.586685281802822,-1.4094241502902949,14.386372546311076,7.8795174270051005,-4.449564979597865,10.421895265354797,-3.2642115657280146,9.085750851772168,-9.515689765885227,-13.42123853711783,11.142884793981844,14.082326306121207,7.874419065767779,6.002635882127549,-0.05946449860324554,-0.8189127202373192,-0.5563453893360104,11.620409442926306,2.690330920513051,19.068720544493555,-9.81637078248756,-2.3503685147110986,-1.7722672197289402,2.0405696431691878,0.5398245115424194,-8.022800228045291,-10.705301757212327,7.960374692114791,-10.662817131200786,4.4516147932386785,3.660880894998475,-2.9897282640716116,-5.683295035718061,17.641131944109055,3.3407949564409734,2.45620213625668,6.181572326692364,7.250559997127071,1.1258710233476021,-0.10495258230233118,-16.053262226941968,Actual adjusted month-end return from Yahoo/yfinance daily history,Market Table annual returns from the same adjusted daily history,"Sep 14, 2026 08:06:57 PM EDT"
LOW,Lowe's Companies Inc. Common Stock,Consumer Discretionary,Stock,-5.381148560639537,-5.763336329609158,12.172395966352468,0.7212472338860021,5.406435707794954,-1.1980777044307889,4.375592268205675,-6.951890202355204,-5.681805066512524,-7.2447662139626505,5.851479494488032,0.8079217263065264,3.2595156457987384,1.7652545013129295,10.541830095157412,3.6825520505347376,-7.19842521015358,-1.5741706817811285,0.38969577319163395,-4.534836885691707,8.187832381975667,0.5250570412268507,4.277682712670816,11.478948758459072,13.11861668012584,-14.456207004351029,-2.0538170931356903,-5.603860617186585,15.261482271043047,0.5893817403907597,4.440318884984906,9.472511270025219,5.581620241490759,-16.663635477673843,-0.8926911399024795,-2.129900389957151,4.643175803648059,9.286592826656847,4.167875259981457,3.791738451059734,-17.553496609584574,8.179695927723852,1.0274006100642774,10.650895482949373,-1.996432491767286,2.0016655460312505,5.107084504693349,2.0884699784098792,-2.5009608335097133,-8.318998462103334,-19.25496521875648,22.43944285233774,24.439165282479557,3.6593800328562187,10.627990964279066,10.596987414550485,0.7104124259443623,-4.350929783454138,-1.4421157593470513,3.0098888559969117,4.315190762409249,-4.255313103934766,19.048518863383414,3.496100344933706,-0.7235915408154381,-0.4414140220409868,-0.24616161154660254,5.812412066820438,-0.5051782168854602,15.679132666645511,4.606106522114284,5.678888674086857,-7.871916654494882,-6.863282355899503,-8.536129752048083,-1.8101776885697696,-1.2289487116741937,-10.563250416367055,10.275752589928299,1.3626879081356513,-3.260526970869193,4.366319511691841,9.027967155140072,-6.262058369121293,5.059995013311447,-1.2004708178484313,-2.8092413748247003,4.450266877260356,-3.223787415051771,12.215982047332208,4.287311632151236,-1.6177788376040447,-9.822985135396568,-7.770710656740754,4.334352581392142,11.92976714344043,-3.882142624505125,13.075532238841303,5.8420415870557685,-10.069582533113753,-2.9387331735975963,-0.3750660338945555,11.90260377981527,1.217872553210153,8.993959568334908,-2.920140945807226,4.04842862686472,-9.40790328719563,5.825043803991248,-4.383955373803761,-6.197717059631136,-3.6402906834375304,0.9706626197064638,-1.7100052000969312,1.3021368227265961,15.426928340793488,-2.615670161122141,-4.778634545010996,1.8267246137565696,-0.5443691674446804,Actual adjusted month-end return from Yahoo/yfinance daily history,Market Table annual returns from the same adjusted daily history,"Sep 14, 2026 08:06:57 PM EDT"
VLO,Valero Energy Corporation Common Stock,Energy,Stock,-4.016425980984739,-10.609810488008886,6.757673754868243,-8.216391120616562,-6.07944925937246,-6.764145912673147,2.509773525805259,7.057587382119457,-4.245705388525611,11.773565327452085,4.889428818048214,10.981154242850689,-3.747064770051134,4.413598819874975,-2.4429797003324705,-2.5343309534952896,-3.846546412876173,9.744569458265207,2.2383879460969647,-0.24245299718389512,12.96616730860678,2.547822749649642,9.455327956639547,7.346387083542405,4.417390675287569,-4.920862545735227,2.5989647954551387,19.575299040938354,10.017493828045353,-8.556111609641038,6.785161345746937,0.29833523410705,-3.503598489934545,-19.920876524645614,-11.440611313376303,-6.170220428682038,17.140178971314256,-6.11432078637586,4.009311628383494,6.872556744622127,-21.479184616201795,21.6051558619043,-0.42053768292010796,-10.715892803671846,13.230580057758946,13.772929751751661,-0.6516768908348625,-1.926881057559826,-9.973322254304895,-20.49748415551137,-31.532066841270424,39.66047683278655,6.846487867492845,-11.734674719876937,-4.403273930412411,-4.814475355234471,-17.626894365258227,-10.872588074452105,41.759933322907905,5.207356906401328,-0.24747900267111378,38.51852601819574,-6.988838946147413,3.296063069497457,10.081680636572221,-2.8855759521365654,-14.228994264075611,0.4408363654858194,6.424386361212586,9.579143520811861,-12.333643574703878,12.204957683121332,10.464656233772395,1.803556170894871,21.590231261026705,9.789237201228417,17.203518442747946,-17.993830869847084,4.22468932611364,6.657692129515191,-8.768799581745668,17.501183025437328,7.174135736771969,-5.059110352031593,10.38152569722448,-5.240490400955878,5.974331865039839,-17.858167099947963,-5.790266236127383,9.58522109760407,9.897680052024294,1.5725434179654219,9.091616478574792,-10.380363060808929,-0.49023199090905134,3.7013567036843664,7.657985768456932,1.8430659827534113,20.66308665114407,-6.339004131413528,-1.0274067652441654,-0.2418367094454199,3.164086467812366,-8.664794271255438,-7.97383387134084,-3.9028526560358046,7.996198106978758,-11.856464709628256,9.377850925937746,-1.7067741477832743,1.0250230894082835,-12.099655718432857,12.037320530870588,4.225790109590144,2.9849556635772823,10.705706828604944,12.005797876947844,-0.41113820935824164,4.90363847212163,-7.903371707428519,Actual adjusted month-end return from Yahoo/yfinance daily history,Market Table annual returns from the same adjusted daily history,"Sep 14, 2026 08:06:57 PM EDT"
ADP,Automatic Data Processing Inc. Common Stock,Technology,Stock,-1.9239787255250884,1.9256316681679042,6.588268807736286,-1.4156641095333766,-0.6784353876002625,5.229924475360992,-3.178409169856422,0.9668247015671039,-1.2099829417438368,-1.292518992127889,10.291747583407895,7.679540090577608,-1.741599225755841,1.6140242489767642,0.3243315457834628,2.0509626130734038,-2.02891244038359,0.6548748466398413,16.055028439307083,-10.461691477280489,3.221337413853087,6.348333923970206,-1.5482505904386046,2.9446071190112333,5.4953235607546835,-6.721653598023791,-1.0543745802996551,4.053607578053242,10.111777413686141,3.69441167989335,0.6337032235274265,8.711747019585303,3.1481567299053603,-4.367489050223927,2.3181630386717833,-10.550531355864944,6.650392344413092,9.43223345477584,4.928232408649347,2.9109148178966926,-2.5974254904257865,3.7498776156940528,0.7197484829494893,1.9937430233462505,-4.489330566549155,0.501785140861144,5.2703078205563525,0.3822470696096092,0.5219909875635365,-9.714659030046334,-11.124803634210634,7.323668147263951,-0.13630675885023535,2.2345262397004184,-10.732741704140548,4.649738848794427,0.9569229159211545,13.241066573161241,10.078511712095972,1.8792910331822732,-6.288289927114333,5.38998663930732,8.859687909812063,-0.7852546943342698,4.829123861995188,1.8041274468389545,5.543247122531669,-0.2814653562737135,-3.927222893436566,12.289941826663743,2.850888925501449,7.271586841122746,-16.388188689361492,-0.8391004308239469,11.853882569841456,-4.1135635675597415,2.1816994012849866,-5.338798310050786,14.797166159327135,1.3644791749505059,-7.054809321479838,6.857084130285274,9.284232034499574,-9.132503444484675,-5.463459604951392,-2.6526639901619853,1.8518938344788571,-1.1813412534585233,-5.004538801289393,5.778508126735815,12.498300069676516,2.9725768585869172,-5.037547004539555,-9.294217185803177,5.361564420487452,1.940779771843948,5.49855839724076,2.176752380848823,0.020947593054709834,-3.1432780645934355,1.2526462564965701,-1.9819076123741786,10.02553242727604,5.0605805005076165,0.8041037000307893,4.520637956936335,6.116026104266337,-4.132269558918688,3.511766355525081,4.016363281177648,-2.545199177929991,-1.6135968976343062,8.293408190711116,-4.788818702699604,0.35666748960376804,-1.7608949965985832,-2.9684453377095465,-11.311757475479755,-1.920842365698927,1.4072679466117233,Actual adjusted month-end return from Yahoo/yfinance daily history,Market Table annual returns from the same adjusted daily history,"Sep 14, 2026 08:06:57 PM EDT"
SYK,Stryker Corporation Common Stock,Health Care,Stock,6.681767070349354,0.7362250940120108,7.808857498478838,1.6031340118518367,1.9723028412789834,8.157657109944715,-2.9625401616477864,-0.5332047146599295,0.9741577454823291,-0.9105496589925877,-1.4651054210424785,5.782856188072727,3.104929372158427,4.071887221115356,2.7326079505947343,3.585258352429732,4.83246611514192,-2.6274682859912413,5.99511867088991,-3.8953565893050768,0.763584311616361,9.048016774926593,0.7296819743981553,-0.44294994363549556,6.16119578206995,-1.3505200316864752,-0.4695959705316777,5.2821162651302656,2.715143302263745,-2.694795372583081,-3.3223066927452027,3.785599207825374,5.1504223246029435,-8.70106224606284,8.161784793674155,-10.36190046383636,13.28231560538442,6.160928131314414,5.058034032397107,-4.359032892010928,-3.0014489356399165,12.48069493555266,2.0430169687842836,5.18638677881571,-1.7397705623842241,-0.013888880465262599,-5.275808396600212,2.760364152967809,0.3620219888144316,-9.544366064417575,-12.328343624736027,11.976673571422625,4.988505262896603,-7.633844080547625,7.275650105078002,2.5142217940334444,5.444941483817423,-3.052265627313522,15.538815551490682,5.262512574209266,-9.806572208671582,9.809529969767294,0.6286655043324707,7.820816415674825,-2.8024137806017535,1.9939656932526084,4.31603004318537,2.273543996371541,-4.604168923870944,0.8910894279620551,-11.064766612532129,13.302345821418982,-7.243299001256087,6.168103976864114,1.7780068230998092,-9.758717455915233,-2.801958355715406,-14.86932470781529,7.9525481724110225,-4.447042643026766,-0.9618554090287001,13.182565575268846,2.0284459707553992,4.857484709675863,3.812018580162846,3.5735175815357456,8.885970122280984,4.967239812693003,-8.032692457906776,10.985522580786755,-7.106092937897279,0.04938436413861602,-3.353531328132764,-1.1160893197110333,9.662489893969584,1.3273496415019181,12.02831458704241,4.050914518896898,2.755600661319102,-5.971444184459596,1.364038926581701,-0.011380855152887115,-3.7619333163225743,10.068709144335175,0.45613922434841747,-1.378519336617856,10.067921463145769,-7.972242134333496,8.676567228450738,-1.3033818017040177,-3.386963787997077,0.4486282255839136,2.332046707197444,3.615991107008809,-0.7329969075865028,-0.3361180550791154,-5.339301403423235,-3.6329747849013105,4.193811700683181,-5.074204198565324,Actual adjusted month-end return from Yahoo/yfinance daily history,Market Table annual returns from the same adjusted daily history,"Sep 14, 2026 08:06:57 PM EDT"
ING,ING Group N.V. Common Stock,Finance,Stock,-13.89302070888413,1.1216433843080242,1.7918306249520732,6.808940064829083,1.3854914994734235,-16.96140013401465,8.518887857114766,14.542802768503282,-1.6732644942489938,6.239853105329551,3.5087678942008704,3.9056713779443752,1.9858305420133782,-3.8247803661508817,9.11064548177607,7.886030251744258,6.49083459638351,3.0213126818764424,7.705594335196109,-3.5956969762758195,3.5995332870511376,0.5428857237641971,-2.2678168703573642,1.988958615054548,6.717229590867002,-10.76141146962465,-3.6974059742105214,2.2762265653032854,-12.864800132427302,-2.1189340164935455,6.6340952761324345,-9.360747156762928,-4.491898885193402,-8.943722990373749,2.286214405316911,-11.754975038951255,11.350867980885315,11.37319357346449,-8.169424170710194,9.232325383761374,-15.67397496971148,7.5278757023443,-4.062237530828538,-11.646195437077933,9.424077888336413,8.421064420078906,1.676958711864729,4.600691819898484,-9.792526106943654,-12.695498335347866,-45.73234795074702,6.7961115145356965,16.000009625871513,8.150457075997641,0.0,17.24640701115907,-12.484584620423888,-3.6722917863963866,41.49559313045395,-2.1761635664192203,-6.56781360452483,24.893496584205877,12.511456425049005,4.1700938384650055,9.654634191822552,-5.22548095219022,-3.3232535227764592,7.656222426747994,5.152408589066981,8.595886047155265,-8.988768069819919,1.0893218370854552,6.321839571652177,-21.35135209968604,-10.395187022877794,-6.110630485302226,24.439060201714714,-12.367495938326567,-1.9153310722817563,-8.160799044230348,-3.1890680156415385,15.529408424814184,23.421595776436277,0.41254168123403545,19.3325011507695,-3.187796768329243,-15.03220747823808,7.868942859191641,-0.8885291457484068,9.77995403361238,8.16627977499702,-0.3062018504173425,-6.855117623644558,-2.5796658358383406,9.657325830975694,6.676130952633952,-5.459388134028753,-3.3802747462249316,20.189506370717613,0.7570713172684762,13.227857925579944,-4.192291527940983,5.775950284291853,2.767956232385038,-0.2745480400285216,-6.66299772049912,-8.84955993302391,1.4239524496012956,6.877517507482822,7.000603205322542,10.490696355495711,3.0753784633507086,9.757361298074429,2.869229609488566,6.812996608503963,2.011982471871976,9.441871437640458,-4.409501482009492,4.051338912929636,7.941407560642255,Actual adjusted month-end return from Yahoo/yfinance daily history,Market Table annual returns from the same adjusted daily history,"Sep 14, 2026 08:06:57 PM EDT"
BNY,The Bank of New York Mellon Corporation Common Stock,Finance,Stock,-11.705658524372286,-2.2915507895882703,4.068973867941605,9.717699997118224,4.522816949370023,-7.631916992674615,1.9017965567376338,5.7614199455573445,-4.295682958014291,8.974351292627514,9.590871123179445,-0.08430841445561388,-5.192531363828278,5.387899473693114,0.1909003246020502,0.04261036472299473,0.12751820016045912,8.276702076431231,4.413707849290294,-1.414259453289879,1.4154279113413493,-2.512407166045527,6.394561303254398,-1.607579451875163,5.711976787886486,0.5820349786562984,-9.644050473251975,6.243972442042289,0.4402739958096369,-1.4977032551129366,-0.3304730212521312,-2.468656494242072,-2.2243587376567175,-6.60273122637377,8.409033296535418,-8.263486818687383,11.736094142062402,0.3058228717915945,-3.9062576977268892,-0.9556843058506681,-14.035428346630097,3.4200193977034,6.975312863297556,-10.358048951756182,7.489288148421092,4.1036503011629755,4.748692937705434,2.7771839237100915,-10.436727016017,-10.897698106620924,-15.588998415169542,12.435526687103682,-0.985649628612717,3.98170504051647,-6.450834289882945,3.1520191056127356,-7.138990721563109,0.909921436560146,13.853283862339882,8.486734141677443,-5.429357080968411,5.849889379127982,12.167907080041784,6.160857703852818,4.410618149246215,-1.632114330427592,0.8816298524512378,7.578398837674372,-6.1209626636663845,14.854512779872731,-7.449344133807745,6.004757228587021,2.629477204437869,-10.310479007498841,-6.622782452310638,-14.581516712332586,10.817889088969789,-10.512780524966914,5.089900519057822,-4.440858409812143,-7.247779461640391,10.300884647068953,9.000242081343135,-0.8278843859436669,11.940671859867823,0.6130018316201191,-10.691809579172485,-5.434749894591551,-5.611636689247057,10.746250865399066,2.833530974697185,-1.080266377818162,-4.947622449600708,0.6585021084836606,13.694138608394123,7.719360217456872,7.376758939198513,1.1359499631457215,2.7277600283581505,-1.2453826286145442,5.5230971864077105,0.4697131286112821,9.469928993974408,4.840932886797433,5.335685677251045,5.517414972007706,8.63853201389344,-6.156106317311316,12.460454201748771,3.5144884658740994,-5.711083178994503,-3.5314819968347955,10.197709656739896,2.821354579144919,11.942390933313307,4.09068812740685,3.1818267091257457,-0.4567709630478478,3.8636204753655923,3.5593243365605876,Actual adjusted month-end return from Yahoo/yfinance daily history,Market Table annual returns from the same adjusted daily history,"Sep 14, 2026 08:06:57 PM EDT"
MCK,McKesson Corporation Common Stock,Health Care,Stock,-18.379513099494016,-3.155118623848052,1.0474379983220539,6.721778586564819,9.12880379125205,2.071234390628085,4.237869702464092,-4.964262873781255,-9.67937667822717,-23.73612224078887,13.306551661570353,-2.336403534330378,-0.925627480947111,8.091389107154544,-1.2455488216223887,-6.724657568192094,17.933293965516107,1.0626175310019415,-1.6227472596144876,-7.545769924079337,2.8799546795666764,-10.240248214411618,7.397699413414527,5.557063806977847,8.291079221469522,-11.439550235368667,-5.602085985211847,10.889484964420548,-8.92073900022039,-6.016638511003569,-5.847059905914021,2.816448771772384,3.0291148702551007,-5.947978304499113,0.09897355452292977,-11.269057354184097,16.094837005647644,-0.5454864702142515,-7.942743181868462,1.870818459300616,2.7470521271186987,10.0294907650621,3.3930623393291226,-0.19276473694718188,-1.164357261225757,-2.678186025434237,9.05751000510504,-4.369435224437224,3.1014846298815346,-1.6553610029007904,-3.2890277886648223,4.428524726849892,12.627141551180078,-3.3087491741610187,-2.12490012916714,2.4640289554007433,-2.9392467909730935,-0.9669293604619655,22.266479621915856,-3.3294535908038103,0.3162553911186583,-2.8372078437836734,15.340040877731864,-3.835093518834287,2.797375257918344,-0.5977462380130749,6.583350320591408,0.38663132587635207,-2.3317461827084385,4.2632235869472845,4.491641350778552,14.675248933974183,3.278739737379488,7.288117757776202,11.336185941817444,1.1367786556753634,6.311771403238309,-0.7545015385253984,4.711687002535503,7.601502290626594,-7.392379932731208,14.564401420554706,-1.8361364603349806,-1.7187227629772983,0.949053745017503,-7.483270353046956,1.7838177572666147,2.300251779902296,7.453871396774958,9.331192667238675,-5.829522992180869,2.6161080698588357,5.464236850248949,4.716552823548281,3.4785019319955035,-1.6108492098442784,7.972269751238481,4.42858110148503,2.961187735972959,0.06706518894949998,6.027446373758205,2.6486362133795183,5.646890394816362,-8.949906435869813,-11.880678368436271,1.2479260310497287,25.55184099454881,-9.219625909679142,4.358567818857462,7.651954829060537,5.228678279145016,5.9139141791647365,0.9427770595452856,1.9448940428935746,-5.354948183700214,-0.9948976026463607,12.644720842070644,5.022399479554451,8.60057793802913,-6.816991531856431,Actual adjusted month-end return from Yahoo/yfinance daily history,Market Table annual returns from the same adjusted daily history,"Sep 14, 2026 08:06:57 PM EDT"
SNY,Sanofi ADS,Health Care,Stock,-2.368128981137796,-5.019204596440141,1.5423430187781362,2.3406244768647833,4.460024852551414,1.577650526574348,1.8638001055615083,-9.75838134804845,-0.7278414934595134,1.8329258450034747,3.368492458202854,0.5970234007655506,0.8407357507774327,5.762643705834436,4.915362699861214,4.5303889447937395,8.279254071489772,-3.3877700683207945,-1.1479840554929455,3.125000734727257,1.9451146027740673,-5.041171210489159,-3.4687114793030993,-5.784375059659097,2.162786971474806,-10.65330127613292,2.1146451731642424,-1.8962315750359893,2.2517741178756046,4.546620888448971,8.372924246182102,-1.1762037888730315,4.247369885297192,0.11193296787150864,1.408766657261462,-4.277831278811828,0.09216991542220221,-4.2578232340437,6.442348904529527,-1.2421069034143861,-3.6880484879861064,7.024476352247233,-3.628390706340545,2.997617752880055,7.869619238144643,-0.5396044262430233,1.3020855183060842,7.540691898498997,-3.844622862426328,-4.184789333027561,-5.470262831187056,11.087664989716295,4.868669062167275,3.950307035242129,2.7424097131074188,-3.565279903950258,-0.8106141017391599,-9.707001716272757,10.816794706484401,-3.207181485026278,-2.8400839946500445,-2.796031475394034,7.7794829077319605,5.883539535385118,5.877459283412034,-1.4411371559953645,-2.0888721420644574,0.4266818819069096,-6.894546324226458,4.604860536879141,-5.671229168720848,5.3184690465582385,3.792433473585577,0.8653675896599822,-2.116295406138158,1.7724934971745432,5.922731538430792,-6.04694091182888,-0.6596024132669132,-17.44467517741295,-7.3360922116811,13.703326252129155,4.903984733498978,6.791625944073876,1.4660351449907072,-4.660158144321502,16.157953362405998,-1.414919911541812,-1.326131851806267,5.64485098800549,-0.9833166716350927,-0.355998374277644,0.8649765869263915,-15.641308631405415,3.314921408207172,6.3743315187156036,0.34185744188608425,-4.108225198721338,1.5673908831979277,1.2963059159311285,3.8147118829733095,-1.0401824186942576,6.780716946484433,8.589065596390654,2.4351325629474285,-8.242233049306002,-8.30181831974015,-0.536193331709478,12.668457713628811,0.23923846677220695,1.817510232989883,-0.9195842901595808,-6.173401687604796,-2.1470493128866397,-5.52680668261416,8.41367602137093,-4.607919228755564,7.161012767113939,-1.383947306582023,-2.8468321194090818,Actual adjusted month-end return from Yahoo/yfinance daily history,Market Table annual returns from the same adjusted daily history,"Sep 14, 2026 08:06:57 PM EDT"
ADBE,Adobe Inc. Common Stock,Technology,Stock,-5.120294936109304,-4.465382980123945,10.15854535627927,0.4477592273782305,5.5720653067094394,-3.6996081833864936,2.1609767982460504,4.547309340371575,6.0893397572076235,-0.9489577764961399,-4.371690525762562,0.13617293354049043,10.131132214039251,4.374668552325378,9.962826525073076,2.774149292934025,6.071478079610615,-0.29606525245895465,3.570420648041095,5.918491257992264,-3.854093094345845,17.415211329840652,3.6024191748511125,-3.433071959900502,13.992232506879464,4.69063407771364,3.3232901955588146,2.55461135953563,12.490971080050928,-2.194320141001793,0.3568332414171982,7.69577311324956,2.4439308575542107,-8.960924840278729,2.0874043772286077,-9.825020509566562,9.538543717771763,5.923651134662289,1.5199962797619149,8.54066216356113,-6.343995195683883,8.767072918087738,1.428810976509709,-4.801571401088367,-2.903240477348923,0.6081421450791824,11.369771862074106,6.55186859408643,6.46736522474709,-1.714421393208987,-7.788596796220181,11.123688254261,9.320209843290627,12.599583726347795,2.0697916005047112,15.545104020899657,-4.4722377369140975,-8.835101282419055,7.016326255635197,4.5248383056930574,-8.268016977370907,0.19618205977194325,3.415489640574809,6.935650453196018,-0.739664357066594,16.06485200232224,6.145411743420559,6.767692517054358,-13.255995161329338,12.964638790848237,2.996800337253136,-15.345223822308917,-5.77716818443712,-12.468649941837828,-2.5786857995771295,-13.096436405256728,5.184997637672084,-12.106226492917937,12.036277619092006,-8.943722108769736,-26.30676670740144,15.734006494300012,8.298270855818291,-2.435275005029791,10.046651912528915,-12.52632299767431,18.959710015662456,-2.026623156330265,10.655263069834309,17.042049889471578,11.693489400135704,2.411345251003838,-8.838994276331213,4.345950956533673,14.838554405386727,-2.3583957626512553,3.5501264796626852,-9.307520035156125,-9.937891818709865,-8.277847607215671,-3.9042364001666052,24.90780776808068,-0.7002112840004848,4.1257949285225415,-9.858802335489258,-7.667356884837851,7.917086505731463,-13.810013182306824,-1.6258839137881842,0.2537399292692699,-12.547883775456425,-2.229287883654929,10.696566263908114,-6.796114506241846,-7.544975721929081,-0.27677324711841145,-1.1073765270124603,-3.526577587925228,-5.929885345876951,9.32745600103717,Actual adjusted month-end return from Yahoo/yfinance daily history,Market Table annual returns from the same adjusted daily history,"Sep 14, 2026 08:06:57 PM EDT"
ENB,Enbridge Inc Common Stock,Energy,Stock,4.248288529534339,3.3279447014883834,10.164220975399218,6.759171160024446,-2.9678871299815723,6.192031281319044,-2.903674401893175,-3.041292849562327,12.003023956680359,-2.396577009419898,-1.7048213456266392,0.19031494859671483,1.13955292821859,-0.7347818675056961,-0.023855255947646814,-0.9321761900677683,-6.0773118594944275,3.37576367431065,4.1446821407289836,-2.3735651839088656,4.626128120792172,-8.078387767122786,-0.6360354980032179,3.7125496570372896,-6.3410693238094336,-11.789133555257292,-1.0999540576330347,-3.813141470890924,4.261167121502685,14.869633345317634,-0.7285167866355691,-3.556299294705012,-5.501900670009752,-3.6543935589583354,5.372019600720224,-5.041254525721306,17.824983234744863,2.601841671761118,-1.9735037213377327,1.8753265780008466,1.3003698589089785,-2.142626178887108,-7.455682563176557,1.8634124657101125,4.8416197757923385,3.791342113129259,5.889778893840436,4.657887911580105,2.263019740322858,-6.641868510121352,-22.281605583137587,5.465844390718222,7.748990714299198,-6.2558114805394975,5.193974069598739,1.894690918064601,-8.807007834673808,-5.616436571020477,15.595978188548166,2.499179599239887,5.032840959932505,2.491319895752908,7.660443184575594,5.961566463341961,1.5202327724833875,4.0540613375867895,-1.7232674678647864,1.5829825572225564,1.2464849451619964,5.175883716140506,-8.872525422291433,4.102309654501068,8.16275155895001,3.759167826050258,6.739231737291074,-5.315669359500042,7.400051381364237,-8.429020867130044,6.31801036037507,-6.839240456922225,-9.99516303001452,4.986538215991465,7.67875030872005,-5.303941690941871,4.782594118096473,-6.904856824791783,1.679111614361406,4.220152552726586,-9.968251582546772,5.539751027498485,-0.9421411922240108,-2.92915487722345,-5.387694403944298,-3.4648875777683275,10.942609037942885,3.2979683677607508,-1.4436582956544042,-1.0894898317750812,5.113313235794581,-1.768942547274377,4.7820592789530325,-2.7064046018824173,5.141890512087932,9.220953720933501,1.0701695761524022,-0.5170947295344064,9.028479638541299,-2.189953461289129,1.9090269570545493,0.29909882696954604,3.697637286050348,5.371251712630976,1.082114786082844,-2.495704244859165,-0.06619889195917938,8.26921364031612,4.385587525293966,-7.60997950516823,4.633211733049647,-1.947521875377578,Actual adjusted month-end return from Yahoo/yfinance daily history,Market Table annual returns from the same adjusted daily history,"Sep 14, 2026 08:06:57 PM EDT"
IBN,ICICI Bank Limited Common Stock,Finance,Stock,-15.070228252540508,-14.736874706726388,26.27869397856497,-1.5363129592306235,1.9858179302054024,1.9563018578169444,5.571032977775547,1.187328455197778,-2.607559533961823,10.977257842605415,-5.428229232049764,-4.464286280758934,3.47129509948656,5.806433025491353,4.878057986283912,-0.34884169288667,15.7526093490167,0.2558914935383072,3.790409128252903,0.644470913088635,-8.6446131841467,6.892524017564905,4.262290473667374,1.9916154059417712,12.846862932320624,-13.47905644525641,-6.842088030614457,-3.8418268117815457,-1.4100881647766905,-4.290833461664967,9.96262070365448,9.06004612601432,-11.838002263679881,11.778543499637495,7.165453154370338,1.1799457453166795,-0.7774633859467306,-3.4280029164354575,16.227177656099514,-0.08726328387979043,4.803498316553134,4.916666888210375,-2.7797470796153356,-8.02621572423805,8.459491624983384,6.978651955022763,8.13507747756439,7.097234433892985,-3.37973392064016,-4.869677757852142,-38.71665375082385,14.823548654838259,-10.860669957145785,6.781614950341264,1.0764265759276581,14.376985029746049,-8.47300791489296,7.324524463154147,21.895750483794018,15.552088637079308,1.6150666201763197,10.000009220537876,-3.491871288247339,1.6843418551441003,10.490793454818203,-5.052737809385832,9.037498957518997,5.54061985492611,-3.8226438169937316,12.082674799124081,-12.718679079906071,7.204784597811309,9.802928540113975,-10.400372488762644,-2.722130044683191,0.5279794227700085,1.1029272765203713,-7.844158139978575,17.136439646026158,5.727360802916737,-3.9835205131123597,5.102534740805087,7.6224953817897845,-7.715014959184807,-4.842389368616384,-0.720112742266743,4.352034939669558,5.421686031592832,0.7472559124470868,0.6980806845135135,6.455788795051753,-4.917983462862685,-0.21578605081401525,-4.022492918637588,-0.09013697913183849,7.532698842057384,2.348993398674093,4.959026350574303,3.1237687139260117,4.240825521842195,-2.8695982816655974,7.741211145643034,1.0413031684624263,1.5501528841455503,1.8423729372943898,1.8760454630677659,0.46037612395930516,-2.2585890441599865,-3.9852654376611674,-2.755497525927386,13.055954727410413,6.472086431922963,2.026227076435383,-1.7523410123210237,0.17835380646784582,-5.0699323024985254,-4.757405075134214,0.23155520735500534,3.069310079345411,-4.578930503697931,Actual adjusted month-end return from Yahoo/yfinance daily history,Market Table annual returns from the same adjusted daily history,"Sep 14, 2026 08:06:57 PM EDT"
CNQ,Canadian Natural Resources Limited Common Stock,Energy,Stock,-2.611085720796291,-1.881447912456391,30.280216666722694,11.185177522366342,-0.9326815771251384,5.667224790136238,-1.9461794300812407,2.7125238079302783,3.8050413103955183,-1.0299605346893559,6.49637585546734,-5.068667661894233,-5.17566688721659,-5.028120652325619,14.961310805151129,-2.805724545356192,-9.444621789189,0.6359521035585347,6.102627991200316,0.7189679669961313,9.411842509742652,4.210221597083907,-2.8080376725116096,5.957237337159205,-4.395268031163546,-7.8770458387239835,0.9052666136728504,14.648889389999752,-4.2128780899020395,5.191621135254176,1.5802814203722093,-6.741270060570281,-3.6407269097078254,-16.350291165045416,-7.942921351600008,-4.055651859045573,11.313742309599961,5.733420275597356,-2.1978791416108923,9.018205521076972,-9.97332116284907,0.9831376302678274,-6.266215306731371,-5.458861922878288,12.68148789550525,-5.29478524535123,10.904053947277713,16.77571919231564,-13.044803846879294,-8.28295137047016,-45.43077799810564,23.690014715937302,7.995229394025527,-2.177838388522735,1.3195619340966802,11.381651445805009,-17.163074380923725,-0.3747739637070091,43.19750799999713,6.726473710031278,-6.112257131590426,20.85913930626686,14.490681879323253,-1.5873235569515143,13.956556579474565,5.891352555457607,-8.985664060731846,0.1513975178401239,11.667699856889712,16.3382659895698,-3.9755384930548976,4.6303558754700935,20.52074156544148,9.642561381627957,12.14388269920914,-0.17747107409048501,7.208650371204972,-18.27700878657039,2.8315905219961524,3.572222218423571,-14.16175826918088,28.709459871936673,-0.367016949988086,-5.9611263841197975,10.642898221400433,-8.024079631384218,-0.7732843087334018,10.153577366581978,-11.628674353929291,5.70566783383013,8.069675089117068,6.398031049576325,1.012193037985032,-1.762793211233371,5.147179810944458,-0.7489048706763146,-2.335149930476177,8.907647250381467,10.68144287304893,-0.6551083057229068,1.3321008697066317,-6.273918785275024,-0.33706111893896384,2.0574935987070386,-7.184540104024095,2.4390410254387263,-0.5879047209625399,-7.584227799859122,-1.6844873228628154,-6.85337391971077,10.418796851288281,-6.8506435417806095,5.855699366795553,4.757488573334245,0.9554149085355013,-0.1577288531115606,0.979463786288437,0.18773484127132534,5.465339191224805,0.2368852363737739,Actual adjusted month-end return from Yahoo/yfinance daily history,Market Table annual returns from the same adjusted daily history,"Sep 14, 2026 08:06:57 PM EDT"
CM,Canadian Imperial Bank of Commerce Common Stock,Finance,Stock,-1.5485184267488905,2.2205373858009247,14.068083259802489,8.111360626239762,-3.8999541095437573,-2.1443833564925296,1.1722286842215102,4.384453917312614,-1.0367217141950213,-3.314849474209125,4.949334446216169,4.885893197852842,4.411760446610247,3.2863603628156657,-0.9678131056175543,-6.240569750944136,-3.414560777770348,5.206502685544856,6.998511724104373,-3.316460902284446,5.488939972784501,0.6055460458747053,4.213555099937061,7.295114920938839,1.65278678364158,-7.8468633223902735,-2.115136546076879,-1.393284620368107,0.2986732705982931,0.7044042379438009,4.958555723666902,2.685526069277544,1.2099724523876754,-7.944960609257445,-2.8266838296125085,-9.950222283397526,13.750990461017931,0.05897671743733124,-5.5845011661774135,6.513236680553436,-10.021393226795094,5.081883712559154,0.14002293845125635,-1.5889224477896091,8.044572813057549,3.2703406140396796,1.9235393108751664,-2.990929758154681,-2.079321692137648,-6.628191050419185,-22.399845937487573,2.4840430558002335,7.608133809779605,6.427760459289966,3.5538219598925114,14.419629015648061,-4.4614435685625065,-0.13385631492061068,12.838390003476597,2.846912193458029,-0.3392938183990779,8.206173866571387,7.422582230650621,6.222539451943088,13.380155492972555,-2.4261596747440883,2.0902814264611935,-1.0581596393872683,-2.2469809817461273,8.948776068346632,-8.073548056349445,4.566231431675427,7.6870192244741675,0.7090587468854492,-2.7471528362534636,-9.154407473287252,-0.4613271463077995,-10.603077401139027,4.223304007395412,-6.483475163891672,-6.233589055046618,3.770552777103231,6.077961835463452,-14.716273354943954,12.781183080882496,0.2411446969796005,-5.829708886726981,-1.1079644595133775,-1.7640192365706353,5.193440852828002,3.2567824303368464,-10.120254655087857,-0.9218407543093998,-8.650634096027632,17.096669093521832,18.21350778970747,-6.148747024968904,4.736622048212635,8.616791091840437,-7.945591913165839,6.1040931563485,-2.719881892255638,8.729487108612544,13.05861509278996,6.101096909745429,1.9889172398997568,3.516623881488501,-1.3322639859276064,-0.33211560740535884,-3.8717848806579913,-5.952031401315594,11.811724683690494,7.926936939679741,5.31495018133723,0.8612180001930758,8.188693033841643,3.3639473714267565,3.7301298590774135,3.933868385831718,5.201446745851279,Actual adjusted month-end return from Yahoo/yfinance daily history,Market Table annual returns from the same adjusted daily history,"Sep 14, 2026 08:06:57 PM EDT"
HOOD,Robinhood Markets Inc. Class A Common Stock,Finance,Stock,,,,,,,,,,,,,,,,,,,,,,,,,,,,,,,,,,,,,,,,,,,,,,,,,,,,,,,,,,,,,,,,,,,,26.088187114853966,-5.05414683933566,-16.896388547931195,-25.82213431922764,-31.534310473262895,-20.32657975128217,-15.123671005941086,12.489591768639418,-27.424129244538886,2.600715007691634,-18.290259203170066,10.097322344808934,5.524861762012856,5.75916418586524,15.64356301020393,-17.89383645531023,-15.119914350302178,27.886970618513995,-3.2660918114462145,-3.574971872762611,-8.856845039120786,0.7909569695701446,11.883401982915554,28.8577179012131,-15.318813110011376,-9.917354358654917,-6.8297660309389,-3.719914002369573,44.77272153393308,-15.698587409193209,51.862195656679376,23.421212874966212,-18.08246170592397,26.74348034337828,8.660284684108843,-9.423159295112448,-2.1876463892415487,16.401585981177735,0.2988885337155578,59.81269170417014,-0.7458779626143386,39.42566586997573,-3.561120811644203,-16.92614730640487,17.996160189059406,34.697619026165505,41.54194269638598,10.06088441169528,0.9509904886144005,37.63336956250707,2.5143220335731797,-12.460821255104538,-11.977590754995916,Actual adjusted month-end return from Yahoo/yfinance daily history,Market Table annual returns from the same adjusted daily history,"Sep 14, 2026 08:06:57 PM EDT"
PSX,Phillips 66 Common Stock,Energy,Stock,-2.0170999053319316,-0.20598349597678034,9.069134310841775,-5.173795884541443,-1.3378404933138466,-1.2693268568273686,-4.134086441448681,3.9757490895699243,2.6768732942213935,0.7448863238427972,3.157931613249265,4.008184594392361,-5.543358125286613,-3.4427536854446994,1.3172705863699674,0.42918898359609603,-3.493170113981403,8.645385805914984,1.281896642398106,0.915822288987389,9.306782193368136,-0.5785536323128171,7.930761277091869,3.679831372571707,1.2357534707085005,-11.077064439180518,6.141400569551281,16.044643032206608,5.345199404152545,-3.588314783633084,9.821051644840551,-3.2454789843908705,-4.885665811641726,-8.7828186127072,-8.282489556255811,-7.880650833072567,10.74868511352387,1.8475628471805061,-1.2349664913801184,-0.9456691789656246,-13.406116614034469,15.767283985730618,9.642957902230286,-2.948105554570668,3.8223660168894114,14.082042007722917,-1.0520532439943553,-2.885289789272627,-17.987613550883886,-17.244964217095117,-28.332877629184207,36.38399277032032,8.315031805977657,-8.126739060484944,-13.741304242829443,-4.372020578211311,-11.33915058919679,-9.992287489733275,31.85236489501435,15.450667961774212,-3.0597824056046607,23.885449731496177,-1.8181570155487714,-0.7726133069537511,5.203535972467654,1.8998074167221324,-14.437216464954183,-1.9586181855846485,-1.4910586345803223,6.782785589665918,-6.410836934816588,4.756367909422554,17.016323647774744,0.4126634139121732,2.5522356154206394,0.4283047717430266,17.38852713779362,-18.668791229389093,8.549822657849205,1.6199402796071682,-9.769731650570456,29.19973012492465,4.895047927736473,-4.020677242543269,-3.6606487805386667,3.317799287404033,-1.1505575452671613,-2.347610769646069,-6.444340433593288,4.115270484665223,16.95323739083465,3.2973176851183617,5.247010267900953,-5.060334815182044,14.028733525685656,3.2973855582775213,8.389665632002874,-0.5338009754831452,14.616520498166818,-12.323965847388319,0.02054053666231681,-0.6614661380984654,3.0530329888521557,-2.751128564529659,-6.314579066800452,-7.325984947417686,10.956660772631688,-14.964918681829598,3.4582708411714513,11.019390952826713,-4.78834701382781,-15.72723649257175,10.103320607758137,5.128666321522712,3.5875922322285536,9.15825669699255,1.8266349270569249,0.088197619957886,1.457798114954234,-5.7827182197574984,Actual adjusted month-end return from Yahoo/yfinance daily history,Market Table annual returns from the same adjusted daily history,"Sep 14, 2026 08:06:57 PM EDT"
ABNB,Airbnb Inc. Class A Common Stock,Consumer Discretionary,Stock,,,,,,,,,,,,,,,,,,,,,,,,,,,,,,,,,,,,,,,,,,,,,,,,,,,,,,,,,,,,,25.088556584068588,12.372706320626836,-8.921736427220639,-8.103647722515749,-18.707666933805168,9.07407838105545,-5.961868172391838,7.624478442575677,8.232785376214945,1.7347264751769842,1.1015994279161223,-3.5064263523736816,-7.5199734875226465,-1.6107005961402798,13.38041341254459,-10.799946661753346,-21.10828441361724,-26.300984688631768,24.584644225101737,1.928274756638615,-7.142858588110168,1.7802767805437103,-4.461700597763151,-16.291364293208378,29.95321708813048,10.953107822961794,0.9085032103116175,-3.802253455720106,-8.272751464324823,16.753218166564075,18.749998511744238,-13.56199425622252,4.30254924424629,-13.789085979563387,6.805305063875933,7.756849244753927,5.876303831251728,9.247954688150228,4.75646499974709,-3.8736658156981463,-8.601888136732294,4.622930066669961,-7.960170768013275,-15.942963878785122,8.09820151539511,6.292875862450686,0.979306617677933,-3.4530871553641984,-0.18263867778375298,5.870242475969767,-13.977098520335819,2.059265949544442,5.807088203236255,2.5891444479772208,0.05289959661174404,-1.4198359873246358,-6.97923902210017,4.216770568105255,-7.547023062006286,16.00991853914211,Actual adjusted month-end return from Yahoo/yfinance daily history,Market Table annual returns from the same adjusted daily history,"Sep 14, 2026 08:06:57 PM EDT"
GSK,GSK plc American Depositary Shares (Each representing two Ordinary Shares),Health Care,Stock,2.329641387762993,-3.354740906091358,4.861617366935489,5.820002154668091,0.029702496407213452,2.2893882603132187,3.991641151216352,-2.476151433928653,-0.7593067145559407,-7.233978911998518,-4.435890208010895,1.905255621306745,2.077406910752577,7.000653445763616,1.6393728828825838,-2.9885954074126975,9.415208494721083,-2.5096234752359003,-6.029641631157611,0.5261471924456806,0.9197109430712835,-10.270936308927814,-2.4123901262963487,1.1694487786369612,5.7513192953981385,-1.5100033082266706,7.601163531187449,2.6619398139442474,2.3712052770365366,-0.5182717120143954,3.175358247248705,-1.434050137208498,-0.814795924344025,-2.7632471077297716,8.49687816131366,-8.741358916099495,2.5909421016071077,4.467100511015665,3.5430838927684505,-1.5792950188659671,-4.86418310335377,3.571411366291355,3.1484461772105954,1.8937984167240574,2.645516595883035,7.310239090708759,0.4006109268534397,3.3201550373615607,-0.40435589777876313,-12.187951395971307,-6.513726520728735,11.03193921555572,0.756176303126721,-2.69560045761148,-1.1522585013174047,-0.6284082001863034,-4.949514696750912,-11.211480200696455,11.495670792260215,0.027156031394359736,1.2228100711646261,-8.166255809021472,6.188664006938627,4.623130158184319,5.242707078301656,2.7083376031964868,0.8036003385680779,2.787227596878439,-6.210141412830616,10.782524050411046,-1.6496262148417595,7.247081117324861,1.6326563059942956,-5.23724785693187,4.061169405131637,3.948587630413236,-2.263665434722828,-0.8428473496445044,-3.124272503101133,-22.10064226202858,-9.390412388662872,12.708136821799897,5.295207685641468,1.5900617057926336,0.34150849118206317,-1.8742366727596105,3.8225849549655466,1.2647381335638697,-5.837668399883944,6.071437228057519,-0.19640456337801648,-0.2091890840236421,3.188148232764809,-1.5172594546192353,1.8166245174294549,2.9730852504851413,6.421974947099618,7.275832224611811,2.3150169228378203,-3.335660714846078,8.931959784476206,-14.004924873835146,0.7012944116396858,14.323621347627547,-6.90049188238847,-10.078279062995389,-6.0922727001519235,-0.9083158193936236,4.287410497569333,7.7468407487257585,3.059330194649479,2.865231993032946,4.150380250645913,-6.4099309845432995,-3.2552160110300377,7.96116093666257,8.797591999857413,8.572743257159775,3.026459680667215,2.465532572952922,Actual adjusted month-end return from Yahoo/yfinance daily history,Market Table annual returns from the same adjusted daily history,"Sep 14, 2026 08:06:57 PM EDT"
CME,CME Group Inc. Class A Common Stock,Finance,Stock,-0.8278009353667959,1.769619420800428,5.719374517740894,-4.31025757462129,6.506323609935438,0.12500208587888917,4.969177371516054,5.976145343693529,-2.994411754791393,-4.228901263680996,12.79725771849014,5.519730983109006,4.967506226365925,0.3138539061787071,-1.6647782714213744,-2.1969763882331184,0.9467366119617404,7.3826578171916735,-2.0919765837268955,2.593393152270407,8.41089006304232,1.098192627984984,9.018021811841347,0.45051671771594304,5.087276707241162,8.26167039182717,-2.2542124554027376,-2.510176494866878,3.310482430392825,1.0336919634891473,-2.9283037805832524,9.810240397544078,-2.192208801369655,7.655220754978953,3.732819525589859,0.299483302268011,-3.1044333322680973,-0.20299400612446838,-9.135579607322297,8.700927288467897,7.389582393342353,1.4144683181315898,0.15969501748027692,11.763175547101689,-2.410152363819096,-2.645012712601469,-1.467818683498534,0.6072137954425738,8.165620884046065,-8.424323303482895,-12.68870405534308,3.0651740021893303,2.463401599712922,-10.589432359436469,2.239437527623589,5.8310576621028565,-4.380566389810192,-9.915745169988599,16.129255571629784,5.964061946512644,-0.17029003992361513,9.882231753603431,2.7002488032574767,-1.0967981613710265,8.302410020422691,-2.3756157357488705,-0.2586371182681457,-4.907331168868801,-3.6870565653641107,14.050041660334944,-0.013614289011465441,5.501681444236528,0.4552087444873898,3.06316761745673,1.015838314948092,-7.786089388608531,-9.350782482375763,3.4707393859155555,-2.550064776740524,-1.9400425423286793,-8.993103923421897,-2.1622642429344197,1.8464930194710405,-1.6267954931380335,5.054704400014476,4.924726523665979,3.951819978346638,-3.0023006071764113,-3.7788842644881915,4.287156085367316,7.377632282983981,1.8697161362850823,-0.6772876154301333,6.61273619945999,2.295504329363185,-0.6272267881025528,-2.2602107420479856,7.049191746746941,-1.7822392543837662,-2.624365540650031,-3.1768623740801805,-2.5871886074036787,-1.4699734309917778,11.372655500830042,2.812092444220604,2.134594556181302,5.608816873796929,0.48300591558061434,1.8473169623578922,7.293248784804107,5.056482657808248,4.444171304945277,4.302014823407152,-4.193069519062376,0.9650990495784662,-4.229542063740799,1.8657072752639614,-1.7395064597970356,6.015288129677376,-2.530070827836306,Actual adjusted month-end return from Yahoo/yfinance daily history,Market Table annual returns from the same adjusted daily history,"Sep 14, 2026 08:06:57 PM EDT"
AEM,Agnico Eagle Mines Limited Common Stock,Basic Materials,Stock,12.024367815447468,19.83424447360358,2.7273013242612665,30.558644357494224,-4.50872356835429,19.100657875493553,8.672851224644983,-12.718916071444042,6.969404559283077,-6.238484106791753,-19.000822772678262,2.3142260928508795,13.571427408514092,-10.893517215068272,0.07074354403491245,12.700313973172683,1.4190225827683145,-6.796095839487249,3.5239382505461547,9.956464060328173,-11.802608847590612,-1.282874916063137,-1.813635812711667,5.650893596625739,2.3819845258782335,-19.20718326250289,10.448984642583014,0.04754593259488349,7.054619398985551,1.9577538073185297,-8.618816090525616,-17.318764893332585,-0.9270119433160806,3.391787547983882,-0.3699094363151967,15.034169521122976,7.871286181672654,-2.2826703133024595,2.4493956579605625,-4.804606222455233,5.5843327733500425,17.549894991424587,1.9320643627412482,20.070185098445602,-14.34733133078695,14.661429955488181,-2.7494432494404752,3.3724674132272314,0.34086248838653965,-22.81376390311294,-16.28441388591192,47.474187124363624,9.410218392710835,0.0937581711041302,24.086786029008778,4.048718866124679,-3.5030239769655136,-0.40194590327328195,-16.473798822933027,7.04417785599134,-0.9360485556976439,-19.534706273527835,3.4723721149822584,8.008974607125175,14.910338528619116,-15.336132350661957,6.997500030450943,-10.522857202962077,-9.857452822488877,2.314389557737373,-5.47349661439811,6.706829951730153,-10.086558610429952,5.671836364084348,22.217383099122202,-4.915075307249883,-8.424264856607467,-13.546182751694014,-6.053324567373631,-3.225371988819037,2.4751132674262433,4.096615993093788,15.507554252634304,3.216192253651573,8.636289006478414,-17.78630680158694,10.732145700021523,11.300763540777847,-9.770184181591501,-1.5754152024607393,4.86193801009005,-6.68171078398454,-6.307984243315268,3.2123188254177704,15.338331316941245,2.1415260972814654,-10.373756434152458,-1.4163923844363047,24.11569144619814,6.202855252520156,8.303268767586069,-4.119644991654125,17.996946623545583,6.08906279795649,-1.1169937669723962,7.11271583309705,-1.6964713280461563,-7.356073577041267,18.83392340341752,4.031307054287381,12.598682395470862,8.458628288034898,0.689527034681392,0.7966793188801891,4.5657026791458,15.929563441515393,17.242815123423206,-4.597758776266381,8.469605201013962,-2.58575591861977,Actual adjusted month-end return from Yahoo/yfinance daily history,Market Table annual returns from the same adjusted daily history,"Sep 14, 2026 08:06:57 PM EDT"
SO,Southern Company (The) Common Stock,Utilities,Stock,4.552274240016008,-0.41382214723222344,7.368219299493184,-3.1509923010031304,-0.2068143302513481,8.474925616184814,-0.24239329706073898,-3.029168091764023,-0.058410867874503225,0.5262967191262069,-8.148674982667092,5.061934052548689,0.48788672692774426,4.0167919175087885,-2.046421321060521,0.040174046120533546,2.822332451071019,-5.394168182538362,0.10439581228298689,1.894868792651705,1.8234710612904381,6.2271194891639015,-0.8080833157483203,-6.074216968666024,-6.196698762812314,-3.285604698523714,3.7157369478257873,3.2691725927242343,-1.2874882666695786,3.1403078530533257,4.944910273543202,-8.765228285622928,-0.4111410388633274,3.2798215019484545,6.461603290538909,-7.204748358509605,10.655742320446748,3.5050580674325538,4.004834853554251,2.9798773462650363,1.6924006456239038,3.327097263320078,1.6642439426438838,4.792877091458725,6.024723811902755,1.440844055431545,-0.07628304887238313,2.758484681148343,10.518050995035644,-13.490037575197288,-10.304859701461622,4.783929347175064,1.7891443054834255,-9.14662725398464,5.323036661252467,-3.324969508422748,3.909513947798371,5.957198251526852,5.237891683954543,2.6399458920963292,-4.085968587200439,-2.7180502997717015,9.591012059452964,6.451078664213705,-2.4205496403952753,-5.334789277676267,5.55279906729611,3.956174487943054,-5.72038229243641,0.5647829090521084,-0.9204909432000918,12.242252433469304,1.3268886563954752,-5.8330759587247645,11.949973216508614,1.2136396042788933,4.048151725853466,-5.749403282127464,7.825003169175648,1.1167282190253536,-11.768517290578673,-3.705867356607273,4.392161036776954,5.573625131090898,-5.223355727297763,-5.854199720607777,10.339371450527413,5.705657143689802,-4.268883994898065,0.7168540481113927,2.9750909979485707,-5.402447204943995,-4.444109824009079,3.9863884424637286,6.529261676442788,-1.2116068241423306,-0.8556796363727415,-2.2413092024532455,6.676582878008408,2.4533017057038364,10.032054310778182,-3.2068851301799484,7.670502461406037,4.3079497651207665,4.375001649798493,0.9425432744538442,-1.2788636427288669,-7.640522519187687,1.98007044236983,7.864010523057097,2.4056241947217005,-0.065252422768447,-1.2329166104016465,2.0333316769028498,2.8857734777595567,-1.532781016929774,2.676052405368079,-0.7702765703960224,-2.3079245851016505,-4.302029822151965,Actual adjusted month-end return from Yahoo/yfinance daily history,Market Table annual returns from the same adjusted daily history,"Sep 14, 2026 08:06:57 PM EDT"
ACWI,ACWI,iShares MSCI ACWI ETF,ETF,-5.302750263073419,-1.2485900772767011,7.394650624427079,1.3378553855982966,0.33445536251537344,-0.04972198368600189,3.7702428240786956,0.34276632447731714,0.9393737665044366,-1.9120199558897322,1.0350157685236727,1.9622745271774544,2.9068837787690205,2.512726148640332,1.3457239117696362,1.612396991639975,2.209109658326769,0.7871132430723016,2.7332166775099864,0.4013109253969027,1.8800947356601538,2.1505332061234617,2.0199168926391398,1.45034144332985,5.7012217535306275,-4.475073343973968,-1.4974612746172955,0.4044723150968821,0.47232486489967584,-0.5853488993356581,3.0652247772615215,0.6957944695021201,0.609666322770086,-7.433341783168523,1.5857020086708973,-7.210140830772193,8.042374027629574,2.466815490518881,1.5768273352219753,3.4234021653668956,-6.070751547994313,6.490390454318229,0.06789053668616596,-2.2098842061705315,2.245945773913638,2.738967083129773,2.336053942759553,3.4419167035275366,-1.4384893174807845,-7.489424958787739,-13.409904636601677,9.8289843063611,5.093138874052605,2.9405745379438297,5.358108878482981,6.025473324704245,-2.950805109138932,-2.2272140307306953,11.760928506873425,4.687280543082717,-0.3086321650118573,2.2888187157701356,2.85373457283733,4.245931905844702,1.4719130407445657,1.2608759671690617,0.9091833240066016,2.1741281464695117,-4.226981799065799,5.394317260404269,-2.3074533373658945,3.887848486490908,-4.547170115446075,-3.0603150694553105,1.9411402849576431,-8.067723204840348,0.4469436075588362,-8.106923986139481,7.068791802508256,-4.364292101021716,-9.394643526930002,6.347161654701017,8.336368507102708,-4.610050393672404,7.504710122008551,-3.320535429892668,3.332567744934578,1.568677199492785,-1.0476246453529403,5.784289296756473,3.5959926543025045,-2.907732293697207,-4.279787181547801,-2.5441200171039458,8.886920831090329,4.812817036778716,0.275145494631035,4.507585269255143,3.2630102474271228,-3.550354651862886,4.575420367657412,2.037801532624406,1.539148785970701,2.497160678677135,2.1969515465393608,-2.0911769347857656,4.032461906016804,-2.6582104771936677,3.1404200536127025,-0.29705512392874667,-3.6745868217761934,0.5155120418494308,5.692795037305753,4.806481875471125,1.0575380093005293,2.677751203986656,3.597131406680276,2.2931083581956058,0.04242156584441936,0.8928625207459406,Actual adjusted month-end return from Yahoo/yfinance daily history,Market Table annual returns from the same adjusted daily history,"Sep 14, 2026 08:06:57 PM EDT"
AIA,AIA,iShares Asia 50 ETF,ETF,-7.806961846733396,0.05129625207480615,11.182381453575507,-1.0611074481810756,-0.18653166553472822,4.883866315943197,5.642661749824485,2.3526657927958494,3.74818683652387,-2.135727625960404,-1.3461131304514429,-2.692314846996968,7.720572810103699,2.0076408076891594,3.345786245758231,2.3614415687077894,4.334902354466519,2.283779733275848,5.299963233507943,1.378729780054866,0.557105646070144,5.393511604640477,1.4687769827084196,1.8219927277989045,8.70683014164657,-6.630454299732924,1.849921323071313,-1.4647668410128323,-1.263569900536221,-4.985233977891501,1.2581539552728005,-1.0852474145964353,-0.5724320882113831,-11.962253084547402,5.031788816084526,-2.522567049820512,9.656404401344854,-0.11543595108401972,0.9410542351022677,3.336611464748196,-9.702439893042492,8.165942055918517,-2.562854757427635,-5.193502621730984,3.6048932132578537,4.29814150491572,0.654117753686867,9.004498057037335,-5.8333185506472045,-0.4022569180851532,-9.999990825204408,6.677431236286324,-0.050478331255610076,9.707317575433972,7.195700874169986,3.4928307643123935,-0.24995194510096796,3.3973758583792923,10.032307966681508,7.578245478546086,7.456691836174278,1.1316262641206887,-2.6918621164083056,0.03253919657952853,-0.9760361640306692,0.8705235596849548,-8.401529952704722,-1.012515863709973,-5.896515388759582,2.314586723215739,-4.374453822419399,0.9976376317960112,1.0971898822649706,-6.485820360234451,-5.180978254354029,-6.134338891807745,1.8782973704629224,-3.6678078289757554,-3.8731228110212568,-1.840498655347278,-15.675678527778658,-8.213141831918879,27.01877796302852,-0.8964569129236044,14.2932647591709,-10.023142287481479,6.066843088156992,-5.138131770454812,-1.4307727900246259,3.872373857135303,6.276230864140997,-8.35307929798269,-4.462437370083972,-2.7051417001433764,6.394812420646545,2.765027787182439,-6.330871641343161,5.377545336940037,6.099256492934235,1.1200867762391375,4.332952904069676,5.381605555715918,-0.4321308680634628,0.8680187064746159,7.240352459913035,-1.0652944139600828,-3.1743962179800245,0.10744693965021312,3.007525167163072,4.866178787627495,-1.2556356191977147,-3.1789731342919847,6.59526718054817,9.692840054501994,2.5906871204360193,2.044240602895653,11.477724151670587,4.61946108689355,-3.7081979823659683,4.102318389624471,Actual adjusted month-end return from Yahoo/yfinance daily history,Market Table annual returns from the same adjusted daily history,"Sep 14, 2026 08:06:57 PM EDT"
AIRR,AIRR,First Trust RBA American Industrial RenaissanceTM ETF,ETF,-7.995151752390372,3.884164328663986,11.343478765837855,3.0734143921612667,0.8337847831321188,0.18618623100268294,5.657284498333537,2.0176050770939646,4.0542069248719725,-4.573827767731964,17.118037899337057,3.218941880689963,1.2685049237089574,0.4592999054602309,-0.5645805489212896,1.797650781108362,-5.954820706613139,3.6267284753006113,0.8435414663853447,-1.0455924868349231,10.182761706542331,2.9953829129621967,1.1185533560869931,1.180114876488858,0.03648669158708984,-5.4340039256078665,0.2152520812548131,-3.5796599366328508,5.469074289435127,1.5354284643257943,2.8127953393201954,2.249656931446453,-0.7100361382099796,-13.01858704512766,3.659523538581877,-13.779588308539825,10.281236491428647,6.216537350079854,-4.042188532799351,6.234611898637232,-7.915058318107338,10.691849770060347,0.7196832814198473,-5.4531838546392875,6.878115604885848,3.9091398099864394,2.970278401562698,1.081409296319169,-3.5793181688440256,-9.001504397642346,-21.465899586201008,10.423852965032232,5.338535536944944,4.1989369974967605,2.122212756638997,9.36363846036128,-4.899838517596522,3.2363305469699233,18.1273446834852,8.312424955145858,1.9800755970701855,10.921712445632492,5.712882046147594,2.341040103264125,0.553822606952048,-1.8389958001629791,0.8343862940899394,3.1161841396353696,-3.7822552617451266,7.003506263504722,0.11395416568706906,2.7417762048174366,-9.389145269039956,2.005880286094741,1.5587744836780493,-9.492325115808098,5.191728313414834,-7.859487392371722,16.81251040242886,-3.226525777680289,-8.918817269568446,17.531719753219054,4.182421152255222,-5.682510960845244,10.924746111706064,1.695953215646906,-3.465475465133261,-3.946686549844469,3.382490632805646,13.471140421935068,0.7399276796256071,0.6242957656415138,-5.9508292117254165,-7.259311665740675,7.220591771368112,12.990913459029318,-3.1293176452937277,13.599866299569685,5.798010074703641,-5.3170915850093925,14.07059917222222,-6.018852828182464,9.33981468635896,-2.048479515974133,2.1219914718226596,-0.2410542895112444,14.7268192962396,-9.791546255106788,2.972477931672457,-8.218842479966316,-6.218224794165916,2.1111348673594543,9.935389989316711,6.396459311974767,7.100731782626313,5.001145828186737,5.630698783211163,3.351257222006021,-1.0108031555081554,-0.569551788411915,Actual adjusted month-end return from Yahoo/yfinance daily history,Market Table annual returns from the same adjusted daily history,"Sep 14, 2026 08:06:57 PM EDT"
BBLU,BBLU,Ea Bridgeway Blue Chip ETF,ETF,,,,,,,,,,,,,,,,,,,,,,,,,,,,,,,,,,,,,,,,,,,,,,,,,,,,,,,,,,,,,,,,,,,,,,,,,,,,,,,,,,,5.722108746877708,-4.755314927263587,6.496893333762888,-1.376408447923716,4.908329787161381,2.1533233283690167,1.6554543248098685,6.817923154518768,2.7543534792419333,-0.6923804862773553,-4.581678284483237,-1.7745352287730776,8.289051634227974,3.576095118678535,2.5048163013974722,6.109020999638903,3.365812978919114,-3.770359365864129,4.274278000002263,2.988901976165814,1.1608507222253817,2.1311550928177603,2.0064229737807526,-0.3147162792761504,5.682715831288188,-1.1811073137908745,2.6819861566362624,0.22388688912668986,-4.914372005529588,-2.5058753844549586,4.658633485298602,5.556405759844618,2.07940018150361,2.2435839238659883,4.695236391082247,3.1006715928632467,-0.07744526233421922,-0.20254157715493548,Actual adjusted month-end return from Yahoo/yfinance daily history,Market Table annual returns from the same adjusted daily history,"Sep 14, 2026 08:06:57 PM EDT"
BBP,BBP,Virtus LifeSci Biotech Products ETF,ETF,-22.160937769307367,-4.343474079936904,7.460344039567657,4.866187571020708,8.159308102944562,-3.5788320938500373,14.817014108800253,-2.405946378772672,10.390478608262166,-13.249400410937307,17.588101147928082,-3.7613803156335557,7.664113521919624,7.600685158073217,-0.5007876902745401,0.7629142736066186,-7.145485102383065,12.313138072869133,0.960445032402113,2.094880057832693,1.623919042378441,-4.988818813272111,0.6712205872730026,2.235436017089887,6.755418567549243,-4.364894741223879,-0.32600415848984543,-0.6662665432161985,6.024393221227142,0.9592818154694038,0.6243266890424204,3.204186811932863,-0.386165277600492,-19.955949490721125,5.503577302152474,-8.972349016740388,17.9426846679563,7.540936266232179,1.2311977543044028,-6.621139897343431,-8.894943037539626,7.704203171395996,-6.480916292945427,-2.9793146201421594,-3.7338342047486983,5.462453477030227,16.64111566434454,-1.3283215496753265,-5.214795592512855,-0.25448266240362116,-9.026850353004335,16.94711926665702,4.830425227446478,3.3028296077012076,-5.375822015121701,4.5712854909806255,1.6070625968756636,0.828579565427634,7.3023035002804715,3.166138842496724,6.109752878443997,-2.7824501625305254,-4.620148162315263,2.609162865801329,-3.7304571330860625,3.1827672694605402,-5.239679257174168,3.9038068061028497,-3.1214300743640844,1.6758286848737924,-6.934857885513823,1.4533612801111095,-11.847163224768298,-2.272780207110381,3.280597911377159,-11.180624072417567,-2.0561490308213415,8.98155385731043,3.081095098208153,11.351178050096976,-4.172300921495465,2.986457395971498,7.412401344179931,-1.7406757337699807,5.377438294483494,-4.646643558597585,-0.4786225334699856,4.446026676872217,0.5109682828207562,1.7203374370785784,4.492243821087927,-3.6135148563550157,-5.601777298718414,-6.77366453004894,9.454794289085221,13.787627478492116,-1.15333984000624,4.010653675623721,-5.217241346273605,-6.4371406179770325,6.706311957320343,4.007649508706779,6.636380290951949,2.359497691451762,-2.058855564706208,0.7049550393115833,3.7750396771552452,-8.610837428122641,3.8605042953637536,-1.1951535137991853,-4.827081612905282,0.4657331612228033,-4.735944437175066,3.791374191932695,5.67080803408202,9.416542878611667,3.931737971923188,6.655611090279079,7.318966214360145,-0.21849847716934878,Actual adjusted month-end return from Yahoo/yfinance daily history,Market Table annual returns from the same adjusted daily history,"Sep 14, 2026 08:06:57 PM EDT"
BEDY,BEDY,Bny Mellon Enhanced Dividend Income ETF,ETF,,,,,,,,,,,,,,,,,,,,,,,,,,,,,,,,,,,,,,,,,,,,,,,,,,,,,,,,,,,,,,,,,,,,,,,,,,,,,,,,,,,,,,,,,,,,,,,,,,,,,,,,,,,,,,,,,,,,,,,,,Actual adjusted month-end return from Yahoo/yfinance daily history,Market Table annual returns from the same adjusted daily history,"Sep 14, 2026 08:06:57 PM EDT"
BFOR,BFOR,Barron's 400 ETF,ETF,-7.875577091548481,1.975577764441372,6.727714091029724,0.3300416746661705,1.4144715475654213,-1.3623126111056094,5.228542334030073,1.3125031098023765,-0.15422660760565643,-3.151078729878065,9.633182503087134,2.7363489869659086,1.369860581816451,2.3930009357693294,0.7698992110588332,1.6643715566277306,-0.21469781866348958,1.6137762925173327,1.0587464721897533,-1.3095762307031689,5.334383153685129,2.015635042062325,2.6673075510844413,0.619472275383437,3.8720470286270903,-3.519340293000117,-0.04798207191928361,-0.38414972366875855,4.1214767353972,0.6018468418691025,1.3575698913674605,4.381380224333276,-2.174847636488342,-10.849278081323598,0.6982549588747222,-11.302338554282553,10.907579098842435,4.523483476128387,-2.625813312257297,4.2446975694533595,-10.131728631389702,7.755858126274684,0.9151658933887585,-5.441169331571016,3.110397567242118,1.6088662060588454,4.032648269305272,2.344846447194837,-3.1586342024069736,-8.770239789380662,-17.319910993191524,15.086492329882573,7.625922132373475,1.3188496343818024,5.666181629144318,4.251191099196916,-2.7108320801717656,0.8097054544404347,11.64658542189201,6.353652227970463,1.4868267167420957,5.5632603529167435,5.757697385005911,3.4935187290722425,1.4564822460776172,0.33777917770192456,0.9762626815355002,1.8336403827049041,-3.4773560792035862,6.378291525625968,-0.3986662169675359,4.122796185886757,-8.25575337490645,0.03383992283232384,0.3550812737695752,-7.245156013210307,2.870127956529167,-11.266120130557788,11.681592745611336,-3.5994328500659423,-9.168200758056233,11.314615532079152,5.94149270404245,-6.50020182549097,8.442768594449701,-1.2456744453022583,-4.572515830842605,-2.037835258848375,-2.211384649052428,9.716369889164888,5.64191856647176,-2.810853739519592,-4.2191210970501825,-4.3516940743801635,7.725168281810135,8.589650893627754,-0.514467224131443,5.429853092503301,4.09260345553033,-5.360049825994794,4.029869752114301,-0.8674784245805811,6.698857874027775,-0.05656220471081941,1.471427738885045,-0.13943387046981837,10.597591892911161,-7.491952590015716,3.9164481223682213,-3.834965167542992,-4.510444833508409,-0.691251599423548,7.265086061063641,4.109780065104562,1.324498691267495,3.12699726311636,0.8823208784467518,-1.502835460117502,2.326167561388326,1.2467753545632565,Actual adjusted month-end return from Yahoo/yfinance daily history,Market Table annual returns from the same adjusted daily history,"Sep 14, 2026 08:06:57 PM EDT"
BSVO,BSVO,EA Bridgeway Omni Small-Cap Value ETF,ETF,,,,,,,,,,,,,,,,,,,,,,,,,,,,,,,,,,,,,,,,,,,,,,,,,,,,,,,,,,,,,,,,,,,,,,,,,,,,,,,,,,,,,,,,-2.8978987369114195,-4.0065733617929755,9.11872192809624,9.42232398766163,-3.5366471181557335,-2.9011716457654213,-4.728029306921355,8.845508354606867,12.48739305414659,-3.597430611267738,1.238950166957986,3.6860168277808247,-6.188284942559507,5.383458207795888,-3.1012160398868005,12.924595400112505,-3.5731360168088866,-0.4192403154467561,-2.602994502312217,9.69092964271725,-6.781438254816264,1.3856896759968373,-5.421414080347442,-6.358378538791887,-5.761323960806797,6.331875053354286,4.620121367051566,1.2610392816029714,10.965746930016662,-1.0873370528488469,-1.315608677833835,4.455772143022707,1.265362133273018,Actual adjusted month-end return from Yahoo/yfinance daily history,Market Table annual returns from the same adjusted daily history,"Sep 14, 2026 08:06:57 PM EDT"
CLSE,CLSE,Convergence Long/Short Equity ETF,ETF,,,,,,,,,,,,,,,,,,,,,,,,,,,,,,,,,,,,,,,,,,,,,,,,,,,,,,,,,,,,,,,,,,,,,,,,,,,2.5494675667961264,-2.1002036085454034,1.5637162718251219,-8.124452252022962,3.9540278790756167,-3.197455812424632,-4.617386672926549,7.6762137135096165,3.3500836519282373,-3.980664833432912,-1.2118656482776213,1.3301107202243534,3.1082079766368675,-1.1609531406732043,0.286982464640273,5.223924796257529,1.6696226986937734,1.3373873607134046,-0.6567990460652151,0.21625854189035731,5.061968387633486,1.3113666822992087,5.364987886753458,9.126333711863088,4.232530666896817,-1.9080310224492858,4.289281660890798,2.534675587563018,-1.4925420478418272,2.698861689134646,2.6740559187402146,1.526706500848829,4.157455658896825,-1.8403105411102572,1.876905937079898,-2.784909930258228,-4.759810043160739,1.0180416539717019,5.0389453526518135,1.9188814599835569,3.1664504428961626,1.7420186499143897,6.155727994029814,2.9185802689443374,2.052245696646904,0.890559289963444,Actual adjusted month-end return from Yahoo/yfinance daily history,Market Table annual returns from the same adjusted daily history,"Sep 14, 2026 08:06:57 PM EDT"
CRAK,CRAK,VanEck Oil Refiners ETF,ETF,-4.9442909887412405,-3.4853925167143918,11.833256261521585,-2.0491064954558547,-4.6778843753706445,-2.168169144680687,0.12974212584637712,4.459075997321471,2.8940549538834404,1.1903570019129006,0.9083064429773025,6.019633964264726,0.3838743506001663,4.2495378085061875,3.8562066863602196,1.2361992718456838,-2.6079527258295987,4.692826071804612,6.201869096464252,3.1010908290575845,4.792972512854998,4.819776626908445,4.356339830199607,6.211533227061183,2.149831049982409,-6.074616715293645,1.5447302118919204,7.990638106963588,1.6223039130529582,-3.515734758496991,8.93590247595668,0.7855012840005227,2.2979012906075846,-10.879945747717967,-5.205051156755102,-8.526377845207412,9.53801113660553,-1.6666485763102368,-0.5015798397353444,0.26073753875803796,-9.67405918216,6.142032335995884,0.7052430349559602,-6.5002773239978495,8.538511530562708,6.076153130640716,-2.0517037164487495,-0.2761046042288884,-10.876342481920931,-11.581826716086951,-23.4285714576283,19.575230702955615,5.866526981105791,-1.46018684230792,-2.1629093133016863,1.881459538814645,-8.448756096039489,-5.864838051821875,27.176311619753225,7.9620564771131,1.1175592414451874,11.670115429014928,-3.3629009493523876,3.2376495292965046,6.350442275350177,-1.5379372445715522,-7.164690827105435,2.7798071312364447,3.9786489688830695,2.402630158118013,-11.430481570407746,4.473926333282119,5.343011679509813,-2.739732590168509,8.54460874202909,0.023290289969235545,9.536638467243996,-9.930154535178604,2.45785245423662,0.9904938678697128,-11.814919839297966,11.757311278693216,10.484028577802151,-3.6782761334792857,5.224367844027467,-4.017681451331356,0.8885826522014417,-3.2430587309335013,-5.689204950053572,4.274386530519392,10.247930179067378,0.8425828482467868,2.9110113441866314,-3.813922573342321,4.776199156596861,1.7315423694505228,2.1800100502500586,1.4414040132813,8.130806248618704,-4.176873639993639,-1.474750434123706,-1.1681914976267693,0.6315229598532923,-0.8552400613146993,-4.052664293122699,-8.730801507426078,0.9274876075411775,-7.8859128520829,3.7265993647110474,-0.9954463443282768,1.7489185982501043,-3.514268258037856,8.045446294000014,9.47564023779992,2.4207409228444554,5.227117495834244,3.7906681473015125,6.568541431016484,1.429678217146746,-3.520396533044212,Actual adjusted month-end return from Yahoo/yfinance daily history,Market Table annual returns from the same adjusted daily history,"Sep 14, 2026 08:06:57 PM EDT"
CRBN,CRBN,iShares Low Carbon Optimized MSCI ACWI ETF,ETF,-7.029993827779535,-0.2635942794544377,7.335779402366538,1.0962390703643354,0.4967708483974098,-0.9988087859233219,4.276827040885789,0.4612907340000083,0.9848198147065501,-2.0882693097792226,0.6724004549557794,1.9000935325754975,3.275102426785592,3.0099893003428413,1.7079246823548333,1.242496057511877,2.0673994137698326,0.7235462744958898,2.533650455101455,0.12672628550487453,1.6271850775753105,1.9391428953193124,1.5707059203475815,1.5071374535214455,5.876299840485744,-4.330257876309574,-1.359565666908924,0.0684802763438741,0.40211578448632324,-0.5962326896900239,2.724114572257763,0.8774844897415424,0.3596606201182073,-7.533950474489181,1.4961628609537536,-7.389624006291696,9.033212205402696,2.3271617903722452,1.45727873079049,3.6316106451662167,-5.983453263915006,6.635178255039986,0.39258779685769074,-2.0259785030536492,2.04663260926774,2.6921399399763457,2.617490227900454,3.4229250039748083,-1.1745610446455612,-7.85831311741566,-13.217056508932433,10.06697466330213,5.294933723274409,2.8365206454646685,4.9937828185427025,6.775762641013872,-3.2924925776297242,-2.491599359479657,12.748150850783357,4.071725609792942,-0.24528013111366764,2.354698123221066,2.7777910995361754,4.335847265874548,1.5223199645793661,1.0807183616600602,0.8861014798425826,2.3877091642791948,-4.192895958089782,5.222470198775886,-2.1461110994855592,3.7848448851266037,-4.7479531024901656,-3.2894750742812784,1.878833825271875,-8.084765525195337,0.09329108551849874,-8.019357201154321,7.024357190932906,-4.370987719398145,-9.555779082413729,6.198679727080592,8.52852082771598,-4.542663315463191,7.48777221470851,-3.083050426685985,2.7996612689221045,1.7912491918637974,-0.9097510125374186,5.837998956994794,3.3307608210314976,-2.681314523588063,-4.46311191926696,-2.5011816041097035,8.76509017033773,5.016607709611232,0.48648704679072896,4.971726521154607,2.832483292926802,-3.7957502051680803,4.7093598071279885,2.1927268233078223,1.85741229790084,2.6244195896041322,2.3813780331184864,-1.745264786719225,4.24477825519245,-2.5412634270415513,3.073501766964659,-0.48510758860771386,-3.723089797726409,0.502672030738438,5.7145821463921775,5.154415833310821,0.6807573057918459,2.6310341000758353,3.653712576671664,1.9085865641064181,-0.06574320470912332,1.2522707090010465,Actual adjusted month-end return from Yahoo/yfinance daily history,Market Table annual returns from the same adjusted daily history,"Sep 14, 2026 08:06:57 PM EDT"
CSD,CSD,Invesco S&P Spin-Off ETF,ETF,-8.558771993233027,1.1095123578363175,8.58188083871747,1.6325725230791566,1.504290825915655,-0.9293912821594086,6.389446205068805,1.0962925700092496,1.0843946073286315,-4.127794572477395,6.1055602705359036,1.1682991362962136,2.187429466990931,2.8391197762369202,0.6134995503563445,1.5461763292194952,0.7720321606833336,1.5109426606447318,3.6687790623100014,-0.222457226438455,2.7564031718840587,1.0256441035367159,0.7028397409264642,1.5805938876623626,6.547620107755359,-3.784472254856397,-0.07491664786448693,-1.3870575513491579,2.7751288892922776,0.40688196783131847,-0.14735683277521394,2.6194530102306546,-1.2942804526353213,-8.941901710506528,-3.5400041667604354,-11.262533941365938,14.093484786307231,6.062466344454398,-1.7752529376068416,4.031782723085242,-10.652925073573494,6.623940171193121,-1.262534009498384,-8.5447557871565,3.0625838003475403,1.2489360273869154,4.317308402456077,4.156818915884397,-6.272255884632272,-9.774116256047261,-33.38793517366481,20.89920282542326,6.6821509617819075,2.6416193636094487,4.881932347390627,9.790043537609305,0.06910227546195191,-0.483527374062942,21.633505457879032,6.51013773060134,1.5692584442846158,7.600781699467296,3.7960101866367113,2.7826406986691143,1.8719122436043234,-2.0045689114054355,0.6818518908077165,3.124518013992894,-6.194025696258865,3.484483467679955,-6.964940376657003,3.5414191845098753,-3.4898719484798613,-0.9165206162986106,1.042723709051474,-5.342880642383118,0.9671182919319898,-13.044228946357794,8.912473213123473,-1.6734034449187751,-10.884616074015764,11.941240931220797,5.793030662811072,-6.3817121871787785,11.072922398003415,-0.7047093835080731,-2.0079602632820603,-1.9254572568510264,-4.142642872066082,6.7643737737815846,5.015834616885684,-1.910508603265626,-4.271313050921366,-4.658220063807173,10.913518918465792,9.421614485325303,-3.0392365024791257,8.859749273915195,4.260320897825776,-3.748068456240339,4.5966981372553395,-2.533237765596019,8.314193960857086,1.3257318430028864,5.128875314861592,2.8998104667288915,7.535072121597675,-7.439803847602078,7.680128972662503,-8.081834425263413,-7.747170981112128,-2.0394587138638176,8.776713355869514,4.953715621275334,2.932059959443545,2.1421932723677983,5.566264534218912,3.50085136238496,2.874048123139228,0.7424157520504737,Actual adjusted month-end return from Yahoo/yfinance daily history,Market Table annual returns from the same adjusted daily history,"Sep 14, 2026 08:06:57 PM EDT"
CSM,CSM,ProShares Large Cap Core Plus,ETF,-6.083284347649808,1.8076531611287638,7.33679161800922,-0.4745752267273473,1.8279416745986987,0.14001386975508456,4.125935855656349,0.07514088508731032,-0.5561507858192427,-1.1553251050522517,4.215354760689838,2.0220833730233867,1.5022459360522378,3.976454273227037,0.45710630187787427,1.095864975332761,0.9654449689683542,1.190373392627131,1.9956301678420996,0.06524456567778003,2.3330452265017954,1.9830244932972363,3.4028642958188193,1.5819494003979528,4.823270908758093,-3.2580823723252994,-1.4856359422259935,-0.13526856258971875,1.8211929389998716,0.14554297553512896,3.0060762931100715,3.7234256459738546,0.453273667192855,-7.07463116481909,0.327788788851624,-9.506031891767751,9.237884563116738,2.793702994309877,0.7733991161837706,4.298237408874339,-6.770382063199742,6.385517538061736,1.5329810258039034,-3.04768301964784,2.663218248948951,1.4521085548522494,5.044469373234106,2.5268956917196883,-0.5701170640941,-9.786282996219342,-14.058611201240156,12.871657298527307,5.1631151493117144,1.3385936651528763,4.8611980237383,6.785827849938109,-3.750855353161242,-3.959597146588534,11.139903346778524,4.000815087607901,0.8414532607444514,1.8333491431131277,5.590450177483386,5.3900156442382885,0.8627738822011954,2.53264250815759,1.9437950189865827,3.606015102696891,-4.313941936366261,6.379166938935965,-0.5536836946885337,5.36056189370957,-4.148704625869925,-2.1735177614322865,3.3403189279599843,-7.971013844054021,0.8479886513324653,-10.412479523119789,8.518259186836463,-3.098548416074698,-9.653942989526021,9.088748971657456,4.9468462341321295,-6.735944873085231,7.949226715651259,-2.14520824777813,0.7913734002680473,0.23073292053845673,0.1046658004745682,6.98215123149315,3.6456215895095845,-2.477287048885568,-5.080270162867995,-2.0897212524581987,8.89304123552086,5.64779320044364,1.5154326573163068,5.539564417096554,3.7638689780666423,-5.021403288642312,3.6574756364415206,4.021059837238128,1.2413431744901615,1.7834564041332213,2.5280275771508487,-0.9790487322109298,5.855082272018319,-3.1589860055018293,3.2507015408913764,-1.5668623284778027,-4.963320670987381,-0.6120426128999101,6.426641608389483,4.857041490231384,1.9582712157454552,3.1732765855992495,3.556968295887697,2.54668659046009,0.6113253243282379,1.186637179349792,Actual adjusted month-end return from Yahoo/yfinance daily history,Market Table annual returns from the same adjusted daily history,"Sep 14, 2026 08:06:57 PM EDT"
DBAW,DBAW,Xtrackers MSCI All World ex US Hedged Equity ETF,ETF,-4.669247517721741,-3.945584353643816,3.9660431300767574,0.22707289243024675,1.812386678806499,-1.3101539788679673,3.707069675618646,1.1915472844772568,0.7849796262668907,0.6490839975429319,0.9887933191513598,2.746526272257177,2.0434260675407767,1.6754885336227598,2.0096408761224316,1.7336545408499937,2.091406761974457,-0.10884921264751046,1.0380823050970545,1.0654132377438286,2.1084436382075467,3.3185797618242585,-0.5353201813558028,0.961068954926092,2.518892994520172,-4.211986626317921,-1.0993302022246132,2.852885885050238,-0.6483912274870107,-0.3433015749118917,2.902258833165905,-1.285249829153945,0.3254935453388619,-6.741161450016541,0.9663747819294244,-5.568742943019355,7.181182926589225,2.84942884446191,1.7222106635192969,3.386096071160982,-5.339990185410404,4.5307060953148515,-0.2559450988862566,-1.6862092461485623,2.945588275061173,1.8109006884996504,2.276776527672064,1.9715609826311375,-1.2794026041906048,-7.320491655516492,-12.547226176123816,6.8279971880809365,3.9644127187276945,4.385789667349305,0.3008553564258776,3.1871022539296634,-0.9447662625637565,-2.2744008525065196,11.486509575031011,3.6957674047103373,1.1513196288886585,2.861782975031879,3.2880197552100476,0.7652252922008662,2.065610667641349,1.4266028305570444,-1.5462456204288544,1.630934864748168,-1.9911009905111077,2.395409850417063,-2.7835414103583145,3.3326931667482906,-1.8705508262171322,-3.298022692671787,0.7509432637061497,-2.826094277620217,0.6391807178334874,-5.564261350475263,3.5422263313839686,-2.1381503405116242,-6.453794194175211,3.521407458545056,8.677536321744439,-3.850908300501432,7.760871505647926,-1.4817426882180351,1.224213522893769,1.4167110451713594,-1.9420737421790624,4.120989828069699,2.901553911332977,-2.7526030316353256,-1.5878522568683606,-2.6657391138357633,6.0901106819273965,2.7389683126971986,0.6620274341662569,3.978957322145682,3.7950633798160105,-0.6398424722559359,2.759877863795901,0.3331968095805049,1.1983194477198866,0.7992898371251611,2.4963325298704264,-1.6618942690730276,0.26223786450818576,-0.3253821408100488,4.122501150820468,1.4140309078224167,-1.3106639553941646,-1.3563019791246522,4.210824218625442,2.8678140312481837,1.6930710361892976,2.631578397530676,3.113546663094491,4.262881071828373,0.21903444760267288,2.044243412553093,Actual adjusted month-end return from Yahoo/yfinance daily history,Market Table annual returns from the same adjusted daily history,"Sep 14, 2026 08:06:57 PM EDT"
DBEF,DBEF,Xtrackers MSCI EAFE Hedged Equity ETF,ETF,-4.013253258859928,-5.1400042908879895,3.2753998400675277,0.4307084583093701,2.806967446192976,-2.6137823075518374,3.4814051499126863,1.3534177815675452,0.6486225948891366,0.9098013100368174,1.4274988631864272,4.047452497477044,0.7127554768936006,1.9816015266861164,2.6717646775893167,1.4194022014214491,2.3658586425003847,-0.46064820725176814,0.36639781077285605,0.16595505895740104,2.816450437599771,3.190463505305563,-0.5933830626363101,1.0339259566183756,1.5103897469904481,-3.781777177687662,-1.0631378506172573,3.8749681927651825,-0.2194367319237278,-0.41931329222180125,3.089180943727343,-1.4828670524460574,1.4111041923184464,-6.431667778622496,0.462670013542299,-6.29475160385744,6.236572881042446,3.5087561973282666,1.7601163679743292,3.555402748683356,-4.794297181517826,4.908950252899236,0.569424500119764,-1.8873870808981397,3.6870764877028117,1.7006847224925403,2.3411543348888397,1.3770735159634784,-1.9242356336229505,-7.6365806114485295,-12.418297986164495,5.746273583165551,5.222299980785272,2.580743948893427,-1.886167551773854,3.642490141362753,-0.4230432347542834,-3.758155907675098,12.529710216456813,2.742864304891901,-0.2380155976082543,3.042033745069528,5.0940916485460175,1.1291637813993338,2.723293415023087,1.2260219719667953,0.3463702029394833,1.9118764411798717,-1.6154386912436536,3.204443380697386,-2.9509792986247896,4.474852929385009,-2.7756574702896386,-3.2739564171414104,2.1120767096596493,-1.8562672862943885,1.1888924553556723,-5.6956365491868555,5.400748349261564,-3.1343661814656976,-5.796288849708375,6.272399537592777,7.869587418602175,-4.324530795579006,7.725730538413034,0.0,1.3824844949267057,2.5284138325932126,-1.413134948238326,3.9981023920057535,1.5832695329440538,-1.948263827645269,-0.9366768908624423,-2.206307440445643,5.4497508220356705,2.8461493427696327,2.3526164929012383,3.8837429579926086,4.094625806233232,-1.1483076163243955,3.7320828039455245,-0.6992068045004851,0.4585026550683047,1.1530224116200305,-0.21372375124493193,-1.6896799614064317,0.9924921605017456,-0.053449701936902905,5.120770493580351,1.861219135601755,-2.3234913258062817,-0.6697445265493429,4.650081092292924,0.37568215509313774,1.3714238258758504,2.4351805586698694,2.179176087700685,3.6191306448337235,0.7068539107807803,1.9356521975282703,Actual adjusted month-end return from Yahoo/yfinance daily history,Market Table annual returns from the same adjusted daily history,"Sep 14, 2026 08:06:57 PM EDT"
DBEU,DBEU,Xtrackers MSCI Europe Hedged Equity ETF,ETF,-3.945840473831308,-3.141359230189922,2.577952322933097,2.0672662252340768,1.7474563019308054,-1.0545607085877706,3.1771821388348664,1.144901825462008,0.6635328378473249,0.07754695018751256,-0.5811714939699231,5.787314144849187,0.31533237232039824,2.436129694254574,3.797486186649679,1.6629786984790895,2.90803564849218,-1.9704479744859227,0.3287319451218407,0.25483108220685224,2.9048708924150013,2.152425668787461,-1.761667246486598,0.8576748851778726,1.4778332901463687,-3.8488201532727473,-1.0097429393713053,4.553745063997039,0.3135825304287465,-0.6529494665580393,3.63378455475587,-2.0281956970601978,0.24561769638089537,-5.0052447193598475,-0.1473934386774789,-5.815889095876159,6.158121096777003,3.705097462470963,2.2735519776671875,4.340152943792552,-4.227280271102252,4.959265219427356,0.5841698775785442,-1.0591006463273156,3.00415816400057,0.8045647540309009,2.1615971466256934,2.1282806054473857,-1.9916404907461716,-6.784667078428019,-14.908573788576351,6.198348358584194,5.369643223244291,3.228224183984185,-2.2496367921617133,2.598354778611145,-0.7235846231595122,-5.174933067838417,13.912372781056126,2.07285364234977,-0.6684517128745071,2.9273345780074678,5.982321311876371,2.5293161186066726,2.7978233369885475,1.4765093782810323,1.319257260129203,2.1701263079642708,-3.2568605211222956,4.361818164135611,-2.5806597679022047,5.080446556170215,-2.1440403234757266,-4.747202639696269,1.5039753626307828,-1.4816910936322536,1.2385922512138103,-7.139160926341114,6.505095993048715,-4.161681779830628,-6.435484660175172,7.412357357247434,8.51724115098278,-3.8902591007521803,8.081410265427502,1.2738901921903967,0.1367137254848494,2.6215333440774202,-2.4215141125687567,2.6460526973917764,1.5452641321133553,-2.228265736613977,-1.5008393210241833,-2.9063142450865165,6.3353607198279205,3.2249373000905246,1.1649389424839507,2.826495624563652,4.479505479195445,-1.0231418960442773,4.1348732042783665,-1.6811908966307243,1.010349344898298,1.4527206098035927,-0.6103260586232007,-2.6688785954120164,0.5581146315425833,-0.5550170004554933,6.86727539423031,3.9282393586635544,-3.517581920779478,-0.8378587504420887,5.09247413546059,-1.1091135074239755,0.7940108114971256,1.8455936586614818,1.7679594071277949,2.3235602168272473,1.3370150930763103,2.1358995708849804,Actual adjusted month-end return from Yahoo/yfinance daily history,Market Table annual returns from the same adjusted daily history,"Sep 14, 2026 08:06:57 PM EDT"
DBEZ,DBEZ,Xtrackers MSCI Eurozone Hedged Equity ETF,ETF,-5.31344627484811,-4.07349411452842,3.741403678794275,1.5010318336330375,2.5179776461904835,-5.400409658864103,4.460487877639441,1.3826832479335582,0.40110476098660364,1.2385191369909343,-0.7103235937118368,7.280670707964743,0.11191186597079295,2.0864517309185704,5.620424864573104,2.7436034008647248,2.1053413148075073,-2.250053213986569,0.11993052560630435,0.05135291994116109,4.481714647526491,2.423040872536708,-1.9501316209685426,-0.6231592239904549,3.6573359217821677,-3.7825821692199613,-1.3214230317458941,4.0173935622820345,-0.32185699238007626,-1.2549182330511943,3.828505226130785,-2.5670478859453394,-0.49278769269544,-5.579407479070831,-0.8391583570394157,-6.08278841429748,6.916101379355011,3.9271769576301185,1.7142320301972491,5.4405649980199255,-5.787765333311445,5.50590685999679,0.15384536533362692,-0.4706355968705056,3.3756905887968536,1.8582858840250793,2.7318585715274013,1.7333747387077825,-2.210084644356136,-6.976380143091687,-18.928629285984698,8.22590363778044,6.026469326141459,4.424729970331409,-1.5039323770520419,4.041610366791382,-1.9490011217875747,-5.516525334978539,17.569993266847472,1.7477567436505304,-0.4270914601493647,4.172809364533303,6.15550541872929,2.2025145556544112,3.2176930485980693,0.7166741775975982,1.1963847262010496,2.526697217302676,-3.482316693469645,4.543623726217172,-3.5548119649943644,4.571623124687996,-2.3612254260174326,-6.797020284504585,0.24566867320050534,-2.5222180921939397,2.4547419101002443,-9.174177569627384,7.6471267316166935,-5.536100380632458,-7.15240502826624,9.543289654202546,9.892410259364869,-4.446567797897815,10.527971825535376,1.6300216737570539,0.5827664408499356,2.0883154675897853,-2.013520561409521,3.883200140836962,1.5248623191813637,-2.7507436403443886,-3.677100663101518,-2.671449666762582,8.2690338233538,3.5018458645663664,1.422453948047453,3.8362994304723674,4.427608396979421,-2.144856601773726,4.093687324695816,-2.8998628810754212,0.276201723288394,1.8186837679529333,0.7278090587335972,-3.2119882120839827,0.0066083249345094686,1.1344984418458104,7.157090787944709,4.4888045220302875,-2.3679666226019025,-0.06008123391944009,6.228450419454257,-0.7908425947537046,0.6312885323389361,0.8163311771020476,2.9914688421752267,2.223476558568982,0.4662296722371284,2.095013637066123,Actual adjusted month-end return from Yahoo/yfinance daily history,Market Table annual returns from the same adjusted daily history,"Sep 14, 2026 08:06:57 PM EDT"
DBJP,DBJP,Xtrackers MSCI Japan Hedged Equity ETF,ETF,-4.594377261001248,-11.77766076469683,4.647524880442555,-5.39493327057844,7.214879627710991,-8.457602563345034,3.4123997507689685,3.079822559998502,0.30488917204247734,4.164120146538952,7.1782821206560765,1.418652046468405,0.1880788589522675,0.7776864716652732,-0.18627713436144555,0.7464923978263149,2.328639225403051,2.996551155414573,0.12838889252233532,-0.35908085681045643,4.324309084433597,6.464378796093939,1.3209695131022992,0.9079282249680132,1.973223998755702,-5.1601137712397165,-0.6332267383429513,2.714199931714889,-1.861222513831906,-0.2027877919542509,2.2580013974308866,-1.010131498080724,5.7427939177081555,-9.335726220948315,1.7079038958868864,-10.731729799327805,6.446296071673552,2.4585596486389694,0.5051895376083859,2.1362171492751214,-7.406491794076587,4.0773786163855075,0.8142707758953982,-2.918173414523717,6.870638714831512,3.641391014123996,2.762307577372769,0.5658926261263186,-2.7198180681746953,-8.387575594100738,-6.761383136793365,4.373620046907023,7.596618693294066,0.061799798319195354,-2.662165969816821,6.505568512224591,1.520823858904552,-1.9891906428648243,10.147801325056482,4.185928276583573,0.7206862769459921,3.7077166772604864,4.265089374548148,-3.047918251003512,2.3991785130348386,0.3522964096185799,-1.9777489716204855,2.374931254628443,3.9006508182735766,-0.27662642875877497,-3.9231157315368637,4.2894899612069715,-4.430382595116534,-1.5728382292228726,3.069807426773008,-1.6115855922762767,1.1818093732580914,-2.316455563407238,4.608879139406885,-0.08083284860240791,-4.813919555779789,5.524866414976248,4.59120867130578,-7.454649563861759,7.533794580041064,0.30967897139677625,2.662538414516713,2.9693729958810255,3.7780485119347063,8.884353206669227,1.4276061288192254,-0.1675554044548888,1.0238220974710943,-0.4818024094780493,4.6577592054749095,-0.7849848753637034,8.220496519780362,6.4938942260672095,4.685319127780008,-1.0287259655024528,2.618774051053885,2.205318296235803,-2.7019802434236073,-0.9393066100539249,-1.8688794535777653,1.3163219351456368,1.2163312896657175,3.345609222290702,0.6342597689485974,-2.5078833965982317,0.05387741300111326,-0.3230688788102065,4.632010212418214,2.1672581620741704,3.0731068578708998,4.174064031617153,3.4953121864713443,8.519645530302466,0.9650925486573092,1.688748270709417,Actual adjusted month-end return from Yahoo/yfinance daily history,Market Table annual returns from the same adjusted daily history,"Sep 14, 2026 08:06:57 PM EDT"
DDIV,DDIV,First Trust Dorsey Wright Momentum & Dividend ETF,ETF,-2.848595395020237,4.2136499867761135,7.111535673488922,-0.3693265671257606,1.6033446617697678,3.3579826769016607,2.4200630577692284,-3.0999397441536125,-0.4420989574188461,-1.6659322012492428,3.3928753882709994,2.6392530918851964,-1.0912421083343005,4.2321193623372055,-0.7833876537309159,0.15009705917308214,1.5838679893414476,2.450822851155765,0.3066006301276403,-0.3304297830395653,2.135555410468415,0.3832863944645659,4.36231745766491,0.011568822317564731,-0.733327333273337,-4.436429165596179,1.5865069214185734,0.48649962795122015,0.2034135756451505,0.3116282502851897,1.6714212716256727,1.8845342933968112,-0.48498360493078874,-6.441355470164057,-0.1275002522958979,-10.937307694561827,11.246974972685408,2.4459895311452318,3.1097217342844763,1.4439314714014495,-1.870688426931999,4.341792972533698,2.5260669890456056,-0.3676278263502697,3.06915164091508,0.5365935658212972,0.533764733590969,1.9348113886240137,1.234487922008598,-10.971072879603593,-24.759761247319034,7.284829470194909,5.083498233215544,-0.5505409406328821,4.226409505716111,3.258495117415494,-0.9581740591763088,0.32779993175637845,12.936234901658828,4.997591389548917,-1.0878169092323087,13.604874247193589,5.126440687296707,6.220325909393498,4.292289671417016,-2.8000350453484146,-1.6503291162378475,3.180779807382028,0.4929895124480499,4.607155347064773,-2.708917476434991,6.020628204221912,-3.2496067208709123,-1.0076475543223884,3.8955788171648686,-5.076417966910796,4.79866558481743,-12.13502297555027,7.804878048780495,-2.794589857163976,-11.016681979341925,9.766066738413247,3.995261324757604,-5.421583943380193,6.225102953240835,-3.0963224927716304,-5.00750794705257,1.1904800754734879,-5.739753408811632,7.923279203414779,3.4403729711351083,-1.5759904975701677,-3.0290178230221065,-3.4544859165203223,8.05066972315549,6.065744630183123,-1.1611743474445935,5.647802775480137,7.766478284699341,-4.511285246687247,4.066596265358746,-0.24741256685495427,5.456162818158683,2.9120817751318473,1.5196885435041274,1.6643850452435105,9.303981951818585,-6.8774470513484065,5.109856484343567,0.1259499659985508,-4.530072090384607,-4.4215138474854365,3.8227272958025527,2.4201661438908006,0.2486901688001142,2.4337480924360833,2.859471370170663,-2.0750330839936715,3.717155270280359,2.4485220478713376,Actual adjusted month-end return from Yahoo/yfinance daily history,Market Table annual returns from the same adjusted daily history,"Sep 14, 2026 08:06:57 PM EDT"
DDWM,DDWM,WisdomTree Dynamic International Equity ETF,ETF,,,2.5030929112286326,2.0201445470567014,-0.039811413268286966,-1.6987414828960268,4.13425538565273,1.415135918388355,1.1810371038612821,-0.11565428979484205,-0.20839745289397138,4.309481557849959,1.2102796059788146,1.5695080646213722,2.9320279744794897,1.3688664259955852,2.59414590965914,-0.15607722920121248,1.9332170366638257,0.24138839187484162,2.582479809856686,1.7490653231880149,0.29421897073249603,1.0882435340622054,2.9142064126346456,-4.995242550381529,-0.5023279590860907,3.0292993522241796,-2.28684247700901,-0.6454328708282553,3.214687536310734,-1.875427735153945,1.5973731002485447,-6.212018046030165,0.2879661462890759,-6.2880199440966456,6.754127680333788,2.3138078517134453,1.3667086490955604,3.0865968508904995,-4.321177405344634,4.832724857134241,-0.9651851983271009,-2.645342785758009,3.7185262984311906,2.1859724033575834,1.4465235930271714,2.317898258990625,-2.409222807694178,-7.845771867041229,-15.82140432322724,5.509401245284717,4.807308282082734,1.328020865633306,-0.2564066588563785,3.5792374630409185,-1.6621829767577867,-3.9716715874117403,11.37591468622714,3.5482948983576623,0.20467348462251955,2.053249689395864,4.7153432471428225,1.4448774030540346,3.3222840020947553,-0.3830068431827094,0.4951542194133962,1.066449612031084,-2.763425741576686,2.408728174584862,-3.4217696238679762,5.149044047630702,0.4219301551078303,-2.100852676636622,1.948602890675999,-2.052777251129323,1.6300578518523734,-6.462841615084969,3.2558146482570383,-2.8066577375226,-6.259831944016958,5.685749561635678,9.196639210971313,-2.061330033957831,7.384606807793337,-1.9388679566426426,1.2760299916058093,2.8826619379734186,-4.559754827385065,4.903685053985218,2.4000157228460717,-2.9687641728572634,-0.8500993817077251,-1.884451361569961,4.527205255192945,3.836359303814163,-0.5065250904488505,3.0702406849094643,4.235246761968048,-1.0409072897661575,3.6489904511305404,-1.3561782879227824,2.8038537432172994,3.0986634580951744,-0.11002251493402726,-3.513661281178848,0.057791619169944575,0.14086696092880935,4.159396672700577,2.5691162329629202,0.47178772340752406,3.0171305086067246,4.010563150337054,2.033789052284174,-0.07562941959728953,4.138272224863626,1.810160006765793,0.310999159617964,2.0510469325889957,2.1996403862146074,Actual adjusted month-end return from Yahoo/yfinance daily history,Market Table annual returns from the same adjusted daily history,"Sep 14, 2026 08:06:57 PM EDT"
DFAT,DFAT,Dimensional U.S. Targeted Value ETF,ETF,,,,,,,,,,,,,,,,,,,,,,,,,,,,,,,,,,,,,,,,,,,,,,,,,,,,,,,,,,,,,,,,,,,-1.4128594351259016,2.671505470636637,-1.8457695013776254,4.797316735485846,-2.278111109300196,5.21001533585117,-4.145620219670243,2.590561392445867,-0.1341732391047623,-6.118476791779992,3.5215862919594665,-10.779323698335796,9.69667745607017,-2.1305369905380678,-9.424046769317751,13.856791544064961,5.724618120974334,-5.929870107541668,9.783845153970216,-0.974093214218763,-6.588958155707692,-2.134836748704383,-3.0998906156785133,10.405986170431824,7.15669911472403,-3.439922332950318,-4.452946467738261,-5.384092293359799,8.674517706647066,11.825382592895185,-3.3632785910019947,2.3927418367374775,5.334225922853619,-6.08121503880964,5.301261585387285,-3.2463299564906123,10.02505425845066,-2.2078099438748944,0.044953269737368906,-1.6537835054218353,10.857251789717282,-7.895735401731452,3.018330096885813,-4.482039679559224,-5.703797323636728,-4.699942062156381,5.624636983759479,4.588176245560582,0.8339564157723078,8.178645734686585,-0.6375302798744653,-2.1645684932976916,3.6874378987387546,1.2334144212509557,Actual adjusted month-end return from Yahoo/yfinance daily history,Market Table annual returns from the same adjusted daily history,"Sep 14, 2026 08:06:57 PM EDT"
DFIV,DFIV,Dimensional International Value ETF,ETF,,,,,,,,,,,,,,,,,,,,,,,,,,,,,,,,,,,,,,,,,,,,,,,,,,,,,,,,,,,,,,,,,,,,,,3.4478663450006053,-6.447432392008768,5.442696616516107,3.3820798750411774,-2.0335688310956446,0.9153098280626271,-5.525693000385557,4.773956406081603,-10.858458395295878,2.8383355346564,-3.702436993968905,-9.520275384202236,7.763983683552267,11.815560118049806,-1.0947796544539812,9.046067485785603,-1.7194552256303286,-0.6212451875630576,3.3819245419406174,-5.612234716775955,6.329819977584372,4.779284315184951,-3.2248673825850727,-1.2248817839913828,-4.506448791714024,6.581079324385208,4.524086717044917,-1.3387546091143787,2.625357290369279,5.886674624670074,-1.5782503201912879,5.004159874692737,-3.4884093523084636,3.672786863846156,1.9055403306397656,0.9174392614923477,-3.939084628442502,0.4100522661190764,-2.465229716039652,4.791445522505744,3.980630922390005,2.17093697369386,2.0579251586086977,5.252665319510719,3.097866800938265,0.3268723367115811,5.818008188429591,1.8716692927956524,0.45534255665220513,4.208935923795498,4.136553875080851,Actual adjusted month-end return from Yahoo/yfinance daily history,Market Table annual returns from the same adjusted daily history,"Sep 14, 2026 08:06:57 PM EDT"
DFMC,DFMC,DFA US Micro Cap Portfolio ETF Class,ETF,,,,,,,,,,,,,,,,,,,,,,,,,,,,,,,,,,,,,,,,,,,,,,,,,,,,,,,,,,,,,,,,,,,,,,,,,,,,,,,,,,,,,,,,,,,,,,,,,,,,,,,,,,,,,,,,,,,,,,,,,Actual adjusted month-end return from Yahoo/yfinance daily history,Market Table annual returns from the same adjusted daily history,"Sep 14, 2026 08:06:57 PM EDT"
DFUS,DFUS,Dimensional U.S. Equity Market ETF,ETF,,,,,,,,,,,,,,,,,,,,,,,,,,,,,,,,,,,,,,,,,,,,,,,,,,,,,,,,,,,,,,,,,,,2.1538382139800527,2.8874261004229185,-4.517205342097707,6.721798408444868,-0.913965769933156,4.071626612168977,-5.609310348479967,-2.64343583786375,3.417688337665914,-9.118719752971593,0.20201227781624365,-8.367098400577444,9.300632533480835,-3.816782027362209,-9.043864743577945,8.449237141337695,5.154403589618295,-5.571286674217967,6.344646545916999,-2.2147070828026694,3.003185827981425,1.19286949543993,0.5115928248712542,6.929492071282084,3.550665002618225,-1.7645919380649078,-4.66519108051876,-2.599346168184913,9.285391297428891,5.077574998788537,1.27338599199176,5.429609066746055,3.181333627407734,-4.05406534917444,4.664369956309367,3.1295040645825,1.7502095750389746,2.037394371229051,2.0600615257572175,-0.8038619636672295,6.726099756356563,-2.853128954005457,3.0745245640178887,-1.9479620799714659,-5.9225957180771065,-0.8597861767813741,6.604395928504236,5.138201962460931,2.2828984457394563,2.377815518562998,3.4745827809918417,2.3329606317466833,0.17538001594308295,0.09097628812813063,Actual adjusted month-end return from Yahoo/yfinance daily history,Market Table annual returns from the same adjusted daily history,"Sep 14, 2026 08:06:57 PM EDT"
DGRO,DGRO,iShares Core Dividend Growth ETF,ETF,-3.34765521076682,0.805513514377898,5.473413274549421,1.2121278817200043,1.609291884931685,1.077895124324968,2.970289954418881,-0.14242220562928898,-0.8729806541597718,-1.4482225199350607,4.812651101809773,1.822763108334513,1.1418891683801835,4.755366837865438,-0.027457074146219895,0.9523578663435783,1.1385991627010261,1.3366376413523007,1.149445743007127,0.3787722721354969,2.6284437577955178,2.1558232464042204,4.190556312785043,1.1960327412388727,4.801610742098683,-3.868329901864309,-2.7174564493412046,-0.05898624482547632,1.5938554712849662,0.14577226153273948,5.134151312658908,2.802450702025472,0.639895070575558,-5.369683907513911,3.735397084256342,-8.260501098684426,6.238705446825676,3.773052756525219,1.060009165576914,3.755119706274157,-5.769735844376333,6.9607396676166555,1.4136371598742148,-1.3681210408424849,3.0883891256448415,1.9672986261060066,3.382643457058432,2.540442023989775,-1.4975036680031972,-9.0733898947991,-12.811962523428743,11.62933747355761,3.6558100845800023,0.3721302934944326,4.308518326541244,4.84447167720139,-2.592262118539679,-2.085949541785026,12.140650864044588,3.2213244112497375,-1.584055422854791,2.6977667740713196,7.148169796581971,3.397554810798753,1.8233003308682383,-0.39236360267089765,2.6211016895352213,2.2445752259838248,-4.457624659073578,5.752416404338878,-1.4492985674174563,6.734676005867102,-3.2385842072003457,-2.5102224054046496,2.374951570706596,-5.2798951005136985,1.561582814609852,-6.848027067656859,6.2342548279770815,-3.5170817004594124,-8.250339458967826,10.20912401560905,6.774140499824433,-3.83880327520999,2.639997626440982,-2.747465016862316,0.7821037468104697,1.8003464650322432,-3.537038625601574,5.5170768337049925,3.357269506638705,-2.403317163274632,-3.978210398335069,-2.6246748378077056,7.111768307588129,4.898589060757419,1.2634814988659482,3.0825662669481835,3.9077146601635526,-3.6341644483588786,2.9311858427095716,0.5467036314044105,4.66933408561252,3.0514159937699237,1.537195543842973,-1.180408631744434,4.8264726361088695,-4.975513641720342,3.4724568661321786,1.0241033585464132,-3.1650782993781323,-2.6545848676728823,3.2756952105529313,3.4800917023633415,1.0947780544605656,3.5426904677526627,2.2764149098629227,0.014692267554039518,2.7023087480909203,-0.09506176300126956,Actual adjusted month-end return from Yahoo/yfinance daily history,Market Table annual returns from the same adjusted daily history,"Sep 14, 2026 08:06:57 PM EDT"
DGT,DGT,State Street® SPDR® Global Dow ETF,ETF,-7.406829450255681,0.03338731704958242,7.52869318939795,2.2135450498880216,-0.8387907775839865,-1.641902130685191,5.546802528260408,1.437343889284426,0.4702080919362084,0.04429044695732909,1.077948023692854,2.5893263107647835,2.67489623900361,2.493732622924716,1.5892677356915463,2.0942099236688883,0.986208693634949,0.8083888824018448,2.697738005333128,0.15227877581756033,2.6724350719927514,1.7352818323688624,1.8761765542266717,2.678160204934832,5.357963511266339,-4.208339419735729,-2.0062694947772908,0.37970710904984273,-1.0639424621944227,-0.5562547579311072,4.014061042747952,-0.6062472425464427,1.597191095672712,-6.819786492330837,1.3692063822968947,-6.759520363454463,8.14679192458665,1.8128066698243739,0.5429561979877207,3.3188953292811574,-6.401293191861401,6.610738395330817,-0.5185023237178732,-2.8784853064993565,2.5709653753436923,1.918491324117788,2.69409118533821,3.2160861333755397,-3.291680318110868,-7.407417928725013,-15.031207409964509,8.330885485312134,4.273831673078021,2.7872981281235054,3.2625045840620315,6.356098896717022,-4.001784094002836,-2.668152536212609,16.109691286316362,4.190790181511561,-0.5416861269158968,6.661046640218271,4.150423895761968,2.7938326706622663,4.2196313635854965,-1.4332801191170752,-0.44276693789501165,2.005809413998416,-2.399069915239471,3.675875879136492,-4.332460600293708,5.932428923533384,1.092787142117535,-3.12964328048978,1.6485869026763522,-7.135863862356984,3.5502211221392077,-9.869088943478598,3.964228180809104,-2.8923187203443446,-10.374648940586306,9.200446515733507,10.568759622678158,-2.396537476911109,8.252515546223815,-2.6325511082403885,1.355013998296517,2.0918660806042766,-3.2055337003146778,7.337042858404219,3.677783693081116,-2.8634960055989533,-3.567674207152194,-2.6586012482793686,7.97701585477375,4.56199564543498,0.5209599047751645,3.5275460411543946,4.100966447747267,-2.8484820649428144,4.606267173890077,-0.8475028996981493,2.872296130025531,3.0500877492490197,1.8671000780918545,-2.6621372058236337,2.8243484501861538,-3.2492138482759447,5.089732267123259,2.846859410007929,-1.7231671824383121,-0.014308507958826766,4.84331922920902,3.759694200077446,-0.13276650766324005,4.280781642797127,3.3391801305895807,1.9041739400703417,0.6855504868584328,1.9321286978656982,Actual adjusted month-end return from Yahoo/yfinance daily history,Market Table annual returns from the same adjusted daily history,"Sep 14, 2026 08:06:57 PM EDT"
DIA,DIA,State Street® SPDR® Dow Jones Industrial Average® ETF Trust,ETF,-5.479358480385709,0.7342642948949596,7.3105647990780565,0.6108448255270904,0.3854886202842467,0.9618432063814186,2.9410934791106236,0.24975179007427073,-0.43727102429824694,-0.7824653767804279,5.944913307820898,3.417172260010659,0.5285972672655292,5.135512210183735,-0.5948734063976446,1.4176966319450202,0.7359069782199468,1.7304216623778013,2.672582868475537,0.6193185433202464,2.1693114505205724,4.465471697702683,4.19141716882514,2.1028172485536123,5.742063505012296,-4.054153396128546,-3.340934759578751,0.11157370312300241,1.378185869811288,-0.44525960338278603,4.84602208284588,2.4500681951119985,1.9594550861690152,-4.938086153496624,1.9617946039963918,-8.485261125526588,7.33214468288601,3.9465840860785084,0.1541319475345082,2.631426902355005,-6.377812889434864,7.357688509378324,1.0870723858112274,-1.3755649438539352,2.155412281097946,0.5472981297903967,4.063166720989875,1.7869996989305248,-0.8933707490717535,-9.616506544866121,-13.620542588234441,11.004159666983693,4.755846973037592,1.7007301557708576,2.5938670290371224,7.773524123699804,-2.1515444010845375,-4.443652555282962,12.15425228865814,3.291649577496658,-1.915062442572757,3.4123254840437545,6.916801382777038,2.686911303728867,2.1870560910357772,-0.05412196080936127,1.373195344441136,1.4478868043689141,-4.213847463631049,5.929865593468953,-3.532930586541283,5.53509787989328,-3.2970848304156197,-3.1978057088649203,2.4361450224791747,-4.907234771929502,0.39352294507546404,-6.562095477238561,6.814794796594681,-3.7731998174783454,-8.739438491713514,14.032946344453446,5.935122615036792,-4.065241571426936,2.954452829878429,-4.026875050503609,2.123677165411264,2.584245599550572,-3.1658933644772125,4.584183066193526,3.4871352573037306,-2.037621005145407,-3.442713126486896,-1.2792857287965753,9.152933440650513,4.920192603779094,1.2516137098204982,2.4111954896502086,2.247385625700682,-4.885262861316297,2.638580831101023,1.1544875274464683,4.488256696404824,1.9720581969883577,1.9621723379473988,-1.2540091454313451,7.827602114261256,-5.1901972460516195,4.71380540644033,-1.4293314788227485,-4.034921247963485,-3.176663617961628,4.1422889729401335,4.5058748742338395,0.1950414975245396,3.4056827624810326,1.967792909385624,2.6071872055593914,0.4437325872555187,0.9297141939181186,Actual adjusted month-end return from Yahoo/yfinance daily history,Market Table annual returns from the same adjusted daily history,"Sep 14, 2026 08:06:57 PM EDT"
DIVI,DIVI,Franklin International Core Dividend Tilt Index ETF,ETF,,,,,,,4.857513025438331,-1.5697114121116518,1.011285173375187,-1.1667252138856998,-0.49477536652032805,2.6234770265485485,-0.6129447119863407,3.0835305822700887,3.5313562816093436,0.7062558107836514,2.55821952552191,-1.2374533472013116,-0.20704967041671463,1.078857558490598,0.985202355921655,2.195130129011935,0.47730661559253207,0.42367412186237186,-0.7536944097823017,-2.1869066011925398,-1.2195178339371227,3.0864227834877855,0.5988162555870868,0.09592241128664192,2.5157125485696596,-0.46962571025082056,0.05111536485613577,-6.300375487675014,2.348991745207085,-4.291496747666068,5.293720693751758,3.2244223123691906,2.1044266938415657,1.3605850150654852,-2.899116187124229,4.342109321442922,0.7188922967526823,-0.2666927905616956,2.945228331659644,1.4820408618984038,1.6975546885865,1.1144981752027272,-0.36937398072833805,-6.310244247494623,-10.977434152910337,3.52949946172072,5.152411190869577,0.8652939819792094,-1.763962603214586,2.462598793680537,0.7343794717929786,-3.8190698372082,10.434948625940322,3.074970146651701,-0.3754722259572407,1.5988486057920914,4.459565409162525,1.644869611125066,2.3170058310044928,1.4439517217444964,1.2967593391549181,0.9952824713272523,-3.663312340411473,2.692938270775369,-0.35200191491178145,3.9499389299972654,-2.9051944524546958,-0.8947676856963516,2.9216374835057346,-1.2246135892846177,0.4262927153421803,-5.029957897784332,4.281823838295562,-5.535646039303666,-10.305969750179933,6.373434269597533,14.08440428946609,-1.2463138395868323,8.584920371095905,-3.2769855581364915,2.6969929737384213,2.9565325221601935,-3.9527037447764757,4.428529613808996,3.250074777105638,-4.2412144959203975,-2.9171150524543776,-2.794693209721111,8.145968792116909,5.853115824437594,-0.5204888945893771,2.2563808474002744,3.0037102360625623,-3.168678781160228,4.940634829796187,-1.851299571917231,2.9430518419001794,3.0919638965428486,0.5516231657375359,-5.428215285385574,-0.8928493658199921,-2.625633077084377,4.898360461840112,2.7001280173605924,0.9514274506636111,3.7434897829237146,4.525291586282387,2.7035532397690076,-1.5993509125984184,4.704889160359449,2.1103701057727298,1.4205358770174925,1.2420720276064667,3.0740807626247424,Actual adjusted month-end return from Yahoo/yfinance daily history,Market Table annual returns from the same adjusted daily history,"Sep 14, 2026 08:06:57 PM EDT"
DJD,DJD,Invesco Dow Jones Industrial Average Dividend ETF,ETF,-7.116974877411952,3.267691683791285,5.720062920923619,2.033800290734855,-0.3761087628971538,1.742305243630149,2.838998559380812,-0.03633841309972352,-0.8657733884964269,0.3321183016930629,4.376576784832897,2.5270220649236563,-0.642823211787058,4.852184754318167,-0.06853678605193148,0.748288193179536,0.7228146004909952,0.3437405428266649,2.0623474975219214,1.0493168941247522,2.2243755591167425,3.2072626842741148,3.03403338539332,2.3564021748558206,4.505166241222858,-5.014027848414971,-2.204983977751096,2.304452801666823,-0.08891419841735582,0.22751483021716812,3.8838002129304883,1.9640448934944654,2.5806936937264657,-3.373207587239746,3.8426271318710903,-7.749564694133615,5.138258807881924,3.7153291531675015,0.9089033108960143,1.830206447082272,-5.918961233131814,6.991497734242236,1.2171689538921227,-2.0577243017949165,2.2364406448198926,1.0852381907524133,3.119871800846674,2.38250651157621,-3.7027517308525493,-9.849892107645008,-11.438984812109364,10.620226819863143,3.391098017615457,-1.6745793740596482,1.5738959927498852,4.371675544251485,-1.5871185320913472,-3.407452181243653,12.229599635990063,3.151137879089294,-0.3453341066950055,5.749518147242694,8.078643415683606,0.842757968076846,2.4934587507492445,-0.7906735510331053,0.022683916771049084,1.3399785321031255,-4.370217068381976,3.5153666532691252,-3.3280343327916073,7.2194785142308815,0.13209161859963903,-1.9129129010200585,4.032593918749572,-2.692123579074168,3.413623540103261,-8.304496154190943,2.8219072122644517,-4.363471105960692,-8.826247959432344,13.817025690878747,7.05415185827698,-3.616285299347477,1.8323003031278429,-3.8911309979020703,1.0528194697734472,1.6596749235994857,-5.3115763321240355,4.634710921082075,3.08578773752195,-0.9705400440040091,-4.2146348978744586,-1.4656638238694786,6.357370873755652,7.175654719936553,0.8952488651313928,0.5987187801181015,3.8040429263704434,-3.225807269601977,3.053766551400039,-0.4330463873418289,5.724544551153321,3.168828759673503,2.578136206255266,-3.1755006763887206,6.427725567683451,-5.777493287972469,4.961139053938313,2.348297939003907,-2.3591962614409323,-4.185123779753807,2.45757141301175,3.293344733427417,-0.22560438903084234,3.5047971068211003,1.224039654008302,0.9254083413461123,3.768172936853298,-0.5239622297689928,Actual adjusted month-end return from Yahoo/yfinance daily history,Market Table annual returns from the same adjusted daily history,"Sep 14, 2026 08:06:57 PM EDT"
DLN,DLN,WisdomTree U.S. LargeCap Dividend Fund,ETF,-3.3142062964024888,0.5255305566038704,6.8240496298163755,0.4184223260280895,1.3981166380372168,2.0610268170278445,2.7709084125922656,-0.30361747010504425,-0.0838787645899397,-1.8382060380277676,3.7479791082735803,2.6831634029919726,0.5882856209835419,3.9452363638977417,-0.13075038040927245,0.29052007883221265,0.9952053173351683,0.6672546321651485,1.5113191051102204,0.20282607452275503,2.237708503176594,1.709004430071026,3.5246750903821233,1.4054055394929765,3.7443173328152835,-4.589417829726061,-2.3514081984907786,0.14066443302078735,1.405058091186251,0.4440882286296244,4.082117517691097,2.2168980115662595,0.671762030630485,-4.555256239015549,2.3504534557543755,-8.69091468916885,7.106473076958464,3.3168845385134427,1.480403271951558,3.5259498681438073,-6.403305606952136,6.889794633980806,1.4450781268536161,-1.8045389041590365,3.3257243103939516,1.677142877288662,3.0748679623052944,2.746811427144036,-1.674599535495258,-9.156219693332702,-13.811243936284646,11.508025647176856,3.185355304223414,0.5047154540581467,3.7958993465689206,4.517820899701364,-3.0720492566752133,-2.911410919006041,11.44164782974979,3.261435500064902,-1.2082147138914756,1.3747163529385986,7.0065114898366865,3.374063418620432,1.6820717348539294,0.3695166571069164,2.2607037563154853,2.398842835148307,-4.795160975842572,5.789310427479499,-1.3051402100348608,6.723678528178412,-1.5201892222750812,-1.8466893166409815,3.3973806251840433,-4.334508053598752,2.276598705457067,-7.4599588333407745,5.624260803810444,-2.8730667020389844,-8.213661989582821,10.863979192041718,5.85578619831526,-3.780835756159484,2.74487485747259,-3.1774964268032613,0.9723349116642632,1.6006218410562933,-3.523310444571792,5.553024886738789,3.207509598014524,-2.0484348548663323,-3.996872392198325,-2.440855242585216,6.680374671979794,4.488383635640658,1.280807219167901,3.528114241877267,4.177157297090028,-3.977672335424931,3.556362558226689,1.9422958207967689,3.5350871916576043,3.2718467297482956,1.5228972606915248,-0.26208209225595525,5.1072866991403565,-5.035281259697766,3.329139161919348,2.111177613685866,-2.8874265815627465,-2.9020555869036846,3.576952012587342,3.484183408508268,1.471674577650628,2.8354832561159338,2.0311034485831936,-0.22012097338840464,2.0722367496696537,-0.09325137481233092,Actual adjusted month-end return from Yahoo/yfinance daily history,Market Table annual returns from the same adjusted daily history,"Sep 14, 2026 08:06:57 PM EDT"
DSI,DSI,iShares ESG MSCI KLD 400 ETF,ETF,-5.190865091053798,-0.3901013852125268,7.062990461754737,-0.01308883838494479,1.5547249948263842,-0.14913337870664511,4.124092314990646,0.44703196755624397,-0.15602514433694648,-2.5835171449207883,3.9270187497144837,1.5280057226022326,2.1485772540101866,3.1253810488286238,0.2988567436458922,1.4983437300983837,1.2946016153190687,0.43139717268247946,2.283920148830143,-0.3283783239190985,2.3486662682327797,2.530916643759995,2.468532027458914,1.079756167730439,5.995531873810034,-3.9085901325504158,-2.0704125604309565,0.5423346540212926,2.534366862471993,0.6182108181340462,3.3881318224093793,2.3476632025008826,0.3391421106432313,-7.716082877414099,3.307957028227815,-8.239841825858928,8.172020224053323,3.4294419403591236,1.7905295937020949,4.076628908552893,-6.330865430763422,6.7135479777995055,1.9476749884846267,-1.7759642566706257,1.66863043975769,2.019686212367011,3.7207007916907564,2.7561506824357984,0.5244300078957487,-7.436219958223234,-12.384401297496861,12.958211688434695,5.435865985181487,2.058312079185187,4.872064342985261,7.926033524187659,-3.877228848601244,-2.2977557763508183,10.92710855778478,3.5017887621629606,-1.0343915142707605,3.5310729440939825,4.485440769832971,5.0681001805571,0.8101505988378888,2.627837218971041,2.7043430615886654,2.973999656560533,-4.730845395322413,9.277687783013944,-1.4846347501720536,4.032118454855804,-6.435644035095556,-3.3816404589492643,3.380381193427384,-9.23575286252516,-0.6486966399014138,-7.733606046602992,8.664813785436355,-4.914900147323619,-9.45702807338672,7.107660050514175,7.040281916163615,-6.12858217721497,7.117968831088528,-2.2106677431086186,4.075648725675918,0.4616095625374239,1.1614546235427348,6.440365403508741,3.6592833451682294,-1.3180521194351758,-5.0823569427232655,-2.800645713134031,10.084671816721169,4.884016658270229,1.845140712429716,5.154751812589509,3.638827240633158,-4.602721913894237,4.606431099879726,3.4487298271026923,0.770337589539194,1.5384602790722068,2.7096455307166867,-0.9467768158169076,6.07831968318211,-3.27902084585735,1.5873040392147209,-2.5892874792321385,-5.885015802516891,-0.6151884602707325,8.872077707115755,5.074378487313558,3.150826836747833,1.318653047260132,3.985173060378844,3.0250111889993603,-1.3101145834998995,0.8829158860647057,Actual adjusted month-end return from Yahoo/yfinance daily history,Market Table annual returns from the same adjusted daily history,"Sep 14, 2026 08:06:57 PM EDT"
DTD,DTD,WisdomTree U.S. Total Dividend Fund,ETF,-3.6948170289277216,0.9307317614489552,6.959684585457304,0.3636202577102621,1.3333994082763923,2.1015321353935024,3.028684741922749,-0.36261202561529426,-0.06362777490045435,-2.1190057125674233,4.144197431989216,2.8014970408469786,0.5478046947244186,3.789142642141652,-0.34174529726870295,0.2863972897896305,0.810291762750448,0.7427591001171185,1.6117547457965564,-0.14173319033641274,2.3864962347492247,1.6403452300064902,3.6257532867649322,1.2500251470744628,3.134978361736618,-4.4965071278261215,-2.061709565730918,0.4150301136955914,1.6879826444231139,0.702366353104189,3.4323760387230617,2.3038530049122485,0.372812547656709,-4.832679951634811,2.0734741930953593,-8.606735066586058,7.694614581581138,3.3243626950399285,1.09597756500166,3.3628830663381404,-6.329378807598496,6.81002728238056,1.4209258200289732,-2.221569205263463,3.550296358293892,1.5450424712260213,2.90369025564694,2.687169695239011,-1.8455781139554261,-9.454308894233876,-15.895957386690663,11.63965036435557,3.2561469066746174,0.6157736858998897,3.46273651293425,4.693907118976837,-3.104456599670269,-2.5432644595845266,11.644599109784393,3.478890171913651,-0.8380442701096835,2.0401377597560444,6.98445259454441,3.493782971688608,1.7944326333608762,0.06251804205272826,1.8780723292387114,2.449468052632797,-4.500435219988774,5.689446796537201,-1.3921947217659825,6.504107039222395,-1.404196587522255,-1.5599766784507585,3.1320359968248335,-4.47688471683575,2.468761226901428,-7.651740846751354,5.860248054112072,-2.762150334390212,-8.313090603999996,11.137973120775246,5.841473190233848,-4.257026502529415,3.446695212178663,-2.967665700537936,0.13809737916987697,1.0644408250505055,-3.7217996465325087,5.956447520845032,3.4949079447500697,-1.9125696392886193,-4.172635524626756,-2.5439776630298283,6.79051207734549,5.180226389738185,0.7421177361008224,3.37332648326909,4.358463321708328,-3.9891380500698403,3.7186227225305624,1.1664802210575642,4.244947391302589,2.9106427620863906,1.4536155067423229,-0.2944762393876976,5.65998200096216,-5.563935066146996,3.3612223798168195,1.5831385490517214,-2.9627477372407562,-3.07839667188452,3.7632664494081647,3.3538230142627246,1.2304806773030252,3.2033769872570117,1.6245320893407245,-0.38866654024399816,2.072830644116075,-0.0586336585194247,Actual adjusted month-end return from Yahoo/yfinance daily history,Market Table annual returns from the same adjusted daily history,"Sep 14, 2026 08:06:57 PM EDT"
DVY,DVY,iShares Select Dividend ETF,ETF,-0.9181465616043938,2.887427560417244,7.43549016814411,0.453015054014938,1.0482961574472816,3.701800946285716,2.0051251714748863,-1.0116076934613472,0.3117676347204279,-1.9139231926884936,3.78350218907062,2.325543376691508,1.343591929649257,2.8186333858563506,-0.5261836169420442,0.4390659260973706,0.7759726455836669,0.7850526890909926,0.6072851786199429,-0.776101701703158,2.5294750729782045,1.1745534627882748,4.05281648455833,0.7771394892879924,2.1306963573482163,-4.251943407607173,-0.5015471025459961,1.261569533558915,1.391188295568857,0.9038116134584717,2.2713169036634895,1.0504337447660772,-0.38743354093532245,-3.8993596456047386,2.065290398362629,-7.993577100274541,6.807775554964213,2.8933813385461526,0.9178885480310761,2.933378857866731,-7.371842403981388,7.317280101937884,0.7231977266507483,-2.3235011564129104,5.064884535280245,0.1373041367237482,1.6162384750507242,2.7252380884120297,-1.7982303211777406,-11.179656500438828,-19.101998796530882,9.654649879199372,2.3685377991091494,-1.2634550773781728,2.9237027691131567,1.9378757023613247,-2.5945849542379884,1.7904816559339176,13.096434934734935,3.3489184151449525,0.5614402095574844,8.643498609204192,9.52258709661229,3.663459252129697,2.3334416776178424,-2.8584780141911903,-0.8403287653385494,2.793160136380357,-2.630369720460135,2.876562848594788,-2.4741724296005962,7.257327618438203,1.2072703653839945,-0.20956808851405606,4.219675311878368,-3.5979134322468243,5.343273310032615,-8.956768732415387,3.90073091058436,-1.7585230172797783,-9.658028405297358,10.194007532552085,6.212445618564688,-3.082381234024556,4.195721755299564,-3.66864554769738,-2.326561507858216,0.34989835736629615,-7.730260160024716,5.188567092871121,4.2012365788342665,-3.845500480854036,-3.915776491641132,-2.7870634803619287,7.0145195462248955,5.740372900279356,-1.7914916821820004,1.1639942215809551,6.647157133697168,-3.0686690389335025,4.246226598001113,-2.055308120278354,7.5384450824556914,3.0515051900022128,1.9108552319520022,-0.23690314265885082,6.426721582670725,-7.55831175002365,2.6353912374596833,2.4860897289340267,-1.9945621278063097,-4.400915628177371,2.173230821413319,2.210923923889818,1.6866279869950151,5.042566902722756,1.0604141585175197,-2.0619352632841537,3.154415511654296,-0.5732389507286162,Actual adjusted month-end return from Yahoo/yfinance daily history,Market Table annual returns from the same adjusted daily history,"Sep 14, 2026 08:06:57 PM EDT"
DXJ,DXJ,WisdomTree Japan Hedged Equity Fund,ETF,-5.031946002253285,-12.489514182408657,5.021635605887598,-5.971153175721067,6.788320471210363,-10.664645066235789,5.028367699981295,6.064324922203945,-0.5557303147230908,5.2202906595259835,8.970093635654175,1.6746902141198117,0.6661126652879101,1.6843838595213878,-0.17747297347908697,0.8890008200763022,-0.1566834252964111,3.6304581615928866,0.576917042405789,-0.45886402177039987,5.158496275958102,6.160873951678725,0.9299173297587116,2.0642640871289863,1.7866268698529808,-5.398267973819859,-1.9604141030752475,2.2853193782726544,-3.089576831369001,-0.8176893235164129,3.0010988864483723,-1.4028760363075432,5.709596759980862,-9.249341629204434,0.3993238675143118,-11.639719790017121,7.781854139598687,1.7999708527951963,-0.5298820020860129,2.7267364425741736,-9.790342160874065,5.084897822068202,0.3490841757676666,-4.419893994235569,8.168020030255851,4.379672964595982,2.9998375085461326,0.3344489569454989,-4.109326744066588,-8.784162027224873,-10.395433218072615,5.693967882072393,7.160488117287467,-0.3033103365565504,-4.763965774565615,8.329658440639353,1.010056843431717,-1.69385693216898,8.760646604529686,5.407412202015238,1.56193183008988,4.215652448173635,6.493059819903735,-2.9996825304034247,3.2605052245862742,0.0878410277479702,-2.0649025882386263,1.2884914084115406,4.450165544834173,-0.6174659940611171,-4.508533103732725,6.192191598863439,-0.335781154426984,-0.7540672314490626,3.491771903799301,-1.1090301571482164,1.8322512987487327,-1.9941796116648036,3.828298542570341,0.23137796757546347,-4.868519517700243,4.993516022545053,6.578119159063034,-5.327710753945702,6.999533370529765,1.9479362041840753,1.7743966382924636,3.5633581130663172,3.0721042828511624,11.339097104574591,2.558527629537699,0.7847729787294977,2.570295153414337,-0.5892396480900342,3.864138553722407,-1.6612646243282736,8.990687181642443,7.685884594347003,5.368846804938654,0.009208921008552196,2.396089123453815,2.0226683197583695,-2.827519437703385,-1.9246620616281573,-1.2864490542276785,1.481125849681697,1.1155425888957016,4.0910690460865595,0.09066151710759307,-1.639638324159598,1.4735657784099132,-1.3886350492780863,4.629541198575837,1.7260512076408219,4.454370316746714,4.247656327608662,3.0042325998041353,5.709599440451885,3.7239667382418684,2.9684053132598587,Actual adjusted month-end return from Yahoo/yfinance daily history,Market Table annual returns from the same adjusted daily history,"Sep 14, 2026 08:06:57 PM EDT"
EFV,EFV,iShares MSCI EAFE Value ETF,ETF,-6.749786101841638,-3.5499854112954643,7.217952609743938,3.23228314195545,-1.0796867970132351,-4.025176345575121,4.1220373443895175,2.0577004139280097,1.1615332523905897,0.12996610058084723,-0.5841500324277549,3.8715549017277473,2.857116568874307,0.349808320468159,3.1371614250018,2.167044282971453,2.1404598717470913,0.7456081049466157,3.0754229134910105,-0.5253978368810808,2.9994007383777888,0.7143180651894898,0.7455690712151686,1.0779593291023515,5.705508113486002,-5.328999780574495,-1.2669715260159475,2.346463733145532,-4.119636097641621,-1.4390359456524782,3.0379753625205064,-3.8366868286506373,2.0440287092427623,-7.068566409202992,0.43523189332241863,-5.385496457299976,6.501527708077437,1.744202632791847,-0.24488044846737722,2.475432069605654,-6.208829505120239,5.3331222063012,-2.766818113775138,-3.4659917285922104,4.986724083169958,3.4620927227009046,0.46930749679510164,3.300250680911354,-4.245914136329576,-8.115481688750858,-18.75709767661684,4.931333129371418,4.566102420400608,3.3533617381780623,-0.2001857487439307,5.289560371596447,-3.9285616817741453,-3.742252991210404,17.893946626902668,4.4898363487069215,-0.5720065252318052,4.922202557209943,3.5134197234715225,1.8049699036797762,3.892857613821321,-2.414573083944327,-0.2704982969206515,0.6586784750885588,-2.1362583899231846,2.2222059464525934,-5.8676309000244125,5.424203101156144,2.0837382940886995,-2.8965783882735074,0.620617078058272,-5.272585589556,3.8017188949915903,-9.63986949990694,2.1428636335482976,-4.624405070622551,-8.869434657824737,7.163247495416969,12.593843170048435,-0.15724739157710887,8.19527979712662,-2.1958129619496836,-0.04117912578247562,3.4823714064790234,-5.217042184344556,5.636075203771096,4.31140990072012,-3.212540753133719,-0.971457420020494,-3.4743422540221225,6.944727987966237,5.075006935133675,-1.0748608910025825,1.1835468129805626,4.314481293915873,-1.7095558695984447,5.236572743618684,-3.0572168277895773,4.072392224267984,2.9529120940192666,1.231733152780401,-4.606294908423337,-0.23687834225359916,-2.5226610702481445,4.554991185025248,4.447678304584679,2.8621363666619937,3.427211769413452,4.396323080612263,1.9240076183754118,-0.23628990775469427,5.731876964457827,1.2992939857500385,0.8993068910450486,2.6738626331614945,3.9307774626078373,Actual adjusted month-end return from Yahoo/yfinance daily history,Market Table annual returns from the same adjusted daily history,"Sep 14, 2026 08:06:57 PM EDT"
EINC,EINC,VanEck Energy Income ETF,ETF,-8.760647813013145,-11.31830812846475,13.165224986125335,11.881210179491507,3.6147521676991534,3.711803685861237,4.884189037024678,3.6439886689724643,2.419660906330079,-0.619664356026739,-1.1301359802411426,3.1532947451887505,5.76995534534317,-3.184617170558046,-1.636221655911907,-1.005814546567374,-5.756807204220349,-0.08470005229131994,4.661014232916827,-3.027769309947892,1.8763608881336769,-0.2930087265815784,-2.6009737151624246,2.4133104031893726,5.784079346621773,-6.68423655181506,-6.729472174823403,6.97450791426526,1.5253048105134281,-2.2122031898009875,4.847644622085467,-2.5588263574810477,0.5982538294199813,-6.495879891479694,-3.4152361255262442,-11.688982968860662,13.527705843374637,2.6492744256410017,2.3041646442611308,1.9519450534345006,-3.0792119509204685,2.436486225851797,1.3664223877755122,-5.178646816172694,-0.27042195346167475,-1.355728059104555,-3.8818507472568764,6.65111018476825,-2.0787466103881935,-11.667829050941537,-41.64522387656508,35.205584923882014,7.232103929760569,-2.083329953260238,-1.3396414270013923,4.2315915429166795,-11.14288752682766,0.20462321830521102,19.747681761306946,1.962267303360865,3.9707181383679346,7.180511852509408,7.76012433580584,5.298690291267127,6.249351814534854,3.7263694724866347,-3.5924996617904936,-2.346833743408805,5.525315354600235,5.936565334026711,-7.187851571304438,1.4258688026491217,8.659777204934628,4.028298473319003,7.701283937331849,-2.662125387307801,7.310097971752461,-13.585261712351803,10.619482028944006,0.34268089727795825,-10.62322305914758,11.551335289692677,4.002397687282588,-5.780941808903661,4.031061205484332,-3.6233362445366457,-0.7656047376047526,2.4950711665743697,-4.09498828794862,8.23649594459046,3.688117802453128,0.3541241148784957,-1.0494373688816672,-0.4764701102105362,6.987519474867865,-0.43560359191322506,0.4666554855798699,4.362631726178656,7.874770709765255,-1.522446387152443,3.533307798959373,2.964779352000302,2.9548520036891457,4.049824178230543,0.46208328973331714,4.705758435123997,13.408595046931593,-5.89412465989475,3.317742138236768,1.9971228700546462,1.3790379304442046,-5.341072684012637,2.690337408884891,2.6521226587697733,-0.9219828806566799,0.7588181407045091,1.8801975638606194,-6.252512298529666,5.857487175361853,-0.45160497814435985,Actual adjusted month-end return from Yahoo/yfinance daily history,Market Table annual returns from the same adjusted daily history,"Sep 14, 2026 08:06:57 PM EDT"
ENFR,ENFR,Alerian Energy Infrastructure ETF,ETF,-4.931212051196853,1.628492108919155,8.54595643055367,10.114824915838483,1.9861044717390364,5.236316526126106,0.6083307275759342,2.6046833101877054,6.094096660538262,-4.82967344815285,4.349804411308789,3.8854880070948727,1.3423185038243135,0.7450589601297963,0.49014779683667076,-1.9753096100152079,-3.6104010030910016,1.5398466847639236,2.9921935876389805,-3.5368387278223,3.118693514559312,-3.5072840585038234,-1.8173793618889156,4.470918075704411,0.4764344905765938,-10.301727169243124,-3.600740389852397,5.0779162584609905,4.401945720796729,2.4453486021887905,3.474773754372107,-1.4827750071400692,-1.6070367782821116,-7.207625321804201,-0.8304728494115454,-9.755510772913468,15.93160652485679,1.81445635267381,3.546098397571318,-0.7762317336371338,-2.5063290880631084,3.110046827530666,-1.8097414945340562,-3.039254126137081,2.6237376127191903,-4.0520610106609345,-1.5775987609820352,8.112338650637184,-3.9441881957349434,-11.207124504908839,-41.247151386205935,34.27459818861731,6.3543888338750465,-2.9965426223740987,-0.8620519289578632,3.0299274314261604,-11.739431191156157,0.4054930883857777,19.327335541703516,1.1805619274416923,5.187703637445051,7.306976928252018,6.674935585943653,6.025442888516608,6.534908475869372,4.5195026935731075,-4.025850799126429,-1.659999891076125,4.959999711750518,5.538616280745545,-7.596482463335807,1.9270584705992633,7.810010668261946,4.8231980485582415,7.075460913598719,-2.4669516259475555,6.735802789187018,-13.359100566841908,11.105557355154794,-0.10168374141318326,-10.764359893925867,11.961478930210623,4.221833727746116,-6.866197272361763,5.434772075855854,-4.009951585569249,-0.8526501144870857,2.4844633557632445,-3.765397159962336,7.2762890479183495,4.307988614285052,-0.30378888589668307,-0.9387492935144515,-0.7671438094487226,7.331435610139669,-0.7308586465108458,0.2598509028116869,4.1559486089205455,7.07368688708474,-0.6291735463488157,3.5894642383635045,2.8648961198135314,3.0109130806737383,3.9947469945188496,0.604966233130666,3.9264149193258824,13.952590906363692,-5.919671547878602,3.178171994263046,1.8286357738937165,1.2357188600593538,-5.706441415442709,2.574126030860868,2.9374242405903805,-0.3411911174354687,1.0708382281314988,1.0286763822437317,-6.7880404166155035,6.0960935022256635,-0.631708017366428,Actual adjusted month-end return from Yahoo/yfinance daily history,Market Table annual returns from the same adjusted daily history,"Sep 14, 2026 08:06:57 PM EDT"
EPS,EPS,WisdomTree U.S. LargeCap Fund,ETF,-5.709359659352343,0.3516961085536563,6.701775079590333,-0.688694276541757,1.9214234566286015,-0.8056113871689252,4.121201446247125,0.7861187911792245,0.25435096297559134,-1.2079622104924526,5.627327161293261,2.2188828800404403,1.164886475931004,4.849053899987554,-0.17446672256772322,0.9328535486029965,0.8147729737915999,0.9387597107578527,2.304096120826138,0.5278639325324352,2.023179804621811,2.4698762849922673,3.9910294206003227,0.9295369799095843,4.731245851041255,-3.687768343394049,-2.774738019307521,-0.6256204157563339,1.9880931951647751,0.1426632154758245,3.650559304560974,2.672988568173462,0.5063305110165395,-5.572579373462638,1.3294493670046759,-9.216022691812952,8.581559791653648,3.0372321680343317,1.1626390366898054,4.592633639338173,-7.669157774056212,7.623733481232553,2.493880240458801,-2.7299468350272083,2.84973650518332,2.653547497435471,3.9500550760590114,2.9735750626287416,-1.5535706475361066,-8.776294907783711,-14.057127224980947,12.379911163197832,4.368473652405025,1.1778740096924478,4.341313933560165,6.529876350114638,-3.447915756182862,-2.2585908483410244,12.21838627485521,3.89292088607629,-0.8216645366021957,2.8370313689076943,6.256199456168576,4.359893574797846,1.458864569735363,1.0843955745605038,2.055852985606532,2.7989676120339313,-4.754740527670354,5.740371236142705,-1.4600088223994723,5.5479823630842695,-3.9515434709782915,-2.935689346733694,3.3651865692444716,-8.416043728508694,1.0386204528335385,-8.369217500857651,7.941167174548136,-3.542238359451233,-9.13608091202227,8.569942262812136,5.854098247352479,-5.248606523657317,6.084649299605749,-2.6524563945996227,2.2739185520396,1.8298298301967275,-0.6738613965985296,6.140007956305005,4.089067243178879,-1.8099623578147095,-3.720266654506832,-2.754088668258625,8.069211306689873,4.744222593921932,1.7557738184639016,4.803937702095884,4.0332278835268465,-3.8267276015662155,4.298050177127721,2.7633087366321307,1.775674583252318,2.124730635931771,1.9310249638215815,-0.38308873503711816,6.253137109372764,-3.3448075780769804,3.775749009651652,-1.2442968172198476,-5.151139391894244,-2.024280350814567,5.440756790507728,4.905752877337632,2.2965263286210735,2.519836597312719,3.0332167419717226,1.6971281560622442,1.2409016707723541,0.17218834879813016,Actual adjusted month-end return from Yahoo/yfinance daily history,Market Table annual returns from the same adjusted daily history,"Sep 14, 2026 08:06:57 PM EDT"
EQL,EQL,ALPS Equal Sector Weight ETF,ETF,-4.67579488526042,1.168795253453414,6.174265327194273,1.284298596489375,1.109565854030703,1.1342265563647702,2.890751286595661,-0.37005601684554357,0.29786867867160893,-2.131283325506461,3.4220627223942035,1.7292081040847007,1.7172199245514275,3.7534536927847473,-0.07332707196678889,0.46044389780974804,0.9483229737947241,0.8562676439103134,1.7787736565158863,-0.1379760643310579,1.8959207519122945,1.8933390904704028,3.0920089238101633,0.8757839135370205,3.76762955519081,-4.29599180705501,-1.529538248202189,0.6202548881487857,1.5558728801164934,1.2839660872816738,3.083756482469613,1.5305408665075015,0.48041927366002657,-5.758161462116929,1.8766169161987145,-8.134629341102084,8.269391784656532,2.733992587954326,1.9838248555917648,3.2307170999789747,-5.587634066168801,6.38218027424744,1.156538081959102,-1.15662870379577,2.1632861943702286,0.8862370101943906,2.687834788298016,2.7386102367366494,-0.7502139827005871,-9.259229020380966,-13.539986491835187,13.005384901316553,4.468411089081492,0.6613544503705882,4.627836141442976,5.197557417783494,-3.2490785069830053,-2.307514486792772,11.650747123247251,3.1548585776828286,-0.6261595785799989,3.8156081610592363,5.882012432560124,4.4335403356648095,1.7961253695392143,0.7797917312523772,1.4287013527365167,2.4034967333224078,-3.9325911952102666,6.859095458370779,-2.2493983124847627,6.020387301520391,-3.1415681747001267,-2.0271428849560014,5.039333467888585,-6.272426024605204,1.128448367687107,-8.822407308545078,7.961077103812952,-3.345517391705577,-9.146216936900508,8.479770054091084,5.758165942067461,-4.716737787122149,5.851003422073631,-3.000684485899874,1.8390611864329998,1.4367387370503915,-2.783254691714099,6.790415740368827,3.1333793095160045,-2.062642417386573,-4.317019612114281,-2.5618166793986097,7.856762277429663,4.49683809760455,-0.20084409611773602,4.363336133085038,3.846106805752947,-3.627448404613043,3.658447164641565,0.43461003747555793,3.401476844048479,2.7235559999037484,2.3552819099175837,-1.3560373116973667,5.840306638316917,-5.469625741561545,3.520977879650622,0.7635185331541949,-3.1977857111931796,-2.2386267827188444,4.116918047718521,3.0474928612055363,0.9122070261288195,2.3728736452745203,2.060737397351531,-0.36932101018469776,1.7008190865831496,-0.04969839667716691,Actual adjusted month-end return from Yahoo/yfinance daily history,Market Table annual returns from the same adjusted daily history,"Sep 14, 2026 08:06:57 PM EDT"
EQWL,EQWL,Invesco S&P 100 Equal Weight ETF,ETF,-7.324630832975942,1.9966623549746654,6.9985893295301915,1.2997033078043785,1.3584889375780618,-1.507217811861039,4.86199324479093,0.4829707309543352,0.5722865274264466,-1.4649350683900164,4.801361361982948,1.239611847908706,2.1306612454734752,4.580464510969118,0.06504993796283554,1.2567616686401495,1.5193634039571524,1.3918483862375597,1.9632326941481537,0.16387231159094018,2.525245653281716,1.862209208202037,3.0470129772547594,1.6103484071229968,4.339631341079264,-3.9783120860400367,-1.765101040522965,1.6538572712896382,0.15135843514051395,1.7944268801262986,2.947177152744662,1.214028558006075,0.9427153493147822,-7.470129927081404,2.870934171891837,-8.244339793893596,8.676057055457754,3.0646654221871517,1.093930284713407,3.7192089913042903,-6.8201731643507735,7.234967719530916,1.4677327529309725,-2.091331186219769,2.3604620806988663,1.9419152618517677,3.878500633902715,2.510758284703374,-1.4758562696349342,-9.069948676723216,-12.74754521951673,12.026786375956933,4.182221577191347,1.6586556814627507,3.1028199187780547,6.861586697406596,-3.0509447307320414,-2.854783838765862,14.263630108246762,3.614577690324716,-0.05835318187841221,4.029781013580269,6.053293220589939,3.6022613435490847,2.720033800685795,1.0410946587573244,1.2782761661153996,2.4874058776676478,-4.2443854914467005,5.0318799629083255,-2.2824884973887904,5.584806224269645,-2.593765997317665,-2.924397631517439,2.5102610656810187,-7.9111523022027725,1.8511166081391028,-8.121180865443856,7.187901329141466,-3.1241672897172057,-9.881058525049601,10.883627322213773,6.869414185882805,-4.41446363907837,6.077995839672501,-2.9467557530381105,1.8522926279723295,0.8841774708661321,-1.905278889963291,6.009086825699428,3.633685845210022,-2.1558704540541207,-4.392457497295998,-2.3803201221319625,8.723407663802952,5.560423190865604,1.0621503563491563,3.4015178761000575,4.231015357430645,-3.8570982375699447,2.8170513516237783,1.2564605156651698,3.9682451352780035,2.646320971644389,1.9451555966085277,-0.6157259319669484,5.929803507990394,-4.612450527449063,4.037939765001153,1.36264784742397,-3.9305285047912752,-1.4162350365909404,4.349112777711106,4.128126071830973,-0.16368490345540776,2.996636243315365,1.8393229143608858,1.5521493343728654,0.798564660907175,1.0969658645940017,Actual adjusted month-end return from Yahoo/yfinance daily history,Market Table annual returns from the same adjusted daily history,"Sep 14, 2026 08:06:57 PM EDT"
ESG,ESG,Northern Trust STOXX US ESG Select ETF,ETF,,,,,,,,0.8923055007561409,-0.5219919232529291,-0.8324990275842881,3.53786252518673,2.2940143978765315,1.4049605025687306,4.100366638057218,0.30902213004264656,1.0965406407718037,1.2535476031424686,0.751470675079946,2.7264779904790926,0.2414506471058786,1.154234450696734,1.6618568288367719,3.0692221766125183,3.485848212541831,5.469997541394855,-3.3233827961422713,-3.0356429182666456,0.19136935078116757,2.3078095048838287,0.6060186263912914,3.1056059503608235,3.5692457737113825,0.8587937623960373,-6.030534146072819,1.2943053527288084,-9.271040784584583,7.857358385345914,3.0148043582453266,2.028513892985928,4.458306248993993,-6.402048900190205,6.945422589676675,2.246787510948356,-2.2478219270408384,2.003584769242117,1.8216711140190744,3.713812935586369,3.2315743137335096,0.14421705391078898,-9.274644844947987,-10.919246534571482,13.476087422530147,4.707088363783352,1.9372140114056746,5.203239677398663,8.906693281325119,-4.612023380627239,-3.091555513345967,11.604083637744012,4.208001268637052,-0.41339977762029356,2.635630504750286,4.4683645964550545,4.820682546614341,0.46037055982328656,2.780561751973276,2.2278400282059296,3.0906759901498493,-4.463209160560055,6.936406117149874,-0.9632091178329194,4.260342566638631,-4.98614383512741,-4.30734084838339,4.087480412927791,-9.634995899594234,0.3855385623505958,-9.547654339373635,10.069148793524473,-4.222401989797175,-8.806457155282887,8.214921058689505,5.292839768628599,-5.816205202314729,6.98277527406701,-2.12647625548259,3.5597361634772895,2.0862240532050436,0.2051539528372226,6.716390952905749,3.1764159687976523,-1.189117374945159,-4.098292676800874,-2.509941663239368,8.78172223248226,4.174169375944148,1.493616106783513,5.489140872076059,2.1388710263262833,-4.551098048634761,3.040785283847769,3.378143148766477,1.4724411883352717,2.525765497086341,2.095554344726458,-1.7916795246985195,6.488720537406878,-2.6601022288407106,4.364067079961487,-0.7691476234185757,-5.662346206544733,-1.1165069088343027,6.051945293883199,4.513782230158703,0.7144620726713846,1.9151307183141508,2.586011428730317,1.512778603002407,0.288717195857191,1.090640782537844,Actual adjusted month-end return from Yahoo/yfinance daily history,Market Table annual returns from the same adjusted daily history,"Sep 14, 2026 08:06:57 PM EDT"
ESGG,ESGG,Northern Trust STOXX Global ESG Select ETF,ETF,,,,,,,,1.720275344180222,0.5823214491062378,-1.8033188151783452,0.6209412400258518,3.3686201935313242,2.800293622170824,2.4232433477007875,1.3697434487320859,1.6335946851768757,2.2219752134087223,0.30034284095310504,2.346902154183117,0.5676108907152866,2.118810825384232,2.2861194269663487,1.9745892813458843,1.3641143471097017,5.527485505440266,-3.7713040708879153,-2.0137111389883278,0.5838028945836182,0.6754014792957008,-0.4515900714360255,3.542245849022807,2.243160524307841,0.4009813856645339,-7.537293625363639,0.23079827013776644,-7.3275262112630575,6.715956428249648,3.437634300841319,1.6040828585319522,4.095330121487617,-5.820645293437021,6.67042224218779,0.8196928255838509,-3.6163839035194933,3.8787935388291395,2.3548101299767588,2.823723990695526,3.6056529150533034,-0.04541854068068618,-9.039644303183259,-11.184666941438993,10.642088869981926,3.8693026605530756,3.6002188040692884,4.273856400294274,7.486908356015354,-4.266032909428075,-3.409419125982527,12.347278251125605,4.797776630823969,-0.27236669640032796,1.924709556012938,3.596893944932389,4.391145837387667,1.7936533685330325,1.8411274947690348,1.1392372374404935,3.0813838321291698,-3.8069341276647295,5.828426554584731,-1.769583496242344,4.168664426461111,-4.948504898796502,-3.7400410876530454,2.583958874825165,-8.374785480151381,1.017971019762598,-9.237106908020131,7.813198419703848,-4.867345423018277,-9.265263910032962,7.0017859943712235,8.398094928727161,-4.427658194368156,7.264264291121325,-2.243856479847872,4.113760474014705,2.918528791027608,-1.1754894858233667,5.1566971003590645,2.9832942927597195,-2.3449235746538677,-3.9937451624303733,-1.895674722047902,8.680195283453918,4.470447604461758,1.6545027838847037,4.878791735190302,2.342654644340403,-4.2036938892417774,4.118333400962526,2.0008716556417117,0.8269113077222112,3.0483636443069173,1.266258058177594,-3.1422203441368035,3.622385620546553,-2.34328675317953,4.803012018881669,0.47299272245964197,-3.8638352568441614,0.2827221903622279,5.700280534799762,4.921051474729232,0.6032963684027948,2.155545364200573,2.620212831952551,2.0449868164256424,0.7560263657020005,1.5797576226851628,Actual adjusted month-end return from Yahoo/yfinance daily history,Market Table annual returns from the same adjusted daily history,"Sep 14, 2026 08:06:57 PM EDT"
ESN,ESN,Essential 40 Stock ETF,ETF,,,,,,,,,,,,,,,,,,,,,,,,,,,,,,,,,,,,,,,,,,,,,,,,,,,,,,,,,,,,,,,,,,,,,,,,,,,,,,,,,,,,,,,,,,,,,,,,,,,,,,,,,,,5.158070076759813,-5.242673259466201,4.083967545450351,2.197802471241639,-2.9728020278854905,-1.92959879368787,3.1308219786225777,3.3644833147252307,-0.2868386314268778,3.6833238428364057,2.895047126689909,0.3575698786582038,1.3959437085348192,-0.2470732874694681,Actual adjusted month-end return from Yahoo/yfinance daily history,Market Table annual returns from the same adjusted daily history,"Sep 14, 2026 08:06:57 PM EDT"
EUFN,EUFN,iShares MSCI Europe Financials ETF,ETF,-11.269682692626882,-6.2118824579067695,5.913668079196799,5.1926414212335015,-0.583874962422859,-13.07265115863483,3.8240896787584466,6.261507706641933,-0.8665695057926026,3.4382142593199383,1.2394453640020897,6.05476282298496,3.8502231422222977,-2.6409354095276782,5.998974610027985,4.7243989006646725,2.9135297380695535,2.750240307087992,5.834098675393395,-2.3686143718411823,3.5729557153397318,-1.4054461907094917,0.3887624604285822,0.9726591359956682,8.665806486205895,-5.527051676285466,-3.4684647136009494,1.64502220967786,-8.560463945772867,-2.003964814609316,4.448831296264988,-5.72643775709798,1.8072056334629272,-8.925011509417157,-0.21657506547394512,-6.53517329733575,6.312657051413817,4.273052686686607,-3.3528490310446912,7.764312082105063,-8.124682570314024,4.99711084320511,-4.132227302807601,-5.689647238866757,7.251657275445589,4.545441109645276,0.9239267230529924,5.94611048893996,-4.822986593466993,-8.625311959386162,-26.076715245122838,4.389477276653353,2.828735759212364,7.0680521605008595,1.3352070876794908,4.993071172598085,-9.247045135352893,-3.5662079974312033,27.471673796729277,4.279650076323427,-4.104901269393513,11.296061715298467,2.938048910545854,4.0477198269061265,5.336693240914903,-5.540947428900078,0.664974510075167,2.1341594301582667,-2.388059395457953,7.288478254113806,-8.456048206585965,6.26059977665181,3.640901877340408,-10.009616480852369,1.1229820394977663,-8.778440192664528,5.971046211868614,-9.79611925335494,0.12602534154537715,-4.342351432988412,-8.48683816459921,9.489573512648764,14.970460603073988,0.5273456842556756,13.291497819639254,0.5034887449695047,-6.312579481841096,5.72188843300987,-4.956979792701988,6.056793519096271,4.692390118531731,-4.233093266577925,-1.6640464991012127,-3.8603917652109354,11.111116464720805,5.364101849148617,-1.7652561697279912,2.9626011045286393,7.264142104700455,-2.1548016484265853,8.76404990991697,-4.490797362313337,4.382827210280094,3.4704472436490885,2.4016469423492337,-2.9518728397530114,-0.5000133437730647,-0.48678251409621787,8.4549365304049,8.587262864906652,3.826524108278262,4.914004049571341,6.323187031187749,2.1549365835798806,1.3910832979584953,4.240731362531047,2.7221057003092186,-1.4269193522607249,3.3973402893619387,7.489769336446672,Actual adjusted month-end return from Yahoo/yfinance daily history,Market Table annual returns from the same adjusted daily history,"Sep 14, 2026 08:06:57 PM EDT"
EWT,EWT,iShares MSCI Taiwan ETF,ETF,-3.4455834384698014,4.1362544563059656,7.943927843192156,-5.772001442129493,2.1439486785620465,5.32233575934371,6.9750817920024355,0.0,4.457750663529292,0.3821884375641016,-2.4746199693650106,-2.2008224432074397,7.320393423298932,2.7601538573684303,2.5933845174157977,1.5949323137049332,1.8365100729319739,4.013951159170537,2.348985897082412,2.404382015485207,-3.681954392253206,5.5401546423404335,-2.6246667257193157,0.3899896529760971,6.710848659899149,-5.150074127991456,4.6111712350986656,-5.320816156004026,0.9090880285454128,-1.7198985729445337,4.999989490115042,0.3439235082087544,-0.6063908365620763,-12.122009402656108,0.5131204636694697,-2.024342760553832,5.281478883111412,-0.270361986863199,4.156638631464116,3.6436969109668205,-7.700875564370325,5.683192314800323,0.8867119410871371,-1.0490330591050312,4.183384542554025,6.7656578355113295,1.6228854352908773,6.889651828750498,-7.7072877461677125,-1.422548253642697,-11.892039779196818,12.314236735032512,0.40506611590491737,8.176457881025678,10.890107988047927,-1.4573984198728906,2.161534665980125,0.5790567364207799,9.521712624100775,9.3562533380108,4.257727407049083,5.619812418198977,2.583391511334776,7.638434233564917,-3.37775221434532,2.5497087293828713,-0.5629375748053556,2.15442952989906,-4.5412615450160505,1.6287747089125393,2.6499591496861097,5.751335640282607,-2.582194388680492,-1.4948392404633415,-3.8642024567273614,-9.015462367602678,2.0568743268036593,-11.636871793736548,1.7255136049777464,-2.0666951609445205,-14.194700479391475,-3.34106051785521,21.987526799634672,-6.8067112057509815,11.578672212373608,-2.49945260512362,3.753742407727967,-3.1105339213385985,5.191261330483665,1.7748873388894193,1.829018391065751,-4.761908451141384,-2.3026373321543336,-2.3119973463457066,11.902566326885577,6.375842696308265,-2.9980375101745005,3.7626002471953024,5.072305377506803,-3.122431660970748,6.700594575611385,7.69077664040545,-1.9376251932709976,1.2419927457129276,0.13011448481832222,0.6497193872107676,-1.973436308574672,0.5569296377911037,-0.5989093919636646,-1.2439272437150706,-6.553834969193484,0.0,10.320140882021889,9.583811542545305,1.6724719106200325,0.7882073477095242,8.160494108543027,4.762651672500673,-3.2107965462861876,3.005305444848916,Actual adjusted month-end return from Yahoo/yfinance daily history,Market Table annual returns from the same adjusted daily history,"Sep 14, 2026 08:06:57 PM EDT"
FDD,FDD,First Trust STOXX® European Select Dividend Index Fund,ETF,-4.597722622620193,-1.5490282359141405,6.38111195155171,3.6154340895699466,-1.030926563642598,-2.7420983142646294,1.192496320800318,0.08415215867145776,-0.06182260222352687,-2.3688873189196102,-1.2998214268166608,4.925010687276021,0.4212301858723899,0.9228060922144676,2.885851852747656,2.7530175301121007,6.777021155739327,-1.57997661068775,1.6832339778448002,-0.6019423443429317,3.5984486376710256,0.3664996494516348,0.21915026009684535,0.40389187113154534,6.190812140445523,-4.732513740969857,0.04048106383360839,3.9017578733337333,-4.241999194993462,-1.2675527019363808,2.6535548302951906,-3.1019580908454247,0.6000977106276784,-5.1105893630521315,1.1253734839771878,-4.650713976472942,6.4488833739204,1.1014831480183673,0.31302402061637036,3.19563449248339,-5.966771361610568,4.153663953280651,-2.0783603318163757,-0.32649928418947427,5.0776131826800075,5.18055603096752,-0.22388010357786703,5.444468812081826,-0.7834791127227958,-8.542733959516957,-24.274536952064995,1.4553148549526274,3.2787031878697137,5.833570932752008,2.0095848609302136,4.878042309844566,-6.423765288165328,-3.411320333082879,25.4288527446096,4.066337964657096,-0.6220575908158499,5.242545624607531,5.087869824131497,2.3371356330692983,5.12109730329966,-3.1802119225953773,1.4522848777271724,1.3633378247235983,-5.362510448667834,2.8057699729038266,-3.289007974927516,4.752591258735417,1.1095866026355594,-6.515778209737477,-1.7994017912748683,-6.094829760833886,3.6057895907336324,-13.2588316258618,2.7598794150662354,-5.908680236533481,-9.13895314530765,8.440173276147455,11.921174412954482,0.39666352153684414,9.50702418523386,-1.8488716554961981,-4.120071302110961,3.598971591482436,-5.376353492197605,3.382362152345797,4.317168409195471,-4.307423508442931,-2.6083268252907854,-3.8567685289854214,9.551092082713408,6.74851261001741,-4.3082124578986525,-3.0303030303030276,6.0149615490685315,0.3381469762480549,6.571173943086173,-4.164977641073142,4.782246117015099,1.8744722877253261,0.6901460567280138,-4.815419100173579,-1.3490712351607148,-1.3986158660007186,6.039067263002829,7.202688114160516,6.557298563026337,5.6005892681846525,6.071188871196598,4.000470811255341,-1.4157102988392012,4.503927751683667,2.187123661125412,-0.18575023060733997,2.791549786447267,6.591139214026209,Actual adjusted month-end return from Yahoo/yfinance daily history,Market Table annual returns from the same adjusted daily history,"Sep 14, 2026 08:06:57 PM EDT"
FDM,FDM,First Trust Dow Jones Select MicroCap Index Fund,ETF,-6.32217813460032,1.6223151733013141,5.797274737916269,1.7538681721761318,-0.386299195023565,0.3422242275478826,5.349671977762238,2.581538674345074,0.6518571802072604,-2.399992086368008,16.252143894534974,7.497266362083588,-3.061252688919225,0.1169544374515219,-0.18571380966485584,1.6669784710285462,-2.494147099047306,4.578294660936177,-0.2949974855223081,-2.0709720721160396,7.853583253073748,1.4461564067745236,3.106403856019524,-1.7160204906885412,0.21073163903204684,-3.4700266752637265,3.2310356580468103,0.887767882743562,5.8244322441897145,1.0626141865597738,0.706733291946815,3.040931334501251,-3.1004740028239497,-9.094465388243457,-1.4629683449303266,-10.89256133409049,10.547056503758135,5.461422516234227,-5.181511434865049,2.4854654285438205,-7.428461417558507,7.007560371678001,1.991156551994755,-6.160528595864667,6.138916208193157,1.05033359960518,3.9627502291987193,6.414522547981738,-6.988619242750216,-8.970028958617293,-26.90493346859736,15.421446277638506,4.591966488940202,3.983299628593562,-0.9200043755951515,1.7796907513748073,-4.814288932425881,2.0010501941716274,17.054669530451562,7.775917629401374,4.9916432949165035,12.134467043654062,6.831839689262664,-1.1142661642121743,3.2122467137889466,0.7890186983565695,-3.5939842751830153,2.334148929196189,-1.3996847458540573,4.021359387342938,-1.9570175701158377,5.238296151428057,-6.1298043372634,1.0161735776052616,-0.4064297510221748,-7.07169956965118,1.4826575077978799,-7.399223968732915,11.15354159908386,-4.295540512230223,-9.785054727390307,13.799988287375676,4.393669626379859,-6.004583596123025,7.568922221671914,-1.0219246565268736,-8.881934787556222,-4.007459739691055,0.34951292358949004,9.630537240652547,7.131424027881628,-5.328689051779445,-3.4546144651885435,-4.654968200521036,6.241625299174758,10.975794718621913,-4.401705067598338,3.6494025791261375,3.368380183045372,-5.002383551856637,4.863311634636003,-3.3190929253341217,12.26226396215868,-4.413727648912347,-0.012165504385419634,0.6396130617804197,13.036755594973283,-6.150326854966126,2.4794690256976892,-2.0329363685677504,-8.73918650079858,-1.4474132286427244,9.073084966540513,7.5077315983774096,-0.8376358462084399,5.7299729790462495,1.2092630627191348,-2.8250835466469892,5.732918107805474,2.7731949183628535,Actual adjusted month-end return from Yahoo/yfinance daily history,Market Table annual returns from the same adjusted daily history,"Sep 14, 2026 08:06:57 PM EDT"
FELC,FELC,Fidelity Enhanced Large Cap Core ETF,ETF,,,,,,,,,,,,,,,,,,,,,,,,,,,,,,,,,,,,,,,,,,,,,,,,,,,,,,,,,,,,,,,,,,,,,,,,,,,,,,,,,,,,,,,,,,,,,,,,5.061386006237489,2.0316085605290635,5.604713397790051,3.3199856168085073,-4.338985598258038,4.535793003444266,3.9969535705282055,0.8496766824284574,2.2683089682183466,1.928959850875711,-0.3116315101249212,5.595485824066793,-2.240352018529812,2.5812250191180386,-1.8649806597400453,-5.634895445593735,-0.6732945556602532,6.262096827462504,5.056580520218956,1.4786891677076142,2.9142851170729456,3.6967533816246734,1.9855119868716908,0.18416733067647684,0.4647881625567063,Actual adjusted month-end return from Yahoo/yfinance daily history,Market Table annual returns from the same adjusted daily history,"Sep 14, 2026 08:06:57 PM EDT"
FELG,FELG,Fidelity Enhanced Large Cap Growth ETF,ETF,,,,,,,,,,,,,,,,,,,,,,,,,,,,,,,,,,,,,,,,,,,,,,,,,,,,,,,,,,,,,,,,,,,,,,,,,,,,,,,,,,,,,,,,,,,,,,,,4.1192997625958405,2.744955037647223,7.161405170349799,2.407557893794987,-4.128583425014353,6.53016584281525,7.044430983708527,-2.045872030192497,2.3101309926840896,2.744612658437573,-0.5424956677382631,5.818160556109908,1.3941639061685551,1.4423109803591627,-3.707824551160166,-8.687686686136797,1.6507909732004666,8.869447963076006,6.356916318531858,3.1596068974930613,1.8324596308978869,5.797740554555353,3.5992214459631633,-1.596249081385781,-0.4304734852408454,Actual adjusted month-end return from Yahoo/yfinance daily history,Market Table annual returns from the same adjusted daily history,"Sep 14, 2026 08:06:57 PM EDT"
FELV,FELV,Fidelity Enhanced Large Cap Value ETF,ETF,,,,,,,,,,,,,,,,,,,,,,,,,,,,,,,,,,,,,,,,,,,,,,,,,,,,,,,,,,,,,,,,,,,,,,,,,,,,,,,,,,,,,,,,,,,,,,,,5.755874849524623,0.3352009385060306,3.86042257024779,5.327551673772857,-4.3150598552180846,2.791673771330383,-0.2990273575476432,4.621844989808022,2.7777755736400733,1.2612045287839546,-0.5490944005497655,6.6579994013837185,-6.771099195048846,4.463401834534175,0.031416055966349,-3.0089072330765965,-2.8301865263191006,3.3143616663161124,3.439140927046247,0.3462332596490647,3.889591534669634,1.678819687214017,0.6263097551867824,2.1932406034470775,0.9420862636903005,Actual adjusted month-end return from Yahoo/yfinance daily history,Market Table annual returns from the same adjusted daily history,"Sep 14, 2026 08:06:57 PM EDT"
FENI,FENI,Fidelity Enhanced International ETF,ETF,,,,,,,,,,,,,,,,,,,,,,,,,,,,,,,,,,,,,,,,,,,,,,,,,,,,,,,,,,,,,,,,,,,,,,,,,,,,,,,,,,,,,,,,,,,,,,,,5.242230723581631,0.4151067248846063,3.957157112033194,4.066316622011423,-2.942202675011074,5.377132890650915,-2.0023531135814454,2.0995221701212152,3.542406918677199,1.6108833616723217,-5.515196962716907,-0.6291501198302352,-2.603960946893602,4.79476243039727,3.535532254704532,0.34897699232039336,3.7634342844978796,5.375659319959314,3.2996669959888925,-1.4431512447214967,4.667480317362194,3.3235087851331,0.992061333080474,0.47712938696162777,3.2017462658019857,Actual adjusted month-end return from Yahoo/yfinance daily history,Market Table annual returns from the same adjusted daily history,"Sep 14, 2026 08:06:57 PM EDT"
FESM,FESM,Fidelity Enhanced Small Cap Core ETF,ETF,,,,,,,,,,,,,,,,,,,,,,,,,,,,,,,,,,,,,,,,,,,,,,,,,,,,,,,,,,,,,,,,,,,,,,,,,,,,,,,,,,,,,,,,,,,,,,,,12.806308925164235,-2.1421167583018152,6.145875047002236,3.0154499982367966,-6.888515550848706,4.71764939460273,-0.515428616500857,10.335128454680031,-0.34891424490198775,0.7950746857150914,-1.1344127850080432,12.165975844235533,-8.89110702404664,3.740346490228963,-5.69131464289968,-6.363095938517683,-2.815456751679779,6.1082033811230785,5.27801749678658,2.3444976134097795,8.582757164381526,2.9858552731968357,1.6958278781833647,1.9903145568082037,-0.1490542622558655,Actual adjusted month-end return from Yahoo/yfinance daily history,Market Table annual returns from the same adjusted daily history,"Sep 14, 2026 08:06:57 PM EDT"
FEZ,FEZ,State Street® SPDR® EURO STOXX 50® ETF,ETF,-6.099342121352935,-4.299409507061325,7.606014826295104,2.618085191405295,-0.6158135116028918,-5.60636872523782,4.491491534134862,0.8596886953095018,0.1373966792389325,-0.5799846285192256,-3.653679724386538,6.966386422241988,1.673613267140972,0.4996823999578348,6.527238963922466,4.0715378734907715,4.5201784998039285,-1.0385414102350277,3.2492658645635775,0.12592715948951394,4.077391958203713,0.9696620526788546,-0.6242515159957662,-1.3398019650318505,6.951625847227838,-6.867295073988688,-0.5031594572461495,3.302690268158903,-4.783653024801926,-1.043001659244014,4.356846498794309,-4.299939998291102,0.09432629599019915,-8.178720981435584,-0.1707545679603628,-4.804498863370998,5.951307407193318,3.347491425595228,0.6638249592853862,5.3854912663424015,-5.862529381527581,7.803423693011791,-3.0025891687757933,-1.3189766136990855,3.0896013019207302,3.7890978984107093,1.4041437872672313,2.9556428546757996,-4.143202457868345,-8.005107941017119,-17.64451587277087,5.2863326154481305,7.37046212012713,7.578452736980301,2.8708103375466365,4.240756073727625,-4.128329309371804,-7.592825933701808,20.065493108247058,4.06452452016981,-2.301092758050982,4.219839286964788,4.8261452105835545,4.403486376446208,4.605123916201559,-2.506486755483517,0.4270751641670678,1.9349392547172606,-5.396764008681765,5.4316699872502205,-6.240853577291794,5.557386539980147,-2.8504003064464323,-7.919702841179488,-1.1808969862737828,-7.75213132138477,4.978945584566774,-10.805388979076847,4.886491921908909,-7.262274518403666,-8.650175963390161,11.410907295798456,16.866081873159587,-2.9551912935085856,12.532319706216533,-1.6073588738597544,5.123089842063555,3.162578216847667,-4.922284373336128,6.558631531522896,2.2835829501948623,-5.209437375205061,-5.505318694891514,-2.0471250465659563,11.130004253212377,4.811796379266431,0.08365915739454444,5.977012403554438,3.8256947394171847,-3.901044428741729,4.811877460222713,-3.4484615378050254,0.5596762754056961,4.412638681839787,1.5174276063497416,-5.616083700403662,-3.34327822201973,-0.54131252606755,8.245058066831913,3.7221787460991473,0.9104832231205284,3.381725557448334,5.226671036502317,2.7924434174845025,-3.114009774627413,3.335062408840228,3.9864767046760896,0.5795301594437197,0.9603057385287439,2.8951726691292867,Actual adjusted month-end return from Yahoo/yfinance daily history,Market Table annual returns from the same adjusted daily history,"Sep 14, 2026 08:06:57 PM EDT"
FIDU,FIDU,Fidelity MSCI Industrials Index ETF,ETF,-6.247706924325369,3.684865190403208,7.447987471512474,1.618567503702928,0.17313892999617497,0.7425393900346577,3.931035984564124,0.9953553758343281,-0.16611383951757874,-2.612428796535582,9.711383833095288,0.13611030660407586,1.675987209869012,3.205143200204663,-0.2533444138365315,1.9362107514047322,0.40912157410502026,1.6278527132956633,0.45991680110326616,0.17166364194469708,4.972892885222091,0.8210138980650594,3.6645178186222482,1.6891887678142758,4.987134037604046,-4.454869340379874,-2.158025630590854,-2.5905854524756577,3.5549912064408495,-2.4259434668853164,6.499430124647687,0.6837255373542073,1.5259252274032242,-11.265898831919085,3.2791643420287953,-10.60917887195697,11.416363162647558,6.493152104414035,-1.2406711584371788,4.424083280968105,-7.420437064751162,8.048470775128402,0.8052370119711272,-2.9955125321082243,3.04788432592793,1.2293056286927007,4.4362025894357116,0.2277762331526434,-0.45193233681690703,-8.9127931414416,-19.614063887441713,9.461210256702902,6.212490967483308,1.8187274762653916,4.484683495951525,8.237779486830776,-0.7870756836331427,-1.4200188552938031,16.628749082931993,2.1642293087796416,-3.0206336798116684,6.339120533864917,7.747507547008392,3.705815815577318,2.5180695064966896,-1.7771939820714788,0.626991127826737,1.0078440662169008,-5.5846291407829485,7.014849883401286,-3.169481223211923,4.539734907401138,-6.4234978011530774,-0.4373443043475089,3.0933010262544913,-8.251246986358806,-0.5874018051025054,-7.504027646686562,10.68583539170107,-2.638411114183359,-9.96183302668464,12.820509288808823,7.122569590861172,-3.565668886393092,5.304670991571325,-0.449427559518345,-0.14663750601250358,-1.077713689860127,-2.29358004087834,11.670168345343912,3.2706163424471857,-2.0432587041647188,-5.6020056111394485,-3.6400584612971354,9.357614656400237,7.856429816588939,-1.1268934100495676,7.20184382298894,4.78352811453675,-4.217677590443969,2.2786859690523187,-1.2829708369926252,5.598889548039621,1.7818298246075281,3.03460276210763,-1.0392420701006322,8.359019090465459,-8.651698479169657,4.750416757885589,-2.5797832241283625,-4.284331679944753,0.3797184783077556,8.686168064147214,4.083523690088331,3.714696585631283,0.16167396163333514,2.0897254495356288,1.4400919606616824,-1.3715195329115693,0.7853420559616131,Actual adjusted month-end return from Yahoo/yfinance daily history,Market Table annual returns from the same adjusted daily history,"Sep 14, 2026 08:06:57 PM EDT"
FMDE,FMDE,Fidelity Enhanced Mid Cap Core ETF,ETF,,,,,,,,,,,,,,,,,,,,,,,,,,,,,,,,,,,,,,,,,,,,,,,,,,,,,,,,,,,,,,,,,,,,,,,,,,,,,,,,,,,,,,,,,,,,,,,,7.366354965443089,0.036637246676707313,6.865603579703872,4.973602227023877,-5.3536436841501,2.646615519646911,-0.481593736183239,3.972841613917333,2.8249429069566734,2.458538461963533,0.351365131891912,9.255428050790627,-6.555909008956928,4.870635248301536,-3.3671909933901567,-5.529007561586729,0.3509903104185197,5.53257939908296,4.027158634456152,1.1768027194327013,2.9006375737852474,1.228504960754151,-1.1618307691832919,1.9031622498336898,0.20966050784081425,Actual adjusted month-end return from Yahoo/yfinance daily history,Market Table annual returns from the same adjusted daily history,"Sep 14, 2026 08:06:57 PM EDT"
FNCL,FNCL,Fidelity MSCI Financials Index ETF,ETF,-8.445217688050032,-2.470074638909836,6.727329955459371,2.855022609431601,2.595533119440341,-2.737474845176602,3.998561935025413,3.285551230685946,-2.2685465301023333,1.8099509769346156,13.811969950800895,4.217121002627233,0.17350385033967353,4.849867458244228,-2.8633726980864527,-0.5405637767122773,-1.6303995125461879,6.149298255832747,1.596026152659702,-2.0314428634774395,5.490333601778152,2.6862865748480846,3.462447108872757,1.5160584409579236,5.690444945709161,-2.71520585929097,-3.212909341737502,-0.3713776387395451,-0.1490980329995395,-1.9625760067600195,4.719417590113606,1.315466775588714,-2.5778318983399884,-5.207058594130842,2.5372528018648755,-11.228022632444256,9.230327197783051,3.205315312663326,-3.097449443633693,8.63535330931997,-6.967635662436433,6.3567018860915425,2.743163974757601,-5.145639007414681,4.714585652740788,2.188862125329316,4.813464133866874,2.526797476894971,-2.5663950855345674,-11.136823066551537,-22.801870736734063,10.040861941488387,2.783779449440127,0.35450120473294877,2.867492716423503,3.902622485305618,-3.8840889624686015,0.9462114367688734,16.40305814284384,6.8052727903956445,-1.4921839274653403,11.757643802646434,5.784432052304589,6.230863959827726,4.13461404343618,-2.881349662627175,-0.3246696752669753,5.154244988213397,-1.6908502126749991,7.4874306788554,-5.23306576885163,2.740884631319074,-0.48282136858576186,-1.329739859170087,-0.8911553426687036,-10.267780736241916,3.642733444833879,-10.8063101706381,7.483736723985546,-1.9178783969955204,-7.903371817910243,12.09379700558837,6.026077157959464,-5.833858781425006,7.7805738819718195,-1.993422740003803,-10.390474699343011,2.1951229996790333,-4.100673716975778,7.110344985767192,5.969812202218994,-3.1675978939948224,-3.121056267458011,-2.899473095354743,11.523982205190041,6.665454153531103,1.942108526360009,4.103318931209499,4.9992841593387904,-4.545446665614971,3.2451534868854104,-0.6018392573583498,7.024503297735496,3.580083939558887,-0.16627511387552474,2.849989009692755,11.616902618544401,-5.941165440723461,6.508450681121425,0.2870754751489013,-4.826032162669658,-2.243961790324145,5.22368906562487,3.9430884699421576,0.3241615085195937,3.4060279112914538,-0.25025986231667074,-2.829444853666885,1.860341594187509,3.245643161594036,Actual adjusted month-end return from Yahoo/yfinance daily history,Market Table annual returns from the same adjusted daily history,"Sep 14, 2026 08:06:57 PM EDT"
FNDB,FNDB,Schwab Fundamental U.S. Broad Market ETF,ETF,-5.150712586153672,1.3668585118551846,7.454669544038506,1.5337752360787826,0.6377778559049085,0.7935403575330735,3.1967960270324447,0.0,0.06457049650754332,-1.936023111944074,6.150820448970928,1.8915604497057759,0.9526698505436082,2.9528038776441834,-0.3252517428191326,0.0536467057929757,-0.14888847108378567,1.0777360367723476,1.8089504384164679,-0.9029703984574478,3.6329411593680305,1.2264570740998293,3.63482092798606,1.9138898600302712,4.372293449318221,-4.883033249926472,-1.7216825259273372,1.132268729594399,1.9115292899176684,0.7621326485205859,3.236146252631733,2.3575076345422774,0.5669286406868812,-6.248412333475883,1.2142527440054174,-10.158178710963629,8.98777993136639,2.9862993612561617,0.5809492268557426,3.7234193610386157,-7.230773051744088,7.500466000255845,1.5515935057227814,-3.259488172197089,3.5432565037699204,1.8144396295467269,3.7148711713155036,2.746781883401761,-2.420490485643767,-9.071012961047876,-17.263245789001324,12.443016336977774,4.37429751504006,1.1982697489337335,3.91723488304756,5.840212461617811,-3.616934882836398,-1.783376439846418,15.300385535152717,4.5300600474720065,2.739410136940945,4.660723500827779,6.610094575436998,3.7831590566289375,2.9688009009268157,-0.3730517406744571,-0.036761991768641256,2.3914467569180253,-3.3311252202947728,5.209112966141727,-2.1827827796104926,5.853599519869168,-1.8090657367904384,-1.175691512881183,2.915529994900412,-5.818198924941475,2.3166109709711113,-9.260052312872391,7.2068692477409435,-2.6741154051480476,-9.599090377765018,11.691074921876332,5.870066714927025,-5.058024668161664,6.366409704758058,-2.876524633892563,0.02814112730533669,1.1825579919876317,-2.6479159589659185,6.9528062222238285,3.894966563135549,-2.425780392267607,-3.782973609158158,-2.722857065943396,8.210526929048534,5.942152749492102,0.29458620279527725,3.5574504441526766,4.850932633165295,-4.738905647173464,3.865636038899223,0.49605649957638054,4.239096776557583,1.7700393852919438,1.5751335397507171,-1.136840098625369,6.511425209497679,-5.38105862844872,3.826312409646637,-0.28985115322688326,-4.0421686585562995,-2.998697918099069,3.584234518662255,4.175127226323805,0.7923301452407161,4.385612416053553,2.4547482462873083,0.7770078164268446,2.428676615378156,0.45437019073477636,Actual adjusted month-end return from Yahoo/yfinance daily history,Market Table annual returns from the same adjusted daily history,"Sep 14, 2026 08:06:57 PM EDT"
FNDE,FNDE,Schwab Fundamental Emerging Markets Equity ETF,ETF,-4.146183299281237,1.3659284350509004,16.395280721102278,4.775712761555684,-8.609617229408384,7.506329287873048,7.6382716879072055,0.5223916672594475,2.771735527831054,3.28698728633241,-2.0399814602326427,1.1983579999419236,7.615083951432644,0.8164626142378006,1.9282786574681188,0.6053877324001089,0.3384680962706055,-0.2248740778303837,5.184055978600788,2.9285798703909016,-0.5551649239964318,2.651752638504079,-0.6798058581920174,3.687251446106443,9.504566638935863,-4.678375997005569,0.7103529122806762,-1.9557343530189453,-4.7416602628451265,-4.977712516934396,5.455217349656727,-3.2888108871683364,2.0900040549651333,-6.8008221653479195,2.3082230074091603,-3.154389679809133,10.801389106630754,-2.0964359266143484,-1.0349793947368235,2.5243619446452037,-3.798792386812422,5.7701125001742515,-1.9832849118074036,-5.005326545493127,2.316904884388582,4.821034372172206,-0.03483967285484724,7.114212618373061,-8.042891289578503,-6.559767608748645,-19.81279998108112,6.906615844173358,2.8207713782859134,4.207142052881685,4.613427981822582,-0.12250047835201672,-3.025347547419732,-1.011816782849606,14.267462946467413,7.485740517186135,0.24769990194961622,4.376978943701504,3.9905237401756333,1.7561077216060372,3.5474832912964605,0.12087495266124293,-3.0387611869664877,3.7735825823567826,-0.6779716071996345,0.3413109188581842,-4.792839371402358,4.394539798661912,3.9367491336715688,-7.326900617778975,-3.0150906491390295,-4.732285536341374,1.2327804861633984,-6.18940972236649,-0.4627818573779363,0.1549778283987724,-9.323023389308204,-1.0665519478355923,13.712821006551025,-1.7824359830679537,8.313151139591834,-5.923994767859597,3.1683072835591686,1.3051924490494304,-2.53884591644451,5.118939530264099,5.902127132780044,-6.278672642677985,-1.317274496612142,-3.394350500416232,6.592976120514127,4.5013804259095735,-2.5792138980388457,2.3449232146416588,2.586846891527994,1.9092307319955593,3.7822522769141997,1.5057623651799856,0.20290014468486994,1.653746672226175,7.138107507166613,-2.7579837455467437,-2.7087214158547535,-1.128476692172553,1.7900162477942683,2.4349119467000913,1.6837057878025696,-2.2727179815360876,4.352157672772328,5.7699943368733075,1.151180974937871,3.1446456344025986,4.994191754332378,2.1017636177152133,0.3250425519051525,0.890550112959354,Actual adjusted month-end return from Yahoo/yfinance daily history,Market Table annual returns from the same adjusted daily history,"Sep 14, 2026 08:06:57 PM EDT"
FNDF,FNDF,Schwab Fundamental International Equity ETF,ETF,-5.163714145285503,-2.700341355466873,7.643332812836667,3.5925673645108125,-1.4687956755592757,-1.6977108021536957,3.4962092970451275,0.9767774548443464,1.612239296751361,-0.47595914600054856,-0.9166847093133978,3.4147921602557307,3.3067696870976437,0.308518973882399,3.037277699829155,1.1567339335515348,3.0615980544161925,0.25054622883466937,3.391623681048417,0.06906210223096565,3.0710940451166513,1.3726280790668621,0.9246865721406428,1.8286401450741119,4.835536069374902,-5.271418550852314,-0.6955971127724281,2.368232409576465,-2.346020942544691,-1.434765340984212,2.9451454944712463,-3.0253185499812596,1.5598412302345377,-7.779621263804016,0.03620621105120403,-5.612940883778739,7.216510835570955,1.8490898501607234,0.14526538990711213,2.7556185923532928,-6.386740536732649,5.866840568286946,-2.476665387398247,-2.7972055713319954,4.392274883940783,3.19187439164621,0.9490169831137152,3.186369702049907,-4.426002688000185,-8.57453961675575,-16.77877267232969,5.183051190313437,4.701623282619405,3.3405224615682627,0.842445535537717,5.639113217778058,-2.8469794280665317,-2.8083217613867784,17.79733446784746,5.6617772567726155,0.4439738912119351,5.33832318007208,3.615253688361464,1.9314670027653635,4.614889981629289,-2.0001342479452844,-0.9014374877020725,0.5761100353472326,-1.0250234222073606,2.4063359692253927,-5.8001144803333515,5.4558910521738335,1.0458391408746603,-2.1917793318972367,0.3423656973364553,-5.490090507349466,3.839855584211316,-9.642283399494534,3.1437618212492913,-4.520545065989534,-9.791960815204071,6.838968122655875,12.393013789044849,-1.6935493611022312,9.047132557831405,-2.5236629026404,1.197415435835314,2.9421037779838954,-3.9763817192513873,5.703372201061074,3.809216421127015,-3.400947182381475,-2.192712919095341,-3.1891450025796853,7.534256396172534,4.756669532580782,-1.3341282032484525,2.5540948390548435,4.336348104806409,-2.4150436730782654,4.316548728274205,-2.486046281749177,3.282907082066422,2.155896118704037,1.1092853001656078,-5.030757977183242,-0.22542126145765895,-3.4367820168703878,3.794041296188122,3.0751456360368135,1.7168418198033386,2.988390775507277,4.836107513274879,3.119636239814194,-0.024992838381654447,5.048728957949966,2.212707566210659,2.537252129662293,2.020431920690968,3.6317719301994567,Actual adjusted month-end return from Yahoo/yfinance daily history,Market Table annual returns from the same adjusted daily history,"Sep 14, 2026 08:06:57 PM EDT"
FNDX,FNDX,Schwab Fundamental U.S. Large Company ETF,ETF,-4.399474080636234,0.6574349656196521,7.00287270702582,1.2547203572472965,0.9377029905183187,1.135012209224584,2.804381015445112,-0.06424183356007473,-0.09635132564908,-1.8422252951712736,5.926867065109254,1.9633113159211568,0.7968249772999592,3.0708474765510863,-0.3244721288483965,0.13076297199350329,0.05934514370897759,0.8192764104396177,1.7149569279118815,-0.4651129712469171,3.2234649133179527,1.3655497310636866,3.592489955833855,2.03160344232749,4.511453616499783,-5.00637893086977,-1.8269438844059849,1.0181649317583918,1.7978519785696978,0.4579235370555379,3.588624113885386,2.352636442051903,0.7599272821003034,-5.998012361998484,1.3941368265782517,-9.585465601439392,7.9458708207862605,3.135233172071561,0.8659512202003894,3.5046395438073974,-7.204698061398506,7.900197966166367,1.1506131801251929,-2.9575241176111544,3.5953866444570437,1.8710384424694304,3.67338786113649,2.9333386951180485,-2.3430142670809673,-9.4290036894199,-16.376302772694885,12.32043496704569,4.319426258778725,1.0187989380507911,4.0988183669134814,5.866979214555146,-3.7992574616437125,-1.4459245097632967,14.618839930896765,4.070777319749075,2.7158233159990663,4.191758713862059,7.031221209387994,3.7739676649618525,2.946674450765685,-0.45795191150636017,0.20103890384082224,2.316280686725869,-3.381766890664173,5.1899502552494425,-2.044042430786397,5.956228903961014,-1.4161298106960984,-1.4191661358385232,3.1091790888903015,-5.641035746785105,2.373211386851537,-9.406223043104166,7.1512751323510315,-2.7319386466828743,-9.487348127112071,11.704364924802624,6.091824687837044,-5.058094524713008,6.044165426732273,-3.1939171186768256,0.5931960175679984,1.4202498934680063,-2.6929814874471325,6.7368317614682205,3.8388009971418224,-2.3920931107560883,-3.6220921613342227,-2.554960268708839,8.140824491200526,5.587892459954746,0.5812058789536723,3.6115726014489313,4.852449437374284,-4.585257917447027,3.98133638687439,0.6525267915787891,3.7025936456742015,1.9867411341138785,1.7323654790849297,-1.2541886541909575,6.308218888541606,-5.2529131405684275,4.011824048703971,0.0,-3.7155010801651067,-3.3460402888309426,3.680971332061711,4.181248374169799,0.6927467391217634,4.249298098112297,2.520525065917778,1.0646365889336984,2.483069583836084,0.3407470105682764,Actual adjusted month-end return from Yahoo/yfinance daily history,Market Table annual returns from the same adjusted daily history,"Sep 14, 2026 08:06:57 PM EDT"
FTA,FTA,First Trust Large Cap Value AlphaDEX® Fund,ETF,-5.827239608040746,3.7568792346835966,8.577112715264356,-0.12301944049967206,0.6651393344183854,-1.9244987694493898,5.239419682402358,1.810395657817332,0.08315354115731033,0.4696659606790776,7.713927729254166,2.1644637808087897,1.6214763103635565,4.450970709271362,-0.5800221633580738,0.567992894097924,0.040350391974564026,1.5947175652577084,1.574310607947993,-2.020824254956388,2.7360081440893635,0.6652395897498886,4.761919111917234,1.8630151496410452,3.239985505011078,-4.946807423710697,-1.238690015525734,0.0,-0.4929697562831681,0.25165041158881074,3.383014193639733,1.0723371597079367,-0.6265837963131626,-5.799753673368436,2.156843716173351,-10.592389438672079,9.777189212433157,2.4433467712267065,-0.494595489378058,4.324218516046008,-10.315988107872586,8.402127739886645,1.3425579386633135,-6.604866540485954,5.38944775009047,1.4543326847700433,4.950303245431442,3.471155981498786,-4.512462755588076,-11.119354236316436,-22.81103154768441,17.71733195255132,4.20129743156854,1.3628745295445555,1.9573482215837545,4.314039258759839,-2.935981705422741,0.2785256358831312,14.209412903587992,3.45068630908989,1.2743363434491117,5.788241234305613,8.456125063669884,3.566353370064057,2.6395562140013373,-2.6487980919682186,0.2284862739303506,2.2948136393735608,-3.871276965274373,4.363753706023155,-2.3965416273546536,7.125321189895373,-0.4149892300385649,-0.5460628381459443,2.27909457790878,-4.083956799183208,3.681250269824754,-11.043045108650784,6.391878909875848,-2.7239797887037343,-9.759330919840048,11.806521458427511,7.551560433713855,-4.345541644593243,8.79804256576595,-3.715077983581272,-3.2469337208056226,-0.6927900126769693,-5.489834023807227,7.490634648406358,5.443927300181728,-4.096136200695355,-3.3282840666652325,-3.2726112744605795,7.596558428517541,5.805672429761111,-0.8611069480915612,2.8762597584394367,6.153430305269136,-4.150276606870873,2.7181944713652095,-1.6866580139326626,5.529871078522075,1.4677529894010277,0.9903879908662594,-1.4532940388116478,7.065898904583912,-7.89554168764327,2.8250154800285587,-0.2035156160785534,-1.7168909760538864,-4.171021638520134,2.706756035221125,4.547082175638706,0.44512760917707617,5.381108876233887,0.6047378240230383,-0.7440266709699106,3.9052065494023847,0.8488746964384175,Actual adjusted month-end return from Yahoo/yfinance daily history,Market Table annual returns from the same adjusted daily history,"Sep 14, 2026 08:06:57 PM EDT"
FTEC,FTEC,Fidelity MSCI Information Technology Index ETF,ETF,-5.876979295481188,-1.0029270847953131,8.496728010957888,-4.698775518626674,5.499346027176988,-2.648850520554291,7.936931137623526,2.174571195545494,2.6588326104595827,-0.7113843870361625,0.606239352472504,1.4084367756748595,4.172342677131047,4.967479047558476,2.20800143349158,2.260035181443998,4.562749315021208,-2.634133969212138,4.143272241458407,3.079319770291722,0.9243137621604447,7.430715169878654,0.9276216723874464,0.1081101206096724,7.544487361630159,0.16748673314339602,-3.4338662127518793,0.019246167618680587,7.0547487472715,-0.24076448626380031,1.9902585951663943,7.433006894296468,-0.2941334585152111,-8.698532450903151,-1.745475353247361,-8.526775958750498,8.143783395810345,7.3427043774503264,4.029176022406178,6.444004460371633,-8.858966338346164,8.62871478700351,3.6127110576193333,-2.262481506609726,1.4002425599950685,3.700802538724446,5.685747844177347,3.982949083692966,3.7113932376577896,-7.210312475908265,-9.686932167278284,14.05327074403906,7.734289284476059,7.022352842023416,6.055450050950761,11.247426975672248,-4.921246252068833,-4.290667495643008,12.37090930428586,5.759120329791423,-0.698506395250964,1.4742776044313954,0.7141679381373001,5.167216346188996,-1.2485447303486774,7.326010589580445,3.3619104345237183,3.4989767755644774,-5.70933656244036,8.117682257718318,3.1498545005090417,2.5437704867302013,-7.850813568379412,-4.27986620674975,3.2400152566051332,-11.780963504029229,-1.6209092855002938,-9.452955626030057,13.419680484184182,-5.609860996360183,-11.78844956970031,7.445275094065318,5.31218267518927,-7.925738262643211,9.702663412391367,0.424387968578932,9.675583900272988,-0.2895767052871312,8.55481880998601,6.096760108683763,2.870480913932849,-2.1579151967703547,-6.347730887608183,-1.2446071727910346,13.212520967337849,4.829530626543366,2.1581414735630355,4.7975984217695,1.4938456712376258,-5.6532148456988285,7.93714981581386,8.223422930319725,-1.4808772258776859,0.8817762296047249,2.497817289883142,-0.8596088561529713,7.092500327654627,-0.09617857066056557,-0.7680583850030454,-3.01427246858339,-9.238538493097225,1.326959513035253,10.415518775462518,9.442068954784656,4.320042556345904,0.7922612909244675,7.2474293999494455,6.432023214079496,-5.150982544116212,0.2950430984760777,Actual adjusted month-end return from Yahoo/yfinance daily history,Market Table annual returns from the same adjusted daily history,"Sep 14, 2026 08:06:57 PM EDT"
FYC,FYC,First Trust Small Cap Growth AlphaDEX® Fund,ETF,-7.344268462639714,-0.0707854162381838,6.7425990168139105,0.5308430068262426,2.739297011269337,0.5943993391793967,6.261982892783946,0.39087091680969355,1.32792893117597,-7.749210573088616,11.253632455298469,-0.07292304837849262,2.4559066739120894,1.9740733733327076,0.7743475906464292,1.7837614850281458,-0.8627635545358614,4.623339730810283,1.0137667080671209,-0.1286558716223074,6.158184999893734,1.165035510806356,2.1113512921571598,-0.011979682163709704,2.987535022615506,-2.626755845348927,1.8069828349700945,1.1756490191231705,8.361821406588788,2.026580045669002,0.5152624755893065,8.939915036237856,-1.524574597745676,-13.512974638380747,0.9502593270911852,-12.14361165827379,9.920218764205813,5.941085646762789,-1.1986529115938227,1.3214832737365123,-7.034411814334818,7.060693063611234,0.7304106911521391,-4.393277102953763,-2.053210924129434,1.8919762059012468,2.930627968423738,1.7489818612184793,-1.1356124230528786,-8.430859459299345,-22.816567400930886,14.842077010070343,8.03738079987706,4.844289555413583,4.620451838512563,8.044186645022066,-1.412715851494839,-0.29623654119821374,18.10272800080792,10.959634810719464,8.1212350030744,5.98202421212819,-1.442903010603236,0.8324846931281105,1.494643800729123,2.777011685385644,-2.879363780767319,2.8382637896416485,-2.146568178693642,5.43370995185799,-2.715938560259812,2.1531712930739744,-11.44044153752316,1.5144609773156459,1.9394354928222501,-12.073767727861018,-1.0985407613045783,-8.848873984091888,11.170607330295423,-1.029738571408434,-9.565360108894883,10.001860867509404,0.7085008334150489,-7.403687570950401,9.207671945433038,-1.1760807168359921,-2.930244125200121,-2.437330257249548,-0.8681693702845328,7.7485141013017955,6.095329147234607,-5.181583799355671,-6.8231960467425745,-7.061755710288276,9.736544708403304,9.73658177106389,-3.7984717365144305,6.129183576101571,2.257178990258235,-4.53647326427361,6.872906595613992,-1.5802625032910855,8.27134727117702,1.7802221694490195,2.9037607718439995,-0.013447985129366735,13.824637344742928,-8.353937866475391,2.3375947181915935,-6.322559658515658,-7.315099725661744,-0.5523373284237132,8.477066024176082,7.221773856327096,0.4774978536130403,8.641828839677302,4.51050462668543,4.619119768724911,0.695464367370402,0.5860236843979294,Actual adjusted month-end return from Yahoo/yfinance daily history,Market Table annual returns from the same adjusted daily history,"Sep 14, 2026 08:06:57 PM EDT"
FYLD,FYLD,Cambria Foreign Shareholder Yield ETF,ETF,-4.19161286639641,-0.9895985581700573,7.101532978670133,2.4066562601322783,-0.3356955974981757,-3.2346365717952685,4.591834280060114,0.048816969730780535,2.320922168649009,-0.7173855535639873,-1.2524254338482477,2.1951498088514043,4.248201399926765,0.6868377058693254,3.228726861985587,2.0704855568474123,3.236937190689493,0.9226161825901968,4.8986278716872445,1.086962026941607,2.101295740197595,0.9016258274499034,0.6992948464993098,2.403203252671715,4.133472875763733,-3.1682325913149456,-1.6547373829918444,1.7208371975218295,-1.0526542409422635,-2.796542466975749,2.903757907425808,-2.2033514540021226,0.19887806440328504,-7.108839918557264,-1.1543157383003044,-4.7913309006264,8.228748136985509,1.7182540227994592,-0.8178208359262862,0.9867099305598481,-6.117248291135136,4.894307179490398,-2.6269657185975404,-4.271580257820773,5.964378304852902,3.176713894989014,2.6886465063762133,3.691226049069418,-4.103395403023436,-10.997023698055164,-20.49517766113935,8.056537193153934,6.829832082764775,3.4486677769596463,2.2940720366260603,7.2375236502144835,-4.527363854135357,-1.0547195182968538,16.142124176746254,6.809361383484047,0.5794463961670937,7.983563273471095,3.405310692765817,3.148187307650918,3.518819994931177,-1.5321118886285512,-1.1892008879720528,1.7505384243488686,-2.054881743444281,2.4489583938904325,-5.106844456450288,4.988742631414533,0.8771723641362694,-0.9782369847513461,1.4878619561349282,-5.460496059644426,3.850601323774816,-11.60843324687859,3.224428802060819,-2.915465121554295,-10.357401323278149,4.9485392947798745,14.332400914786225,-0.41404486830545206,7.82861437666138,-2.4837593699101435,-0.8083201068895263,1.5194047858435589,-7.246950945748232,5.126536864824227,5.456043343404482,-4.067919253916585,-0.04352380195090655,-2.2101719514671103,5.543709923987494,5.047518908732473,0.9309485998220568,1.960040422019449,2.6284952406680606,-0.7774960365767858,5.186565187919934,-3.645820259691823,2.2710030390706404,1.221301532909802,1.8281795939497414,-5.026931130886836,-0.6427263100821645,-2.5063471658887115,1.4280049249268512,2.1509706605776335,3.1756439182291762,0.22279836844882883,5.261202761901229,4.598658212186901,1.4363919904456512,4.619016682792942,1.8029381730338079,-0.7694740395595923,4.168014356021121,2.1287644390096228,Actual adjusted month-end return from Yahoo/yfinance daily history,Market Table annual returns from the same adjusted daily history,"Sep 14, 2026 08:06:57 PM EDT"
FYX,FYX,First Trust Small Cap Core AlphaDEX® Fund,ETF,-7.084641618292786,1.5103446450665192,8.401995290820352,1.0643339112422767,1.2724251216208016,-0.10251240764543867,6.278519502168622,1.2060514478894113,0.8003643285076523,-6.022869062864711,12.817751462854776,2.4265872099167085,0.05571311499525944,0.9652836698047951,0.11219214080264717,1.5986690618614574,-3.03851697070191,3.941560304709446,1.042963962854615,-1.7262775467421165,6.891863134769083,0.8816488780111653,2.974788386556537,0.13527671240067818,1.6184451820058898,-4.214917015635056,1.2672576216056441,1.4615629367808802,6.36767310908839,1.865094045811988,1.2115978506448855,5.2521328979706405,-1.830884483258144,-11.325408443076235,1.5535617314369032,-12.42877344486082,11.763608315625573,4.246530137065596,-2.130048642493376,2.7719194485404497,-9.54258815911022,7.5435026665957805,0.6343552611886016,-5.86712855666941,3.4472172266942547,1.4649729297291358,3.3306006965427626,3.5823783682484622,-5.190222829408664,-10.087711755723083,-25.691070971511465,19.74228816790802,6.4974700260665985,3.788521297301095,3.0023796814712345,6.920599610833356,-2.9549952305797045,2.038698944357087,19.52252273589785,9.328389762651934,5.0415859020809695,9.092072822297403,2.8523680025837272,1.567334719132485,2.57554382167553,-1.0128925929638433,-2.1874423185145986,2.115779357844594,-1.5188475157159154,4.336423912505061,-2.345033113813555,4.603185052397207,-7.284146662573665,1.4223674001208941,0.45075801747733735,-8.485286551046956,1.4200265706091342,-9.628926992887788,10.254419843887753,-3.43154402298369,-10.731917206395213,12.226650540661543,3.3088361211462303,-6.547534700304702,11.038883375011753,-1.2972023842015679,-5.990398227911509,-2.4317425364933976,-3.3697991010145256,8.630999024400431,7.853131178542139,-3.5617632222790574,-5.474495661385359,-6.0004957076930765,8.638897122619493,11.654718118672424,-4.237662738140024,3.535574145281406,2.848527256023514,-5.566272385538351,5.1107220642089946,-1.8494573338799558,10.756127246358016,-1.3674049884767947,1.2507268293896034,-1.5171384424599421,12.191398577706858,-7.568736427714939,1.8602900070654904,-6.353212341537917,-6.545657414014528,-3.7185017049438662,6.571375858997852,5.326404188871492,1.0074149448802583,9.576624948854718,1.4667250077311955,0.651499817161727,2.4432393640806405,1.0033941734097773,Actual adjusted month-end return from Yahoo/yfinance daily history,Market Table annual returns from the same adjusted daily history,"Sep 14, 2026 08:06:57 PM EDT"
GLOF,GLOF,iShares Global Equity Factor ETF,ETF,-9.739445700784222,1.6943002711359512,7.59492053872024,0.6488166799933248,-0.4297390280379232,-1.4727241915536649,5.197955643858121,0.7569655540916376,0.626019493786556,-0.9954468482319956,2.555533045749092,-0.5705875986360631,3.94188552571082,1.6766530502580146,1.652909874982944,1.40592408646254,3.0660497814497534,1.8215634087061394,2.343471175852363,0.9302314773435238,2.8004208923710916,3.0689645794873988,2.4422994380048024,1.3080450085900308,5.886181424810566,-3.202958682758794,-1.6226520232227704,-0.743853251204385,1.2381930140313857,-2.693374136083604,2.6639817193830684,0.16220015392613973,-0.5505402661303616,-7.945267736375117,0.9196881173282101,-7.866681195847369,9.70349084757476,2.0709213494718437,-0.06533994491449979,2.061172282395507,-6.979103831268995,7.345293075895309,-0.5567091614032571,-2.5620631709493247,2.2064645677033923,2.35196556930779,3.15039777431676,3.3265374519048985,-2.4423080304239786,-7.4183574317839724,-15.010645331413075,10.100189245130341,4.918678573205759,1.693377546998165,4.980448026002859,3.8725920319427676,-2.2803572976497266,-2.2763362211308036,10.57509621036321,5.946378408312447,0.8198620372205312,3.285208211822055,4.059349871416296,3.0210119284317605,2.235196315727017,0.04788322855748817,0.41458406936945025,1.8162012619800771,-5.269254022983471,2.8963152195843334,-1.3902759899032002,5.7621309864969605,-5.397893722475855,-1.5323451169297786,1.1397372983021237,-6.975470678807627,0.8619596494136461,-9.49281770043311,6.980046668985196,-3.6475298400557854,-8.804966698607487,7.603515004252315,7.96703205262963,-4.967796256742584,6.867341426007667,-3.3765416463995557,2.5522975931077996,1.4004901691084592,-1.120173183588602,6.025332501146052,3.5155086068505925,-2.481565532277852,-3.7905002327120574,-2.516958044883677,9.306919506568212,5.048068569330755,1.7084632917212073,4.296818517833945,2.86018748127721,-3.2525685652834757,4.715207660620435,2.2524987050856593,1.1914937686159144,2.4038846608513964,1.9330540971076893,-2.6156435419694923,3.6309092101251883,-2.487881832388905,3.670911858461956,-0.9608644175929215,-3.8357800407632703,1.9243327864296056,5.842723974687591,5.257161244593678,1.0996903632026322,2.6043436060657843,3.2423343255230774,2.1776196771630785,0.020853399059905797,0.9828691398078515,Actual adjusted month-end return from Yahoo/yfinance daily history,Market Table annual returns from the same adjusted daily history,"Sep 14, 2026 08:06:57 PM EDT"
GNR,GNR,State Street® SPDR® S&P® Global Natural Resources ETF,ETF,-6.448560689078208,6.626672191832417,9.213003627306303,10.866435603986947,-5.82923292304841,2.943238868098441,4.068972378384839,-1.0875169124783923,2.4083956242832105,-0.1022440363441568,4.068554640571409,1.978550383183486,5.354090136946454,-2.0096834916540463,0.2357506811942356,-0.6114852696256556,-0.37862293519546064,-0.05288211281366806,6.260525176637044,1.1103605675055306,3.0255536666752514,2.131834123849341,0.1703963295286215,5.758151300363323,5.155906690513867,-5.7751943474317,-0.49361654198694094,4.257926670861001,1.705002888711249,-1.2131254645184164,0.9185391284283195,-3.403255300805419,3.564090123801611,-9.058545577162647,-3.3710242792285516,-5.2580387518603615,9.481071139856677,1.3067597701549083,1.071270334772123,0.47587615104902614,-8.353066701681467,9.852501193943187,-2.7687232726939848,-6.2331458737877155,2.9889961883855953,1.903832540358219,1.412637600229938,5.867560789574311,-8.12569391775384,-9.882070841265856,-19.02643057261867,13.736245034411777,4.347842647120448,1.9124037863377463,2.8973741781015416,3.7631365585492293,-4.7679150013960285,-3.142480810225823,16.88203917274773,7.102604460916639,0.6699507430051543,8.939652414530052,2.341690657589379,3.859926419132864,5.421434899212141,-2.4641482833737127,-0.4716992564928302,-1.6492830270598224,-1.021599194846412,5.296977144511805,-4.623622247677228,6.9514543863071765,4.243889539873136,3.982224621027197,7.334582896082287,-4.937859847254,5.361921826377647,-15.595898779181706,4.031505316498896,-0.33218929107181605,-8.424359165094108,10.756151375277367,10.58783462383932,-3.6590598929713614,7.5938225602873555,-6.259167699028467,-0.7303000467883014,-0.2101814201886154,-9.478697010338788,6.451043508813514,7.716572410584122,-3.581872723018209,-0.4822349528888048,-4.486720187532889,4.490794552558097,3.66235861153994,-5.772279947017567,0.1498606086254739,8.361401805254731,-0.5178808748516617,3.574539726857706,-4.860060347255224,1.5935609555734143,-0.12338564330757196,1.7646071750254677,-4.092244176126991,-0.6508763256697692,-6.999258569969246,4.883438848708099,0.22993081803808213,1.796973892224596,-3.718304089972413,3.5693284586187035,3.6222057085665282,0.516222461629745,6.511370589922727,1.9631409336702932,-0.7262260830203315,3.878870055411854,3.3731074248495307,Actual adjusted month-end return from Yahoo/yfinance daily history,Market Table annual returns from the same adjusted daily history,"Sep 14, 2026 08:06:57 PM EDT"
GRID,GRID,First Trust NASDAQ® Clean Edge® Smart Grid Infrastructure Index Fund,ETF,-8.445646716820555,2.4861013532356813,10.916037277354306,4.604329470277313,0.5501606252004354,-3.731021581268812,7.4899608633136605,0.531937866446941,5.099861500639391,-4.593644769653126,5.952365021802586,1.4115142304034878,0.7407582610035268,-0.4901902729877228,3.2019584349349595,3.0548869471200613,-0.20841511359026565,2.034491201124844,4.796905569269638,1.971061416549813,5.597103927142055,3.2383125768032706,-1.3612308350250624,2.155768025759519,3.0201567708695976,-3.6550254776811064,-1.6579921701167732,-1.669681654779609,4.480350113932663,-3.937066167610903,2.4815674209632155,0.060002653659574356,-4.665528466585767,-11.27234445628308,0.829580175779876,-8.23247018457055,13.528031836386557,2.437358052972849,-3.739335267850208,5.918786002939536,-6.216151692376193,12.20415982301959,1.5317619911050073,-2.48723581278818,4.191500660539238,3.3474786048676153,2.653656456507769,4.564599104711808,-1.693047103148726,0.7592409376538489,-21.13116759009719,14.795793115151312,8.030090733253004,3.630298160144707,5.662787190987428,11.56298972044205,-2.255210388978224,1.4586862370585818,17.90905550078168,7.552062642783275,0.27159996973114,4.530890842483681,1.7098253370896987,1.842400212815809,3.19719741249187,2.4872958632563114,4.16799931610492,2.622596863794735,-6.236384080971069,9.99891262168302,-0.7460205918580098,1.5812067969085186,-10.032128158036768,-1.9486730696867016,3.9968091077850154,-9.536479716570101,1.4455340196644517,-9.665868524364429,15.203055302708911,-6.312954131825355,-9.80212761045186,10.486446156199158,12.197762295308735,-6.1749431268710575,9.227403606649043,-0.9234850903103609,3.5308166095868065,-0.9113354191284118,1.6740902846062333,7.573450593788156,0.5802824399198547,-4.549325185863173,-6.810407020683984,-7.817637921963339,11.750425629835902,8.632763098370265,-4.450382583323298,8.755617104259116,5.424319560230506,-1.8323040063452978,6.5149785515910885,-3.0212092346666553,3.140668538213287,2.340422559321098,4.5102675334507625,-4.385072605990981,3.58346956629656,-5.100362259286539,1.1731315214607907,-2.7994107098371135,-3.489459889068147,4.852837309160374,9.534641668883847,7.657255151397657,2.3018196645612,0.48516588771951863,5.883720346812837,3.9846469247226013,-2.8135016158848836,0.44089171272096994,Actual adjusted month-end return from Yahoo/yfinance daily history,Market Table annual returns from the same adjusted daily history,"Sep 14, 2026 08:06:57 PM EDT"
GSGO,GSGO,Goldman Sachs Growth Opportunities ETF,ETF,,,,,,,,,,,,,,,,,,,,,,,,,,,,,,,,,,,,,,,,,,,,,,,,,,,,,,,,,,,,,,,,,,,,,,,,,,,,,,,,,,,,,,,,,,,,,,,,,,,,,,,,,,,,,,,,,,,,,,,,-0.5866615146816967,Actual adjusted month-end return from Yahoo/yfinance daily history,Market Table annual returns from the same adjusted daily history,"Sep 14, 2026 08:06:57 PM EDT"
GUNR,GUNR,Northern Trust Morningstar Global Upstream Natural Resources ETF,ETF,-5.213474235429583,6.638216005077169,8.169490321585272,11.441573414200757,-5.8191451244208,4.329944425081056,3.7191596862409915,-2.524698995499841,3.841398759120951,-0.32693398112384475,3.097663765981906,1.6388756857636855,5.024417309271922,-1.6943757827888484,-0.059642136656523626,-0.5433033839054024,-1.0583719587323293,-0.7122312012053156,5.88030999965512,1.4876066706788205,2.18519125866663,1.6372443354675026,0.4421866345152514,5.073884229239178,4.295536511050013,-5.213118929836624,-0.5041989324261698,4.235730838035634,1.0894976534571832,-0.47185049633875487,0.3836091026570232,-2.616128775951143,3.0294103035384046,-6.974008007133758,-1.9059863510530128,-4.452419831502407,9.665277714412323,1.432596005255382,1.447595757728748,0.36640769261466755,-6.571342614386411,8.463239747047124,-1.9085139561160203,-4.910439680684375,2.097071930734873,0.7704543417178744,1.4654577550282433,5.957179273885194,-6.770056750475972,-11.068461903398873,-17.90965615178388,14.691509313851592,4.566574223336706,2.9930493118111468,5.3183738865056895,2.0954858393047004,-5.72808111323403,-3.602305367325631,15.620302228831196,5.771839376051191,1.4443673867983176,7.603764376256539,2.550765711351999,4.089494569500296,4.645624568036455,-2.255821308673711,-1.2535720587526389,-1.4017784660324661,-0.3658467946192401,5.983617303098998,-3.686513396447322,6.814063629185529,4.634051489635627,6.558587193701548,7.188010534280975,-4.59107880375611,5.214836338660023,-14.375181075199261,3.8316124612732816,0.7768873666466503,-8.138555529351454,10.215498348814322,9.292756880058196,-3.4539317042266426,5.774112090754602,-7.17703658851857,-0.5060111540125201,1.0404182530016737,-9.82915278466182,5.350277344731769,6.538541705659107,-4.005622056186509,-0.6172709231485274,-4.624145101182409,3.7853342338350915,3.460216398383942,-6.178273152384117,0.18221087583043527,7.129513296033085,0.7791598758031704,2.80259546706354,-4.645706989185882,1.8684609455732692,-0.4891126735530049,2.1775088796161857,-3.539395492580255,-0.6282768316568599,-7.222819226920896,4.345412919559233,-0.23721904101358104,3.2355704709968514,-2.576646825126361,3.3060079390802466,3.5828220065169836,0.5734186442050593,6.593954616643383,2.643441462797913,-0.753767663339755,3.3141538424148465,2.8642284304831067,Actual adjusted month-end return from Yahoo/yfinance daily history,Market Table annual returns from the same adjusted daily history,"Sep 14, 2026 08:06:57 PM EDT"
GUSE,GUSE,Goldman Sachs Enhanced U.S. Equity ETF,ETF,,,,,,,,,,,,,,,,,,,,,,,,,,,,,,,,,,,,,,,,,,,,,,,,,,,,,,,,,,,,,,,,,,,,,,,,,,,,,,,,,,,,,,,,,,,,,,,,,,,,,,,,,,,,,,,,,,,,,,,,-0.05211826691072785,Actual adjusted month-end return from Yahoo/yfinance daily history,Market Table annual returns from the same adjusted daily history,"Sep 14, 2026 08:06:57 PM EDT"
GVAL,GVAL,Cambria Global Value ETF,ETF,-5.643354053780558,-1.1961533100085853,12.348658830015967,4.040938476080291,-3.7597118517865735,-1.7810759101016482,4.092443725468264,1.2105302939248608,1.5600819581537362,2.867392561933113,-4.4798630638996695,5.263186592351188,6.039596587988028,0.6535738987121675,2.226349844367892,3.5390533295828197,2.8483625208254093,0.5538777180215781,5.466115089828172,1.9686519414161108,-0.5909904160401491,-0.3963808461923901,-1.352949883551069,3.3077793785272203,9.176118810865841,-4.9356462288833285,-1.0534197242679566,-1.0228108888967968,-6.111911459334052,-2.9460300498318825,3.5413353189749364,-3.8680733795255384,0.04234566627780989,-5.503802575081629,0.403207895955382,-3.8528593815203127,10.333297053509739,-1.0358443427601838,-1.2776205046372002,1.944318272814316,-4.031216459788755,7.857397432225466,-1.6691328782866943,-5.93036293635778,3.2664551330742864,2.4150133413187502,0.34938671307118696,4.9902047218035595,-4.015041026063737,-11.154718534687003,-24.21970835661774,5.38609052571446,3.7931405697697373,5.2051498994717615,0.682175950584174,1.9198545936443878,-3.814515618523606,-7.95124916639709,23.045391553145134,10.043811666012935,-2.1047551057114644,4.104180308051419,1.7359769051763507,3.367949522460778,5.105680213798025,-3.1423759377825156,0.933263534126394,3.309700981679997,-2.5577258786604884,3.7963397849286595,-7.1487733543502685,3.6127811248681585,1.218449055915416,-9.243353593176673,1.3381379156588435,-4.2414663995144375,3.794472315063757,-11.749291888793467,0.17739455095129308,-0.011081198056883679,-10.325502043904411,9.426060076268627,11.846543697225309,2.507157522446457,4.191621291086656,-1.6283490989011717,-0.3702242518838883,1.8226561853897705,-4.813738956785974,5.628080165851079,6.013903388858033,-5.578984581492941,-3.2332429122292283,-0.47891292921157236,8.24355872738398,3.8637071366280917,-3.517098892373405,0.6813650273618466,3.5441891599236053,0.8504658006875054,4.369376272310599,-2.6776651568368726,0.587125203435912,2.2113569898806196,4.392030390888668,-4.816540184706319,-1.5979883774701165,-0.9496608631362702,5.824531684739975,6.183469471047576,5.58873880921249,3.4141419138470575,2.754441574533817,5.355032136410309,0.661034951152506,5.180596920166036,2.101510373913329,2.3948029903696932,3.975944388221353,1.9567709580399217,Actual adjusted month-end return from Yahoo/yfinance daily history,Market Table annual returns from the same adjusted daily history,"Sep 14, 2026 08:06:57 PM EDT"
GVLE,GVLE,Goldman Sachs Value Opportunities ETF,ETF,,,,,,,,,,,,,,,,,,,,,,,,,,,,,,,,,,,,,,,,,,,,,,,,,,,,,,,,,,,,,,,,,,,,,,,,,,,,,,,,,,,,,,,,,,,,,,,,,,,,,,,,,,,,,,,,,,,,,,,,0.7624977423883239,Actual adjusted month-end return from Yahoo/yfinance daily history,Market Table annual returns from the same adjusted daily history,"Sep 14, 2026 08:06:57 PM EDT"
HAP,HAP,VanEck Natural Resources ETF,ETF,-3.7205735228228787,4.4558220280383365,7.550030451214029,8.91542292345715,-3.416052223772814,1.9018906539965075,3.0124446170867847,-0.3178506926913349,1.3073896215404668,-1.7626762583139555,3.268187597475314,2.402902514090499,3.64647727999321,-0.7155763599993925,0.1801852548024785,-0.4795959771614067,-1.0241128328264737,0.12172705892183888,4.285706098995989,-0.20401263359399735,3.6507057653226482,0.7889517737333485,1.5655656115630023,4.319221956544506,4.040951124622683,-5.152769335972995,-1.0374085346207762,2.1517147585210283,1.404271474114549,-1.1185062557425685,0.9157126585061404,-1.8414892905870839,2.7732606943840166,-7.222234122282256,-0.541774211644741,-4.942215152344465,9.277072602633595,0.794999748432268,0.5352173065502397,1.1207641760925036,-7.425882388350669,9.757557359764268,-2.0998056117906727,-4.261845677322285,2.414895744013834,1.1363723288512873,1.1516792356607075,6.032373879567521,-7.559852476100293,-10.302688170044883,-18.3971487019313,12.445342086141586,4.950484303815839,2.190041025905032,4.648855264624507,5.954632420712391,-3.4790466651500096,-2.2797251293615206,17.02395147072304,6.446334063416437,1.6074637738351605,10.181175910204221,3.682248670549515,2.7250506299805632,3.392031567954512,-2.902212159749984,-0.9963130392606323,0.7875840545757296,-1.302370073912551,5.278203045072005,-3.948193854945936,4.883302830486613,2.882583656915627,4.429330667343923,8.305392915060095,-5.628413034721769,2.8758798046198297,-14.91556882862487,5.358322957525918,-0.1255656881570144,-9.241411998982086,11.567761725122882,9.35430755337232,-3.70525131271886,5.889526781218191,-5.446877127909744,0.040568687323272457,0.2635895327878668,-8.493422226621272,6.453026891897795,6.248704100218316,-2.618209144427397,-1.4847614792181774,-4.358447198609749,3.236803162856683,4.061964989219069,-3.913128091790785,0.788910525447184,7.742753166868921,-0.4123285261770415,3.3517248275851674,-4.635630296595594,2.5005036943193337,0.15612424074344933,2.7084926191561998,-3.9271448370089446,0.6714055719716283,-8.164855469379917,5.000006417966207,0.7727638319795282,3.2331658965263577,-2.9110652803801984,3.8668297984395306,3.444153997066146,0.8468118427792826,5.782440103340725,2.9947651851762735,0.43790723157983713,4.2901987428820565,2.8734113366468694,Actual adjusted month-end return from Yahoo/yfinance daily history,Market Table annual returns from the same adjusted daily history,"Sep 14, 2026 08:06:57 PM EDT"
HAWX,HAWX,iShares Currency Hedged MSCI ACWI ex U.S. ETF,ETF,-6.997720025945431,-0.29126883255770064,4.673816855345847,2.0000024105046643,0.0,-3.78476793477458,5.603557234505607,1.1517190762678542,1.3012808098749051,0.41036370756586393,0.39531782441635244,3.0954053623328814,1.3978754976411212,1.6218518945099625,2.8559229207444137,1.2249996508211236,2.1379294822908346,-0.039475971701319335,1.4186498760142108,0.5926506038572255,2.4352279677800404,3.0482911364965393,-0.3534979582188402,1.417211784517658,2.229260301078906,-3.600423962335253,-0.8270205919554519,2.2809464851538452,-0.44676127857120607,-0.8227635896631225,2.9842004726306826,-1.5233245457891176,1.6034599704482844,-6.83251248487683,0.7174093894785072,-5.446522729185366,7.031229994566135,2.4423271215404663,1.6792402980633891,3.3939082048816793,-5.150917183933535,4.553859696982321,0.06578198807063451,-1.7080732325266967,2.9751965949823322,1.565171792708786,2.0449889511004127,2.295886159694671,-2.3103785165051183,-5.927082738520973,-13.40165567205277,6.605625761846934,4.524684206906149,3.5312234769623307,1.1537899459279854,3.444549028424504,-0.6105469218582238,-2.317689352090113,10.667426930299605,3.583944101369685,1.3690295075767356,2.613939774166907,3.3344147103410826,0.6099774656987522,2.2774339793000253,1.3022723692724947,-1.6090255602695946,1.7804575367793118,-2.100978896679284,2.6614849734208246,-2.9637213037361554,3.6326679817340057,-2.060254493287206,-3.133459360554758,0.8395109820368285,-2.7803757031927168,0.7736585473183233,-5.118102563567605,3.7743006543924595,-2.3058551136370675,-6.584505017564757,3.5596056139590493,8.873027441522453,-3.7442964359923336,7.596424248283995,-1.5664725460007078,1.324938641689699,1.8591466497869247,-1.6746027832670207,3.7928502334357184,3.1023520628382206,-2.8047136896530156,-1.5318863976154673,-2.57596482296909,5.967765106897316,2.996961447530988,0.41063047146878695,3.962338645143415,3.844378137517035,-0.6302782280740216,2.851009246040115,0.5699765338761154,0.9543325404087311,0.9967661436330433,1.677758957180231,-1.6622180005448572,1.1289408105769727,0.009201214905729671,3.2288236441080365,1.744371922406418,-1.1498813494261406,-0.5741509198400552,3.8347005202616247,2.3925411508724403,1.6582876512363676,2.7646841512179554,3.807630621879876,3.667947226589896,0.34949482429800227,1.9629848581663945,Actual adjusted month-end return from Yahoo/yfinance daily history,Market Table annual returns from the same adjusted daily history,"Sep 14, 2026 08:06:57 PM EDT"
HEDJ,HEDJ,WisdomTree Europe Hedged Equity Fund,ETF,-3.3822921758411506,-3.8661131342296207,3.881559887358943,0.8281772777051666,2.3495908236428775,-3.684680449586075,4.789229185693511,1.491978809780914,0.29562528568494173,1.0792893059208941,-0.9757381109702923,7.116124295077975,0.052285637184823486,3.7785040224186828,5.539028518380018,3.2319674509250884,0.7094287844263691,-2.837893395767521,-0.5133916971078123,-0.45154747391821237,4.844261138337758,2.6429584965114827,-2.7255097495748726,-1.0935387557787668,3.5002495856608196,-4.246295881926033,-0.5356926849413357,3.6192532058773264,0.4154561947718127,-1.0424387555352799,3.8802731017793857,-2.698577285229997,-0.9401466425892013,-5.5678495346796915,0.26801051604954385,-5.71333626812004,6.821408564672016,3.980762057210696,1.9460798854041839,5.8206768957362875,-6.3137503439534175,6.12718424990415,0.10582380506389821,-1.6908297579829257,3.463755763699372,1.0848468107556908,2.5139930782454023,1.4214165323460648,-3.8390867967139752,-8.161456171542802,-17.628794947795367,8.977369734236994,5.032234106334332,4.578428909831422,-1.0541921157889655,2.996489661755586,0.876261609067619,-5.295563051662633,12.773631051542322,1.0960759046749757,-0.105583336703019,1.04182511956048,8.850331484323881,1.621779224475417,2.6913709459988278,1.752798810700651,2.30821828990484,2.0253653844641173,-4.27246128704909,3.852207263633689,-3.2409493815885315,5.469419607640202,-2.7195567613477967,-6.334999421401621,0.8687439924552232,-1.250151921725673,2.0641307385464103,-9.570050702767595,7.8578075167451855,-6.379978954658316,-5.769042582579331,9.147907614006478,9.427004982196463,-5.556381005399436,10.520292839415845,3.7118501918845137,2.5190094142764075,0.3284427226243336,-2.6794445751324614,5.122054525317199,2.308554737043367,-3.2235004750845064,-2.356494435859613,-3.0632675758423877,8.20055424551982,3.7532608497138797,1.2835498780808807,6.728123647218687,4.274607168939637,-3.623186203727291,2.126747747439217,-2.5369383962840275,-2.05707393984661,1.5808620095299597,-0.0876307606965554,-3.719385543858056,0.39325298794397057,1.331678027509442,7.685274893715466,4.396773206989391,-3.3977703589146424,-0.48441194355728356,4.804235420087832,-1.136213662682839,1.3092220518533093,1.8461686763881158,1.5716607020760387,2.7182562251352183,0.8692269213306014,1.608584169876326,Actual adjusted month-end return from Yahoo/yfinance daily history,Market Table annual returns from the same adjusted daily history,"Sep 14, 2026 08:06:57 PM EDT"
HEFA,HEFA,iShares Currency Hedged MSCI EAFE ETF,ETF,-4.2126277421658305,-4.973260068843621,3.243929615992358,0.3770386883905852,2.9215614134893153,-2.757532114180572,3.410550359097164,1.441510425558823,0.7308188947799721,0.8464415485693211,1.6386955366211486,3.717941900907751,0.4594317112739166,2.1722380881391556,2.6482618598580476,1.3081552496748028,2.36729543426093,-0.420474930964132,0.47663273842235565,0.0,2.952677209205712,3.1789917746853247,-0.5023270966258764,0.9722404151236042,1.4483140285272755,-3.7184710959309863,-0.9655176856607883,3.7604536248158738,-0.1007032720308998,-0.5374302874975867,3.144483457364977,-1.4362147889118826,1.4571424847737324,-6.346039740230614,0.5349633952360877,-6.386202450381296,6.199149647294133,3.538871792995124,1.7265408330015442,3.4984496305192403,-4.718881229831117,4.741852712861272,0.7135676258922308,-2.005437521042286,3.8501574807143113,1.6366227801137612,2.3332155747343597,1.329044678703073,-1.8676394399509855,-6.911515928591072,-13.163556807031984,5.617521604189646,5.084077718168478,2.7167770194710616,-1.8491803910403726,3.5928276265333015,-0.5057901277387145,-3.4858312756922305,12.34009531170177,2.927801052261869,0.06564198240057717,2.787786353446564,5.2010238698800615,1.2435778261759678,2.456531268566864,1.286556698099317,0.29079175415291925,2.043199372729454,-1.6304379205635544,3.0532136899790396,-2.8780896035937253,4.404400850499313,-2.660639651416652,-3.4312433078110938,2.19814649992498,-1.73837251473975,1.1993974546778308,-5.718515443739792,5.473769589329902,-3.054366037463263,-5.828599951436708,6.1224318320662885,7.4716519026512,-3.816640001866334,7.666674990978217,0.24080221856690454,1.1324633480427115,2.646752669559427,-1.421489733831638,3.9570801244358744,1.6882371887637637,-1.9056826333347487,-0.8890468574466737,-2.2923546846892906,5.4063291370537,2.9285341597823367,2.1897721164185535,3.9440971300297,4.212732583094692,-1.232786631502547,3.715495545467573,-0.47575842418705605,0.49288603197366054,1.0816876216553695,-0.2534494881382354,-1.8633522363856958,1.23704892758012,0.09377305147175719,4.748205717911103,2.060436272273747,-2.314945269554769,-0.5235609110553985,4.626043831492499,0.5030346678775777,1.3966023869918853,2.3784579455489174,2.2457375231661914,3.5092014567506213,0.7073161440590336,3.0731333481420986,Actual adjusted month-end return from Yahoo/yfinance daily history,Market Table annual returns from the same adjusted daily history,"Sep 14, 2026 08:06:57 PM EDT"
HEWJ,HEWJ,iShares Currency Hedged MSCI Japan ETF,ETF,-4.534370940662125,-11.80124571240655,4.639603476462684,-5.740309337870119,7.643854992317656,-8.81777278960808,3.5034748151194783,3.2608635227937555,0.323887980511528,4.116207481201495,7.286803913638784,1.3830072324282128,0.10791490317287877,0.9342503002326863,-0.2135659554805991,0.8205187997387231,2.335471132396272,3.0428686560393325,0.046363409902894226,-0.1688689427341128,4.228696739888926,6.458958576416229,1.3719579461991094,0.8668019312911612,1.919612534176518,-4.973476060434356,-0.6503588536627358,2.649603799241307,-1.7916867343273024,-0.2782929276639923,2.167686961035109,-0.9489001861127444,5.840534319840329,-9.138678300120107,1.5102938532288501,-10.713816243637197,6.479159760661801,2.6078273735892443,0.3258533641851802,2.078597245424918,-7.508764235093556,4.36878610234277,0.603115859283121,-2.9323443139087857,6.968744502961255,3.6264685579364464,2.7872324459793596,0.5103646664421868,-2.6690982592016743,-8.725450072769513,-7.135557218303312,4.852939502549836,7.363257476900342,0.3265850642506729,-3.159989008376174,6.859078608629243,1.5252649397265117,-2.0970234422727607,10.262135219532166,4.368493218134573,0.5575871144612776,3.46547262870025,4.314056571001013,-2.7999023347596186,2.2463130964060385,0.4393763782617688,-1.8481395901641662,2.033804133432038,3.9865060301167876,-0.273813668551004,-3.7943023109723417,4.20438705667221,-4.2886025996498045,-1.897735015172708,3.6539656895024475,-1.8403496008929987,1.109050982223514,-2.324335729780991,4.957680991310864,-0.41141863277122104,-4.725030545305664,5.338771529677988,4.29638160367718,-7.385893156510715,7.3394514631270225,0.14245737050069263,2.7026897377300907,3.358737633867759,3.484080090883146,8.934947139318128,1.6437298046084514,-0.2646277334893088,0.8254741389723597,-0.1462034175002902,4.421687757011528,-0.6396828585422898,7.877392797604088,6.717982471242867,4.628020890364226,-1.212842691088456,2.648050555671766,2.345224981885874,-2.858346340083595,-0.45119737544677685,-2.075383364873873,0.9744147790055724,1.1821428769369424,3.1854454867956683,0.7508201386446034,-2.37540476703032,0.047697205150032396,0.1430715630433399,4.238091028467528,2.3069883314789097,3.1414889087733933,4.153005904143003,3.399788183927832,8.565045971413854,1.1030138588453031,1.6551068182082185,Actual adjusted month-end return from Yahoo/yfinance daily history,Market Table annual returns from the same adjusted daily history,"Sep 14, 2026 08:06:57 PM EDT"
HEZU,HEZU,iShares Currency Hedged MSCI Eurozone ETF,ETF,-4.7637494952093125,-4.4326932656776785,3.617020400650328,1.9301635452344978,2.0950833730467577,-5.011806250391038,4.142717443816513,1.47785640073681,0.28314723392384167,1.3715249422391107,-0.5173010673988565,7.075731580417521,-0.22557629588539907,2.1853721373569,5.752207177293389,2.405874876726677,1.940729219266224,-2.104183776583135,-0.10410775795588467,-0.06934369491655712,4.476065540810148,2.656922078755586,-2.167574212260026,-1.00292559230164,3.8577550496889934,-4.198960900533777,-1.078892809636911,4.124039651712619,-0.22910119242341986,-1.3779575857734705,3.8960981493017632,-2.2996011117194737,-0.2689813698965593,-6.102488595789635,0.03588631331803427,-6.385565330352605,6.900557805611118,4.002853276074925,1.803060509217147,5.313378105328859,-5.853842708524759,5.599459626055636,0.1068072716940982,-0.3997321213737526,3.411378028814549,1.8757988542605908,2.285715249197362,1.6914409318311785,-2.202639037563414,-6.949799842833359,-18.360989344326928,7.3697514852044455,6.0749491798723465,4.648571210777419,-1.7210706280273658,3.6483218876176116,-1.9711389212537567,-4.775588420044052,17.345404054114177,1.7416066087601934,-0.9297915741197982,4.012947401417333,6.533915253275446,2.1319984624048383,3.116959130287267,1.0537876032199467,0.9540699857150559,2.527508862597627,-3.376232530163603,4.797567821208282,-3.440053813654631,4.45658533560056,-2.1248263224012853,-7.109907392455184,0.0,-2.5416464383911874,2.877707940691998,-8.68298958735707,7.7430564126306,-5.608045138666206,-6.829200423467475,9.513092070528328,10.09492796531255,-4.87659157999949,11.087113670838079,1.0693408462231213,1.154212428808954,1.7749666981374812,-1.9308637791853434,3.8742431108460984,1.8023881993640467,-2.88352224926941,-3.2115942573725853,-2.6675375613797403,8.455882964132822,3.39937647143429,1.5315393332284932,4.140788915911031,4.430550710156944,-2.3388540270872227,4.1074753802013975,-2.96374031710841,0.40688473326659924,2.0685541082692716,0.9474073931458493,-3.3024966875396244,0.4332317634071048,1.0764717514200717,7.226552554918619,4.05933767319917,-2.5506377194754903,-0.05131689925980121,5.519887108560395,-0.1703252879984296,0.797413723732765,0.728651438907324,3.393833276925551,2.243622263624867,0.4175364965029349,2.0554634591413157,Actual adjusted month-end return from Yahoo/yfinance daily history,Market Table annual returns from the same adjusted daily history,"Sep 14, 2026 08:06:57 PM EDT"
HFXI,HFXI,NYLI FTSE International Equity Currency Neutral ETF,ETF,-5.676576125176136,-3.195687721145457,4.698788428667644,1.0356693997707334,1.195892905967244,-2.5493708937194937,4.487171075838292,0.33463130793940365,1.7152045159994023,-1.3549084269261602,-0.6283869898790484,3.3283539217112468,2.3166158918958235,1.9406889744448375,2.4972879769387113,2.506417752201462,2.6574428373845826,0.27856444912375267,1.2909548276668126,0.44120682085682095,1.9453961338772086,3.0317603654605785,0.1401256305297638,1.6163467648261154,3.325618006747355,-4.69379256639707,-0.9614841963921594,2.707863808142652,-1.2488290192467666,-0.569437956515606,2.0612122087995566,-1.5978582561793853,0.8336404967377753,-7.1157363519898436,0.30641085097788956,-5.914062263608699,6.9345145280031995,2.6762961732158086,1.1332676664249863,3.0933229341078228,-4.79884553674218,5.229322182089158,-0.8840888100942856,-2.3290332010441506,3.8674118815529956,2.6057242868306796,1.9166208950779806,2.5585886988297446,-2.5871981105853092,-7.419659808636824,-13.766173306404317,6.0714315693213505,5.684628010702619,3.6190578269637452,-0.39259859936118247,4.921947553883821,-1.2607064674137747,-3.5193489388216315,13.913519350647995,4.321035762852676,-0.4099836107511967,2.598476744874434,3.577148294214161,1.799173102301066,3.0825891338599476,0.03145280411294138,0.36334741267072257,1.9187341747394893,-3.0978171738025306,2.3295015461707314,-3.328682165264174,4.620036575189146,-3.5528841221928342,-3.1332857731618646,1.0966200688555805,-4.241344998299068,1.4911485095371102,-7.504791629269758,5.41186226854713,-4.54337232885309,-7.7768868250769785,5.8383715429969785,10.375630874510943,-2.9971717440045786,8.473085248196766,-1.59334510634771,1.8563218454909824,2.644147188566537,-2.1114897003841837,4.127423953543796,2.253756930278783,-2.8571357891871596,-2.3258101144987053,-2.5929131792627347,6.743575025937476,4.18287022626187,0.763972551033576,3.591381922146586,3.4769152336781683,-2.1617485282389826,3.733327992950697,-0.7219419616443679,1.6104785542915057,1.8429842225912596,0.3024406750983477,-3.4008584983808987,-0.2434575073099965,-1.1766172425821009,4.451258854032747,2.2042720465982324,-1.078358678166158,1.671502315252149,4.324517558735108,2.488712544385452,-0.06786346875471416,3.327669047917192,2.561317105982952,3.25701696476568,0.6683392971805313,2.949098553832674,Actual adjusted month-end return from Yahoo/yfinance daily history,Market Table annual returns from the same adjusted daily history,"Sep 14, 2026 08:06:57 PM EDT"
HSCZ,HSCZ,iShares Currency Hedged MSCI EAFE Small-Cap ETF,ETF,-5.240424953932987,-2.640419996432808,3.7986043255450186,-0.7617402405830864,4.540988844349658,-6.234605849124053,4.920722628716057,1.667845054181627,1.9312292242701812,1.1693771682641962,1.0471307430568233,3.2433879894627315,0.8538308162080233,2.951481180058768,2.1123918497098604,3.0772155164220383,2.569623438563262,-0.13975679302884458,0.7632017930008672,1.2139513849005246,3.420793887340934,3.203478735114129,-0.07166570578186482,2.261484091674526,1.6274416072648457,-1.4711096127715484,-2.412127240931805,3.98850823045267,0.38769518197196984,-0.9591332105368444,1.3992967643917886,-0.3664511616144561,-0.05434938380228793,-8.000011037406852,-0.48694636884374365,-7.903022432779272,7.743560853542664,3.3137098969137746,1.179625509378024,4.047034645134562,-5.649958802923982,3.2686376268391104,1.0983501255255934,-1.7139043654547215,3.4556260857552257,2.591823519284109,3.4766618750285083,2.477980432908833,-2.689694392685127,-8.221916601379164,-16.73707012824307,9.69206961459097,8.09410878072121,1.0992311320162207,-1.4540254629532123,6.538573392128,1.48081206706423,-3.4578294709168733,10.5479912498057,4.976414057126233,0.5933074479435474,3.6098090920627657,4.7119461257940864,1.952537530275511,1.3121147958964796,0.33066358980347044,1.5565290845026558,3.3004968757283537,-2.6162984174056825,2.225243518156339,-3.902314434962062,3.7375231420625044,-5.05215402935354,-2.9351192983228303,1.3851936334964066,-1.9505674032460618,-0.29353591040388594,-6.868860683445499,6.524152397077199,-2.5642749567539425,-7.089085269445028,4.878461884111274,6.164496558401966,-3.0723599413542413,7.0543131116951985,0.27138965283304284,-1.2053380806169578,2.615435343883199,-1.7869887619815783,3.135184977743344,2.9054485881535586,-1.093940103271429,-2.1593985705600005,-3.502608118881567,5.968978359476806,4.256625577772377,0.23206248574860755,2.7613212433465373,4.370297570424642,-0.8952299048620271,4.03293006282841,-1.6596426280610754,2.5914792317594637,-0.38037596720008615,1.4248827646132112,-2.1945318492438304,1.5177591603914742,0.6314267654126571,2.421125168238225,-0.9974070672662316,-0.7948697558913476,1.0558981336864948,5.878909374831798,3.184047556044556,2.955759771239852,2.5219651025176537,1.6949078491892644,1.8952782137101831,1.8443637186319695,1.6391370191079613,Actual adjusted month-end return from Yahoo/yfinance daily history,Market Table annual returns from the same adjusted daily history,"Sep 14, 2026 08:06:57 PM EDT"
HTUS,HTUS,Hull Tactical US ETF,ETF,1.317342615988104,1.1426489100014647,0.3116373358543312,0.15535304046723208,0.9693638371101487,1.2672958974794257,-0.8039610046261858,-0.28294249146630923,0.8435630543472072,-0.0380148158788729,1.825773741369141,-0.979515440815315,2.1359371834377416,1.4068466659408863,0.749911348628407,0.11162881960973259,0.46469066704897255,1.0730810168926963,0.384416948029509,0.021416096098159088,1.3244914093129,2.2149542544515954,2.131465433341062,1.360017303595562,2.9108305147260705,-5.334747273109608,-1.906209420945959,1.4805653461858137,1.8958872659830872,1.0850521357046006,1.3648052689851253,1.4258690163312382,0.07231987613065538,-3.3598330868618853,2.0523375987067327,-9.675279792220092,7.534560897346232,0.35655675554269184,0.6775049841119651,1.3951478907131332,-6.2322735977035855,7.302525785388281,1.4801818444250214,-0.717410802685603,1.9761485695386716,1.9417376342500958,2.342548498641994,1.2286448544891027,0.7482271298958398,-9.9257375004966,-15.574886175305547,6.885106674959052,2.5309579437625462,4.910207828468693,9.483961580341372,4.476680457889071,-0.5866563991893781,-0.4481871292833395,7.394759403750695,5.719450181262142,-2.337792074183731,2.9807614659606463,3.696626513963608,5.036215101749586,1.7549297489284799,1.7277444757710425,1.3684238857627928,2.278750730711465,-3.7021402740092246,5.758512124946424,-0.5560021684185568,4.393967233661833,-8.329371388211282,-0.45609933411406844,4.253585785516045,-4.84055918299412,0.27185977832298036,-8.427790938693736,11.029850954336196,-3.5791080919003737,-8.308875119460591,8.49117849744414,3.5876321161180114,-2.9964342008835687,5.136695813269099,-0.8519270690814817,4.247899117803389,3.1876886582991926,0.5036440732150371,6.5049433815724145,3.2636077453153334,-2.5742188714458325,-6.070900348651287,-3.11746901465747,11.954569948186533,5.759856699830879,0.9985954002983188,6.361650037185473,3.994381414267978,-3.029689771454913,4.394751246647766,2.418998996598143,1.4079322019267426,3.0768465925856248,1.575679262431473,-0.6141204082734109,6.041884136526798,-3.5425803056970073,2.7974668458247365,-1.35427847852444,-5.633986863128781,-0.5489932684793697,5.183558137993827,4.736523839726003,1.876583887827632,1.6378960111901542,3.2229922733949534,2.0745454525462614,1.088535500278609,0.8171258733244757,Actual adjusted month-end return from Yahoo/yfinance daily history,Market Table annual returns from the same adjusted daily history,"Sep 14, 2026 08:06:57 PM EDT"
HWO,HWO,Hotchkis & Wiley Opportunities Fund ETF Class,ETF,,,,,,,,,,,,,,,,,,,,,,,,,,,,,,,,,,,,,,,,,,,,,,,,,,,,,,,,,,,,,,,,,,,,,,,,,,,,,,,,,,,,,,,,,,,,,,,,,,,,,,,,,,,,,,,,,,,,,,,,,Actual adjusted month-end return from Yahoo/yfinance daily history,Market Table annual returns from the same adjusted daily history,"Sep 14, 2026 08:06:57 PM EDT"
IAK,IAK,iShares U.S. Insurance ETF,ETF,-6.52979370703457,-1.966143436624268,7.023968774596279,0.9218472670546429,4.229543527331225,-3.129698206207754,1.4220717863693944,3.914347715377775,-0.4550308081400667,0.34041099779387185,8.876729854251053,3.1784936527967877,0.10110184348537388,3.5359394468269745,-1.034983832743941,0.032988434919656306,0.7915675797083965,2.8533511084637864,3.2098476444277324,-3.7908113581934577,2.930666409749727,3.170135539149843,2.4642323172521685,-0.6476762037645356,2.0270525048738053,-4.341435211562139,-0.019024258829403173,1.1465642100764395,-2.9718208944582547,-2.454142190893227,6.7002666018872725,0.5944005210650305,0.887563320995044,-7.507896446508067,2.021164687487653,-7.260836149016081,7.9002139535686355,4.046214838188966,-1.269339115785184,7.371892987948514,-1.1857381592522143,5.175186009170729,1.7536187595388553,-4.19735610949833,5.027001597378367,-3.706245827258725,2.911856716092065,0.357096119911926,0.22429537508832365,-10.92460574809534,-21.296601293362137,4.881995263863259,3.5391262777333177,2.5989054354522922,4.235586375957334,2.2148583661133925,-4.277193099269971,1.506980113463996,13.449992196445493,5.647466503678089,-3.274066486398264,8.653687102712993,5.51519417319839,6.531108305606037,2.7556353591101423,-4.43101033953246,-0.090423617823987,5.676962884614234,-3.700755626588148,6.828673849207645,-5.841514576527851,6.906744828193778,2.0102688231559362,0.8445977182430564,6.489961775782538,-6.281503334571637,3.52086041644728,-5.96992603414872,-0.8437031181529053,1.2276703079079576,-4.479114601221168,14.995569336158908,3.7493146370989328,-2.608709094886774,3.7527468225498684,-1.001805462180616,-8.492701554079451,3.0133010295318785,-6.496593702291198,6.869775376013365,3.4019973276426807,0.23105172613582248,1.1418793038911579,2.651379963160183,5.814204780084697,1.0097669084958794,6.8218154611211945,4.207574611094134,5.704981490852634,-4.89820256507878,4.684701949889458,-3.190794408721409,6.79243043049198,6.634041674946323,0.7634735555293481,-2.2007172957296928,9.468368350731726,-7.941722300473286,1.897684572128977,5.563739344806562,1.8736186872051919,-3.9039323292090145,2.899641002818565,-1.0659493291164668,-5.198575871250666,4.181382317117777,1.3192829204601297,-5.6778362882595745,6.565414789344715,1.5500187871933635,Actual adjusted month-end return from Yahoo/yfinance daily history,Market Table annual returns from the same adjusted daily history,"Sep 14, 2026 08:06:57 PM EDT"
IDEQ,IDEQ,Lazard International Dynamic Equity ETF,ETF,,,,,,,,,,,,,,,,,,,,,,,,,,,,,,,,,,,,,,,,,,,,,,,,,,,,,,,,,,,,,,,,,,,,,,,,,,,,,,,,,,,,,,,,,,,,,,,,,,,,,,,,,,,,,,,,,,4.085576734147334,-1.170000174656216,3.996942087655486,3.7701355036269035,2.045861769213242,1.5209068271807125,3.97117106294258,Actual adjusted month-end return from Yahoo/yfinance daily history,Market Table annual returns from the same adjusted daily history,"Sep 14, 2026 08:06:57 PM EDT"
IDMO,IDMO,Invesco S&P International Developed Momentum ETF,ETF,-11.339336599576411,4.295351649266688,13.706727197814516,1.2678966692341476,1.6558860472692283,-3.5924700775114338,3.0781918106797423,-0.6456293700483395,1.1208507741396811,-5.827995191186231,-4.2253426674899845,1.0437555550097288,4.791473192144546,0.8043846594858461,2.5472142518879304,-0.04135741682772531,2.854771342496276,1.696283874839244,5.2399999067689995,-0.038010192711401825,2.9669747780003197,2.7127239721122187,0.9406955071555201,1.5891821880777313,7.246907400031821,-2.8486283434027815,-4.856949749841077,1.2585278880788087,-1.633507809005319,-2.1107525239132507,1.7196213121972725,-1.6537891821164608,2.466352080058831,-9.518562160179144,-1.854094682230012,-5.277346098004521,8.424771606039073,3.1970569370173507,1.9544784780347602,0.2705945963271672,-1.6191415022148603,4.831177572475287,-1.6202268755709848,0.03830802272783984,1.507929442407252,1.5920984646572656,1.417923771903462,3.0934276155029528,0.8957115760424683,-7.421847961024741,-10.441100530091385,7.65568284657141,6.5890253001670285,5.57720596078517,4.693647390615263,4.243661509485053,-1.1490279745148269,-3.918954213249637,10.300724281993423,4.9367857178315155,-0.23997098044078458,-1.5033070252417957,-0.27429378245573677,3.474782042070257,0.0,0.9504029001264902,2.0395968948809795,4.46119910843088,-2.246277222158566,5.446817918127267,-3.1476917690715367,4.460142469920103,-5.24345876832053,-4.206662160833352,2.670189072585205,-6.040480588339148,3.537403833170183,-10.076735755211564,4.994957908791853,-4.501908522506303,-8.549523810073456,8.108120900365368,9.34930482282359,-0.4586909856924781,4.011362912659755,-1.7613039702750632,1.484872344279653,2.49998448447335,-4.607033592949339,4.908634483320395,3.3605623024876685,-0.7029762743525736,-1.19825146842375,-2.3206688641605244,9.626663829724414,4.028666777097922,2.6608809042053982,5.210238742918527,6.4912906906649415,-5.041620929159773,3.606311213192903,0.4096350114774161,2.058134504724407,1.9454328861449932,-1.431051687495677,-2.685364404897761,3.663015882059417,-4.036887148275148,4.970467733608874,2.9535981080929696,1.0487789340262177,6.182063242105595,6.41927985714934,3.582635888932284,-0.7025757318148917,3.8325567693170415,2.5261479259624187,-0.148183570753313,1.1686123376440483,4.1582608964111145,Actual adjusted month-end return from Yahoo/yfinance daily history,Market Table annual returns from the same adjusted daily history,"Sep 14, 2026 08:06:57 PM EDT"
IDOG,IDOG,ALPS International Sector Dividend Dogs ETF,ETF,-4.34412933369871,-2.4488282897886293,8.215430407247194,2.150982524692613,-2.2295386407485185,0.06244532940911096,3.5683338858797375,-0.7887056967131878,2.0060708089090884,-3.056621717580821,-2.556449237258984,3.9777002686451457,1.9466563252935831,2.3661361715489715,4.634466824341099,0.15599974688109697,5.257010490437852,-0.3505987741722061,2.6822555062446574,0.40471401955590736,2.6669924405462675,1.8299362029980282,0.0,1.5953024350328082,3.490384044025885,-4.215864512023693,-1.4310489043429797,2.8189313915986114,-2.1089451506774215,-1.7123647567650835,2.8528938564260864,-3.6023233821993683,1.1226269653108245,-6.440788405316134,0.23874976749014287,-4.796829689339632,8.73212721257779,1.7374479347697536,0.8040245688174075,1.2190491831000516,-5.833625499543982,5.946017986896335,-1.6538438701665492,-2.150937047961232,4.219387307975553,3.8209411117778425,-0.11153592703655457,4.108505334641777,-4.732435820509329,-8.559435920324477,-16.347197868761775,5.924058566159474,2.772451983416002,4.3255991924538995,0.0,3.7353873499822887,-5.6585435349025275,-3.6177685651684888,19.056769981394982,5.675872270348914,0.5382120017415559,2.944564047919984,2.7119117025467876,1.605264345557944,3.8779255434020277,-1.6697643048345867,0.49928376611141356,0.10645114598204497,-2.1094693461021885,1.2079093528887919,-4.665460271527544,6.208356391884551,3.3357285544493465,-2.2214604626061285,1.1825003473835638,-3.587941006838047,4.053069482176519,-9.608117255656545,0.476952622198934,-4.549065462555413,-10.679486832683816,7.555150424647272,13.394406449938788,-1.412029052739494,8.051850035578045,-0.8360487489868618,2.7361274664406965,3.541749690321261,-5.968591162488057,6.3808102769653985,3.85439615703973,-3.6082592783842182,-2.0646889768887955,-2.6421964293889655,8.405562517475795,4.731102650008334,-2.3769682791888957,0.4115159231006693,2.2467169960785016,-0.9757665720910413,6.999657505339729,-3.5967436744510084,3.234499394300494,3.426903511921453,1.48649772474434,-4.8351704293619235,-2.8373361499406724,-1.1855260485676644,3.878114217392703,3.333337438150674,3.1126232727905823,2.8436000699098463,3.471583759822394,2.468849680494456,-0.05895503553848824,5.398227783871978,0.6358563360238989,3.3988843029515214,2.55364463090606,3.153381946190592,Actual adjusted month-end return from Yahoo/yfinance daily history,Market Table annual returns from the same adjusted daily history,"Sep 14, 2026 08:06:57 PM EDT"
IGM,IGM,iShares Expanded Tech Sector ETF,ETF,-6.766667936379367,-0.6976360340796961,8.29225968943954,-3.2441854071351583,5.379668915741953,-2.252888537761555,7.464996307398231,2.0898747613302016,2.621380338573398,-0.5986276622179987,0.040681307084966534,0.9482010255630335,4.797650989878743,4.377678074473046,2.3997843822239684,2.6000156482224757,4.4065805967067995,-2.3019157176495053,4.307260465972629,2.0945190690638604,0.9749079872805932,7.541229604751387,1.1437583940383744,0.06683447708644152,9.431879442660641,0.5522050343603313,-3.2763085842905437,0.8192647175825574,6.633505903762416,0.14806028357572387,1.7315986887419754,7.25681443492221,-0.41439823525886155,-10.172876125299613,-0.5050970903424434,-8.111748795247752,10.377989860059888,4.6799690029155405,4.0777760995098555,6.4351960861038116,-8.365229890131998,7.398269142026148,3.3294683203789033,-2.6746817096770403,0.19054142421388587,3.243945220229394,4.797803105597276,3.2657893904665114,3.8488519983067793,-6.545528285880131,-9.71031933254899,16.163785239264584,7.565041188181421,5.604728899024414,6.717069121875285,9.845921276313408,-5.470457226140035,-2.682329180743548,11.500486558987122,4.36829662723055,-0.5945804128184018,3.051038222411284,0.7560644408477257,6.238038404043822,-1.1112314579225568,6.60269847173538,2.3813064386396965,3.791076009180494,-5.930236263797017,6.490813847905352,1.0538251559177647,1.1078106012007094,-9.286613949243305,-5.09477046275435,2.8731624678540957,-14.507383793309991,-1.4928602669530444,-9.994348810445896,12.925038175080129,-5.7273347033258375,-11.68202739197831,4.247302969451772,5.9587101125096575,-8.08036196774582,12.103586525118871,-1.3062096386167288,9.648156992368673,-0.3389226060308892,10.272934932128486,5.407013741853062,5.0118256295547114,-1.2749557904242148,-6.071172877258757,-2.169149172674434,13.049315110427129,6.3608926045319425,4.453565148548844,7.9655820450007075,2.3499165584865755,-5.152000811121615,6.912174741886923,7.966227071773879,-2.725049375166122,1.5151427843923093,3.120227591542224,-0.39607977630176094,6.038099381584261,0.7971321220339167,2.850428452998899,-4.676189305599154,-9.36383846508846,2.1506492569018487,10.83999258009154,9.491195136999785,3.1956480658773545,1.1386198755101828,7.459017600783779,6.280279671826716,-2.54744131076291,-0.939295780553262,Actual adjusted month-end return from Yahoo/yfinance daily history,Market Table annual returns from the same adjusted daily history,"Sep 14, 2026 08:06:57 PM EDT"
ILCG,ILCG,iShares Morningstar Growth ETF,ETF,-6.376251389585308,-1.4030004753678216,6.684007876079834,-1.5574773215376592,2.914923386600421,-1.9599081621964998,5.1844611906686655,-1.0312750942315652,0.2319949425901635,-2.583423732763035,1.2880756208872857,0.8688820465690084,3.6275398565310812,3.8673046943375367,1.276462743887552,3.531546983121059,2.9563103637944455,-0.5476799126825749,3.5981195282661638,0.9358970624046226,0.8614918739108912,3.4906684095374896,2.343249845705664,1.1474300653513625,9.182675816066599,-2.1889373276143265,-1.7783670031302767,1.05579362379995,3.611312879312578,2.036060271666318,1.4197367471184164,4.160016786204279,0.8579107689889565,-8.963743503300424,2.2281471002247644,-8.147833091878232,9.096061228430319,3.0702504466563862,2.7100415255662202,4.1678032719487,-5.381990269556436,6.602983226583148,1.5532634516467914,-0.6518127309549149,-0.9692626687718087,1.7915611375957319,4.515621401314718,3.2806622133519703,3.610177050832153,-5.626518002203184,-9.406420610396804,15.19242041160549,7.029018474592252,2.4744230127390576,7.442001561636125,11.090396403676639,-4.368411201537892,-4.464403046826238,10.563198693781995,2.6848025168747958,-0.524340275422297,0.48204727494896016,-0.4057581469423255,7.238169989833465,-1.4546622625467243,6.316711722304991,3.2736172058141166,3.902535627437209,-5.557206049081387,8.375292478116702,-0.3800550720895246,1.6041836275260568,-9.398480898179018,-3.7498197173107206,3.90837865442879,-13.430774757346796,-2.576868776558372,-8.520226946749476,12.896774142190859,-5.092841357472566,-9.874699791036424,4.517180344949279,4.896916682846952,-7.790785755713747,8.627777620555355,-1.2480965813272293,6.247341814734453,0.9934798631610064,4.13165523877177,7.227548383990001,2.694885896457988,-1.015306427764484,-5.679031050155614,-1.7435057731506665,11.260853569869433,4.227735352950801,2.285456285616849,7.063558859743457,1.7579965201304004,-4.146802595601473,6.178288418559608,6.086432241530337,-1.5108712142686054,2.09527151794513,2.8343554748275324,-0.19037925744767037,7.439191692435232,-0.4442221081520592,2.477670283140143,-3.6919886203681362,-8.302279242025934,2.07432692181988,10.148781377408733,6.526252764907925,3.622295715975765,-0.24899026129017177,4.270389080625203,2.6749768335067703,-2.67998478721434,-0.025932897617564343,Actual adjusted month-end return from Yahoo/yfinance daily history,Market Table annual returns from the same adjusted daily history,"Sep 14, 2026 08:06:57 PM EDT"
ILCV,ILCV,iShares Morningstar Value ETF,ETF,-3.4980360831561086,0.16483451304054597,6.979588754781507,1.1202024314026504,1.7206512440904875,1.1996986004693122,1.9951360105157523,0.7462325907382494,-0.3726142235858432,-1.1685903339060388,5.57918040323242,3.083623862238527,0.2125896487308987,3.7747648510067844,-1.1336828457426562,-1.195409492362487,-0.5365551795286305,2.1777953459636734,1.552069533285283,-0.7385373618666424,3.586044474010386,1.6463889926995101,2.923505901480694,1.9661145106471434,4.479605194749792,-4.9129815201041875,-2.5701961658533,-0.33476291605494257,0.8891341458134194,0.23293031430662303,4.003533617513133,1.7308124381641532,0.46042202841247715,-3.818568397043276,3.0889810027859843,-8.802396715839578,6.540004200871419,2.7769941304294665,0.599585502956379,2.7796048385847705,-6.322673968367665,7.023990126365187,1.4453622474256855,-2.8221850011161953,4.637284441847922,1.8198205768284792,2.738786344294253,2.2123591796330055,-3.5071238310861674,-9.718787970850318,-14.253752960221766,11.304889859201616,2.365392590261428,-1.1724826889273232,1.9127135312416055,3.591372269918236,-2.375393352425015,-3.176514441052125,14.188678639404673,3.4626000050555383,-1.1758244938062767,4.488918428792021,6.597884512140695,3.728453933963727,2.1503805281702704,-0.41577775610279755,1.0222922661530687,1.931918736314664,-3.6967859880062015,5.326843337881271,-2.1184490782522047,6.710474768730856,-2.2988598550720662,-2.0000088805959493,3.409829471398096,-5.3659860835795765,1.741127635129014,-8.163062535789544,5.9943587558210165,-2.67146224987852,-8.629890122411544,10.890722956803423,5.908666432573595,-4.065083663551339,4.633881894801628,-3.4008343597311863,0.5795412179072201,1.5805966473938504,-3.0195699994364777,6.171758982757591,3.8785031862855313,-2.2431251233533955,-3.460564677136757,-3.0106453055990245,7.3702474177165245,5.417480565379251,0.7504875513161924,3.68235271634596,4.674885183023547,-4.0593292397638425,3.4174192771053047,0.5612506738724488,3.9177071993950596,2.8117578751398087,1.3818594017937835,-1.2165577911674053,5.209360764928173,-4.713074446149779,3.6305142433300963,0.738805430719558,-3.2011870655392793,-3.167581370947403,2.54850245957845,3.6127888601642066,0.7314894357324908,4.630967643447903,2.888901547617939,2.043992819909235,3.2114000896861894,0.033252126424576645,Actual adjusted month-end return from Yahoo/yfinance daily history,Market Table annual returns from the same adjusted daily history,"Sep 14, 2026 08:06:57 PM EDT"
IMCV,IMCV,iShares Morningstar Mid-Cap Value ETF,ETF,-6.378321444823676,4.053526723587386,7.526365865259144,1.5210179925816858,0.6933667450159442,0.3293939396036505,3.9638807967423917,1.3801728699361915,1.350803177172133,-1.3723288608567308,8.424052584612074,1.3416879655374858,1.6059002476642936,2.1323011110516044,-0.54217635358913,-0.3570804175197728,-0.8519198832420805,1.455291776636769,1.100894250985851,-2.2045325022650775,3.7483596278340636,0.5030342834821733,3.7276431084094286,1.7817918352577067,3.1412808161921824,-4.747732993474751,0.05355028515414695,1.2886822715923119,0.29119508688901785,0.9677407387910009,2.5507460489103018,0.8270815552606781,-1.0397879932021459,-6.082858086222787,2.893212857595029,-10.651281560831393,10.172180126749497,2.5828758268034546,-0.17265039381654246,2.6200552197534366,-7.546925019433159,7.230277160254461,1.6326087301592684,-4.03776738350905,5.5258061808310055,-0.0062363339208171276,2.515880590899311,2.9895244847078395,-3.793745379641711,-12.29202373344178,-23.793712391650836,12.645013212357782,3.611737233497303,1.8423987194315483,3.1593983192603314,4.16026288636282,-2.7239775803455046,0.7480646201897256,16.01635252547462,2.684681879642925,1.0740350745582106,9.15875064564502,7.388110297405426,4.132754098527913,2.7656492482041717,-2.0057748196495417,-0.40486358778766274,2.220137364203567,-2.7557849784680344,4.571319598581036,-2.541227386589684,6.535745286998096,-2.079973920967959,0.17949283728668775,3.367691183086352,-4.920856684809793,2.366400397882318,-11.100412041227992,7.715623823430651,-2.6118182473020335,-9.516532446842552,10.189501199941997,6.619078897496267,-4.926583701145681,7.800173602467142,-3.4833352933269612,-3.54630296812124,0.5171233988956692,-5.482323672486467,8.845789468974674,4.018852069239509,-3.7277428489820186,-4.33480023304157,-3.9445413079204017,9.381428059337482,7.116537617723773,-1.8901414655945636,3.732705102666012,5.752457135124267,-4.21777724299387,3.482515767550609,-1.8148391033710687,5.723243971213332,2.343111953834498,1.5633188222804018,-0.9916646224135017,6.773856211063545,-7.722327917002136,2.8952341097467693,0.05233292982840254,-2.385432278887667,-3.7875853130025505,3.838615955686886,3.1165955205419094,1.4872224012938196,3.7219513796141745,0.9950947255130904,-0.8338486944693302,2.761048715353831,1.2160535376502857,Actual adjusted month-end return from Yahoo/yfinance daily history,Market Table annual returns from the same adjusted daily history,"Sep 14, 2026 08:06:57 PM EDT"
INEQ,INEQ,Columbia International Equity Income ETF,ETF,,,,,,,,1.7606826757716298,1.6515976165913049,-0.674932499636316,-1.9993022955312578,4.529029693915865,3.040942159781146,2.2701339917686525,2.574947268902328,2.263498811121689,2.379626668263346,0.7010737737309647,2.8726637342767702,-1.017588160708982,2.2917406802170692,3.0062459071574787,1.1245147707995118,1.0015799291976935,3.3540424249464573,-5.018179585871064,-1.7271827092205538,2.617259429775598,-2.086793115785357,-1.9700723956820765,2.2848229663568365,-1.534873339493359,1.486134536080308,-8.142645735895226,-0.9941129038162022,-5.200983210650312,9.339612381471118,1.3682569842172088,-2.1125719793987807,2.9330351553597422,-6.874038930792636,5.76900205526083,-3.010145316591617,-2.7641204119066676,4.491858753732902,3.782364910949765,1.103093429884927,1.8410349195003395,-4.910839816233836,-8.196443849404488,-16.10471007445602,6.743439945446417,4.129873223824232,1.5028964578365,-1.233695290244674,7.219184675345169,-2.4605049378310206,-3.032114675851627,14.799809087366933,4.711769292713641,0.00397430221985573,4.48882980209826,4.436846045054099,0.20720345688804986,3.9178576892025863,-2.686254406386257,0.11246655274277373,0.9206272150659833,-1.4183930060482686,-0.146707839559157,-4.5985411407025945,5.004884839708046,0.8687734196829222,-0.8539384422651675,0.8609949766736458,-4.959571298889431,1.278363679841732,-7.7315578106848974,3.2498493966018227,-5.203551686242536,-9.888653244972867,6.4559607235952665,13.803919399949805,-1.758891276590946,7.166568284107067,-2.2966294753289485,3.3073266143466062,2.851398844852282,-2.2009214400275035,4.622251019957924,2.5833631830778137,-2.7433567564202233,-1.5797956815335135,-2.8298553302569363,7.610439023635762,3.4226361938691108,-0.16125447115196145,3.5077180484301973,3.982089677574896,-1.6423303907929787,4.493741402061513,-2.875013168941143,3.3810699955769907,3.2004372353220623,-0.9579121902131837,-3.8972280887820787,-0.5268374598451975,-2.157366039538988,4.188544701978558,2.4500273475657197,3.6209779703883838,2.088680271428034,5.022649079702757,3.350856055852769,-0.5245445842099739,5.590681850464763,0.5652163779583219,1.6150159548514287,2.854495148952574,3.3539579047760615,Actual adjusted month-end return from Yahoo/yfinance daily history,Market Table annual returns from the same adjusted daily history,"Sep 14, 2026 08:06:57 PM EDT"
IOO,IOO,iShares Global 100 ETF,ETF,-5.382389229867335,-2.1767626973242415,6.690363404352273,0.5422857833358385,0.9957097888950273,-0.1252199953930555,3.654606624222745,0.6997669785983485,0.1737321356084065,-1.1072360239849255,0.9847465394567934,3.6359930481624003,1.3556121145116284,3.253577043993383,1.8059402821756443,1.4803122232119659,3.038001025793502,0.019356140373005815,2.0301733457642523,0.5934239604886482,2.0590091091596374,3.2188576895139764,1.6470865572631777,0.8988833862539014,5.118206398416469,-4.232130773066212,-2.1130723984770783,1.040995545252077,0.726618920676736,0.10796899818863448,4.231190799174289,1.694909729966243,0.43210496439960444,-5.818468801325272,0.6308278016013968,-7.4250109945776295,6.415095750268818,2.881209061543477,2.434275628515925,3.9957985525024275,-6.167851617492315,6.690412157839187,0.34808142881521675,-2.122023943750273,3.085261687965568,2.9726923667954486,2.7887034242588538,3.9068899204415475,0.3708056957483219,-8.533443750115655,-9.814217158513493,11.083755470671841,3.2251305025318144,4.080204555782996,4.490347010279749,7.760640392486962,-5.2666891008166346,-3.1083499552693294,11.054075985306122,4.578879632058874,0.015901434431242478,1.716466098284597,3.1406453040572657,4.878026545066416,1.0833713183688864,2.347112613390512,2.4228750638936036,2.709405413933763,-4.74023573387099,6.325581042770745,-0.5817091149803111,4.4995477276369655,-2.640688850759887,-3.041457035542683,3.272662106484958,-8.178819131699989,0.7160170111972786,-7.873625443384902,7.928841562876743,-4.873476663388409,-9.51656559819838,7.123658712343639,6.524452884451426,-4.98231125808889,6.1046027865856,-2.7957643674949906,6.055109394321567,3.8966666890121404,0.21979098749778103,5.342450656028208,2.616369556761633,-1.652797707344178,-4.585729063106037,-1.488267580932645,8.4407518552156,3.4745886623551048,2.0740157264222736,4.915437485520124,3.687818939128551,-2.4605804415607557,6.788196725082352,4.417214327075647,-0.32097278153713216,1.9216741742464016,1.0599355803970756,-1.7144109315182177,3.119226552937482,0.6921458099856004,1.4389313599393994,-0.3913207832693222,-5.431154078855216,-0.15577755657087966,6.958599443646096,5.565235846041983,3.543263239297123,2.7949522994476617,4.583875827625894,5.041245733913158,0.6346241897078109,0.20736388734057254,Actual adjusted month-end return from Yahoo/yfinance daily history,Market Table annual returns from the same adjusted daily history,"Sep 14, 2026 08:06:57 PM EDT"
IPKW,IPKW,Invesco International BuyBack Achievers™ ETF,ETF,-4.95963732285235,1.6949907597745062,8.675726069816525,3.4041626362081523,-3.575240621400566,-2.9228761487980592,6.033897821872514,0.4820390774394889,3.236709181930375,-1.6485298178422036,-0.7846064214579451,2.6272306487379993,6.895342722447473,-0.06616091170791316,2.240974599836165,1.693250399748325,2.960852809499892,-0.43821264722778697,5.481174340421169,1.9190976442669427,0.5326984068966034,2.26352909820835,3.397678275582572,3.146025747999537,5.348552688048058,-3.7686090702511055,-1.4581147667172667,0.10685043820537476,0.666816621950983,-4.093651749830074,1.1447069226702133,-4.139872882201667,-0.9738275164083876,-9.89235758225565,1.3884715813275994,-7.416752504756263,8.122176182661,1.6051491769405235,0.38824136241726315,4.260016699044988,-7.475808176018706,5.1543432984008986,-3.4515303466417624,-2.1449453667013563,3.9842282739845025,3.58178991908209,2.7726234424725327,2.7855228073257576,-3.7752111767836882,-8.948220092976268,-19.728407882229103,9.608001147448487,6.336237545255519,5.891367718528895,4.929719456794235,7.202245368970606,-2.820628239812506,-0.11451835815654565,16.499977919383156,5.218640305163702,1.0859269672052196,7.9295218027158665,2.2089338652210744,4.294795171810306,4.408171067770139,-2.2033078095426317,-0.44270694627825957,-0.8447963398079406,-1.4152343946098433,0.04569911982406083,-7.198358541380523,3.8268917005493286,-1.7570446469306944,-0.71539213291546,-0.7454846917638758,-4.832774498427261,1.7567833034744407,-10.8035086616729,3.201971108265189,-5.041770394015255,-8.883939639356731,6.021590076661054,10.013119317062657,0.11570771050366524,8.428000955867265,-3.335180480704436,-1.5748846942327588,1.4960387054417046,-4.624271775160594,5.413681709431684,4.856894752411001,-1.874826871308588,-0.8646019474414457,-4.5636134837139135,8.457892507223042,3.5774993040745606,-2.5654900238315292,3.6396306022437264,6.14931234876912,-1.283681237413159,6.1422804407566645,-3.004127397452838,3.700927027822387,2.001436735987472,2.1275136119163207,-2.8718248801224533,-0.9254769417293085,-2.375877619826816,5.691274725435669,7.457686458762192,2.309490684041937,-1.5330795853687573,5.8496393747384134,3.204678667082117,1.6649462073331955,4.5693581515378945,2.4446201798875355,-0.22395258529543938,3.1043153792591482,3.8996439794348303,Actual adjusted month-end return from Yahoo/yfinance daily history,Market Table annual returns from the same adjusted daily history,"Sep 14, 2026 08:06:57 PM EDT"
IQDY,IQDY,Northern Trust International Quality Dividend Dynamic ETF,ETF,-6.1915526292875,-2.4216413230616074,9.537709221345047,2.4877754945617614,-1.3437618178474886,-1.4865091331145996,5.323038084279652,1.2095010914729976,1.9238940745407218,-0.7627061348720265,-0.4269978143605302,2.982056365778152,3.4699367419702476,1.0100802792924357,3.7596640997919373,1.7421840994438442,1.9025568107954527,0.4494868262088003,3.171000729793527,1.2440295926507527,1.0736716690918913,0.7209847010639647,-0.25053054713749523,3.5611238912889087,4.89851271840529,-3.502351438274065,-2.1628692480490153,0.2128448393667437,-2.7610656957129054,-3.10476200354739,2.7203127353391032,-4.62512712734765,1.1472724729782335,-8.03921236071301,0.3838031589753488,-6.518881747528981,10.036814436201213,2.2176026196809584,1.2290474565016973,2.395464890801846,-6.938947088120607,6.391884038306372,-2.1597087882973987,-3.0403983192029194,4.136776590812019,4.515023200563539,0.3199845558742531,6.4432910627178375,-4.787053278409969,-7.521760402513722,-17.268074001124234,8.398519345570122,4.66797159159984,4.060351347379054,1.7873215143038967,5.048301392509735,-2.6573940863395595,-2.8199832152489446,17.5000124371528,7.180706085717126,0.6756662125056767,3.7795930298766267,3.5403663355812576,2.013196461225175,3.7851882368101553,-2.09572314484594,-0.9971019440441542,1.2020646379241384,-3.125753144427934,2.5486023015520054,-4.349234093776511,4.891951331173994,-0.9567526722667474,-3.597589351650343,-0.6035306661525519,-7.372485697423869,3.35721944729932,-11.741446955146117,5.31236049867303,-6.860382047933755,-11.179614584128583,5.203165787262187,18.228935493164023,-3.08182579351991,10.890291434691779,-4.070206313674907,2.5052338352481662,1.97867168554553,-3.9552110072814894,4.772828420248643,4.308376827499383,-5.072443437157348,-2.624154240717591,-2.548791964654251,9.440129336734548,7.291470179249471,-1.4336981958540052,2.8363495718978893,1.8034105069051565,-1.6325192569331959,6.073449310513479,-1.0359115725347978,0.9562834609839754,2.841675906245733,3.470857562647711,-5.516365353960695,-0.9164896485862828,-1.0970229450067426,3.508143454945767,0.5590355436734251,1.4163201481560694,2.855170778740579,5.351170568561869,4.3434369453642985,-0.2165310942137899,3.161807291924057,2.9675453410676234,3.8597351637321475,0.8227082994644919,3.742955740754117,Actual adjusted month-end return from Yahoo/yfinance daily history,Market Table annual returns from the same adjusted daily history,"Sep 14, 2026 08:06:57 PM EDT"
ITA,ITA,iShares U.S. Aerospace & Defense ETF,ETF,-7.443737029322028,2.5132521862853974,4.48789626854067,4.26039382418808,1.7723917866262928,0.9788722502400482,3.666028289932144,0.5405161870990716,-0.6083376094356274,0.9375722791913566,10.010002986630905,-1.5899985683406115,1.330763680367264,6.587558071691513,-1.8024999459010482,3.388944386885173,2.6339779688950182,-0.05118752732350407,4.798221989469953,3.674969895703173,4.559385051662979,1.3648756921054384,2.9755552071594638,1.3942270556968506,8.048511459972762,-0.18699277750087173,-2.216371423813246,-2.833909899207987,3.5040071770283454,-3.1059939601331576,6.946580604420549,0.791848188369082,4.7403403440054115,-11.417084681711763,0.15125284816208673,-9.860649971205914,12.518815726754596,7.516696323401062,-4.280941493707946,5.030598229421512,-3.663761563550394,6.391234237330856,0.49951134428349864,3.033267329856981,1.565233191077331,-2.04717725830571,5.197640323627062,-3.390302060901218,2.530613546633642,-11.774262239979905,-27.964012863978795,8.279422477147925,5.643300067862889,0.34856990412495126,-4.868887825872459,6.604979897651475,-4.931540826463065,-4.658793571814767,22.366424121543037,2.7219704796045185,-5.954415711984584,7.330495215210919,9.233532362360153,2.2380001170619668,3.6264716488633164,-0.529484040470829,-1.42426120134439,-1.8430932750467366,-1.4721715823480253,0.2494539605750301,-6.124405086458151,4.933386951775409,-1.605361612815226,10.64966522402373,-0.8496691848154492,-7.157686783915618,-0.6610807506444494,-2.6879743248618526,4.6687560842641584,-2.013489591924955,-9.979353233329547,17.56771673177051,4.3932367238206815,0.16161908112557466,2.5120778834285318,0.034865592900246156,0.576478510220646,-0.973236406277922,-4.650758033812963,7.597615253802714,0.8999843789614381,-1.3166869335464515,-8.587223866794291,3.6708345312593593,9.102508133190867,5.986111825296292,-3.120062724211392,4.264173480153288,3.3790769926049125,-1.5765918766378118,4.751634288449891,-2.705047269251226,8.428625916564991,3.163852046498805,1.4609701635725614,-3.4816883665226728,7.713074524591579,-6.295693373524069,7.726171513541025,-1.143204271534537,-0.9284157954956074,2.4885651698336897,12.956461745928749,6.5336391996179355,4.2196734900544985,0.925738417426647,5.856539930455185,3.1205236385472235,-4.953888099825199,4.675760262403572,Actual adjusted month-end return from Yahoo/yfinance daily history,Market Table annual returns from the same adjusted daily history,"Sep 14, 2026 08:06:57 PM EDT"
IUSG,IUSG,iShares Core S&P U.S. Growth ETF,ETF,-6.097515395790765,-0.0787751352216759,6.951388863953811,-0.8507227896598524,1.9522340458739906,-0.37801960570630344,4.8960215566386855,-0.35163223344470973,0.4062166415663482,-2.561668228138947,2.580796530643359,1.2768081494529904,3.0055730454135787,4.0488838986938,1.1154993547253689,1.9404828703184718,2.6226756802410156,-0.3155876477095254,2.5103856439021133,1.3155359857526472,1.24158499337359,3.2884389705987394,2.8385153246687667,0.6305733651876366,6.992749150531741,-2.207537534956827,-2.639700121176647,0.09154855286594987,4.316806266612061,0.5891897133536661,3.321713328163489,4.754655608285341,0.6329181435823283,-8.209914443938604,1.5608710102663848,-8.678863276355964,7.5142511028248204,4.094594239542637,2.6098735958835606,3.846168441498854,-5.348008418850192,6.173541515828851,1.2923091428032718,-0.9292997670772851,0.3292864765169323,1.8133028512817173,3.405744589742743,2.8206112420880336,2.010654890919028,-7.246378165878065,-10.48871896392789,14.398309706021873,6.2624257651614945,3.846696015256512,6.96996950811779,9.168917328685833,-4.447257229337531,-2.850710228081388,9.92279779301246,4.116438415739765,-0.37209039940835353,0.26028736020307086,2.6705787671901238,6.762852525789742,-0.9182000630417964,5.297486813789831,3.5947768698036953,4.091372202935517,-5.776597882781431,8.983497644842565,1.3081320616704417,2.4325046535341066,-8.509153560260796,-4.215531175972076,4.4643755889544945,-12.341467411236028,-1.3280093342530885,-8.24457132406964,12.592584917683203,-5.199493705196212,-9.979131640450023,4.87654632015162,4.982737022669648,-7.385817394371752,5.618271762882854,-2.0092895234818497,5.549174247604771,1.3743361043759394,2.266914746695603,6.3443123470782625,3.174929936549775,-0.684923187424602,-4.870387138829546,-2.6046572643331767,8.683400687447485,4.031440485911086,2.593655827822827,7.303383654075035,2.422775189169535,-4.009872285240268,6.532740550034188,6.481751096098964,-1.0982204883981384,1.8004473652591724,2.970044373625891,-0.7960105414991148,6.220404907738453,0.4277619714972536,2.6192911784011397,-3.1118811823663717,-8.15403033909049,2.038087791416743,9.300530023758702,6.272477883253491,3.4441504283408753,0.8805719758498753,4.995413917077873,3.215023116805904,-0.8243575418792837,-0.13318091002680887,Actual adjusted month-end return from Yahoo/yfinance daily history,Market Table annual returns from the same adjusted daily history,"Sep 14, 2026 08:06:57 PM EDT"
IVLU,IVLU,iShares Edge MSCI Intl Value Factor ETF,ETF,-7.35028067833543,-3.932398948699123,5.826550105635198,3.034677302171751,-0.5376451376849722,-4.646763637395301,4.884649122513096,2.558100412780684,0.6107573381024967,1.1028430390765287,-0.4033209565765028,2.6955420661686214,3.254955334180809,0.4378376842421483,1.9616170910135677,1.453627897442411,1.938475497431269,1.0111070435062208,3.705541079595265,-0.939241732201479,2.0778570336345448,2.4901271172423023,1.7354444987905282,1.9141714781796937,5.104057918818272,-4.856194917574563,-0.8702162742672215,2.5763311019491697,-3.404648199077598,-2.4446345939160397,2.73947373310508,-3.5033155429844642,2.6220291948990226,-6.761016190213775,-0.337251234402669,-6.285755524275816,8.047555660066429,0.5924831229332295,-0.07573420425734945,1.7177566233769204,-7.3675584278171335,5.262478919042413,-2.08241841947141,-3.5445378441596787,4.685345752014469,3.905242267826048,1.317560808507423,3.10267610975985,-4.5547932813911896,-8.426481402237629,-17.37090317447445,5.170449604701366,4.484077670118336,2.03904737403533,-2.3553300760075335,6.082834509635782,-3.2624794243254818,-4.036793581739184,16.666657118568608,5.127132663358691,-0.08782450875728376,5.890100112991248,4.981330838421316,0.7908264875098547,4.7077475020904425,-2.1690425714675388,-0.5422173141677811,1.012450469607007,-0.8866429893369165,1.205741357124901,-5.611050865732525,5.756757515474398,2.987420718692424,-2.595418366688984,-0.2742909486139755,-5.3045287188960515,4.107881275316294,-9.664829317182056,2.2092130483340577,-4.322883980633518,-8.944224327582084,6.278483654437261,12.339199573105653,-0.47125344486220744,8.459212540583394,-1.7508955088061828,0.40502109350499804,2.783377653061425,-4.160125752208776,6.862173205966182,4.125739386083382,-3.056607517592158,-1.284536322922214,-4.179818620197951,6.995886673058593,4.352214495452489,-0.7167193955762041,2.3936252838906436,4.749527737268577,-1.4523561603993262,4.852621307578575,-3.7521181172118,4.0451930496713695,2.381786006191966,1.0263410000496798,-4.334578185423188,-0.8141545043787168,-1.2760274948879102,3.8731010556843026,4.936080110576846,2.5719211403028908,2.936323937811558,5.4487167459730035,2.1826260317284296,0.15202966112559668,5.9198506220822456,1.6910349280929493,1.211948759858239,3.564459414080412,4.183660085251639,Actual adjusted month-end return from Yahoo/yfinance daily history,Market Table annual returns from the same adjusted daily history,"Sep 14, 2026 08:06:57 PM EDT"
IVV,IVV,iShares Core S&P 500 ETF,ETF,-5.003202741167822,-0.056505392875438876,6.241329093343451,0.39198094819643536,1.6918675344236522,0.25358724586725945,3.7387138356901106,0.12821709434607254,0.00667363287247813,-1.7788045376355366,3.668865701812174,2.143350427502755,1.7511928830224344,3.9750408328140363,0.11757347948906371,0.9650983079762199,1.39421935996773,0.6670557252129949,2.0747086338287035,0.2736692434434751,2.0413736296030383,2.3247694294781684,3.1219655658454304,1.2089981151741425,5.6909318763668,-3.804379546028691,-2.477607880073407,0.35418819176920024,2.410745533266967,0.5874044785340482,3.7465999924883864,3.2335206391011395,0.5356417257499135,-6.822006869016528,1.9211015228358885,-8.875343629189103,7.924959200722226,3.229601675108662,1.9159243566765793,3.99913554801703,-6.298587161213187,6.945720251680032,1.519941268420899,-1.657609368269053,1.945868920869831,2.1606922641248527,3.6364124136392784,2.9294591073334875,0.0,-8.455010161617317,-12.129020166190973,12.67801167332443,4.815241247053659,1.8986342050160365,5.854207748049434,7.000797408619741,-3.758329291069351,-2.5114639101023073,10.896777093676913,3.7766309160241818,-1.0309339883448954,2.7589273709562656,4.555409004451949,5.2938326147557335,0.6612825384719745,2.257328853743479,2.437663484264374,3.0222542227884786,-4.683713801889223,7.002920590423711,-0.7288697300588676,4.561823061268866,-5.287326076145593,-2.8886395322139102,3.7556747619142294,-8.845261551981265,0.3167700023462672,-8.32508925014257,9.265447091393675,-4.127645477165787,-9.235115883188916,8.124910043267054,5.551984540724519,-5.7288184918477425,6.272616054130009,-2.532385038092022,3.7264266601710005,1.600677730149802,0.4238062207693183,6.597598589520692,3.2464998685543867,-1.6276243082479325,-4.703954693851742,-2.2099229824551703,9.16321798221269,4.610980990779878,1.5849119019648583,5.204035843580224,3.321296078998981,-4.049594151267765,5.059080358587309,3.568666295135503,1.1128808576643667,2.427168426465043,2.1730859267373726,-0.9673918555488381,5.922213612699667,-2.3671212306593636,2.7145285985343603,-1.2602013300235027,-5.593158974499901,-0.7011945513857754,6.127675489087059,5.182587063271127,2.2547889869415583,2.1137110900591116,3.547095156340796,2.380100015521336,0.2407975697194198,0.07066270446305367,Actual adjusted month-end return from Yahoo/yfinance daily history,Market Table annual returns from the same adjusted daily history,"Sep 14, 2026 08:06:57 PM EDT"
IVW,IVW,iShares S&P 500 Growth ETF,ETF,-5.17270735143347,-0.7376188709249165,6.718545964483913,-1.18218270700029,2.549794397563865,-0.31067561330431204,4.614852396030744,-0.34435717192961013,0.4350499019492471,-2.096032742492826,1.208974007723218,1.4496616453556488,2.923051356726014,4.0686079721884205,1.1593555482097173,1.9692551211710985,2.8186014844712615,-0.40410975004806504,2.608676180853675,1.4314297854129299,1.0767616580371175,3.291094324530608,2.7473624246912243,0.7098752549730136,7.134920373488596,-2.0590131398877776,-2.9807313211467346,0.2450292539889265,4.316496979641982,0.5737467699631349,3.4253758692612823,4.804362089006586,0.7847998458004879,-8.065688237740076,1.3875461717018256,-8.46676967154163,7.400280619952837,4.097161881595701,2.6720426439997613,3.945206612308083,-5.263452436908933,6.051460807182729,1.1883226263175395,-0.7663855042075673,0.3703304081377423,1.7163737740187424,3.418536930658611,2.892929622150975,2.2619378172503035,-6.797300578458998,-10.285260964366982,14.25022229524069,5.960681615931018,4.086240470382285,7.1280311785474115,9.438569424243259,-4.779016898736554,-2.7696214869151192,9.506877045480188,3.9959686828984653,-0.48575982951396535,-0.09446451509387277,2.7727298467110195,6.834566301572931,-0.891344464141397,5.625536632161521,3.7811337558573355,4.120257618200429,-5.817121494967092,9.10568425053,1.339248626324685,2.500180382982209,-8.402048189385436,-4.423279565534566,4.450009108839836,-12.568744757648552,-1.317764374574748,-8.275424475353788,12.792054144152765,-5.40621030847972,-9.92639999376782,4.425254310009907,5.065383974059556,-7.625536370004848,5.6068438384180075,-1.9747464917739155,5.821535259301092,1.4869017226007308,2.5293371482665084,6.2484573912453545,3.093074975228438,-0.6606297517370852,-4.902987857665863,-2.4115863401809823,8.7015332676758,3.765139443313714,2.8495463360789675,7.211270632192157,2.0693481518860635,-3.7896730110147936,6.59773250011404,6.947729165634198,-1.3507589928790753,2.157956073116507,2.8260334060662418,-0.6684052573260324,6.150761722742182,0.6915423230282158,2.6199318439790176,-2.8985713353062437,-8.139263372810179,1.9605802204541556,9.434755808455385,6.414120785124111,3.451411210748323,0.8779678550337788,5.1860999999999935,3.371427720329323,-0.9455877476784558,-0.17680521566720842,Actual adjusted month-end return from Yahoo/yfinance daily history,Market Table annual returns from the same adjusted daily history,"Sep 14, 2026 08:06:57 PM EDT"
IWB,IWB,iShares Russell 1000 ETF,ETF,-5.436409639805461,0.0,6.989265645518916,0.5260213180226403,1.6656399713183223,0.26590515990694286,3.798267185300963,0.10778157247255393,0.11071024399906815,-1.9840435491725539,4.039937980656827,1.8657032841149723,1.9283401777985265,3.815258542441269,0.08765237575807383,1.03620595823255,1.281919169563106,0.7148015920932949,1.9070805056937035,0.3206499737395285,2.0612426896277736,2.309058933636554,3.0187028056176235,1.2356523486950932,5.410111890549363,-3.702501441582451,-2.238050263136193,0.2587292908631911,2.5740108046742094,0.6289928559791269,3.448854815628688,3.3925533687986897,0.3828783070438657,-7.09292472405616,1.923554268390415,-8.918036115689599,8.21256716932699,3.40482520792329,1.7703065229623505,3.9348697025239465,-6.33023281338454,6.875557024374013,1.6339995218939585,-1.8676359468949189,1.784825055964645,2.0967647146293844,3.8097428106214526,2.799863281154602,0.12332515854660553,-8.066526956175613,-13.343240373276055,13.198600582681763,5.155714115769383,2.269003288879823,5.9355138909209515,7.301878200778789,-3.7017393328520165,-2.2976251411102266,11.692648276203577,4.123182495575595,-0.7883346739519848,2.892894342799779,3.8441834039265155,5.338880679734026,0.45804586164415184,2.43849760228545,2.0943339701544605,2.8606125079597033,-4.602442849309895,6.896692201434318,-1.2694480506944328,3.966692440267794,-5.630999343370869,-2.7410443960295683,3.3588688151050317,-8.861521178677268,-0.2281593759349443,-8.38079118122187,9.270300690037981,-3.836658482134647,-9.177972870992168,7.900447051369253,5.349439352973939,-5.749679792645656,6.640704023219768,-2.3830796392248277,3.1682088325623914,1.2254082078820172,0.4693204585098698,6.695950619860125,3.4586118241259234,-1.7369311475278315,-4.796103398408514,-2.3838989105191333,9.33235660570173,4.9965224764035865,1.3383690404934256,5.267716407212997,3.2648620897610447,-4.1835576191298625,4.666984181723133,3.2631956416112162,1.4653405319828172,2.3716475831979444,2.0716200435856535,-0.6838870091127269,6.498218160823432,-2.823603616099979,3.1040506662234346,-1.7371125244595609,-5.769522890870804,-0.6748400428601031,6.37083239715428,5.048208664313836,2.294066105967363,2.1159558651981047,3.309923347817101,2.2518244150318,0.19533584660409442,0.02785071850666121,Actual adjusted month-end return from Yahoo/yfinance daily history,Market Table annual returns from the same adjusted daily history,"Sep 14, 2026 08:06:57 PM EDT"
IWL,IWL,iShares Russell Top 200 ETF,ETF,-5.447948808287862,-0.09002297791399494,5.519236872521072,0.2775307541274863,1.7883555617762115,-0.14638410395143575,3.8949930474541983,0.14204565863638052,0.3866504705930307,-1.641325716458153,3.481611969940368,1.9273133117631014,1.6882703030312474,4.22779058556102,0.31466199121501504,1.1500605921608287,1.2836922683751473,0.832885524167537,1.9610779123792943,0.6017840697143173,1.8865565363946457,2.688164461097897,2.6853640602197304,1.5339461017432,6.133027612283204,-3.2035201879053066,-3.4253931586252673,0.42804907105851164,2.721300823984585,0.6064358638403045,3.7198753545772067,3.364577615705766,0.8588370903687803,-6.584813499586916,1.742463031635899,-8.625143299413763,7.518425115035821,2.978657991909439,1.9276005858085865,4.25176742859259,-6.534162170038471,7.024857428071596,1.6904536880333998,-1.5467036413312263,1.6799141889914493,2.3647159380481453,4.024962347804895,3.014590137827433,0.47919227355661675,-7.842111726251144,-11.127103943993344,12.932615816032333,4.689964070105779,2.1190430211642575,5.767946643400079,8.671746270774005,-4.216589156522854,-3.226586855537683,11.02058991722159,3.8919370487513927,-0.9746270237788512,1.923688471120144,4.294358695560763,5.352081597656988,0.36070138316366407,2.9086456969660945,2.499762077982126,3.0461242953238044,-4.777804967156007,7.239914356927102,-0.4886896087390902,3.9508062730516214,-5.080725092993488,-3.494491541481648,3.8341681261364613,-9.446707304025292,-0.1634795243208642,-7.826597581186334,9.119259335808593,-4.14285792496587,-9.183916937850434,7.644308803436806,5.066181072264775,-5.924152856872656,6.179840207438847,-2.4808791649969852,4.8583713424318775,1.8703075743292663,1.593879937490028,6.197496936568925,3.2820598652344435,-1.1803055035518928,-4.648963682531293,-1.6252378364873032,9.066778583996115,4.1493860247946435,2.198269465521774,5.322223038170959,2.886568795118416,-3.9490205483475704,5.413596522173036,4.323830828376596,0.5300515581342369,2.502599865772348,2.0726268722337293,-0.7974956089728868,5.864182747734503,-1.6185407543966024,2.895445610757541,-1.497646373061301,-6.076697335569392,-0.6840969013132581,6.734109038634539,5.3790754100091265,2.4425435183573097,1.9953990542849631,4.066155496719692,2.9560436612800833,-0.1110951396999349,0.14690653546109989,Actual adjusted month-end return from Yahoo/yfinance daily history,Market Table annual returns from the same adjusted daily history,"Sep 14, 2026 08:06:57 PM EDT"
IWX,IWX,iShares Russell Top 200 Value ETF,ETF,-5.512960386492772,0.1268640655616604,6.160725702746506,1.8007269851423091,1.6745113143979307,0.5799288250556422,2.369752309734685,0.9977393531832801,-0.23101506253966342,-1.0862485532793231,5.513631347018788,2.48445256057106,0.36169734066489045,4.049173661958005,-1.3061504994498097,-0.31140424046240955,-0.020840664047427904,1.8121564748459829,1.3332695050968901,-0.9544629404994565,2.9810165754129425,0.8406794448072352,2.83843190299633,1.7387153785621168,4.406712281760949,-4.220717409306607,-3.2357865000914754,0.49562730431722546,0.2762446837803578,0.11800806264372632,4.209531773833475,1.4987904467989033,0.4590369344987577,-4.00301855668852,3.3904999754121867,-9.213960550922028,6.610847408598519,3.100479147408608,0.5638958554522677,3.862243900457285,-6.594612275551204,6.666130997606845,1.535874071772425,-2.751950894844002,3.345790526486425,1.788976284548549,3.407459692247028,2.4076859663601624,-2.170562279804966,-9.399013231226515,-14.320506714677528,10.133745354602164,2.9230182598180887,-1.729275578693379,3.6452924761998684,4.169139882366091,-2.5597158201555503,-2.3497228311809337,13.053948943343663,3.266009452548957,-1.226254133539717,5.000866651173785,6.551119312728115,3.3914333391452667,2.460132945347282,-1.1199212074709641,0.8729532520858063,1.8949631052521898,-3.3833652057704833,4.920040064444842,-3.8327583299531898,6.329746127972946,-1.3557637132165734,-1.4901914999184251,2.7547415700240663,-5.5850937201232576,1.9768922474492356,-7.5324061679785554,5.535766643131224,-2.8987674675172825,-8.218385803333684,10.587418682972615,6.110937080835721,-3.5081240522060186,3.7555860149636633,-3.827322549437351,0.9157407884450741,2.3195279919711265,-3.558047083741689,5.463994841244979,3.099034353478758,-2.2148756335793607,-3.2261939787376903,-2.7076711239825357,6.462265207611795,4.297312317175117,1.1258471217042265,2.9594045516868173,4.94512656139916,-3.6687549032436984,2.88357305068645,-0.623087192533911,4.704603563410648,2.999767298041789,1.145429626695349,-1.070511986982603,5.932844596219344,-6.61605860402198,5.175256412171647,1.6482057960179208,-2.3917623388259313,-3.3219893292538383,3.0333748409631545,3.3327670250589136,-0.047518575212768255,3.3273932217484425,1.5226539489731516,1.1492906899275512,2.7224703922128057,1.0380750096510294,Actual adjusted month-end return from Yahoo/yfinance daily history,Market Table annual returns from the same adjusted daily history,"Sep 14, 2026 08:06:57 PM EDT"
IXC,IXC,iShares Global Energy ETF,ETF,-2.747068411690312,-0.7336787857582405,9.053951912636649,9.149425250989541,-2.763091553688468,4.833062180560166,-2.0427225388082393,0.8214838599354346,3.0084398815897195,-1.5515465020651598,5.624219764112559,3.216401508167288,-2.614960741936545,-2.3015516917331724,0.2718486796550623,-2.1385584410665515,-1.5081873926496514,-1.386142276750879,3.543813039331445,-2.924709768771938,8.942323214862258,0.2942032951654294,1.349376721369966,4.560177118305542,3.4880607640666916,-9.187298583962544,1.7060732498840991,9.005322320263787,1.1878905886585578,1.066014222836631,1.417884399088476,-3.4819627480459303,3.0882947356871693,-9.384945109397147,-2.837917788096045,-10.057268714931023,10.596250932176998,2.741831191496935,1.0494779988940106,0.11871923315467381,-8.091311478845354,6.990947846632256,-3.172153179019399,-7.188303108187711,4.72928511142332,-1.0471263019487753,1.455034716397452,5.491741685085283,-9.438842663985202,-13.144700755323214,-30.35053301104077,16.28182025457083,2.2912771766114393,-0.8679144205938516,-3.684746589642951,1.0095693730453492,-13.729623463006646,-5.121953768750654,28.920310260764026,4.051091017723052,2.8556977725778587,15.366251253408581,2.282141016516559,0.2839750284713949,5.784800073960539,3.2780926020267165,-6.619025397979761,-0.8054977902422489,9.013425790462492,8.193651598646934,-6.368313200179254,3.5663005688128413,16.466735841847303,4.868896600730577,7.589315786049533,-1.8534005921252095,13.951505670707864,-14.676619210710772,6.99528308822972,1.7931021986902662,-9.674796644600336,20.1920017459579,3.3200156016106153,-3.057288329723251,3.154663884841713,-4.947789121833224,-1.2294164564772503,4.131356675211095,-9.715160915708477,6.900079760270339,6.2332211703309826,1.7450568211006434,2.5602583396966416,-4.168656837801432,0.5311042499001939,-0.022411037714609172,-0.843773981810414,1.7276920909010007,8.871991812806112,0.41909818516328023,0.8578523773730362,-2.492891964116517,1.5177070099186896,-0.4508613138686113,-3.504188323921553,-0.07409139512486451,4.400487928078967,-7.596961273760206,2.383440513202162,2.6861146595153818,4.808172637878028,-11.789878447397928,2.209657397675624,5.3712024154737525,2.3670050602920822,4.351072931318245,-0.5241890535648275,-0.09580760472389649,2.9249626261553363,-0.34991772371266716,Actual adjusted month-end return from Yahoo/yfinance daily history,Market Table annual returns from the same adjusted daily history,"Sep 14, 2026 08:06:57 PM EDT"
IXG,IXG,iShares Global Financials ETF,ETF,-10.096293227724773,-4.198135907059952,7.82210362708553,3.352962391687586,0.9634367983683001,-5.267722107773453,4.246880548786791,3.913295453712684,-1.3518952274765739,2.4471881672125217,7.471771106672209,3.4567545484028184,2.319134135189427,2.6556304483246196,0.3460190848274758,0.44335221136964087,0.016351237070022506,4.601996575372369,3.546550170027074,-1.406721224912988,3.4739318035686972,1.5137885787741556,1.978465095327775,2.197007690496755,7.09278590120066,-4.326316518856766,-3.433366152941608,0.15898142195056586,-3.636366402039848,-2.3229971900141755,4.632660225574603,-1.2671386414276564,-0.5737551223945703,-5.755492050555533,1.8369221116795842,-9.009222887592728,8.510655024966729,2.5117495577076543,-2.78217049127224,7.382124989445438,-6.920047145211861,6.191765814275674,-0.39006160891512653,-4.918539221219776,5.5189347316500825,2.685388882681794,2.2958767589902562,3.4118254659169844,-3.607279413224118,-9.114226517227541,-21.633720532894586,6.0381278659893844,2.59739708696618,3.1425150556280146,2.22265749767272,4.854728116998652,-5.273489778910035,-0.9813295897174723,18.8488595352301,5.392697142516889,-1.9662092046376922,9.934227347547452,4.603747596904517,4.755387312885806,5.502103326291263,-3.9806136909935064,-0.992126590650666,3.709009647318884,-1.556059297861856,5.940112171195411,-6.56962359729164,4.494180051096475,1.573809013640326,-3.0988587417951186,0.8248721606636256,-8.999366005447895,3.2364951211435677,-10.02533595852827,4.50259119548837,-2.867530474910407,-8.122288098175312,9.231775809640919,9.855150839592186,-3.025850501533145,8.59420822924617,-2.332290177876284,-7.418829762741952,3.6806105270199563,-4.290687210558019,6.159110178353289,4.836429681224996,-3.853329881903378,-2.315882771595257,-2.8535101129739227,9.92255215580995,5.710238139210833,1.2471314785734933,3.758177935646212,4.954560152403431,-3.508763201360021,5.047843156788345,-1.4749480267963855,5.924524531355546,3.8619577286009177,1.0578091635611964,0.3277588597065728,7.197806966908149,-4.532895310911799,6.30856453238664,2.5460188300624464,-1.6233764271835427,0.04853313009973714,5.636942924453514,3.1209673335812482,0.2255868986151599,3.979474715972975,1.0217341764613197,-2.014228609992008,2.2655726706418466,4.240100020194237,Actual adjusted month-end return from Yahoo/yfinance daily history,Market Table annual returns from the same adjusted daily history,"Sep 14, 2026 08:06:57 PM EDT"
IXN,IXN,iShares Global Tech ETF,ETF,-5.1681786130296725,-1.1786516709365258,9.257043948342547,-4.81722359553226,4.797981552583086,-1.625254391655162,8.28113333762721,2.125441244204729,2.8616703330569537,-0.7768058093917452,-0.5097865703924231,0.9766106964561372,4.941776285906863,4.214713059663122,3.395198491469542,2.7927533079647793,4.721279334320072,-1.65687255492718,4.521478724392969,2.7329373934116497,1.2660617874448832,7.459455416898297,0.7647451514985804,0.19993034345988647,7.113121196000516,-0.8141695166220209,-3.0137970098978895,-0.5178799445835436,5.974204238421832,-1.1340313731183715,1.6231026283054284,5.533295410078298,-0.7368717231922672,-8.417101700955765,-2.0139368641744704,-7.83460238278143,7.70674971081402,5.627532504634614,4.4001056175344555,5.892318325399537,-8.650285815778524,9.169898294896118,2.2113356722424093,-1.5749267345686713,2.414028017540004,3.8763084288248484,5.058824471500656,4.859105496223104,2.318411223997008,-6.6676064999461655,-9.2781409096499,12.83723244253756,7.260561039445079,7.176634632996737,6.359847706953126,9.763709046749813,-4.113038302157346,-4.975922460735527,12.656152168852696,6.646974600895361,-0.20330751730909258,1.546229389412579,1.2003780629828098,4.777068835840836,-0.7102663484087834,5.834306158707281,3.3716622569740506,3.404993358832087,-5.770832578501873,6.706661570481276,3.324512458858009,3.3405208091519922,-7.532236854029428,-5.105819419659785,2.6725735259036876,-11.584206670611263,-0.44843733001549424,-10.187510095907172,12.669595399417787,-6.292486805965658,-12.580302462192227,7.6813499534371,8.102150851903712,-8.341145209011335,10.5955856127943,-0.7462671301798451,10.465353711053794,-0.4782978838215879,9.168207789031557,5.592657709840587,1.8170198914755575,-2.242572190315928,-6.558969828571626,-0.06916276269861577,13.408321387141475,4.336809023382715,2.5080678461211203,5.065107513064326,1.8793301775105409,-5.787971224358113,8.28601994446958,8.735859017228066,-2.5476951625370448,0.7929658041168963,1.4505189918990524,-2.253735429174486,3.880021710682424,1.3655967558625859,-1.309731678130388,-1.4825463919534099,-8.082534835450272,1.5051576726734295,9.326225800765098,10.071379220368758,3.8228338336407486,-0.4276713965780554,8.118582557272692,7.111727066184637,-5.472642227099433,1.3878052691431275,Actual adjusted month-end return from Yahoo/yfinance daily history,Market Table annual returns from the same adjusted daily history,"Sep 14, 2026 08:06:57 PM EDT"
IYF,IYF,iShares U.S. Financials ETF,ETF,-8.169229288555824,-2.550537325524893,7.4739939844086445,2.7068817755212526,2.267207474446997,-2.887573121903908,3.8399085585503645,3.2272154193249802,-1.9131161449270184,0.3110654047556727,8.817042725827463,3.8654644478861133,0.4730983367804642,4.787138223734511,-2.2419249882303705,-0.2691293522051774,-0.7516725725571272,4.804389417382748,1.8322301872562896,-0.9589734425343277,3.7745685694155373,2.2833136079930316,3.1740116329852963,1.406142318492809,4.437750486142988,-3.1668209702115813,-2.126122179745926,-0.11033508708625517,0.5948100954128677,-0.5535829159723171,3.916744009119877,2.110335492908666,-1.9087705305623537,-5.087663381319341,3.165933381587216,-10.11257555974554,9.260133319129116,2.78781357850848,-0.6411337004278317,6.543637599517904,-4.9658214754709,5.4691566667434355,2.332813359235142,-2.3263089184700547,3.025304351714886,1.794446296371155,3.533296298131261,1.9557462575491735,-0.6604641288977864,-9.78302723307043,-20.61681581823237,9.765653648638594,3.362061646418635,0.21406816622375757,3.2685531765775933,4.211354874930606,-3.745542176732708,-2.123732145666002,14.63940854247323,5.299367900840002,-2.351337105246054,9.44786237355235,5.292206520400966,7.145750166803633,2.754886042629945,-1.426865942424338,1.431186146020158,3.0653373486462465,-2.160560274367518,8.079961234108723,-5.312731505002743,2.9467344841406673,-0.3806657475244779,-1.7716713540704365,0.05697890474334333,-10.363191527403782,3.5106566029512676,-10.442469741362947,7.244930246706915,-1.812148986401696,-7.85629253129092,11.739469125045199,6.491790095734995,-5.609511515706056,7.300896130124412,-2.3092212708733073,-9.633936590001158,2.853514250887268,-4.059038285121186,6.698732071165958,6.433431888517549,-3.211182493523679,-2.2273620433012953,-2.9293852496221517,11.175449712551465,6.372223726543713,1.9201407961881412,4.537621581399742,5.4550911011338465,-4.704643111542495,4.49806733094833,-0.39666910179513293,7.105844666586569,3.712113818627949,-0.7455669688519739,2.7334047481992974,11.532698926908292,-6.741533791431264,6.809546469154482,0.24553823321160628,-4.3708690583636685,-2.0469690390568784,4.9846326421989495,4.596988608787211,0.9587606571742402,2.9308225854657755,1.0349175205066397,-3.190146046994402,2.7487799864029494,2.803247386039165,Actual adjusted month-end return from Yahoo/yfinance daily history,Market Table annual returns from the same adjusted daily history,"Sep 14, 2026 08:06:57 PM EDT"
IYG,IYG,iShares U.S. Financial Services ETF,ETF,-11.224733761776218,-4.206280449889888,6.491956885162975,5.17623897612185,2.4490268754587152,-7.453707887413319,5.532849947583673,6.030310875826617,-2.3953042973326566,2.7005711794785503,13.735680374631244,4.063974540682813,0.7057914128064002,5.307935590751467,-2.8990160585083413,-0.6874454985954181,-1.7074145384531558,6.828373876372784,1.5700800448064323,-1.5110814670457828,6.049218596086914,3.111934707137265,3.7138945731777007,2.1641711758494386,7.083173686078759,-1.846957141399963,-4.209522632787044,0.06108389161083583,0.6104959983947333,-1.3097273972055734,4.173711517001832,2.1254848541935267,-2.986890624024463,-5.686866340708829,2.2591662541402657,-12.184750455911896,10.171873254987919,3.89684547251552,-2.4555132293525017,8.949608613745784,-7.265785544354442,6.643661152889169,3.704510807518857,-4.414845270328072,3.251225287161885,3.371658974109626,5.318005705345397,2.6629170518834178,-1.6730174618002747,-11.300916432177665,-21.866215557695778,12.340511837835223,4.239616469566876,-0.3913067910662482,1.5912898175049817,5.927440075589296,-4.547672081942933,-2.073413114173228,17.783903849003146,7.232442920001381,-3.1256195272931664,12.692618090649521,4.894202750407484,6.685336641936557,3.0757324010347142,-1.4491124163423907,0.5830533420943862,2.7642425564172957,-1.3348041207018713,6.148362528680207,-5.87233293638908,3.0907875818185993,-0.08806623129656854,-3.0791387827497574,-3.1680367462153525,-9.637869548185785,3.5348206849197483,-11.737304551390725,9.081090060416287,-2.8389346924108105,-9.548067325766285,12.524767118666858,6.455693255450945,-6.38147281789384,9.820965130895122,-2.503038175556982,-9.972300591028628,2.0734129521921663,-3.5174336188568134,6.711682493188187,6.582698513010987,-4.115438629090273,-3.6880095555797077,-3.6407081629909244,12.220648357303766,7.65064705466274,1.841423915227547,4.657269633456296,4.449100730356714,-4.238336162498624,3.543863995935026,-0.48598870793046256,6.51739821388948,3.3112670634728003,-0.6941136041086593,3.928476876925324,11.556691704589062,-5.199318094327509,7.569706935315534,-0.16724588704409848,-5.736447192199979,-1.0821328757729232,5.456902069001779,4.749249369179309,1.6822585237553422,3.0445697043725906,0.20151569462827368,-1.6845079984447509,1.5431741399619892,3.377044787629657,Actual adjusted month-end return from Yahoo/yfinance daily history,Market Table annual returns from the same adjusted daily history,"Sep 14, 2026 08:06:57 PM EDT"
IYW,IYW,iShares U.S. Technology ETF,ETF,-5.624592747110069,-1.257293134440085,9.187474560744446,-5.732746586542936,5.680515708231226,-2.3119450971518796,8.406148584787099,2.1379178614194805,2.3671204520321565,-0.3445251939591998,0.295150826631585,1.3709844435325858,4.715174456021609,4.947558922220474,2.555121736924293,2.249020950508762,4.333991084691258,-2.8842860520748914,3.6429666076466027,3.4389992248954115,0.3204373263199001,7.784103045995017,0.8725966266864837,0.04674322570741296,7.194193358439915,0.40692198206604413,-3.782773758938296,-0.11890710902945356,7.499583542508037,-1.084440305097334,2.367235857282979,7.31544319391757,-0.7376369348237266,-8.478496196952289,-2.0161247550119166,-7.892059351763692,8.85390035253344,5.422494668203703,4.073332744630531,6.663161880831159,-9.567126790884206,7.89226157330305,4.573238348636877,-2.9138618928552074,1.8604856847334483,3.819603940280758,5.5044690750663205,4.156001331191006,4.131562169595648,-6.597597208158845,-9.322038241013642,14.624031544101236,7.533697973311315,7.279186437855256,5.989652997719919,11.616988365150082,-5.539902344531855,-2.766827711709874,11.071289883547886,4.76504624002394,0.8227727085824865,1.3289762618737155,1.008420088209605,6.111743099936162,-0.6447284300801437,7.594310122220094,3.81287892415878,4.87450171872974,-6.367245910147245,8.996675502646001,2.6818602033730876,1.4152507000086079,-8.326067383097113,-4.864136472727965,2.935880042074279,-13.053179955958228,-1.4287504212500135,-9.389038913928783,11.494697239267303,-6.024265643403814,-12.283702790138552,4.116114895505518,6.5846272557198215,-8.342145592561357,11.008205580805019,0.7377045435920992,11.543721675330465,0.2478331298409575,10.801780953805263,5.6753603443111755,4.40893541643268,-1.9354344295189674,-5.796395199305904,-1.1437328827179294,13.064014461827544,5.009128206304991,2.9327911980987276,5.492652295474132,1.3869030745638167,-5.1014279676771634,8.161029604979886,8.622745624130811,-2.7707810870522653,0.9772436514162042,2.6854461241982097,-0.6133694643844834,5.73362938844868,0.15901052605702404,0.09402382569687617,-3.1377063645302905,-9.147949762676344,1.701796218305618,10.7960544192788,9.549016018704503,4.640153494066523,0.2647335954406804,7.773628626504858,6.157454711708055,-4.444023127786956,0.5314402012541963,Actual adjusted month-end return from Yahoo/yfinance daily history,Market Table annual returns from the same adjusted daily history,"Sep 14, 2026 08:06:57 PM EDT"
JPEF,JPEF,Jpmorgan Equity Focus ETF,ETF,,,,,,,,,,,,,,,,,,,,,,,,,,,,,,,,,,,,,,,,,,,,,,,,,,,,,,,,,,,,,,,,,,,,,,,,,,,,,,,,,,,,,,,,,,,,-1.4282877133696248,-3.820044906057185,-2.2755892193763283,9.273391662291575,4.42666509324261,2.8262492369446335,6.567054408448647,3.462004151696907,-4.483850585864557,4.83446402061718,4.193826100035825,0.7055795293907208,2.818467906341704,1.4867538513588796,-0.6409202861076269,6.496688098771086,-2.5343534959389458,2.399047401200849,-2.0372646780469794,-5.436715819612803,-0.91108890578393,6.2777482721873445,4.624093958431685,1.3259297045956853,2.110588411314529,2.094521422319784,1.930089138230895,0.4502179264745054,-0.8542072711023918,Actual adjusted month-end return from Yahoo/yfinance daily history,Market Table annual returns from the same adjusted daily history,"Sep 14, 2026 08:06:57 PM EDT"
JPUS,JPUS,JPMorgan Diversified Return U.S. Equity ETF,ETF,-6.331481089429126,3.161039458396897,7.207581483322634,-0.1797942748136272,1.6207510641311984,1.630340803069985,3.260676013123631,-1.114504226010704,-0.066573115687385,-2.4777360367361,3.0295643838221586,1.473146872492337,2.212471884136047,3.9491162086420672,0.40374178518083337,1.062318142689267,1.762323383512987,0.5434439734477436,0.8176003042630775,0.2703162142943416,1.9159311018102754,1.8234835446478304,3.6530866679090446,0.5320690967524522,4.083938329296766,-4.114432668358415,-0.675676380638135,0.15785517595132692,1.2177525200864014,1.0566069211910945,3.1949110073529408,2.1276745047495105,0.10636733097046935,-6.251681008437416,2.1179470363572372,-8.4942925196988,8.524733294832497,3.3948554826764843,0.8656180274070335,2.6930996569460186,-6.003734246854497,6.632554590713791,1.2424959863325258,-1.9134281295733913,2.6089173611484773,0.7244781076535922,2.2688550296509957,2.6343365931053686,-1.4310915896628362,-9.284229800962141,-17.141019918499055,12.772869942399767,5.48918191463299,0.10182918309677991,5.519520043042236,3.4963302780604444,-1.9124164350634687,-0.6085053965439124,11.034000474050455,3.1019379974718264,-0.3706011091009098,3.39693026786414,6.307705735225544,4.052124601449858,2.2755464691282423,-0.05728315104766013,1.6900760599068088,2.390772816202391,-4.139539801846515,5.52261110928447,-1.5276797781758056,6.861900421020417,-4.281393713934212,-0.9162784981032401,4.234848770328115,-5.073232592640309,1.981441942539841,-8.990468427706432,6.928213536913486,-2.5447078085881314,-9.830617013404197,10.000016534274137,5.905361012116694,-3.9986127587291365,5.0643781004359845,-3.364139507502939,-0.2582335720432094,0.49678158562362906,-4.264825289714025,6.934152971687402,3.0560835113358165,-2.1566066707953024,-4.161188963639417,-2.7532097127497157,7.436956477135581,5.499818161661096,0.1518827203980333,4.06302736409343,4.983924219731972,-4.519478145805023,3.0652131614174127,-0.36858791129174007,5.056549365242247,2.8446747655292093,1.9461533697717748,-1.8876070399905798,5.414054888274444,-7.145638224772755,3.0891270434831197,0.09605362229134773,-1.709296977157504,-1.9965346337807333,2.574855757500294,2.667369075256243,0.1556907132732599,3.563154127775392,1.629683139993232,-1.852157228690099,3.5727598509630143,-0.886938422085759,Actual adjusted month-end return from Yahoo/yfinance daily history,Market Table annual returns from the same adjusted daily history,"Sep 14, 2026 08:06:57 PM EDT"
KBWP,KBWP,Invesco KBW Property & Casualty Insurance ETF,ETF,-4.182275800852253,0.369125863077846,6.559704332990535,-3.114194454492769,4.054654464613905,1.435599377190644,-0.12005575782038092,2.363334383729443,-0.8734606901026454,-0.039695133899630974,5.734132086105936,5.486990633383293,-0.34159482460719426,4.167424263248365,-1.1760227638342613,0.19296590249795464,0.31519573692753156,1.8643930093894312,3.045408637700997,-3.9238388888020337,1.153987849223248,3.0000050971192405,1.2051995562289752,-0.7111040074226027,2.6262528482743575,-2.9527659569682174,5.160294946843402,-0.6933153008317761,-0.9579249593019368,-2.0086825162639377,5.663874724543594,1.431525403088374,0.44779192661554834,-4.57966949883849,0.3780245600943477,-6.576994712565131,5.740013753122741,5.845985591172553,-1.7582066553716302,6.658036222819175,2.515159784001919,3.81985458716787,3.0793252972695306,-1.847949838295082,4.97798662529263,-5.977821977114283,2.330245127538544,0.8806847792099504,0.8266692529036668,-11.033938517167552,-16.265320065227574,-0.6589064045047555,3.0888958195142147,3.6320774101239017,4.333857840544453,2.7179639276435186,-5.850230078695107,2.0571069251060115,12.284969523965206,6.274391221142039,-4.42296171594958,8.075369997356695,7.187078298544902,4.742218982734614,0.7249454022584034,-3.1956261225254967,0.8263259675717061,4.891375037321777,-5.021647012525376,4.3655385858986095,-5.568852171280558,7.7433840999438175,0.8270554576914835,1.3049893645581623,7.390197292157175,-5.9248954587656,3.869141632914763,-4.04452095842699,-6.028115908961851,0.36729079279314014,-3.4924046498853722,14.910955460437215,5.157314850452588,-2.6236322191806605,3.9502592362054,1.2294858020470256,-7.590626456701122,1.2734190074253915,-6.476875656743896,4.245102130847722,2.870764837060924,-1.6743681060602533,1.9692686377227764,4.232550579651817,4.516945803389638,-0.7364414092786764,8.573637567970449,3.9076037246210005,6.006871943553671,-4.761025142519692,3.966082254438419,-3.699184537744482,6.26708655386552,6.163859226113466,0.27965903619062704,-1.367379960545767,10.888833678467824,-7.547384130062329,-1.8783374716871637,5.34773594494955,4.413318955237044,-3.8285541780035404,4.7154130811333905,-1.7997944575236624,-4.445170412841071,3.4932236972590403,2.1357273083580264,-5.90233169921105,7.080262286178218,2.637212423905133,Actual adjusted month-end return from Yahoo/yfinance daily history,Market Table annual returns from the same adjusted daily history,"Sep 14, 2026 08:06:57 PM EDT"
KIE,KIE,State Street® SPDR® S&P® Insurance ETF,ETF,-5.58272935997276,-0.8533990439193895,6.832364210434672,0.8376461160310322,4.640489239590928,-2.279201984048984,1.096870819631679,4.159121956892919,-0.659438078215302,0.2698932984482427,8.62719492855648,3.3395423108646405,0.4701670648298517,4.799609332418897,-1.2851327508478283,0.5585444783714255,0.08100800776373873,2.2009159704187597,3.8382885105006093,-3.335526958547852,2.150665997440049,2.333603776395732,1.5419532473172959,-0.9409559450690108,2.7035830500740543,-3.55218843327334,2.457875634664064,-0.4190744792877399,-1.5862756875765882,-1.590896160977251,6.409396460636652,1.0406905831888968,0.42425646201103007,-6.300690341425486,3.09590015756791,-7.917468995375265,7.366966842938627,4.005246594091028,-1.9791397220661366,7.605156272362512,-2.3759390358010446,5.156642293234603,1.8829286256554223,-2.7721788338872733,5.080879872398292,-2.3559558239735434,3.1977224448854313,0.28592483724219075,0.05645158696976349,-10.437239015509547,-20.895559778519413,4.612893625700676,3.757662543949447,1.5561503478557226,4.168222506666908,3.2993766415448933,-4.308528482212637,1.3913383796109846,14.320913887483865,3.9634967080914185,-4.109597355988848,8.664615264942555,5.237484342328558,7.121370331138865,1.3499943585092211,-2.595546398038373,-1.167627908020863,4.043053540647579,-4.191137921895949,6.749593601564885,-5.281428960219959,6.265582617069243,-0.9412692866608063,-0.1000327507164056,5.596759315972366,-7.328101379544371,2.875478575252588,-5.073272772023152,0.6076671607567308,0.026253744909188192,-4.604940922080914,14.376537266219302,3.045711345753177,-3.287686426051928,6.10499355808809,-0.345212770402592,-8.782583076385809,2.7439090100552344,-5.687445176708583,7.5864839542653995,3.913897488621232,0.14124717293499955,0.3634856431456779,0.3996207561872467,6.017323225782212,0.3579695421808138,5.042019020799793,4.694712621766728,5.106982780134772,-6.702511479622364,5.3108164905874,-2.254822582328986,8.850097046853133,4.129796168930366,0.7779097855547867,-1.2687244013992238,10.601474612248207,-8.315262907256916,2.3000809402909717,3.891373970005496,1.271019712987398,-5.501396490590283,3.391597663586454,1.296644275169112,-5.256105765181196,3.9929274366516054,1.072848852856212,-4.9393200258718295,6.419579360314187,0.7557623519121703,Actual adjusted month-end return from Yahoo/yfinance daily history,Market Table annual returns from the same adjusted daily history,"Sep 14, 2026 08:06:57 PM EDT"
KNCT,KNCT,Invesco Next Gen Connectivity ETF,ETF,-12.218391480679369,5.034539765011514,6.202994913048054,-0.7374564004129169,0.8915433494515623,-3.233470264928684,12.545864936411322,3.2082741864820408,5.821909045280527,-4.032838148829809,5.369668064263999,-0.6154928096448131,1.7587629167024055,3.7487687735509256,3.073676730714503,-0.2959303925303747,1.6895135507656311,-1.4823317650788814,1.2832022152405198,0.8371143483741683,1.8745955252343682,1.411554244381974,2.4141092403011877,-1.7413409390594992,4.841121185588126,2.76229412979887,-0.6418750514766924,1.2719439185147507,4.505566952425766,0.4854950709711314,0.3044208283980998,11.058393528436671,-0.715968723674909,-9.584543793368528,-0.9914504362824927,-6.146978312421814,10.295654312399162,9.20334219383414,1.4140757560861639,7.072582208749867,-12.719776122574666,6.542279136584073,0.8363325599849425,-6.0934637023167815,1.5751115079021716,2.5208347642676987,3.5843978837132084,1.7118298605348414,1.923078461275951,-10.611192636539323,-8.095946989378355,12.78476658527512,11.910137562869139,2.266214268113176,10.502281978582717,-1.0605681597600891,-4.599939371163664,-2.7915959726306894,12.719935839279461,12.650429402046882,1.9182689046582269,-1.731128703322038,-2.494652880365811,3.577042382331208,1.6038238304778352,4.60883128835099,2.8637613978641063,4.261693293441837,-6.172343403835323,6.567437790809927,2.90673777589856,2.41580154234462,-11.93663961415037,-0.49957863302321215,2.88953538126977,-12.39506477331962,-4.62918046348112,-6.1605781161397255,8.502571084094356,-0.658396553172369,-8.636601200314209,11.180826467176285,-1.654712175241979,-7.421106666708111,1.8274645290687008,1.9198933399915186,5.0095479212919125,-6.0444698455231265,5.118988577962069,4.71175442922902,1.6214068396253278,-0.3215694519865586,-5.038108933552676,-0.4711503258137739,8.349766560882133,8.968768975490082,0.9734717165125861,2.3714667178865056,2.2219706960061814,-5.567372661630332,4.68046965525335,6.952401038581502,-0.6358526212035587,1.7572244986067576,2.172555737737425,-0.4018742461337821,3.385491849617317,0.4820918720476852,2.2820080081580763,-1.1620245138807217,-5.281852912132889,2.18926569948108,5.725977719357722,8.498822544990837,-1.0220547589252726,2.2459349263784123,7.1098471958381815,7.982024444627167,-2.2548098635165936,0.17789217704029525,Actual adjusted month-end return from Yahoo/yfinance daily history,Market Table annual returns from the same adjusted daily history,"Sep 14, 2026 08:06:57 PM EDT"
LCLG,LCLG,Logan Capital Broad Innovative Growth ETF,ETF,,,,,,,,,,,,,,,,,,,,,,,,,,,,,,,,,,,,,,,,,,,,,,,,,,,,,,,,,,,,,,,,,,,,,,,,,,,,,,,,,-10.126789487502696,6.408402784254563,7.394825625277668,-4.880229191685503,9.498447887654882,-2.917845406285824,3.6129186297788385,-0.2538173912071451,1.3965011126201299,8.971672921635921,3.5147410018463443,-2.2803801654242117,-6.282516357140267,-2.3136114998744017,11.386113424526268,8.17193770115454,0.6375613331086161,9.024572955353882,4.2122624591678814,-6.6455494942114,4.606302701437803,2.734949745920634,1.7927798508571513,1.4658993262647968,2.474875873806215,-0.35143773705417214,11.191309916635173,-1.8450933797645508,5.45885038345959,-6.753772386833489,-8.82763377126794,1.2768658424670454,10.460826225000798,4.934691440048433,3.1380602193447515,2.9594603789264484,5.541910148534268,1.9489722609359772,-1.0207269951819864,-0.7422457199796173,Actual adjusted month-end return from Yahoo/yfinance daily history,Market Table annual returns from the same adjusted daily history,"Sep 14, 2026 08:06:57 PM EDT"
LGDS,LGDS,JPMorgan Fundamental Data Science Large Growth ETF,ETF,,,,,,,,,,,,,,,,,,,,,,,,,,,,,,,,,,,,,,,,,,,,,,,,,,,,,,,,,,,,,,,,,,,,,,,,,,,,,,,,,,,,,,,,,,,,,,,,,,,,,,,,,,,,,,,,,,,,,,,,,Actual adjusted month-end return from Yahoo/yfinance daily history,Market Table annual returns from the same adjusted daily history,"Sep 14, 2026 08:06:57 PM EDT"
LRGF,LRGF,iShares U.S. Equity Factor ETF,ETF,-5.987487616923792,1.3268287149219793,6.285492352655586,-0.82135034470604,0.7867297466558121,-0.052353886205513955,3.5094639354122714,0.4388015138049317,0.6552012641930727,-1.8512100286292688,6.098574419054281,2.078620320420499,2.0958175584975036,3.4457476382465657,-0.5583369603909483,0.858989927851983,1.809815436878215,0.45180808249813964,1.9163630970079781,-0.20512006125313897,3.0012716119119265,2.873381185514967,3.7349687404882426,0.015825439798922147,4.026415247199333,-3.628657322366269,-0.7902364979544885,0.44443545556023256,2.0543468912137097,-0.5783856419117162,3.1591939729714413,3.001811801746168,-0.681149550417548,-7.376579196107658,0.3532457065563044,-9.14136667705321,8.793961697756792,2.672404116469962,0.07860467152187578,3.061565886672035,-7.598511111078643,7.960746972475263,1.1335102814828302,-2.6151850823943,2.6015461970109177,2.7568824719838014,3.5365871720286046,2.067071373011209,-1.3051333855105152,-7.963554109918469,-15.059454019299567,11.53121204905907,5.457612781153087,0.3147097894781181,4.795609204951812,4.8833303612743295,-2.4095848592665114,-1.084331907211955,10.14005303833505,4.444392990321133,0.31857943190380933,2.6197595664392725,5.067030172196607,3.567906320234071,1.1166571567922334,0.8506307615579578,1.891184703494564,2.7497755048829786,-5.74053170349621,6.027509473958115,-1.5890577019942564,6.279867663845362,-5.884893447569994,-1.6886997632774015,3.639957306817365,-7.014378822514711,0.3626389408936559,-8.364812277207855,9.498664605483388,-3.6144538461942544,-8.972966109581314,8.448379459893518,5.651723107385398,-5.577245353795535,6.408621819876825,-2.1922498497924603,2.534315158228262,0.8204629867246016,0.23937184894462504,6.776137045177899,3.4335861392361666,-1.5621765131162202,-4.096262657599081,-2.516174076632949,9.022034549317626,5.312882902067373,1.8016358489327589,5.716018396186118,3.873510327305185,-4.385806884280186,5.286703110416946,3.084178230155077,1.5442583018318246,2.0689807736910426,2.1949091815434363,-0.5615066649258482,7.032847181871782,-3.201491334671547,3.413436273784831,-0.961397601180769,-6.091246915729731,-0.34554822405575836,6.119975972589953,5.085543722751251,2.1830681348606884,1.9075249777127823,3.7423791491973057,1.491020805008847,-0.6846550129409601,0.07944674028488308,Actual adjusted month-end return from Yahoo/yfinance daily history,Market Table annual returns from the same adjusted daily history,"Sep 14, 2026 08:06:57 PM EDT"
LST,LST,Leuthold Select Industries ETF,ETF,,,,,,,,,,,,,,,,,,,,,,,,,,,,,,,,,,,,,,,,,,,,,,,,,,,,,,,,,,,,,,,,,,,,,,,,,,,,,,,,,,,,,,,,,,,,,,,,,,,,,,,,,,,,,,-4.125568921338729,-4.795548688571105,0.6096258391047993,7.038591173959374,5.109072103711765,-0.4270510178426168,4.048399970629557,4.717901874886787,-0.9727696635260075,1.9967967670396547,1.0401146769967173,Actual adjusted month-end return from Yahoo/yfinance daily history,Market Table annual returns from the same adjusted daily history,"Sep 14, 2026 08:06:57 PM EDT"
LVDS,LVDS,JPMorgan Fundamental Data Science Large Value ETF,ETF,,,,,,,,,,,,,,,,,,,,,,,,,,,,,,,,,,,,,,,,,,,,,,,,,,,,,,,,,,,,,,,,,,,,,,,,,,,,,,,,,,,,,,,,,,,,,,,,,,,,,,,,,,,,,,,,,,,,3.0120198876322224,0.9359412133584266,-0.25169231089725574,2.818318649511431,1.061830228255678,Actual adjusted month-end return from Yahoo/yfinance daily history,Market Table annual returns from the same adjusted daily history,"Sep 14, 2026 08:06:57 PM EDT"
LVHI,LVHI,Franklin International Low Volatility High Dividend Index ETF,ETF,,,,,,,,1.1231538338015712,0.2776697994525401,-0.5538018583954973,0.11929039291540544,3.17048467099037,0.7778746484721433,3.2365146119990307,1.5656903376794151,1.1989941003408555,3.244619049071451,-3.17404028760474,-0.5115312483314649,0.6227904392260841,0.7242436003362052,1.257172453523392,0.6739811345047642,0.1297568025215412,-0.6281303603250077,-3.3103487333221993,0.4541688882289785,1.4599559923857308,-1.5857700005604936,0.7349810134460677,3.505485661361152,-1.0306069545975904,1.2233178259191346,-3.28540133995473,0.4293624954120112,-3.0654504534271654,6.235731643101405,1.053054182586366,1.1929163380101748,2.7582533641165474,-4.323310225028266,4.573412797141363,-0.9394431466964503,-0.9598033220325708,4.348250248464125,2.5968092448195534,0.07661834514163246,0.8061088739721667,-0.4681551764594061,-6.453424941832841,-16.536325330024905,3.2398132365540455,1.8501677022685348,2.8271702191135173,-2.452285110379304,3.826519527538963,-1.222838868604137,-3.2422268584934244,10.240626400714682,1.7630849490675837,-0.5254015748583862,2.6538489709887925,7.154081491445674,-0.0788306755553192,2.9191395710438384,0.28919640339937214,1.591302066378808,1.2989615945407929,-2.690309444183525,1.670562031812839,-2.104865039338155,5.080920146048551,2.715955907127765,-2.085925371480557,1.406898544495494,0.8905500760551854,1.8389065540651561,-5.3062369117569785,2.0678856393625766,-2.140688794798129,-4.936240003909487,4.97514777991066,6.990507406537838,-1.8723462762387344,5.127224464677549,0.0,0.8147001681187094,2.8189879879307878,-2.6695513634438783,3.01089477538532,2.8686976853123713,-1.9663937598745518,0.5879739671049933,-1.3206188749953385,5.092964708912762,2.1953826121513753,0.8676795035517104,3.082436601115157,3.679324072847545,-1.0409697566217235,3.630826793317854,-1.4921500552255051,3.2726193342442755,1.8948037429245446,0.5318766453790813,-0.6435046938935152,1.748693801730461,-0.47400652524612896,2.4901747901581173,2.557535616893447,1.3046654037679462,-1.0194637086039626,3.464425496374046,-0.1692343205562996,2.4577403490825933,3.9730144487930996,1.17331105861056,2.0143899836758017,4.231309935525385,1.892228408465102,Actual adjusted month-end return from Yahoo/yfinance daily history,Market Table annual returns from the same adjusted daily history,"Sep 14, 2026 08:06:57 PM EDT"
MAVF,MAVF,Matrix Advisors Value ETF,ETF,,,,,,,,,,,,,,,,,,,,,,,,,,,,,,,,,,,,,,,,,,,,,,,,,,,,,,,,,,,,,,,,,,,,,,,,,,,,,,,,,,,,,,,,,,,,,,,,,,,,,,,,,,,,,,,,-1.8347354621095824,5.982803219751109,6.356046802476456,3.4960240940175025,3.295605316655492,2.3041837045124636,1.1650888253893044,2.4488880869969476,0.8564224405650744,Actual adjusted month-end return from Yahoo/yfinance daily history,Market Table annual returns from the same adjusted daily history,"Sep 14, 2026 08:06:57 PM EDT"
MGC,MGC,Vanguard Morningstar Mega Cap ETF,ETF,-4.974171029849462,-0.12067555933046314,6.435346293996358,0.4279546641223986,1.7472036350363762,0.35073023206411147,3.6079130949139504,0.13496489825193247,-0.017134453331302257,-1.5728865253773372,3.5404180686093856,2.1909809718664075,1.7814899426449538,4.079817486643167,0.14655185804828275,1.0662738994356102,1.5090213042179945,0.6656758348950076,2.050910506281056,0.46108549525025744,2.079361404655544,2.4921833444724317,3.0197113389700325,1.2733692070047598,5.948365454882953,-3.4858519764716545,-3.0986015212807194,0.46363900580734807,2.494205979448205,0.6119437411939321,3.822663672514093,3.4034665099257344,0.7087477400577358,-6.6474270496672645,1.9187587590838273,-8.571506057402045,7.539113302903844,3.0397125676810077,1.9803517974983142,4.0945930071180525,-6.352634009540692,6.871586277747466,1.5604880156885326,-1.5267592464089264,1.8269466461036776,2.3731657122587846,3.8556876723329525,2.8856189769175256,0.4117493416258,-7.898023524066167,-11.514244064502277,12.821634591614806,4.688120043091537,2.3371856629051724,5.6738140483331145,8.403938738573258,-4.0478618626927805,-3.069235137546189,11.134072129725304,3.8004104141899697,-0.9591372400784892,2.088207013958643,4.2552840032167305,5.419637224480089,0.4870621794720087,2.8688035553346314,2.500975552911311,2.9650998273499596,-4.903592373695598,7.238047476045528,-0.6608721979334709,3.879241298420011,-5.312943148744731,-3.3867495420502047,3.7485781748658242,-9.406431984321106,-0.2082190958819896,-7.966832173729355,9.17227289737399,-4.259907707936006,-8.979860308515486,7.667046527045129,5.283097501060929,-6.002196238362512,6.125397339613325,-2.313015802943308,4.66428810789048,1.879245119082773,1.405762767987473,6.173059214958343,3.4130118696895417,-1.2608437723001242,-4.589466626612504,-1.7185809889354253,9.312586896640806,4.169978904963645,2.2034344364760816,5.323404903895335,2.870958302941129,-3.8529461064545023,5.220687611886987,4.684347235040254,0.4409822031504973,2.4525626782188947,2.088943943857857,-0.9436715465514611,5.750177018533309,-1.4679255731181784,2.6850335740329134,-1.401282012795435,-6.196888743751606,-0.5412739308322534,6.730244466420032,5.475542652292753,2.3741810941351194,2.088945358732275,4.085504396332906,3.064449654884971,0.03179156372561387,0.047363602327354926,Actual adjusted month-end return from Yahoo/yfinance daily history,Market Table annual returns from the same adjusted daily history,"Sep 14, 2026 08:06:57 PM EDT"
MGK,MGK,Vanguard Morningstar Mega Cap Growth ETF,ETF,-5.57560231065427,-0.5866658383319789,7.012740931338013,-0.7578253358778486,2.181821527984318,-0.6346592126667661,4.720832700362432,-0.274610406347342,0.7626244814147531,-2.2176517604174495,0.9702841491654901,1.3180682052852388,3.62761349485059,4.719143062454556,1.5050264158177784,2.4135358959148867,2.978982249425144,-0.5324172434578944,2.648437247355928,1.314342136632085,0.977330593561021,3.027090781349817,2.493300835157397,1.0581605728432697,7.3564776821058775,-2.802884745829548,-3.168548600961474,0.40983797357383445,4.649526945881943,1.2398468676054986,2.605693010354071,4.702242618996566,0.594483485921371,-8.761797872859045,-0.05133161761341487,-8.343024511949737,8.840336021709504,3.39140357289911,3.3384147452129476,4.712511323009871,-6.589353253450558,6.799505119996274,2.363289414042158,-0.35460384463485983,0.4467289404799457,2.625334365083809,4.183851861004917,3.239181205767183,3.494412820006265,-6.248741868011464,-9.857904985330023,14.99056156461307,6.459994546200454,5.297742019643081,7.657026030985548,11.378750294176875,-5.298663141415005,-3.425020868575601,9.662092834541758,4.0018090686317676,-0.9717749626623307,0.19328222137695583,2.565542310493618,7.190783837348125,-1.5272883621374578,5.982519862693425,3.526674936130769,3.7864145099886892,-5.44633001692163,8.236801365240499,0.940423456024897,1.7568007215007508,-8.651628002520074,-5.272903815370611,4.43389912327945,-13.21580713878795,-2.535635207948872,-8.610426804849336,13.484485863972573,-5.315482227467127,-10.552803983790016,3.7867619040403477,4.494454515951962,-8.791933359893921,10.722379616163046,-1.4591557846895475,9.09046047826294,1.770062752141821,6.06353238214723,6.725892363593644,3.2296644625435134,-0.6669053454525287,-5.839803342173644,-1.0973880763365473,11.621577005352336,3.774054436392671,2.5162773606405953,6.8147679904736025,0.9639824660421015,-4.556703521163275,6.945703164726003,7.508845026035926,-2.2914744086819816,2.4950370274588574,2.432484981636529,-0.633645011166617,6.286142267398365,1.1392600454081414,1.3890094616570314,-2.8088998635320217,-8.62595096146629,2.120556349012337,9.209652892240626,6.40823729303488,3.9271450255950358,0.8960646319930321,4.895779621361829,4.547491478111554,-1.5235752767611577,-0.2768187560127089,Actual adjusted month-end return from Yahoo/yfinance daily history,Market Table annual returns from the same adjusted daily history,"Sep 14, 2026 08:06:57 PM EDT"
MGV,MGV,Vanguard Morningstar Mega Cap Value ETF,ETF,-4.421455203562285,-0.10635668218967886,6.327474973525882,1.5284099125742356,1.2241410729856073,1.2438736536246608,2.6478465021697817,0.5380093281983633,-0.6668073426692067,-1.0531217055672726,5.805505723795612,2.99955999944721,0.19376334643244064,3.615008818078036,-1.0419156517340489,-0.16050628396250266,0.16076432079974445,1.8148044384807882,1.614762924086044,-0.4540322466801583,3.057129574146744,1.9640416244540049,3.415329007276746,1.627791552689306,4.6297903653758965,-4.3749333279208935,-2.6580271785268894,0.4590734367273752,0.725778811324651,-0.08905150686286945,4.999335719143438,2.26543910796424,0.8025764284543158,-4.660139635570304,3.5906129302504697,-8.917578304341022,6.422292577295119,2.7478153241759617,0.6166664958906054,3.3448281109351496,-6.0019590522292,6.962455869694395,0.8322720300923736,-2.8335487578798335,3.2585425308370386,2.1826732639089075,3.5337987554718175,2.6055822567875087,-2.6611824112641735,-9.439079952937867,-13.411403101773834,10.362039235924914,2.5943810675369994,-1.3185617196728838,3.195834529918651,4.420338033186022,-2.209151098692874,-2.5554179952473555,12.777676516025105,3.787701266617982,-1.0020726187152218,4.421171685051273,6.628793562766333,3.1932461973134263,2.9010554355515916,-0.9061559952932563,1.1342777105430413,1.8957965831689183,-4.0866454781167905,5.753701496224628,-2.8797712051936153,6.950500102079005,-0.9548799855552903,-1.2381852263797177,3.236130136749815,-4.8639695512901255,2.223320930539585,-7.26709354695636,4.626738007859221,-2.8719050672813218,-7.324149676833446,12.100997664512159,5.97283045279795,-3.049952465629524,1.7403974044840842,-3.1345564661074965,0.2716053030951793,1.8808227460782145,-3.808787136130054,5.485105146446423,3.5370029154831117,-2.0943854348280166,-2.960469147973732,-2.3076945247125558,6.167967312349765,4.738985812389895,1.6092199339957203,2.9694988452565463,5.060528367572159,-3.6984352010866695,2.9107679142026166,0.6717655061513117,4.514755433975481,2.8825355773593575,1.2489830487077969,-1.3642089113518163,5.4927711939616986,-5.876433546306393,4.683370806854192,1.3612859086914897,-2.2759386516316593,-3.9739137268373304,2.5945710767862007,3.9007757256001696,-0.4192171422837343,3.413714616284391,2.469138080329847,-0.3121916107662437,2.5416938168113745,0.8388585860087172,Actual adjusted month-end return from Yahoo/yfinance daily history,Market Table annual returns from the same adjusted daily history,"Sep 14, 2026 08:06:57 PM EDT"
MLPX,MLPX,Global X MLP & Energy Infrastructure ETF,ETF,-8.096493580525287,-0.5404772239652411,9.847045957291666,10.966044393262763,2.7933320241421145,6.640895309987194,1.0861824323605385,2.453276627108747,7.349848552411387,-5.595809550645869,4.553459988489483,1.5928680701412734,0.67340789069259,-0.9000526247208485,0.5453012449070593,-1.8983132016267001,-4.815020674934356,1.2472832842158832,3.2608449975090936,-4.092160049606031,1.9216287241761165,-5.003639495752699,-1.015977035433302,6.0730360156396435,1.8395592266507332,-10.209183882236994,-4.2310782537513525,6.287161978863143,5.671423380578333,1.9908581798466551,3.978910415942405,-0.21531773554910316,-2.196183033842858,-12.050902986178214,4.487688682704594,-9.635413392034465,16.102474775393727,1.1761164163876847,4.1041916283571345,-1.0614094149158593,-2.120432597386168,2.698413137267197,-2.704791333109491,-3.5634312326477735,2.8428252113759767,-4.63415641613768,-3.1597797047669407,9.83897907129041,-4.967419648872806,-10.114413959369662,-40.50388588338916,33.27902089082326,7.189567400608277,-3.2283101169402473,-0.040188398340101905,2.822422916248768,-11.7858665893393,2.08337943030914,21.03353806102357,1.2396869892026485,4.563979789916606,6.137422013918048,7.739522239683216,5.221514013991535,6.512603809311446,4.185801464381256,-4.678042876892297,-0.7752788501915409,5.964040869255416,6.2412765758895095,-7.308738059430054,1.3278534886002502,9.003387780342642,4.548178715251061,7.498708029330348,-2.5046633425404474,6.643971260662052,-13.129700245217057,10.364736805133056,0.6750164410501691,-10.270540830331443,12.513337269625158,4.242404125632193,-6.061307867780763,4.219809651303086,-4.221664689209681,-0.49814574869181394,2.2778314085778906,-4.138246836651027,7.722172891657908,4.137617564313012,0.14971410036874744,-0.8655049007513571,0.07079832613421377,7.431209154630403,-0.7120731003833702,0.15686725368508903,4.015370409564478,6.848422007598387,-1.0002268221238508,4.013334829466109,2.5512299723138288,3.9569097653535668,3.6018924187601,0.25786949074746435,4.299111858030158,14.541043345392257,-5.762252959364245,3.3850623798138857,2.075223224932543,0.9492204438518836,-5.735776888547816,1.9582793084892414,3.4164007300360844,-0.7660421458958733,0.17471557125310344,1.8846481078314437,-6.617754530845299,5.23541538208252,-0.4088512037478398,Actual adjusted month-end return from Yahoo/yfinance daily history,Market Table annual returns from the same adjusted daily history,"Sep 14, 2026 08:06:57 PM EDT"
MTUM,MTUM,iShares MSCI USA Momentum Factor ETF,ETF,-3.8068024794875477,-1.2765500683493913,5.307281041345369,-0.6292935106120501,2.450407724783532,2.951206341414103,2.6832316227586306,-1.491363933118628,0.493104402567357,-1.9387326102200286,-0.5931221468061465,1.0952204045292957,3.1505628181080603,3.7955009665387562,2.0523850272302635,2.5771233444574104,4.765289595966582,0.3453655326018712,3.476189181589673,1.467731648118109,2.8088577413252214,5.037588529070081,2.7960350916023557,0.12254161337839076,8.222648667344501,-1.460446775725166,-3.45275808549369,0.500350368680258,3.4476534082880317,-0.07150286060907396,1.759356263570111,5.867614443073088,0.9186496424253399,-9.857133170808385,1.4169565917077076,-7.514457554663723,6.455142367907563,3.3926836564534657,2.1171284717233174,2.255329637347625,-2.1968356685900026,6.120788604906435,1.7959550539323965,0.2650528529716034,-1.1383678508555595,0.6456945506113865,3.291130116566454,1.6965620205143361,3.7432150686915744,-7.185621602863335,-11.533453299793205,11.701727069425093,5.868500625567807,4.324409493193215,7.015256753039822,9.48001214255132,-3.8025024798492457,-4.185882996229273,10.628058787462692,3.43700607745121,1.5934261670531802,-0.5858460748924821,-1.1940438972303014,7.055822803556677,-1.0568510383341612,1.8595148130881256,0.9225339488712514,4.119309347919042,-3.4672305526424085,8.587701656676462,-3.9490367024715423,-0.48399927683530075,-9.030896891312423,-2.678379751128235,4.773238574213456,-12.681991401910441,-0.5989344825933163,-6.3899781402683375,5.16975320414006,-1.9941437983181265,-5.954943880813445,12.547675595652109,3.467861313946341,-3.927011564161187,-0.5481998833433033,-4.037765725236586,0.432903476290436,2.394980193590901,-4.82545466533868,6.876342793589929,1.7330762713554604,0.3066545638627405,-4.818772345203648,-1.624934977043735,9.226532775144424,4.756019143769286,5.583518691146794,9.996998792192269,2.9101650888609942,-5.4657104884417995,5.358262958538917,4.540089541615,-2.001345511990893,3.351305999271559,2.95405044658843,-0.17260209540013172,6.971006288711279,-4.10176658724537,5.900842008551477,-0.3194583404638407,-7.22307940773389,3.7104779962125356,10.451747257772181,4.004742915504389,0.40362600295027473,1.0112276398697606,5.469084707706062,-0.8695701557974833,-1.5616367890066263,0.29496938411501805,Actual adjusted month-end return from Yahoo/yfinance daily history,Market Table annual returns from the same adjusted daily history,"Sep 14, 2026 08:06:57 PM EDT"
NANR,NANR,State Street® SPDR® S&P® North American Natural Resources ETF,ETF,-5.173098664104526,11.95974630159229,9.220380308901067,17.536007779126894,-4.96350026876754,5.512883909751132,2.8013965512971417,-4.408593361383684,2.0298416349118664,-2.4868361417365814,3.9903967398833506,0.7573386242698321,3.882907058817864,-4.025290650299418,-0.13482016653704187,-2.294901716848885,-2.5483392735869193,-1.7167585136846242,5.517905916660593,0.0,3.1192900826060743,-0.3855544085827778,0.7145088453673454,6.206211515725757,3.37278314264704,-8.909836965309758,0.5989752164865303,4.6740229820713575,2.8157022960377587,1.2936456957722386,-1.1535268501777662,-6.499045163858785,1.9286129027023202,-8.95042258032548,0.44829835343120905,-6.458104313583224,9.492770331500822,1.0053173285335726,1.6848704269977421,-1.0432606783634668,-8.651162388606748,11.491916200574327,-1.4755647271560979,-2.215272044516725,0.1850641676384157,-1.2357422465609669,1.6446268831446842,8.352637492272885,-7.296973417710529,-10.307564160816018,-22.07884588776663,29.688917119403314,0.4620940154290043,3.336754115379792,4.157508954362332,2.149290614477417,-7.727864246301708,-2.469443811397254,16.218936633799586,4.0815422289373515,0.030179650585115958,11.134609877669943,4.507187220579101,4.889578043568066,7.6736180040039015,-3.325506373631426,-2.9495262559899316,-3.6484521659957303,2.3907317999513955,10.143120196790957,-3.182145870352826,5.343065758495169,7.498307174752061,11.371785758339236,10.115775575723497,-3.653911292475409,6.028621353913777,-16.23979662689382,2.7833976088189605,1.3441587446866299,-6.982655636987534,14.489417509501079,5.9706947237577745,-4.611226475848229,6.658057795089456,-8.594146847747519,1.4566823837457221,2.591829307985516,-10.741544839322303,6.405813570929797,7.320924821296515,-2.939532117556587,-1.3325513844886339,-6.06525279196497,1.650912874623689,2.308888990336677,-5.60413789787736,1.1840388362474696,12.050913514387119,2.1253211466965682,2.8256113765345425,-4.168049525112194,3.4001661581507525,0.3533369493073035,0.1963928774175061,-1.6952206097720524,3.572848234610859,-10.26214463027989,4.263267686716921,1.2084846894145906,2.9258011621184687,-5.38802912500147,3.1073329390009174,5.573162147544752,1.2747120557826008,8.414978726796152,3.8817148611782537,-2.2955566845928366,6.208815326473283,2.2363851856938455,Actual adjusted month-end return from Yahoo/yfinance daily history,Market Table annual returns from the same adjusted daily history,"Sep 14, 2026 08:06:57 PM EDT"
NXTG,NXTG,First Trust IndXX NextG ETF,ETF,-9.15844436444424,5.5404257294611625,6.683872356784271,-3.4955604529886553,2.814149035006319,0.6950914565244437,6.486539057674312,1.6497507226420183,2.8537546076037312,-1.439040658347579,-0.4454172279972135,3.4653873275529934,3.6903067115265475,3.72181989318221,4.485323751005055,0.6009810415319894,5.227224114346529,-0.7428336502961486,1.025211200939613,-0.18265779305459695,2.0590617150054724,3.0975024137740226,1.1824374704201057,0.9992734501399481,3.2183816993507586,-0.9279683633305225,-1.5736469923623209,-4.872463390869674,1.0204178496572736,-3.3111313625560523,1.6036001158739044,2.063965113225019,-1.477521715818797,-9.333863113266382,2.8361121396807354,-7.109948619166417,7.911976253894215,4.403479068926641,1.142711591428558,4.6425856750599515,-9.776222023527792,7.050112451925905,2.093939428935787,-2.3695869768653566,3.0069244246974547,3.6558840344173227,1.4184045589666683,4.238719650810907,-1.9304232669485,-5.385322926850932,-8.318000182195973,9.708487062608562,4.024258434010197,2.681824684298739,7.768586531602284,2.4539964781494117,-1.2316864713294295,-1.4527162643964808,12.10146806315191,6.231079173527609,2.84682960926117,-0.42150787740404816,3.0901679277625327,1.5603334755432519,0.6468930805712203,2.4696075712658416,0.23582446185217432,3.633487888611975,-3.5110395301550024,1.0483579607599935,3.4106976546249834,5.1682019821504666,-5.677277270344971,-3.080090610560271,0.7030918415839027,-7.986843612884098,1.9447960569827227,-8.835886472597721,4.407204146162158,-5.202156739543207,-12.059026765427783,3.6644469514997224,11.401834976905878,-4.840775608694992,9.19972659308832,-1.6068396248660854,6.135588247445178,-2.331258249774082,2.1511654997817153,4.204160320867878,1.2120473626986872,-2.7529307836001493,-3.384126455524028,-3.1830321431190023,11.232900263073574,6.032386674169854,-1.79853552835465,3.0922202774229746,2.090978829879453,-4.756498735736148,4.901323951454906,3.987947911978451,2.4289103114117028,2.6930277941402236,1.8119155457562819,-3.137162351466427,1.3357140156275316,-0.02221447901147311,1.313159190078994,1.0762648217668147,-2.749710017343132,2.368617451476851,4.765743876765627,7.533944757061373,-0.9661933479447771,3.362731407089581,4.52056153482554,5.965829615573881,-2.9334071249672244,1.6426294490564874,Actual adjusted month-end return from Yahoo/yfinance daily history,Market Table annual returns from the same adjusted daily history,"Sep 14, 2026 08:06:57 PM EDT"
OEF,OEF,iShares S&P 100 ETF,ETF,-4.7273669392319695,-0.6217284992491745,6.398210030330143,0.38309938207319316,1.6462989180290544,0.1974578227064594,3.778253896238004,0.08295142400711608,-0.04932287332607421,-1.3759862652712784,2.970085374341691,2.4978971975749387,1.3494723046043822,4.491247245196428,0.03659823192621037,1.0124450246367545,0.9928088533631696,0.5956858747474536,2.114131107287598,0.705371935986876,1.7374787701345484,2.4079006313689977,2.939150619785047,1.5983779361070871,5.849625371399503,-3.8540910152216945,-3.5074526082149005,0.3448179491649661,2.7150163763196566,0.5540826708101854,4.063566214319114,3.848613822548841,0.7227836090450523,-6.488185731465135,1.4850261429163902,-8.84175614006143,7.092273372663982,2.9721864468863934,2.3313695434964865,4.3742007269679695,-6.653414916670464,6.860784275084586,1.651356684119576,-1.6776746282898047,2.0054939276860306,2.791072776874959,3.8251083686255516,3.1555847131327086,0.41642398630656885,-8.176130350501543,-10.24400839044034,12.56110660590679,4.186626506469904,2.7778034280253605,5.6733768721487055,8.91694285961564,-4.605124299515772,-3.1785739089273846,10.193639459884274,3.7260089543233565,-0.5010444350594612,1.3292033440451156,4.252853882727559,5.594155775049403,0.3949608118280157,3.175211938433442,2.507936327315341,3.4708939550066376,-4.818916873680045,7.465558942096684,-0.17908741195546973,3.7521036533576746,-4.641085462293337,-3.8428292532163844,4.087986841174351,-9.960682064493408,-0.17577168792314302,-7.695594009458406,9.340756806492866,-4.4914728858264645,-9.387494581946354,6.904596149386011,5.1231970011394345,-6.2127994087646465,6.396190237595345,-2.12143941261127,5.682884191930504,2.1653203247836927,2.5328194224337075,5.995521586971231,3.4482724532486353,-1.1904645516851664,-4.858256404579597,-1.5550158703573236,9.163628755907327,3.9128189971691985,2.3456639104052046,5.480476227616116,2.9003808375832385,-3.625562685611794,5.791807988421915,5.032957713268416,0.3405338259441004,2.2737173126958776,2.3476678414909413,-0.6359346450442782,5.509095741032843,-0.19258806435097364,1.9768030627609567,-1.4530193559446847,-6.504199706539627,-0.7532349738338273,7.28450469762949,5.772026521571627,3.0228239051893757,1.9582255949145422,4.340685524575427,3.7495569007751417,-0.34461497593365475,-0.08952686632295315,Actual adjusted month-end return from Yahoo/yfinance daily history,Market Table annual returns from the same adjusted daily history,"Sep 14, 2026 08:06:57 PM EDT"
ONEO,ONEO,State Street® SPDR® Russell 1000 Momentum Focus ETF,ETF,-6.239455209444711,1.151094761245175,5.435844997587869,2.8455232653805673,0.7410726354040831,0.13280092543517252,4.0327921330433725,-0.7879137478451148,0.05158061442769313,-2.113233802858605,5.498971613508163,0.04635238549932641,2.500751525044187,2.936743124825525,-0.029244578651277386,1.0683472604375854,-0.0028964072722237333,0.07383700335341636,2.034448857233806,-0.03542843295295528,3.186239073074937,2.2790130070529546,3.9028047467228655,0.841890936757661,4.40043049411083,-3.9185585670256984,-0.27962512782269133,-1.0617813360430994,2.132382853583392,-0.029487807504346986,2.8226847570709923,2.6652907409128623,-0.8095486507838756,-8.71960278720626,1.1364582101655474,-10.331960537002228,9.43887470395175,3.5585634830616275,0.5501975157977457,3.267653366448009,-6.959411677921523,7.109491426695702,1.396421979517104,-2.409709083308975,2.2841128441557945,1.211353092067613,3.3930487643955454,1.8635823319899325,-2.0417419649747637,-9.791075487036583,-19.56283179545516,14.782100096456062,7.002708503040078,1.714872268023937,5.293844128789771,3.7922601686263713,-2.3121231753440274,-0.21907846042067414,12.05022286512838,4.496975984990881,0.18709769992555358,4.555506126138242,5.468915046157008,4.4365579328566,1.3266428299897548,0.13475618292220215,1.0390082218354246,2.971785069028998,-4.586734610974341,5.630687676093071,-2.0974713504118614,5.063280614421983,-6.42049611876817,-0.9116267032704406,2.03791619208038,-6.692785246480737,1.707971948560938,-9.256294439377788,8.66185131568129,-2.406194289306518,-9.259614118351733,11.209005461430731,6.369145786065666,-5.128306874142908,6.936851922693554,-2.5200572955937584,-1.1465195761147795,-0.34164406227145117,-3.938183735482448,9.243801984635969,2.947255413921135,-2.221170906837966,-4.413131535013437,-4.29938095832767,8.898480359449024,7.007005082007423,-0.04497401421695857,5.831499555761099,4.721640678820749,-5.98543758145521,2.574609546118345,-0.5266248608778779,4.397811234268523,1.4527859868675996,2.0390472209201205,-0.7478325440527955,8.605885922330092,-7.0985813365057275,4.1185676658504144,-2.4613423205945506,-3.9902453915901415,-1.1013307668206407,5.157298478505612,3.3777288058247645,0.851353161747026,2.7156283549214733,1.0086970296359299,-1.012696400161639,1.6083250832486629,0.2566895686862969,Actual adjusted month-end return from Yahoo/yfinance daily history,Market Table annual returns from the same adjusted daily history,"Sep 14, 2026 08:06:57 PM EDT"
ONEQ,ONEQ,Fidelity Nasdaq Composite Index ETF,ETF,-8.064424213245092,-0.9507334021427893,6.980306743964193,-1.8827117168542795,3.880394700664591,-2.1346567401108185,6.798427331069745,1.265271665814649,1.8707754640109542,-2.0774751554668347,2.7276661238510913,1.037478488454413,4.451371612729016,3.9087624908114016,1.6987979556591037,2.1738501473806515,2.6353298135309844,-0.9823838489823489,3.427879341143747,1.3489310235153207,0.9933950056830732,3.691656281816602,2.320570048374071,0.4301397494300252,7.332541183530794,-1.8591058529824567,-2.9078682381516674,0.2889203264616169,5.348059690875417,0.9698691289662387,2.2636377365977234,5.741207648413149,-0.7115407893598436,-9.249056008568635,0.45738277019500284,-9.336887352638035,9.824566636771648,3.4746310356419174,2.676749535460421,5.1276943502864825,-7.944941367158497,7.768930839086119,2.221405146544675,-2.5834975514317904,0.5040482827106452,3.757838592319218,4.6284818749654955,3.7319385842400576,1.7851701481712334,-6.1244099422329885,-10.310693887447842,15.867897893571904,6.795392601690198,6.070043891852173,6.636502565366542,10.222238551791962,-5.402522460869941,-2.2810921879683588,11.7566932682736,6.064882146024253,0.8671315431731719,1.2075070369364393,0.4033969996632081,5.831946114678921,-1.5639263851588536,5.463017984650542,1.313230725532022,3.9936913428834986,-5.233475349385863,7.262371878704266,0.5476460445143161,0.6968425875992557,-8.80131523977008,-3.3489389571289996,3.6387077032724813,-13.28292651758456,-1.9095324684236026,-8.499406228191585,12.51449277274923,-4.593231064518532,-10.337898321547389,4.029920819801336,4.430528461828431,-8.697805870740648,10.763966048919293,-1.0577213061476298,7.025379698589829,0.06256002413644879,5.960808803061246,6.55020448188226,4.197486364509517,-1.9520928769717782,-5.728707346154049,-2.5774178162291217,10.858824992604422,5.734606403804632,0.7933684676837194,6.263610919563534,1.6763827296141232,-4.083835444494821,6.686094045388602,6.275049209097161,-0.8008085525041064,0.7207785084971885,2.639339732757917,-0.3910624093723114,6.309583675340957,0.5371855554082705,1.485675165605671,-3.795842590195142,-8.215850680665993,0.8520898869299964,9.570266208012267,6.651350695747937,3.85768528727255,1.5506621242494578,5.667781629975699,4.8131816324930465,-1.6056504723695464,-0.4041348761179342,Actual adjusted month-end return from Yahoo/yfinance daily history,Market Table annual returns from the same adjusted daily history,"Sep 14, 2026 08:06:57 PM EDT"
ONEY,ONEY,State Street® SPDR® Russell 1000 Yield Focus ETF,ETF,-4.224158148690638,3.779129659081537,7.842243861694698,2.0019181020996646,-1.4696279671364665,-3.6591009449792433,9.899978732532254,2.1140268072175283,-1.9042515650935177,-1.0230527872521877,7.32797850800877,-3.1162928477626584,1.5623043013491378,2.790126202753229,-0.5684771624472118,0.9790839782835681,-1.8867856077368406,0.5828309161739709,0.8950158864420299,-2.1522374945413425,3.34616714752205,1.2387433403008075,3.7239410228717906,2.7697664618670625,2.5274789678670473,-3.954585704723934,-1.2300280859887769,1.506608654762731,2.110029108861844,1.8145793376195707,1.0584203780269474,2.177074795194245,0.11672340628043898,-5.923464781845,1.7218428332707925,-10.092784642565078,10.113002004278115,1.9542657947340114,0.5473004936863868,3.1641922538291567,-6.851470855228392,6.8311429033619975,1.0469879471957322,-6.008198713301615,6.3889706479681285,1.779324759863865,3.472832634139178,3.352110032843192,-4.931111438915403,-10.6263288578768,-24.662915809506515,14.031270537266828,4.585861663047686,3.0798188121697434,1.6939489365043414,5.189694283856117,-2.971009215728826,0.6216970521979226,18.653517598000846,4.776447548324758,1.458086656712565,11.679149399344556,6.272827094744904,4.061246985917699,3.757197012509561,-1.574923811652995,0.18026560059565266,2.5343082597135247,-4.374685230208042,3.682814388611799,-2.53950160051466,7.136926376090469,-1.6019783838882917,-0.5841945256197634,3.931914228843403,-3.4703769808206664,2.073335243683272,-10.032485827287408,7.708728130364051,-2.541962595184266,-10.148651738580972,11.017764518614758,7.058378884566308,-4.588824016536508,7.27535529655432,-2.8124644075302463,-2.681334557745274,-0.23218488799297,-5.938147974765662,8.576659011749154,5.5409898335677,-3.9813209977944686,-4.5106732179603926,-4.1446530169135904,7.919675814857219,7.377026520674068,-2.243837165303064,3.341460734753987,7.58484281333851,-4.912659225758265,3.2810735976071648,-1.9322305857438882,5.621792941643866,2.0160454509621006,1.1687117019324678,-1.3908845951294602,6.114842122613817,-6.507373681223349,2.5876695710883135,0.6993153693012122,-2.17022586960941,-4.666000696978823,3.0881566826038043,1.7192363784185094,1.5544887873011337,4.785808102208655,-0.9872259710600573,-1.4369160796959934,2.660193461105642,0.02594015856365317,Actual adjusted month-end return from Yahoo/yfinance daily history,Market Table annual returns from the same adjusted daily history,"Sep 14, 2026 08:06:57 PM EDT"
OPPE,OPPE,WisdomTree European Opportunities Fund,ETF,-5.57812951076323,-2.0267742402073963,5.237712123508165,1.2964998203130795,3.05531924904614,-6.651518107847232,5.910472112886089,0.040996087291600425,0.5739495410406859,0.9827615658455358,-1.8247906016659265,7.831637477446951,1.3668052667280772,2.1008251422137025,5.798720744385255,4.207930955272365,2.680683005908957,-1.3242546821787937,0.5427103232412689,-0.38798819423156994,4.322735924842247,1.6270698307921716,-0.768501533365451,0.35494941258078505,3.2797514691209173,-2.7708542889282484,-1.7611575958525583,3.158401527747423,-1.3238583615050037,-1.908188119554255,2.4975115617671184,-1.4944703015448146,-0.06597073001722853,-7.062702898486107,-0.14204404064719345,-6.04553078312311,8.667667135997092,3.1348096109240497,1.8574877900429776,4.56894511222401,-6.931317293302919,5.230168935259294,-1.3892891553607623,-0.8742441345420793,3.4494730621079217,3.158997965715904,3.4586183662469683,1.92944338206813,-2.397417442061567,-6.486707516632261,-23.36587155688389,11.620196499184221,4.432652418566341,1.5507522823518638,-0.5852912682405953,5.081188023694305,-0.9566629238082602,-5.460392999772878,16.40805490035435,2.971509924346516,1.5496592515016339,2.7473826867004725,6.017567033443227,1.8968568310307132,3.0553437816988716,-0.17185372609075378,3.3738569657297823,2.5971589199647704,-3.9535728978246087,3.914899871813571,-3.147181275214106,3.893107218230707,-0.8322418937874332,-6.021775019878595,0.5479259095259481,-0.6177314429220204,2.4019989947522635,-9.842294867508606,4.412749252705961,-5.426662088690715,-8.489960103227878,8.906303899478152,7.421415022226818,-2.232313916161055,8.64812745199175,3.03172179264537,-2.9161066961127746,2.0383802397698103,-2.715683115435319,2.782640089201305,2.912508499801536,-0.9183369351100756,-3.224321723359369,-2.602888880347076,8.380954712163625,3.719954624905153,0.33052394770303195,1.159910935886943,5.335773385805709,0.10920042438513633,5.730163135631705,-5.036444794219708,2.3846120921553693,0.2645574322572397,1.2893082856403115,-2.8828488775917593,0.4515877035599969,1.2986577367612107,4.607523072889852,4.964870391680387,0.9250691136691191,2.6482333612313447,6.671864375039682,3.200342832729297,0.4937711020534197,1.3779262801521197,3.301145662847782,1.2909166766289282,0.8058778556122137,3.1443502318795113,Actual adjusted month-end return from Yahoo/yfinance daily history,Market Table annual returns from the same adjusted daily history,"Sep 14, 2026 08:06:57 PM EDT"
OPPJ,OPPJ,WisdomTree Japan Opportunities Fund,ETF,-2.9982761800277813,-10.969697097366794,6.160691613038427,-6.284086672204703,7.731797075246694,-8.367528242237931,5.0948719248159025,1.136755774715903,2.9255960288006255,6.1676925744931665,7.322237072746773,2.622004739570727,0.5248449477670558,3.572426019776942,-0.5041220834143267,1.6266769117870616,1.4956541406417667,4.1478303702526365,0.7297447096319187,1.6737647959031765,4.941076572717629,4.565697638648669,1.2539037936581066,2.3018818696699084,1.0411962391203122,-4.143409294398248,-0.8286727127149285,3.116534607855548,-1.9710809298237209,-0.8886143334007501,1.8573478708320934,-2.588923495541995,4.367960502575063,-9.676712432687939,3.039928414994586,-12.324500656684467,5.725923904864061,3.1057140776113323,-1.045549858499084,1.1069123835837802,-8.484688422581243,3.4180186113086597,1.0638563738839757,-3.947377280228692,7.835723620867752,5.43838425096641,3.181511050452035,0.5784296631376362,-5.353367882363358,-11.858087917352478,-6.1638150775850775,5.068976431753192,8.164407933394479,-1.3205084404583567,-4.9550912615816785,7.963316858527536,4.324787623187176,-3.0264661350652977,2.0718627043261773,4.031702794429948,1.0014710281124772,3.371365483136035,7.745801262894947,-3.7613788421869687,0.9019166889432828,0.7745189141859177,1.2876317979143126,0.2270201187070997,2.87597583297845,-0.6386398154345829,-7.867901350725138,6.093515969881258,-2.517350464846424,1.9900767371785255,-2.439044252157796,0.5238188031288615,1.0895287941477205,1.037973543676185,3.7402880146324646,1.0657531961760336,-1.0096571867655668,1.88124991296732,3.8042394449310013,-3.919285885014989,6.392597243875753,2.1231436559103534,2.062212264117891,2.984752093539411,-1.2992226214370128,9.030990188397725,3.540650285941105,2.1168805303397376,1.7717953643733964,1.114216191044437,2.548222340856121,1.3378269022829237,4.425078402882332,4.269659708471463,3.8772464637572446,0.7166297186257164,1.9270822937605958,1.8053110373637438,-0.17192304447820606,-3.5878095275238997,1.0873527082325918,-0.14729514660258847,1.4163399397152165,3.635678940996523,-0.2024416926163619,-1.970427609206693,3.4584609317000803,-0.2571379782837613,3.3228143888728523,2.987125978242555,1.2035060408764897,8.108107825991828,4.149720180823024,3.265296132774509,4.510594617188968,3.766841020151279,Actual adjusted month-end return from Yahoo/yfinance daily history,Market Table annual returns from the same adjusted daily history,"Sep 14, 2026 08:06:57 PM EDT"
PFM,PFM,Invesco Dividend Achievers™ ETF,ETF,-1.1192099351282292,0.8365914644246963,6.556588443124056,-0.27575139653925884,1.4285923299051762,3.619982548039302,1.9426140530725,-1.0394057864609896,-0.26784416092525687,-2.250651188641184,2.392749707564734,1.951574134883205,0.6990426623002977,3.514078104243734,-0.2814526922557903,0.7993483742976482,1.5024996778937316,-0.24681135979118807,1.368212693284665,-0.6544343284496712,1.9029686004068402,1.7871439124042432,4.349548071092202,1.735486782478457,3.440442548436784,-5.811387302048199,-1.1791630965687916,-0.43340926379842326,1.1871729832765965,1.0765597478122224,4.168271217653019,1.8698732954550268,1.5976108579474735,-4.4678332808972705,3.155905927349756,-8.394753024094314,5.749020654819925,4.2878791098288405,1.9281719235090256,3.109182627146967,-5.049106941024927,6.482039599628031,1.5690091643577375,0.10300417143016549,1.9246372939716316,-0.2029780894974409,2.1017038185741743,2.5369436524874223,-0.19536056971450888,-9.135394536520348,-10.797154250022768,10.543402800762403,4.145281971134174,-0.12361076933460335,4.256830485949203,5.341941465194178,-1.7890298735578125,-2.180375393510281,9.422501289733077,1.9931479570652222,-2.4026938516169105,1.6516282607959676,6.452667083111696,3.787200757343334,1.6155933767959763,-0.11522794499722044,2.453839853464923,1.722273537878527,-4.422335053584114,6.340391425560399,-1.8305558969134994,6.392318765529459,-3.6748198713412727,-2.403974540190712,3.4391015674407166,-4.369325666369606,0.707103486583005,-6.299864650912235,6.2880368472064685,-3.435121430792698,-8.259153565436971,10.513293079685582,6.211525682639252,-3.3078554821958983,2.4095890555070554,-3.048112174368889,1.455877435673103,2.049175642244472,-3.0789814433789253,6.0953171681604745,2.2233878646565453,-1.8168109740793859,-4.3387923169169955,-1.6424581005586636,7.291936608968541,4.013788016382414,1.1030356118978402,2.7770723232030115,3.1464539648926593,-3.946429364740689,3.399341849196924,1.3739081372449613,4.265305400553587,3.23666591040328,1.7295869290621546,-1.654131543294446,5.286137603828833,-4.4805358717392885,3.4452555365363624,0.737778432630698,-3.830453321675842,-1.5945867360163013,3.5738132755139596,3.6513132037161222,0.5189918630058132,2.4370142539327233,2.6462809117804964,0.23649511712908744,2.3397541791940757,-0.7012837319364529,Actual adjusted month-end return from Yahoo/yfinance daily history,Market Table annual returns from the same adjusted daily history,"Sep 14, 2026 08:06:57 PM EDT"
PKW,PKW,Invesco BuyBack Achievers ETF,ETF,-6.511237608822085,0.9176805599415028,5.953453839690037,0.750246635691143,1.489281900922368,-2.0120310119094986,4.358398952151421,1.017589997597046,-0.10347864932600537,-1.2647397775755742,7.472234229508445,0.854671492713388,0.6341593297598092,3.387171650594989,-1.0476183916075077,0.42345273138353345,0.13418943830039165,2.957414180505369,1.937785701912098,-1.297748668880716,3.2435536753788963,0.4317026107907074,3.3488226236290553,2.459922911308232,5.643135879021344,-5.5502199844302265,-3.1872217773897593,0.017544790731482962,-0.6146714085862204,0.6431549347867049,3.8414043087500183,3.2920523455387762,0.45345900819260265,-5.051666963729707,1.95199995133164,-11.239699080709087,10.216557459167142,3.600029393863391,0.32011521680634925,6.674510332714201,-8.615005147900623,8.165446975881153,1.5333102664044862,-4.31020497234158,3.2896340386389333,3.179944761547726,4.537700888916274,2.558931775939155,-3.9286851727882044,-10.185611385376026,-18.030977407306594,12.340072609362362,3.8574823073185716,2.114893435122722,4.0592273634805,4.403158768723836,-3.1380330450004656,-1.8278292758805437,16.452277292890784,6.941477595941903,1.0226207803844867,6.222184098609751,7.264089997360879,4.1562536321063215,1.5505791860398466,1.53989968665873,0.4321372521425504,5.0308995323321115,-5.163105521840395,4.503095345509589,-2.2182173288798457,4.945922474692543,-5.68913512207555,-0.6592714710876635,0.3196517549608924,-6.609181771291983,2.295848489228125,-9.996912641056655,7.4432580746702115,-2.5212902719962793,-8.272020597312647,14.403131161498717,6.194788618581515,-4.803692052136366,6.7555019031829255,-3.6566821679429706,-2.975844529889382,1.4458651155947244,-4.831982738495588,9.23745123906472,4.9077729056608455,-0.8631801906129888,-3.0548482387692366,-4.534866972338369,7.21854950825227,7.945064441402994,0.9897131942174342,2.4399841659671573,5.966704571971304,-5.857907311951049,2.6891689481414627,-0.4836320348346579,5.813289017564949,1.8555622203992872,2.4768703599528985,-0.4366049740211708,9.82284657935082,-7.883505545622715,4.047602835235686,-1.7697748084383291,-3.989196287072083,-2.414125209438178,7.3215068883162315,5.070643072210856,1.10841053021129,5.033207624070313,1.2188376757265917,-2.09088995931076,2.2511750229373684,1.479391940122321,Actual adjusted month-end return from Yahoo/yfinance daily history,Market Table annual returns from the same adjusted daily history,"Sep 14, 2026 08:06:57 PM EDT"
PPA,PPA,Invesco Aerospace & Defense ETF,ETF,-6.537580774931728,1.260899215850264,4.890373603427678,3.08609763255987,1.5105355514355878,1.6699315268849269,3.3653844024135404,0.6201437766736762,0.23252882066850944,-0.902759290463917,10.801658851449258,-1.3477261324059353,0.33540259736948297,5.635134188083724,-1.5596405656629009,2.9161746422481594,3.235146724617155,-0.5359036893264335,4.160285524144336,3.638685408035336,4.014245833738794,2.3591164431232103,2.51430859512487,0.14860537049314892,7.569602940651032,-0.3449734152045747,-1.6703295219667957,-2.078176401709264,2.2481994817498796,-3.13919556872555,7.19227179273072,0.5095791328734611,4.186026233510631,-11.443460024573016,1.376678072591364,-10.216813211587905,12.234586573036022,7.153148491289141,-2.3966954694447984,6.882866436592749,-2.0012835186730915,7.179187555031974,1.863269178210003,2.494360143863017,0.29043901858767374,-0.5317879605521214,3.0888171666275666,-1.3132873220399577,3.3640924847879505,-10.13161064554373,-20.943856933212736,8.040927073275196,5.697854765835819,-2.5487343297698084,-0.974919489397541,6.21696362633275,-4.168866513956804,-3.3016457706184443,20.63463298700117,4.544349274971005,-4.81807211806522,4.009299850274761,8.448164104528932,3.1761181855317844,1.825696827887291,-1.5024481711478965,-0.3725787870248909,-1.5493490974169077,-2.455572568448461,1.9332371116979274,-6.317348025530444,5.367660569758392,-2.643583108231373,9.82370906694885,1.5089218717354358,-7.239537564338128,-0.6607263673119257,-2.442822050311355,5.8638912188127446,-3.571401146159836,-9.594840884697165,17.761951149584434,4.053698605994183,-0.7384023688275732,2.4999818946850105,-0.02488407515010005,0.40217485379991924,-0.2855302539418014,-3.0005121228847353,8.585524620383445,1.0062623775624946,-0.6563475608021396,-5.717089114927809,2.067652628225347,7.9803704103379,5.095070472761054,-1.2261338967471724,7.503015405285729,3.911590832430889,-0.3347436073538379,3.743938607141284,-2.0590633228156907,6.503101322670646,3.7477180771935847,1.4138229685939363,-1.0263502727354323,6.678972083488444,-5.232024688663439,5.107641590987844,-3.2175167037465147,-0.09542641493358595,4.478757771577069,9.57540790627145,6.3121169866802385,3.041843349544049,1.3493223795858045,5.371569669753118,1.5567707258595354,-4.155309588052869,3.5159571106655463,Actual adjusted month-end return from Yahoo/yfinance daily history,Market Table annual returns from the same adjusted daily history,"Sep 14, 2026 08:06:57 PM EDT"
PRF,PRF,Invesco RAFI US 1000 ETF,ETF,-5.090383043315294,0.2912246362572368,7.054963311368478,2.302905098901409,0.5655164769050591,0.30142661443062213,3.203761769974034,0.5566210047366127,0.16548301631116313,-1.9658364235778603,7.083683319554357,2.226443870908845,0.833733056273922,3.0683199955077622,-0.8832155601852243,0.15612993496281202,0.03894096199903441,1.178879846714187,1.6832578986055946,-0.6849604576229518,3.2080588327089377,1.3532314383885025,3.2596611134218856,1.8442974072400808,4.261325224270496,-4.821820149096034,-1.923503895041656,0.8077815957363566,1.458525337468064,0.46953264784124205,3.614569212049612,1.9713925930832987,0.35348633205898317,-6.062154159903832,1.604406418820714,-9.805236683838691,8.25048490874023,2.946822042554542,0.5417539734670518,3.84582595297005,-7.338825759486123,7.517135803942465,1.1660116327425252,-3.110185115857722,3.681652307276795,1.7223781400400817,3.286361560982076,2.942954095496475,-2.107119985064587,-9.496964999745606,-16.91216746062627,12.646024372800046,3.9566456985111076,0.6775153818420865,4.136273221767883,5.284138007570616,-3.6745187801517254,-0.9403034072459571,14.194455372182468,3.9534120438043274,2.935453959747103,3.639404896680687,7.210021814610679,4.035096579937636,2.566692575993601,-0.5835112222898675,0.3430310122940039,2.169338329256032,-3.247831864095907,5.373835216887013,-2.696719571490025,6.260097660901742,-1.700635872144829,-1.1672079633323396,2.879687826705002,-6.168809859449597,2.364044105108376,-9.207233104632362,6.754406305167748,-2.8127276904096665,-9.275752338913412,11.436176023033529,5.800569298828284,-4.673205238419042,5.510785649833161,-3.3414607049841005,-0.35772688925655993,1.2437772975333328,-2.9861957435699193,6.733704442331301,3.8496740578826127,-2.50071905811019,-3.5223056870089753,-2.6712660963477797,8.07235227004497,5.718023925491256,0.7102145155726047,3.8645884003158715,4.934206542406949,-4.315062917159162,3.6674871396116027,-0.09633452983596191,4.242442645025113,1.845282415066385,1.3122658006250454,-0.9106691520939791,6.557375929551479,-5.508862751173549,4.115016862345056,0.19048065792053315,-3.518381653497893,-3.068558358924389,4.008180454736565,4.197563712338481,0.780691547694401,4.0375669174814055,2.4454552034566257,1.0617067278032355,2.6045100699836787,0.488724913565286,Actual adjusted month-end return from Yahoo/yfinance daily history,Market Table annual returns from the same adjusted daily history,"Sep 14, 2026 08:06:57 PM EDT"
PRN,PRN,Invesco Dorsey Wright Industrials Momentum ETF,ETF,-5.9668314732912675,0.6202340603291168,7.230923248787735,-0.48640876084589113,4.554583975316051,1.0980577330909735,4.949469417808183,-0.6622671148278858,-1.773012815304864,-5.063826302382268,8.00089925961589,0.5785086124895367,1.2012241690248837,3.1849788765451414,-1.5721158920272371,1.7335482195166785,1.8380151256916832,0.752337774425671,4.450291607905998,0.017896283091078935,4.314351691931018,4.498450368905438,1.5998598178565304,-1.0551891310193628,4.675952376608805,-3.3072203711650205,-2.8205411379151113,-2.81901386126181,3.707530260357572,-0.4252204981901264,3.3605128458984668,4.42616973312786,-0.7975071073421436,-12.360084748440126,0.6209009344308791,-10.079199087042223,9.067702140394896,8.60176039549485,1.20962882231046,3.9292437525699997,-3.5444230611809235,8.466865385751433,2.697031703814967,-0.19074517598222096,-3.3486740734967047,-0.35078534343252477,4.377105987092489,0.15226574753663957,2.300400011892867,-8.521939202566898,-12.854236238488248,10.887551587243728,10.612424745343851,0.2827042803936308,4.782118897879073,8.513596389542055,-1.9099463106762027,-3.1864708427441157,17.404884245351028,7.254425375012685,5.948801361607936,2.2337270813422627,1.5493240115613816,0.37163613274320273,-1.9390071363640127,-1.1085428740611913,1.5585811789614823,2.881181426191781,-4.401967116243055,10.74197363817988,4.890900801146358,0.8020336418642415,-14.1161347207865,-1.8629760276033913,0.5962040157612813,-8.240327939178416,0.1327230762835363,-10.623257852823754,12.920772545553394,-2.564649146645659,-7.648868083459426,9.138663853040274,2.9777327601681947,-5.7894200095480635,7.8267932769873205,3.0065445085857068,-0.8772795336799644,-0.5375736453972269,-0.9008148573718011,12.692248447061715,3.2880299019459214,-0.8740641989574249,-6.091198056176217,-4.817477184410479,11.847843380815192,10.217545302895271,0.624834136045771,12.033250111472228,4.581108382062338,-5.517750224106221,4.277600034154072,-2.997605101976164,6.8321582031957595,2.0849505389405554,5.37485122231538,1.7321250514870101,14.205874541358865,-13.358825604185343,2.30879777570292,-5.702119025991969,-7.162011716616645,-0.6535456580686771,8.318100630025583,6.029525406008895,4.520852162961919,-0.03045305622293437,5.413962808768602,6.083228712700328,-5.870795819784447,1.1940630115800266,Actual adjusted month-end return from Yahoo/yfinance daily history,Market Table annual returns from the same adjusted daily history,"Sep 14, 2026 08:06:57 PM EDT"
PSI,PSI,Invesco Semiconductors ETF,ETF,-5.984979611237973,-1.0961332816854519,10.059698684471874,-5.383441338122841,9.7011853722758,-1.0668461350013647,12.48112892288258,6.624012273081248,3.4374302353501918,-1.9511951585678533,10.167897827454642,2.337311994322877,4.682734436717961,4.2085872882651865,6.095992345606049,1.7476861278148403,6.5176576287627075,-7.711597971776674,7.5485245908835985,1.5374072610090606,8.465565582979151,9.491997669853935,-5.2495463092172905,-1.4674002919058626,5.963938292342497,-0.16827729130735047,-1.0114430390942841,-7.265809978581117,12.752442372957695,-5.337659377238535,4.561119145501924,3.1341752403868384,-5.321140892052567,-11.994720162652417,4.080362961263373,-8.752887284677612,11.622652277954204,7.278612938632212,-0.021169328789827357,9.48519362991911,-17.12022183949141,13.192378406397708,7.62152884380769,-3.335601539182509,2.4711998632222176,5.915918569593193,1.7802001332240414,7.910685611405777,-1.0571894632773748,-5.643330055794127,-13.238160964807989,17.15124610193357,8.262647605698703,6.176880815349173,10.890678078814187,-0.5922300710842432,-3.8306548884758818,3.681244889867874,21.539771452493373,7.573009131043484,4.031275416199165,8.702801415645123,1.5039822200167308,0.572944463781111,2.584469720130955,3.4008983758978095,-0.4050133251606636,2.1663967149289753,-2.3501302061249896,6.506765015081717,9.87044091139766,2.8794354193861116,-14.61047934235119,-0.7094495319842742,-0.31566824730936416,-15.675367756735303,6.531856024964822,-16.08388742080663,16.046743056639002,-10.013259435739952,-11.534233471342482,4.12266372635719,18.10032512572517,-9.403798116178452,14.76817939966577,2.254913493448263,5.366163592919682,-9.970857605076999,12.846070779933537,9.118496885888527,5.6875594374607985,-2.967431105454199,-8.415404572717822,-11.121504725799147,14.98422593847839,13.290168280147018,-0.8888866220569613,10.721564069638156,3.884383341389519,-4.572038857459715,9.229350809282732,6.865816152366544,-8.533676476763274,0.34812802014729805,-0.2127774263386173,-5.580659832488777,4.62162044813994,1.986960673575,3.245864952833899,-8.96321440258897,-12.959888708425382,-2.384972975718258,10.0972859353893,17.841413871753687,-0.7671721949634058,5.630243152710368,11.923605249254576,10.8361693820463,-1.1932205912156713,2.408700915061801,Actual adjusted month-end return from Yahoo/yfinance daily history,Market Table annual returns from the same adjusted daily history,"Sep 14, 2026 08:06:57 PM EDT"
PWB,PWB,Invesco Large Cap Growth ETF,ETF,-4.889758537145239,-1.3104467541668718,5.186400473439257,-0.19429277045669435,1.1680840081734756,0.3576806497475493,3.619485356419183,-1.669255859156915,-0.16722031988820607,-1.957050011025263,2.2536823084681856,0.8531801675676798,2.724676740197607,3.99393291968988,0.7035985323317506,1.979610293909273,3.1401957225090538,-0.17087817485617052,4.032267845274218,1.470206892683823,2.6937276324004555,3.698940034037035,2.1055277344096623,0.8080596544651986,7.375317196240672,-1.8181965285161916,-2.1390221055333836,1.3797754363946702,3.9215914637152016,0.06989172906750607,2.156535638638579,4.396032297137342,0.7483721016180223,-7.89798752942108,2.5433181894066736,-8.603865355070228,9.018566099847858,3.5611542078659797,1.555307046911425,2.7602047339208458,-6.766458769101503,6.650299490186673,1.488513593359131,0.4481654667904733,-1.88650600900655,0.2896095639057128,2.9909386182008113,3.0161290222787684,0.5837776349179258,-6.384209322655298,-9.45688257635766,12.045706909046716,7.853931712711826,3.697195568148337,6.93810975808995,8.400210010178522,-2.4848454355664296,-2.9402186132785113,8.605176057016827,3.5984353705792893,0.41433163493869163,-0.3684165593464739,0.690932901092034,4.701052766482894,0.07015048731326967,4.423264358849677,2.336838467079083,3.136475589247434,-5.8149775683023925,6.957566799927428,0.15157408943824446,1.86655864369083,-9.397048376683358,-5.4113059150410425,4.387630471537607,-11.778538077878464,1.0982267488755193,-8.930145513471865,11.982286953218747,-5.388135351035728,-8.301567996991842,8.129940928890411,4.9528784545118665,-7.39396634270234,6.628717857556565,-2.825743585373197,5.135080933111902,0.7385845290888815,1.1302741546393769,6.769700806473811,1.38769574418236,0.2793300565700596,-5.5405592709195535,-1.1948673296986123,12.197675014574116,3.5308299023172784,5.418274042237381,7.166396392331698,1.7295199483513546,-4.7485730185107045,4.409180131964985,6.362604150294882,-1.9586997099381276,3.585306742745309,2.8773942865220725,-0.09119646559729855,7.221822626650121,-3.6877310027565446,5.956366785964029,-3.2189262205905678,-7.945945503220009,3.675553276122967,10.85668525380128,6.398003188809764,1.2772479298511552,0.14292766559262926,5.297621968146782,3.9387677511778296,-2.5314536946203225,0.03935389006657353,Actual adjusted month-end return from Yahoo/yfinance daily history,Market Table annual returns from the same adjusted daily history,"Sep 14, 2026 08:06:57 PM EDT"
PWV,PWV,Invesco Large Cap Value ETF,ETF,-3.9188702274836507,0.32200543017972816,7.656293704970452,-0.19961023911683196,1.9000179963699848,1.4666801060622792,2.629876170663059,-0.03164065868397348,0.18431196726744759,-1.4612597837522001,6.995484177881184,2.421408240751477,0.5337782752890652,5.45721610627683,-1.1004148539983771,-0.16986099633067298,0.3969122957043547,2.819064222498824,1.0770610433150418,-1.2568315923077389,3.8752270875854755,1.7398094526433816,2.5783008319788525,0.056606197420960847,2.0097994315270595,-4.799194582630517,-2.7787800508977334,-0.9314724726852797,-0.11063297451731069,-0.7140101726823445,3.869850901010752,1.8898355220059448,-0.3710428864738491,-4.815433745634746,2.670063368216069,-10.161746685530504,7.998800589622146,2.4120338967902333,-1.1146455525212984,3.613796972557415,-6.076305152714667,7.56174793760338,1.6824536648474497,-1.4411440724120705,4.296214503079265,2.4523571567763636,4.507250377888772,1.339493559111915,-3.0230167078592385,-10.274323448331312,-15.38864656198513,10.189170731657704,2.981931096544943,-1.1679679582787705,1.8485457168230246,2.6346621492877143,-2.263804283536175,-2.6455085831002423,12.741582793577422,3.929517442032404,-0.7001996219211049,4.8837928869712055,6.7153462921294205,3.6333773600870423,2.9178764046375205,-2.0401926427672135,0.18031837004524043,2.4296727489546477,-2.3501082219784752,6.162885085383052,-2.4788298635882278,6.5646639272531,-0.20511236153529788,-1.8294064851822611,2.8366142805766437,-4.662556439701748,3.0244195578229993,-8.539221016228549,4.994270170501891,-1.1782581814752335,-7.4772229746919106,11.428563455776208,5.968529483999374,-3.653217886378135,1.5724762690586314,-3.033495402063413,-1.7384370654296433,1.0379997990530132,-4.546455880989376,7.495227770429547,4.782319434791882,-2.1694624097446047,-1.562049117355968,-3.8461558428658504,7.511105967959519,5.443907834922168,2.0890663552538324,3.4170006803382336,6.316936700940756,-4.357800841345716,2.85926088920081,-0.713264454522522,4.978191326269266,2.1287592257555055,-0.651777575820689,-0.3943812046676709,6.266139489133504,-7.379316367970445,4.236995288914858,3.2889218687163657,-2.1523558582292823,-3.9657211739953624,4.7419055575913305,4.559917072431219,-0.49886665870285674,4.5608862038698295,1.3217934211120719,-0.7054185217684639,3.1969171854072,-0.037099255338468584,Actual adjusted month-end return from Yahoo/yfinance daily history,Market Table annual returns from the same adjusted daily history,"Sep 14, 2026 08:06:57 PM EDT"
PXF,PXF,Invesco RAFI Developed Markets ex-U.S. ETF,ETF,-5.939229050249839,-3.083685431104921,7.460157471717421,3.5916257570130172,-1.0919914926969976,-3.147222323644705,3.762695530208404,1.7015031750074572,1.1951478143951144,-0.24491867120979283,-0.16365329792159544,3.7591170655947304,3.781598669275188,0.07698345682001229,2.897490906784883,1.4218119828478537,3.3693807715319934,0.7607930526957629,3.1384587183884927,0.02327835552424773,2.915164829858896,1.5409109361102846,0.42401817867627756,1.876606589183849,5.418484336855878,-5.620539295965033,-0.8920850769459143,2.486021724036225,-2.8409269920575797,-1.8267584197025233,2.651751807256586,-2.8099069822636435,1.3054051686953505,-7.624751241532479,-0.050050662260148204,-5.324130964308226,7.276072803020228,1.540409717211011,-0.4434701120934581,3.208310533231429,-6.647575324076449,5.758190122139051,-2.608891947542491,-2.80515543478308,4.3112827081942084,3.0769155059532594,1.2234291924322793,3.213725678583179,-3.763818178084488,-8.335368498088268,-18.209934752126834,6.361225366178314,4.028510875328961,3.8245864820099396,1.040188381891527,5.547583002962475,-3.456976109958243,-3.3295682110323077,17.834203554737794,5.528999083384822,0.16490796369186267,5.081153709272845,4.1535685720131665,2.2495889407091463,4.590631456890959,-2.037998927665252,-0.664725422115342,0.7946418293412139,-2.0345260617427363,3.051640763033703,-5.591231892399673,5.773205270479687,0.40100564036040787,-2.8799424533148987,0.6391488938541023,-6.091474113569939,3.9242925137780604,-10.158991320946464,3.1407104302673794,-4.896467993152465,-9.383422847280986,7.525682627194574,12.195108162480995,-1.4719098084781446,8.97930841720993,-2.1647898093466456,0.329733259067333,2.8143328844533855,-4.547432300204002,5.465404870801405,3.8256428703671297,-3.6846801662896334,-2.472784271494022,-3.3540191724517388,8.0342374243203,5.0586745294970425,-1.477116341251028,2.570147141145185,4.4646324745156285,-2.3162034999762993,4.845349452141612,-3.0063697735147277,3.492189797581746,2.6200830108107587,1.4836760271458749,-4.968361523340126,0.040386701642769474,-2.703504565430259,4.113596256790397,3.3293202639818276,1.7927190662790693,2.962094636763646,5.268069753062066,3.217928102540024,-0.19156753371282198,4.990405306857859,2.3917693434013287,2.010458348443711,2.2111889815537467,3.9891770233124513,Actual adjusted month-end return from Yahoo/yfinance daily history,Market Table annual returns from the same adjusted daily history,"Sep 14, 2026 08:06:57 PM EDT"
QDEF,QDEF,Northern Trust Quality Dividend Defensive ETF,ETF,-3.3795208438968105,1.0762178585597804,7.459610861595145,-0.7485115474857973,1.6759453332665597,2.0412029230101547,3.387543359655676,-0.8388057088985268,0.17921470266100137,-2.4182971400040776,4.520653672793129,1.9858306856531671,0.1289647671577132,3.8629378603339815,-0.09429655893370414,0.3740423538868276,0.3975439747189169,0.8515837594161635,1.4571489591810538,-0.5112351092764422,2.3949337306281127,1.2762067321629988,4.041844462816213,1.7755151885276765,3.4905219522340047,-3.2194661927834822,-2.4538910603038477,1.2578614936247012,2.4614595821430774,0.6371081193744521,3.031028640810507,2.397006018413639,0.3557992248794717,-5.041662288022719,2.0697392389569913,-8.387094740757007,7.03085166918922,3.8516154007614434,2.07947448270811,2.284391939073993,-6.437444065628084,6.031382324941625,1.6233401449361473,-2.2319656020836076,2.883311161214186,1.2248455557071214,2.26882143672964,2.519852940415146,-1.589981069992552,-9.587568290639958,-13.737096115110292,11.562784234167168,3.495792141764298,0.2558880727190793,4.542198453523549,4.504911919749421,-2.6737347280660018,-3.551224010234044,9.263593046997464,3.609413116124416,0.12519031107989242,0.43765823685033567,6.549693968734105,2.9722161697245397,1.4052528277289644,1.2294648010351406,2.3056833185707504,2.217385716819553,-5.047853407115244,5.418589422241804,-0.42834230536811235,6.766693305351024,-5.033788223835256,-3.094988213637495,4.117648142202279,-5.609622674551273,1.0686124747952386,-6.609747316405345,5.718845162074904,-3.726095958908293,-9.185312849963923,10.232963810908103,6.083341378223195,-3.4808025685868604,3.615157654207146,-2.8887635657244726,2.649284848419886,2.0778141367336023,-1.70245007263079,5.956086372893066,3.4168162901239363,-1.2108571452511874,-4.83432465003516,-1.4420342045100343,7.053098164749683,4.295418357921998,1.8117269434978711,3.708634024266444,3.2666488021893425,-4.3606910742505,4.478114467218219,2.6961949816369124,3.26467753046622,3.9148929309432035,2.1388009681623465,-1.3145089678598176,4.44948690998328,-4.128001250734725,2.193104886346453,1.045143607239818,-3.321061551387827,-1.5166730153799546,4.416680875747669,3.5166292440589775,1.5259852801631446,3.9106157363505867,2.7923971683970095,0.2750563775199666,1.9326730886680465,-0.30030720092355523,Actual adjusted month-end return from Yahoo/yfinance daily history,Market Table annual returns from the same adjusted daily history,"Sep 14, 2026 08:06:57 PM EDT"
QLC,QLC,Northern Trust US Quality Large Cap ETF,ETF,-7.321754137214365,2.174650836540426,5.400183596002561,1.3900045592640353,-0.9520100848433355,-0.8743746814058428,4.2656740707575524,0.24285198779745443,0.48633742956945003,-2.6257153546634937,5.871119297031702,0.9247182635553353,1.3323811158540089,4.797411049873435,-0.48246454329348154,0.3411467958665648,0.06802693949548022,1.4107765937921624,1.8169770310550781,-0.4461773580917705,3.2081347422624695,3.391475181125969,2.936598613815078,1.600882720741481,5.338927453419129,-3.021093844744438,-1.8383599233719017,1.1698117373042827,0.9546235524388935,0.1561845918898408,2.884068480047941,2.5457678671826356,0.22581336876510427,-5.8133202994378514,-0.17805050788647359,-9.909220011757846,8.459718054928533,3.1517685132502082,-0.1693533911092837,2.4448164482663293,-7.945269399176635,7.403351695981852,2.1667795555655234,-3.4572595426166974,2.791974806625541,1.8965228206214269,3.43382792490301,2.9975301614202587,-0.8405683540968156,-9.725398769887427,-12.425828961557073,12.754684559658646,5.207290982594981,1.8200242168176617,4.698336050791041,6.398908057705155,-4.02588422736031,-3.657576520447414,11.14908591099546,4.827859651344379,-0.338430182982008,2.0009156126259198,4.452306036783438,5.011254766339235,1.753438301056276,2.1397335820629193,2.923090067883072,2.846231886307793,-5.166557617665967,5.921322478933044,-0.7167244216174651,5.001942884772315,-4.22183297971086,-2.7619277021943223,3.1379821602347757,-8.400291744449007,0.7834929115153377,-8.835596344470265,8.93208828700991,-3.9455735748815446,-9.326182700716734,8.885274937670395,5.598377839855528,-6.115849189690237,6.538372843983886,-2.1896021054938597,2.651858743714941,0.7814556164402742,0.6617915532346919,7.002588565921775,3.2556100817310085,-1.34199041088221,-4.465781102822286,-2.2462173095152083,8.7987314659566,4.849627330409789,2.133266941321743,4.805924893300095,4.076336978993944,-3.9216071161890187,4.864754504571045,3.9936125788571086,1.9033990127049538,2.0448723630190457,1.876339685061823,-0.8456397779946889,5.853624588654127,-2.3739965236651672,3.2248867200058484,-1.2417672383164824,-5.560182611421105,-0.5799307665935172,6.621484504373809,5.568281475226544,1.7972665416809086,2.910334507287482,4.761877209946852,2.469059338808255,1.4394814513525755,0.28997627302971285,Actual adjusted month-end return from Yahoo/yfinance daily history,Market Table annual returns from the same adjusted daily history,"Sep 14, 2026 08:06:57 PM EDT"
QQQ,QQQ,Invesco QQQ Trust,ETF,-6.910421948089496,-1.5653467768514617,6.852555586269471,-3.186795928518915,4.3700482449715805,-2.277983566107311,7.150786340622273,1.0500825235130407,2.213543705521448,-1.4572162720422832,0.43593886287536243,1.1322459052782285,5.14007540391499,4.375081637444955,2.0268442633587958,2.727018226361144,3.8973966734260346,-2.318019736972843,4.061351899361143,2.0735944080978452,-0.2952439911664828,4.606349471069882,1.971732255916958,0.6031760373418349,8.757010003352384,-1.2927662022942599,-4.078843629339913,0.5058464950521202,5.672943810433795,1.1450356402135098,2.796377830346186,5.780658513277692,-0.2816155570014689,-8.595718030801402,-0.26498020080624185,-8.660716710531013,9.010738186477152,2.991210690257895,3.9245652400791142,5.499281191073191,-8.225182004204601,7.5900479777176955,2.334801585634061,-1.899515326074186,0.9178673987009889,4.380072118094636,4.069405202585252,3.886371247586262,3.0384139022124668,-6.05742028377313,-7.285837407027729,14.973726791528442,6.600884551390607,6.286679498602865,7.346509121446831,10.944772199506092,-5.778607802719938,-3.044927112400353,11.225794138872258,4.902395390206582,0.26137553762080046,-0.13350867265242705,1.7167405660396318,5.909819884617473,-1.2012057046023705,6.262127602125456,2.8609310114090514,4.218666225967094,-5.683167302378167,7.864039826951363,1.9968523374315206,1.1523275099888375,-8.747025661336716,-4.475960374021648,4.667869872167252,-13.59573718408258,-1.5866009561315009,-8.907861369915304,12.55171430407609,-5.132162736772794,-10.535570625627422,3.999866381848216,5.54414516886923,-9.013678479750853,10.642929300371495,-0.3597797942179626,9.492742407801469,0.5079054557982632,7.883773229882696,6.3038654311892595,3.8600899674273936,-1.4830049654162458,-5.079855140109379,-2.0654735004490665,10.818814530467403,5.586964509671577,1.8192098690022585,5.28334984277401,1.2749660149962372,-4.373783648549667,6.151831575228961,6.470110387644423,-1.6780958537867319,1.1038621821938266,2.6215964783193213,-0.8646293361835089,5.35082808070646,0.45402550045958723,2.16341044936339,-2.7034789296821793,-7.586180150951128,1.3968265440644778,9.178287448406452,6.385835705643994,2.4236918673328223,0.953970984137853,5.376210091325961,4.780390877637575,-1.5610312534417359,-0.6699365349315034,Actual adjusted month-end return from Yahoo/yfinance daily history,Market Table annual returns from the same adjusted daily history,"Sep 14, 2026 08:06:57 PM EDT"
QVAL,QVAL,Alpha Architect U.S. Quantitative Value ETF,ETF,-7.207205371300496,5.95630654639745,7.389948138405789,-3.9206486362545867,-3.0638066303581013,-1.8387838825121294,6.892553699505699,1.7772465047567687,0.02461530699517933,-2.201135847324487,8.870244174543407,0.667533303554646,0.4444694624872403,1.5687748244963773,0.8206309695004022,1.3823888572679799,-2.8786150835497293,2.4445253430311453,1.0184279654852135,-0.6979360675710589,6.300408853211081,-0.2578233716448719,10.20308578730813,3.2730915685144524,5.372835572624313,-3.152039677575247,-3.471882015621075,-1.4900822964681537,3.0924606022298518,1.675600001901567,2.4187733022911218,1.501176259987802,-3.8092536253197085,-7.513692046884413,0.801946880555926,-12.766328186754706,14.545892323907239,1.8863226643983433,-1.5108075733626936,4.338907597766251,-13.99180729983589,9.486555821419218,1.3729615979410692,-7.524520484457186,6.447866199288788,5.204590388678532,3.2343843058146193,1.352520480182573,-6.344522254322715,-11.337298186499556,-28.053423252699574,16.123707709804826,4.564902929096526,2.484801832859951,4.194559192384406,4.239834971429479,0.7715359173062764,-3.0157071315952355,14.982749136478034,3.6687434477465253,6.423751763471897,-0.39234198388897745,9.78860286350871,3.7368537990570827,2.1287269942007248,-0.22556395529405027,1.270007642994253,3.578225084790043,-4.892794287853642,5.086953536121008,-0.013890906607383346,4.221257313275939,-5.675061468594533,2.3952101449958185,2.031809394819617,-4.237304852951473,2.9688827553864927,-16.669776077813925,12.144852841969511,-3.3721234702296377,-9.559372552713274,15.410961492753184,5.370904167979607,-8.60608384328614,9.684418571979037,-0.8219766042213528,-2.779845974857542,-1.8031301437578695,-6.773033069345558,12.385042436963744,6.300557093069159,0.9516186391161918,0.32169441328169235,-4.845057211844772,6.819202059114815,7.843117551511902,0.2222665776724142,3.0064074684901465,7.862608409302063,-4.806421022275142,5.100512446876704,-4.0531712681110665,5.637980861652325,-0.3908119241068153,2.627157508673905,-3.3509679345730015,6.727960702468083,-5.756772352335727,2.172931617772056,-3.0694994980480117,-3.300772424310894,-3.774924328466478,5.896682545189869,1.657678921689154,-1.524654218372412,4.432489191554878,3.494106706926847,-1.071812000032779,5.295778574903043,0.9034187501668844,Actual adjusted month-end return from Yahoo/yfinance daily history,Market Table annual returns from the same adjusted daily history,"Sep 14, 2026 08:06:57 PM EDT"
RDIV,RDIV,Invesco S&P Ultra Dividend Revenue ETF,ETF,-2.6420554209714564,3.531626849613456,8.545733713081937,1.5174492721066413,-0.5586663177961304,4.263051082675462,6.415131412028674,-1.3493124486949393,-0.1519894755251272,-2.845075596221913,6.793046106903677,2.367840693212986,1.6632429833922657,1.4638338522338756,-1.895300257490029,-0.2985605971211891,-2.3955569659915965,1.316948513680205,2.019181616805832,-2.7208853787634713,4.902269625442601,-0.7610605481500277,5.964926251859448,2.1956176732977672,1.9950746829463961,-4.823144838046867,-0.31879940828654085,3.2212059483499145,3.8111153683373145,2.709729420132234,1.0724564926144264,1.5527943196508742,-0.7044942324129,-4.019722915184076,0.9727234648956529,-9.484135804375693,9.856622675420578,1.8488488659910596,1.8730542838634623,2.5336457487964426,-10.012866033840107,8.688744018269002,-0.690389880278719,-4.7861123956286615,7.032167746225437,-0.21225148937498162,2.791853288140378,3.332149939943485,-5.803316221517829,-11.54158804761346,-28.515904089409993,14.877133579539281,2.7777712213943317,1.0514289348317662,0.6179580183981903,3.143047242092334,-5.849372269349351,1.153258663775425,20.33839831835551,5.915544545753049,-0.3254739799830819,13.802318419436155,4.751716856243826,3.8703377580502574,2.709902352485871,-2.076336312403937,-3.177301269847299,3.206424695660015,-5.461175285518127,1.5661310695477937,-1.0869696925916883,8.593744386486968,-0.16605688389251805,-0.21388942701080493,5.261388252677035,-2.5775424656275914,3.8632672511256905,-6.041749876329183,2.6869946421569146,-1.4144243245425292,-9.03122914647254,13.076931801480395,8.46820393132357,-4.8321825705677,6.885457758232749,-4.831432159043347,-6.142876162171806,-0.9722685598498537,-8.861059929220716,6.4440398164302914,7.051587434274631,-5.322202108103092,-5.0421009824742065,-4.784950767510853,12.76118318728734,10.424553902396871,-1.9908436145536612,1.844496916677918,6.27743022717171,-4.473057795484481,5.527653729306925,-2.0547857246084655,7.968754039629933,3.411212571511446,0.8524233936616277,-0.10012144953227553,5.812790123006861,-7.62313680315565,2.6321163813228354,2.241528392840242,-2.584275840257566,-6.370348135212323,2.7127542573751384,2.9459515375972023,1.0031436714092568,7.6556832468974045,1.2407082902399447,-0.40290573326423607,2.677701506846608,-1.3768093402651282,Actual adjusted month-end return from Yahoo/yfinance daily history,Market Table annual returns from the same adjusted daily history,"Sep 14, 2026 08:06:57 PM EDT"
RDVY,RDVY,First Trust Rising Dividend Achievers ETF,ETF,-6.367537037955218,0.6182088991868673,6.605211345249029,-0.8165070394355767,2.038720215881229,-2.772240798337078,5.361456364537931,2.985053696158757,0.6344347294481079,0.9801370352003236,9.764255555913337,0.8735937454732889,2.351028522483145,5.544528961890194,-0.18409758074710014,1.2815616145635866,-0.11164374827262735,1.1426717845062884,1.6272267330421863,-1.8195147729708316,3.5561343076845775,1.2567221982050514,4.645406129083551,1.6249645709066618,4.25032615050589,-1.2198611710071638,-3.1220235807418506,0.10096221987980769,1.1096337178836624,-0.07892992213457406,2.7045063438821737,2.9908989033358813,-0.11811533044476796,-7.351066431168906,1.7441689389149806,-10.349042854899281,10.750686058311821,3.303814043294717,-1.2901499265614569,6.469992056119889,-10.138544320829357,9.308886831314611,3.4771649718960296,-5.07156140306445,4.809775360792101,4.269991675746065,4.558904595246482,3.877051419303279,-4.124847007031118,-8.343022692988566,-18.360778631027596,13.655857623851265,3.604538976348315,2.7515742918319264,3.3364789052644506,5.396934436775647,-2.170488609136212,-1.460532453020713,16.5984514516055,6.78415057728452,-2.1281499668593717,9.107164198264893,6.941616889850688,4.8582230710333185,2.3480056041236486,-1.3464668241784938,0.22897972440993897,2.9906544635681653,-4.012489270461749,5.37181036571539,-1.5793668787051574,5.554601118189284,-2.8190478376677874,-2.2650575294495656,-0.078505450904931,-7.346929520119028,3.8546112453392123,-12.737408557425967,8.57772692356933,-3.398614624886054,-8.926478139785033,12.397116928610497,7.6887813700172725,-5.86772493500658,9.107449777870325,-3.4640996911162847,-2.529038816926521,1.3595093417203108,-3.122254875112185,7.604894650697558,5.265394389295941,-3.3884544675223727,-3.6043097844141503,-3.7214316836211014,9.086777064977912,7.778039425546557,-0.6193112837731163,2.901641219353923,6.731201416695853,-5.07387828821908,3.619645715983344,-0.428572688191986,6.776243328088483,0.49607428353242167,1.1139051634953212,-0.28711922460762374,8.892284918589578,-7.569010199690574,5.749063349873618,-1.710905519572803,-4.359361604020751,-2.596519949983034,5.559452296173606,4.526322881176492,0.9722577996912563,3.7726921589586793,2.540219795258314,0.02973151595537793,1.5606462592260728,1.9569151808465302,Actual adjusted month-end return from Yahoo/yfinance daily history,Market Table annual returns from the same adjusted daily history,"Sep 14, 2026 08:06:57 PM EDT"
REGS,REGS,Columbia Large Cap Growth ETF,ETF,,,,,,,,,,,,,,,,,,,,,,,,,,,,,,,,,,,,,,,,,,,,,,,,,,,,,,,,,,,,,,,,,,,,,,,,,,,,,,,,,,,,,,,,,,,,,,,,,,,,,,,,,,,,,,,,,,,,,,,,,Actual adjusted month-end return from Yahoo/yfinance daily history,Market Table annual returns from the same adjusted daily history,"Sep 14, 2026 08:06:57 PM EDT"
RFDA,RFDA,ALPS Dynamic US Dividend Advantage ETF,ETF,,,,,,,,,,-2.6776270244904365,5.570367229276152,1.499021033304837,1.4047745585356708,2.9949141725496897,-0.44924599496287687,0.3269468803139608,1.1886428687865935,0.9141631286789575,2.329371722609608,-0.6239278241414126,4.245980041447872,1.913529247999879,2.9774863051161393,1.1370577839055374,4.992279926637333,-3.875347400940765,-1.5534301322945532,0.4678079676196045,2.3063335312316413,1.158456041277467,2.112174801533828,2.3653266784905425,-1.1861140331051567,-7.113667384875011,1.1594116572436697,-9.50243189137131,9.53032525928763,3.0614367211736493,1.6405129654816664,2.650588846583979,-8.02380750999233,6.88753750828861,1.047975444938487,-2.5767530733760924,3.602737227892816,2.0461778367055317,2.1728252254395786,3.267175788726484,-1.0084529998302338,-8.540299273641171,-14.145621168194777,12.335830150134907,4.7705716542596255,2.2735108408223237,4.824657472526006,6.491202358949555,-3.0669306099662674,-4.20525123213813,10.578495062607862,3.6045815268393566,-0.8654503050046669,2.223738009284082,4.994728520199931,4.4747733672680035,1.0707347410969792,1.935702726317512,2.3262056338199555,2.249977912424761,-5.1831024225107765,5.762714830795823,-0.9638493946209414,5.82395685587993,-0.7852942292094767,-0.967036167225821,4.126536098186162,-4.7762358990233285,2.962745211456541,-8.13074352982599,7.08608940895934,-4.542688376835324,-10.73866395476072,9.1179352052563,5.724171128061406,-5.75668031086164,5.243520306329041,-2.6032928186154214,0.8275980811166761,0.6381809461190047,0.12270791108153212,7.057370798940088,3.204379131177082,-3.147253209120604,-4.414484275543062,-2.490286354975202,7.253917601358406,5.008736437582817,-0.7947733971781279,2.783208086503275,5.177140581315731,-3.265441723500151,5.354276984693929,3.0008860316982355,2.842162402862791,0.5183712895740822,1.4714638081746223,-0.8947197523181183,6.69199554807558,-3.7962806100942714,0.7491959479676735,-0.8721310951301797,-4.228439430315978,-2.5811122300283817,6.25654073805717,6.0578299321251805,1.8714036984101678,3.9401103751243394,2.9448025187218674,0.9983637589580097,-0.4637054975772603,1.1799190195321607,Actual adjusted month-end return from Yahoo/yfinance daily history,Market Table annual returns from the same adjusted daily history,"Sep 14, 2026 08:06:57 PM EDT"
RING,RING,iShares MSCI Global Gold Miners ETF,ETF,8.941581908170072,38.3585016482223,3.631971035441084,30.373805831089307,-13.620075637328387,22.383512299660314,8.990653690275984,-17.431883783510315,4.806759897471302,-7.374093419390826,-15.728153352387164,0.11705190135959942,14.944528534879531,-3.8090541139552236,0.0,-3.4846547095349623,0.3282178152750781,-3.7582146009390027,5.391579166182492,8.13140474248839,-6.922301683685028,-4.01285511227325,-0.11151412220119505,5.192503957786654,2.4467999131076335,-10.539953540833046,2.669758373330522,1.7524037165665751,-0.77780457701907,-1.5126165003220282,-4.109596677639593,-14.404777929406764,-0.6954070014047464,1.8907593183778326,1.3745786090323175,10.264872785198676,9.001208423168784,-1.470567045828941,0.8036442243405606,-6.719825571011729,3.7240607413906224,21.132685407248687,2.6934276487570186,14.54459578981744,-10.366367244809272,6.827690189786528,-4.478278652984935,9.819186724562346,-1.4956588890960631,-8.013473014691607,-12.150393600646058,42.22335766988445,2.1284591981879597,8.930720379134648,17.715229867020366,-0.8157444171047801,-7.3738062037056356,-4.47030030267409,-8.878200810642777,5.409382625995374,-4.091214385009767,-9.790213282697435,6.046518671314738,4.532160846843558,15.629381450946322,-14.523512231385826,2.929618864866046,-6.525513042521524,-8.689190633690858,5.978036076700666,2.0337562643514495,2.763030227367813,-5.487593275650626,10.043168077319976,10.766491604618666,-8.947544631574312,-9.50865844170763,-14.162328365170174,-8.126719408185856,-8.345850249516351,2.2900844663636732,-0.7462387078804311,19.33401545180842,1.7792537458310997,12.404820864970478,-14.342628844272664,17.069780676486946,3.6154117422996235,-8.780662732952027,-1.2060755677751112,4.120173163340812,-6.88376568412462,-8.366530457211285,6.328525159466625,11.949084243581787,0.8840848956240599,-10.008142322868018,-5.605781289161948,21.120683597318447,5.179920611910216,6.879688105859549,-2.220508060102666,12.386810887295807,4.0605789575476114,2.229799760311635,-0.2120608371526167,-6.527017332994445,-8.04158003471187,15.297051212052736,1.6352889398344006,16.45415931336396,6.517211181752436,3.548706212346131,4.017009679411987,-0.13704985644139578,23.307410512979487,20.033388503033866,-5.176939422938043,15.286824821650292,4.641260699913041,Actual adjusted month-end return from Yahoo/yfinance daily history,Market Table annual returns from the same adjusted daily history,"Sep 14, 2026 08:06:57 PM EDT"
RJCA,RJCA,RJ ClariVest Capital Appreciation ETF,ETF,,,,,,,,,,,,,,,,,,,,,,,,,,,,,,,,,,,,,,,,,,,,,,,,,,,,,,,,,,,,,,,,,,,,,,,,,,,,,,,,,,,,,,,,,,,,,,,,,,,,,,,,,,,,,,,,,,,,,,,,,Actual adjusted month-end return from Yahoo/yfinance daily history,Market Table annual returns from the same adjusted daily history,"Sep 14, 2026 08:06:57 PM EDT"
ROUS,ROUS,Hartford Multifactor US Equity ETF,ETF,-7.825003865730706,2.7795839605368577,5.2888379233022365,-0.4639259318220179,0.550825345689665,-1.0842681606963889,4.291190444323845,0.8541797447877864,0.010608490129393466,-1.77083338188051,6.374119139191081,1.8808054562011067,2.0625716608506206,2.8875522442272983,-0.7441170535822939,1.3068409446083118,0.11022879793476381,1.8558647135637152,1.2338892146734892,-0.614795086780473,3.695415577345784,2.8724545766759313,4.4134458124001075,1.8418107327845767,4.72509821509115,-2.200989935847264,-2.531538305697545,-0.03211333129380378,1.4781376053095485,0.06742762383731282,3.143850603497045,3.078818128576555,-0.9352205771674171,-7.506071922566193,1.930624408329673,-10.158664339288514,9.496378733747335,2.4310062364315765,-0.3572028649593828,3.5910681494313756,-7.307920427279512,7.196139437219395,2.147792252230163,-3.86516860866285,4.140168096777752,0.9000778394272713,2.6299440768024374,1.7423968724653793,-0.47477592337907826,-8.884920009407915,-14.13117925849775,11.038732267841267,4.124957020742204,0.08962720338545616,3.656329707207817,4.699948550996025,-2.0754453813478735,-2.2355258963130176,9.597428213578363,3.9039024522656174,0.1481350526924441,2.1621717556792763,5.35082308964967,4.2716933305340765,1.1374118647498266,1.3136241782240488,2.0771945205751985,2.2838035344462604,-4.642045431434139,5.774534763108141,-1.6187779740046149,6.712155203036274,-4.884157086011909,-2.4122371759557004,3.4622776152726464,-5.693591889722171,1.352548960176514,-6.471190247585801,6.642679512972971,-3.395779402815269,-8.1095710594578,10.022626453030291,5.5069416176973585,-4.226958499146116,3.848543885424105,-2.6646986217361834,1.579159817304765,0.5316478731105967,-2.5168896436135735,6.515106846746566,2.3389230248609616,-1.1651329791885212,-3.706184463143558,-1.9647511484398361,7.724370723269813,4.3556303877891445,1.5753617936235864,4.290231730772898,3.7334145099311655,-4.696662307744292,3.8044418359083565,1.250509345637485,3.9629057252825284,2.735879646530126,1.3577182507709562,-1.2919339050453393,6.055883856373345,-5.715484649215341,3.7531885585232683,-0.018922318564540408,-3.551878720588486,-1.2024414172376652,4.030321584433882,3.347049382621292,0.5028981377273034,3.280200494204344,3.51133492720328,-0.19133439736107594,1.3593570889498974,-0.2587919852033993,Actual adjusted month-end return from Yahoo/yfinance daily history,Market Table annual returns from the same adjusted daily history,"Sep 14, 2026 08:06:57 PM EDT"
RSPN,RSPN,Invesco S&P 500® Equal Weight Industrials ETF,ETF,-5.90644318681014,4.97054883393937,7.041738959704169,0.9234630640317487,0.84726239336681,-1.3335764931247107,4.917476610711957,1.193429562719328,0.2765194824278172,-2.5423726885245634,9.400129042666606,0.04521208115466635,2.875008026130743,3.471248217761924,-0.8087788517496586,0.7279528142889014,1.2077225405236813,1.878027966589757,-0.27752375627864145,-0.26903028641391824,4.89938256259117,0.9439093444274738,4.401858584268892,2.203222632863966,4.624575403926179,-4.039945006824508,-1.1788346871716593,-3.769456016717121,2.489538040066175,-2.417017550067224,7.3472920106229855,1.8371178311381353,0.8834264055255447,-11.320018217725492,4.9378253325621735,-11.460505047828507,10.988434361088629,5.41696522530406,-0.13193671744107238,4.791188773790478,-7.8107801638935825,8.834361640396482,0.3332845581348609,-3.005403184805233,3.5389880945676078,2.4276495277477217,3.7829196471429682,1.2003057564960118,-0.9513439736553941,-9.574842293916841,-18.764072178020207,11.714919256074218,6.251691729375275,3.2629573191887307,5.246922498503159,8.456839250922844,-1.51272471029964,-0.37098537517251673,15.342221679589363,2.2251024566381172,-3.785057250476076,7.14426899418843,9.321513484431687,4.305504494887691,2.6439270342886623,-1.7632710535177343,1.7317187167135595,1.749671094031302,-5.5213231053124145,6.490860057229231,-3.2123197628842637,5.330714289288663,-6.156382392874726,-1.2074827935236843,3.1097200776557754,-6.167448488279659,-0.2826210428095499,-8.89166483305176,10.962056535538146,-3.7559719343399633,-9.21522486526668,12.593590803517717,6.90248003902485,-4.092281858328484,6.742557160306206,-0.7252022606932251,-0.3805665094569033,-0.6981729520814772,-2.720981705096237,13.151576677889377,2.469449324249684,-2.5053676742003095,-6.057007411349968,-3.734656322397023,9.305511229405528,7.344458137745047,-0.9510618919613356,7.400471104809392,4.276208566215223,-4.422563120721468,1.315786774943506,-1.477875476926871,6.121999410622592,2.510887499083303,3.902377446088612,-0.35150799938797883,7.936528326973558,-8.574475257731162,4.063748469273554,-2.488517739121554,-3.7288409120789345,-0.7357514971563672,7.638457027279899,2.632793475599393,3.157110993829293,1.2133174328115448,0.6709905879646927,-0.28520605439670277,0.10726160739014112,1.285006331488181,Actual adjusted month-end return from Yahoo/yfinance daily history,Market Table annual returns from the same adjusted daily history,"Sep 14, 2026 08:06:57 PM EDT"
RSPT,RSPT,Invesco S&P 500® Equal Weight Technology ETF,ETF,-7.250457451064795,1.834556316335556,8.248995106335677,-4.063571507500585,6.170118762803889,-1.4977750349453811,7.120061817047274,2.6069148339753934,2.544799279406762,-0.8340799893434392,3.297335552382674,0.5712628150658983,4.461221053585307,4.526610918596341,2.16363588744779,1.788204883627853,3.936585467624898,-2.1377418046913066,3.725965094011663,1.9467034237954595,2.5476146169625347,5.524714033186151,1.0035686822070344,-0.3785425303021728,8.771704704030213,-0.2765133195927083,-2.29785573507999,-0.21810475752052083,5.093395802574907,0.061378384424615184,1.6030412648075254,5.2612016568980735,-0.4423063713851816,-9.477126768735744,1.608136212925526,-8.740461236426434,10.537529580244387,7.08550589344954,2.299572648567172,6.261039693832493,-10.146627865443614,9.53205074517054,2.468739680643539,-2.9098264080237413,1.5622888645640653,2.1753473286076686,5.60452957485531,2.898893587757745,0.23730964888004635,-7.459843082106444,-12.72302438569739,14.889645803634854,6.1578446835671485,2.805817479275574,4.991714345615517,4.390859317188944,-3.302178878202877,-1.4857600142632044,15.866840057442811,5.819074815682135,-1.396164230787944,4.871800524737524,3.1046512349934607,2.779322091503378,0.7427435694205231,3.9479077384011907,2.8580385219661997,2.1987510501531693,-5.47371704626145,5.7802954068805645,2.056527009370712,4.284095997486159,-9.24915125179625,-3.6659381443079897,2.2159138927503097,-10.441319153777428,2.3904319468841084,-10.716099875336383,13.942354382077315,-5.663250324118074,-10.721858237182358,8.060606107424672,7.590138042370009,-7.5015212226244525,10.041988378429046,-1.8849506981092001,5.387508355376536,-4.953262479413933,6.595255848012016,5.33936732410385,2.995675038240986,-1.584679835032532,-5.423346422942011,-5.293080374282866,13.765947546078095,7.773004090150537,0.183812046455345,5.474010546205865,2.1550858062668876,-5.7971001809378535,5.188546905403246,5.253752566063552,0.1363851812041128,0.9806610013794792,1.811962134519085,-3.421736121391228,6.316926111168075,-3.2356263400082685,3.2870224154549765,-3.906864823602907,-7.8014486279277655,0.8771857086445012,8.260851647268307,9.324206092244625,1.7901029826352444,0.4095416935517626,7.059248637850213,4.620908121520206,-3.7306920582200753,1.4442711975318767,Actual adjusted month-end return from Yahoo/yfinance daily history,Market Table annual returns from the same adjusted daily history,"Sep 14, 2026 08:06:57 PM EDT"
RWJ,RWJ,Invesco S&P SmallCap 600 Revenue ETF,ETF,-7.756314869669623,3.1453396921437893,10.24602381601538,2.4340482741495917,-0.4500946277877782,-0.37969089412155377,6.808466011614422,-0.23814845926874995,1.5345125975837037,-4.876033146469827,14.023011905901228,4.266294050636321,-1.3855720244387526,2.3568540883235123,-1.9778436051789972,1.096114758512834,-3.9575957596517997,2.6745548067292457,-0.3434589478601868,-4.5066777528488755,9.247416248074124,-1.481941861612257,3.9940465079262744,0.026306681761800732,1.7315800157888805,-4.951473410813401,0.5342266128549156,1.504174115887369,5.3029500892683545,1.487150824115302,2.792934210808884,4.135193562969119,-3.8574391408129793,-9.642712991948754,-1.0877764881400132,-14.382280271221937,14.465222058784066,5.396309449786951,-5.023730084105571,3.2337067083769044,-13.179678145049746,7.7129379255479025,-0.12671894862755773,-6.929883264158542,8.96899167551335,1.09841786442193,3.19725159266,2.914281943517616,-8.122796841078872,-10.535591102524167,-24.516221357796063,17.520837962232825,8.640972862087516,2.6584768926435576,6.862539002172907,8.044412737720318,-5.801420829926107,2.668216074847818,24.370701712790876,6.773488501187819,25.30210621718936,0.059021179608342855,12.228694826767338,1.5008956066573376,4.963677695709823,-0.6531458710430038,-3.884809125189548,2.2799997865403876,-1.283420457569251,2.831214075069588,-1.655332134708254,4.372360561290312,-5.318719535154759,2.521448039647467,0.5390065096910979,-5.709742570771025,1.8033848984506884,-11.352145184738927,11.017260361560988,-2.9453139252452964,-12.114058717226783,14.637700448629376,5.613506230192167,-6.486999374656599,11.913776575114543,-1.0209327274033342,-6.296298398000388,-2.4966557097401476,-3.840893385191624,8.168273440374518,6.895330371499608,-4.0583727660922335,-5.7510824834569485,-6.370137231568251,7.888566525878504,13.06703649041101,-4.006742588476076,4.551172680488813,3.2871799414988523,-7.124513225803996,5.306834789485748,-3.983969814522048,13.526337983768277,-1.8685581505414661,2.741837033262251,-3.303428261723429,11.01809963120106,-6.520374265598727,2.95018476208031,-5.710042709149943,-8.085346563374285,-5.159723902618674,6.9171180622068285,5.185668653196984,1.5938886280911113,8.958614264198284,1.1046367740056073,-1.6563180982389958,2.610529331589051,0.2540703289032553,Actual adjusted month-end return from Yahoo/yfinance daily history,Market Table annual returns from the same adjusted daily history,"Sep 14, 2026 08:06:57 PM EDT"
RWK,RWK,Invesco S&P MidCap 400 Revenue ETF,ETF,-6.888930637393775,3.628188183769776,9.839834952216986,-0.20833781749415303,-0.12526009696739449,-0.22995234610647675,5.791503995695191,-0.2579153506684917,0.21880951450532482,-3.0890483769032695,9.923955404696216,1.6613697161370178,1.7008629862498292,0.9998011778656446,0.0,0.04679178946280782,-1.334051880394893,2.94172177482932,0.5147403461492672,-1.8717952535509008,3.7250494205704587,0.7910824312676645,4.124962956104317,0.9244493518094421,2.602557923389348,-5.1372491379614305,-0.08030862348606949,-1.255511277733179,4.707879332778808,0.45315895880977397,3.1111874324464495,2.000938785360251,-1.9296947025725153,-8.912920405173775,2.9005549484375726,-12.596836037144477,12.936558769984119,4.077420223701722,-1.4807774928428663,5.215173364509029,-11.437272508816122,10.661819862355815,0.06567176839580302,-7.446304739645182,5.865616030103404,2.6032837526358765,3.7485757557838895,2.866777502084905,-4.865267888160407,-11.52290213381696,-24.37669722194087,16.05838229290404,7.379458200211397,0.792581024131267,3.6144710489362186,6.18903519599725,-4.609676030057653,2.9068835324501663,19.755294540620973,7.112969077286868,1.4619458613007952,8.991354130299722,9.574934681300684,4.021878658839073,1.6761639922266536,-2.5008596799607985,0.7115576764104459,2.2316858430383224,-4.3001365174716195,4.275543651925817,-1.791781689444627,6.196919816532542,-5.693469662829564,1.8145097984016312,1.6584385914584443,-5.782148892203898,1.5774177699603653,-10.907197251589817,10.613012036170266,-2.9211393585019563,-11.222933562858117,13.60214694538291,8.447687981954633,-6.071212834916551,11.668830590483825,-1.9606007473903286,-3.300324026118484,-1.9973608860125336,-2.6010532381673723,11.424686940572236,4.70491496301173,-2.425678209845017,-4.158588907158601,-5.211568665624977,8.297726823665208,9.348237204342524,-1.8470921592998346,4.549421314982083,7.107691977610275,-6.350996665087305,5.2602308377325935,-2.9494894981408226,6.13953422120932,-0.798151949010173,0.8990738227405481,-0.9628596805140055,9.053810455052535,-7.221480697473548,4.611534009803253,-4.671426546901392,-6.603831683499095,-2.363733946580493,6.74072113352302,4.394348498766565,2.044647559953261,5.466138169814938,-0.334942940691052,-1.2159096588571505,2.745162840199722,-0.045901341891074754,Actual adjusted month-end return from Yahoo/yfinance daily history,Market Table annual returns from the same adjusted daily history,"Sep 14, 2026 08:06:57 PM EDT"
RWL,RWL,Invesco S&P 500 Revenue ETF,ETF,-5.527355890526165,0.8588713747257781,7.104829508303467,-0.049712123140954745,1.168323049343778,0.14742097990771974,3.370698935817229,0.023873039071031776,-0.4764485909553695,-2.030345535978584,5.792830314159603,1.2785122856602715,1.4959111325651975,3.7642383240397814,-0.5682421203020649,0.6475747883830874,1.1181343792937781,0.8022941184210541,1.6982813290811194,-0.9985107453805542,2.875506389241367,1.0623969398434907,4.851731732154496,2.0502688849475925,5.195565692968085,-5.086930300987158,-2.558007479449409,1.405066900265961,0.43546488819143914,0.4658986964365619,3.546088624657928,3.1392884829597456,0.4161024486554865,-5.721694175414449,1.7815173010186092,-9.942323400653287,8.917033892671267,2.2884212262196613,-0.07486600920969533,3.547883637016591,-6.946250676178778,7.918613722562284,1.5923406058443446,-3.0794767744843354,3.1863896420152082,2.187215821788513,4.208243246322252,2.062519218903991,-2.5548702534284207,-9.079732521939599,-14.37853045019527,11.523564565435462,4.308773830085788,0.6408954881310658,3.8514148989566843,5.421707334946091,-3.6964224128370304,-1.483407949742288,14.737429527215905,2.6172094085096465,0.016057911549727244,4.3827009824960905,7.354176265351886,4.185836229852247,2.1676270826501476,-0.05283859956557446,0.7597252811639699,2.01966120934689,-3.972555475511197,5.662418383997503,-1.9250588621528841,6.435035207414108,-1.8009451519271913,-0.8532866628103375,3.993257788195148,-5.900565572337579,1.2119533001726746,-8.647239817084174,8.086420477186707,-2.184823094199151,-8.776910055025755,11.011775342793694,5.516772306033424,-5.550572877728788,6.058967733761356,-3.545003264136648,1.0950534529769795,0.9855313041802427,-2.5894669767060896,7.286518991377688,3.5000109199885943,-2.7657030734659083,-2.5493268581225914,-2.2395640658578797,6.925001539437048,4.951979475599755,1.0428953812289476,4.174877896794937,4.742539455046346,-4.192907208042829,2.783959674901526,0.706026400606552,3.4225933001998943,1.91041270334118,0.8333182524333571,-0.9788816716814641,7.198010477505212,-5.592429825791434,4.98366018274361,0.06809316837717017,-3.0522728634821084,-2.2850839706970105,3.6571615040514205,4.0181520685577565,-0.49862584887675476,4.278703397910966,2.6366822784021027,1.0121003043830568,2.585436485355963,0.1931461029207826,Actual adjusted month-end return from Yahoo/yfinance daily history,Market Table annual returns from the same adjusted daily history,"Sep 14, 2026 08:06:57 PM EDT"
SCHF,SCHF,Schwab International Equity ETF™,ETF,-5.406403500834145,-2.953564432227529,7.1541393721522795,2.3607541604131255,-0.36036982704626963,-1.95297600991845,4.057517907710295,0.6026464251553287,1.4447029256829502,-2.2230040660320416,-1.5275274423919627,2.431843565933711,3.6488518260609393,0.9759409170241096,3.106660471685063,2.1426273347437075,3.4742630562844434,0.6651923404860982,2.863439597135087,-0.12236591389992446,2.511490536984695,1.8225214242056698,0.7629086039604438,1.586754681819813,4.843007074508243,-5.31914835593753,-0.3252652019231528,1.4238998152470206,-1.6963942673764665,-1.6661808394529132,2.5113456756009844,-1.888992659683808,0.8724200915316116,-8.410374749280091,0.5210072145316547,-5.402315526018564,7.195761653821631,2.40212787392704,0.6105333179162953,2.8744687306364147,-5.215768459616276,5.959114287975509,-1.9632264659994236,-1.8753925860081067,3.206996929502548,3.138732474457684,1.2477155785162175,3.3416053234359033,-2.85461178315215,-7.376780341561851,-14.606744639473746,6.230642266601039,5.355201951919697,3.681095224803177,2.4201618490600207,4.922896223445505,-1.7829291136955083,-3.43949588457082,14.182060280696174,5.517373546451898,-0.7497888454049306,2.462241153401301,2.730726849810994,2.9771216674319367,3.5880436152429196,-0.8505124465522429,0.32953585179773537,1.187457123725455,-3.3707862672180733,3.255812937535252,-4.454450280666789,4.17837587647194,-3.4216601227677335,-2.7970058255319286,0.6302952804527528,-6.835515684320603,1.9292722807299878,-9.017209319897646,5.119242465916196,-5.837875743743515,-9.637007302054279,5.901196970815925,12.722380823959977,-2.230605252519968,9.03445779744576,-3.416854764167454,2.5943420041399934,2.758620396358058,-3.5794081202693118,4.53475980817446,2.9733387783813514,-3.922619901408153,-3.714229473283537,-3.1801985019342394,8.607062709859935,5.584871178673878,-0.9469612936088057,3.004631020107773,3.4738737579077528,-3.4597623628346508,4.619053817384922,-1.5947056127354253,2.863094274710032,3.1629498172920822,0.8584736793448178,-5.009708400309676,0.4096171915065616,-3.57580722712898,4.432439213044703,2.4327127689113714,-0.050530154996963894,3.892819101597178,4.963501532452219,3.1346493777328677,-1.4027145441606437,4.2221038595881,2.509921238490409,2.0618510374667665,1.0101029400830797,3.0331575895309326,Actual adjusted month-end return from Yahoo/yfinance daily history,Market Table annual returns from the same adjusted daily history,"Sep 14, 2026 08:06:57 PM EDT"
SCHG,SCHG,Schwab U.S. Large-Cap Growth ETF™,ETF,-7.041439338168953,0.12217565340555403,6.609715376139613,-0.43877375820979836,2.011891574995328,-1.160868153473349,4.993322953222967,0.2723028227659796,0.6050612877125161,-2.5594841613686303,2.774711392098661,0.8548174529362296,3.528546426799073,4.186843381692729,0.6569041349858473,2.248682954810377,2.3286130567599095,0.16282156505680323,2.674068159431342,1.0324895850407856,1.1070328400961449,3.0270829032817526,3.0556690716544876,1.0561510760183745,7.156034279245582,-2.811151598545847,-2.4262955562668553,0.6135679555452578,3.950038802674327,1.2655296857109422,2.6260288003308263,5.053369367858607,0.5898800854973185,-8.473528642557449,0.9724207435984455,-8.54900023341757,8.994648885903489,3.261006553187018,2.5879287582789123,4.544925577791381,-6.165759849691077,7.050917107075549,1.8867974780301777,-0.9554109206143857,0.296632863527968,3.190081259003308,4.533402865905289,2.7501637297822956,2.787675489955821,-6.565473580147185,-10.538839977136384,14.689230855471536,7.082653531869787,3.967046921284423,7.730923275720669,9.799790385874818,-3.9650713550793526,-2.8392722470782616,10.053596041285218,4.41449918799488,-0.7164406498193832,0.40786630519642486,1.4880125462302551,7.635992015406345,-1.625023406251147,6.320734430944586,3.3365100957266414,3.8785246240993,-5.391705822528293,8.893272490229887,0.31007031834362486,1.3973989613054627,-8.940500897364611,-4.043966041513148,4.675476003152279,-13.245111227816919,-2.880927536732325,-7.8883475069559505,12.9332407576366,-5.16108734745766,-10.025227182288921,4.4436433569681855,4.0144164893190615,-8.226648996326558,9.935195903861626,-1.244273994059375,8.185609953485029,1.3809664520462839,6.372041199596579,6.773151665738442,3.535697822936301,-0.95359369934781,-5.2808471612329715,-1.5126253163005754,11.142120447767923,4.389059931610495,2.6157199319247315,6.895341600506577,1.9974022477309505,-3.9581478257402547,6.063999732930125,6.878912573301887,-0.9619161877659543,1.762287814202601,2.6176914994443523,-0.44155412652751025,7.173163701568619,0.40087851320067536,2.081095631266461,-4.112476492800754,-8.117384866665766,1.517568900637123,8.418566039090592,6.091022911413657,3.4577173751468626,0.9927289369523695,4.6529401073986065,4.6067044748989705,-1.7375757725845653,-0.45201046648086773,Actual adjusted month-end return from Yahoo/yfinance daily history,Market Table annual returns from the same adjusted daily history,"Sep 14, 2026 08:06:57 PM EDT"
SCHX,SCHX,Schwab U.S. Large-Cap ETF™,ETF,-5.373687250712855,-0.15232272289998905,6.428444651918208,0.42999390598519316,1.7532871937733896,0.20854514140289382,3.7974992457365575,0.1935545847831177,0.08619320121550089,-1.8597606438114145,3.7702921543455448,1.9843721043184548,1.9902398979579683,3.8475567036091674,0.1763880224763037,1.0663187708950472,1.3539873138477265,0.683679839361595,2.0080256108210737,0.2884340888221093,2.064867425300343,2.2984322477755503,3.0120709458971495,1.28271058445788,5.534665381874837,-3.6993178585557174,-2.2865397725690295,0.3170477311688069,2.465220404852708,0.692705887080769,3.5697594737613025,3.2684591896345205,0.517203099375152,-7.029878918112653,1.8864590756762833,-8.785710478627006,8.073686128140945,3.409804365312108,1.7657496016399765,4.023091254636868,-6.327317053418002,7.024720855346067,1.4531948860378119,-1.7694458233471377,1.8755536460031585,2.1570522346654686,3.781406687444022,2.7797241099400516,0.1562296501364413,-7.929284623977817,-13.020019135507555,12.96324324798761,5.1018959840157585,2.3061020830831502,5.856950514243575,7.304955120963164,-3.6213460879831127,-2.381233800771654,11.548720940426138,4.0186253148570605,-0.8026390673333106,2.8375172683634764,3.816807380673626,5.394151393947166,0.5532952000661062,2.482853643471339,2.289122529539944,2.896089130140056,-4.626769618845817,6.911450734692592,-1.2677387361454517,4.050543167702303,-5.702022721999878,-2.8137335009071895,3.5407658884938353,-9.006510850140526,-0.26529732732281097,-8.229315829295924,9.15808366844506,-3.8974377842323715,-9.229714097439977,7.839415570163677,5.452156869148772,-5.820432852729973,6.555931520625813,-2.348783808965904,3.352183546372567,1.2817928281596336,0.6123576677160125,6.639338926493643,3.513460399889534,-1.73398252129483,-4.663954427964678,-2.4110584668997848,9.356017028237652,4.878945936208945,1.4716328386040756,5.399263955419054,3.214349317485299,-4.076698412842717,4.653107201844953,3.4602033690192657,1.416333396642555,2.2866727916964535,2.1123307836877325,-0.7811350047334464,6.461665685889972,-2.650303290874678,2.976705734454055,-1.5081743174818585,-5.806072169814547,-0.679354111961783,6.24713999791271,5.206767288758463,2.45498667565347,2.1166166672007547,3.2975112098151405,2.391800525889698,0.11123407054791645,-0.033206330931967454,Actual adjusted month-end return from Yahoo/yfinance daily history,Market Table annual returns from the same adjusted daily history,"Sep 14, 2026 08:06:57 PM EDT"
SLX,SLX,VanEck Steel ETF,ETF,-9.692311669041176,10.335033711953677,28.61553767680678,18.6474482719849,-15.885313053857564,10.70568663443372,16.515752783618765,-7.46037114335496,4.299630803027288,7.053139762904137,19.34417838273137,-3.7588833717230985,9.3146310182314,3.7521065580968793,-5.809620508110913,-5.7716118508349235,-3.8117833599063733,5.220017212450467,6.909088001486685,3.692910727604537,-1.1246506685370194,0.42654109801176787,-0.04718381210134792,11.072141987886797,7.808067706409716,-0.44507659586668913,-6.9498090600338625,5.656281327568835,-1.1368348849881693,-5.331399825248939,5.764126974916217,-7.934841610975141,3.9918360911591177,-6.9792792160661925,-5.9554527386147305,-7.718744229422181,13.863378849775065,1.0083046563669873,-0.19963450762228163,-3.550895958296152,-8.944780932580642,11.389517661379433,-4.677889993624462,-12.630740087547265,4.051574211280506,1.7109017198200238,6.525526263732595,5.5249044253142365,-11.137633797718305,-12.50372458377953,-25.375170102287946,8.683736655975283,9.545828155732284,5.834937749384528,3.6271383550037672,7.595363253710219,0.5205001991582137,3.4951513310644833,24.202633922250172,14.467347272191722,-3.136926553940711,12.306285018571717,14.933060408628585,6.0394183774946875,6.760182903413714,-1.9154643706786656,4.551330904620121,-3.5813600293985948,-11.607430646982186,1.99239386311294,-7.742857017822646,9.695405349044716,-1.6544366914595043,14.853752226905526,12.916110715918183,-8.210492418315486,0.9153732882442922,-21.276257350069084,9.096422983681896,-1.9825937659262438,-9.73533828714369,11.287945216236196,18.554767395643125,-3.5149194696095676,17.548397939478157,-2.8974833556052237,-3.453492823205928,-4.534045785859464,-8.56204220307818,14.953278102939427,10.490920397624492,-4.68373875900594,-2.657358424912881,-4.4532579466525775,11.636076184442334,8.553738394733124,-5.883943694820449,1.7286085301198684,2.832066577833192,-5.205191789588315,3.6025624842432213,-6.590013421489904,5.253685687931942,-5.019977290757371,5.7357425065826195,-4.615172774943077,6.16347101600625,-15.123318365467664,4.190901147181414,2.183550737969586,-1.1889448030824923,-2.2276445753974916,2.8937255913071613,6.933909143979355,2.8718138300526608,4.451955901408988,1.9552677677609376,9.492277766871581,1.8901219004751724,6.603332709718579,Actual adjusted month-end return from Yahoo/yfinance daily history,Market Table annual returns from the same adjusted daily history,"Sep 14, 2026 08:06:57 PM EDT"
SMH,SMH,VanEck Semiconductor ETF,ETF,-6.681661248565374,1.4279972833740162,9.220694395615215,-4.75672600977195,8.463599402453003,0.1933222182931571,11.383966346379859,4.26772564300566,4.923719454356701,-1.727364217129146,4.086694309902339,1.628371196268552,3.908408465522073,2.6195509911945747,4.346149328530591,-0.012559438454473604,7.892081170640819,-4.802877682271989,4.861961585330521,3.192005203141246,5.351075428917107,8.88342619730964,-1.3384605598151578,-1.0420251775651868,8.894789588472673,0.028170248894876515,-2.1212612565651545,-6.827760564977825,10.323164529589368,-4.216818489361762,3.1362628618266886,2.8803496204840684,-2.285660707879844,-12.202906856669205,3.5202161351865158,-8.055835860309257,10.666812154294236,6.977971949625106,2.903307925049625,9.329441480641432,-15.50106763406125,12.165322480354291,6.2715490516739525,-2.2802947557977182,4.116410264190629,7.017539243792359,4.251327186382525,7.992226468356423,-2.715502393587599,-4.070647110244652,-11.237414698280046,14.162554076079669,5.458748188217011,8.34574860853099,8.782723662063297,5.504743872246287,-0.6671463409216094,0.4305154922578991,19.239804559499895,5.431767678136379,3.749662046498803,6.328049930303048,1.0790746622625358,-0.22583253226946542,2.5473210981066696,5.2369632234813945,0.34321147010323294,2.922388832713696,-5.376068484262387,6.778019930132961,11.423755347688846,1.818207326285659,-10.813165441152627,-2.6325394595784646,0.6116113044604354,-14.804114360300725,6.408522819418749,-16.702103165364925,16.408989048394098,-9.525222283790457,-13.725124398511191,2.21477702707098,20.351974834234188,-9.872508430931749,16.832554341973392,0.9700494421555295,9.937347270404251,-6.05646105726263,16.748221992964286,5.487432880039078,5.4975279059790605,-2.73937831288269,-7.194982593686284,-4.159195804318894,15.494784985058052,9.623665173542983,6.290381541996637,14.031316962406182,6.152399887858584,-4.8446650670050495,12.326589761413697,8.40818259593059,-5.258912501444824,-1.4292088263154645,0.8173802067036551,-1.5359577199166252,0.18620305999992315,0.4598073071112374,0.5987565623802649,-4.453657888379592,-9.15066551065774,-0.08984570539989356,13.475007597713473,16.32116848342553,3.549914912119023,0.5228979189877636,12.425489445693682,11.232998883499668,-2.9585092262622514,2.5464332415918944,Actual adjusted month-end return from Yahoo/yfinance daily history,Market Table annual returns from the same adjusted daily history,"Sep 14, 2026 08:06:57 PM EDT"
SMLF,SMLF,iShares U.S. Small-Cap Equity Factor ETF,ETF,-9.726440507216228,3.7037046022288855,6.056999170535793,0.8197527080801237,0.43860279245186984,-0.6019029036572698,5.8564621961842755,1.2152321200932459,0.8637888431922036,-2.7598199694793824,10.910212607702817,3.3955420677517667,-0.3953889814213185,1.7295479978568284,-0.8312212705925415,1.5198462442404859,-1.885211164329137,2.624405691408671,1.1589407490937065,-1.6912215370818773,5.932466305550155,1.9031159119980323,3.2715305487795776,-1.0362933151155107,2.5810114786925187,-4.415410494170258,1.119507336899428,-0.11760323755560798,7.104466515688457,0.16781336427660332,2.893327861653572,4.252896286905528,-2.8925138129239025,-8.674668697550159,1.6880864323413736,-10.89740248403439,10.58067702208394,4.216079897551994,-2.5749920645744884,3.615050293895461,-8.758428974467202,6.645534073125359,1.935940939252423,-4.733408008362405,2.2428404910256994,2.6573250431388917,3.7948801798704412,1.502875794721703,-2.610092752918447,-10.050255793734541,-20.42646069744063,12.151757841119393,5.207988065824365,1.8385637474193306,4.62055278010407,2.8105185920015208,-2.629614414746817,1.797728921306474,13.468622906996263,6.953218763991953,3.311096834653804,6.0926590914544,4.742658110094089,2.3260141696258785,1.0620832184673024,1.3021101872780383,-0.3737377639064232,2.479636144902342,-3.776691684224265,5.004641613900596,-2.6222492231348205,4.7342493860282,-6.986888854405782,1.6901373023474608,0.8987546535094815,-6.597015674795981,3.119474514958953,-10.558201953628254,10.258050027728416,-3.423607042215304,-9.952553760076077,12.823947303117912,5.287129538132129,-6.2241587228126445,9.484504761194756,-1.2690988202192055,-4.174597115387901,-1.6777237144429136,-2.0238040926625067,9.081917976751619,5.59492590197872,-3.3910218161776196,-5.003725882849219,-6.160830465747824,9.037353323595031,11.173455222949524,-1.9041252781758056,6.013875194697649,4.221423864862772,-6.165465217626053,4.5088881117584245,-1.5580704637112364,7.368072126357661,-0.8216649852878843,2.170020938551054,-0.5877957044207127,11.70407247252998,-7.977891437545404,4.355558028994899,-5.408864919469025,-6.464405657055316,-1.8178855353236822,6.685239719027192,4.693161568426407,1.8395882080654902,5.578025957672739,2.098203450131142,-0.21519752612846332,1.5231192952358086,-0.26976544794472535,Actual adjusted month-end return from Yahoo/yfinance daily history,Market Table annual returns from the same adjusted daily history,"Sep 14, 2026 08:06:57 PM EDT"
SMLV,SMLV,State Street® SPDR® US Small Cap Low Volatility Index ETF,ETF,-5.222964085997683,1.2434482732154972,7.707749399129793,-0.260637619588866,1.9074979348820298,0.5464594021342917,4.748466823504893,2.2788451132138787,-1.1256283636567166,-1.4883551293547348,12.904014553980247,3.960298559672615,-2.1620221753270608,0.7657888307831762,-0.21918528828345218,1.540177835937162,-2.5602674604830233,2.4103119266512207,0.8342465030678037,-1.869546292806401,5.516830554705687,0.34456748702509366,2.882073756096326,-1.6381522115916813,-0.26270582935482567,-3.9293142881350662,1.881370843232344,0.6872238560776678,4.789090250636896,2.349291071976789,1.2388835965022826,3.463649065328145,-2.1445794584045497,-6.8083544305997385,2.2913307486619683,-9.340939653463675,8.747591315508174,3.6059102915819485,-1.5607143845179694,2.86369145375045,-5.355455388505293,5.279867231457214,2.494114141431214,-3.5032828594216636,4.022105277801513,2.5665164149240693,1.6716237756825514,1.7533773599061053,-3.1275302714314446,-9.221249165473422,-24.359258505879865,11.590273057820454,0.6101713785961804,3.6648331701833126,0.4454301805489447,4.39548837171071,-5.047788569223977,1.3989972609145696,17.167760829307642,7.509047287720749,1.567407291452172,10.432112058100351,4.207464636505875,2.252710953295689,1.0445246536064268,-2.1976998572159068,-0.0355343027565902,2.4255787373883786,-2.162462519022612,3.8684412353045428,-2.6516723283820154,6.064523209894679,-4.954387564893481,0.12328449111276285,0.807506906478439,-5.965325340375626,2.4406298098537116,-4.5474288106210015,6.855888564739776,-3.7329659984333574,-7.447455837426709,11.910065368360634,3.140279100308918,-4.768214825211425,5.304218683829975,-0.9174143943257662,-5.650574820310905,-3.8238337506889986,-2.7000215112577886,5.62984172608223,5.566854794788245,-3.604191202408258,-5.300524198300605,-4.074809437238514,7.104450199397494,11.596163467868536,-4.194790714248741,1.1131532511404751,3.3236817458480505,-5.35522315823621,3.838161680127339,0.7597925388015403,15.024558442500279,-0.40300904418757444,-0.7536168904512697,0.8291674159208062,11.001997100772499,-7.423438807460325,3.024374477051972,-0.4411139574467593,-5.492574929088445,-3.100842026058448,3.788011337904962,1.9375688145897296,-1.1509926622645716,7.374479049990512,-1.6465414847099735,-2.512711939584966,3.5104267199874695,0.9390050623494739,Actual adjusted month-end return from Yahoo/yfinance daily history,Market Table annual returns from the same adjusted daily history,"Sep 14, 2026 08:06:57 PM EDT"
SOXX,SOXX,iShares Semiconductor ETF,ETF,-7.580138180117412,1.7343039552184303,8.79212627867043,-4.627829902396163,8.686204279128361,-1.0879706597882732,11.06362427558829,4.71154698254217,4.191279750609045,-1.442608448319993,7.201863165886002,3.037654616637875,4.188402638202371,2.815568301551785,4.403023946777429,-0.569825548119407,8.728264644415539,-5.030300629108586,4.835973844339647,2.9051541341093223,5.182469492222919,8.923493694359518,-0.09263034260847958,-1.413477629968396,8.633184623353497,0.22226401373093285,-2.421046436095864,-6.292673100110169,11.08934934294874,-4.575964861917658,4.073167067203665,2.598340460856541,-2.3398763154043434,-11.937310878863272,3.2462172464579053,-6.542169708498935,10.05673975545216,6.398727379856406,3.4373455872613645,11.617593391746773,-16.562660781335303,12.862707812417629,5.629761270852263,-2.31414990860932,3.7253953083799196,6.120820190685428,4.06505506001511,7.931746968708198,-3.2018781113507866,-4.636676542855955,-11.162356209966829,14.536354114393113,7.156209497686294,7.782158973083342,7.206420844951089,5.795653718886218,-0.4910380914836532,0.2856198006256916,18.439838971261715,5.014234767369774,3.228012012420689,6.512180110511001,1.8898960898100947,-0.4622903257482047,2.5235334711879887,5.1037090800073015,0.5922220738920014,2.4687732414091723,-4.5345004840236625,6.450307917222875,11.505791289329004,2.666581791240219,-11.589080894766568,-1.107491482927181,0.0030306879661656794,-15.318613171210782,6.3276526128412725,-17.834869735204784,16.509832599016505,-9.240658544841063,-13.316526248215975,2.4315295517275626,18.852611742846136,-10.070765570669893,16.006620112126967,1.5235199710137426,8.774446161536552,-7.3155108916615585,15.664546495602183,6.554673649456011,5.527745055330291,-4.601176845199928,-6.918972689124814,-6.599802236117103,16.10793240871171,12.379202473834772,1.727135361933474,11.26864976771369,4.042772910727277,-5.280639089599603,9.35558153356597,5.527293716033688,-4.561483184207605,-1.8013501661624853,0.004958110647113045,-5.347157446285344,-1.310368916588034,0.19951741862958006,1.2251103395272134,-4.405630540078276,-9.643907938556262,-2.3010991607553377,11.47736935550121,16.728275148183826,0.5571780741947086,2.2039027581723936,10.749271728583931,13.068014596352363,-3.200131744415835,1.6348471547823706,Actual adjusted month-end return from Yahoo/yfinance daily history,Market Table annual returns from the same adjusted daily history,"Sep 14, 2026 08:06:57 PM EDT"
SPGM,SPGM,State Street® SPDR® Portfolio MSCI Global Stock Market ETF,ETF,-6.373970221984671,-0.6946914611943855,7.9048720959969065,1.7503875394643709,0.3982212597794188,-1.2771910835829958,5.382272760389761,0.41409645531846895,0.1680243466049225,-1.6468382917544266,0.5116536025521645,2.4102405247072856,2.167294300944689,1.9868498306318871,1.5526964074268568,1.3269422708012124,1.9359481009782575,1.1724946646428425,2.4505677499954137,-0.35337287294222586,2.877797162527207,1.7499481592221588,2.1368133681567203,2.130506406610455,4.679203894719675,-3.9491589994028464,-1.3747034437579297,0.4092072085778664,0.0509770877969995,-0.9374474068837846,3.469252421902458,0.5755359062961762,0.8085362726644618,-6.922495837238962,0.9943072654205354,-7.638490510302043,8.302218208009293,2.4270618112515407,1.113550506262584,3.8289165283742044,-6.253078534993028,6.426863661098592,0.26268932921351684,-2.6571822546456403,2.2939652608907846,2.7311513765595707,2.853669376135204,3.2634045041634696,-1.8634848023901363,-7.524344163111685,-13.680689633359144,10.25868384907902,4.234080277546082,3.7537218276646467,4.418752661775338,7.309459126324258,-3.024898901264017,-2.8881545851079604,12.80038423260017,3.682504521954555,0.8827904348968074,3.601934130142026,2.8285314679683315,3.8204251075013573,1.895127290362586,1.039149759360103,0.4142577381014645,2.457392779933709,-4.166649975348779,5.498709398497259,-2.337662909410554,3.8003264577262996,-4.21855135088186,-3.194933085047613,2.181618598897095,-7.901458415330875,0.43589099349121696,-8.276981184309395,6.5869390887836055,-3.508072395038764,-9.575137834957005,6.802255432209514,8.098055163531036,-4.4497661383335,7.613120560559916,-3.1685880573723346,2.6342864049478276,1.503911435177674,-1.1655565915950739,5.867838235598466,3.706538037808249,-3.058213640056484,-4.047884151563563,-3.18876459862375,8.71523273710444,5.22144164146876,0.28912767401871875,4.3783797428186055,3.0208820094365985,-3.4182296055150663,4.337272290982552,1.9952648010242768,1.7440003758635525,2.393263508088417,2.2899531666826345,-2.2232449706455104,4.16864044882741,-2.957972345332127,2.921199919857642,-0.3681980824782216,-3.8805243882641394,0.38449743260859925,6.0644775902585435,4.72794263759253,1.3767942175116454,3.2737719907554252,3.682180517988898,2.4699539840376428,0.22676375894910006,0.8943845167783238,Actual adjusted month-end return from Yahoo/yfinance daily history,Market Table annual returns from the same adjusted daily history,"Sep 14, 2026 08:06:57 PM EDT"
SPHB,SPHB,Invesco S&P 500® High Beta ETF,ETF,-12.295074365039682,0.15575221951948937,12.020886842795697,6.564774853932853,-0.032578123618010046,-4.033272675629684,6.267050528246254,3.397411581842702,2.0621447650730484,-1.7341288628340612,12.879251160682625,0.8757534756318908,1.9677303144457037,1.2329135782446654,-0.3549288391121119,-1.3833307538673512,-1.5915563399308996,2.5119923282747036,2.610314820823567,-2.832417221132244,6.830734452840526,1.749925956234577,3.564316412582169,2.6123763531886057,5.8837348207744,-3.7785927593326996,-1.5694855154373744,-1.2941144430193563,4.719928798193607,-1.599712541658882,2.9090339700978296,2.329258903362774,-0.3619935264395413,-12.880967656900799,1.9662705208113307,-11.172911408821617,12.949876582413822,3.8635332334216788,0.5218349323958815,6.230445459232814,-11.684783854172265,10.270061706329736,0.37402554392473863,-5.891919264799295,2.6423297233699072,2.394753052236287,4.701146598468409,5.6386148471801345,-4.07375823644458,-9.208770017469492,-26.79561182251642,19.30844860344696,9.15349967473742,5.625511217604973,2.2244519759585524,6.9193185237569566,-5.007999483127168,1.7573407781278139,25.904884185284672,7.136634592269542,-0.6341384071498091,18.454169420096946,4.27261854374934,4.904388729749676,5.182299540303292,-1.1946842741214492,-3.6919448969506385,2.7205388200179703,-2.2204588538709658,7.510262074944185,-2.6338991885921925,3.4836172698004875,-5.859261553999029,1.5862219043571102,0.7373931925066524,-11.479736441823684,1.368260139058508,-13.864578301175445,15.714055101017998,-4.924802329258238,-10.897099852139291,8.694899607267548,9.458174581982393,-8.553348047668186,16.15593881725257,-2.320431955335145,-0.8893705986720124,-3.9022286327621836,2.42451753659898,11.13271660010675,5.524292989633617,-5.681665970139571,-7.578841742088871,-8.359486966218954,13.947684400282956,12.802393183491589,-2.45144707272269,4.914151787479848,4.376219885751831,-6.56485149633933,1.4637584543382154,1.7401508810710231,2.9484765260122225,-1.357258108119641,4.2135426057480885,-2.9365603143242436,7.494222759897373,-4.647605930388843,3.0005542299290866,-4.86254745910445,-9.745405409770125,1.1627850960350683,11.02689647417765,11.154911321424098,5.403471608370136,2.0136277477518227,4.887875492908189,4.82695298017084,-1.659426563587174,3.505870967540914,Actual adjusted month-end return from Yahoo/yfinance daily history,Market Table annual returns from the same adjusted daily history,"Sep 14, 2026 08:06:57 PM EDT"
SPHQ,SPHQ,Invesco S&P 500® Quality ETF,ETF,-2.0319909714972884,2.030016713308802,6.4014235406237185,0.4064834140767193,0.7287134792107075,0.25639519600140215,3.060845208483598,-0.31260655810864124,-0.9331979600121332,-1.6282613245049982,3.7545397102220823,2.0256891510929576,1.3466642848355415,3.758531431093748,0.22995327053376702,0.8768735426047725,1.3762940971812299,0.27141399593433313,0.9656994754584147,-0.24799017151205804,2.906302409932815,1.146250354780487,3.5714256496467645,1.4992588690489583,4.69618921412478,-3.669996306406864,-2.5235961724219935,-1.038872419811565,2.3704457298104,-0.37351492813029186,3.232231720339329,4.519058844884216,1.8053172692100716,-7.073149849135452,-0.22966796881003226,-8.055405707692465,7.155709166552393,5.033544575318194,2.979621798991916,3.545893433523628,-6.488443982533687,6.838356165127135,1.0567871967182674,-1.2249942465667019,1.9296490481770512,2.4448268270551354,3.346927017265555,3.465017952920202,-0.9844148840512656,-8.257392865672418,-9.313718110364643,12.261955940176804,5.2083231924211715,0.6276453256323755,4.32081061104288,7.877662011996311,-2.9862222492981982,-4.009306200412754,9.727852441351125,3.8507006284323575,-0.5936585901690328,2.0066848641235424,4.161418442988518,3.180653006970724,1.8802045304210813,4.610550178767192,2.654307167272152,1.9442799058077886,-4.541878526616672,6.055604300800677,-1.2623828015966843,5.008409412188275,-4.190927944806056,-2.6088355698752674,0.8706974569084647,-7.112796225148321,1.6177589815061566,-10.409981794561618,8.309533553754033,-3.781056753070089,-8.765627381608587,9.335628735926216,7.111654326449801,-4.951305222095148,4.818193005769289,-2.03817660736495,5.202317499149922,1.6695091375329207,-0.8106552605394501,6.12536708280762,3.7859371989740875,0.2100794923566518,-4.291450443756806,-2.7378185099056984,6.718725325821695,4.50358297013933,2.958570940048233,4.97486196129624,3.729833918977743,-3.459110734338655,5.366020452875908,3.681370744660306,1.6682423815001846,3.157893718986937,1.228564592527781,-2.3784508429764095,5.177388752759371,-2.6783243247569755,4.072796166632897,0.7597519456254309,-5.333139509708706,-0.2864027257558299,6.273635825876722,1.613656604202407,0.16839652374960323,1.4149546737425744,1.546324230464724,1.0506207511622234,0.891176688588402,0.7425357970979762,Actual adjusted month-end return from Yahoo/yfinance daily history,Market Table annual returns from the same adjusted daily history,"Sep 14, 2026 08:06:57 PM EDT"
SPIT,SPIT,F/m Emerald Special Situations ETF,ETF,,,,,,,,,,,,,,,,,,,,,,,,,,,,,,,,,,,,,,,,,,,,,,,,,,,,,,,,,,,,,,,,,,,,,,,,,,,,,,,,,,,,,,,,,,,,,,,,,,,,,,,,,,,,,,,,,,,,,,,-1.3145023833598168,-0.4604437033564279,Actual adjusted month-end return from Yahoo/yfinance daily history,Market Table annual returns from the same adjusted daily history,"Sep 14, 2026 08:06:57 PM EDT"
SPMO,SPMO,Invesco S&P 500® Momentum ETF,ETF,-3.992218519642876,-0.20191358557452022,5.380273407868508,0.4990512777770517,0.03818970910691721,-0.564110708535015,4.845927255495952,0.0,0.49600454798306437,-1.8621153539407853,-0.624986208954248,3.3285513319370352,0.913095071902692,3.984251467908928,-1.8787000501804818,2.611827208277706,1.8549112630461329,1.5336315167509884,2.32636657575378,1.0642508836200992,1.211755299792916,7.77955628393292,2.6135480877258477,1.0117392657021718,7.294386248942897,-0.501053612100355,-3.9542675359649615,1.4139284096811977,3.953214531776106,-0.01186179698556833,3.535764854152501,4.457778795789147,1.366705520760414,-9.806374551825325,1.5864623461249172,-8.73542507257994,9.155809976210794,3.932057522383192,2.8158077926471403,1.0336915507946465,-2.477138896015818,4.826537285412602,0.8610794302966962,-0.3827011856306295,0.3081074253188376,-0.26853163062707797,1.9688625153541972,1.9829287237706383,3.0064535993571617,-8.292805654627077,-8.546555582522187,11.10927054596489,6.797284253279057,2.574372829957672,7.664304640277297,8.49264623721333,-2.01919631868418,-4.283703829486596,7.694556258670504,3.020036803078807,0.17953819495666323,-1.4413612666509978,1.6512758923164172,5.3633903926709525,-0.7875301415170455,7.17516293843079,2.22788628484909,4.592734004396615,-4.78981135652452,7.369876494539729,-2.9108723176548223,2.66295476306444,-6.365457099021743,-2.039292030987383,3.5556696805878474,-8.527404710682218,1.5555075549284814,-8.18967979884545,7.907928638510375,-2.9545733710762634,-6.9750664854496875,13.580349008816262,3.1676671806943446,-3.163070482475361,-0.4578977892984559,-4.564750132079698,1.7649198697144763,2.8974990182202065,-5.507052150021141,6.043916253745896,1.7590214558063533,2.3663064990966154,-1.2331857597398521,-1.9936552082486902,9.814763554926476,6.510369782125358,5.640039301724653,11.490078634841705,4.161065449822532,-5.447531347311163,7.343442058228011,7.503245322793961,-1.6693358388277568,3.7790779092768734,1.6348749014416741,0.19858212465455605,6.617502133948294,-1.6810593970270848,5.2941664214399164,-0.23989400287381946,-7.108095656843494,2.2046877002063203,11.398957733188686,6.969559981402407,2.8629844680460703,0.6828619953623383,4.095916091847651,0.5286703691802952,-1.298273737941602,-0.42357804827451995,Actual adjusted month-end return from Yahoo/yfinance daily history,Market Table annual returns from the same adjusted daily history,"Sep 14, 2026 08:06:57 PM EDT"
SPTM,SPTM,State Street® SPDR® Portfolio S&P 1500 Composite Stock Market ETF,ETF,-6.222881162399019,0.7848014809262338,6.705952453651731,-0.2815398689078097,2.1469824314496178,0.19214040995221282,4.268516076435924,-0.04948400477134962,0.6650922302753326,-2.322274251127854,4.464100166141183,1.8665080381780275,1.8699745759633624,3.6420068551347606,0.15445530959041776,0.9927787725935389,1.0054219804183528,1.009038371797688,1.692410977849046,0.1685859056415273,2.436338831567131,2.2139609998059973,3.123993063143393,1.1179199953412988,5.118961693450519,-3.8670744329962314,-1.8424322626893086,0.5484383446602292,2.787870425680472,0.5667707630665486,3.2362501961126666,3.4767432401452414,0.201157297669452,-7.320482084108193,1.4604912097263334,-8.743553622477174,8.767407461792853,3.59904304867249,1.4334444262291246,3.9795073982376916,-6.424246394415844,7.017544515250984,1.4810484876292884,-2.0540367316359,1.8138404977806166,2.177471056650493,3.7559732886553343,2.861603061865914,-0.20067183826099066,-8.270467786041724,-13.190848433267899,12.877590281174122,4.760552606092205,2.046741914734751,5.637932816992186,6.84036747910497,-3.7673919394600963,-2.2743962851557775,11.386401102274469,4.013257985574326,-0.6943032680255312,3.23356647891333,4.447329276538192,5.021335591488607,0.8323597654656512,2.034071622549072,2.1144044863752542,2.939531896376568,-4.503871704072681,6.774871820265815,-0.7953444728056147,4.5179201597262075,-5.389213767766121,-2.585925291178248,3.503659915009538,-8.582232153892766,0.2558714717666666,-8.342734226648263,9.337344586786966,-4.053511837383816,-9.150448426708536,8.206758796553459,5.552078353208945,-5.705046610981124,6.491846976956395,-2.343119659477144,2.9453430801526626,1.4078785144235884,0.2542107179787756,6.602268303806946,3.434977273206008,-1.704852497982412,-4.80803240835328,-2.4766706976552255,9.122881203454348,5.055306903922974,1.2318036658401699,5.3067555284664225,3.294157566199152,-4.084179015842659,4.859408813435495,3.1992552123307094,1.65786310096816,2.149741829230223,2.0146586879417505,-0.9563034726655095,6.2833090976413875,-2.810846760081809,2.7859396525294455,-1.5935538768644286,-5.565186555814172,-0.9851731026770172,6.207332409108424,5.050365392161016,2.1631917593715633,2.287276016434281,3.3551165080458745,2.1326700353228034,0.36420233055856066,0.09099945986816849,Actual adjusted month-end return from Yahoo/yfinance daily history,Market Table annual returns from the same adjusted daily history,"Sep 14, 2026 08:06:57 PM EDT"
SPVM,SPVM,Invesco S&P 500 Value with Momentum ETF,ETF,-5.303552529757316,0.14739357007438336,7.333058617803401,1.8257005592765552,1.8267884087096675,-1.5538766889547917,4.8879810669715695,2.1035892512838883,-0.26517478336596234,1.3751623022036696,6.876940050344893,2.7515621793146927,1.6006995076945474,3.408762050870795,-1.485316203783138,0.22504850699680556,-0.6175068680646656,2.128744821612627,1.8343007247719978,-0.8187505912866877,3.2790655394148827,1.47411137487794,2.2451105281045214,0.6566894634353782,3.459842905791466,-3.5437700086949575,-2.1912031673368415,1.2486433477856274,0.15742498543784844,-0.3411234048374956,4.082691744607736,0.25471973713515617,-0.27228325213344284,-4.105698832641513,1.6590387152073616,-9.233548452345586,9.210531220016783,3.1592811874438187,0.4146812701461,4.080059271994441,-5.94257970585661,7.14779662842322,1.4981108710712787,-5.559673921010266,5.028979313499149,1.6213268771452238,4.050067505793176,2.383001077455127,-2.852480553728054,-10.623070213997998,-24.266121851927558,12.597847010161356,4.07709881102003,1.2568697388209982,3.7137298067302593,4.395948295515506,-2.4260755045030336,-0.3429826648391421,14.568395058354788,2.2613885426962854,0.9839693526457749,3.824574457725438,9.470642559270438,4.347851956326965,2.8465192692512353,-1.7463957015052434,-0.16385726335191864,2.9544541327932716,-3.7465156450114945,4.906831742227724,-3.3353005984433803,5.742011327233554,1.0077389467523679,1.6692189855583628,2.5454751181699597,-5.801904862551355,3.6092516460902058,-11.935761376651122,6.055361820204985,-0.32625542956311593,-8.842964335679525,13.01105657122259,4.437347678368453,-4.8901704925982115,3.9521988072268366,-3.567967242075487,-3.2682864397883704,0.5268811346782254,-6.24739610016295,8.111742139826926,4.203093681600212,-2.8354813723907135,-1.9548898565049488,-2.254981580317572,5.476501802859146,4.347752055561638,0.197159790048973,3.4435308314349156,7.807419418000161,-5.37329100622721,3.6356844923115306,-1.6356918492340777,5.961610099695158,1.8115351004951874,0.4223831962810287,-0.5820861939343502,8.610300236906498,-8.280706057161492,3.529212245481128,-0.06717141711644059,-3.0264072463339287,-2.7889089746146345,3.7833993878051864,3.7515666884513132,2.258277769052608,5.496478010847872,2.6691413328071123,-1.6273738509825164,3.787874933233226,1.4480059955038316,Actual adjusted month-end return from Yahoo/yfinance daily history,Market Table annual returns from the same adjusted daily history,"Sep 14, 2026 08:06:57 PM EDT"
SPXE,SPXE,ProShares S&P 500® ex-Energy ETF,ETF,-6.737380019835603,2.3996202904297492,5.7605840672311,-0.5244417404586699,1.506258926329762,-0.758980597193204,5.290352728798631,0.6840408292073219,-1.1504942045899802,-1.059113098075315,3.1499551123782554,1.7235245752109218,2.247850892155401,4.490342222256638,0.18248925254822357,1.533563512988212,1.240845669613888,1.0515227834219099,2.141477833982064,-0.01932702774876116,1.4803513866399332,3.1950332834199235,1.874345781285447,3.186350821456152,4.250037698293019,-1.7003316219098008,-5.028286197518684,1.2958507335637082,1.7675863650745027,1.255392939673472,2.437634158495139,4.248758390302321,0.3085970153734907,-5.888220185433857,1.5017278671773049,-9.107300443752075,8.439291800917692,3.095413865899932,1.8456040981668753,4.268702296924354,-6.040364272984544,6.759431663629201,1.8164793342432484,-1.4408478621606657,1.8329503710686312,2.16894093886677,3.9113103272111704,2.516655761090436,0.7321143757907933,-8.958789301263092,-10.534393641880257,12.388920835743411,4.743970348976578,1.9797502575428227,5.628651094169901,7.731097731379166,-3.493176890839822,-3.104035443245534,10.734864610236006,3.922357243183172,-0.8852569561862089,2.5198962118201385,4.07473172981927,5.2038834951456225,0.6362747165924221,2.2919977490192034,2.5710990056553973,3.1131119656289563,-4.755067410842228,6.653227936280337,-0.5251978717019767,4.515888868312401,-5.990939806665585,-3.3419180087628786,3.8559359941644056,-9.343523924496356,-0.4732139923254719,-8.054567018186932,9.44618265850199,-4.2335609962731,-9.220117394928874,7.182884959932423,5.557470898443184,-5.762751659134702,6.398908474415621,-1.904314120345596,3.627530719823868,1.4776187744289127,1.047981099844919,6.567104636762,2.8202844991582987,-1.5537789810989855,-5.169175319064934,-1.8663393086569724,9.577585216431928,4.682218128808424,1.900480545890515,5.4418948081159435,2.897060649632266,-4.177751526625806,4.92406335968536,3.9487230278860252,1.1113873308680633,2.529815858711615,2.319042691834383,-0.7807687760832627,5.6957539151593295,-2.189964519455301,2.7834435809805935,-1.5285656492474708,-5.876084924588332,-0.21293048048659502,6.476729849597951,5.0061112557096665,2.1289408810371446,1.971819956974863,3.8644277394491278,2.4528137061575306,-0.02028705717986856,0.22634383003754532,Actual adjusted month-end return from Yahoo/yfinance daily history,Market Table annual returns from the same adjusted daily history,"Sep 14, 2026 08:06:57 PM EDT"
SPXN,SPXN,ProShares S&P 500® ex-Financials ETF,ETF,-7.1876104501873765,0.9492897908474296,0.9846351772117012,0.0,5.7659218281341795,-1.1069203380112635,7.2956205283196685,0.3321884188302482,-1.1391781937084233,-0.740266179112159,0.02262079375843218,4.066066529082213,0.48182304651962493,2.89884493071233,2.2984963374034217,1.2908109107995447,1.42832706652547,0.8257057259946965,1.8222571544233457,-2.264281513337296,3.7639438066230824,1.9106583280504186,0.9325729053891063,3.8407953905512437,3.190948906000979,-0.9283648569559544,-4.689096587618302,4.192774840378077,-0.8011635116335736,3.4345122432435815,2.848208887190351,3.5522095213388782,0.5888165295144354,-9.499057356752994,4.112444394660031,-8.555822599676121,8.256213808811431,3.4767501873947726,2.4937504143130784,3.521148984862199,-6.579330910740033,7.170573957424331,1.478664285874598,-1.3970071972288611,1.4316594772895153,2.0500006067543985,3.699612944278541,2.8868496884554062,0.3835355498545079,-8.57268952619339,-10.160302833896552,13.434788302890643,5.1639372696355546,2.0805207483630017,5.683220701400948,7.99435904839052,-3.95229627660465,-3.2864471479001955,10.569469541866638,3.7784340521898496,-0.7110781099098129,1.7878636757776345,3.847442511814636,4.997621256739571,0.11575547791500274,3.0376456780278227,2.4470586850298126,2.7590360323507035,-4.800009962797935,6.740626149072493,-0.011371603837995181,4.4784451081784304,-5.871276947650717,-3.2183644342162476,4.453694845338796,-8.88928977314899,0.16639797402620005,-8.191859226114529,9.73428411560333,-4.133692838028324,-9.306849202973632,7.666051622770609,5.079239824662474,-5.729313157711468,5.940227557642919,-2.1392345624744125,5.473269376982071,1.2665972412388538,1.475277296858546,6.444318537165983,2.951798479380785,-1.1715620419809891,-4.99699787765956,-1.9909118112845015,8.721272839529327,4.357651305651311,1.690917823305127,5.583607541200397,2.980547711852677,-3.8939754820741634,4.951647192455377,4.468612200118405,0.14156392675845897,1.928498480417784,2.554181817433143,-1.1932252490267081,5.057690866861475,-1.7823078771999512,2.2606383142378172,-2.013358969827417,-5.86459379803631,-0.41708738553174474,6.76060844336126,5.483753966145777,2.5758259708167364,1.816385442194579,4.394942255594847,3.3603246297037703,-0.1518119460360956,-0.2441679631573601,Actual adjusted month-end return from Yahoo/yfinance daily history,Market Table annual returns from the same adjusted daily history,"Sep 14, 2026 08:06:57 PM EDT"
SPXV,SPXV,ProShares S&P 500® ex-Health Care ETF,ETF,-6.033353657929186,-1.1144908810375442,1.0524604090269785,0.0,7.622658525557169,0.0,0.0,5.750351155037303,-0.06884053349450747,-0.4888629500815589,3.8632779025670194,2.1429352457814854,2.485115063025156,2.2279796601851087,-0.7247697471415293,0.3690768107914799,2.3922446204275083,1.3247656690152265,-0.912145028139788,1.5381851479583153,2.6279010002008274,3.3602287246238705,1.231207882858798,0.4503111403184823,8.506320167596716,-3.4879724547127955,1.0380080328373786,-3.0751897259156835,3.1547808216398465,0.4829120244301155,2.7598859544983645,1.1420741586163574,1.8850335915876482,-4.525189365555448,-2.871499069294803,-8.25798682581369,9.172936244681473,3.4427783747938534,2.1295414595958073,5.143418669411104,-6.94259279459879,6.9825610780341885,2.074089515923272,-1.8370626147154234,2.1879312057114575,1.517783516713922,3.511671950211337,2.8354172245583786,0.4683321872856139,-9.189248724656041,-13.044794080110368,12.919927847304248,4.93453855931183,2.771757042615186,5.3306666139110614,8.308830439080284,-4.047691336373205,-2.9849623646776013,11.623927151310154,3.8993852951079377,-1.102540566441923,3.5115700788663107,4.17771871166821,5.330398635907718,0.5878990040210974,2.304184990653524,1.8871732495896687,3.173970973442075,-4.388622739428849,7.130917375531753,-0.41142563124215714,3.5606898193323078,-4.830518913962367,-3.249640792492947,3.748797058529396,-9.662356102579961,0.08039969544404446,-9.403080246959883,10.518160650378494,-3.6100791925317455,-10.359622057985508,7.694185362260364,5.497564839482716,-6.317464439451925,7.716574403343479,-1.7507974027049622,3.657447127077851,1.2973192152366142,1.2957702078056244,6.933160453198783,3.3147815281279636,-1.4912693809376099,-5.101521517647189,-1.953621259233962,9.709543249648389,4.523573147038884,1.6128731922530948,5.632220403414445,3.32810904686629,-3.8928331454772147,5.061035961246496,3.9666440207229536,0.9994594333432083,1.9859228156647868,2.647663332156802,-0.24922448830277943,6.4323876241328515,-2.043096859406701,2.3534998455140066,-1.6946082904701676,-5.994528967813839,-0.26311703905281814,7.710814445304992,5.31134516493732,2.734479277742241,1.7007431229765002,3.8950226232521645,2.3225069197509995,-0.8298628139147946,0.4464644357729197,Actual adjusted month-end return from Yahoo/yfinance daily history,Market Table annual returns from the same adjusted daily history,"Sep 14, 2026 08:06:57 PM EDT"
SPY,SPY,State Street® SPDR® S&P 500® ETF Trust,ETF,-4.97868732229263,-0.08257377543595679,6.726581349086502,0.39414106580875075,1.7011491564550285,0.3475837284546035,3.6471294373120244,0.11975479761727748,0.005826067573311278,-1.7337515332706777,3.6838711803536928,2.0271766460968843,1.7894731585367696,3.929176682004343,0.12494671500287158,0.9926536951096354,1.4112924440344843,0.6374794855269705,2.0554281941190577,0.2917516553676558,2.014946940432849,2.356399045090618,3.056602130299968,1.2127649223442116,5.635939856734629,-3.6360607354642305,-2.7410495076010344,0.5168414908907293,2.430913973075821,0.5750638434470767,3.704687936167872,3.191994233252493,0.5945149751332535,-6.910424689371075,1.8549390626706685,-8.80483169037587,8.006554961685719,3.24157567065666,1.810062208111618,4.085216053548302,-6.377080112337852,6.958588763934581,1.5119276096480228,-1.6743121637895153,1.9457958360214134,2.210490801468712,3.6198145953221017,2.9055272529458387,-0.040359792991706556,-7.916606310657793,-12.487125503876761,12.698352436066607,4.764549455797629,1.7734499402444426,5.889192863669912,6.979698239177101,-3.7443553528331397,-2.4933795861316166,10.877682274156886,3.7048459338504314,-1.0190451786218913,2.7805526149386584,4.539908725544817,5.291058033070795,0.6566133999908574,2.242729381075259,2.4412735065397095,2.9759562334542355,-4.660548715330004,7.016370271621319,-0.8034774668620681,4.624771463498112,-5.274124855640383,-2.951712565823139,3.7590612107642807,-8.776916323692252,0.22572915232790258,-8.246049162068037,9.208750358425387,-4.0802082113971405,-9.244585473549572,8.127545816277436,5.559168244225843,-5.762816397495363,6.2887302838741554,-2.5142732052405803,3.7077941005553283,1.5974762466158143,0.46162776973603936,6.4799791753870295,3.273325825695461,-1.6251943528180934,-4.7434539359383905,-2.1708515210485224,9.13438477204005,4.565511285793455,1.5926522016957767,5.218689736621784,3.270189842569571,-4.031957126224162,5.0579662758128086,3.5280334425669135,1.2108998784083003,2.336573586521973,2.100444048660588,-0.892343020322095,5.963319334082584,-2.40599661651395,2.685623711431928,-1.2694736490296177,-5.571931091521765,-0.8670167189502642,6.284494004594876,5.138623540299814,2.303144881615604,2.051958368009088,3.562033851605517,2.3837580535737146,0.1949914509092654,0.07975029584423865,Actual adjusted month-end return from Yahoo/yfinance daily history,Market Table annual returns from the same adjusted daily history,"Sep 14, 2026 08:06:57 PM EDT"
SPYG,SPYG,State Street® SPDR® Portfolio S&P 500 Growth ETF,ETF,-5.161190280884109,-0.7579110293013502,7.022568574850507,-1.5617242996388447,2.687945535035152,-0.3137564045411656,4.588264690780286,-0.2653130966706274,0.3395295141766619,-2.13814480620681,1.2720632828296718,1.4717788422505373,2.8956546737354705,4.050586826660196,1.184304816816617,1.9435178600918812,2.9675826120018733,-0.5620263485427435,2.613348036143215,1.4176125737978662,1.0887409734789077,3.324719454810099,2.780387067073331,0.7189291666252373,7.181804518937707,-2.1204623898984365,-2.902337867351501,0.20884791401176717,4.34648579718715,0.5583929203556437,3.4443240625723126,4.8431567297596345,0.7290920075094132,-8.10669920404241,1.5082459465042275,-8.488754139260756,7.446157898719763,4.066413965776983,2.7333359008610003,3.9505475365077425,-5.273995823168498,6.104717760581568,1.1360317229837102,-0.6892782863698432,0.33665338395720834,1.7485467036493452,3.4369345380151684,2.786839435794941,2.338339085487795,-6.971298156130812,-10.042807809824927,14.269711429118503,5.901088275400768,4.150194306911037,7.05699320182771,9.440604341518588,-4.582819149911654,-3.0333337825932394,9.693360036654974,3.9823257667809253,-0.4521607208267331,-0.03633252430208511,2.7221111014176236,6.826255536551451,-0.8630768061496319,5.608138283682962,3.811323820144752,4.145654570402435,-5.815677514987927,9.090906838621194,1.4890980179122826,2.4223928345936896,-8.43109539941227,-4.400231153161515,4.551599589167221,-12.62649314215989,-1.3137358065954619,-8.188740708195697,12.758234639730247,-5.360471786286858,-9.976348245714606,4.51095912006565,5.003819890385097,-7.587468061926328,5.604932241949689,-1.943575197424241,5.866201495417478,1.4270375845429228,2.5645481106856716,6.26522907810565,3.08147567174053,-0.6201479036738844,-4.874768893861702,-2.4291397705740403,8.73097446133395,3.780363051019875,2.874268715607875,7.186607638068576,2.116470876236476,-3.8687622294718227,6.669515933279224,6.991435076880825,-1.3602966749887813,2.163476823142263,2.874773204985215,-0.6872210653250832,6.05800609827134,0.8115382063505816,2.6165909855512037,-2.8935647161650757,-8.112253654008871,2.0281252019197726,9.378045878590168,6.4356050214397165,3.399083568063621,0.943578311450799,5.185366853691287,3.3967938552496024,-0.9439196783561421,-0.1666340683939671,Actual adjusted month-end return from Yahoo/yfinance daily history,Market Table annual returns from the same adjusted daily history,"Sep 14, 2026 08:06:57 PM EDT"
SPYM,SPYM,State Street® SPDR® Portfolio S&P 500® ETF,ETF,-6.465356787267829,1.613989171204544,6.049130271875414,-0.23877893441899278,2.133170676591445,0.32775176595289945,3.950203499742333,0.06875003433957083,0.5442026985907678,-2.2852287492354795,4.416333239079151,1.7023728973919905,1.8631183225577441,3.6021108313975647,0.3557212429773804,0.7841133926897781,1.3235666351467446,0.9420908110651771,1.8361026902583566,0.13800088595423698,2.1078671652707603,2.3058805292391904,3.0162415533186326,1.2503162561730674,5.301843007921936,-3.6093497690799725,-2.2214635747769385,0.45248871968615045,2.5418091703455437,0.4974046903397644,3.356338670898573,3.5204625327869055,0.4337547640359096,-7.044334606939639,2.0208383506602035,-9.052876321737614,8.490226052796856,3.5342200392317835,1.735810680801686,4.062641638924092,-6.275321194753458,7.100175348299853,1.5055137446219113,-1.8824983609062929,1.7973606122323238,2.1521052086348025,3.7921325438699416,2.867649838206243,0.10582808303629676,-8.056010901761235,-12.524717624765858,12.760326374608312,4.749336566897044,1.9253885447361174,5.820702030294456,7.012498723074789,-3.771274444351902,-2.4650561450456188,10.838992135502568,3.768916671713085,-0.932661145459035,2.732492356306526,4.57321475992245,5.213499924549914,0.6729376043518531,2.2934059441975796,2.4438441550313605,2.967431800400999,-4.671956771459551,6.995639380220964,-0.6853315966943829,4.512328484835271,-5.230167551209375,-2.967313764224355,3.8173086102313514,-8.808564141053154,0.26830954925505246,-8.316237901533652,9.224167878586176,-4.0470799740815355,-9.255951340063973,8.168597641795916,5.460153378550614,-5.664872791403319,6.269448114766218,-2.5104614086068455,3.7385342698114776,1.5576183762859186,0.4908042962557646,6.460523046474864,3.262336523247078,-1.5610640779488039,-4.7555227404708855,-2.128923974960195,9.127884951010135,4.552382883419304,1.6457916079158696,5.174249468643466,3.3088252768197046,-4.014294180888167,5.011863330017863,3.5522020677104083,1.1250165521935473,2.410351666538424,2.185011728706465,-0.9331928902542419,5.995796771140083,-2.422108423307434,2.697959558835983,-1.2852835604078683,-5.603169147194576,-0.8515864177559229,6.33438670810349,5.1581056377420165,2.2699059513085595,2.0984749716523643,3.532128307745497,2.4253242399713493,0.186941363811699,0.08094407442749141,Actual adjusted month-end return from Yahoo/yfinance daily history,Market Table annual returns from the same adjusted daily history,"Sep 14, 2026 08:06:57 PM EDT"
SPYX,SPYX,State Street® SPDR® S&P® 500 Fossil Fuel Reserves Free ETF,ETF,-5.443162098151911,0.23540910764907608,6.265121402804685,-0.23014444546314294,1.7159047215492107,-1.0329103511347082,5.437408217040152,0.17048721826857793,0.09305301848625547,-1.6124652385542837,3.3245731503932285,1.645401231716237,2.148307880268785,4.352589494905956,0.43322721379357443,1.133505657599665,1.4551211177229462,0.85055598346091,2.023778420404665,0.3833831002057142,1.6340800095625108,2.519450604523632,2.966722324447524,1.2553837506336096,5.678979278388563,-3.431623835818154,-2.265785226849526,-0.1366268483931954,2.1583574385460214,0.6090696431974241,3.707086305536489,3.428059233254288,0.5052832120889583,-6.713754131290884,1.7256539179230312,-8.586576311177463,7.9422297071673364,2.972031158302979,1.1449873593254,4.926705031441725,-6.427181432206607,7.239443529584477,1.5866294371867928,-1.4311134111074653,1.854823591362953,2.2256547569528218,3.7457209702618677,2.796039636628378,0.37908548252940655,-7.817427674667354,-11.990301390109149,12.438692952241004,4.749319854075118,1.875985209240616,5.831495239769069,7.706772107993021,-3.6636872196527115,-2.7893895832103777,10.529556450551558,3.9723149665550572,-1.2153224981340416,2.7653933268328768,4.387630945895427,5.274422674186141,0.6286414163756637,2.3102067130440718,2.4212784242199747,3.1643769540810496,-5.0495596172804635,6.90012684735124,-0.0704648420609355,4.034331075368436,-5.80286672849859,-3.1749009319183896,3.695149726176372,-9.124471087718057,-0.2973654202493514,-7.9572027567363035,8.911535113079472,-4.160879547115903,-9.159002780705016,7.320709661322677,5.741488003589934,-5.253710099100828,5.859673792604236,-2.276892708152911,3.6096571060163063,1.6245306192733677,0.8288984756759099,6.547334429538498,3.2071112187785022,-1.7948032742281073,-4.959887302498068,-1.9579695402083042,9.515417384399182,4.417796046551681,1.9067376075369014,5.28443600932087,3.0741667005085294,-4.205619963568652,5.365875579015866,3.5372064932727376,1.4125626010260461,2.18880552786751,2.5022547577282728,-1.396825344663133,6.1171930563618915,-2.3388933931125733,2.658368003107814,-1.355450606642794,-5.923338308766979,-0.06557922123514581,6.299204552872273,5.071206068777401,2.0420246456803515,2.0588868795493154,3.65638313975416,2.4430211761699905,0.19576462274699669,0.041329523766120424,Actual adjusted month-end return from Yahoo/yfinance daily history,Market Table annual returns from the same adjusted daily history,"Sep 14, 2026 08:06:57 PM EDT"
SURE,SURE,AdvisorShares Insider Advantage ETF,ETF,-4.9731921572751965,2.89883107307658,6.333899989654457,-1.6002832322180915,1.4998100595567276,-1.2640192093197444,4.038947329384879,1.3344987596681568,-0.3420522376863966,0.13728173110902908,8.877458995637033,1.1622746738052303,1.8567949272716433,2.2400688783614786,-1.2541452049994017,-0.321356930864769,-1.3355753550242988,3.205227483860651,0.8442610712856569,-2.1976394328102278,3.7603315067116005,-0.20624259597826766,4.694420214945771,1.4034424849575178,3.806850290672825,-5.379539469016203,-2.422327578478334,-1.0368287211195537,0.36890745295152794,0.3528588150834455,2.5051088931972387,0.5145135115922406,-0.21328871111591097,-7.737253053392157,1.6525233383169358,-9.92728042809059,7.9432844707503,2.8485575909534155,0.8462824847955686,3.2194148342790108,-4.804132632381853,5.714269037536024,1.8654481658324507,0.10095951446038587,0.028799481704533392,2.116949575799887,3.074300448569467,3.233421067682496,-1.7014904259479824,-8.85920390312711,-15.343210228998283,12.347642608597177,4.056592027095207,0.19643665209707617,3.423319231672717,3.907859476454356,-2.4558009275612247,-2.474468588159928,16.09381609750504,3.146035446429263,-0.573996407325128,6.312754569827739,6.0205230384154484,4.732220339683457,3.380824783422698,-1.881948376330933,-0.513553817617407,1.8436444530274043,-3.310218567199419,5.124632040771382,-4.325257796672776,5.596066567497249,-0.3360892276140781,-1.2671147419598405,1.0970861212894256,-6.592961835385102,2.2797067050552178,-8.358347769617602,6.0453902096356815,-3.9916317255276335,-10.370958782123319,13.339308612787582,5.9129501955807795,-6.975561686293219,9.22249970078286,0.14963183124392376,-4.1622178492609745,-1.15812102439391,-2.591256715761292,10.259079241262302,4.8987650704521934,-2.2600020096855578,-3.048895390682227,-3.5035849822706577,8.311451655754354,6.651971981358917,0.7753448563949217,5.290653991007921,5.475869229973518,-5.867262302574616,3.3799774683676675,-1.5556290903492198,3.5443223144857816,0.9225757227308007,1.700129665682848,-0.9828618323378779,6.787132142026864,-6.900484352866676,3.23023898911714,-2.5216429470258594,-4.7895476280298555,-2.017575719381115,4.237215817528561,3.143110416606909,0.08511796703449814,4.507566375825567,0.6917332917248054,-0.6627282235051934,2.0014613765354294,2.659287856102366,Actual adjusted month-end return from Yahoo/yfinance daily history,Market Table annual returns from the same adjusted daily history,"Sep 14, 2026 08:06:57 PM EDT"
TOK,TOK,iShares MSCI Kokusai ETF,ETF,-5.428896160367335,-0.20430117194172315,6.038899626773375,1.8339840719863387,0.4928850780294036,-0.5943148094389006,3.328225825266218,0.24204827787364103,0.835793823150266,-2.5050682921126777,2.248274024978558,1.7128376287019353,2.7032137839721138,2.6678530876715234,1.552138479774956,1.6658106313185872,2.043908778291037,0.4222354876276313,2.4104363929053685,0.0,1.9777800804050338,1.618866096230942,2.6024822554078675,0.50349203257678,6.52848135106292,-4.618073175302073,-1.6138744457659837,0.5261496266094845,0.3848403867142469,0.2324717381293917,3.275393823931938,1.5782232662115314,0.1775729830123085,-7.0900909437019655,0.8426061350761405,-7.4214646467495875,8.46818317238245,2.919700903789013,1.6034563171852811,3.5356607738539436,-5.452160972515796,6.415706777977936,1.7856852739778217,-2.261833889548992,1.5427801616036074,2.5420214350610815,3.262562927053625,2.900788829502088,-0.9205339518646771,-8.49842807264799,-14.304904675899355,11.761609014078388,5.6750984675509875,2.71549194644356,5.389725589720884,6.543873338406314,-3.754849726420584,-3.2577868005405186,11.931789878452847,4.322638042035831,-1.0650796002197094,3.2297193330975915,3.3864496753853723,4.952952629414975,1.6090700102880273,1.5889598426709783,2.2775420240280786,2.371126269313839,-4.682787417585599,6.487066178536227,-2.2720574595056164,4.237486401942392,-5.073254092435874,-2.8275552372246215,3.2722345099616357,-8.700589868159103,0.06784285526444389,-8.43292050017589,7.845853496695243,-3.994844769122341,-9.310555065829973,6.78147980334447,7.95112398435196,-4.854794414006958,7.702782220571325,-2.2766462181384117,3.20038406283889,1.254124140241153,-0.9458368541183093,6.235002883216545,2.982169924792255,-2.0984155118395353,-4.586864538649982,-2.9877556088633295,9.980308137624338,5.036166950126453,0.9521936085788552,4.5053157400209765,3.1876988887118207,-3.7498748040563634,4.73704456062729,2.252008613375467,1.6205476046099454,2.4547522892992113,1.9062689371006192,-1.3471845291867512,4.722976427772618,-2.831356223834869,2.990606629852355,-0.20919766599769574,-4.402524027148846,0.33333556682908494,6.163675832078042,4.533826748195824,1.031981212098665,2.647921078612403,3.3144552910129743,1.918941328767465,0.20354564617111048,0.9384664042338287,Actual adjusted month-end return from Yahoo/yfinance daily history,Market Table annual returns from the same adjusted daily history,"Sep 14, 2026 08:06:57 PM EDT"
TPYP,TPYP,Tortoise North American Pipeline Fund,ETF,-1.0098833741951085,4.66857714905895,5.4515706729795665,7.268913699941781,1.645410025211591,7.6568315582150825,0.40465605685160444,1.0300077480301706,6.0600363047693895,-4.787008472470977,3.127387854847652,2.537887222660884,1.9409531692375026,-0.08283693570887429,1.0134741944286096,-1.166721370440893,-2.553573496088768,1.3460401084502527,3.4659356933979257,-3.349832647982409,1.746619657814441,-2.934913806839645,0.1753067570064104,2.9366356102191737,0.07277337607283219,-7.943715073543833,-2.065418226225968,4.947182277704254,5.492011238917005,2.101140725475603,3.4764169904784037,-0.9746983856597669,-1.3852027010101131,-6.403114099567486,1.0790180637080038,-8.85031103271654,14.81669085140178,1.7497754204482519,3.7992024381659606,-0.4606197147452473,-2.1876369550360097,4.053108740345457,-1.4638566068273184,-2.0797840817566415,2.62405936212029,-3.534632462244025,-1.5507480115045102,6.773219320846913,-2.6808824814940846,-10.231735785343565,-32.23446786263183,22.238568360934252,4.879515538791801,-3.7117409286084313,0.15129808268115053,1.8731208789090736,-9.61363680038827,0.6675638057927369,16.246683210163027,0.19894999863738771,3.002339268828269,6.221962851806384,8.30527933356171,5.377415729337498,4.283702268542933,2.3285470123111107,-2.654239295564298,-1.6961518543967324,2.524809877014622,5.963333379565228,-6.147194712439696,3.8107220924948892,6.56767572099175,5.149846553283011,7.513268081463997,-2.264999034859261,6.373126698177289,-10.958924156140936,8.824720022135079,-1.4399148639235193,-10.191311882134169,9.870103381011397,4.334147609872185,-5.72849822643815,3.8477102616401693,-3.3931136545963803,-0.48543702342310757,1.7269819454011293,-4.688757845511205,5.984686496320357,3.395109523625073,-0.9807800962547075,-1.9544705878836166,0.040880317969249624,7.072800881532526,0.17836312856067682,-0.7324440282408418,3.203884948058766,6.495003255464971,-1.287551412733634,3.224642269216149,2.3498748281461035,4.474514542846464,4.249661084219114,1.004489303269085,3.632901176776393,13.222622065755907,-6.468225735918032,3.168091221965885,2.2178038339472073,2.154274478827878,-4.124292799786023,1.3192030633944363,2.133245241039705,-0.6717065297982439,1.042539313426527,2.609876867217853,-5.865566814950219,4.960366165257102,-1.0704751285508074,Actual adjusted month-end return from Yahoo/yfinance daily history,Market Table annual returns from the same adjusted daily history,"Sep 14, 2026 08:06:57 PM EDT"
UDIV,UDIV,Franklin U.S. Core Dividend Tilt Index ETF,ETF,,,,,,,1.7300844663425519,-0.9901742207088615,0.7370581272639898,-2.253606618422266,-0.7151916679759007,1.8579555499924183,2.0646843724805297,4.198444977473614,1.1832420398121712,0.17479294448208282,2.0029882680048017,-0.27094156158941063,1.5821555332447224,0.1769634481736837,1.3607412526351004,-0.3895066352107013,1.3508799953618977,2.8476457255906196,3.144892622389328,-4.531836140889189,-0.4801851854334904,-1.303729924131325,-1.5708627040707746,-0.19599613468681554,4.178900855066514,-0.8092876752825107,0.5798661093591173,-5.418900499886725,4.07086279411748,-6.211630439230387,6.770781191134945,2.5380235558984054,0.948797384680633,2.59049279561423,-3.9536686120701825,6.046280591107656,-0.3424958175629711,-2.0620687572280194,3.328502607885042,2.6937113445248517,0.7594771359556551,3.3866512819584527,-1.5980773785393532,-9.093893849137501,-14.988244388399984,9.573413134386088,0.0704393097209266,3.7776953171184013,3.392663641088789,5.178341559064692,-1.6730640554913356,-3.1560124149768054,13.20613707836693,4.038027511549336,-1.6267306578995333,2.1219571503795276,5.511056421658411,1.7759028395274434,3.8677221860387023,-0.1577548400461537,0.7464446154991533,2.4287590933184777,-3.6074092721679385,3.8636177500412483,-3.363608447730071,7.135196998135385,-0.6818469705987207,-2.067797207041988,1.9791664695228306,-3.3818758101947455,-0.022827625496568693,-8.053033183083691,4.148561863056122,-4.194868308949751,-9.753656109339348,7.3675032488281555,5.56736354277978,-5.462812060839816,6.5193565783578045,-2.299035766082236,3.1110997242086436,0.6572289891368488,0.4435452771863524,6.3331074272372945,3.4175547875109347,-1.8193684565431134,-4.893082085120904,-2.3530143577175644,9.623358496848077,4.998231706791101,1.3159029732342065,4.6767725673043214,3.4358105442930498,-3.9316765528707887,4.930139728748206,4.026022356070724,1.877759040406013,2.4326436297313014,2.2702196886001724,-0.14563040974269192,5.122283104684633,-2.530679896107124,2.6362821950415505,-0.32616357598030943,-5.534147215706808,-1.7379279613654819,6.609264125607961,5.701556933708685,2.3535666599140193,2.3561526215275963,4.096714031344395,1.8745898574224817,-0.264204751299002,0.35985662635011906,Actual adjusted month-end return from Yahoo/yfinance daily history,Market Table annual returns from the same adjusted daily history,"Sep 14, 2026 08:06:57 PM EDT"
URTH,URTH,iShares MSCI World ETF,ETF,-6.106342216050842,-0.5814786960699481,6.77240119702307,1.0667257375772232,0.8129901663897598,-0.7492014588476703,4.154045847682641,0.3323833930592768,0.2898491843380979,-2.11946564825658,1.6732223054108042,2.076698797260934,2.777771261670492,2.6228486138931917,1.0248959488774023,1.6822950123701164,2.0838541867268745,0.40148309980181374,2.4275054280387565,0.0850443234515108,2.1129574202678025,2.128679846980086,1.9562012339312318,1.5719132112884004,5.186685761242216,-4.359105493654248,-1.7035055132496923,0.746025088881419,0.6607394887577112,0.15377906263565055,3.0070701542388223,1.1433122880009305,0.7462636435454195,-7.1350985775963665,1.1261328951084115,-7.641253805985182,7.721561429456147,2.9778677037469947,1.4858947663555888,3.716631776478807,-5.787805636249654,6.340519301799086,0.9228780049161278,-2.1989975219916524,2.159382691095857,2.5495980177272726,2.8049426215309037,3.04788964300573,-1.0629657438441908,-8.247236485434717,-13.092417956485647,10.81739859306663,5.025449464410903,2.617984398329898,4.894736746362227,6.528706218018598,-3.341102443012467,-3.004411475664126,12.856091846566553,3.9322554618249184,-0.8184318936404922,2.4934824221112706,3.6930100436533664,4.321053410288567,1.6098949212203673,1.572311378413338,1.7855952590743573,2.476112169289668,-4.211477131499974,5.8358570432820445,-2.0472269996505976,4.015535085857924,-5.172921248709683,-2.9145904181453908,2.873650966490904,-8.38014979477969,0.4428475632710205,-8.593939377101488,8.13061944656679,-4.577328449268048,-9.367054283946407,7.473738959360987,7.466023664546562,-4.666019192758797,7.102963867476131,-2.5895135686793136,3.237400734166296,1.8016476741036014,-0.9934030895419554,6.008375119198828,3.2283950249160087,-2.209429641336591,-4.399356361249518,-2.546397934113176,9.111094747378058,4.9570995595414,0.8870726519134342,4.53055029708227,3.300542442473664,-3.9610840102121236,4.699315210057797,2.0449510948836958,1.6814734533514342,2.8072096490720844,1.7706728982971986,-2.0266406432973727,4.820143487847428,-2.8372927463034325,3.318333396386386,-0.4108070937457242,-4.2625011044972405,0.7181089508995875,5.853006532840688,4.51560843540133,1.015464732315774,2.7936839896981924,3.2294770206022116,1.9112131853120884,0.34049187832509986,0.8688631582020268,Actual adjusted month-end return from Yahoo/yfinance daily history,Market Table annual returns from the same adjusted daily history,"Sep 14, 2026 08:06:57 PM EDT"
VFH,VFH,Vanguard Financials Index Fund ETF Shares,ETF,-8.503609406227596,-2.549073226154297,7.616445830539065,2.847247042891654,2.537759270108908,-2.546661214264423,3.906232558361067,3.2310749123394933,-2.2606611164604384,1.86391037965985,13.842465801789938,4.1449602034231425,0.15162348725243913,4.845192890337824,-2.7299414924045307,-0.6780233473770769,-1.6150844212858728,6.321986550444936,1.582750580512715,-2.014508081499533,5.478761546831135,2.539758328000996,3.521353084218526,1.4619466080431964,5.711011475119476,-2.714746168508697,-3.2239486213591517,-0.35985699688872996,-0.15891445555169526,-1.8778718402336692,4.684939993756165,1.373761122111361,-2.611545401593851,-5.348120097939257,2.6804522712588597,-11.37709033659281,9.417120075783657,3.110075223049913,-3.099790448505524,8.552798092789704,-7.0082850490614685,6.506697688741392,2.738701716579639,-5.1621716205730195,4.784306122792148,2.04287108655965,4.941859263964088,2.3842797079707267,-2.3990227581139223,-11.202122966097539,-22.77494799431232,10.035487481186411,2.884783626809373,0.3130120677060644,2.9895056588125968,3.870314347554271,-3.822906079249777,0.7521295302221898,16.372591822912398,6.927151826192102,-1.5236617434865374,11.764684899481237,5.868501371911772,6.272150425734346,4.131423435537163,-2.8621408816337235,-0.2874033318369884,5.111387909230625,-1.7005749392148495,7.555286936035865,-5.348702249092952,2.9308421470696677,-0.5695575946770948,-1.3226288468649483,-1.0095943009793884,-10.129565705341658,3.5148134634336525,-10.67548559718542,7.449123107804256,-1.941129851763712,-7.894465926180649,12.14399397161725,6.133189374803694,-5.934918675746292,7.832731023691375,-2.0737889718554614,-10.321499745502006,2.169708194936293,-3.945709773683903,6.868759851816986,6.019202851683825,-3.053518300131064,-3.2034114777230616,-2.9008982035329756,11.437389449433732,6.784343261988202,1.8642907653219298,4.203010936161244,4.964871179113306,-4.61959685945974,3.4302750031131035,-0.6599812405179595,7.018434506978877,3.7047456992579164,-0.345623098314618,3.0206477320468883,11.454548235362827,-5.930702463935678,6.614713362885105,0.18272645408246024,-4.864577414324101,-2.3101940882784167,5.286603036850268,3.98929112041444,0.37706840359081895,3.2790711470330525,-0.23646488643565,-2.8345001336733455,1.9447918843436218,3.2057088523873123,Actual adjusted month-end return from Yahoo/yfinance daily history,Market Table annual returns from the same adjusted daily history,"Sep 14, 2026 08:06:57 PM EDT"
VGT,VGT,Vanguard Information Technology Index Fund ETF Shares,ETF,-5.873095187529465,-0.9712533339398366,8.920570383401106,-4.674509428817586,5.34433419468241,-2.320217441119843,7.573090904615976,2.335060347510254,2.4512358945757207,-0.5400100590650658,0.5262015896793981,1.3098301844307825,4.312769461165611,4.939248832145715,2.2534689677709885,2.3373629796602735,4.409137674223396,-2.536966792278761,4.132354762927193,3.1092386565507946,0.7918329210746977,7.3951854122583205,1.090458989601073,0.0952221272169318,7.5517076330429145,0.09596163014542469,-3.3752282516792187,-0.023398961667486784,7.0483703835056755,-0.6097813219892556,2.6239574194839355,8.938581790981992,0.2044745914046242,-8.4765047574194,-1.4671500994662412,-8.340615888371318,7.99015913546246,7.326790884201517,4.071261887730571,6.3699175498370675,-8.879624396890174,8.774618786730649,3.537373130053356,-2.193711423012956,1.3212456422911467,3.753194065243748,5.593803428640598,3.967325629549312,3.8105004366967954,-7.2901124849993115,-9.729701040836181,14.204812576543514,7.863627212726265,7.038257747046828,5.941642118141521,11.135569525401866,-4.86685055265077,-4.321700236924597,12.530602115986134,5.714922000556988,-0.7038226890300758,1.4802332129444151,0.739299006411609,5.146587439818706,-1.2362764456036013,7.276363319461199,3.370373323486797,3.510335668664788,-5.744339637915141,8.19108406546234,3.116372021209868,2.52482665596927,-7.837698802961612,-4.345658024963073,3.284469407931323,-11.832503474637123,-1.661225286793544,-9.402739700326224,13.367010514076028,-5.6509603223499845,-11.787305774302448,7.427536305517091,5.372476758067379,-7.966580342275464,9.695999897002338,0.4966230715888864,9.698836897273221,-0.28797060368978,8.460834756246992,6.229155098077022,2.8609566784380425,-2.18332594182975,-6.538384089709936,-1.7112837778769707,13.298204803722879,4.92769945875573,2.0475161705533207,4.834890812817161,1.5067158081685017,-5.6471039952254,8.06094218581257,7.994962113133397,-1.4880704616527907,1.0492782733712458,2.3455372783969475,-0.7195085263973611,6.860726278196672,0.048397226240770586,-0.8346681837959835,-2.9402719576666847,-9.25877479207573,1.3035204545547074,10.359443313047102,9.50342309780332,4.099325366985118,0.9486249670271008,7.241024379934258,6.238709363653228,-5.170128230345883,0.31174333352002037,Actual adjusted month-end return from Yahoo/yfinance daily history,Market Table annual returns from the same adjusted daily history,"Sep 14, 2026 08:06:57 PM EDT"
VLU,VLU,State Street® SPDR® S&P® 1500 Value Tilt ETF,ETF,-9.521977535335402,3.220811933430179,6.679518217049707,3.2129233772019816,-0.5250673168572306,-4.4468015455711996,8.348774647222722,0.5250663302256875,0.15464199268273582,-0.3901728824331929,8.484298618411291,0.05671178801400778,0.7146905688855343,4.009962393084487,-1.0713006854255025,0.8028608049218233,-0.16366930093881793,1.7758549947838542,1.8242859848689674,-1.7916020399495358,4.114844683213659,1.699340271514438,3.5366758540983367,1.5428413945458352,4.411783749834086,-3.1361621667666206,-4.687918611796693,4.373593739883641,-0.3720646369572145,1.032592678321742,2.9822995726074497,2.3072467077273062,0.270642461257653,-5.756325922459082,1.324364269385514,-9.83350305870978,8.662058874552358,2.0756001890274156,0.23544036766367515,3.7347263953142695,-7.552003954708764,7.34003998868662,1.33870864005321,-3.326355884566712,3.875376240716033,2.0276212547635897,3.5454447240938824,2.5640661477858373,-2.5011025629977146,-10.415174839084951,-16.010700465266893,14.13993461984604,3.8739861547003818,0.8351354586938919,3.1502495082076587,5.622182322267988,-3.922101219740959,-1.5520750595292565,16.08459580667263,4.756500058766,0.717311763466677,8.431566910997933,5.298458850573651,3.9561930199763617,2.5301618385547453,-0.5595747498354453,0.19805394787189012,2.412743166161313,-3.306602016272897,4.986911774839697,-2.470554973473693,5.750158983289078,-1.8433541854433133,-1.2891336315381419,3.191414058034314,-6.271805250280115,2.147927994254295,-9.22977779414863,7.140722547627343,-2.67708914188598,-9.318930201549158,11.089932003550551,5.7422634319899135,-4.923976914333195,5.979945399357556,-2.942771869793759,-0.68113716786391,1.175899366747557,-2.881207241271444,7.025172730347395,4.160508342280478,-2.540050548290451,-3.607547489227858,-2.7668094746971295,7.981762925596958,6.166634259333947,0.667597078400517,3.8797586935144235,5.089734977114668,-4.6657624815705345,3.332528920916533,0.19660284323357313,4.422100623138969,1.580409806288352,1.5484794332691676,-0.6886270608137179,6.846830112370905,-5.435433737979611,4.335774840813711,-0.20828821348275461,-3.5977970989425123,-3.1607057160238594,4.168299107489837,4.162457974131217,0.7390147903212796,3.993387105304791,1.8765544603572826,0.69566403105914,2.2234113678155865,0.7218058459363075,Actual adjusted month-end return from Yahoo/yfinance daily history,Market Table annual returns from the same adjusted daily history,"Sep 14, 2026 08:06:57 PM EDT"
VLUE,VLUE,iShares MSCI USA Value Factor ETF,ETF,-8.676095008524431,1.81213246240719,6.013475064907259,0.7498004022274074,1.4722223448233818,-1.2055841979295212,4.527031678511229,1.2418446009063944,0.651100791954784,-1.1948535973856922,7.085294466637659,2.078974051180249,1.2680004623081498,4.572272035035185,-1.101318836041154,0.2188564849978203,-0.12286237988136106,1.1835728334540496,1.9844807240343432,0.21325486329664134,3.4763646026491957,2.6125426536531826,4.159273632923477,1.7158607811242454,4.364981417076708,-3.3000997303311963,-2.2713871011110887,0.39017842132720304,1.97957931432855,-1.0655194681466362,3.413629524299955,3.6052882760391203,-0.19573759242867972,-5.907776223462468,-0.5928243009825418,-11.052326517652888,9.838796420911123,1.8943869790295498,-0.9521044066937878,3.4184613755875892,-9.601618006844582,9.569800602980916,1.6011628702450986,-4.521795532137385,4.8549692957476465,2.8400923267070555,3.697986558318589,3.266331867823946,-3.7779855454534106,-9.636341529251203,-18.32035824456726,11.079369016302621,3.4581383987283942,0.3816385554566759,1.0514562707854003,3.8472408943673653,-2.090550278783876,-1.070759592945869,16.426890837793117,2.900223648336242,3.3022737583893402,6.905743413059762,7.249445638388297,1.7763006713610974,2.8481102702240024,-1.595158344316061,-0.6948491478883989,0.7667976300485657,-3.521551890608754,2.482622834216497,-0.9496062739999034,7.8385530184419405,-1.973158843371492,-2.1526187866993673,0.2870657830382539,-5.747357114752405,3.906259602296358,-11.005574981100875,5.855069164582893,-3.5692052861840518,-10.6033898019108,13.095499662834232,5.735587859617031,-6.1820223340866125,7.175759721327091,-4.04382355071391,-0.3352483864354383,-1.0908115513414418,-3.6689202869566784,6.977858067840614,3.7317500329931974,-2.9088396801892014,-3.2436198012499418,-3.6045187490907016,8.23328360465787,7.575577984739135,-0.8501379848885215,2.522439827560641,6.015776352348445,-6.7953091207901934,3.130265784287989,-0.054628304290160745,3.991877636201391,0.40896044478628824,1.726705993737876,-1.3022762858411197,6.457902365158263,-7.184082265882308,4.156812209099359,1.0545393436333317,-3.452224406034332,-3.8349827559142846,4.31942012454587,6.529807134824406,-0.2296654057396985,5.9583841050263375,5.056617447703493,4.286283383459288,2.499801587984196,2.900008194304071,Actual adjusted month-end return from Yahoo/yfinance daily history,Market Table annual returns from the same adjusted daily history,"Sep 14, 2026 08:06:57 PM EDT"
VOE,VOE,Vanguard Morningstar Mid-Cap Value ETF,ETF,-6.864469525027761,1.3616403020772605,7.756950592099354,0.9871552844442189,1.4435248415590962,0.31398145640175734,4.1872546869884175,0.9266285629560667,0.4299085347658105,-2.415304404358898,5.9358200427066965,1.1018230996575618,2.171009508584465,3.353443658065558,-0.2452990184081516,0.3924691974052985,0.08798240976770622,0.9009695636160275,1.6914303374670148,-1.2427362373438777,2.7278358803791702,0.8141198197788135,3.4084540489402793,1.9226322018534026,3.665874105670741,-4.694845569042839,-0.30294102867856054,0.4479286051783937,0.036416242348913386,0.9655766153258805,3.204777583122209,0.5526289903664106,-0.6772772339249444,-7.031036915194544,2.2831304771199212,-10.645284246766051,9.836231963518483,3.564929149640239,0.042695710423679145,3.6336964448568043,-7.1288171937498035,7.826842460255734,0.9969475444133735,-3.379263325477977,4.434658402515845,0.38051611828320286,3.1649248848238054,2.577544333852355,-1.6695876456167769,-10.546085604933097,-21.81652613975923,12.63376923885231,4.095678472822528,1.1090866747192285,5.381431019746086,2.875523159976079,-1.6615338691186587,0.5030613311935772,13.417757191997314,3.6071368099761525,-0.26058481239837894,7.509466458506409,6.173184031803247,4.5006170394827905,2.227916056168233,-2.0031647465350133,0.3914658966925666,3.2895999845355517,-3.7859076089759913,4.362126499893559,-2.2443173908824554,6.159892886142182,-2.70069465452204,-0.6016049335573093,3.4195918546415793,-4.930862920931189,2.1997672129057566,-10.528006119011168,7.605018993667101,-2.5615251505672454,-9.838297193310208,10.043513431520946,6.52986000732676,-4.490541534968228,7.16504539027083,-3.5603427112402053,-3.55664334327378,0.6862193004095962,-5.237437538545153,8.790443374178182,3.750530495223181,-3.8796089075700535,-4.594544402239986,-3.6423265228163304,8.653610860827033,6.591049655573,-1.5584999859547533,4.056048104264254,5.46573435972364,-4.399976115404936,3.2204156569373588,-1.6466072547995037,6.0692578706048605,3.027112269232024,2.4881919001905395,-1.0079136962728996,6.145312171531669,-7.613459090102936,2.5653784599177776,0.0,-2.6111676812091478,-3.033508042392352,3.6872842361122427,2.427619421226912,1.7511812115080128,3.262809416253587,1.5380897193320697,-1.2773551610185785,3.011310449578164,0.4278406951848446,Actual adjusted month-end return from Yahoo/yfinance daily history,Market Table annual returns from the same adjusted daily history,"Sep 14, 2026 08:06:57 PM EDT"
VONE,VONE,Vanguard Russell 1000 Index Fund ETF Shares,ETF,-5.489703833892112,-0.06782437612549153,7.105820279076114,0.3606181542628484,1.7330556715527967,0.26103466627782623,3.7468681105504498,0.10032723916728603,0.356607650934615,-2.208151667945679,4.023396615366326,1.814753202715358,1.9491284176597512,3.8428512550980676,0.17894192702607725,0.9777275892900894,1.251520140878748,0.6973353706091867,2.0343867140781624,0.21170007523532153,2.104193548833977,2.296010029817941,3.0321154358683433,1.1635169142765411,5.55189954222659,-3.7437821466309362,-2.260831520260942,0.2887929923686583,2.632631567515187,0.5556443535853495,3.4352814424947864,3.4063915924640087,0.3907184952949061,-7.133237304854212,2.017106520068257,-8.983216028038054,8.358050649152693,3.304592254120209,1.7480139794399108,4.026785886659789,-6.335567364358563,6.9069932640757115,1.5292057274382653,-1.8498289276263846,1.8280545363288603,2.0951369219883498,3.837843940549246,2.7389519775402382,0.25091843853382034,-8.143418158934013,-13.183987380670992,13.101327376184212,5.399701194875894,1.984527441380468,5.855007828803638,7.294978138093766,-3.647393014680411,-2.241599620761192,11.709505305824974,4.124701905376638,-0.8618259528093808,2.9994035269023334,3.8260645544376137,5.366852490489005,0.4253193983887904,2.486142653320189,2.0671094324395956,2.940024286914178,-4.565935315735404,6.878798115558515,-1.2853625436023974,3.9944204109439774,-5.739083986291438,-2.7340261411347155,3.5657226797828345,-9.092671933509944,0.015942334397078817,-8.433797783562314,9.328962171731892,-3.827304750751881,-9.156536840157091,7.828369448949735,5.432255679397202,-5.801310330391907,6.622286660012633,-2.4542468699635167,3.202249090884113,1.3256016950143223,0.4184371748395366,6.68374479919287,3.4629881117795414,-1.7502581663657368,-4.63317859604876,-2.55831548627391,9.436959331725948,4.951184047399759,1.3229508492490494,5.427411022602202,3.1498772988698853,-4.221229134185977,4.801552798783737,3.202972588952746,1.556451923126967,2.2689222648931695,2.085052546656363,-0.7190172138214712,6.560794099731515,-2.7544641796061975,3.1681464214701194,-1.7770981377839057,-5.789629644943606,-0.677532173634765,6.298076436228728,5.09368781459687,2.317889853974342,2.0670166389878286,3.3713606888586822,2.215960472606593,0.24268120311008445,0.036892169473135006,Actual adjusted month-end return from Yahoo/yfinance daily history,Market Table annual returns from the same adjusted daily history,"Sep 14, 2026 08:06:57 PM EDT"
VOO,VOO,Vanguard S&P 500 ETF,ETF,-4.91092503692403,-0.20815252280693697,6.873363991945269,0.35001026084025,1.7545691256983353,0.322273737997647,3.6836499733175376,0.1204525982668736,0.028987520840706438,-1.791699741316477,3.725689576349378,2.072015143188355,1.7826765850657234,3.8761439977255563,0.13186833382108354,1.0399806763696784,1.4043917641993975,0.6296432954296716,2.0625427044133726,0.291182776543053,2.042229153094821,2.3270823488541925,3.0576726400234344,1.2826783091889116,5.585201467424561,-3.7260188024327845,-2.46760763066739,0.34698639364139083,2.4164318713336685,0.7584990060059082,3.5629589319699173,3.219796768183869,0.5761271463756046,-6.837660507190069,1.8851263838653765,-8.847172008192894,7.919603146022225,3.2498417067212015,1.9256560706470527,4.034049589186783,-6.347906486273347,6.991175842897568,1.4601285173678313,-1.640514637214996,1.9722515561094944,2.1826873982211836,3.6259081553578154,2.973668091519577,-0.037202668235325476,-8.09969254342835,-12.441373547279733,12.78605364421741,4.736090226740375,1.8421099022453147,5.881520420304587,6.970994947258102,-3.756270734726974,-2.5451161925444166,10.946577148230908,3.7443710372485617,-1.021226688983945,2.7661818686740114,4.575214461261301,5.28959336278092,0.6674435097723475,2.259550013837175,2.4471446067087177,2.951746952443801,-4.663674298599608,7.038549656175341,-0.7343233985213637,4.560222415210902,-5.240852034143961,-2.9804866901230853,3.7891969717614105,-8.784369764423916,0.2587842465753498,-8.264477560040262,9.199141684517208,-4.12894461337987,-9.198867858460435,8.117558521959722,5.50503495653496,-5.732460454585331,6.290183921695758,-2.4983913765789567,3.7099893311620225,1.5901203035435518,0.48162886069995636,6.509878085667076,3.2901274899951316,-1.628316666456664,-4.743944236732956,-2.1721479507062824,9.1704291354344,4.57860610079226,1.6071431403582137,5.207058138728016,3.2801259766053192,-4.008741501209434,5.025688726428523,3.5671484788384777,1.1597002807850698,2.3935984090609486,2.1762707390418523,-0.9475434778009939,5.889006297784527,-2.3336164875291,2.6948236911441548,-1.2650790614030294,-5.608013209407147,-0.8114266069720766,6.281643858256913,5.172711677329378,2.2868521764202177,2.0756532917955983,3.549492226820372,2.393941642789099,0.21849158898714638,0.07872772700587838,Actual adjusted month-end return from Yahoo/yfinance daily history,Market Table annual returns from the same adjusted daily history,"Sep 14, 2026 08:06:57 PM EDT"
VOOG,VOOG,Vanguard S&P 500 Growth Index Fund ETF Shares,ETF,-5.1262442198985685,-0.7617237160377988,6.802764805988981,-1.3557420783363194,2.670817940543624,-0.27397995797722174,4.584503353517988,-0.31960690048024043,0.3922292475270872,-2.134529723155687,1.282432063241301,1.4076980786746462,2.8197251433266457,4.175989034027716,1.2541228526803394,1.887567826533365,2.8163135859873734,-0.38675197726595334,2.597492534189927,1.349180654480242,1.183121477623983,3.278713328043259,2.7608307378180763,0.6424639495392626,7.235658447941273,-2.1379539195569452,-2.9206705658920695,0.20839281678435295,4.352521968925482,0.5393437476260088,3.426985283160744,4.903912194925697,0.7330802389911684,-8.123427905871194,1.3570970725891973,-8.46154132645397,7.437025254996588,4.088567794474884,2.7242696502396413,3.9705314510795953,-5.261850666690481,6.1353358585969575,1.185693203502236,-0.7669090293839664,0.30524599328549673,1.7505987334411666,3.4287723015292038,2.858750143833899,2.259430423522435,-6.925740638308953,-10.055498814211926,14.249280020805234,5.874385818103955,4.11813972092574,7.153530098489758,9.452278053381026,-4.737539122423495,-2.9458345042489453,9.84725472088963,3.83729089895235,-0.5736986629958474,0.008729302152721274,2.859221874596707,6.792342509929417,-0.8767345875208443,5.639455756933254,3.769207510524075,4.186872695365174,-5.838406121636863,9.100816760036935,1.4091537185371372,2.4323669396328684,-8.401296593483032,-4.453818639740648,4.549012123673801,-12.617457010526124,-1.3368248226236723,-8.231443678854887,12.796366899283074,-5.41774203315637,-9.970132519983387,4.545671074884305,4.9855594935046765,-7.591351515239397,5.64616026021858,-2.046221740338272,5.908602345975078,1.4621639054999358,2.6127669327424385,6.184829754880972,3.0618993459343047,-0.6606320331357884,-4.822845012825361,-2.4793320652117035,8.794455466599649,3.7461639748594955,2.795523353363971,7.184940552950736,2.228636212493673,-3.836438708994605,6.702619243926922,6.786689848708138,-1.256574481788797,2.080439276384105,2.886124643019783,-0.7153336089102846,6.119827319139692,0.7661680724332376,2.6061334481343623,-2.8833829413217105,-8.16045271247191,1.874557028309698,9.55245540037204,6.3601222490281994,3.6086985528517967,0.7983473571387734,5.28467600275393,3.384926756895368,-0.9506873123361403,-0.1672455340650747,Actual adjusted month-end return from Yahoo/yfinance daily history,Market Table annual returns from the same adjusted daily history,"Sep 14, 2026 08:06:57 PM EDT"
VT,VT,Vanguard Total World Stock Index Fund ETF Shares,ETF,-5.865996115498473,-1.1062040438550858,7.9724831977354915,1.0053539799734335,0.6521361229330225,-0.1851208593144582,4.150137494000172,0.3472140819108738,0.7785537494396033,-1.9720750360946004,1.1902998809307341,1.813805550497949,2.999986578196645,2.6897806814261127,1.4764949019702822,1.6252563065132897,1.946326287895106,0.6312000268832163,2.6506871613014127,0.41836787466902337,2.1075728708378927,2.106902180152126,1.897255503707429,1.5945450648616522,5.480784644646608,-4.442766029258626,-1.2790167260754992,0.4210116135084929,0.5680373418821771,-0.5953674435626777,2.875846234807744,0.861128936638389,0.07928476349667868,-7.8201149119854545,1.7310076937874674,-7.236746159025187,7.989626215900558,2.815056951866657,1.0647049203129644,3.4713907534760446,-5.970152744199186,6.370077040314848,0.0,-2.102199806073446,2.272479480082068,2.793361647213466,2.5614351988529904,3.452724002038776,-1.5557287283408994,-7.224383269567669,-14.764530902721894,10.366226186922688,5.208488571868619,3.071223505557086,5.294112374795912,6.0055763649778715,-2.931510546987237,-2.0461622605718155,12.36866931046874,4.931557217826721,-0.22681117446315957,2.673997939885586,2.8508984034269824,4.131984637966779,1.579296333661584,1.1820576787855641,0.6176983462736096,2.263784888477538,-4.10769781218292,5.145816199745901,-2.6151026392386423,3.8059080701251524,-4.579708502030577,-2.770462815449193,1.8854177450323695,-8.09557041087825,0.4941489348390782,-8.121738655593047,6.983836990145309,-4.052587072842229,-9.528946208524502,6.376807696801734,8.282652464918595,-4.43735649480943,7.645875403929803,-3.179553546185576,2.850166536139165,1.4225384125387874,-1.2098650656720777,5.807975945946087,3.7224045786674598,-2.8432381061788914,-4.254752138038354,-2.91908283452621,9.009509008850735,5.157511144710347,0.0,4.490667500216117,3.1891051551151017,-3.58370900167464,4.5992080717117245,1.5860289180893883,1.9799453268952938,2.333276019747843,2.196502927802202,-2.1804496866247414,4.142119135704259,-2.93638694712397,3.0558420560836685,-0.4129903302694471,-3.517670232468262,0.5605839793187739,5.806175038017236,4.673165768446652,1.0970944472422195,2.9554371804614954,3.3713158713942093,2.024669899320619,0.21338690549037587,0.9219169397282068,Actual adjusted month-end return from Yahoo/yfinance daily history,Market Table annual returns from the same adjusted daily history,"Sep 14, 2026 08:06:57 PM EDT"
VTV,VTV,Vanguard Morningstar Value ETF,ETF,-4.759602691688636,0.10306030188551585,6.698616779406397,1.5172501677642725,1.0640622279145084,1.1254218230600799,2.8120828425372224,0.675188552592676,-0.46876519538872063,-1.091959844491075,5.996509366887159,2.7284414987141847,0.4945560855836417,3.5840394401805087,-0.9182665235702325,-0.031452066667081446,0.06293401463919324,1.8010980962560152,1.5430859639086858,-0.4691540915557235,2.981717960856267,1.8333261636001241,3.5218727295055707,1.6518796301462357,4.712197610458513,-4.437284411998876,-2.461751719205607,0.41674810721252786,0.6080607237918034,0.20475544590670136,4.6518611813167965,1.8958277737347373,0.6237954654880973,-4.978317082593787,3.2709051511911724,-9.142900947879962,6.9525543244646215,2.863658473569952,0.5672217611878194,3.363380225235346,-6.328097451356641,7.116272730286699,0.8294102551967386,-2.9685153598307257,3.4582182249638826,1.8992893308047876,3.437657434429875,2.6425186647048626,-2.5031316718368335,-9.713298834994678,-14.827696311005333,10.66697397156744,2.8814771030694297,-1.009173307405431,3.7353028232294916,4.1816078450975125,-2.215621646105115,-1.81803962535112,12.757029781802064,3.510651903981188,-0.7901827419067864,4.999170321780366,6.666574076139442,3.438294344226356,2.9195697430662193,-1.243216457981422,1.0112367421854174,2.088564750851196,-3.9423805315751737,5.444323416400665,-3.040480352323527,6.955021551760088,-1.0740475749129064,-1.1543789674881677,3.282148762224235,-4.790911340617399,2.409363094547823,-7.885905567978679,5.057622387292038,-2.67776292919224,-7.811692785508562,11.73468836394278,5.994057812858999,-3.3020414187482805,2.785475958302075,-3.2367410486665027,-0.4618277282122274,1.7739325587266874,-4.119205884139987,6.133752184594932,3.455338730784163,-2.3808019948567294,-3.2809003047970964,-2.6390392020171904,6.679573318384713,5.089997310263583,0.8695581802369068,3.3355309121028798,5.168966223318527,-3.9113230154954604,2.9969977266804504,0.15308566780192212,4.737845774528093,2.880803232088325,1.5304271278124615,-1.3805346717145506,5.640085932560734,-6.372700593844538,4.370932438972797,0.809282713814663,-2.458779480279971,-3.623943555590492,2.949284736497959,3.6873169281991247,0.16973517329152976,3.4907359046518316,2.3018227673497593,-0.39145211264632884,2.540913494703445,0.78722878316273,Actual adjusted month-end return from Yahoo/yfinance daily history,Market Table annual returns from the same adjusted daily history,"Sep 14, 2026 08:06:57 PM EDT"
VUG,VUG,Vanguard Morningstar Growth ETF,ETF,-6.006168620626784,-0.4000220850015279,7.202884788496067,-0.7890754557499213,2.490307804804015,-0.6613847014460883,4.785430308022565,-0.31158980324302865,0.6164568180303753,-2.5915198744093204,1.2160228251044458,1.1671556081176426,3.5253266850087783,4.384395485737991,1.3056952165301228,2.276853253410893,2.804751784267512,-0.4243866856067924,2.5425019451382314,1.1744857618064763,1.0348123587329727,2.892663363827408,2.423316589884661,0.8743584322471021,6.825497413284842,-2.9218011126930676,-2.4907071941214665,0.2748618355641552,4.385999109906891,1.152885724297903,2.5098353192484657,4.668881630725519,0.47720588185464763,-9.06607807828782,0.5736330538431922,-8.417454369295442,9.20121350061034,3.6880704283409615,3.1278375415573434,4.705296142834858,-6.337767453929988,6.784152774912955,2.295097752212394,-0.5743462992254145,0.2891449810328961,2.5920188981547243,3.99202051770986,2.9762134082496505,3.128942216013386,-6.467234419995438,-10.594283482491118,15.080701174211054,7.059670186143396,4.903486434270499,7.5609610081750045,10.093367428239874,-4.711876027371176,-3.0051439803676527,10.372764413836721,4.160114626674827,-1.0144423797826985,0.8453925195263112,1.7951830963634396,6.913316983971596,-1.4300751946717205,6.021151746167219,3.1833239417029535,3.673019071680561,-5.324796943213861,8.26411501107236,0.7130492355736484,1.574054758016219,-9.414138799718796,-4.5856363981378045,3.8015171385494373,-12.875557536422267,-2.6898550800552923,-8.456064423056219,13.042309530669716,-5.00080069733121,-10.444226008382119,4.108431272444912,4.62421713979726,-8.36387230406711,10.384299048000557,-1.4240864924343843,7.762145649579644,1.038324389498757,5.170003083746799,6.910956091252163,3.3573448873455147,-1.087317832295276,-5.7391920927647,-1.7626751631868331,11.610773294316722,4.321186358088136,2.1584001868979463,7.065704627794545,1.3632383816265081,-4.177796311507132,6.324648437995806,6.782121057611712,-1.7940568277552305,2.2461149884184017,2.3525978746716802,-0.2630677969595485,6.844758114931371,0.44861262704571914,1.927176466955438,-3.016600008482595,-8.484796405460692,2.014463774809516,9.212513389856646,6.236834447480177,3.8275573178784716,0.7557501643034037,4.688174293637237,4.011606952374502,-1.6057123582166044,-0.505504996947026,Actual adjusted month-end return from Yahoo/yfinance daily history,Market Table annual returns from the same adjusted daily history,"Sep 14, 2026 08:06:57 PM EDT"
VV,VV,Vanguard Morningstar Large-Cap ETF,ETF,-5.368979995227985,-0.13559961934650477,6.920111882686775,0.4361144321011201,1.7157389169568216,0.24984245247647863,3.7767536589354833,0.1708977657902233,0.07794123474045289,-1.8152598154892674,3.7078967197919477,1.965751760754908,1.943957570811805,3.967048591850131,0.0846075158163817,1.1102262896232284,1.3816490872476495,0.6232348851492819,2.0716637033262097,0.2824146096034985,2.065989587678052,2.3569819258880464,2.9800241159134044,1.25566147791214,5.710535054990129,-3.71196928896671,-2.448127518444543,0.31350871068174246,2.4426505571969015,0.6088799158875169,3.6149577817270906,3.2567427590597386,0.5123284593456567,-6.913355375151021,1.9150631598752854,-8.777217617294752,8.061969637343157,3.279092997331401,1.8537462913349234,4.029300962636406,-6.339364440176909,6.996052981530143,1.514254059679887,-1.7695341760010308,1.8921428613223101,2.17119329986617,3.7045095184143007,2.879593905694877,0.26381194782854056,-8.136030756060887,-12.538611685356937,12.969658887411683,5.157366902283389,2.0928597760510037,5.979008539999597,7.627836981650327,-3.6975057992257088,-2.4929623273517776,11.111858123872032,4.097399156147574,-0.8478529706771765,2.59973699886058,3.99295100714423,5.375034162865355,0.4711759179626407,2.6529014534887096,2.356158294565369,2.9248606634467933,-4.707026666296777,7.057546656174374,-1.0227920189075812,4.172719504297651,-5.994945092306725,-2.955178691847715,3.728245572612243,-9.314595413070027,-0.23801698795635762,-8.253132847565192,9.202187450369603,-3.8839562433423014,-9.206604715306344,7.887011613970052,5.366658075845998,-5.870427010237622,6.4695433441573025,-2.3992739977797495,3.607207866272377,1.4560168412515173,0.7281284769602214,6.5799305253879,3.388911511320436,-1.6365161554478092,-4.736410299481541,-2.151359502737349,9.478783810187675,4.504846852601996,1.7694258797295026,5.238505683795558,2.9713862370472244,-3.9914944936616403,4.917673906771114,3.7141196651067077,1.0896592415877038,2.516463171593042,2.0878443056771,-0.8355722745611471,6.223891902115497,-2.4504828036176263,2.9921852867813126,-1.4616171611626427,-5.774725224223909,-0.6769715624856953,6.459323254488836,5.288357120363729,2.3694273496294826,2.074922490896025,3.5432478282815483,2.494648020024859,0.05070281139187838,-0.012440169463190376,Actual adjusted month-end return from Yahoo/yfinance daily history,Market Table annual returns from the same adjusted daily history,"Sep 14, 2026 08:06:57 PM EDT"
VYMI,VYMI,Vanguard International High Dividend Yield Index Fund ETF Shares,ETF,,,,2.7895842919455127,-1.347912957440922,-1.8640040826966908,4.013103729639522,1.1381824519312689,1.2726063049095737,-1.0281853237167016,-0.9314052485263735,2.9995535216908564,3.8672148113670923,0.7480411212109406,2.812870005451762,1.469612082659033,2.467051617735594,0.6782761908296742,3.3567414576948895,0.2165126148177432,2.113559791769637,0.33490498324335594,0.4096302342961211,1.963985405583446,5.880602564653414,-5.48350989077564,-0.31044420299878306,0.24078846198345438,-3.332832484944359,-1.8749324380826882,3.695969665247789,-3.1303727159966988,1.4147149739427434,-6.51065756953667,0.8854023913976272,-4.156672477042889,7.037501950331637,1.5606763885817276,0.21619188918351462,2.8425972974788216,-5.33632223003816,5.3720472118018,-2.6881824038118007,-3.4488516857053564,4.120679637572722,3.300226238505277,0.7334775195136034,4.115113732521158,-4.21763038196763,-7.693584936441578,-19.1375912123937,6.094063397503824,3.7460621732260613,3.7145053323100585,2.6762921292347253,3.481723413246618,-3.2539329439387754,-2.6891761745004517,15.021681335669479,5.31777345204969,0.4935891537882098,3.70005822585624,3.89763283303175,2.2765479545059586,4.362116126472726,-1.49506585266036,-0.6472403809616223,1.199282882089392,-2.305959596816909,2.9674383493100143,-4.940464747260631,5.426434663022239,2.262938044821805,-2.0090518918889466,0.9265181708350223,-5.575276050815514,3.101024776475625,-8.944403379017253,1.6150917917137075,-3.563658759619548,-8.585193326690243,5.399685600385018,11.394733526107114,-1.3944553393761994,7.940242430065747,-3.3281628788824125,0.19404482192992845,3.518974202682812,-4.771565931710531,5.411602305617369,4.3670856693212246,-4.1085536074265345,-1.1009861172470492,-3.005335832305356,6.946526514325879,4.9545893600540625,-1.2031698280316694,2.0551066692770403,3.557790101776215,-1.5116261131534747,4.752054891417923,-2.0295598609078924,3.093548770426313,2.5760910587630415,2.283880078369127,-3.7183333613308944,-0.2121822282669994,-2.386280121947737,3.4620061893655407,3.0471181407352166,2.6388686038187004,2.741223116528313,4.490815556491401,2.653609706116744,-0.1622639118009972,5.138767378590003,1.536538010552868,0.6495040041443412,2.921500588728976,3.685432002790301,Actual adjusted month-end return from Yahoo/yfinance daily history,Market Table annual returns from the same adjusted daily history,"Sep 14, 2026 08:06:57 PM EDT"
WTV,WTV,WisdomTree U.S. Value Fund,ETF,-7.28413760548472,1.4730830359062086,5.316517641335716,-0.730266071246588,0.11192730964977304,0.05102552473230659,2.354249646027262,0.1564783274843773,-0.30461865845677893,-1.5103878736702603,6.309927018238981,2.07981497727745,1.0350616706158444,3.541627434558192,-0.38535469580853743,1.5940479443521838,0.6164573057520606,1.4565202426898516,2.0118305242305956,-0.20264948375111613,3.144844423904658,2.41076131007969,4.99096082764825,1.422580439308252,4.269818088572341,-2.83854555345765,-3.100567505790053,-0.012389843626325892,1.6726382411146767,0.9001141972238003,3.091669752459558,2.857791879703009,0.4546710159457179,-9.223018512121916,4.323725792721866,-9.713796074656534,10.87920520515031,3.9223046711907905,-0.742291974167808,5.324661775497042,-9.13572333080943,7.563647403773777,1.5882141343991574,-3.965106394701323,3.6317497393972387,2.459121977009393,4.186197701836125,2.063864129230364,-3.985227477501596,-10.695061988567156,-19.99064344664019,14.923541843314837,5.417403397192766,0.9150956558420242,3.8979541963526154,4.264939083752162,-2.454027858804997,-0.3739746792627119,15.110808588717628,4.435181830135826,2.604648952277455,4.533761428375649,6.8253598366180945,3.9609274967288277,2.1356584863876593,0.39108402615462,0.903466579099188,2.967983353563386,-4.065795694817165,4.314840268013409,-2.924549974869306,5.9340489878695335,-3.2665416736703534,-0.5546463959216763,1.3991501184352773,-5.065753767347026,2.428574619476498,-10.959330356344942,8.84906418146356,-2.305426832702473,-8.89036968873491,11.637933723926652,6.054742108642985,-5.104471182287906,9.873734489855845,-2.3942656751935965,-3.7617452881421265,0.17050889423564364,-3.0983899919666547,10.412515939007427,4.172656804510155,-1.104959369360825,-3.738541513463034,-4.209159747849977,8.433316312647232,7.385586232305341,0.14594063335209295,3.9341318930979696,6.382948272565558,-5.701049642670808,4.19414691245068,-1.3169593956239511,4.945888658915898,2.245435318547484,2.601602198224051,0.3874885171265996,11.343540492468218,-6.152630275252314,3.828661482952689,-1.1868974806136579,-3.8139922193782927,-3.1763236972755626,5.241336764359894,3.563527441134573,0.8796235916932904,3.7287782150421833,1.079258733463373,-0.6702562049571537,2.323009931405129,1.386788555806362,Actual adjusted month-end return from Yahoo/yfinance daily history,Market Table annual returns from the same adjusted daily history,"Sep 14, 2026 08:06:57 PM EDT"
XAR,XAR,State Street® SPDR® S&P® Aerospace & Defense ETF,ETF,-8.18833209900336,2.574659906486887,4.808129624640678,4.47390558638705,2.53629098396968,0.26930773621092197,3.5643984265144146,1.4873762025212844,-0.42035624743470557,0.03429319321988089,11.143500139644269,-1.7190080907902305,1.59379815565317,6.989783699028962,-2.797418340146862,2.7981823676790807,2.518198101270852,0.10018049841995502,3.6221187494777762,4.112460618608349,5.5066702202325235,1.9799307238983044,1.6465967291077632,1.1313868541645178,5.887986791142796,-0.22606499377717526,-1.4620811825870716,-2.0720661297265464,4.243569954156334,-1.6498289649176434,7.850342030906443,2.234759700075406,4.243045982053872,-11.45154917534602,-0.6352929072858227,-9.729006817688068,13.41863097798004,6.893081234177578,-3.886698620675222,5.599140000973857,-0.4126111181456116,7.783214712441833,1.837958720223165,1.5213044655478347,-0.20948199255418354,-1.1420109179863913,4.971131027191111,-1.4656559935185443,3.1528009899139287,-11.168359822534491,-23.387718285386562,6.899709175932056,8.28622604779694,-0.33913085649747154,-2.372018763295536,5.64190672673075,-3.329152894183729,-2.541775919546574,25.35241398488295,7.634363300893221,-2.588465225978276,6.620730729758484,5.9342208324500545,1.98263816591564,1.1633378172107856,2.19906998155206,-3.7641855508673716,-3.707193729212843,-2.640724156674934,0.06708061342084459,-6.376221232173207,4.3409446137970376,-5.417696369036751,11.61945195699008,1.5022155223898048,-9.76100140254631,-3.8218698412760044,-6.91177161948926,8.438525725063561,-4.298805064039812,-12.01421827832333,15.783135422572192,3.928393440432121,-0.15042913686471593,7.378475274393592,0.54159994392593,-1.492103729902905,-2.0443318423185475,-3.265790975253313,9.83432077698112,2.9293294182644924,-2.3982786038942105,-8.083912638201351,2.685110244490674,11.058977359963261,6.20675551396539,-4.548818112068376,5.964705300980966,2.70094910922678,-3.1883807783711804,5.542895320716701,-2.3879000938789474,7.69396517554044,3.157534215063773,1.311993631706998,-2.2499190011551096,14.772446945285168,-5.738645127767894,5.813527862868528,-5.243347695539868,-3.2383492229617006,6.391187672428633,11.885821777333462,10.351452020191898,2.6547759793463577,0.4156422564842943,8.30510973720051,5.78396405625099,-7.346617498893249,4.8052717526928745,Actual adjusted month-end return from Yahoo/yfinance daily history,Market Table annual returns from the same adjusted daily history,"Sep 14, 2026 08:06:57 PM EDT"
XCEM,XCEM,Columbia EM Core ex-China ETF,ETF,-9.080001731396404,2.5076914648126225,13.680256730059037,2.7843352356707207,-6.244245938956849,7.49263137443914,4.533043132094572,2.2444885705709128,0.39215588812471225,2.696169049406527,-7.421360049553149,2.2180578722629685,6.353975583178095,1.7099369871943715,4.266381570945144,0.0,3.883869434616649,0.5853638524989435,2.721977934922304,1.224401597356617,1.3901393682183683,1.5064188845884452,0.1298007096755649,5.628710784672264,6.866642804235812,-4.430171940799276,0.9731036429358353,-3.767313648318904,-5.542597455772691,-3.7319728779295125,4.765716460222458,-1.9877714245968958,0.9945406220495556,-6.005017644620592,1.8899015562024113,-0.9910234557379494,9.175453069432947,-2.1232591022804392,-0.01966600193945567,2.973022939394987,-4.749525704006475,6.929502069109117,-3.052487830230466,-3.4468148771109264,2.823803036740813,4.954169956580512,-0.9291892458463069,6.778728779760068,-6.47534368560242,-7.211349066441485,-21.41381383533788,9.410843886067477,4.0434607308733606,4.653418626799888,7.705225285601447,0.25826899230800837,-1.5088813683474367,-0.08718640228534413,15.832117155653957,9.472870068197947,0.6429099530626425,3.7963779364938777,1.4668307471973119,1.0370940625176406,2.665630393645113,1.348194425590754,-2.493129213071099,3.562441446434761,-4.783882778306181,0.3419851473997815,-3.8699785162751965,4.378333160206083,0.7966753745861199,-3.905021433946476,-0.5526695041693563,-7.692059865677225,1.8840541422497248,-12.058124559556182,3.834005127953821,-0.49486861576610863,-10.290728810831574,4.678030073914563,12.192945285514334,-4.967894169599507,7.55381725053712,-4.58516194980726,3.1655240028256815,0.4806010379653669,1.5084576531653182,3.6607545031229316,3.7062912234028245,-4.821313461905563,-2.869291713710165,-3.792844898892378,9.363160156856631,6.24063173199827,-3.3035967482669792,2.90400004540583,3.253646774768426,-2.2508068329116115,0.3618467834515915,4.621435366361082,2.0676767726133027,0.21485227359361314,0.06125032444801448,-2.9078668441390176,-2.080707475798038,-2.1388142653018916,1.5540505052417108,-2.561538675602537,0.8364616193639929,2.6240049378196684,4.915866626986887,7.484279273656402,-0.26331428983066285,0.3226820926254259,6.228069254457624,6.4960065271019385,-1.757569366439149,4.390489604804859,Actual adjusted month-end return from Yahoo/yfinance daily history,Market Table annual returns from the same adjusted daily history,"Sep 14, 2026 08:06:57 PM EDT"
XLE,XLE,State Street® Energy Select Sector SPDR® ETF,ETF,-3.498020999501117,-2.8002055522441505,10.165892961883905,9.064472871651308,-0.9333111205855893,2.7207149853043067,-1.2602894168850742,1.6771097230093623,3.6881700918977245,-2.8182938774931166,8.46690776655905,1.7307746572415184,-3.2129815486455104,-2.0850400207520714,-1.4859977755839915,-2.9470751591242794,-3.5377272008536242,-0.1116916769619003,2.6186360255809893,-5.478843709561976,10.182346511453266,-0.8323581307884798,1.7522663617094647,5.2694643479032965,3.5842253946700264,-10.834982759641964,1.7230388568332478,9.494129381571792,2.994189357710786,0.5695190147711804,1.5538525093532929,-3.4750859726718097,2.4459842097971585,-11.328237323451562,-1.5634516890086991,-12.439157798252442,11.211838082789228,2.3047982364472253,2.128091573324342,-0.015116160188843875,-11.10271818315558,9.395156949158668,-1.5853049438383948,-8.325367670822493,3.9343080787638485,-2.094589366263533,1.604566420618836,6.026210041636082,-10.992676981927618,-15.288189073291358,-34.37094838556219,30.763927084958944,2.000021932174567,-1.0955396729023459,-4.808465088350489,-1.0546637046981666,-14.60662911333107,-4.106829298326131,27.99439377430368,4.480149145982515,3.746665609054345,22.45677156217869,2.9710027162061836,0.672636401891813,5.709655668922831,4.233946262738519,-8.316310581967434,-2.0044667855783516,8.931489966099381,10.328321523097328,-5.011331211209247,2.983404559029812,18.774747183373776,7.069196874859718,9.338577550554783,-1.6875843020051295,16.034581893862377,-17.073460703181986,9.662959514167824,2.652404993258184,-9.558723376800272,24.96529008160142,1.2777782903396373,-3.0489540722498876,2.81238955185914,-6.9387232086706385,0.005350176739971069,2.7767363847076565,-10.031707856955741,6.913377622994199,7.773819707272933,1.6460516966246175,2.403330922222491,-5.7528629924472945,-0.7160416064370567,0.07718332706074804,-0.5128781971902918,3.2729966759857287,10.486371185957278,-0.9427011744436609,-0.34217117125324714,-1.4141762882155184,2.2600046717889954,-2.0706034692305364,-3.018084970471202,0.8997585294975075,7.8338543074507605,-9.579567998100625,2.311440733517478,3.833866076939807,3.4932300792806847,-13.857676217932113,1.2795016773089918,4.869278524774456,2.8298451982861073,3.6463815877012085,-0.31820114002346633,-1.35435799161584,2.632459640997409,-0.2960158256870016,Actual adjusted month-end return from Yahoo/yfinance daily history,Market Table annual returns from the same adjusted daily history,"Sep 14, 2026 08:06:57 PM EDT"
XLF,XLF,State Street® Financial Select Sector SPDR® ETF,ETF,-8.854373537431492,-2.900568579248075,7.159193776477446,3.5999655861461477,1.8876205006098878,-3.2326928285216106,3.4557716317036524,3.847821310927624,-2.8017899631334053,2.2797936169139943,14.032411203035489,3.7564388665261017,0.2580641880142176,5.276737605616799,-2.9561269660711043,-0.8427967541654535,-1.1900020453355808,6.513344132122456,1.702477994371665,-1.5544153790500115,5.13303309535631,2.8615367257391444,3.4586511023240396,1.8881426468155826,6.556780923372774,-2.925320039401502,-4.1553511886996635,-0.43524309522804394,-0.9835982228944662,-1.7469813061000483,5.114737063019015,1.3595680818853983,-2.2154633632425647,-4.713558773091398,2.6255513661232577,-11.128934881627838,8.900105855952,2.2359098361592666,-2.559416565385142,8.984866476812048,-7.173471441562218,6.653694562906409,2.355083850878348,-4.7079826979159805,4.542142379807346,2.500022015940151,5.052266226375601,2.6092867919782714,-2.664084716888604,-11.248329513796484,-21.03593676527836,9.462044378338286,2.7205080955965855,-0.5228237697584626,3.8461675911390936,4.286299438991548,-3.42223471480968,-0.8724380930436482,16.84826511482056,6.306028557219379,-1.7978184121935303,11.606226378634933,5.852418640830859,6.490440947610354,4.7710986479343465,-3.039379646014584,-0.4633365561136249,5.147879917203602,-1.8425215293074948,7.274149432668153,-5.7128438493326055,3.3642969909732257,0.02562124931617671,-1.3824753961279135,-0.12999726135678458,-9.942588301455569,2.7818326942774307,-10.86089584087524,7.186004447184513,-1.957881033378872,-7.655942961803985,11.9235612732989,6.857020035292916,-5.2204651337671715,6.900569246430321,-2.2975819774519346,-9.547701059965775,3.1726147869477694,-4.250825936426694,6.616035924616592,4.805731698055893,-2.6889595771265373,-3.0882007152745805,-2.441963076331677,10.939439717338416,5.253871180967407,3.085115094268631,4.076357403092579,4.805625241091649,-4.178525255490384,3.1714391770849115,-0.8818918509973406,6.397458180019622,4.572473391762832,-0.5588726470137639,2.559569463530753,10.456099890335068,-5.461406028452687,6.497010664579728,1.3794289546601224,-4.195241934296057,-2.1080087695112715,4.5118943811543355,3.1190516763584197,0.0,3.093392131942996,0.10619311806887577,-2.7844832659136953,1.833115820605924,3.0591044482189966,Actual adjusted month-end return from Yahoo/yfinance daily history,Market Table annual returns from the same adjusted daily history,"Sep 14, 2026 08:06:57 PM EDT"
XLG,XLG,Invesco S&P 500® Top 50 ETF,ETF,-4.191411287421342,-0.8157959751954991,6.388283762237457,-0.08943079492614858,2.2036781939120953,0.007887784297144762,3.982649711960695,-0.07818136169049916,0.1227495995106187,-1.7870018541994659,2.632624766388836,2.783804192031192,1.2504854765847062,4.764571588157995,0.41392404542905936,1.0895729737540938,1.2259694546389754,0.6144283961115882,2.068250521276771,1.0074452013192126,1.3848497004036453,2.9726002479970592,2.6739242852245937,1.5251499854886275,5.92566404379653,-2.9561150550306725,-4.018412331318522,0.5140094748466106,2.7914085591640214,0.27130298883104587,3.78251459414336,4.449528434514938,0.6059309602361784,-6.258374681382062,0.9537150369848035,-8.60866063096819,7.096002420756187,2.907886966936113,2.8640463480964717,4.7362998026398095,-7.0020033588624635,6.622502845419342,1.8300352705583611,-1.7503474976432676,1.636953685981446,3.0126133048939296,4.021212893807258,2.9290884370019032,1.332519571182722,-8.240996320199567,-9.408003658935282,13.528016059816949,3.8834160028239806,3.53269037154742,6.271540211567039,9.651129294917293,-5.5118936752537095,-3.554213451940791,9.199186028208928,3.7573288874607425,-0.7782378558785719,1.2718718898307557,3.7541708130788054,5.787346599149612,-0.2710099138478639,4.324771240931846,2.901221186944647,3.8229571775922677,-5.065896989099905,8.208848649983548,0.4788517294746164,3.0981417705584935,-5.063791852237398,-4.132425910483484,4.915285891095422,-10.709001836404564,-0.9590816885273523,-7.494035405161026,9.931266755056512,-5.415358203253673,-9.387129268769435,5.865743575121307,4.572256400271546,-7.07489176412569,6.899066287873801,-1.5117801073266213,7.221719527985426,2.5247859309458054,4.030025049780073,5.8828613564543275,3.2511036877436172,-0.7477114207685043,-5.0119251903519295,-1.3839330422402374,9.286316848397092,3.3033153537681326,2.9162406523714157,6.336905446753782,2.281747143249757,-3.726564967386037,6.681452998530046,5.949242463962756,-0.41528269414351504,2.0851488665763362,2.3798437008278217,-0.652217113110054,5.400263329307742,0.5606827544335946,1.6613390714006915,-2.3036121482760574,-7.074877110370792,-0.5215068250505883,7.557884393635073,6.02705034891573,3.4356981222875005,1.9113012700600285,4.896216548496102,4.1376879437645675,-0.5175290080137063,-0.35681474592313966,Actual adjusted month-end return from Yahoo/yfinance daily history,Market Table annual returns from the same adjusted daily history,"Sep 14, 2026 08:06:57 PM EDT"
XLI,XLI,State Street® Industrial Select Sector SPDR® ETF,ETF,-5.697043411557178,4.260883345486,6.973511370362595,1.2439284007115914,-0.4273628731089829,0.7131640921032245,3.6243604314888156,0.9476273328853368,0.1861687607365603,-2.004136977520954,9.08933089124837,0.3060579664604157,1.8643682013283591,3.9129249127856314,-0.7655882570357653,1.9674424536462842,1.778694219601662,1.351226691753915,0.29364946784626866,0.21959714149535348,4.184444775600271,0.7465065638026402,4.166038308190956,2.108587876680912,5.3653837891316725,-3.8630204711937566,-2.6882807019796395,-2.7864069412166126,3.073952747336972,-3.389001661690838,7.385191357624699,0.23398723518492925,2.177395950124028,-10.86735682372404,3.806511551922487,-10.659003549632828,11.426789254850123,6.36754591409332,-1.1494539757629707,3.9717241610173204,-7.640041233311601,7.920421018867763,0.5166987547812418,-2.647129629375744,3.0113896822878017,1.1335821539471658,4.496243235878072,-0.201136239687838,-0.44191700542096646,-9.900084876142179,-18.625970850133356,8.812052862429809,5.388606305828247,1.9727979810568064,4.410507176435963,8.476205191882213,-0.6821837430876387,-1.4418847919882016,16.02735470552108,1.0068566510119226,-4.268815022659467,6.88924142768641,8.986872310142102,3.534811081442424,3.1295688418257583,-2.2794413710317207,0.9374833272373984,1.1126384539172696,-6.079826054273962,6.796801915229622,-3.560126569859179,5.397595503567754,-4.791586840991268,-0.8437919899779267,3.436395422272853,-7.61314098171697,-0.4624610831752918,-7.367016656777514,9.503121786577061,-2.8335542577025974,-10.430916179687577,13.894232801686801,7.811347951663672,-2.989807097192332,3.706331047498801,-0.8640151519631711,0.6191236838750003,-1.1662431902614734,-3.150001671610314,11.253653459158564,2.8885481768006205,-1.9833237668715253,-5.947548865867014,-2.97888195491276,8.83490258112607,7.065536647625659,-0.9649894527612224,7.1839776427021995,4.420894829571731,-3.5249315930162006,1.637608329919149,-0.9888663054793079,4.9150727912583125,2.815577036943151,3.362040757397966,-1.1887189740863002,7.591723550982654,-8.03321297585785,5.001536599389889,-1.4600571492862424,-3.562960675804794,0.11444417753418978,8.840110518659628,3.605232765133426,3.0436486234475923,0.0,1.8796035371107411,0.5381708498340965,-0.8835373337182095,1.2761344215487913,Actual adjusted month-end return from Yahoo/yfinance daily history,Market Table annual returns from the same adjusted daily history,"Sep 14, 2026 08:06:57 PM EDT"
XLK,XLK,State Street® Technology Select Sector SPDR® ETF,ETF,-3.7123710126668596,-0.6546894015868054,8.821709300389369,-5.0270584457628775,4.889623910771257,-1.3778190985707095,7.101713531504306,1.1625212477201385,2.101815900687942,-0.7534581489081482,0.16874681836467342,2.259811159539571,3.5566267321304634,4.532786487754947,2.2260337467062685,2.007115221457978,3.953656468377331,-2.811828004359862,4.459064756296627,2.9216085081356535,0.8178806191913246,6.514361197860152,1.4138396702989553,0.5457949208492963,7.03669846006536,-0.4090129649552354,-3.73379508999665,0.061127072734668,6.782781481662625,-0.2631759738927597,2.0872570175979543,6.598976532592582,-0.019271804219345157,-8.004768406597707,-1.9625040601840227,-8.376484224307646,6.937742294300775,6.910114448047344,4.7685894898378045,6.364881029049152,-8.664700973275508,8.93829677743112,3.4981877225367164,-1.5352257001108538,1.5728574585955224,3.899183464189271,5.366310953781794,4.320635980432419,3.9925586971500726,-7.300932834465601,-8.577950611150609,13.736478798906205,7.176460010221697,6.949038027467558,5.684734114513357,11.880829634756761,-5.3350962063508085,-5.004277501775034,11.383723539590918,5.541632900049054,-0.8383263199099655,1.3650917188346323,1.836666057558145,5.187859620709956,-0.9305658878549283,6.886338240339951,3.887306958609704,3.5593313461789844,-5.839958362515574,8.17703977196964,4.451207948643665,3.2473571543595092,-6.844210227777204,-4.8774077181077296,3.34498927278597,-11.01742676820674,-0.6859194715589156,-9.25570108504703,13.451841284479649,-6.212707719615773,-11.967150890640765,7.652821008136246,6.326751894429883,-8.210284951860814,9.257480331132006,0.4118886426759616,10.857990008481977,-0.11918872346604603,8.917310474734519,6.053191226761001,2.5825389133665055,-1.508255256435076,-6.478353021587213,0.04879198159206677,12.895567994547052,4.18269451757749,2.7015650996347507,4.70458756965062,0.7894107727961286,-5.761764445230543,7.077001005983408,7.8353923533974745,-3.284271694073826,0.6992725143345702,2.6485363781391547,-1.559170899610185,5.170085279707126,-0.3546853135783179,-0.7354273316471205,-2.287597738302216,-8.286019164797443,1.6902354617427173,9.97284815440478,9.847863524706835,3.755481390137594,-0.11037398718760638,7.533724173925038,6.677065692129425,-4.809105343248854,0.7535310864489331,Actual adjusted month-end return from Yahoo/yfinance daily history,Market Table annual returns from the same adjusted daily history,"Sep 14, 2026 08:06:57 PM EDT"
XMHQ,XMHQ,Invesco S&P MidCap Quality ETF,ETF,-8.125857033430805,2.6504036780981677,9.752945649029554,3.2856277402166123,0.5900057749827603,0.40620458892537403,3.5431712684175443,0.04924218403543623,-0.1574514561167195,-2.9186460911775014,5.859886624590693,1.2011539766821233,2.4197482136078197,2.1988066209173818,-0.5035205345209737,0.5060686943156423,-0.16019917634297887,1.0857376547767972,1.0239193949511893,-0.6982267295294275,3.2484051532086555,0.4630757254014739,3.9508137559828294,1.1987618898247954,2.786507655413617,-4.076662697894607,0.40889289811416596,0.8690171787648193,1.9752049728090526,1.7669732466547794,0.8347045087626181,4.260023764946874,-0.9125350245239638,-7.876179896773228,0.46789559003685977,-9.005257901405184,10.872111678425167,3.5849805199098084,1.3226950339129573,2.0318083087916383,-7.866750376703613,7.236156915212977,2.3642677258748357,-3.777646378703392,1.7917114502683962,1.6446190550565731,3.6700675847224584,2.6188663882184438,-2.0111848212394867,-9.635124097972348,-12.832615515078194,14.61464593363555,9.135128352202916,2.4740922043303692,4.206938386619341,3.8552536107753,-4.30748545069436,2.4702658176077863,12.714305989746633,6.677434368783608,2.07404275490235,6.13942924830182,5.019273102993793,2.496073983119085,0.4998567446493407,-1.1232588991493708,0.34909337363908666,2.2161977243079667,-4.248058050120706,4.857816459492059,-2.82488849909287,3.9265623766483904,-5.80759457465242,0.6615495568050411,-0.3400280941245004,-7.122060281193498,0.5843729907713424,-9.490358553613998,11.137350395223544,-4.076462543019577,-7.7376279809499575,12.024394909208436,6.405853850556409,-6.500237464680381,8.932983280103212,-1.6746585322592211,-0.49544472543580076,0.6267691265498199,-1.6519933628123318,11.314317983312726,3.7665856859545377,0.5970168097627404,-4.242902799027782,-4.954055887068054,8.151524550391077,7.350340185094351,2.942176371973937,11.968902011711148,7.83462022622925,-6.615177122688564,3.2597135839241176,-4.300779205216621,6.152742016102208,-1.8058318096264792,1.5693325930989266,-3.626445465445949,9.387019826602616,-8.767483670987641,2.8130344399331486,-5.116550541325204,-4.520311692210798,0.9068019722376031,5.348645640833949,1.1059651883858157,2.880703713413535,3.373896183065561,0.5980186787615915,-2.1913083160129743,0.3993733925411469,-0.4471192179076766,Actual adjusted month-end return from Yahoo/yfinance daily history,Market Table annual returns from the same adjusted daily history,"Sep 14, 2026 08:06:57 PM EDT"
XMMO,XMMO,Invesco S&P MidCap Momentum ETF,ETF,-10.704802192523355,0.18616041388925808,7.279174863570526,1.0749107204925057,2.2298384214161526,-1.0873421927000693,7.26652448623617,0.03165295284479619,-0.3480851248200745,-4.890445396869769,5.075128417174257,-1.354733809953046,4.125020755131215,4.178273172487956,1.4886649096874205,2.256705193823594,3.7259783535839475,1.2986123379793657,1.6389250744802908,1.2630728956382509,2.1496992099545364,4.286804750770279,5.680120363497121,0.09430885206533901,6.688620895495134,-0.28695952264228275,0.8855559703077276,0.15360998077593724,6.595089595220993,0.596085659618617,0.24520907756331312,11.863035270574574,-0.21600463902580191,-13.00929289991296,3.2975956885929136,-8.441122562395876,13.853702226855047,8.652339159992684,1.6897299239232444,4.472325898054708,-5.66835551148549,5.529804377085745,0.8500516367298427,-1.702635546885456,0.23794150704259387,1.5101865400032555,1.9442359337468185,1.6769047343328403,2.2898102115315178,-8.826361026525698,-13.511325405502639,10.183302615537837,10.351208879397845,-0.4965946440395719,8.36281206668712,3.920975550689354,-0.8384537121767677,1.660886711475107,8.049910845603891,7.641754125146405,3.5135035891612487,1.431733602291696,2.0453786942665975,2.1118874161308643,-3.049742246691023,3.2402801664243253,0.17514898252708466,1.9118650127942338,-3.7519969093965932,8.03424953693208,-1.9362012779905013,2.313174468054724,-9.038927136997321,3.6750582034506207,0.9082690940937832,-5.004625018799302,-1.0853683326295438,-11.970521819736701,12.5667696719159,-3.196807759333875,-9.598803276226553,12.154251636771974,3.25876834590324,-6.474322728119453,5.019937670311858,-1.7577378564523127,-2.3806274247876735,-0.6490233254743516,-3.0795980005257406,9.55582312589376,4.212792870259752,-0.4947546849950579,-2.1853166626201292,-5.328547460388489,8.632907024853331,8.620987532173952,3.8080730624486137,14.491027477358687,7.709371217929428,-5.293418832000807,5.350273145976869,-0.48522724471626866,5.053073686289267,-1.1607501378530838,1.7570336146498056,0.7894846537730427,11.584772546306898,-8.612397755506862,5.747597062225829,-6.468655691870495,-6.647064253461254,1.3800915206048536,7.777683721201001,3.744255830392551,1.3915726831183584,0.6594257151178784,3.18572987706367,0.5767906726548588,2.426287585631215,-0.44539353129873227,Actual adjusted month-end return from Yahoo/yfinance daily history,Market Table annual returns from the same adjusted daily history,"Sep 14, 2026 08:06:57 PM EDT"
XMVM,XMVM,Invesco S&P MidCap Value with Momentum ETF,ETF,-5.084733508369688,3.146267159521421,9.456534478416234,2.450063654005419,1.3244764067884551,1.5375854935164357,3.377698496014836,-0.5213979589744344,1.373080657434178,-2.3578368692952045,9.375012250146032,2.3517515028150804,0.9312893767004171,1.7180881974540485,-1.81702254021755,-1.3069617804851053,-2.6162878098452635,1.0608548977970589,1.5867646347681452,-1.399288297573642,1.478463308669209,0.1961916649769968,2.806798626274709,0.2758007408675711,0.4472948201431626,-4.198479322886217,0.6031472508956082,1.6534115183295173,0.8132952939783333,0.9088384673281213,2.222214188314986,0.3465724609806875,-1.0572247863180562,-4.122710104115612,1.9666512008990056,-9.013453187116859,10.85299232370276,2.2593479506769265,1.121512236382327,2.664967951815833,-4.975288793378385,7.745302070467064,-0.09127442320703283,-7.673566792564679,7.225363469240409,3.1819807760489427,2.7245653920662027,3.217105680302268,-4.8496930021349804,-10.461988633522568,-24.01389886507258,13.800686734072375,4.339406670408574,0.4227629969907776,3.4533982192141544,6.389075121361154,-4.318475059760251,3.3497738107003627,16.035482946476943,7.975889457722851,2.132293438399979,8.832996412162064,10.034812278678595,4.1200339390360385,2.1935402710947516,-4.403279748261424,0.39699124746603864,3.3611556911758544,-5.05844228765927,4.745922114280221,-1.4105637602627175,6.424861529182135,-4.502686236819509,3.343333622122513,0.31381767812617145,-7.385879875974188,1.657690739494666,-12.842783974919803,10.452720302539209,-2.072327794819051,-8.685167546262274,14.07504874594454,6.849600725947758,-6.152166520968205,9.1961768319347,-1.3932219427031711,-7.495822322216405,-2.611695803409586,-3.0580914003218718,12.438856623660332,5.400113614182689,-1.7283871467623002,-3.65245193117002,-5.344674441904862,6.798798133188688,9.038326521248873,-2.3639333677983987,3.560518894749687,7.018924354051004,-6.3351766277881305,4.659839423736156,-2.682257641298369,9.450044718172235,-1.096949238675915,-0.3962058176788186,0.36082893214210987,10.605773733483147,-9.567669824216974,4.005790130968734,-2.689117116796347,-5.286462458123065,-2.635574129032703,5.258021857479012,3.568026367363708,0.754989299581954,8.902769625658458,1.4864366175125765,-2.6123636892088853,4.2319211933940615,3.0030707826833147,Actual adjusted month-end return from Yahoo/yfinance daily history,Market Table annual returns from the same adjusted daily history,"Sep 14, 2026 08:06:57 PM EDT"
XNTK,XNTK,State Street® SPDR® NYSE Technology ETF,ETF,-9.448965419544031,-0.04085211759846663,7.8450648076479945,-2.03033388961934,4.880867161617464,-2.677554166985041,8.314297930434389,3.3198649132050617,2.1201303529654103,0.03337843301647325,0.7838602373994696,0.36641645729078576,6.295482947265141,4.476919838532889,2.561845842374222,2.935587458058464,4.080219448258915,-0.9123730360122484,3.402434415082589,3.078121313130877,1.621050421882475,6.265064505703255,0.9905809821626477,-0.12672259001700326,10.13005407808716,0.4766935224979285,-4.025254630477749,-0.9444972401205343,5.619246334545824,0.5020833074546482,-0.6962268236143765,2.545592586945622,-0.46145943509093845,-11.022860071825036,0.5474303736094921,-8.28393902336475,10.969270251143936,4.662408534932183,3.1576301751167213,6.514113090332319,-11.308832576567852,8.171030243718992,3.7026990296775475,-3.09268600285153,-0.1500167745735692,2.6941527059141768,4.711550343613435,4.519880122569142,3.8457121853836984,-3.809413208250789,-10.085235703854245,15.88800785219069,8.074988085889423,8.558481754179258,8.68471301843734,15.462971382962753,-4.749478982600818,-3.2347733876560314,15.112758859624687,6.958031224841532,1.8747829127481408,2.618071675142808,-1.9511254553625013,3.759520415680573,-0.7459967900753761,6.821457630085415,-0.32059935899728664,3.632449472951893,-4.751725828627329,6.073773324032827,1.4887824851284703,-1.5126408700879446,-11.354553938706369,-5.4749959886839505,0.23959558686679205,-14.912596137649448,-2.7984649735244282,-10.11146531270658,9.711843050524882,-4.740008374650628,-12.46359455568965,3.8992589210969264,9.387466805636846,-9.236139492824002,16.46535865146732,-1.6309277477003836,9.3359890136268,-3.3168053375251194,11.179354516666784,7.225629126103694,6.4067539196658085,-1.946390566353562,-6.100686020790491,-2.7013337435946028,16.2516063878809,6.340388760978577,3.2348545663367645,5.912880602534121,1.7214865559264991,-5.351172879082622,5.404619687900114,7.461360976617382,-3.656869336227364,0.3296158494896284,4.7784674901155455,-1.1238919252439583,5.258318104114501,-1.7482288607317154,5.385993957184909,-2.9056496394911813,-7.069704825635414,2.653673101206433,9.685113947501268,10.015802286934017,-0.27393816910689095,2.189069516100939,12.615639995271689,7.126331228589344,-5.359538918960382,0.736329357515042,Actual adjusted month-end return from Yahoo/yfinance daily history,Market Table annual returns from the same adjusted daily history,"Sep 14, 2026 08:06:57 PM EDT"
XSMO,XSMO,Invesco S&P SmallCap Momentum ETF,ETF,-12.36232426858277,-0.41894312673760314,6.8269697266055696,1.6214119869351507,2.414854085729412,-0.3322520144508512,7.656507131621715,0.9430186272922914,1.3165679849120204,-7.227984832707913,7.542460584733246,0.19269191702975252,0.3076842524499801,3.4509222709155463,2.0760346497215254,3.5973984140508897,0.38580717350160665,4.065962691605529,0.03363833692335838,-0.6386735334812044,4.489288239093847,0.648092980116366,2.6400533889126665,0.7841853336977733,2.6455049273815145,-1.091550340082248,2.0494750638131887,0.18057347044053706,9.224733827466292,0.7237754882829961,2.1055579420285797,9.051943977113197,-2.1141301457935135,-12.613059216658174,0.28754812246996053,-11.471277860631023,11.41007227416222,7.8265806396842,-1.7538858265051638,2.526766533321423,-5.384399850490629,6.311034353697753,2.5593280375689753,-2.3134697226132483,-0.5810846971801231,2.0928237050880982,2.707000572595142,1.2020168503500406,0.4313522111702106,-8.312266226281517,-18.789199772146347,10.82649953315602,7.272747545583003,4.086398319665152,9.21418854919851,2.8122853032225725,-1.380027242448456,-0.749611458170063,13.242689454037414,5.623804900122287,4.991571484413404,3.771280191199433,0.7395533419845002,-1.7287840658017473,3.166535525996017,3.737580779199101,-3.5636167228541904,1.9518599080587062,-1.003717188935127,5.557660648921936,-0.6581574394353473,1.1661707673705557,-10.081505528712709,1.3004840877427482,1.1974311393791126,-7.566429827780141,2.728603707289534,-10.75581746172607,14.083863533385244,-4.634438455750345,-8.828709565875103,14.341716337997589,3.8314303546691075,-8.084786191097882,4.55993261683052,-0.20284290726897414,-5.460520880849673,-3.3038148893081543,-0.9602606796040192,9.694785227396952,5.177405024811432,-0.7060402815847633,-3.9948372686898104,-5.5040192196644355,10.383946796049393,12.150769857831968,-1.9060947203958123,4.965815310331934,3.503814176207354,-4.426390897370647,7.059859834755744,-2.6160710538003284,11.806821746761642,-1.8766757579360083,0.671866205487448,-1.2992911268581375,12.031234074077757,-9.446259991806528,4.96142791962817,-5.735705595025065,-3.7621256455708463,-1.561751296761671,6.702281131761656,3.3825524028204823,-0.04411576002516515,6.7951093332068835,1.4910922257425518,-2.623351752578351,2.8754885986777667,-2.1487401350046564,Actual adjusted month-end return from Yahoo/yfinance daily history,Market Table annual returns from the same adjusted daily history,"Sep 14, 2026 08:06:57 PM EDT"
XTL,XTL,State Street® SPDR® S&P® Telecom ETF,ETF,-10.53006311882303,8.707777165109821,4.758236454696507,-0.3327413483283692,2.2316030946622156,-0.08122228417435373,7.26490142828069,1.7696410064720336,4.0848294754173065,-3.243989745037057,6.46934690893699,2.8463320457446706,2.249794326847865,0.14100233661704653,0.26407333739917327,-0.36642723064137517,0.15559149321497934,0.20789509227163716,1.6407085780415498,-2.2126579562855353,-0.21457451630579882,-0.8174488856092732,1.9664468779871935,-2.3457867460391246,2.605362058962979,-1.5406566655963627,0.2677046331412747,1.4808701923152645,1.1873835179476044,2.7925349019720658,-1.2864705899213735,7.95966651644886,-0.739244918652715,-8.015196104358925,0.8556694775006646,-10.98660377146874,9.050346802494902,5.5523065726129195,-1.9008652435187123,3.5214002422587765,-10.860635628189508,4.050467789212986,5.126338494373339,-6.02870413383102,0.587074448380398,0.8342240490752939,2.097788966264824,1.4431166557855146,-2.0154356920047523,-4.084607902547388,-9.73287901584321,12.943575483753333,4.099362336294732,0.4679918267797456,8.48749612648012,-1.6254866416452574,-9.012310101691767,0.710672178459415,15.730708354555922,7.973484390709262,8.766929613748697,0.33630702308904414,1.7220036279720796,1.7680382913070503,4.50024553401287,2.6441255465427416,-2.296937047810166,1.3705509711934738,-5.182160534804892,0.4821658001795237,-0.36510813166984457,6.7123222043083075,-10.175976055973868,-1.65281355299437,3.456002858043461,-11.67908110974276,2.551911737669954,-7.173163796541083,12.074028099011258,-0.8145838661372751,-10.933837345880448,14.382398089363857,-0.443799568985892,-6.708148402719527,6.310498431948508,-6.051174963296646,-0.3161401223561566,-7.377251661345574,-2.85031724097331,6.617107524020582,-5.245502853537232,5.862343799991154,-8.607598830233155,-6.879997927511394,6.5253308842105895,13.78242845561266,-3.9509788285210456,-1.952616700207166,-1.1489084557250062,-8.335587310140436,12.266784895235183,1.1944379086212153,15.707620387150389,5.051530804935833,7.476628512527994,0.6062424946743805,8.86098712842498,-2.7505240443765677,0.5979045852658738,-0.325041088238176,-6.631062207435856,-3.471729662068268,5.876861513336973,15.059295662706539,2.523229266878224,11.22476445796632,5.3665891457152615,11.127796121149292,-5.839603966665319,4.722713554976998,Actual adjusted month-end return from Yahoo/yfinance daily history,Market Table annual returns from the same adjusted daily history,"Sep 14, 2026 08:06:57 PM EDT"
