Rank,Combo,Strategy,Stock 1,Sector 1,Name 1,Role 1,Stock 1 Top100 Uses,Stock 2,Sector 2,Name 2,Role 2,Stock 2 Top100 Uses,Stock 3,Sector 3,Name 3,Role 3,Stock 3 Top100 Uses,Stock 4,Sector 4,Name 4,Role 4,Stock 4 Top100 Uses,2016,2017,2018,2019,2020,2021,2022,2023,2024,2025,Worst Year,Worst Year %,Best Year,Best Year %,Defense Recession Worst %,Defense Recession Avg %,Defense Recession Positive Years,Defense Recession Observations,Recession Stress Years,Starting Value ($),Annual Withdrawal ($),Total Withdrawn ($),Remaining Balance ($),Net Value incl. Withdrawals ($),Net Profit incl. Withdrawals ($),Max Ticker Repeats,Distinct Tickers in Top 100,Candidate Partners per Profit Pair,NBER Recession Periods,NBER Source,2025 Balance After Withdrawal ($),2024 Balance After Withdrawal ($),2023 Balance After Withdrawal ($),2022 Balance After Withdrawal ($),2021 Balance After Withdrawal ($),2020 Balance After Withdrawal ($),2019 Balance After Withdrawal ($),2018 Balance After Withdrawal ($),2017 Balance After Withdrawal ($),2016 Balance After Withdrawal ($)
1,NVDA + TSLA + AEM + LLY,Rebalanced annually,NVDA,Technology,NVIDIA Corporation Common Stock,Profit Engine,5,TSLA,Industrials,Tesla Inc. Common Stock,Profit Engine,5,AEM,Basic Materials,Agnico Eagle Mines Limited Common Stock,Recession Defense,5,LLY,Health Care,Eli Lilly and Company Common Stock,Recession Defense,5,66.76570858228895,39.11022066432374,1.2556604266283085,43.24056229746563,228.23719037105417,54.62657657590253,-19.991128382023565,102.65635973889653,78.27798030077832,52.512925887417886,2022,-19.991128382023565,2020,228.23719037105417,-13.55472761441116,8.756888152423475,2,4,"2001,2008,2009,2020",300000.0,0.0,0.0,22586401.472375575,22586401.472375575,22286401.472375575,5,83,1000,Mar-Nov 2001; Dec 2007-Jun 2009; Feb-Apr 2020,https://www.nber.org/research/data/us-business-cycle-expansions-and-contractions,457538.7776622536,815690.8919091345,1653049.468264789,1322586.2268456172,2045069.8048357782,6712679.66851976,9615280.102415355,9736015.36957085,13543792.464522485,22586401.472375575
2,NVDA + TSLA + NEM + LLY,Rebalanced annually,NVDA,Technology,NVIDIA Corporation Common Stock,Profit Engine,5,TSLA,Industrials,Tesla Inc. Common Stock,Profit Engine,5,NEM,Basic Materials,Newmont Corporation,Recession Defense,5,LLY,Health Care,Eli Lilly and Company Common Stock,Recession Defense,5,73.93053036265485,39.107232837084844,2.5954762903908417,37.32490329585172,234.26422588973531,62.17993402420281,-25.45234178721192,98.22157942130134,64.81059848496375,65.83528979583845,2022,-25.45234178721192,2020,234.26422588973531,-18.57553618591644,5.43390310006289,2,4,"2001,2008,2009,2020",300000.0,0.0,0.0,22390219.354467817,22390219.354467817,22090219.354467817,5,83,1000,Mar-Nov 2001; Dec 2007-Jun 2009; Feb-Apr 2020,https://www.nber.org/research/data/us-business-cycle-expansions-and-contractions,497505.8693875153,819942.400835386,1625302.7772808396,1211625.1593302726,1965012.8840224782,6568335.105411299,9019959.831653547,9254070.750486894,12873081.745788367,22390219.354467817
3,NVDA + TSLA + LLY + PGR,Rebalanced annually,NVDA,Technology,NVIDIA Corporation Common Stock,Profit Engine,5,TSLA,Industrials,Tesla Inc. Common Stock,Profit Engine,5,LLY,Health Care,Eli Lilly and Company Common Stock,Recession Defense,5,PGR,Finance,Progressive Corporation (The) Common Stock,Recession Defense,5,55.131360423795996,51.777708330242625,6.480946173599342,35.979530947148824,234.56389349194535,63.03873377338673,-13.558446314296585,106.20128888184342,79.61684057358507,21.875366835905528,2022,-13.558446314296585,2020,234.56389349194535,-21.698538195935242,9.415559159529565,3,4,"2001,2008,2009,2020",300000.0,0.0,0.0,21768127.839834925,21768127.839834925,21468127.839834925,5,83,1000,Mar-Nov 2001; Dec 2007-Jun 2009; Feb-Apr 2020,https://www.nber.org/research/data/us-business-cycle-expansions-and-contractions,365626.10050771653,656726.0500443612,1354177.5796142926,1170572.1394820479,1908485.9941155734,6385105.048661522,8682435.895652656,9245139.892607171,14032061.460924217,21768127.839834925
4,NVDA + TSLA + LLY + BBVA,Rebalanced annually,NVDA,Technology,NVIDIA Corporation Common Stock,Profit Engine,5,TSLA,Industrials,Tesla Inc. Common Stock,Profit Engine,5,LLY,Health Care,Eli Lilly and Company Common Stock,Recession Defense,5,BBVA,Finance,Banco Bilbao Vizcaya Argentaria S.A. Common Stock,Recession Defense,5,51.07669048615127,44.15581442637419,-4.932702016635502,32.46267693377222,222.6162478335323,65.84308894061505,-17.736165389799208,116.03214054786167,70.31765863946299,61.129493087292566,2022,-17.736165389799208,2020,222.6162478335323,-33.403877555339136,-2.822459696460851,2,4,"2001,2008,2009,2020",300000.0,0.0,0.0,21469464.430878185,21469464.430878185,21169464.430878185,5,83,1000,Mar-Nov 2001; Dec 2007-Jun 2009; Feb-Apr 2020,https://www.nber.org/research/data/us-business-cycle-expansions-and-contractions,483388.4792618777,823295.9400117361,1778583.8422509925,1463131.270393111,2426502.0940759983,7828290.009510074,10369562.504736096,9858062.885948699,14210970.839903476,21469464.430878185
5,NVDA + TSLA + LLY + CNQ,Rebalanced annually,NVDA,Technology,NVIDIA Corporation Common Stock,Profit Engine,5,TSLA,Industrials,Tesla Inc. Common Stock,Profit Engine,5,LLY,Health Care,Eli Lilly and Company Common Stock,Recession Defense,5,CNQ,Energy,Canadian Natural Resources Limited Common Stock,Recession Defense,5,64.29862020092696,40.147501600872566,-3.557950987800104,39.62683600627512,219.4287928855056,81.21767588414386,-9.538600462140934,106.34288132883175,66.441191221019,25.780888686598047,2022,-9.538600462140934,2020,219.4287928855056,-33.150689315795375,-0.4593420332501936,2,4,"2001,2008,2009,2020",300000.0,0.0,0.0,21041599.03846549,21041599.03846549,20741599.03846549,5,83,1000,Mar-Nov 2001; Dec 2007-Jun 2009; Feb-Apr 2020,https://www.nber.org/research/data/us-business-cycle-expansions-and-contractions,377342.66605979414,628053.6283750731,1295943.9530793992,1172329.03718188,2124467.434895964,6786160.6825338425,9475301.44732385,9138174.865881752,12806923.766452163,21041599.03846549
6,AMD + ANET + PGR + CAT,Rebalanced annually,AMD,Technology,Advanced Micro Devices Inc. Common Stock,Profit Engine,5,ANET,Telecommunications,Arista Networks Inc. Common Stock,Profit Engine,5,PGR,Finance,Progressive Corporation (The) Common Stock,Recession Defense,5,CAT,Industrials,Caterpillar Inc. Common Stock,Recession Defense,5,94.11180690773642,67.67910511354468,15.211896593824726,47.40327860969021,52.820910113315804,45.39682977643747,-6.291581186147805,67.69288196186585,36.4304456555622,38.28237505347931,2022,-6.291581186147805,2016,94.11180690773642,-29.449156958762096,15.409471297353353,3,4,"2001,2008,2009,2020",300000.0,0.0,0.0,10923597.999925716,10923597.999925716,10623597.999925716,5,83,1000,Mar-Nov 2001; Dec 2007-Jun 2009; Feb-Apr 2020,https://www.nber.org/research/data/us-business-cycle-expansions-and-contractions,414847.12516043795,565977.7816456733,949104.4533054658,889390.776084408,1293145.9927507828,1976197.475215619,2912979.8702697423,3356099.3559341053,5627477.366751744,10923597.999925716
7,AMD + ANET + NFLX + CAT,Rebalanced annually,AMD,Technology,Advanced Micro Devices Inc. Common Stock,Profit Engine,5,ANET,Telecommunications,Arista Networks Inc. Common Stock,Profit Engine,5,NFLX,Consumer Discretionary,Netflix Inc. Common Stock,Recession Defense,5,CAT,Industrials,Caterpillar Inc. Common Stock,Recession Defense,5,92.44566898912112,66.04648887447154,22.7220026203579,46.341622087593194,59.22857745638467,45.54013637487144,-25.756431089641605,78.18122539003672,44.349159502192194,40.33584255649143,2022,-25.756431089641605,2016,92.44566898912112,-12.259747329765009,31.181128277453556,2,3,"2001,2008,2009,2020",300000.0,0.0,0.0,10691947.844208037,10691947.844208037,10391947.844208037,5,83,1000,Mar-Nov 2001; Dec 2007-Jun 2009; Feb-Apr 2020,https://www.nber.org/research/data/us-business-cycle-expansions-and-contractions,421007.5276694743,607720.8276318454,1082844.417624895,803942.3413913079,1170058.780036244,1863067.9508552405,2726443.859875642,3345946.5051591727,5555826.691434895,10691947.844208037
8,AMD + ANET + AEM + CAT,Rebalanced annually,AMD,Technology,Advanced Micro Devices Inc. Common Stock,Profit Engine,5,ANET,Telecommunications,Arista Networks Inc. Common Stock,Profit Engine,5,AEM,Basic Materials,Agnico Eagle Mines Limited Common Stock,Recession Defense,5,CAT,Industrials,Caterpillar Inc. Common Stock,Recession Defense,5,105.74615506622938,55.011617447625795,9.98661084685369,54.66430996000702,46.49420699242463,36.98467257895328,-12.724263253874785,64.14795281891897,35.09158538275547,68.91993410499167,2022,-12.724263253874785,2016,105.74615506622938,-21.305346377238017,14.750800290247264,3,4,"2001,2008,2009,2020",300000.0,0.0,0.0,10677701.652996866,10677701.652996866,10377701.652996866,5,83,1000,Mar-Nov 2001; Dec 2007-Jun 2009; Feb-Apr 2020,https://www.nber.org/research/data/us-business-cycle-expansions-and-contractions,506759.802314975,684589.8510298174,1123740.2256715323,980752.5610673999,1343480.6845878765,1968121.3749834073,3043981.343793489,3347971.914848972,5189745.416899641,10677701.652996866
9,AMD + ANET + AEM + PGR,Rebalanced annually,AMD,Technology,Advanced Micro Devices Inc. Common Stock,Profit Engine,5,ANET,Telecommunications,Arista Networks Inc. Common Stock,Profit Engine,5,AEM,Basic Materials,Agnico Eagle Mines Limited Common Stock,Recession Defense,5,PGR,Finance,Progressive Corporation (The) Common Stock,Recession Defense,5,98.9447510578379,51.649957038582684,16.724859266965698,56.0696621308647,50.12350969609555,35.70603857235193,-10.6722213768095,63.45023161218691,41.77513546160795,53.08838454819892,2022,-10.6722213768095,2016,98.9447510578379,-13.951102075980659,20.903259281343963,3,4,"2001,2008,2009,2020",300000.0,0.0,0.0,10644864.769657016,10644864.769657016,10344864.769657016,5,83,1000,Mar-Nov 2001; Dec 2007-Jun 2009; Feb-Apr 2020,https://www.nber.org/research/data/us-business-cycle-expansions-and-contractions,459265.15364459675,651123.7937075889,1064263.348897112,950682.8082705658,1290133.9784923727,1936794.4082946205,3022748.489194894,3528298.920007072,5350663.796383501,10644864.769657016
10,AMD + ANET + NEM + PGR,Rebalanced annually,AMD,Technology,Advanced Micro Devices Inc. Common Stock,Profit Engine,5,ANET,Telecommunications,Arista Networks Inc. Common Stock,Profit Engine,5,NEM,Basic Materials,Newmont Corporation,Recession Defense,5,PGR,Finance,Progressive Corporation (The) Common Stock,Recession Defense,5,106.10957283820379,51.64696921134379,18.06467513072823,50.154003129250796,56.1505452147767,43.259396020652204,-16.13343478199786,59.01545129459173,28.307753645793383,66.41074845661949,2022,-16.13343478199786,2016,106.10957283820379,-18.97191064748594,17.580274228983377,3,4,"2001,2008,2009,2020",300000.0,0.0,0.0,10588614.16738159,10588614.16738159,10288614.16738159,5,83,1000,Mar-Nov 2001; Dec 2007-Jun 2009; Feb-Apr 2020,https://www.nber.org/research/data/us-business-cycle-expansions-and-contractions,499232.2453698584,640553.6795095206,1018579.3242561771,854247.4932743922,1223789.799386456,1910954.444024773,2869374.595679515,3387717.794672666,5137371.361054473,10588614.16738159
11,SHOP + PBR + NFLX + CAT,Rebalanced annually,SHOP,Technology,Shopify Inc. Class A Subordinate Voting Shares,Profit Engine,5,PBR,Energy,Petroleo Brasileiro S.A. Petrobras ADS,Profit Engine,5,NFLX,Consumer Discretionary,Netflix Inc. Common Stock,Recession Defense,5,CAT,Industrials,Caterpillar Inc. Common Stock,Recession Defense,5,62.90518004607253,66.86663851321795,21.660069276726357,62.824646459277886,62.47666381368111,17.36882743929115,-12.505722555598194,76.1680640630505,35.49024369902537,28.956784765647008,2022,-12.505722555598194,2023,76.1680640630505,-12.259747329765009,31.181128277453556,2,3,"2001,2008,2009,2020",300000.0,0.0,0.0,8296533.659545326,8296533.659545326,7996533.659545326,5,83,1000,Mar-Nov 2001; Dec 2007-Jun 2009; Feb-Apr 2020,https://www.nber.org/research/data/us-business-cycle-expansions-and-contractions,386870.354296941,524171.5858362083,923422.935136239,807942.2248533395,948272.3156972858,1540721.222413688,2508673.883318152,3052054.3843720052,5092860.556796853,8296533.659545326
12,SHOP + PBR + NEM + CAT,Rebalanced annually,SHOP,Technology,Shopify Inc. Class A Subordinate Voting Shares,Profit Engine,5,PBR,Energy,Petroleo Brasileiro S.A. Petrobras ADS,Profit Engine,5,NEM,Basic Materials,Newmont Corporation,Recession Defense,5,CAT,Industrials,Caterpillar Inc. Common Stock,Recession Defense,5,83.37048790354667,55.82877925913331,10.26449336698468,65.2316753300778,55.76932886840221,16.366721091673263,-4.934768125019732,57.70001117433757,12.765287763774078,70.86324022256782,2022,-4.934768125019732,2016,83.37048790354667,-26.326154948743298,11.42781523788668,3,4,"2001,2008,2009,2020",300000.0,0.0,0.0,8177406.908331271,8177406.908331271,7877406.908331271,5,83,1000,Mar-Nov 2001; Dec 2007-Jun 2009; Feb-Apr 2020,https://www.nber.org/research/data/us-business-cycle-expansions-and-contractions,512589.7206677035,578023.2735584616,911542.7669919658,866560.2450805234,1008387.7434841731,1570758.8204165215,2595391.1143691866,2861794.863150921,4459500.000148665,8177406.908331271
13,SHOP + PBR + NEM + PGR,Rebalanced annually,SHOP,Technology,Shopify Inc. Class A Subordinate Voting Shares,Profit Engine,5,PBR,Energy,Petroleo Brasileiro S.A. Petrobras ADS,Profit Engine,5,NEM,Basic Materials,Newmont Corporation,Recession Defense,5,PGR,Finance,Progressive Corporation (The) Common Stock,Recession Defense,5,76.5690838951552,52.46711885009021,17.002741787096685,66.63702750093549,59.398631572073135,15.088087085071914,-2.882726247954448,57.002289967605506,19.44883784262656,55.03169066577507,2022,-2.882726247954448,2016,76.5690838951552,-18.97191064748594,17.580274228983377,3,4,"2001,2008,2009,2020",300000.0,0.0,0.0,8156418.527600553,8156418.527600553,7856418.527600553,5,83,1000,Mar-Nov 2001; Dec 2007-Jun 2009; Feb-Apr 2020,https://www.nber.org/research/data/us-business-cycle-expansions-and-contractions,465095.0719973252,555550.6583641323,872227.2555617964,847083.3315239038,974892.0022673588,1553964.5109197542,2589480.2694161288,3029762.9132527686,4619392.221825054,8156418.527600553
14,SHOP + PBR + NFLX + NEM,Rebalanced annually,SHOP,Technology,Shopify Inc. Class A Subordinate Voting Shares,Profit Engine,5,PBR,Energy,Petroleo Brasileiro S.A. Petrobras ADS,Profit Engine,5,NFLX,Consumer Discretionary,Netflix Inc. Common Stock,Recession Defense,5,NEM,Basic Materials,Newmont Corporation,Recession Defense,5,74.9029459765399,50.834502611017065,24.51284781362986,65.57537097883846,65.80629891514201,15.231393683505882,-22.347576151448248,67.49063339577637,27.367551689256548,57.08515816878719,2022,-22.347576151448248,2016,74.9029459765399,-1.7825010184888521,34.23440658279008,2,3,"2001,2008,2009,2020",300000.0,0.0,0.0,8112231.081354027,8112231.081354027,7812231.081354027,5,83,1000,Mar-Nov 2001; Dec 2007-Jun 2009; Feb-Apr 2020,https://www.nber.org/research/data/us-business-cycle-expansions-and-contractions,471255.4745063616,600226.5600803413,1005323.2672882439,780657.884562776,899562.9602818612,1491532.0508548429,2469609.726471184,3074981.4003116656,4638132.900541388,8112231.081354027
15,SHOP + PBR + NFLX + AEM,Rebalanced annually,SHOP,Technology,Shopify Inc. Class A Subordinate Voting Shares,Profit Engine,5,PBR,Energy,Petroleo Brasileiro S.A. Petrobras ADS,Profit Engine,5,NFLX,Consumer Discretionary,Netflix Inc. Common Stock,Recession Defense,5,AEM,Basic Materials,Agnico Eagle Mines Limited Common Stock,Recession Defense,5,67.738124196174,50.83749043825596,23.17303194986733,71.49102998045238,59.779263396460856,7.678036235205605,-16.886362746259888,71.92541371337154,40.83493350507112,43.76279426036662,2022,-16.886362746259888,2023,71.92541371337154,3.2383075530164285,29.94842285535041,3,3,"2001,2008,2009,2020",300000.0,0.0,0.0,7980611.723906367,7980611.723906367,7680611.723906367,5,83,1000,Mar-Nov 2001; Dec 2007-Jun 2009; Feb-Apr 2020,https://www.nber.org/research/data/us-business-cycle-expansions-and-contractions,431288.3827810999,607404.7071048586,1044283.0556045207,867941.6307374145,934582.5036458676,1493269.040157569,2560822.4573454303,3154242.6635654643,4757780.476054948,7980611.723906367
16,LRCX + PH + NFLX + AEM,Rebalanced annually,LRCX,Technology,Lam Research Corporation Common Stock,Profit Engine,5,PH,Industrials,Parker-Hannifin Corporation Common Stock,Profit Engine,5,NFLX,Consumer Discretionary,Netflix Inc. Common Stock,Recession Defense,5,AEM,Basic Materials,Agnico Eagle Mines Limited Common Stock,Recession Defense,5,38.10635277130676,46.773658907657435,-5.116792427568468,58.788280968174064,45.56352558175432,15.14219528132354,-24.402698424993016,55.88242620746698,40.45962677696715,75.85661983451189,2022,-24.402698424993016,2025,75.85661983451189,3.2383075530164285,29.94842285535041,3,3,"2001,2008,2009,2020",300000.0,0.0,0.0,4469836.006291548,4469836.006291548,4169836.006291548,5,83,1000,Mar-Nov 2001; Dec 2007-Jun 2009; Feb-Apr 2020,https://www.nber.org/research/data/us-business-cycle-expansions-and-contractions,527569.8595035357,741022.6556464361,1155124.094368668,873242.6451854502,1005470.7517992264,1463598.6750123242,2324023.1763250423,2205107.734423906,3236517.3046697164,4469836.006291548
17,LRCX + ISRG + PH + SCCO,Rebalanced annually,LRCX,Technology,Lam Research Corporation Common Stock,Profit Engine,5,ISRG,Health Care,Intuitive Surgical Inc. Common Stock,Profit Engine,5,PH,Industrials,Parker-Hannifin Corporation Common Stock,Recession Defense,5,SCCO,Basic Materials,Southern Copper Corporation Common Stock,Recession Defense,5,30.49332868845802,61.13637858485769,-12.56825164269059,57.525867691945905,49.035971449002886,25.774965486117374,-17.383289384623055,56.67416316097509,24.225053625677383,63.45434766572073,2022,-17.383289384623055,2025,63.45434766572073,-46.51093686511244,17.5106895044135,3,4,"2001,2008,2009,2020",300000.0,0.0,0.0,4280361.696855367,4280361.696855367,3980361.696855367,5,83,1000,Mar-Nov 2001; Dec 2007-Jun 2009; Feb-Apr 2020,https://www.nber.org/research/data/us-business-cycle-expansions-and-contractions,490363.0429971622,609153.7531237282,954386.5450702733,788482.7700928018,991713.9319482036,1478010.4924741087,2328248.8528478425,2035628.6781538688,3280138.333411952,4280361.696855367
18,AVGO + ISRG + PH + SCCO,Rebalanced annually,AVGO,Technology,Broadcom Inc. Common Stock,Profit Engine,5,ISRG,Health Care,Intuitive Surgical Inc. Common Stock,Profit Engine,5,PH,Industrials,Parker-Hannifin Corporation Common Stock,Recession Defense,5,SCCO,Basic Materials,Southern Copper Corporation Common Stock,Recession Defense,5,27.610071298340515,54.13117351052954,-5.56256810062098,34.95540924396535,44.21089254475275,26.480524588191102,-10.51992639166381,60.56295283550024,53.559482931267304,41.321758430753505,2022,-10.51992639166381,2023,60.56295283550024,-46.51093686511244,17.5106895044135,3,4,"2001,2008,2009,2020",300000.0,0.0,0.0,4276714.231981622,4276714.231981622,3976714.231981622,5,83,1000,Mar-Nov 2001; Dec 2007-Jun 2009; Feb-Apr 2020,https://www.nber.org/research/data/us-business-cycle-expansions-and-contractions,423965.2752922605,651038.8845469191,1045327.2571358366,935359.5991331483,1183047.7277696074,1706083.6874469675,2302452.2224385897,2174376.749581182,3351392.400669584,4276714.231981622
19,MU + ISRG + PH + SCCO,Rebalanced annually,MU,Technology,Micron Technology Inc. Common Stock,Profit Engine,5,ISRG,Health Care,Intuitive Surgical Inc. Common Stock,Profit Engine,5,PH,Industrials,Parker-Hannifin Corporation Common Stock,Recession Defense,5,SCCO,Basic Materials,Southern Copper Corporation Common Stock,Recession Defense,5,35.39921694763485,63.98247619273724,-12.176959098226593,45.065648705389876,42.938825879189004,18.411315838319787,-18.68493994653461,52.49968575582907,25.695897894073255,88.72333346954608,2022,-18.68493994653461,2025,88.72333346954608,-46.51093686511244,17.5106895044135,3,4,"2001,2008,2009,2020",300000.0,0.0,0.0,4225109.411508543,4225109.411508543,3925109.4115085434,5,83,1000,Mar-Nov 2001; Dec 2007-Jun 2009; Feb-Apr 2020,https://www.nber.org/research/data/us-business-cycle-expansions-and-contractions,566170.0004086383,711652.4656205161,1085267.7737448968,882486.1419615698,1044963.4527875175,1493658.4902811109,2166785.3783694264,1902936.809099027,3120482.899943645,4225109.411508543
20,LRCX + ISRG + PH + AMZN,Rebalanced annually,LRCX,Technology,Lam Research Corporation Common Stock,Profit Engine,5,ISRG,Health Care,Intuitive Surgical Inc. Common Stock,Profit Engine,5,PH,Industrials,Parker-Hannifin Corporation Common Stock,Recession Defense,5,AMZN,Consumer Discretionary,Amazon.com Inc. Common Stock,Recession Defense,5,27.45298652857846,62.42891763173957,2.816999681842362,51.636809495858266,53.40284210266334,26.524805480805995,-30.849492773876065,64.36475819721909,32.961230422668386,48.10545363777483,2022,-30.849492773876065,2023,64.36475819721909,-43.59825894983303,23.856539845162967,2,4,"2001,2008,2009,2020",300000.0,0.0,0.0,4206427.632153846,4206427.632153846,3906427.6321538463,5,83,1000,Mar-Nov 2001; Dec 2007-Jun 2009; Feb-Apr 2020,https://www.nber.org/research/data/us-business-cycle-expansions-and-contractions,444316.3609133245,590768.5004395803,971015.2172528534,671461.9479731974,849565.9235507188,1303258.2722625425,1976219.2635497656,2031889.3539164702,3300375.8850410692,4206427.632153846
21,MU + ISRG + AMZN + CNQ,Rebalanced annually,MU,Technology,Micron Technology Inc. Common Stock,Profit Engine,5,ISRG,Health Care,Intuitive Surgical Inc. Common Stock,Profit Engine,5,AMZN,Consumer Discretionary,Amazon.com Inc. Common Stock,Recession Defense,5,CNQ,Energy,Canadian Natural Resources Limited Common Stock,Recession Defense,5,33.357859617707504,57.813010829782044,1.5169783018277858,38.91964746380542,33.84545178560809,35.47406225800157,-19.701652769351924,50.91851939456191,24.210092254403225,66.63902492673603,2022,-19.701652769351924,2025,66.63902492673603,-44.82257907886029,21.338654148137714,2,4,"2001,2008,2009,2020",300000.0,0.0,0.0,4049743.764560386,4049743.764560386,3749743.764560386,5,83,1000,Mar-Nov 2001; Dec 2007-Jun 2009; Feb-Apr 2020,https://www.nber.org/research/data/us-business-cycle-expansions-and-contractions,499917.0747802081,620947.4597800105,937124.7125181347,752495.6556420245,1019436.4330132332,1364469.29943365,1895515.9405250822,1924270.5060505343,3036749.2221078314,4049743.764560386
22,LRCX + DE + AMZN + SCCO,Rebalanced annually,LRCX,Technology,Lam Research Corporation Common Stock,Profit Engine,5,DE,Industrials,Deere & Company Common Stock,Profit Engine,5,AMZN,Consumer Discretionary,Amazon.com Inc. Common Stock,Recession Defense,5,SCCO,Basic Materials,Southern Copper Corporation Common Stock,Recession Defense,5,27.042594438389173,59.44475039654851,-7.993555617823585,51.810171125261874,64.29563785357587,21.069008689299693,-14.87538663572222,53.53713592365344,13.637735688140292,55.5909948025237,2022,-14.87538663572222,2020,64.29563785357587,-47.55862117577499,34.51933005263541,2,4,"2001,2008,2009,2020",300000.0,0.0,0.0,3901526.7333586523,3901526.7333586523,3601526.7333586523,5,83,1000,Mar-Nov 2001; Dec 2007-Jun 2009; Feb-Apr 2020,https://www.nber.org/research/data/us-business-cycle-expansions-and-contractions,466772.98440757114,530430.25028472,814407.4143598257,693261.1626838133,839324.4172892058,1378973.4050461093,2093421.8859723492,1926083.043201458,3071038.30066281,3901526.7333586523
23,AVGO + DE + AMZN + SCCO,Rebalanced annually,AVGO,Technology,Broadcom Inc. Common Stock,Profit Engine,5,DE,Industrials,Deere & Company Common Stock,Profit Engine,5,AMZN,Consumer Discretionary,Amazon.com Inc. Common Stock,Recession Defense,5,SCCO,Basic Materials,Southern Copper Corporation Common Stock,Recession Defense,5,24.159337048271663,52.43954532222036,-0.9878720757539732,29.239712677281332,59.47055894932574,21.774567791373418,-8.01202364276298,57.42592559817859,42.97216499373021,33.45840556755648,2022,-8.01202364276298,2020,59.47055894932574,-47.55862117577499,34.51933005263541,2,4,"2001,2008,2009,2020",300000.0,0.0,0.0,3898742.226664821,3898742.226664821,3598742.226664821,5,83,1000,Mar-Nov 2001; Dec 2007-Jun 2009; Feb-Apr 2020,https://www.nber.org/research/data/us-business-cycle-expansions-and-contractions,400375.21670266945,572425.1154181454,901145.5363034576,828945.5428791213,1009444.8520669038,1609767.3478762861,2080458.6951680041,2059906.424670844,3140111.9878314403,3898742.226664821
24,MU + DE + AMZN + CNQ,Rebalanced annually,MU,Technology,Micron Technology Inc. Common Stock,Profit Engine,5,DE,Industrials,Deere & Company Common Stock,Profit Engine,5,AMZN,Consumer Discretionary,Amazon.com Inc. Common Stock,Recession Defense,5,CNQ,Energy,Canadian Natural Resources Limited Common Stock,Recession Defense,5,39.06407240582012,53.36083895149485,-7.015110054439834,37.63502598958931,38.737023785802485,34.74972650336965,-6.517837413371815,42.76407022324011,12.419189682995958,67.35873922203976,2018,-7.015110054439834,2025,67.35873922203976,-44.82257907886029,21.338654148137714,2,4,"2001,2008,2009,2020",300000.0,0.0,0.0,3843694.022430052,3843694.022430052,3543694.022430052,5,83,1000,Mar-Nov 2001; Dec 2007-Jun 2009; Feb-Apr 2020,https://www.nber.org/research/data/us-business-cycle-expansions-and-contractions,502076.2176661192,564430.0154912862,805803.2636770249,753282.3170789125,1015045.8620620804,1408244.4190858724,1938237.5722057815,1802268.0733990432,2763973.437519715,3843694.022430052
25,MU + DE + COST + TMUS,Rebalanced annually,MU,Technology,Micron Technology Inc. Common Stock,Profit Engine,5,DE,Industrials,Deere & Company Common Stock,Profit Engine,5,COST,Consumer Discretionary,Costco Wholesale Corporation Common Stock,Recession Defense,5,TMUS,Telecommunications,T-Mobile US Inc. Common Stock,Recession Defense,5,35.2570993267113,43.80645133603822,-3.7436678633680858,39.19282232009839,50.59358520986372,22.72377917760335,-4.420466299396809,32.61908259307593,21.47998234453122,59.91266280835526,2022,-4.420466299396809,2025,59.91266280835526,-23.819406630791846,3.7810532507943364,1,3,"2001,2008,2009,2020",300000.0,0.0,0.0,3557947.524677207,3557947.524677207,3257947.524677207,5,83,1000,Mar-Nov 2001; Dec 2007-Jun 2009; Feb-Apr 2020,https://www.nber.org/research/data/us-business-cycle-expansions-and-contractions,479737.98842506576,582785.623638779,772884.947554085,738719.828914346,906584.8915780113,1365258.691198283,1900342.104249327,1829199.6075984922,2630507.0435401276,3557947.524677207
26,LRCX + DE + COST + BBVA,Rebalanced annually,LRCX,Technology,Lam Research Corporation Common Stock,Profit Engine,5,DE,Industrials,Deere & Company Common Stock,Profit Engine,5,COST,Consumer Discretionary,Costco Wholesale Corporation Common Stock,Recession Defense,5,BBVA,Finance,Banco Bilbao Vizcaya Argentaria S.A. Common Stock,Recession Defense,5,18.269306037194184,46.126966063420404,-13.239251508420297,48.59932571951719,37.12419591175376,39.09989293148812,-5.772401719238127,48.658539234792215,13.632343625568474,74.78720379545538,2018,-13.239251508420297,2025,74.78720379545538,-34.7470044448745,2.808103714108644,2,4,"2001,2008,2009,2020",300000.0,0.0,0.0,3547188.5218358953,3547188.5218358953,3247188.5218358953,5,83,1000,Mar-Nov 2001; Dec 2007-Jun 2009; Feb-Apr 2020,https://www.nber.org/research/data/us-business-cycle-expansions-and-contractions,524361.6113863662,595844.3880911235,885773.5634487505,834643.155043678,1160987.7350257505,1591995.0962881427,2365693.9785719584,2052493.8028292623,2999246.922714123,3547188.5218358953
27,AVGO + BBVA + MA + DHR,Rebalanced annually,AVGO,Technology,Broadcom Inc. Common Stock,Profit Engine,5,BBVA,Finance,Banco Bilbao Vizcaya Argentaria S.A. Common Stock,Profit Engine,5,MA,Consumer Discretionary,Mastercard Incorporated Common Stock,Recession Defense,5,DHR,Industrials,Danaher Corporation Common Stock,Recession Defense,5,25.576796765173043,36.74603819518564,1.1199217831376043,37.20775716905143,26.02384778810213,32.067053048253086,-6.213249048007274,47.207532058284016,37.1294019409659,53.504418411106855,2022,-6.213249048007274,2025,53.504418411106855,-34.37774525683358,18.26643394553729,2,3,"2001,2008,2009,2020",300000.0,0.0,0.0,3457251.759789787,3457251.759789787,3157251.759789787,5,83,1000,Mar-Nov 2001; Dec 2007-Jun 2009; Feb-Apr 2020,https://www.nber.org/research/data/us-business-cycle-expansions-and-contractions,460513.2552333206,631499.0727603263,929614.1999814237,871854.9545509374,1151433.1453306093,1451080.354453204,1990994.809065963,2013292.3936338315,2753097.585579287,3457251.759789787
28,MU + MPC + COST + DHR,Rebalanced annually,MU,Technology,Micron Technology Inc. Common Stock,Profit Engine,5,MPC,Energy,Marathon Petroleum Corporation Common Stock,Profit Engine,5,COST,Consumer Discretionary,Costco Wholesale Corporation Common Stock,Recession Defense,5,DHR,Industrials,Danaher Corporation Common Stock,Recession Defense,5,32.21934796609273,41.189249665762844,-2.1662922485984755,42.69926788652395,22.602416279021455,46.39914865591012,0.6555800156043547,37.53898377578821,8.564806432860868,63.591476618900515,2018,-2.1662922485984755,2025,63.591476618900515,-29.678161720898224,8.190658099306358,2,4,"2001,2008,2009,2020",300000.0,0.0,0.0,3450476.9967744267,3450476.9967744267,3150476.9967744267,5,83,1000,Mar-Nov 2001; Dec 2007-Jun 2009; Feb-Apr 2020,https://www.nber.org/research/data/us-business-cycle-expansions-and-contractions,490774.4298567016,532808.3097959046,732819.1347662406,737623.3505642927,1079874.305513324,1323951.9913356372,1889269.798805009,1848342.693598384,2609661.1803435087,3450476.9967744267
29,AVGO + BBVA + COST + DHR,Rebalanced annually,AVGO,Technology,Broadcom Inc. Common Stock,Profit Engine,5,BBVA,Finance,Banco Bilbao Vizcaya Argentaria S.A. Common Stock,Profit Engine,5,COST,Consumer Discretionary,Costco Wholesale Corporation Common Stock,Recession Defense,5,DHR,Industrials,Danaher Corporation Common Stock,Recession Defense,5,23.919455999124175,30.417653589438125,-2.558482322036001,33.84344211492494,29.143852219214658,44.732206354918596,-10.31107189490648,53.60753143850738,40.99147945326339,49.896307566232764,2022,-10.31107189490648,2023,53.60753143850738,-29.678161720898224,8.190658099306358,2,4,"2001,2008,2009,2020",300000.0,0.0,0.0,3441219.201647331,3441219.201647331,3141219.201647331,5,83,1000,Mar-Nov 2001; Dec 2007-Jun 2009; Feb-Apr 2020,https://www.nber.org/research/data/us-business-cycle-expansions-and-contractions,449688.92269869824,634023.0650503365,973907.1789745839,873486.9095608591,1264216.8764288237,1632658.3746256116,2185206.1665765047,2129298.053104604,2776980.558784613,3441219.201647331
30,AVGO + BBVA + WMT + DHR,Rebalanced annually,AVGO,Technology,Broadcom Inc. Common Stock,Profit Engine,5,BBVA,Finance,Banco Bilbao Vizcaya Argentaria S.A. Common Stock,Profit Engine,5,WMT,Consumer Discretionary,Walmart Inc. Common Stock,Recession Defense,5,DHR,Industrials,Danaher Corporation Common Stock,Recession Defense,5,27.857822730071543,36.464833955151185,-6.066301376233502,29.95901748849412,26.807860480828893,32.26961222541759,-5.664581109238709,44.57691919712332,49.583891364030876,57.36740804722238,2018,-6.066301376233502,2025,57.36740804722238,-7.681610428349384,10.137018773978959,2,4,"2001,2008,2009,2020",300000.0,0.0,0.0,3440937.4287073296,3440937.4287073296,3140937.4287073296,5,83,1000,Mar-Nov 2001; Dec 2007-Jun 2009; Feb-Apr 2020,https://www.nber.org/research/data/us-business-cycle-expansions-and-contractions,472102.22414166713,706188.8780872449,1020986.1236512678,963151.5365629696,1273956.8025549909,1615477.3647699615,2099458.511004058,1972099.0304575674,2691221.6673450656,3440937.4287073296
31,KLAC + MS + WMT + DHR,Rebalanced annually,KLAC,Technology,KLA Corporation Common Stock,Profit Engine,5,MS,Finance,Morgan Stanley Common Stock,Profit Engine,5,WMT,Consumer Discretionary,Walmart Inc. Common Stock,Recession Defense,5,DHR,Industrials,Danaher Corporation Common Stock,Recession Defense,5,35.53090764439875,32.496411789818126,-6.719103650312951,54.09462952384079,38.672350761236466,41.309452539382676,-10.255438156493636,20.405233377236502,30.684957156982374,41.121935113937006,2022,-10.255438156493636,2019,54.09462952384079,-7.681610428349384,10.137018773978959,2,4,"2001,2008,2009,2020",300000.0,0.0,0.0,3023978.172569893,3023978.172569893,2723978.172569893,5,83,1000,Mar-Nov 2001; Dec 2007-Jun 2009; Feb-Apr 2020,https://www.nber.org/research/data/us-business-cycle-expansions-and-contractions,423365.80534181104,553275.421328259,666172.5622691788,597853.6471301342,844823.7157463253,1171536.9064138557,1805275.4556734962,1683977.1266331347,2231209.2681501852,3023978.172569893
32,KLAC + MS + COST + TMUS,Rebalanced annually,KLAC,Technology,KLA Corporation Common Stock,Profit Engine,5,MS,Finance,Morgan Stanley Common Stock,Profit Engine,5,COST,Consumer Discretionary,Costco Wholesale Corporation Common Stock,Recession Defense,5,TMUS,Telecommunications,T-Mobile US Inc. Common Stock,Recession Defense,5,25.076639777834757,24.054191014271158,-6.12305021856836,51.41123201111126,47.663882299321095,38.13217420644597,-4.969075224519161,33.50099419372387,32.1048143104026,31.918035641629135,2018,-6.12305021856836,2019,51.41123201111126,-23.819406630791846,3.7810532507943364,1,3,"2001,2008,2009,2020",300000.0,0.0,0.0,2983783.9306136593,2983783.9306136593,2683783.9306136593,5,83,1000,Mar-Nov 2001; Dec 2007-Jun 2009; Feb-Apr 2020,https://www.nber.org/research/data/us-business-cycle-expansions-and-contractions,395754.1069248874,522810.22807891463,697956.8522318264,663274.851209741,916195.9729405846,1352890.5431141048,2048428.2390908804,1923001.9493200101,2385564.511417603,2983783.9306136593
33,KLAC + MS + WMT + TMUS,Rebalanced annually,KLAC,Technology,KLA Corporation Common Stock,Profit Engine,5,MS,Finance,Morgan Stanley Common Stock,Profit Engine,5,WMT,Consumer Discretionary,Walmart Inc. Common Stock,Recession Defense,5,TMUS,Telecommunications,T-Mobile US Inc. Common Stock,Recession Defense,5,29.015006508782125,30.101371379984215,-9.630869272765862,47.52680738468044,45.32789056093533,25.669580076944957,-0.32258443885139076,24.470381952339807,40.69722622117009,39.38913612261875,2018,-9.630869272765862,2019,47.52680738468044,-25.601407668406388,6.738752917700457,1,3,"2001,2008,2009,2020",300000.0,0.0,0.0,2983257.8607296804,2983257.8607296804,2683257.8607296804,5,83,1000,Mar-Nov 2001; Dec 2007-Jun 2009; Feb-Apr 2020,https://www.nber.org/research/data/us-business-cycle-expansions-and-contractions,418167.4083678563,588349.9445345269,732321.423178505,729959.0682249562,917336.4957718826,1333145.7786508808,1966747.4050272834,1777332.5335235908,2312334.000096809,2983257.8607296804
34,STX + MS + MA + TMUS,Rebalanced annually,STX,Technology,Seagate Technology Holdings PLC Ordinary Shares (Ireland),Profit Engine,5,MS,Finance,Morgan Stanley Common Stock,Profit Engine,5,MA,Consumer Discretionary,Mastercard Incorporated Common Stock,Recession Defense,5,TMUS,Telecommunications,T-Mobile US Inc. Common Stock,Recession Defense,5,25.84940771633396,25.348756781611083,-0.047369235992506434,44.31383475762988,35.093150663056974,30.33098969110318,-10.92538456851919,30.368516131866105,26.917341243824804,68.22142260221996,2022,-10.92538456851919,2025,68.22142260221996,-28.518990166727207,11.035336774839882,2,3,"2001,2008,2009,2020",300000.0,0.0,0.0,2979920.1508598127,2979920.1508598127,2679920.1508598127,5,83,1000,Mar-Nov 2001; Dec 2007-Jun 2009; Feb-Apr 2020,https://www.nber.org/research/data/us-business-cycle-expansions-and-contractions,504664.2678066599,640506.4709078285,835018.7818511188,743789.7687145197,969388.5667868007,1309577.5570397414,1889901.5916893384,1889006.3597443448,2367845.987465104,2979920.1508598127
35,STX + MS + WMT + TMUS,Rebalanced annually,STX,Technology,Seagate Technology Holdings PLC Ordinary Shares (Ireland),Profit Engine,5,MS,Finance,Morgan Stanley Common Stock,Profit Engine,5,WMT,Consumer Discretionary,Walmart Inc. Common Stock,Recession Defense,5,TMUS,Telecommunications,T-Mobile US Inc. Common Stock,Recession Defense,5,28.130433681232457,25.067552541576628,-7.233592395363614,37.06509507707257,35.87716335578374,30.53354886826769,-10.376716629750625,27.73790327070541,39.37183066688978,72.08441223833549,2022,-10.376716629750625,2025,72.08441223833549,-25.601407668406388,6.738752917700457,1,3,"2001,2008,2009,2020",300000.0,0.0,0.0,2976881.86717975,2976881.86717975,2676881.86717975,5,83,1000,Mar-Nov 2001; Dec 2007-Jun 2009; Feb-Apr 2020,https://www.nber.org/research/data/us-business-cycle-expansions-and-contractions,516253.2367150065,719511.5868867766,919089.0148789483,823717.7522297933,1075228.0146434736,1460989.325904263,2002506.4086165596,1857653.2573262032,2323321.463646759,2976881.86717975
36,KLAC + GLW + WMT + CNQ,Rebalanced annually,KLAC,Technology,KLA Corporation Common Stock,Profit Engine,5,GLW,Industrials,Corning Incorporated Common Stock,Profit Engine,5,WMT,Consumer Discretionary,Walmart Inc. Common Stock,Recession Defense,5,CNQ,Energy,Canadian Natural Resources Limited Common Stock,Recession Defense,5,30.194836625600274,33.26622077342903,-12.491537359716979,43.21276176186767,19.94541604161143,39.873637648933524,4.915111890447876,22.855864748749912,35.67212621666077,54.83316378424184,2018,-12.491537359716979,2025,54.83316378424184,-12.49726491278189,7.117582051991907,2,4,"2001,2008,2009,2020",300000.0,0.0,0.0,2963295.4692071127,2963295.4692071127,2663295.4692071127,5,83,1000,Mar-Nov 2001; Dec 2007-Jun 2009; Feb-Apr 2020,https://www.nber.org/research/data/us-business-cycle-expansions-and-contractions,464499.49135272554,630196.3361838171,774233.1584335677,812287.584463526,1136176.1925597873,1362791.2611315772,1951691.0021159174,1707894.791440373,2276046.843338823,2963295.4692071127
37,KLAC + GLW + MA + CNQ,Rebalanced annually,KLAC,Technology,KLA Corporation Common Stock,Profit Engine,5,GLW,Industrials,Corning Incorporated Common Stock,Profit Engine,5,MA,Consumer Discretionary,Mastercard Incorporated Common Stock,Recession Defense,5,CNQ,Energy,Canadian Natural Resources Limited Common Stock,Recession Defense,5,27.913810660701778,33.54742501346349,-5.305314200345871,50.46150144242498,19.16140334888467,39.67107847176902,4.366443951679311,25.486477609910608,23.217636793595798,50.97017414812631,2018,-5.305314200345871,2025,50.97017414812631,-39.19339974126609,13.952969946161089,2,3,"2001,2008,2009,2020",300000.0,0.0,0.0,2960664.191796826,2960664.191796826,2660664.191796826,5,83,1000,Mar-Nov 2001; Dec 2007-Jun 2009; Feb-Apr 2020,https://www.nber.org/research/data/us-business-cycle-expansions-and-contractions,452910.522444379,558065.6425454922,700296.9175814528,730874.9899829847,1020820.9807896686,1216424.6063888175,1830250.726687723,1733150.1749828258,2314577.4303059005,2960664.191796826
38,GLW + MPC + MA + AMAT,Rebalanced annually,GLW,Industrials,Corning Incorporated Common Stock,Profit Engine,5,MPC,Energy,Marathon Petroleum Corporation Common Stock,Profit Engine,5,MA,Consumer Discretionary,Mastercard Incorporated Common Stock,Recession Defense,5,AMAT,Technology,Applied Materials Inc. Common Stock,Recession Defense,5,29.8916356978306,44.24015318635393,-5.281615430065976,38.50979725522212,15.91647408896015,37.930053468419814,8.714526137929994,30.15137438861078,20.472754264026587,43.89281205558825,2018,-5.281615430065976,2017,44.24015318635393,-37.74818021356502,18.022968448132165,2,3,"2001,2008,2009,2020",300000.0,0.0,0.0,2891823.1739057475,2891823.1739057475,2591823.1739057475,5,83,1000,Mar-Nov 2001; Dec 2007-Jun 2009; Feb-Apr 2020,https://www.nber.org/research/data/us-business-cycle-expansions-and-contractions,431678.43616676476,520054.9016139794,676858.6020259318,735843.6218163093,1014949.5010151924,1176493.675360306,1629559.004462071,1543491.9646403727,2226335.1742163375,2891823.1739057475
39,GLW + MPC + TSM + MA,Rebalanced annually,GLW,Industrials,Corning Incorporated Common Stock,Profit Engine,5,MPC,Energy,Marathon Petroleum Corporation Common Stock,Profit Engine,5,TSM,Technology,Taiwan Semiconductor Manufacturing Company Ltd.,Recession Defense,5,MA,Consumer Discretionary,Mastercard Incorporated Common Stock,Recession Defense,5,18.74526373410403,39.876474249070505,2.5724378610543686,32.25646566557356,28.261046097415992,20.044518540580132,8.913065491068716,23.740533586541183,43.33609338558987,42.979416471085706,2018,2.5724378610543686,2024,43.33609338558987,-24.909664397877656,32.56151739145209,2,3,"2001,2008,2009,2020",300000.0,0.0,0.0,2874669.8925354183,2874669.8925354183,2574669.8925354183,5,83,1000,Mar-Nov 2001; Dec 2007-Jun 2009; Feb-Apr 2020,https://www.nber.org/research/data/us-business-cycle-expansions-and-contractions,428938.2494132572,614823.3297455007,760785.6688416221,828594.993752141,994682.8709011078,1275790.6555695708,1687315.6303479653,1730720.7764585244,2420871.201206321,2874669.8925354183
40,GLW + MPC + TSM + SPGI,Rebalanced annually,GLW,Industrials,Corning Incorporated Common Stock,Profit Engine,5,MPC,Energy,Marathon Petroleum Corporation Common Stock,Profit Engine,5,TSM,Technology,Taiwan Semiconductor Manufacturing Company Ltd.,Recession Defense,5,SPGI,Finance,S&P Global Inc. Common Stock,Recession Defense,5,19.65598117918941,42.78435626790301,-3.412370472947954,33.03367117243443,28.563550424040255,30.92540888719426,2.4814921134721164,26.08829716811288,40.776340529504395,42.14680930659692,2018,-3.412370472947954,2017,42.78435626790301,-30.9997398037193,24.882778859830772,3,4,"2001,2008,2009,2020",300000.0,0.0,0.0,2866475.15465529,2866475.15465529,2566475.15465529,5,83,1000,Mar-Nov 2001; Dec 2007-Jun 2009; Feb-Apr 2020,https://www.nber.org/research/data/us-business-cycle-expansions-and-contractions,426440.42791979073,600327.2289638403,756942.3804370243,775725.845911097,1015622.2356027503,1305720.004986907,1737047.257866976,1677772.7701383713,2395597.0494802375,2866475.15465529
41,RIO + MPC + TSM + JPM,Rebalanced annually,RIO,Basic Materials,Rio Tinto Plc Common Stock,Profit Engine,5,MPC,Energy,Marathon Petroleum Corporation Common Stock,Profit Engine,5,TSM,Technology,Taiwan Semiconductor Manufacturing Company Ltd.,Recession Defense,5,JPM,Finance,JP Morgan Chase & Co. Common Stock,Recession Defense,5,26.405820212431586,37.19882366959623,-5.322297605120005,38.91734550370764,23.992175799287324,25.110811279095103,13.92725855115868,28.618766615461382,29.364078061504667,39.21263507051114,2018,-5.322297605120005,2025,39.21263507051114,-20.786924207819048,19.31875839349812,3,4,"2001,2008,2009,2020",300000.0,0.0,0.0,2801278.9663254004,2801278.9663254004,2501278.9663254004,5,83,1000,Mar-Nov 2001; Dec 2007-Jun 2009; Feb-Apr 2020,https://www.nber.org/research/data/us-business-cycle-expansions-and-contractions,417637.9052115334,540273.425712281,694893.016502237,791672.5635644493,990467.9669494925,1228102.7828156417,1706047.7859446534,1615246.8454911183,2216099.671374075,2801278.9663254004
42,RIO + ABBV + TSM + JPM,Rebalanced annually,RIO,Basic Materials,Rio Tinto Plc Common Stock,Profit Engine,5,ABBV,Health Care,AbbVie Inc. Common Stock,Profit Engine,5,TSM,Technology,Taiwan Semiconductor Manufacturing Company Ltd.,Recession Defense,5,JPM,Finance,JP Morgan Chase & Co. Common Stock,Recession Defense,5,28.672680556709963,43.52239905410344,-3.50307992571989,37.77189512611339,37.7679797755785,17.967034757352796,-1.726515143831611,20.945027247171176,35.09288876628179,42.68976699381745,2018,-3.50307992571989,2017,43.52239905410344,-20.786924207819048,19.31875839349812,3,4,"2001,2008,2009,2020",300000.0,0.0,0.0,2742584.496104319,2742584.496104319,2442584.496104319,5,83,1000,Mar-Nov 2001; Dec 2007-Jun 2009; Feb-Apr 2020,https://www.nber.org/research/data/us-business-cycle-expansions-and-contractions,428069.3009814524,578291.1846174735,699414.4308035923,687338.9347376246,810833.3600427521,1117068.7394773425,1539006.772239321,1485094.1349455356,2131442.730685617,2742584.496104319
43,RIO + ABBV + JPM + AMAT,Rebalanced annually,RIO,Basic Materials,Rio Tinto Plc Common Stock,Profit Engine,5,ABBV,Health Care,AbbVie Inc. Common Stock,Profit Engine,5,JPM,Finance,JP Morgan Chase & Co. Common Stock,Recession Defense,5,AMAT,Technology,Applied Materials Inc. Common Stock,Recession Defense,5,39.81905252043654,47.88607799138686,-11.357133216840234,44.025226715761946,25.423407767122665,35.85256968519248,-1.9250544969703327,27.355868049240776,12.229549644718508,43.60316257831999,2018,-11.357133216840234,2017,47.88607799138686,-33.62544002350641,4.122020663388777,2,4,"2001,2008,2009,2020",300000.0,0.0,0.0,2716389.080826999,2716389.080826999,2416389.080826999,5,83,1000,Mar-Nov 2001; Dec 2007-Jun 2009; Feb-Apr 2020,https://www.nber.org/research/data/us-business-cycle-expansions-and-contractions,430809.4877349599,483495.5479116644,615759.952022333,603906.2373753848,820422.1419636186,1029001.4085267913,1482021.611539095,1313706.4428142374,1942788.9345981374,2716389.080826999
44,RIO + ABBV + TSM + SPGI,Rebalanced annually,RIO,Basic Materials,Rio Tinto Plc Common Stock,Profit Engine,5,ABBV,Health Care,AbbVie Inc. Common Stock,Profit Engine,5,TSM,Technology,Taiwan Semiconductor Manufacturing Company Ltd.,Recession Defense,5,SPGI,Finance,S&P Global Inc. Common Stock,Recession Defense,5,22.676086383218212,51.661989970881955,-1.503710089184998,41.52432273266782,44.500765718506926,22.201625591476965,-5.662412519585471,21.487091730541977,27.50467924035835,34.80001847408677,2022,-5.662412519585471,2017,51.661989970881955,-30.9997398037193,24.882778859830772,3,4,"2001,2008,2009,2020",300000.0,0.0,0.0,2706368.8278877055,2706368.8278877055,2406368.8278877055,5,83,1000,Mar-Nov 2001; Dec 2007-Jun 2009; Feb-Apr 2020,https://www.nber.org/research/data/us-business-cycle-expansions-and-contractions,404400.05542226037,515628.9935139845,626422.6683396046,590952.0327420215,722152.9904766275,1043516.6008978231,1476829.8020236003,1454622.5632904808,2206109.5260517946,2706368.8278877055
45,ABBV + SONY + JPM + AMAT,Rebalanced annually,ABBV,Health Care,AbbVie Inc. Common Stock,Profit Engine,5,SONY,Consumer Staples,Sony Group Corporation American Depositary Shares,Profit Engine,5,JPM,Finance,JP Morgan Chase & Co. Common Stock,Recession Defense,5,AMAT,Technology,Applied Materials Inc. Common Stock,Recession Defense,5,33.65822504856367,51.99997306346601,-8.635957890825388,45.1174705839468,28.793866083020156,42.36135209282775,-16.36007739892936,30.82919492085965,19.192170946347115,37.81717524893561,2022,-16.36007739892936,2017,51.99997306346601,-33.62544002350641,4.122020663388777,2,4,"2001,2008,2009,2020",300000.0,0.0,0.0,2663251.0678584957,2663251.0678584957,2363251.0678584957,5,83,1000,Mar-Nov 2001; Dec 2007-Jun 2009; Feb-Apr 2020,https://www.nber.org/research/data/us-business-cycle-expansions-and-contractions,413451.5257468069,492801.8493484144,644728.6920576382,539250.5790239036,767684.4154668316,988730.4379965671,1434820.6025141967,1310910.0994721835,1992582.9980839745,2663251.0678584957
46,RIO + ABBV + AMAT + SPGI,Rebalanced annually,RIO,Basic Materials,Rio Tinto Plc Common Stock,Profit Engine,5,ABBV,Health Care,AbbVie Inc. Common Stock,Profit Engine,5,AMAT,Technology,Applied Materials Inc. Common Stock,Recession Defense,5,SPGI,Finance,S&P Global Inc. Common Stock,Recession Defense,5,33.822458346944785,56.02566890816538,-9.357763380305341,47.77765432231638,32.156193710051085,40.087160519316654,-5.860951872724193,27.897932532611573,4.64134011879507,35.71341405858931,2018,-9.357763380305341,2017,56.02566890816538,-43.83825561940666,9.686041129721428,3,4,"2001,2008,2009,2020",300000.0,0.0,0.0,2656017.5700100698,2656017.5700100698,2356017.5700100698,5,83,1000,Mar-Nov 2001; Dec 2007-Jun 2009; Feb-Apr 2020,https://www.nber.org/research/data/us-business-cycle-expansions-and-contractions,407140.2421757679,426037.0055756312,544892.5219550794,512956.6334852191,718586.3825449217,949656.4116901156,1403379.9693171326,1272054.9924618336,1984732.3108682886,2656017.5700100698
47,AMAT + SONY + JPM + MCK,Rebalanced annually,AMAT,Technology,Applied Materials Inc. Common Stock,Profit Engine,5,SONY,Consumer Staples,Sony Group Corporation American Depositary Shares,Profit Engine,5,JPM,Finance,JP Morgan Chase & Co. Common Stock,Recession Defense,5,MCK,Health Care,McKesson Corporation Common Stock,Recession Defense,5,24.13455615855905,39.968425938540214,-15.497982955492677,51.43101123276153,28.62937510083413,45.31165607579867,-9.406694616859825,36.92151255542136,20.39583528912701,40.68329674992919,2018,-15.497982955492677,2019,51.43101123276153,-32.74963506857824,5.1130117336670615,2,4,"2001,2008,2009,2020",300000.0,0.0,0.0,2619318.6433584937,2619318.6433584937,2319318.6433584937,5,83,1000,Mar-Nov 2001; Dec 2007-Jun 2009; Feb-Apr 2020,https://www.nber.org/research/data/us-business-cycle-expansions-and-contractions,422049.89024978754,508130.4907030755,695739.9536259356,630293.8208608617,915890.389236346,1178104.0842833093,1784014.9282046803,1507528.598708074,2110064.050185024,2619318.6433584937
48,STX + SONY + MCK + SPGI,Rebalanced annually,STX,Technology,Seagate Technology Holdings PLC Ordinary Shares (Ireland),Profit Engine,5,SONY,Consumer Staples,Sony Group Corporation American Depositary Shares,Profit Engine,5,MCK,Health Care,McKesson Corporation Common Stock,Recession Defense,5,SPGI,Finance,S&P Global Inc. Common Stock,Recession Defense,5,2.5643807232873272,37.31007606363936,-5.493204969627691,48.254857956582526,27.07444877193273,50.5128048119288,-16.810705832040256,37.75018021443951,13.540492173727998,74.20838485302299,2022,-16.810705832040256,2025,74.20838485302299,-42.962450664478496,10.677032199999713,3,4,"2001,2008,2009,2020",300000.0,0.0,0.0,2566275.739413878,2566275.739413878,2266275.739413878,5,83,1000,Mar-Nov 2001; Dec 2007-Jun 2009; Feb-Apr 2020,https://www.nber.org/research/data/us-business-cycle-expansions-and-contractions,522625.15455906896,593391.1727100735,817397.4097847022,679987.1357470794,1023467.710373227,1300565.9513154991,1928152.2037544695,1822234.8510758432,2502112.0600703857,2566275.739413878
49,STX + AXP + BHP + MCK,Rebalanced annually,STX,Technology,Seagate Technology Holdings PLC Ordinary Shares (Ireland),Profit Engine,5,AXP,Finance,American Express Company Common Stock,Profit Engine,5,BHP,Energy,BHP Group Limited American Depositary Shares (Each representing two Ordinary Shares),Recession Defense,5,MCK,Health Care,McKesson Corporation Common Stock,Recession Defense,5,8.884285027387083,24.6768354942678,-5.843015141925642,36.470195112853176,15.355959421047661,42.3808444466747,5.153258326315089,34.60591236897401,15.854293325664688,80.47977446491919,2018,-5.843015141925642,2025,80.47977446491919,-38.91473276808962,16.90206804799034,3,4,"2001,2008,2009,2020",300000.0,0.0,0.0,2543792.760407838,2543792.760407838,2243792.760407838,5,83,1000,Mar-Nov 2001; Dec 2007-Jun 2009; Feb-Apr 2020,https://www.nber.org/research/data/us-business-cycle-expansions-and-contractions,541439.3233947576,627280.7019062566,844356.9119154209,887868.8047825192,1264155.1018279486,1458278.2462837521,1990115.16799173,1873832.4373842143,2336234.9853957454,2543792.760407838
50,STX + SPGI + BHP + MCK,Rebalanced annually,STX,Technology,Seagate Technology Holdings PLC Ordinary Shares (Ireland),Profit Engine,5,SPGI,Finance,S&P Global Inc. Common Stock,Profit Engine,5,BHP,Energy,BHP Group Limited American Depositary Shares (Each representing two Ordinary Shares),Recession Defense,5,MCK,Health Care,McKesson Corporation Common Stock,Recession Defense,5,9.376228480070516,30.45202382449434,-4.84455347361305,43.907557586692135,20.990503766039538,44.33071807926088,0.18628799388234363,35.63701204952537,4.258097066871294,75.40828859423715,2018,-4.84455347361305,2025,75.40828859423715,-38.91473276808962,16.90206804799034,3,4,"2001,2008,2009,2020",300000.0,0.0,0.0,2543716.670242757,2543716.670242757,2243716.670242757,5,83,1000,Mar-Nov 2001; Dec 2007-Jun 2009; Feb-Apr 2020,https://www.nber.org/research/data/us-business-cycle-expansions-and-contractions,526224.8657827114,548632.0313577525,744148.0944802705,745534.3530369914,1076035.0852658616,1301900.270362499,1873532.8812932137,1782768.5790132405,2325657.6914299517,2543716.670242757
51,FTNT + GS + BHP + MCK,Rebalanced annually,FTNT,Technology,Fortinet Inc. Common Stock,Profit Engine,5,GS,Finance,Goldman Sachs Group Inc. (The) Common Stock,Profit Engine,5,BHP,Energy,BHP Group Limited American Depositary Shares (Each representing two Ordinary Shares),Recession Defense,5,MCK,Health Care,McKesson Corporation Common Stock,Recession Defense,5,11.275312883530002,24.65216943444517,2.456789891632777,35.82118164474915,27.25133871135644,58.679565249850505,10.172533093975883,19.064221590379134,28.12233719033262,27.83766090246393,2018,2.456789891632777,2021,58.679565249850505,-38.91473276808962,16.90206804799034,3,4,"2001,2008,2009,2020",300000.0,0.0,0.0,2512174.5470003914,2512174.5470003914,2212174.5470003914,5,83,1000,Mar-Nov 2001; Dec 2007-Jun 2009; Feb-Apr 2020,https://www.nber.org/research/data/us-business-cycle-expansions-and-contractions,383512.9827073918,491365.7968730665,585040.8612082801,644554.3364279738,1022776.0188429676,1301496.1759963913,1767707.4852995228,1811136.3441119974,2257620.7443513027,2512174.5470003914
52,FTNT + GS + V + BHP,Rebalanced annually,FTNT,Technology,Fortinet Inc. Common Stock,Profit Engine,5,GS,Finance,Goldman Sachs Group Inc. (The) Common Stock,Profit Engine,5,V,Consumer Discretionary,Visa Inc.,Recession Defense,5,BHP,Energy,BHP Group Limited American Depositary Shares (Each representing two Ordinary Shares),Recession Defense,5,18.693770532242908,33.45913482175354,13.679824952328055,39.9723567419394,24.767317718117454,47.54402244114675,-3.6339606285332176,19.607599291663764,27.78349477309399,19.641659683550113,2022,-3.6339606285332176,2021,47.54402244114675,21.245205406620684,48.77250066650095,2,2,"2001,2008,2009,2020",300000.0,0.0,0.0,2452932.4530243236,2452932.4530243236,2152932.4530243236,5,83,1000,Mar-Nov 2001; Dec 2007-Jun 2009; Feb-Apr 2020,https://www.nber.org/research/data/us-business-cycle-expansions-and-contractions,358924.9790506504,458646.8818445165,548576.5246002998,528641.4696789491,779978.8886563167,973158.7381440682,1362153.220620371,1548493.3967837365,2066605.8901195577,2452932.4530243236
53,FTNT + GS + TJX + BHP,Rebalanced annually,FTNT,Technology,Fortinet Inc. Common Stock,Profit Engine,5,GS,Finance,Goldman Sachs Group Inc. (The) Common Stock,Profit Engine,5,TJX,Consumer Discretionary,TJX Companies Inc. (The) Common Stock,Recession Defense,5,BHP,Energy,BHP Group Limited American Depositary Shares (Each representing two Ordinary Shares),Recession Defense,5,20.19032483112904,22.53042868998823,14.293549735991087,38.82975973891589,23.549803577156457,50.82942787973041,-1.0999160544644946,17.953066531020802,29.844829940677783,23.88362454404568,2022,-1.0999160544644946,2021,50.82942787973041,-32.436258316162885,23.803318060143567,3,4,"2001,2008,2009,2020",300000.0,0.0,0.0,2451385.5087899626,2451385.5087899626,2151385.5087899626,5,83,1000,Mar-Nov 2001; Dec 2007-Jun 2009; Feb-Apr 2020,https://www.nber.org/research/data/us-business-cycle-expansions-and-contractions,371650.8736321371,482569.4448406917,569205.4583313188,562944.6761122445,849086.2342594998,1049044.3746282866,1456385.784851063,1664555.0113566539,2039586.3911959901,2451385.5087899626
54,GS + SONY + TJX + ASML,Rebalanced annually,GS,Finance,Goldman Sachs Group Inc. (The) Common Stock,Profit Engine,5,SONY,Consumer Staples,Sony Group Corporation American Depositary Shares,Profit Engine,5,TJX,Consumer Discretionary,TJX Companies Inc. (The) Common Stock,Recession Defense,5,ASML,Technology,ASML Holding N.V. New York Registry Shares,Recession Defense,5,21.194787805703687,32.239674644732276,-4.075486253469506,53.58877274161689,36.42265506039307,37.55195638579932,-17.731684340971146,25.11259859692466,21.847069851702027,40.63087628859817,2022,-17.731684340971146,2019,53.58877274161689,-34.410632541724404,25.226247304255132,3,4,"2001,2008,2009,2020",300000.0,0.0,0.0,2344437.925102864,2344437.925102864,2044437.925102864,5,83,1000,Mar-Nov 2001; Dec 2007-Jun 2009; Feb-Apr 2020,https://www.nber.org/research/data/us-business-cycle-expansions-and-contractions,421892.6288657945,514063.8061932866,643158.5863746793,529115.7360268689,727809.0464500799,992896.4249369284,1524977.4336560178,1462827.1879788546,1934437.9139979235,2344437.925102864
55,FTNT + GS + TJX + LIN,Rebalanced annually,FTNT,Technology,Fortinet Inc. Common Stock,Profit Engine,5,GS,Finance,Goldman Sachs Group Inc. (The) Common Stock,Profit Engine,5,TJX,Consumer Discretionary,TJX Companies Inc. (The) Common Stock,Recession Defense,5,LIN,Basic Materials,Linde plc Ordinary Shares,Recession Defense,5,14.104795456532617,22.847927628041752,12.408191585482694,42.465187328921175,23.677973751127645,58.950001748733584,-9.379292422807637,20.742494395609825,36.799473419580075,18.157167725836633,2022,-9.379292422807637,2021,58.950001748733584,-29.577374607196095,21.06739181759969,3,4,"2001,2008,2009,2020",300000.0,0.0,0.0,2341448.928550042,2341448.928550042,2041448.9285500422,5,83,1000,Mar-Nov 2001; Dec 2007-Jun 2009; Feb-Apr 2020,https://www.nber.org/research/data/us-business-cycle-expansions-and-contractions,354471.5031775099,484915.14976930356,585498.6475336644,530583.0172498982,843361.7151971965,1043052.6807486485,1485986.9555678961,1670371.0639500422,2052016.235761099,2341448.928550042
56,AXP + SONY + TJX + ASML,Rebalanced annually,AXP,Finance,American Express Company Common Stock,Profit Engine,5,SONY,Consumer Staples,Sony Group Corporation American Depositary Shares,Profit Engine,5,TJX,Consumer Discretionary,TJX Companies Inc. (The) Common Stock,Recession Defense,5,ASML,Technology,ASML Holding N.V. New York Registry Shares,Recession Defense,5,14.609574812737597,39.36023783181303,3.650787525614003,51.59835588641961,31.77376793836639,34.870302607572214,-17.89315879072526,28.303846459659756,23.919263701629745,32.96976372005928,2022,-17.89315879072526,2019,51.59835588641961,-34.410632541724404,25.226247304255132,3,4,"2001,2008,2009,2020",300000.0,0.0,0.0,2322759.102998422,2322759.102998422,2022759.102998422,5,83,1000,Mar-Nov 2001; Dec 2007-Jun 2009; Feb-Apr 2020,https://www.nber.org/research/data/us-business-cycle-expansions-and-contractions,398909.2911601778,494325.4564430828,634238.5746457452,520753.2593723495,702341.4967542831,925501.8540678382,1403045.594465173,1454267.8080065844,2026671.0759494703,2322759.102998422
57,MRVL + AXP + TJX + LIN,Rebalanced annually,MRVL,Technology,Marvell Technology Inc. Common Stock,Profit Engine,5,AXP,Finance,American Express Company Common Stock,Profit Engine,5,TJX,Consumer Discretionary,TJX Companies Inc. (The) Common Stock,Recession Defense,5,LIN,Basic Materials,Linde plc Ordinary Shares,Recession Defense,5,23.49553135414094,32.92682412611011,-1.0722361557691211,44.014302290577035,29.311285558541133,41.931271249461446,-15.915891315644515,34.92471100457301,44.4637157724547,8.778788341740523,2022,-15.915891315644515,2024,44.4637157724547,-29.577374607196095,21.06739181759969,3,4,"2001,2008,2009,2020",300000.0,0.0,0.0,2295788.5487758773,2295788.5487758773,1995788.5487758773,5,83,1000,Mar-Nov 2001; Dec 2007-Jun 2009; Feb-Apr 2020,https://www.nber.org/research/data/us-business-cycle-expansions-and-contractions,326336.3650252216,471437.63883219636,636085.8717611236,534847.1357374532,759115.3389935001,981621.8037245724,1413675.7917661206,1398517.8488014487,1859005.3612485605,2295788.5487758773
58,MRVL + SAN + V + COP,Rebalanced annually,MRVL,Technology,Marvell Technology Inc. Common Stock,Profit Engine,5,SAN,Finance,Banco Santander S.A. Sponsored ADR (Spain),Profit Engine,5,V,Consumer Discretionary,Visa Inc.,Recession Defense,5,COP,Energy,ConocoPhillips Common Stock,Recession Defense,5,20.971487998160782,36.78817046355846,-5.003972408183181,28.34626386981277,8.753496180479532,45.32771347794586,1.0450145185670898,34.54060971006497,27.24797534086889,37.054602162211566,2018,-5.003972408183181,2021,45.32771347794586,-9.455727198206674,12.934698745948495,1,2,"2001,2008,2009,2020",300000.0,0.0,0.0,2268015.1365918946,2268015.1365918946,1968015.1365918946,5,83,1000,Mar-Nov 2001; Dec 2007-Jun 2009; Feb-Apr 2020,https://www.nber.org/research/data/us-business-cycle-expansions-and-contractions,411163.8064866347,523197.61908869084,703913.2667104679,711269.2625457122,1033671.3559291312,1124153.7385890987,1442809.32363193,1370611.5431746938,1874834.4540710095,2268015.1365918946
59,FTNT + SAN + V + LIN,Rebalanced annually,FTNT,Technology,Fortinet Inc. Common Stock,Profit Engine,5,SAN,Finance,Banco Santander S.A. Sponsored ADR (Spain),Profit Engine,5,V,Consumer Discretionary,Visa Inc.,Recession Defense,5,LIN,Basic Materials,Linde plc Ordinary Shares,Recession Defense,5,6.839363790544306,39.62892022602461,13.04842711145032,32.90990520030496,13.94993372742423,46.3621350943442,-11.601227975982017,29.96807655438212,25.493116641874362,40.16097189367664,2022,-11.601227975982017,2021,46.3621350943442,21.501545754563057,37.31406089353625,2,2,"2001,2008,2009,2020",300000.0,0.0,0.0,2266326.841523352,2266326.841523352,1966326.841523352,5,83,1000,Mar-Nov 2001; Dec 2007-Jun 2009; Feb-Apr 2020,https://www.nber.org/research/data/us-business-cycle-expansions-and-contractions,420482.91568102996,527677.1158347492,685811.7978680624,606249.2077112074,887319.2843986688,1011099.736522938,1343851.7012931702,1519203.2110223945,2121247.0395896635,2266326.841523352
60,MRVL + AXP + V + RTX,Rebalanced annually,MRVL,Technology,Marvell Technology Inc. Common Stock,Profit Engine,5,AXP,Finance,American Express Company Common Stock,Profit Engine,5,V,Consumer Discretionary,Visa Inc.,Recession Defense,5,RTX,Industrials,RTX Corporation Common Stock,Recession Defense,5,21.90719595278395,39.85267771604655,-6.103221538126816,46.35174009931913,18.5706224220905,36.114792221725246,-12.348026423385726,26.055452857668953,51.797509620938555,19.09320850054631,2022,-12.348026423385726,2024,51.797509620938555,-2.4148088002601966,24.054362952464277,1,2,"2001,2008,2009,2020",300000.0,0.0,0.0,2265830.237289345,2265830.237289345,1965830.237289345,5,83,1000,Mar-Nov 2001; Dec 2007-Jun 2009; Feb-Apr 2020,https://www.nber.org/research/data/us-business-cycle-expansions-and-contractions,357279.625501639,542341.5738945036,683651.1270081259,599233.7052013882,815645.7127574151,967116.1983755636,1415391.3851050204,1329006.9132404993,1858651.755198214,2265830.237289345
61,MRVL + SAN + V + LIN,Rebalanced annually,MRVL,Technology,Marvell Technology Inc. Common Stock,Profit Engine,5,SAN,Finance,Banco Santander S.A. Sponsored ADR (Spain),Profit Engine,5,V,Consumer Discretionary,Visa Inc.,Recession Defense,5,LIN,Basic Materials,Linde plc Ordinary Shares,Recession Defense,5,22.815312681118723,42.58725353701222,-8.158274408885006,36.449437017158104,24.232132656864398,32.02505837329916,-17.97635241906478,40.95904530061021,31.085165144821268,38.44370507811942,2022,-17.97635241906478,2017,42.58725353701222,21.501545754563057,37.31406089353625,2,2,"2001,2008,2009,2020",300000.0,0.0,0.0,2265767.567451234,2265767.567451234,1965767.567451234,5,83,1000,Mar-Nov 2001; Dec 2007-Jun 2009; Feb-Apr 2020,https://www.nber.org/research/data/us-business-cycle-expansions-and-contractions,415331.1152343583,544437.4783027865,767433.8716743246,629477.2543188747,831067.7124611351,1032453.1430130857,1408776.5011073097,1293844.6483390864,1844857.549102317,2265767.567451234
62,MRVL + AXP + RTX + LIN,Rebalanced annually,MRVL,Technology,Marvell Technology Inc. Common Stock,Profit Engine,5,AXP,Finance,American Express Company Common Stock,Profit Engine,5,RTX,Industrials,RTX Corporation Common Stock,Recession Defense,5,LIN,Basic Materials,Linde plc Ordinary Shares,Recession Defense,5,25.94123931024104,36.84422840196246,-9.47218905833732,45.2804676550919,20.759287908265243,44.54120345682414,-12.595269748205357,26.392678787485817,47.01328897956035,16.957445090190028,2022,-12.595269748205357,2024,47.01328897956035,-30.12097409441061,3.0982109808620786,3,4,"2001,2008,2009,2020",300000.0,0.0,0.0,2254542.787289754,2254542.787289754,1954542.787289754,5,83,1000,Mar-Nov 2001; Dec 2007-Jun 2009; Feb-Apr 2020,https://www.nber.org/research/data/us-business-cycle-expansions-and-contractions,350872.33527057007,515828.960200655,651970.0407592419,569852.655448131,823671.886115398,994660.3043735321,1445047.1417734278,1308169.544522549,1790154.519391349,2254542.787289754
63,VRTX + SAN + BKNG + ASML,Rebalanced annually,VRTX,Health Care,Vertex Pharmaceuticals Incorporated Common Stock,Profit Engine,5,SAN,Finance,Banco Santander S.A. Sponsored ADR (Spain),Profit Engine,5,BKNG,Consumer Discretionary,Booking Holdings Inc. Common Stock,Recession Defense,5,ASML,Technology,ASML Holding N.V. New York Registry Shares,Recession Defense,5,3.3202631914721725,52.388266519586224,-7.123017101669871,35.57025712951585,14.086178398627709,18.793037106537092,-5.411472630387593,50.752205324821304,11.90735882942549,59.656818015038674,2018,-7.123017101669871,2025,59.656818015038674,-38.64975348670697,75.57508028450235,3,4,"2001,2008,2009,2020",300000.0,0.0,0.0,2053539.5802201529,2053539.5802201529,1753539.5802201529,5,83,1000,Mar-Nov 2001; Dec 2007-Jun 2009; Feb-Apr 2020,https://www.nber.org/research/data/us-business-cycle-expansions-and-contractions,478970.45404511597,536003.1846951965,808036.6215392838,764309.9409211768,907946.9917274454,1035842.024747147,1404293.6964052904,1304265.6162526696,1987547.763418442,2053539.5802201529
64,CME + VRTX + RTX + ASML,Rebalanced annually,CME,Finance,CME Group Inc. Class A Common Stock,Profit Engine,5,VRTX,Health Care,Vertex Pharmaceuticals Incorporated Common Stock,Profit Engine,5,RTX,Industrials,RTX Corporation Common Stock,Recession Defense,5,ASML,Technology,ASML Holding N.V. New York Registry Shares,Recession Defense,5,9.378632768901202,52.83876996177922,4.596713555132434,44.71145053373438,11.481382683133571,27.446558478580364,-0.4736491090833246,24.420965872353474,11.861025355069488,37.422401001031005,2022,-0.4736491090833246,2017,52.83876996177922,-34.95423202893892,7.257066467517521,2,4,"2001,2008,2009,2020",300000.0,0.0,0.0,2053083.6826484888,2053083.6826484888,1753083.6826484888,5,83,1000,Mar-Nov 2001; Dec 2007-Jun 2009; Feb-Apr 2020,https://www.nber.org/research/data/us-business-cycle-expansions-and-contractions,412267.203003093,461166.32048192574,573787.590221605,571069.8504124897,727808.870859495,811371.392524667,1174147.3113382051,1228119.4999557114,1877042.7373930628,2053083.6826484888
65,CME + VLO + BKNG + ASML,Rebalanced annually,CME,Finance,CME Group Inc. Class A Common Stock,Profit Engine,5,VLO,Energy,Valero Energy Corporation Common Stock,Profit Engine,5,BKNG,Consumer Discretionary,Booking Holdings Inc. Common Stock,Recession Defense,5,ASML,Technology,ASML Holding N.V. New York Registry Shares,Recession Defense,5,19.369096746675545,36.830367060739995,1.463847169515918,38.0997941126121,8.174039605018315,35.394287611053635,1.3848975227664635,38.275277220973706,11.515366428029722,30.307875726808938,2022,1.3848975227664635,2023,38.275277220973706,-38.64975348670697,75.57508028450235,3,4,"2001,2008,2009,2020",300000.0,0.0,0.0,2048550.0803246556,2048550.0803246556,1748550.0803246556,5,83,1000,Mar-Nov 2001; Dec 2007-Jun 2009; Feb-Apr 2020,https://www.nber.org/research/data/us-business-cycle-expansions-and-contractions,390923.6271804268,435939.91530399775,602797.1264034809,611145.2488743502,827455.7559822273,895092.3171902184,1236120.6471575005,1254215.5642627173,1716147.7603136073,2048550.0803246556
66,NOW + SAN + COP + TMO,Rebalanced annually,NOW,Technology,ServiceNow Inc. Common Stock,Profit Engine,5,SAN,Finance,Banco Santander S.A. Sponsored ADR (Spain),Profit Engine,5,COP,Energy,ConocoPhillips Common Stock,Recession Defense,5,TMO,Industrials,Thermo Fisher Scientific Inc Common Stock,Recession Defense,5,1.9364333961344629,38.37815532882934,10.470364159653409,27.107216122756174,19.080534093661583,39.61753032377063,1.899951583213788,31.693902185146175,12.803892146886426,35.827050577346206,2022,1.899951583213788,2021,39.61753032377063,-40.36198193573358,-3.558394313611007,3,4,"2001,2008,2009,2020",300000.0,0.0,0.0,2031257.3170686464,2031257.3170686464,1731257.3170686464,5,83,1000,Mar-Nov 2001; Dec 2007-Jun 2009; Feb-Apr 2020,https://www.nber.org/research/data/us-business-cycle-expansions-and-contractions,407481.15173203865,459654.5989186995,605337.0778895181,616838.18928466,861214.2459731079,1025538.5237954773,1303533.4678628407,1440018.1688910387,1992670.5785114055,2031257.3170686464
67,NOW + VLO + RTX + CM,Rebalanced annually,NOW,Technology,ServiceNow Inc. Common Stock,Profit Engine,5,VLO,Energy,Valero Energy Corporation Common Stock,Profit Engine,5,RTX,Industrials,RTX Corporation Common Stock,Recession Defense,5,CM,Finance,Canadian Imperial Bank of Commerce Common Stock,Recession Defense,5,8.37499187261908,39.85661845683882,-3.3975830581304436,37.578780701715786,11.64299037079559,30.554274964301115,6.983565994948581,24.970782648844132,31.422364221206767,29.290296617666964,2018,-3.3975830581304436,2017,39.85661845683882,-33.21908271238946,2.0643732058554143,1,4,"2001,2008,2009,2020",300000.0,0.0,0.0,2001041.655197937,2001041.655197937,1701041.655197937,5,83,1000,Mar-Nov 2001; Dec 2007-Jun 2009; Feb-Apr 2020,https://www.nber.org/research/data/us-business-cycle-expansions-and-contractions,387870.8898530009,509749.09357064654,637037.4317806258,681525.3612415513,889760.4940667414,993355.2227140755,1366646.0034468384,1320213.0703691116,1846405.3566434453,2001041.655197937
68,NOW + VLO + WELL + RY,Rebalanced annually,NOW,Technology,ServiceNow Inc. Common Stock,Profit Engine,5,VLO,Energy,Valero Energy Corporation Common Stock,Profit Engine,5,WELL,Real Estate,Welltower Inc. Common Stock,Recession Defense,5,RY,Finance,Royal Bank Of Canada Common Stock,Recession Defense,5,5.437876196519035,34.88021879818491,5.811955549776773,33.01003740451718,12.62644979257901,32.31901422225354,1.3977052809834145,35.4524969459636,28.490537071340373,26.071549386140887,2022,1.3977052809834145,2023,35.4524969459636,-19.563130299620713,15.040753020856222,2,4,"2001,2008,2009,2020",300000.0,0.0,0.0,1990908.7264193748,1990908.7264193748,1690908.7264193748,5,83,1000,Mar-Nov 2001; Dec 2007-Jun 2009; Feb-Apr 2020,https://www.nber.org/research/data/us-business-cycle-expansions-and-contractions,378214.6481584227,485970.03270123765,658258.5437029422,667459.0581308028,883175.2460558165,994688.9250795403,1323036.1113068864,1399930.3820035378,1888229.162268638,1990908.7264193748
69,NOW + VLO + RTX + RY,Rebalanced annually,NOW,Technology,ServiceNow Inc. Common Stock,Profit Engine,5,VLO,Energy,Valero Energy Corporation Common Stock,Profit Engine,5,RTX,Industrials,RTX Corporation Common Stock,Recession Defense,5,RY,Finance,Royal Bank Of Canada Common Stock,Recession Defense,5,8.87707316753816,39.60810930640219,-1.6797777843874129,38.20614942955949,11.434977954020209,28.889820309570574,11.695491441050052,21.395587702696897,27.913993876153764,28.9672248120535,2018,-1.6797777843874129,2017,39.60810930640219,-33.91489550222742,3.0946458309049567,1,4,"2001,2008,2009,2020",300000.0,0.0,0.0,1990740.5612929221,1990740.5612929221,1690740.5612929221,5,83,1000,Mar-Nov 2001; Dec 2007-Jun 2009; Feb-Apr 2020,https://www.nber.org/research/data/us-business-cycle-expansions-and-contractions,386901.6744361605,494901.3841450067,600788.4438316125,671053.6048587564,864919.7854833469,963823.1722733264,1332062.8937087941,1309687.1971462057,1828429.53376383,1990740.5612929221
70,NOW + VLO + WELL + CM,Rebalanced annually,NOW,Technology,ServiceNow Inc. Common Stock,Profit Engine,5,VLO,Energy,Valero Energy Corporation Common Stock,Profit Engine,5,WELL,Real Estate,Welltower Inc. Common Stock,Recession Defense,5,CM,Finance,Canadian Imperial Bank of Commerce Common Stock,Recession Defense,5,4.935794901599954,35.12872794862154,4.0941502760337425,32.38266867667348,12.834462209354394,33.983468876984084,-3.3142201651180576,39.02769189211084,31.998907416393376,26.39462119175435,2022,-3.3142201651180576,2023,39.02769189211084,-18.867317509782755,14.010480395806677,2,4,"2001,2008,2009,2020",300000.0,0.0,0.0,1987494.260943002,1987494.260943002,1687494.260943002,5,83,1000,Mar-Nov 2001; Dec 2007-Jun 2009; Feb-Apr 2020,https://www.nber.org/research/data/us-business-cycle-expansions-and-contractions,379183.86357526307,500518.55701861484,695859.397314679,672797.084848007,901436.8727825857,1017131.4475610527,1346505.7542310013,1401633.7232846601,1894009.8207734632,1987494.260943002
71,AAPL + VRTX + WELL + RY,Rebalanced annually,AAPL,Technology,Apple Inc. Common Stock,Profit Engine,5,VRTX,Health Care,Vertex Pharmaceuticals Incorporated Common Stock,Profit Engine,5,WELL,Real Estate,Welltower Inc. Common Stock,Recession Defense,5,RY,Finance,Royal Bank Of Canada Common Stock,Recession Defense,5,1.5592152143501785,44.005482913603714,1.9032478894234237,41.074054986287976,20.36975563559562,24.664937770167434,-6.020073783474947,35.97422284323334,24.135172139012607,29.17327805301516,2022,-6.020073783474947,2017,44.005482913603714,-19.563130299620713,15.040753020856222,2,4,"2001,2008,2009,2020",300000.0,0.0,0.0,1939437.1708144615,1939437.1708144615,1639437.1708144615,5,83,1000,Mar-Nov 2001; Dec 2007-Jun 2009; Feb-Apr 2020,https://www.nber.org/research/data/us-business-cycle-expansions-and-contractions,387519.83415904554,481048.4132061474,654101.8413567648,614724.4278880194,766345.825484617,922448.5974594216,1301335.6416001467,1326103.2847332163,1909661.4391132293,1939437.1708144615
72,AAPL + VRTX + WELL + CM,Rebalanced annually,AAPL,Technology,Apple Inc. Common Stock,Profit Engine,5,VRTX,Health Care,Vertex Pharmaceuticals Incorporated Common Stock,Profit Engine,5,WELL,Real Estate,Welltower Inc. Common Stock,Recession Defense,5,CM,Finance,Canadian Imperial Bank of Commerce Common Stock,Recession Defense,5,1.0571339194310978,44.25399206404034,0.185442615680393,40.446686258444274,20.577768052371002,26.329392424897975,-10.73199922957642,39.54941778938058,27.64354248406561,29.496349858628623,2022,-10.73199922957642,2017,44.25399206404034,-18.867317509782755,14.010480395806677,2,4,"2001,2008,2009,2020",300000.0,0.0,0.0,1930118.847117009,1930118.847117009,1630118.847117009,5,83,1000,Mar-Nov 2001; Dec 2007-Jun 2009; Feb-Apr 2020,https://www.nber.org/research/data/us-business-cycle-expansions-and-contractions,388489.0495758858,495881.18504133855,691999.3066522689,617733.9463936732,780379.5412814723,940964.2332145306,1321553.0844269877,1324003.807034354,1909928.346726929,1930118.847117009
73,META + VRTX + NEE + RY,Rebalanced annually,META,Technology,Meta Platforms Inc. Class A Common Stock,Profit Engine,5,VRTX,Health Care,Vertex Pharmaceuticals Incorporated Common Stock,Profit Engine,5,NEE,Utilities,NextEra Energy Inc. Common Stock,Recession Defense,5,RY,Finance,Royal Bank Of Canada Common Stock,Recession Defense,5,4.682558411577752,53.77764952902653,-3.4284718886514076,37.88981317549871,19.877755079864954,18.38847751437482,-12.316180373508683,55.48493939171722,27.570197148885295,21.587687463758186,2022,-12.316180373508683,2023,55.48493939171722,-31.403192517105317,6.971329573843777,2,4,"2001,2008,2009,2020",300000.0,0.0,0.0,1930033.0187537877,1930033.0187537877,1630033.0187537877,5,83,1000,Mar-Nov 2001; Dec 2007-Jun 2009; Feb-Apr 2020,https://www.nber.org/research/data/us-business-cycle-expansions-and-contractions,364763.06239127455,465328.9578188604,723516.4480367645,634406.8572645534,751064.6195622978,900359.4051304109,1241503.9016423551,1198939.2893780365,1843700.6584855581,1930033.0187537877
74,META + TMO + RY + COP,Rebalanced annually,META,Technology,Meta Platforms Inc. Class A Common Stock,Profit Engine,5,TMO,Industrials,Thermo Fisher Scientific Inc Common Stock,Profit Engine,5,RY,Finance,Royal Bank Of Canada Common Stock,Recession Defense,5,COP,Energy,ConocoPhillips Common Stock,Recession Defense,5,12.942167115918938,31.06662663272721,-1.1887823376686537,32.23103403887274,12.297048366615305,46.84630573602831,-4.454183763527698,51.24013402863608,18.988956924235808,16.932900465814974,2022,-4.454183763527698,2023,51.24013402863608,-39.5668152906002,-0.71338975527217,2,4,"2001,2008,2009,2020",300000.0,0.0,0.0,1923811.928820083,1923811.928820083,1623811.928820083,5,83,1000,Mar-Nov 2001; Dec 2007-Jun 2009; Feb-Apr 2020,https://www.nber.org/research/data/us-business-cycle-expansions-and-contractions,350798.70139744494,417411.7156965844,631294.0382707436,603175.0417179698,885740.2658845863,994660.174783001,1315249.434288421,1299613.9813173132,1703360.204559884,1923811.928820083
75,META + NEE + CM + COP,Rebalanced annually,META,Technology,Meta Platforms Inc. Class A Common Stock,Profit Engine,5,NEE,Utilities,NextEra Energy Inc. Common Stock,Profit Engine,5,CM,Finance,Canadian Imperial Bank of Commerce Common Stock,Recession Defense,5,COP,Energy,ConocoPhillips Common Stock,Recession Defense,5,17.076675484034343,31.157602891213635,-3.883196404579767,30.88765840535579,9.091237090310527,43.474022068016424,-6.980848829871821,49.33100165649334,28.2941729309363,18.180452813951277,2022,-6.980848829871821,2023,49.33100165649334,-38.871002500762245,-1.7436623803217133,2,4,"2001,2008,2009,2020",300000.0,0.0,0.0,1910386.3053813963,1910386.3053813963,1610386.3053813963,5,83,1000,Mar-Nov 2001; Dec 2007-Jun 2009; Feb-Apr 2020,https://www.nber.org/research/data/us-business-cycle-expansions-and-contractions,354541.3584418538,454855.90351108264,679240.8768067926,631824.0980062145,906503.4458044819,988915.8232944019,1294368.7647100885,1244105.8833768629,1631739.4540656512,1910386.3053813963
76,META + TMO + CM + COP,Rebalanced annually,META,Technology,Meta Platforms Inc. Class A Common Stock,Profit Engine,5,TMO,Industrials,Thermo Fisher Scientific Inc Common Stock,Profit Engine,5,CM,Finance,Canadian Imperial Bank of Commerce Common Stock,Recession Defense,5,COP,Energy,ConocoPhillips Common Stock,Recession Defense,5,12.440085820999858,31.31513578316384,-2.906587611411684,31.60366531102905,12.505060783390688,48.51076039075886,-9.166109209629173,54.81532897478331,22.49732726928881,17.255972271428437,2022,-9.166109209629173,2023,54.81532897478331,-38.871002500762245,-1.7436623803217133,2,4,"2001,2008,2009,2020",300000.0,0.0,0.0,1910154.0904592213,1910154.0904592213,1610154.0904592213,5,83,1000,Mar-Nov 2001; Dec 2007-Jun 2009; Feb-Apr 2020,https://www.nber.org/research/data/us-business-cycle-expansions-and-contractions,351767.9168142853,430906.2962883547,667109.0001718708,605961.0606688518,899917.3788712195,1012452.5940993617,1332424.7233713553,1293696.631430457,1698819.4881851214,1910154.0904592213
77,META + CME + XOM + TMO,Rebalanced annually,META,Technology,Meta Platforms Inc. Class A Common Stock,Profit Engine,5,CME,Finance,CME Group Inc. Class A Common Stock,Profit Engine,5,XOM,Energy,ExxonMobil Holdings Corporation Common Stock,Recession Defense,3,TMO,Industrials,Thermo Fisher Scientific Inc Common Stock,Recession Defense,5,15.905856611487545,29.23529733526035,2.3877175028642417,29.75518741161843,8.562795527170497,38.42944990117736,-4.2465268691126905,53.95884092928067,22.74968430479307,15.169536975114776,2022,-4.2465268691126905,2023,53.95884092928067,-27.020152867082135,-4.191329451202164,2,4,"2001,2008,2009,2020",300000.0,0.0,0.0,1869851.241305677,1869851.241305677,1569851.241305677,5,83,1000,Mar-Nov 2001; Dec 2007-Jun 2009; Feb-Apr 2020,https://www.nber.org/research/data/us-business-cycle-expansions-and-contractions,345508.61092534434,424110.729156736,652955.9628664316,625228.012459835,865499.6982762143,939610.6677278841,1219193.5828498753,1248304.4814213794,1613250.0082142996,1869851.241305677
78,AAPL + ING + BKNG + TMO,Rebalanced annually,AAPL,Technology,Apple Inc. Common Stock,Profit Engine,5,ING,Finance,ING Group N.V. Common Stock,Profit Engine,5,BKNG,Consumer Discretionary,Booking Holdings Inc. Common Stock,Recession Defense,5,TMO,Industrials,Thermo Fisher Scientific Inc Common Stock,Recession Defense,5,9.664171753993845,34.64432195769112,-6.841347425747719,43.59590157789016,28.20414309925046,35.330476532979915,-15.976218250672266,38.385718721622546,20.634714571013948,29.422106149955795,2022,-15.976218250672266,2019,43.59590157789016,-38.405583605128854,68.56765508955095,3,4,"2001,2008,2009,2020",300000.0,0.0,0.0,1866427.9858435933,1866427.9858435933,1566427.9858435933,5,83,1000,Mar-Nov 2001; Dec 2007-Jun 2009; Feb-Apr 2020,https://www.nber.org/research/data/us-business-cycle-expansions-and-contractions,388266.31844986737,468383.9650373816,648176.5163938139,544622.4214851337,737040.1183012858,944915.9679658653,1356860.6033540322,1264033.0553954863,1701948.7367583388,1866427.9858435933
79,AAPL + ING + NEE + BKNG,Rebalanced annually,AAPL,Technology,Apple Inc. Common Stock,Profit Engine,5,ING,Finance,ING Group N.V. Common Stock,Profit Engine,5,NEE,Utilities,NextEra Energy Inc. Common Stock,Recession Defense,5,BKNG,Consumer Discretionary,Booking Holdings Inc. Common Stock,Recession Defense,5,14.30076141702833,34.486789065740915,-7.817956218915801,42.8798946722169,24.790319406170298,30.293738210237482,-13.790957870914914,32.901391403332575,26.431560232661433,30.346586692478635,2022,-13.790957870914914,2019,42.8798946722169,-29.67123447518803,63.69648697597622,3,4,"2001,2008,2009,2020",300000.0,0.0,0.0,1864701.8670069196,1864701.8670069196,1564701.8670069196,5,83,1000,Mar-Nov 2001; Dec 2007-Jun 2009; Feb-Apr 2020,https://www.nber.org/research/data/us-business-cycle-expansions-and-contractions,391039.7600774359,494397.66979595803,657061.3822244819,566446.3238158524,738044.0902541409,921007.5775865061,1315934.6567787365,1213055.461442235,1631399.3396802687,1864701.8670069196
80,AAPL + IBN + WELL + BKNG,Rebalanced annually,AAPL,Technology,Apple Inc. Common Stock,Profit Engine,5,IBN,Finance,ICICI Bank Limited Common Stock,Profit Engine,5,WELL,Real Estate,Welltower Inc. Common Stock,Recession Defense,5,BKNG,Consumer Discretionary,Booking Holdings Inc. Common Stock,Recession Defense,5,7.129600702773207,27.811942179739837,3.6982904713436326,44.559436470256834,18.011144288389826,28.23134103380816,-13.0784830833592,44.155659216248885,35.35144888554358,17.022150669810788,2022,-13.0784830833592,2019,44.559436470256834,-17.831172257703425,71.76591042298867,2,4,"2001,2008,2009,2020",300000.0,0.0,0.0,1849385.3031417578,1849385.3031417578,1549385.3031417578,5,83,1000,Mar-Nov 2001; Dec 2007-Jun 2009; Feb-Apr 2020,https://www.nber.org/research/data/us-business-cycle-expansions-and-contractions,351066.45200943237,475173.52934583824,684989.533649609,595403.2933684638,763493.62764584,901007.566553794,1302491.460764539,1350661.3783480583,1726306.5399382974,1849385.3031417578
81,IBN + WDC + NEE + SYK,Rebalanced annually,IBN,Finance,ICICI Bank Limited Common Stock,Profit Engine,5,WDC,Technology,Western Digital Corporation Common Stock,Profit Engine,5,NEE,Utilities,NextEra Energy Inc. Common Stock,Recession Defense,5,SYK,Health Care,Stryker Corporation Common Stock,Recession Defense,5,16.065252913418373,32.27366613341677,-7.352215819119976,50.54112148620443,8.955507025316576,21.22983227098541,-14.07758710175961,18.57656896383343,20.748755002205975,74.56579182771144,2022,-14.07758710175961,2025,74.56579182771144,-34.72759931188378,1.435795459717606,2,4,"2001,2008,2009,2020",300000.0,0.0,0.0,1822186.7757719187,1822186.7757719187,1522186.7757719187,5,83,1000,Mar-Nov 2001; Dec 2007-Jun 2009; Feb-Apr 2020,https://www.nber.org/research/data/us-business-cycle-expansions-and-contractions,523697.3754831343,632358.0608751125,749828.4921519377,644270.7330554379,781048.3290541555,850995.1670337182,1281097.668245958,1186908.6028228013,1569967.522606634,1822186.7757719187
82,IBN + PLD + SYK + APH,Rebalanced annually,IBN,Finance,ICICI Bank Limited Common Stock,Profit Engine,5,PLD,Real Estate,Prologis Inc. Common Stock,Profit Engine,5,SYK,Health Care,Stryker Corporation Common Stock,Recession Defense,5,APH,Technology,Amphenol Corporation Common Stock,Recession Defense,5,21.397780010377403,33.15439689109053,-1.2205525300967022,43.277431586085875,13.368009238075613,37.76771436349152,-9.857596058982919,21.672444120130745,17.71172540208346,30.067798203516947,2022,-9.857596058982919,2019,43.277431586085875,-47.09252292280261,12.987930569721726,3,4,"2001,2008,2009,2020",300000.0,0.0,0.0,1800034.162009947,1800034.162009947,1500034.162009947,5,83,1000,Mar-Nov 2001; Dec 2007-Jun 2009; Feb-Apr 2020,https://www.nber.org/research/data/us-business-cycle-expansions-and-contractions,390203.39461055084,459315.1483735797,558859.9672401394,503769.8091342422,694032.1516975693,786810.4338517153,1127321.781074077,1113562.2265528461,1482757.0667734414,1800034.162009947
83,IBN + WDC + LOW + SYK,Rebalanced annually,IBN,Finance,ICICI Bank Limited Common Stock,Profit Engine,5,WDC,Technology,Western Digital Corporation Common Stock,Profit Engine,5,LOW,Consumer Discretionary,Lowe's Companies Inc. Common Stock,Recession Defense,5,SYK,Health Care,Stryker Corporation Common Stock,Recession Defense,5,10.23764528075128,31.99715128436834,-10.623941361571202,47.92824309087462,10.539580380270918,31.217572618157707,-17.312931765955938,28.40841926578968,18.634431074556637,70.61497163342011,2022,-17.312931765955938,2025,70.61497163342011,-24.6465922724876,20.90710334570007,3,4,"2001,2008,2009,2020",300000.0,0.0,0.0,1799106.3411276317,1799106.3411276317,1499106.3411276317,5,83,1000,Mar-Nov 2001; Dec 2007-Jun 2009; Feb-Apr 2020,https://www.nber.org/research/data/us-business-cycle-expansions-and-contractions,511844.91490026034,607224.3027759725,779727.1285923389,644733.5028584998,846003.6523069438,935168.8872618618,1383378.9048589543,1236409.541198393,1632025.3725900073,1799106.3411276317
84,IBN + PLD + NEE + APH,Rebalanced annually,IBN,Finance,ICICI Bank Limited Common Stock,Profit Engine,5,PLD,Real Estate,Prologis Inc. Common Stock,Profit Engine,5,NEE,Utilities,NextEra Energy Inc. Common Stock,Recession Defense,5,APH,Technology,Amphenol Corporation Common Stock,Recession Defense,5,18.333110570400027,34.044005290723405,1.7466332198248171,45.116710428449295,16.342299906902298,41.059713435129666,-10.138861498185038,9.399242970064378,17.74231720842334,34.306665868428894,2022,-10.138861498185038,2019,45.116710428449295,-35.82893364321671,10.807292011934344,3,4,"2001,2008,2009,2020",300000.0,0.0,0.0,1792542.3553740268,1792542.3553740268,1492542.3553740268,5,83,1000,Mar-Nov 2001; Dec 2007-Jun 2009; Feb-Apr 2020,https://www.nber.org/research/data/us-business-cycle-expansions-and-contractions,402919.9976052867,474407.3416765884,518998.04038859444,466377.54789530043,657870.8325868954,765382.0570482811,1110697.2633980627,1130097.0707722583,1514827.3773362762,1792542.3553740268
85,CME + PLD + SYK + APH,Rebalanced annually,CME,Finance,CME Group Inc. Class A Common Stock,Profit Engine,5,PLD,Real Estate,Prologis Inc. Common Stock,Profit Engine,5,SYK,Health Care,Stryker Corporation Common Stock,Recession Defense,5,APH,Technology,Amphenol Corporation Common Stock,Recession Defense,5,30.464161257571877,30.232602324367342,5.376919080672254,33.94197969996002,12.163093848070439,36.74182142034611,-18.397305555142566,27.05002167129053,14.983148026151571,34.87803245463889,2022,-18.397305555142566,2021,36.74182142034611,-47.09252292280261,12.987930569721726,3,4,"2001,2008,2009,2020",300000.0,0.0,0.0,1774191.1571939779,1774191.1571939779,1474191.1571939779,5,83,1000,Mar-Nov 2001; Dec 2007-Jun 2009; Feb-Apr 2020,https://www.nber.org/research/data/us-business-cycle-expansions-and-contractions,404634.0973639167,465261.0231362346,591114.2307226541,482365.13951667707,659594.877671898,739822.0216601964,990932.262067934,1044213.887943602,1359906.9201014063,1774191.1571939779
86,WDC + CME + LOW + SYK,Rebalanced annually,WDC,Technology,Western Digital Corporation Common Stock,Profit Engine,5,CME,Finance,CME Group Inc. Class A Common Stock,Profit Engine,5,LOW,Consumer Discretionary,Lowe's Companies Inc. Common Stock,Recession Defense,5,SYK,Health Care,Stryker Corporation Common Stock,Recession Defense,5,19.30402652794576,29.075356717645157,-4.026469750802245,38.59279120474877,9.334664990265743,30.1916796750123,-25.852641262115586,33.78599681694946,15.90585369862475,75.42520588454207,2022,-25.852641262115586,2025,75.42520588454207,-24.6465922724876,20.90710334570007,3,4,"2001,2008,2009,2020",300000.0,0.0,0.0,1764235.754153552,1764235.754153552,1464235.754153552,5,83,1000,Mar-Nov 2001; Dec 2007-Jun 2009; Feb-Apr 2020,https://www.nber.org/research/data/us-business-cycle-expansions-and-contractions,526275.6176536263,609984.2474491458,816073.5058762074,605096.9499668616,787785.8828241259,861323.0558263655,1193731.6643597963,1145666.419988601,1478773.0183945615,1764235.754153552
87,WDC + UNH + BLK + EQNR,Rebalanced annually,WDC,Technology,Western Digital Corporation Common Stock,Profit Engine,5,UNH,Health Care,UnitedHealth Group Incorporated Common Stock (DE),Profit Engine,5,BLK,Finance,BlackRock Inc. Common Stock,Recession Defense,4,EQNR,Energy,Equinor ASA,Recession Defense,5,27.216471252117273,29.875888298638415,-14.110979672694393,32.004646198673235,10.999581563197903,39.218836059152494,-5.566349085740306,20.967462154614246,6.191002603058452,65.79049526899459,2018,-14.110979672694393,2025,65.79049526899459,-40.11287645269756,14.667028427449225,2,3,"2001,2008,2009,2020",300000.0,0.0,0.0,1746554.0782376004,1746554.0782376004,1446554.0782376004,5,83,1000,Mar-Nov 2001; Dec 2007-Jun 2009; Feb-Apr 2020,https://www.nber.org/research/data/us-business-cycle-expansions-and-contractions,497371.4858069838,528163.7674401646,638906.3054925659,603342.5501980432,839966.4758353237,932359.2734483492,1230757.5602160138,1057085.6110737827,1372899.3274591651,1746554.0782376004
88,WDC + UNH + LOW + BLK,Rebalanced annually,WDC,Technology,Western Digital Corporation Common Stock,Profit Engine,5,UNH,Health Care,UnitedHealth Group Incorporated Common Stock (DE),Profit Engine,5,LOW,Consumer Discretionary,Lowe's Companies Inc. Common Stock,Recession Defense,5,BLK,Finance,BlackRock Inc. Common Stock,Recession Defense,4,16.410825825509452,32.78817353699495,-14.44069827047025,40.31118241370801,23.492663581185916,38.91691643132542,-21.640991795942448,24.670524520181253,13.437854104098058,64.19181947495929,2022,-21.640991795942448,2025,64.19181947495929,-20.16694136674908,29.858542890900583,3,4,"2001,2008,2009,2020",300000.0,0.0,0.0,1737769.0807289807,1737769.0807289807,1437769.0807289807,5,83,1000,Mar-Nov 2001; Dec 2007-Jun 2009; Feb-Apr 2020,https://www.nber.org/research/data/us-business-cycle-expansions-and-contractions,492575.45842487784,558767.029880605,696617.7869979882,545862.7888646778,758295.7542368467,936439.6247301254,1313929.5100493291,1124188.9140164375,1492789.926027806,1737769.0807289807
89,PLD + UNH + HSBC + APH,Rebalanced annually,PLD,Real Estate,Prologis Inc. Common Stock,Profit Engine,5,UNH,Health Care,UnitedHealth Group Incorporated Common Stock (DE),Profit Engine,5,HSBC,Finance,HSBC Holdings plc. Common Stock,Recession Defense,1,APH,Technology,Amphenol Corporation Common Stock,Recession Defense,5,26.342152198947623,33.40528557306166,-3.6501618358014443,28.053818934246287,6.5931425042621195,43.30998061716712,-7.13850840612049,23.331374334995324,13.813449964208864,38.983617229024304,2022,-7.13850840612049,2021,43.30998061716712,-43.098905281214456,3.317789948219325,2,4,"2001,2008,2009,2020",300000.0,0.0,0.0,1726466.7348714375,1726466.7348714375,1426466.7348714375,5,83,1000,Mar-Nov 2001; Dec 2007-Jun 2009; Feb-Apr 2020,https://www.nber.org/research/data/us-business-cycle-expansions-and-contractions,416950.8516870729,474546.1489602094,585264.2873664204,543485.1470147473,778868.4588440164,830220.3662563526,1063128.8845611464,1024322.9597515138,1366500.9696469444,1726466.7348714375
90,PLD + UNH + COF + APH,Rebalanced annually,PLD,Real Estate,Prologis Inc. Common Stock,Profit Engine,5,UNH,Health Care,UnitedHealth Group Incorporated Common Stock (DE),Profit Engine,5,COF,Finance,Capital One Financial Corporation Common Stock,Recession Defense,5,APH,Technology,Amphenol Corporation Common Stock,Recession Defense,5,29.85181505195881,28.47103352253651,-5.328677437557184,37.34822144086628,13.855443473034736,50.44917274778725,-17.73463014833472,24.54874761348689,14.752491174161403,31.418101544721743,2022,-17.73463014833472,2021,50.44917274778725,-39.234384908395555,7.843677603278344,3,4,"2001,2008,2009,2020",300000.0,0.0,0.0,1722397.2198418905,1722397.2198418905,1422397.2198418905,5,83,1000,Mar-Nov 2001; Dec 2007-Jun 2009; Feb-Apr 2020,https://www.nber.org/research/data/us-business-cycle-expansions-and-contractions,394254.3046341652,452416.6361290718,563479.254293825,463548.2925822207,697404.5714764434,794033.0676557221,1090590.296077485,1032476.257034216,1326432.9182866577,1722397.2198418905
91,ING + UNH + LOW + MSFT,Rebalanced annually,ING,Finance,ING Group N.V. Common Stock,Profit Engine,5,UNH,Health Care,UnitedHealth Group Incorporated Common Stock (DE),Profit Engine,5,LOW,Consumer Discretionary,Lowe's Companies Inc. Common Stock,Recession Defense,5,MSFT,Technology,Microsoft Corporation Common Stock,Recession Defense,5,14.977134513865476,37.6027502207298,-0.6919097972831114,32.6090536140416,19.63128980912362,54.10940464304469,-11.696606248929724,26.22378606557625,8.943400899123754,17.59766995499993,2022,-11.696606248929724,2021,54.10940464304469,-23.843810447471686,33.01805850516671,3,4,"2001,2008,2009,2020",300000.0,0.0,0.0,1645545.2388308886,1645545.2388308886,1345545.2388308886,5,83,1000,Mar-Nov 2001; Dec 2007-Jun 2009; Feb-Apr 2020,https://www.nber.org/research/data/us-business-cycle-expansions-and-contractions,352793.00986499974,384344.7030813119,485134.4357717294,428390.17104154336,660189.5421414432,789793.2644487564,1047337.3734929407,1040090.7435951354,1431193.4679781455,1645545.2388308886
92,MSFT + ING + LOW + AZN,Rebalanced annually,MSFT,Technology,Microsoft Corporation Common Stock,Profit Engine,5,ING,Finance,ING Group N.V. Common Stock,Profit Engine,5,LOW,Consumer Discretionary,Lowe's Companies Inc. Common Stock,Recession Defense,5,AZN,Health Care,AstraZeneca PLC Ordinary Shares,Recession Defense,5,1.4212523158421062,35.954445581564116,-0.857239319232848,36.528124059203265,15.099151247458654,47.74030222402809,-8.64176001556108,26.384936117997785,9.392175663599142,36.70713804956412,2022,-8.64176001556108,2021,47.74030222402809,-1.5634330731988444,21.0657596670368,3,4,"2001,2008,2009,2020",300000.0,0.0,0.0,1644062.6408416533,1644062.6408416533,1344062.6408416533,5,83,1000,Mar-Nov 2001; Dec 2007-Jun 2009; Feb-Apr 2020,https://www.nber.org/research/data/us-business-cycle-expansions-and-contractions,410121.41414869233,448640.73779957445,567014.3098673061,518014.2939546837,765315.883452315,880872.0862156046,1202638.1346713325,1192328.6477128414,1621023.8025081542,1644062.6408416533
93,MSFT + COF + AZN + EQNR,Rebalanced annually,MSFT,Technology,Microsoft Corporation Common Stock,Profit Engine,5,COF,Finance,Capital One Financial Corporation Common Stock,Profit Engine,5,AZN,Health Care,AstraZeneca PLC Ordinary Shares,Recession Defense,5,EQNR,Energy,Equinor ASA,Recession Defense,5,15.341448106700202,27.978661113409174,3.60688034899782,32.71560258038167,7.35662326773037,46.51886376382309,-0.16219986871113434,25.793005579659418,8.643224815840066,25.64984667828106,2022,-0.16219986871113434,2021,46.51886376382309,-21.509368159147332,4.141875042226007,1,3,"2001,2008,2009,2020",300000.0,0.0,0.0,1642076.1382097823,1642076.1382097823,1342076.1382097823,5,83,1000,Mar-Nov 2001; Dec 2007-Jun 2009; Feb-Apr 2020,https://www.nber.org/research/data/us-business-cycle-expansions-and-contractions,376949.5400348432,409530.1362223297,515160.26710854203,514324.67783164006,753582.6740158628,809020.9123540984,1073696.978832043,1112423.9441693192,1423665.2696528733,1642076.1382097823
94,COF + CSCO + AZN + MSFT,Rebalanced annually,COF,Finance,Capital One Financial Corporation Common Stock,Profit Engine,5,CSCO,Telecommunications,Cisco Systems Inc. Common Stock (DE),Profit Engine,2,AZN,Health Care,AstraZeneca PLC Ordinary Shares,Recession Defense,5,MSFT,Technology,Microsoft Corporation Common Stock,Recession Defense,5,9.539380148478653,30.385517974538512,7.115866137837367,36.4166961802692,9.87794046493257,41.82139294781821,-16.481174400675307,28.311453603582486,17.887167329390632,32.501609259964475,2022,-16.481174400675307,2021,41.82139294781821,-22.105247567165012,15.886045498308352,3,4,"2001,2008,2009,2020",300000.0,0.0,0.0,1633172.1588214955,1633172.1588214955,1333172.1588214955,5,83,1000,Mar-Nov 2001; Dec 2007-Jun 2009; Feb-Apr 2020,https://www.nber.org/research/data/us-business-cycle-expansions-and-contractions,397504.8277798935,468607.1814672891,601276.6862314562,502179.22694304865,712197.5747452169,782548.0271712431,1067526.164690885,1143489.8975566777,1490945.225915794,1633172.1588214955
95,CSCO + ING + AZN + MSFT,Rebalanced annually,CSCO,Telecommunications,Cisco Systems Inc. Common Stock (DE),Profit Engine,2,ING,Finance,ING Group N.V. Common Stock,Profit Engine,5,AZN,Health Care,AstraZeneca PLC Ordinary Shares,Recession Defense,5,MSFT,Technology,Microsoft Corporation Common Stock,Recession Defense,5,6.424829784228373,35.44901720433692,2.9814650673825565,31.922681444056018,5.12738642667284,43.34475103585028,-8.886091837323107,25.200321776353846,11.389266676110102,45.15757642528284,2022,-8.886091837323107,2025,45.15757642528284,-22.105247567165012,15.886045498308352,3,4,"2001,2008,2009,2020",300000.0,0.0,0.0,1633012.275072404,1633012.275072404,1333012.275072404,5,83,1000,Mar-Nov 2001; Dec 2007-Jun 2009; Feb-Apr 2020,https://www.nber.org/research/data/us-business-cycle-expansions-and-contractions,435472.72927584854,485069.87971480994,607309.0502431146,553343.0103021367,793188.1604918771,833857.9825709135,1100047.8100428584,1132845.3512237929,1534427.894677646,1633012.275072404
96,GOOG + COF + AZN + EQNR,Rebalanced annually,GOOG,Technology,Alphabet Inc. Class C Capital Stock,Profit Engine,5,COF,Finance,Capital One Financial Corporation Common Stock,Profit Engine,5,AZN,Health Care,AstraZeneca PLC Ordinary Shares,Recession Defense,5,EQNR,Energy,Equinor ASA,Recession Defense,5,11.998305050314698,26.689921925847763,-1.84973830571994,25.602222868686376,4.480290814271823,49.692277599197666,-2.823849678616387,25.95272856305081,14.31550507418706,38.10823542254225,2022,-2.823849678616387,2021,49.692277599197666,-21.509368159147332,4.141875042226007,1,3,"2001,2008,2009,2020",300000.0,0.0,0.0,1585949.3612226874,1585949.3612226874,1285949.3612226874,5,83,1000,Mar-Nov 2001; Dec 2007-Jun 2009; Feb-Apr 2020,https://www.nber.org/research/data/us-business-cycle-expansions-and-contractions,414324.7062676267,473637.38061697944,596559.204381648,579713.2692059603,867785.9962191702,906665.3324953148,1138791.8115938818,1117727.1432324278,1416047.6451051713,1585949.3612226874
97,GOOG + COF + UNP + XOM,Rebalanced annually,GOOG,Technology,Alphabet Inc. Class C Capital Stock,Profit Engine,5,COF,Finance,Capital One Financial Corporation Common Stock,Profit Engine,5,UNP,Industrials,Union Pacific Corporation Common Stock,Recession Defense,4,XOM,Energy,ExxonMobil Holdings Corporation Common Stock,Recession Defense,3,20.331838722411607,20.09282968359903,-8.407110854836844,27.16353345949647,2.448797399646466,48.84488672429588,-0.44721901629796434,29.624013762806392,20.00414700094223,30.725043617659857,2018,-8.407110854836844,2021,48.84488672429588,-17.919995697015537,-3.017348782196706,2,4,"2001,2008,2009,2020",300000.0,0.0,0.0,1558755.2418932405,1558755.2418932405,1258755.2418932405,5,83,1000,Mar-Nov 2001; Dec 2007-Jun 2009; Feb-Apr 2020,https://www.nber.org/research/data/us-business-cycle-expansions-and-contractions,392175.1308529796,470626.42052994715,610044.8561191418,607316.6195146295,903959.7343743732,926095.876843584,1177656.2402170082,1078649.3746130606,1295380.5563372688,1558755.2418932405
98,GOOG + UNP + XOM + BLK,Rebalanced annually,GOOG,Technology,Alphabet Inc. Class C Capital Stock,Profit Engine,5,UNP,Industrials,Union Pacific Corporation Common Stock,Profit Engine,4,XOM,Energy,ExxonMobil Holdings Corporation Common Stock,Recession Defense,3,BLK,Finance,BlackRock Inc. Common Stock,Recession Defense,4,18.050984225588373,25.56721530477966,-8.115742856275412,25.475682927549457,14.91444636560234,43.86277215316787,3.1017550430673273,23.009815523841823,17.766804258405706,22.951588117994238,2018,-8.115742856275412,2021,43.86277215316787,-25.069742110988695,2.0695805382110164,2,4,"2001,2008,2009,2020",300000.0,0.0,0.0,1556516.4630602056,1556516.4630602056,1256516.4630602056,5,83,1000,Mar-Nov 2001; Dec 2007-Jun 2009; Feb-Apr 2020,https://www.nber.org/research/data/us-business-cycle-expansions-and-contractions,368854.76435398275,434388.46833455854,534340.4535551826,550914.3855204793,792560.707200352,910766.7487905872,1142790.797922028,1050044.8353774983,1318512.0592351824,1556516.4630602056
99,GOOG + BAC + UNP + EQNR,Rebalanced annually,GOOG,Technology,Alphabet Inc. Class C Capital Stock,Profit Engine,5,BAC,Finance,Bank of America Corporation Common Stock,Profit Engine,1,UNP,Industrials,Union Pacific Corporation Common Stock,Recession Defense,4,EQNR,Energy,Equinor ASA,Recession Defense,5,27.348584336348317,31.30068168642515,-2.057476974924571,27.000705821021437,5.864773358674217,50.66103920010664,-8.903727158396478,21.121719897938128,12.096799975676843,25.84598200198731,2022,-8.903727158396478,2021,50.66103920010664,-32.96313003872441,5.441617251933209,2,3,"2001,2008,2009,2020",300000.0,0.0,0.0,1549057.0631107835,1549057.0631107835,1249057.0631107835,5,83,1000,Mar-Nov 2001; Dec 2007-Jun 2009; Feb-Apr 2020,https://www.nber.org/research/data/us-business-cycle-expansions-and-contractions,377537.9460059619,423207.956166582,512596.75525387627,466956.5387432778,703521.573883471,744781.5197211143,945877.7868703451,926416.5691945617,1216391.270608452,1549057.0631107835
100,GOOG + BLK + UNP + EQNR,Rebalanced annually,GOOG,Technology,Alphabet Inc. Class C Capital Stock,Profit Engine,5,BLK,Finance,BlackRock Inc. Common Stock,Profit Engine,4,UNP,Industrials,Union Pacific Corporation Common Stock,Recession Defense,4,EQNR,Energy,Equinor ASA,Recession Defense,5,22.665961183906063,31.929144506346688,-3.7084955766363055,23.419511710422007,20.574273800268347,45.60669156628205,-8.047227591309419,24.380732984267524,10.956366363165909,20.4739656186538,2022,-8.047227591309419,2021,45.60669156628205,-32.96313003872441,5.441617251933209,2,3,"2001,2008,2009,2020",300000.0,0.0,0.0,1548664.0745503781,1548664.0745503781,1248664.0745503781,5,83,1000,Mar-Nov 2001; Dec 2007-Jun 2009; Feb-Apr 2020,https://www.nber.org/research/data/us-business-cycle-expansions-and-contractions,361421.8968559614,401020.6039922041,498792.3666634403,458653.40970995463,667830.0556346095,805231.2398013585,993812.464302614,956956.9730238913,1262505.1478042507,1548664.0745503781
