Rank,Combo,Strategy,Stock 1,Sector 1,Name 1,Stock 1 Top250 Uses,Stock 2,Sector 2,Name 2,Stock 2 Top250 Uses,Stock 3,Sector 3,Name 3,Stock 3 Top250 Uses,Stock 4,Sector 4,Name 4,Stock 4 Top250 Uses,2025,2024,2023,2022,2021,2020,2019,2018,2017,2016,2015,2014,2013,2012,2011,2010,2009,2008,2007,2006,Worst Year,Worst Year %,Best Year,Best Year %,Starting Value ($),Annual Withdrawal ($),Target Withdrawals,Withdrawals Fully Funded,Full 20Y Withdrawal Goal,Depleted Year,Total Withdrawn ($),Remaining Balance ($),Net Value incl. Withdrawals ($),Net Profit incl. Withdrawals ($),Max Ticker Repeats,Distinct Tickers in Top 250,Ranking Window Start,Ranking Window End,Ranking Source,Ranking Method,2006 Balance After Withdrawal ($),2007 Balance After Withdrawal ($),2008 Balance After Withdrawal ($),2009 Balance After Withdrawal ($),2010 Balance After Withdrawal ($),2011 Balance After Withdrawal ($),2012 Balance After Withdrawal ($),2013 Balance After Withdrawal ($),2014 Balance After Withdrawal ($),2015 Balance After Withdrawal ($),2016 Balance After Withdrawal ($),2017 Balance After Withdrawal ($),2018 Balance After Withdrawal ($),2019 Balance After Withdrawal ($),2020 Balance After Withdrawal ($),2021 Balance After Withdrawal ($),2022 Balance After Withdrawal ($),2023 Balance After Withdrawal ($),2024 Balance After Withdrawal ($),2025 Balance After Withdrawal ($)
1,AEM + BKNG + MNST + ISRG,Rebalanced annually,AEM,Basic Materials,Agnico Eagle Mines Limited Common Stock,10,BKNG,Consumer Discretionary,Booking Holdings Inc. Common Stock,10,MNST,Consumer Staples,Monster Beverage Corporation,10,ISRG,Health Care,Intuitive Surgical Inc. Common Stock,10,45.62368408466227,33.32440886974216,31.40395021894411,-8.839613195814376,5.129276607851725,27.135207221708242,31.49060933135724,-0.84657999656892,36.20612394831546,20.460181064467548,14.838640542837545,22.68174164137806,11.41438281388823,25.1004696279523,30.204373712836478,36.62448712503673,88.90756281237849,-31.666092497838704,116.14701414431207,64.26281632840542,2008,-31.666092497838704,2007,116.14701414431207,300000.0,160000.0,20,6,No,2012,1077281.0393031342,0.0,1077281.0393031342,777281.0393031342,10,104,2006,2025,annual_performance_20y_160k_source.csv,"Rank by full $160K withdrawals funded, then total cash delivered, then ending balance; enforce max 10 Top-250 appearances per ticker.",332788.44898521627,559312.2958987122,222199.9469276407,259752.50431140454,194885.5268098954,93749.47963978635,0.0,0.0,0.0,0.0,0.0,0.0,0.0,0.0,0.0,0.0,0.0,0.0,0.0,0.0
2,AEM + BKNG + NVO + AAPL,Rebalanced annually,AEM,Basic Materials,Agnico Eagle Mines Limited Common Stock,10,BKNG,Consumer Discretionary,Booking Holdings Inc. Common Stock,10,NVO,Health Care,Novo Nordisk A/S Common Stock,10,AAPL,Technology,Apple Inc. Common Stock,10,24.487254667887118,25.528593968391736,47.21064786211845,-4.668365167659027,20.769347438556764,32.566517624700786,47.76879640893788,-7.473661032380782,33.03465726779014,13.085704217689553,13.749212530112946,12.605560739669148,15.638739129651434,39.11310385156245,-1.3972264926968423,64.4924826032533,94.0127953477965,-29.580638949522253,96.78265060032967,68.34840567818684,2008,-29.580638949522253,2007,96.78265060032967,300000.0,160000.0,20,6,No,2012,1056389.9220181552,0.0,1056389.9220181552,756389.9220181552,10,104,2006,2025,annual_performance_20y_160k_source.csv,"Rank by full $160K withdrawals funded, then total cash delivered, then ending balance; enforce max 10 Top-250 appearances per ticker.",345045.21703456057,518989.12385026854,205468.82493683172,238635.8108282176,232537.96961173828,69288.88749474374,0.0,0.0,0.0,0.0,0.0,0.0,0.0,0.0,0.0,0.0,0.0,0.0,0.0,0.0
3,AEM + BKNG + MNST + AAPL,Rebalanced annually,AEM,Basic Materials,Agnico Eagle Mines Limited Common Stock,10,BKNG,Consumer Discretionary,Booking Holdings Inc. Common Stock,10,MNST,Consumer Staples,Monster Beverage Corporation,10,AAPL,Technology,Apple Inc. Common Stock,10,45.76024119564133,27.32096251705801,36.8715254897845,-8.903639158218729,5.852197594528391,38.114049801512586,47.87159290494874,-10.00226379369656,30.162638666729872,19.551704414812917,13.271321525737626,23.408341842168213,18.850635288939763,31.76490624048476,16.685055893962392,53.655101650240795,90.89780536516376,-30.72288276430158,90.31343321700508,73.32195158173144,2008,-30.72288276430158,2009,90.89780536516376,300000.0,160000.0,20,6,No,2012,1044062.9111332503,0.0,1044062.9111332503,744062.9111332503,10,104,2006,2025,annual_performance_20y_160k_source.csv,"Rank by full $160K withdrawals funded, then total cash delivered, then ending balance; enforce max 10 Top-250 appearances per ticker.",359965.85474519426,525063.3765745168,203748.7709512447,228951.9322044204,191796.32415889256,63797.64804736906,0.0,0.0,0.0,0.0,0.0,0.0,0.0,0.0,0.0,0.0,0.0,0.0,0.0,0.0
4,SCCO + BKNG + MNST + NVO,Rebalanced annually,SCCO,Basic Materials,Southern Copper Corporation Common Stock,10,BKNG,Consumer Discretionary,Booking Holdings Inc. Common Stock,10,MNST,Consumer Staples,Monster Beverage Corporation,10,NVO,Health Care,Novo Nordisk A/S Common Stock,10,20.4464102476406,6.506212722100585,48.59142614567072,4.135382963580704,18.602326194204384,34.00706932846606,30.882871338524865,-17.090801312774136,41.563711130357426,-2.2947436749353187,20.59193571720975,18.583020199818414,27.10276728800182,32.605337894968265,15.895069844967372,63.60569379536915,86.74158525873911,-32.60391464985112,90.56706091319812,74.04705290017293,2008,-32.60391464985112,2007,90.56706091319812,300000.0,160000.0,20,6,No,2012,1025943.2221281413,0.0,1025943.2221281413,725943.2221281413,10,104,2006,2025,annual_performance_20y_160k_source.csv,"Rank by full $160K withdrawals funded, then total cash delivered, then ending balance; enforce max 10 Top-250 appearances per ticker.",362141.1587005188,530121.7624925791,197281.31550921215,208406.2560011975,180964.5010437123,49728.93487920711,0.0,0.0,0.0,0.0,0.0,0.0,0.0,0.0,0.0,0.0,0.0,0.0,0.0,0.0
5,AEM + BKNG + ISRG + EQIX,Rebalanced annually,AEM,Basic Materials,Agnico Eagle Mines Limited Common Stock,10,BKNG,Consumer Discretionary,Booking Holdings Inc. Common Stock,10,ISRG,Health Care,Intuitive Surgical Inc. Common Stock,10,EQIX,Real Estate,Equinix Inc. Common Stock REIT,10,29.935860454838256,40.37859469537052,34.384328788940756,-15.550276955441475,9.236068531514743,21.809441550873625,41.4273805848085,-0.39230438032156734,32.82054482861634,28.30840364126847,16.044231944204682,15.908385970471418,0.8649152906774074,47.2649770402092,17.339710181569153,21.72604119585621,110.16838893055188,-37.43576333512419,116.68519639022323,67.90836627569193,2008,-37.43576333512419,2007,116.68519639022323,300000.0,160000.0,20,6,No,2012,1021474.3072884863,0.0,1021474.3072884863,721474.3072884863,10,104,2006,2025,annual_performance_20y_160k_source.csv,"Rank by full $160K withdrawals funded, then total cash delivered, then ending balance; enforce max 10 Top-250 appearances per ticker.",343725.09882707585,584801.4054359382,205876.53531646024,272687.3974606431,171931.5737688506,41744.010370980046,0.0,0.0,0.0,0.0,0.0,0.0,0.0,0.0,0.0,0.0,0.0,0.0,0.0,0.0
6,AEM + BKNG + PBR + NVO,Rebalanced annually,AEM,Basic Materials,Agnico Eagle Mines Limited Common Stock,10,BKNG,Consumer Discretionary,Booking Holdings Inc. Common Stock,10,PBR,Energy,Petroleo Brasileiro S.A. Petrobras ADS,10,NVO,Health Care,Novo Nordisk A/S Common Stock,10,21.95985653597851,17.287068722487533,57.25394514756888,16.24037916840176,17.213893894113212,4.769103917432626,31.462191020367083,0.794847083917285,21.363687535732776,43.74465949859261,4.2286741783927635,-8.862977583029927,6.567077566391783,26.02733820670906,-15.821944964687448,46.68576841284556,82.29012835947897,-29.27736014878847,96.26310814303997,76.65403604176853,2008,-29.27736014878847,2007,96.26310814303997,300000.0,160000.0,20,6,No,2012,1021464.4582250381,0.0,1021464.4582250381,721464.4582250381,10,104,2006,2025,annual_performance_20y_160k_source.csv,"Rank by full $160K withdrawals funded, then total cash delivered, then ending balance; enforce max 10 Top-250 appearances per ticker.",369962.1081253056,566099.132358239,240360.25057855062,278153.00930480525,248010.87906220742,48770.7342705474,0.0,0.0,0.0,0.0,0.0,0.0,0.0,0.0,0.0,0.0,0.0,0.0,0.0,0.0
7,AEM + BKNG + MNST + NVO,Rebalanced annually,AEM,Basic Materials,Agnico Eagle Mines Limited Common Stock,10,BKNG,Consumer Discretionary,Booking Holdings Inc. Common Stock,10,MNST,Consumer Staples,Monster Beverage Corporation,10,NVO,Health Care,Novo Nordisk A/S Common Stock,10,33.691944108163696,15.660828915112269,38.32956454293504,3.3617676388919673,13.06967134668467,23.37066049431436,32.8078622464333,-11.683859572648323,31.60306317250304,7.290383822793171,23.87273951780942,17.419684566600317,20.6851297221278,34.6451383672355,11.27408415950873,60.26196350530321,60.918608259768604,-21.426397696593725,71.28952453649698,81.58069491568365,2008,-21.426397696593725,2006,81.58069491568365,300000.0,160000.0,20,6,No,2012,1017470.2091988248,0.0,1017470.2091988248,717470.2091988248,10,104,2006,2025,annual_performance_20y_160k_source.csv,"Rank by full $160K withdrawals funded, then total cash delivered, then ending balance; enforce max 10 Top-250 appearances per ticker.",384742.084747051,499022.8876550299,232100.25914903707,213492.5067899467,182147.28331826138,42682.721333820955,0.0,0.0,0.0,0.0,0.0,0.0,0.0,0.0,0.0,0.0,0.0,0.0,0.0,0.0
8,AEM + BKNG + MNST + PBR,Rebalanced annually,AEM,Basic Materials,Agnico Eagle Mines Limited Common Stock,10,BKNG,Consumer Discretionary,Booking Holdings Inc. Common Stock,10,MNST,Consumer Staples,Monster Beverage Corporation,10,PBR,Energy,Petroleo Brasileiro S.A. Petrobras ADS,10,43.232843063732716,19.079437271153807,46.914822775234924,12.005105177842058,2.296744050084843,10.316636094244425,31.564987516377947,-1.7337556773984923,18.491668934672518,50.210659695715975,3.750783174017444,1.9398035194691374,9.77897372568011,18.679140595631374,2.2603374219717836,35.84838745983307,79.17513837684623,-30.419603963567802,89.7938907597154,81.62758194531314,2008,-30.419603963567802,2007,89.7938907597154,300000.0,160000.0,20,6,No,2012,1012086.9297901153,0.0,1012086.9297901153,712086.9297901153,10,104,2006,2025,annual_performance_20y_160k_source.csv,"Rank by full $160K withdrawals funded, then total cash delivered, then ending balance; enforce max 10 Top-250 appearances per ticker.",384882.7458359394,570483.938184856,236944.98351325787,264546.5020868753,199382.1571664138,43888.86667758084,0.0,0.0,0.0,0.0,0.0,0.0,0.0,0.0,0.0,0.0,0.0,0.0,0.0,0.0
9,AEM + BKNG + NVO + EQIX,Rebalanced annually,AEM,Basic Materials,Agnico Eagle Mines Limited Common Stock,10,BKNG,Consumer Discretionary,Booking Holdings Inc. Common Stock,10,NVO,Health Care,Novo Nordisk A/S Common Stock,10,EQIX,Real Estate,Equinix Inc. Common Stock REIT,10,18.00412047833968,22.715014740740635,41.309943112931684,-3.348896120735133,17.176463270347686,18.044894823479744,42.74463349988457,-11.22958395640097,28.217484052803925,15.13860639959409,25.078330919176558,10.646328895693674,10.135662198916979,56.80964577949241,-1.5905793717585945,45.36351757612269,82.179434377942,-27.19606853387921,71.82770678240814,85.22624486297016,2008,-27.19606853387921,2006,85.22624486297016,300000.0,160000.0,20,6,No,2012,996205.4681669838,0.0,996205.4681669838,696205.4681669838,10,104,2006,2025,annual_performance_20y_160k_source.csv,"Rank by full $160K withdrawals funded, then total cash delivered, then ending balance; enforce max 10 Top-250 appearances per ticker.",395678.7345889105,519885.6958697761,218497.22572319693,238057.00995401538,186048.04350569728,23088.8017041352,0.0,0.0,0.0,0.0,0.0,0.0,0.0,0.0,0.0,0.0,0.0,0.0,0.0,0.0
10,AEM + BKNG + PBR + AAPL,Rebalanced annually,AEM,Basic Materials,Agnico Eagle Mines Limited Common Stock,10,BKNG,Consumer Discretionary,Booking Holdings Inc. Common Stock,10,PBR,Energy,Petroleo Brasileiro S.A. Petrobras ADS,10,AAPL,Technology,Apple Inc. Common Stock,10,34.02815362345614,28.947202324433274,55.79590609441834,3.974972371291064,9.996420141956936,19.512493224630852,46.525921678882526,2.4764428628690487,19.923263029959607,56.005980090612354,-6.372743813679032,-2.8743203074620336,4.732583133203744,23.147106079958313,-10.410973230233788,40.07890655778316,112.26932546487413,-38.57384521649633,115.28701682354807,68.39529270781632,2008,-38.57384521649633,2007,115.28701682354807,300000.0,160000.0,20,6,No,2012,989368.268586819,0.0,989368.268586819,689368.268586819,10,104,2006,2025,annual_performance_20y_160k_source.csv,"Rank by full $160K withdrawals funded, then total cash delivered, then ending balance; enforce max 10 Top-250 appearances per ticker.",345185.878123449,583140.3795081418,198200.71212178183,260719.3146874833,205212.76519917237,23848.119149264006,0.0,0.0,0.0,0.0,0.0,0.0,0.0,0.0,0.0,0.0,0.0,0.0,0.0,0.0
11,AEM + MNST + PBR + ISRG,Rebalanced annually,AEM,Basic Materials,Agnico Eagle Mines Limited Common Stock,10,MNST,Consumer Staples,Monster Beverage Corporation,10,PBR,Energy,Petroleo Brasileiro S.A. Petrobras ADS,10,ISRG,Health Care,Intuitive Surgical Inc. Common Stock,10,43.21237307478509,22.43242289658817,34.69519797345025,9.468853048700057,8.305702689757512,17.801955295704865,32.61469567300111,6.294777426510545,32.01841030998912,50.49184406721457,1.610392285518528,11.846070671475145,-17.48139573901631,11.995389732982709,17.904367834881665,11.35080744651759,64.77235563629533,-36.62104400605548,108.15120337436213,53.22552746717848,2008,-36.62104400605548,2007,108.15120337436213,300000.0,160000.0,20,4,No,2010,707584.0918088476,0.0,707584.0918088476,407584.0918088476,10,104,2006,2025,annual_performance_20y_160k_source.csv,"Rank by full $160K withdrawals funded, then total cash delivered, then ending balance; enforce max 10 Top-250 appearances per ticker.",299676.5824015354,463780.41249995783,133939.18354688265,60694.747850219836,0.0,0.0,0.0,0.0,0.0,0.0,0.0,0.0,0.0,0.0,0.0,0.0,0.0,0.0,0.0,0.0
12,SCCO + MCD + PBR + NVO,Rebalanced annually,SCCO,Basic Materials,Southern Copper Corporation Common Stock,10,MCD,Consumer Discretionary,McDonald's Corporation Common Stock,10,PBR,Energy,Petroleo Brasileiro S.A. Petrobras ADS,10,NVO,Health Care,Novo Nordisk A/S Common Stock,10,8.539443017897165,-2.160159866305731,52.277245728477546,21.141789367484655,27.763414717338676,16.117213359852638,28.221277204453973,-2.9469182924532142,37.95409318253543,31.963659076383255,5.600856478755569,-7.247749880609412,-5.458084585627525,13.511591448676151,-6.800605377788666,36.0312634940925,59.965727151605314,-29.338770648864344,83.79173134393758,53.94253230786576,2008,-29.338770648864344,2007,83.79173134393758,300000.0,160000.0,20,4,No,2010,681132.6769393143,0.0,681132.6769393143,381132.67693931435,10,104,2006,2025,annual_performance_20y_160k_source.csv,"Rank by full $160K withdrawals funded, then total cash delivered, then ending balance; enforce max 10 Top-250 appearances per ticker.",301827.5969235973,394734.16605968075,118924.01440672373,30237.664403595496,0.0,0.0,0.0,0.0,0.0,0.0,0.0,0.0,0.0,0.0,0.0,0.0,0.0,0.0,0.0,0.0
13,SCCO + MCD + PBR + EQIX,Rebalanced annually,SCCO,Basic Materials,Southern Copper Corporation Common Stock,10,MCD,Consumer Discretionary,McDonald's Corporation Common Stock,10,PBR,Energy,Petroleo Brasileiro S.A. Petrobras ADS,10,EQIX,Real Estate,Equinix Inc. Common Stock REIT,10,14.124605915827356,6.68639450798891,44.918501926140245,10.195851617297855,16.95305679697332,16.33897986582982,38.260844953916106,-5.021245437521639,31.696495461776053,46.27788185030754,6.3285568757473865,-3.2183244490169916,-12.795655949550019,28.327901249855366,-1.582986522396757,10.29543661189948,78.11156328714597,-36.25068530092916,77.86069620652415,62.56162815869688,2008,-36.25068530092916,2009,78.11156328714597,300000.0,160000.0,20,4,No,2010,678730.2651518885,0.0,678730.2651518885,378730.2651518885,10,104,2006,2025,annual_performance_20y_160k_source.csv,"Rank by full $160K withdrawals funded, then total cash delivered, then ending balance; enforce max 10 Top-250 appearances per ticker.",327684.88447609066,422822.6168927193,109546.52066178626,35115.02047738386,0.0,0.0,0.0,0.0,0.0,0.0,0.0,0.0,0.0,0.0,0.0,0.0,0.0,0.0,0.0,0.0
14,SCCO + MNST + PBR + NVO,Rebalanced annually,SCCO,Basic Materials,Southern Copper Corporation Common Stock,10,MNST,Consumer Staples,Monster Beverage Corporation,10,PBR,Energy,Petroleo Brasileiro S.A. Petrobras ADS,10,NVO,Health Care,Novo Nordisk A/S Common Stock,10,18.03509923776342,-4.385773251053399,51.882673900176854,22.443849208095138,21.77875227611017,24.673817402462685,32.006957680168725,-9.949443889694676,37.3759974920311,27.7369193278117,7.363687459890736,7.7473492299154945,-1.7930112649027214,19.500257999998674,3.5950639670125577,38.332014116850004,62.606378082655944,-37.5588661580679,82.57125014324815,63.00976403894599,2008,-37.5588661580679,2007,82.57125014324815,300000.0,160000.0,20,4,No,2010,677764.6242503661,0.0,677764.6242503661,377764.6242503661,10,104,2006,2025,annual_performance_20y_160k_source.csv,"Rank by full $160K withdrawals funded, then total cash delivered, then ending balance; enforce max 10 Top-250 appearances per ticker.",329029.2921168379,440712.8919551908,115186.12672439031,27299.988720229303,0.0,0.0,0.0,0.0,0.0,0.0,0.0,0.0,0.0,0.0,0.0,0.0,0.0,0.0,0.0,0.0
15,SCCO + PBR + NVO + EQIX,Rebalanced annually,SCCO,Basic Materials,Southern Copper Corporation Common Stock,10,PBR,Energy,Petroleo Brasileiro S.A. Petrobras ADS,10,NVO,Health Care,Novo Nordisk A/S Common Stock,10,EQIX,Real Estate,Equinix Inc. Common Stock REIT,10,2.3472756079394035,2.668412574574966,54.8630524701735,15.733185448468038,25.88554419977319,19.34805173162807,41.943728933619994,-9.495168273447323,33.99041837233197,35.58514190461263,8.569278861257873,0.97399355900885,-12.342478788113544,41.664765412255576,-9.269599564254765,23.433568187669493,83.86720420082935,-43.32853699535338,83.10943238915931,66.6553139862325,2008,-43.32853699535338,2009,83.86720420082935,300000.0,160000.0,20,4,No,2010,674251.1768032776,0.0,674251.1768032776,374251.1768032776,10,104,2006,2025,annual_performance_20y_160k_source.csv,"Rank by full $160K withdrawals funded, then total cash delivered, then ending balance; enforce max 10 Top-250 appearances per ticker.",339965.9419586975,462509.70663702977,102111.01728970392,27748.672671604058,0.0,0.0,0.0,0.0,0.0,0.0,0.0,0.0,0.0,0.0,0.0,0.0,0.0,0.0,0.0,0.0
16,SCCO + MCD + MNST + PBR,Rebalanced annually,SCCO,Basic Materials,Southern Copper Corporation Common Stock,10,MCD,Consumer Discretionary,McDonald's Corporation Common Stock,10,MNST,Consumer Staples,Monster Beverage Corporation,10,PBR,Energy,Petroleo Brasileiro S.A. Petrobras ADS,10,29.812429545651373,-0.3677913176394546,41.9381233561436,16.906515376924954,12.846264873310302,21.664745536664434,28.324073700464837,-5.475521053768991,35.08207458147517,38.429659273506616,5.1229654743802495,3.555031221889653,-2.246188426339196,6.163393837598461,11.281677008870567,25.193882541079997,56.85073716897257,-30.481014463643675,77.32251396061301,58.916078211410365,2008,-30.481014463643675,2007,77.32251396061301,300000.0,160000.0,20,4,No,2010,673826.8060451538,0.0,673826.8060451538,373826.80604515376,10,104,2006,2025,annual_performance_20y_160k_source.csv,"Rank by full $160K withdrawals funded, then total cash delivered, then ending balance; enforce max 10 Top-250 appearances per ticker.",316748.2346342311,401665.93257927964,119234.08157426014,27019.535905881145,0.0,0.0,0.0,0.0,0.0,0.0,0.0,0.0,0.0,0.0,0.0,0.0,0.0,0.0,0.0,0.0
17,SCCO + PBR + GILD + EQIX,Rebalanced annually,SCCO,Basic Materials,Southern Copper Corporation Common Stock,10,PBR,Energy,Petroleo Brasileiro S.A. Petrobras ADS,10,GILD,Health Care,Gilead Sciences Inc. Common Stock,10,EQIX,Real Estate,Equinix Inc. Common Stock REIT,10,21.300779622368523,11.322875992539796,40.654803871456714,15.976218802382945,17.49475414154077,11.839675003035673,36.73814437147506,-8.945991633349479,21.17324942739228,37.82772987536517,0.8793344463641493,3.1851819743876284,9.928854667899097,50.50598414745311,-7.0127606617142675,-0.5019787121159824,73.27385764134522,-35.609738022058764,79.19508650485253,59.77102936110177,2008,-35.609738022058764,2007,79.19508650485253,300000.0,160000.0,20,4,No,2010,662538.4009657762,0.0,662538.4009657762,362538.4009657762,10,104,2006,2025,annual_performance_20y_160k_source.csv,"Rank by full $160K withdrawals funded, then total cash delivered, then ending balance; enforce max 10 Top-250 appearances per ticker.",319313.0880833053,412193.3644121948,105412.38720070227,22652.109734488477,0.0,0.0,0.0,0.0,0.0,0.0,0.0,0.0,0.0,0.0,0.0,0.0,0.0,0.0,0.0,0.0
18,SCCO + MCD + ISRG + EQIX,Rebalanced annually,SCCO,Basic Materials,Southern Copper Corporation Common Stock,10,MCD,Consumer Discretionary,McDonald's Corporation Common Stock,10,ISRG,Health Care,Intuitive Surgical Inc. Common Stock,10,EQIX,Real Estate,Equinix Inc. Common Stock REIT,10,16.515446936756913,20.93136610657726,29.407629369849428,-10.648866756358583,19.785589354740203,33.15755099329364,38.1864667688954,-4.1340697566920666,49.41095047541899,16.52740321905911,17.416414244567488,17.523613672891933,-11.160246861341902,34.74923028217629,26.361049768467936,11.071536277103142,87.84398772267824,-37.49717383520006,104.21381959112082,45.196862541789166,2008,-37.49717383520006,2007,104.21381959112082,300000.0,160000.0,20,4,No,2010,653729.8578772617,0.0,653729.8578772617,353729.8578772617,10,104,2006,2025,annual_performance_20y_160k_source.csv,"Rank by full $160K withdrawals funded, then total cash delivered, then ending balance; enforce max 10 Top-250 appearances per ticker.",275590.5876253675,402794.0654233777,91757.67451370429,12361.27484813775,0.0,0.0,0.0,0.0,0.0,0.0,0.0,0.0,0.0,0.0,0.0,0.0,0.0,0.0,0.0,0.0
19,SCCO + MCD + NVO + EQIX,Rebalanced annually,SCCO,Basic Materials,Southern Copper Corporation Common Stock,10,MCD,Consumer Discretionary,McDonald's Corporation Common Stock,10,NVO,Health Care,Novo Nordisk A/S Common Stock,10,EQIX,Real Estate,Equinix Inc. Common Stock REIT,10,4.5837069602583345,3.2677861519473717,36.33324369384036,1.5525140783477616,27.725984093573146,29.39300426589976,39.50371968397146,-14.97134933277147,44.80788969960658,3.3576059773847327,26.450513219539364,12.26155659811419,-1.8894999531023302,44.293899021459495,7.430760215140189,34.70901265736962,59.85503317006835,-27.257479033955082,59.35632998330574,62.51474112906739,2008,-27.257479033955082,2006,62.51474112906739,300000.0,160000.0,20,4,No,2010,646912.2294499456,0.0,646912.2294499456,346912.2294499456,10,104,2006,2025,annual_performance_20y_160k_source.csv,"Rank by full $160K withdrawals funded, then total cash delivered, then ending balance; enforce max 10 Top-250 appearances per ticker.",327544.22338720213,361962.45346216595,103300.61359892663,5131.23013344832,0.0,0.0,0.0,0.0,0.0,0.0,0.0,0.0,0.0,0.0,0.0,0.0,0.0,0.0,0.0,0.0
20,SCCO + MNST + ISRG + EQIX,Rebalanced annually,SCCO,Basic Materials,Southern Copper Corporation Common Stock,10,MNST,Consumer Staples,Monster Beverage Corporation,10,ISRG,Health Care,Intuitive Surgical Inc. Common Stock,10,EQIX,Real Estate,Equinix Inc. Common Stock REIT,10,26.011103156623168,18.70575272182959,29.013057541548736,-9.3468069157481,13.800926913511699,41.71415503590369,41.972147244610156,-11.136595353933528,48.83285478491466,12.300663470487564,19.179245225702655,32.51871278341684,-7.495173540617097,40.737896833498816,36.75671911326916,13.372286899860654,90.48463865372887,-45.71726934440362,102.9933383904314,54.264094272869386,2008,-45.71726934440362,2007,102.9933383904314,300000.0,160000.0,20,4,No,2010,646044.9834244197,0.0,646044.9834244197,346044.98342441965,10,104,2006,2025,annual_performance_20y_160k_source.csv,"Rank by full $160K withdrawals funded, then total cash delivered, then ending balance; enforce max 10 Top-250 appearances per ticker.",302792.28281860816,454648.1632820894,86795.43790503268,5331.976261323114,0.0,0.0,0.0,0.0,0.0,0.0,0.0,0.0,0.0,0.0,0.0,0.0,0.0,0.0,0.0,0.0
21,MCD + MNST + ISRG + EQIX,Rebalanced annually,MCD,Consumer Discretionary,McDonald's Corporation Common Stock,10,MNST,Consumer Staples,Monster Beverage Corporation,10,ISRG,Health Care,Intuitive Surgical Inc. Common Stock,10,EQIX,Real Estate,Equinix Inc. Common Stock REIT,10,11.34665138768954,16.385172769510763,20.272160412563945,-10.262464543265276,20.91768765928389,29.857861937353984,33.84521784157798,-1.4083158033478593,47.40553166650184,8.077896361289095,28.366953055184748,32.56981473895968,1.5579170906524613,28.674415529903236,53.83095228273554,6.146551047656967,64.24841264534064,-30.941434315955284,84.58771731718272,43.22969025710201,2008,-30.941434315955284,2007,84.58771731718272,300000.0,160000.0,20,3,No,2009,600375.5972765274,0.0,600375.5972765274,300375.59727652743,10,104,2006,2025,annual_performance_20y_160k_source.csv,"Rank by full $160K withdrawals funded, then total cash delivered, then ending balance; enforce max 10 Top-250 appearances per ticker.",269689.07077130605,337812.8995906753,73288.74315300252,0.0,0.0,0.0,0.0,0.0,0.0,0.0,0.0,0.0,0.0,0.0,0.0,0.0,0.0,0.0,0.0,0.0
22,MCD + ISRG + EQIX + NVDA,Rebalanced annually,MCD,Consumer Discretionary,McDonald's Corporation Common Stock,10,ISRG,Health Care,Intuitive Surgical Inc. Common Stock,10,EQIX,Real Estate,Equinix Inc. Common Stock REIT,10,NVDA,Technology,NVIDIA Corporation Common Stock,10,9.607937014878878,61.38895247970894,76.65553965369244,-24.257718385286722,51.32584319742641,49.05096782345515,45.80243930741278,-3.554378415689823,57.21802665281983,67.49316212938062,35.775756064964085,24.44900921365949,2.8750984010088363,22.257322327423278,32.270129826035735,-7.279629762092313,93.48595638009962,-43.937494463374364,86.1825717508257,51.10932140793382,2008,-43.937494463374364,2009,93.48595638009962,300000.0,160000.0,20,3,No,2009,589264.7245097916,0.0,589264.7245097916,289264.7245097916,10,104,2006,2025,annual_performance_20y_160k_source.csv,"Rank by full $160K withdrawals funded, then total cash delivered, then ending balance; enforce max 10 Top-250 appearances per ticker.",293327.9642238014,386125.54745621537,56471.656420966814,0.0,0.0,0.0,0.0,0.0,0.0,0.0,0.0,0.0,0.0,0.0,0.0,0.0,0.0,0.0,0.0,0.0
23,MCD + HDB + NVO + NVDA,Rebalanced annually,MCD,Consumer Discretionary,McDonald's Corporation Common Stock,10,HDB,Finance,HDFC Bank Limited Common Stock,10,NVO,Health Care,Novo Nordisk A/S Common Stock,10,NVDA,Technology,NVIDIA Corporation Common Stock,10,5.862021427802268,37.92774489204604,77.27033887423983,-4.914286410320706,51.8746957424614,42.738559952608604,35.70687671177383,-8.678175408518587,62.44942195186226,48.93641675197752,39.768278151607596,23.11158645056769,11.946139298778624,20.012535351557634,1.9382095302866742,29.52428848082764,61.426964076855455,-33.09545789256137,51.422461146244125,59.33583361376975,2008,-33.09545789256137,2023,77.27033887423983,300000.0,160000.0,20,3,No,2009,568980.7625772387,0.0,568980.7625772387,268980.7625772387,10,104,2006,2025,annual_performance_20y_160k_source.csv,"Rank by full $160K withdrawals funded, then total cash delivered, then ending balance; enforce max 10 Top-250 appearances per ticker.",318007.50084130926,321534.78440357343,55121.37522135081,0.0,0.0,0.0,0.0,0.0,0.0,0.0,0.0,0.0,0.0,0.0,0.0,0.0,0.0,0.0,0.0,0.0
24,MCD + HDB + ISRG + NVDA,Rebalanced annually,MCD,Consumer Discretionary,McDonald's Corporation Common Stock,10,HDB,Finance,HDFC Bank Limited Common Stock,10,ISRG,Health Care,Intuitive Surgical Inc. Common Stock,10,NVDA,Technology,NVIDIA Corporation Common Stock,10,17.793761404300845,55.59132484667593,70.3447245502489,-17.11566724502705,43.934301003628455,46.50310668000249,34.38962379669777,2.159104167560817,67.05248272767467,62.1062139936519,30.73417917663572,28.373643525345432,2.675392390539053,10.467866612274427,20.868499083614424,5.886812100561156,89.41591862946534,-43.33515269380634,96.2799507540592,42.017955026491535,2008,-43.33515269380634,2007,96.2799507540592,300000.0,160000.0,20,3,No,2009,565703.0649002417,0.0,565703.0649002417,265703.0649002417,10,104,2006,2025,annual_performance_20y_160k_source.csv,"Rank by full $160K withdrawals funded, then total cash delivered, then ending balance; enforce max 10 Top-250 appearances per ticker.",266053.8650794746,362210.3953572638,45245.96745635389,0.0,0.0,0.0,0.0,0.0,0.0,0.0,0.0,0.0,0.0,0.0,0.0,0.0,0.0,0.0,0.0,0.0
25,MCD + ISRG + WELL + NVDA,Rebalanced annually,MCD,Consumer Discretionary,McDonald's Corporation Common Stock,10,ISRG,Health Care,Intuitive Surgical Inc. Common Stock,10,WELL,Real Estate,Welltower Inc. Common Stock,10,NVDA,Technology,NVIDIA Corporation Common Stock,10,26.29243926377719,67.29325506827838,80.75156547455833,-24.270450208098445,55.50248959578694,38.69893921237944,34.346356459503966,5.376463580712383,49.974082514079015,63.16600491026302,23.74992156308293,28.38758536453646,4.256281168112614,0.9766570250143358,31.35558856239469,2.136329353554655,71.753367219239,-32.0401930409849,80.1867113570708,38.97188025280651,2008,-32.0401930409849,2023,80.75156547455833,300000.0,160000.0,20,3,No,2009,558781.8577956702,0.0,558781.8577956702,258781.85779567016,10,104,2006,2025,annual_performance_20y_160k_source.csv,"Rank by full $160K withdrawals funded, then total cash delivered, then ending balance; enforce max 10 Top-250 appearances per ticker.",256915.64075841953,302927.84404454235,45869.17803777728,0.0,0.0,0.0,0.0,0.0,0.0,0.0,0.0,0.0,0.0,0.0,0.0,0.0,0.0,0.0,0.0,0.0
26,HDB + ISRG + WELL + NVDA,Rebalanced annually,HDB,Finance,HDFC Bank Limited Common Stock,10,ISRG,Health Care,Intuitive Surgical Inc. Common Stock,10,WELL,Real Estate,Welltower Inc. Common Stock,10,NVDA,Technology,NVIDIA Corporation Common Stock,10,28.286096243241403,66.32419987612607,77.02655711281074,-22.53700298685539,46.23307688442351,39.3819164407022,36.65599267795497,4.541696182968914,55.844863778730414,61.40053960276368,21.676767057256864,40.53396311584066,-2.827819044843187,17.340375273444913,17.484963633507274,2.70507590978512,91.58480651782875,-45.42761761790592,89.60179140552603,42.593295549730954,2008,-45.42761761790592,2009,91.58480651782875,300000.0,160000.0,20,3,No,2009,537009.1467306913,0.0,537009.1467306913,237009.1467306913,10,104,2006,2025,annual_performance_20y_160k_source.csv,"Rank by full $160K withdrawals funded, then total cash delivered, then ending balance; enforce max 10 Top-250 appearances per ticker.",267779.88664919283,347715.46211055666,29756.61158463842,0.0,0.0,0.0,0.0,0.0,0.0,0.0,0.0,0.0,0.0,0.0,0.0,0.0,0.0,0.0,0.0,0.0
27,HDB + GILD + DE + NVDA,Rebalanced annually,HDB,Finance,HDFC Bank Limited Common Stock,10,GILD,Health Care,Gilead Sciences Inc. Common Stock,10,DE,Industrials,Deere & Company Common Stock,10,NVDA,Technology,NVIDIA Corporation Common Stock,10,25.68964736180639,48.436903610672445,57.92658271734763,1.8485135620640687,43.75165170609036,46.895379635593486,31.582307947437272,-10.297735827033765,52.077069090204176,59.36227893326638,21.655867339200654,25.21158834854448,32.874116388549595,34.7400085665703,-5.715295948889921,12.936755903758193,61.0577945407599,-42.03721869604114,63.07393565426978,54.35451175318151,2008,-42.03721869604114,2007,63.07393565426978,300000.0,160000.0,20,3,No,2009,534311.6462314099,0.0,534311.6462314099,234311.64623140986,10,104,2006,2025,annual_performance_20y_160k_source.csv,"Rank by full $160K withdrawals funded, then total cash delivered, then ending balance; enforce max 10 Top-250 appearances per ticker.",303063.53525954456,334217.6344807049,33721.8365533156,0.0,0.0,0.0,0.0,0.0,0.0,0.0,0.0,0.0,0.0,0.0,0.0,0.0,0.0,0.0,0.0,0.0
28,HDB + GILD + NVDA + T,Rebalanced annually,HDB,Finance,HDFC Bank Limited Common Stock,10,GILD,Health Care,Gilead Sciences Inc. Common Stock,10,NVDA,Technology,NVIDIA Corporation Common Stock,10,T,Telecommunications,AT&T Inc.,10,26.337785821092563,57.57314787838691,58.61382102124368,-3.181165079621751,35.06163772765533,27.493631381313612,39.12869428724152,-14.767881305463213,37.75419105266231,57.62577979085296,27.049694597153582,25.946430270344347,33.707180494024406,36.04930646854286,-1.6962022581383374,2.3326646433688065,51.552248079535055,-34.252353647207386,43.928094653897986,57.679172531050966,2008,-34.252353647207386,2023,58.61382102124368,300000.0,160000.0,20,3,No,2009,527025.2774190959,0.0,527025.2774190959,227025.27741909586,10,104,2006,2025,annual_performance_20y_160k_source.csv,"Rank by full $160K withdrawals funded, then total cash delivered, then ending balance; enforce max 10 Top-250 appearances per ticker.",313037.51759315294,290548.93462368567,31029.08601818749,0.0,0.0,0.0,0.0,0.0,0.0,0.0,0.0,0.0,0.0,0.0,0.0,0.0,0.0,0.0,0.0,0.0
29,HDB + GILD + WELL + NVDA,Rebalanced annually,HDB,Finance,HDFC Bank Limited Common Stock,10,GILD,Health Care,Gilead Sciences Inc. Common Stock,10,WELL,Real Estate,Welltower Inc. Common Stock,10,NVDA,Technology,NVIDIA Corporation Common Stock,10,35.30786028117194,57.31508333946102,69.74392283808487,-10.092588798234143,45.782681565024035,28.108992984715922,32.7676610308861,-5.746406753012648,38.4246340579783,50.47333033184185,23.020921617335016,37.483094456441705,28.714261319409026,35.72626274792565,0.8115129827200223,2.4070053902661233,53.00250540573474,-27.469123843366333,40.82995591340416,53.02688951187846,2008,-27.469123843366333,2023,69.74392283808487,300000.0,160000.0,20,3,No,2009,525054.8740927458,0.0,525054.8740927458,225054.87409274583,10,104,2006,2025,annual_performance_20y_160k_source.csv,"Rank by full $160K withdrawals funded, then total cash delivered, then ending balance; enforce max 10 Top-250 appearances per ticker.",299080.6685356354,261195.1736442498,29447.147923015087,0.0,0.0,0.0,0.0,0.0,0.0,0.0,0.0,0.0,0.0,0.0,0.0,0.0,0.0,0.0,0.0,0.0
30,BHP + HDB + GILD + NVDA,Rebalanced annually,BHP,Energy,BHP Group Limited American Depositary Shares (Each representing two Ordinary Shares),10,HDB,Finance,HDFC Bank Limited Common Stock,10,GILD,Health Care,Gilead Sciences Inc. Common Stock,10,NVDA,Technology,NVIDIA Corporation Common Stock,10,29.373609637199827,40.38876721086917,63.42137862035434,2.3826597277356587,36.76398047172799,38.74753228243762,33.13348465718906,-6.935485545247252,46.837852977489945,60.08985054625526,14.75393387263238,18.32469901130265,28.304658140583896,34.82165828863823,-10.014403327984187,4.929001451215991,71.027944654532,-36.891230592494274,58.23916055622658,49.06633852621914,2008,-36.891230592494274,2009,71.027944654532,300000.0,160000.0,20,3,No,2009,524178.0744440067,0.0,524178.0744440067,224178.07444400672,10,104,2006,2025,annual_performance_20y_160k_source.csv,"Rank by full $160K withdrawals funded, then total cash delivered, then ending balance; enforce max 10 Top-250 appearances per ticker.",287199.0155786574,294461.31137741386,25830.90999148955,0.0,0.0,0.0,0.0,0.0,0.0,0.0,0.0,0.0,0.0,0.0,0.0,0.0,0.0,0.0,0.0,0.0
31,XOM + HDB + GILD + NVDA,Rebalanced annually,XOM,Energy,ExxonMobil Holdings Corporation Common Stock,10,HDB,Finance,HDFC Bank Limited Common Stock,10,GILD,Health Care,Gilead Sciences Inc. Common Stock,10,NVDA,Technology,NVIDIA Corporation Common Stock,10,26.837628887461932,49.36345817007172,57.73120721212162,17.05399010025159,50.93075271336688,23.35322510946442,28.8166481728045,-13.347101989412828,37.417955832009454,54.597982998782776,21.273130456527273,23.834136609813296,35.84836802039236,32.34398784218273,0.19680342830968645,1.385268028160361,46.6919472404998,-30.8000346048821,44.48400562550527,53.55301499828221,2008,-30.8000346048821,2023,57.73120721212162,300000.0,160000.0,20,3,No,2009,523842.7511686414,0.0,523842.7511686414,223842.75116864138,10,104,2006,2025,annual_performance_20y_160k_source.csv,"Rank by full $160K withdrawals funded, then total cash delivered, then ending balance; enforce max 10 Top-250 appearances per ticker.",300659.0449948467,274404.2314839447,29887.633229628962,0.0,0.0,0.0,0.0,0.0,0.0,0.0,0.0,0.0,0.0,0.0,0.0,0.0,0.0,0.0,0.0,0.0
32,HDB + GILD + AAPL + T,Rebalanced annually,HDB,Finance,HDFC Bank Limited Common Stock,10,GILD,Health Care,Gilead Sciences Inc. Common Stock,10,AAPL,Technology,Apple Inc. Common Stock,10,T,Telecommunications,AT&T Inc.,10,18.871810753626647,22.43713322146821,11.1115250992986,2.7839559558486995,12.353158281384907,17.49638262559887,42.132406983911295,-8.411620152853711,29.373290161631406,4.005834417657828,9.517364599677766,29.253111968713363,27.343608591191664,46.93436515534977,7.1933095463558985,19.98936455106817,55.40889143280398,-29.410534752716835,67.82636628408768,36.56725214272235,2008,-29.410534752716835,2007,67.82636628408768,300000.0,160000.0,20,3,No,2009,515546.4728685289,0.0,515546.4728685289,215546.47286852892,10,104,2006,2025,annual_performance_20y_160k_source.csv,"Rank by full $160K withdrawals funded, then total cash delivered, then ending balance; enforce max 10 Top-250 appearances per ticker.",249701.7564281671,259065.38436093618,22872.869461203605,0.0,0.0,0.0,0.0,0.0,0.0,0.0,0.0,0.0,0.0,0.0,0.0,0.0,0.0,0.0,0.0,0.0
33,HDB + GILD + DE + T,Rebalanced annually,HDB,Finance,HDFC Bank Limited Common Stock,10,GILD,Health Care,Gilead Sciences Inc. Common Stock,10,DE,Industrials,Deere & Company Common Stock,10,T,Telecommunications,AT&T Inc.,10,19.454965893611973,16.649676853597985,-2.510493949759524,16.031795540259083,10.905890652602686,11.40911786417967,24.46680814350033,-7.7880301544928106,30.96460784013026,10.620527981869305,7.455594208725859,18.960950167717638,27.381569496701555,42.36398759951543,-0.4413935279568455,20.806109153076605,29.898230437114037,-29.69675776735914,59.11954181327687,42.635272413681406,2008,-29.69675776735914,2007,59.11954181327687,300000.0,160000.0,20,3,No,2009,515346.4275803885,0.0,515346.4275803885,215346.4275803885,10,104,2006,2025,annual_performance_20y_160k_source.csv,"Rank by full $160K withdrawals funded, then total cash delivered, then ending balance; enforce max 10 Top-250 appearances per ticker.",267905.81724104425,266290.5088850645,27210.861503998953,0.0,0.0,0.0,0.0,0.0,0.0,0.0,0.0,0.0,0.0,0.0,0.0,0.0,0.0,0.0,0.0,0.0
34,GILD + DE + AAPL + T,Rebalanced annually,GILD,Health Care,Gilead Sciences Inc. Common Stock,10,DE,Industrials,Deere & Company Common Stock,10,AAPL,Technology,Apple Inc. Common Stock,10,T,Telecommunications,AT&T Inc.,10,17.752275693737445,25.260883714282095,9.701025902870791,7.570275353075517,21.890317014609707,28.478601808853384,40.90378656326865,-9.745589813723262,25.94732498026162,13.954573935693483,1.1680527079906127,16.99554770000717,33.0843524379058,36.45690138673432,11.153590093526219,26.768632317553745,45.801629157602804,-32.6836699525702,73.9771066279649,34.84879961034038,2008,-32.6836699525702,2007,73.9771066279649,300000.0,160000.0,20,3,No,2009,507256.73246600275,0.0,507256.73246600275,207256.73246600275,10,104,2006,2025,annual_performance_20y_160k_source.csv,"Rank by full $160K withdrawals funded, then total cash delivered, then ending balance; enforce max 10 Top-250 appearances per ticker.",244546.3988310211,265454.7490490939,18694.3949964646,0.0,0.0,0.0,0.0,0.0,0.0,0.0,0.0,0.0,0.0,0.0,0.0,0.0,0.0,0.0,0.0,0.0
35,GILD + DE + WELL + AAPL,Rebalanced annually,GILD,Health Care,Gilead Sciences Inc. Common Stock,10,DE,Industrials,Deere & Company Common Stock,10,WELL,Real Estate,Welltower Inc. Common Stock,10,AAPL,Technology,Apple Inc. Common Stock,10,26.72235015381682,25.002819175356194,20.831127719711986,0.658851634463125,32.61136085197842,29.093963412255693,34.542753306913234,-0.7241152612726951,26.617767985577615,6.8021244766823665,-2.860720271827949,28.53221188610452,28.091433263290412,36.133857666117116,13.66130533438458,26.84297306445106,47.25188648380249,-25.900440148729146,70.87896788747108,30.196516591167867,2008,-25.900440148729146,2007,70.87896788747108,300000.0,160000.0,20,3,No,2009,499753.0904291022,0.0,499753.0904291022,199753.0904291022,10,104,2006,2025,annual_performance_20y_160k_source.csv,"Rank by full $160K withdrawals funded, then total cash delivered, then ending balance; enforce max 10 Top-250 appearances per ticker.",230589.54977350362,234029.0427093294,13414.49057175577,0.0,0.0,0.0,0.0,0.0,0.0,0.0,0.0,0.0,0.0,0.0,0.0,0.0,0.0,0.0,0.0,0.0
36,DE + WELL + AAPL + T,Rebalanced annually,DE,Industrials,Deere & Company Common Stock,10,WELL,Real Estate,Welltower Inc. Common Stock,10,AAPL,Technology,Apple Inc. Common Stock,10,T,Telecommunications,AT&T Inc.,10,21.068436826136832,31.357277259181352,20.646556520116164,-3.6314275738379154,23.64739555083731,25.85671643234725,44.69285602696689,-3.438251602487324,25.262952065701125,21.699051519747623,-2.440136982005004,22.752360867097778,4.856630385074437,21.151327150307054,13.19982878273658,34.38431145079317,52.80822269176698,-35.417082155540186,65.96455698110336,38.21473893117491,2008,-35.417082155540186,2007,65.96455698110336,300000.0,160000.0,20,3,No,2009,494680.4502005729,0.0,494680.4502005729,194680.4502005729,10,104,2006,2025,annual_performance_20y_160k_source.csv,"Rank by full $160K withdrawals funded, then total cash delivered, then ending balance; enforce max 10 Top-250 appearances per ticker.",254644.21679352474,262619.1462793738,9607.107485429733,0.0,0.0,0.0,0.0,0.0,0.0,0.0,0.0,0.0,0.0,0.0,0.0,0.0,0.0,0.0,0.0,0.0
37,XOM + DE + AAPL + T,Rebalanced annually,XOM,Energy,ExxonMobil Holdings Corporation Common Stock,10,DE,Industrials,Deere & Company Common Stock,10,AAPL,Technology,Apple Inc. Common Stock,10,T,Telecommunications,AT&T Inc.,10,12.598205432426823,23.405652089792063,8.633840894152906,23.515151324647817,28.79546669918015,21.10094855709575,40.74184316888529,-11.038946838887504,24.256273839732277,25.823704186688555,-4.187928142812748,9.103403020469376,11.990737086057766,17.769052244564133,12.585119228326244,33.36257408868741,46.497664526532034,-38.74799291705595,69.61860669320446,38.74086441757865,2008,-38.74799291705595,2007,69.61860669320446,300000.0,160000.0,20,3,No,2009,492010.965561765,0.0,492010.965561765,192010.965561765,10,104,2006,2025,annual_performance_20y_160k_source.csv,"Rank by full $160K withdrawals funded, then total cash delivered, then ending balance; enforce max 10 Top-250 appearances per ticker.",256222.5932527359,274601.19270848716,8198.742007651395,0.0,0.0,0.0,0.0,0.0,0.0,0.0,0.0,0.0,0.0,0.0,0.0,0.0,0.0,0.0,0.0,0.0
38,VRTX + DE + AAPL + T,Rebalanced annually,VRTX,Health Care,Vertex Pharmaceuticals Incorporated Common Stock,10,DE,Industrials,Deere & Company Common Stock,10,AAPL,Technology,Apple Inc. Common Stock,10,T,Telecommunications,AT&T Inc.,10,11.748933104879914,20.332807580047067,20.424139752289314,9.538558540721825,12.630834688605713,32.13931955087652,46.96572598252402,-4.621483843587869,51.06315779021869,10.490012908602862,0.4893827766142942,25.590473484699338,26.292882340511067,23.13542991529279,6.619327583574513,26.267910452017823,59.91059754142635,-27.776319780944284,54.06642438379163,37.78010887541015,2008,-27.776319780944284,2009,59.91059754142635,300000.0,160000.0,20,3,No,2009,490138.45793531934,0.0,490138.45793531934,190138.45793531934,10,104,2006,2025,annual_performance_20y_160k_source.csv,"Rank by full $160K withdrawals funded, then total cash delivered, then ending balance; enforce max 10 Top-250 appearances per ticker.",253340.32662623044,230312.382755252,6340.078826040844,0.0,0.0,0.0,0.0,0.0,0.0,0.0,0.0,0.0,0.0,0.0,0.0,0.0,0.0,0.0,0.0,0.0
39,XOM + DE + WELL + AAPL,Rebalanced annually,XOM,Energy,ExxonMobil Holdings Corporation Common Stock,10,DE,Industrials,Deere & Company Common Stock,10,WELL,Real Estate,Welltower Inc. Common Stock,10,AAPL,Technology,Apple Inc. Common Stock,10,21.568279892506197,23.14758755086616,19.7639427109941,16.603727606035424,39.516510536548864,21.716310160498058,34.38080991252987,-2.017472286436936,24.926716845048276,18.67125472767744,-8.216701122631308,20.640067206566734,6.997817911442386,17.44600852394693,15.092834469184604,33.43691483558472,47.94792185273172,-31.964763113214893,66.52046795271062,34.08858139840614,2008,-31.964763113214893,2007,66.52046795271062,300000.0,160000.0,20,3,No,2009,488303.9750644972,0.0,488303.9750644972,188303.9750644972,10,104,2006,2025,annual_performance_20y_160k_source.csv,"Rank by full $160K withdrawals funded, then total cash delivered, then ending balance; enforce max 10 Top-250 appearances per ticker.",242265.74419521843,243422.05092299462,5612.7689801300585,0.0,0.0,0.0,0.0,0.0,0.0,0.0,0.0,0.0,0.0,0.0,0.0,0.0,0.0,0.0,0.0,0.0
40,XOM + DE + ORCL + T,Rebalanced annually,XOM,Energy,ExxonMobil Holdings Corporation Common Stock,10,DE,Industrials,Deere & Company Common Stock,10,ORCL,Technology,Oracle Corporation Common Stock,10,T,Telecommunications,AT&T Inc.,10,14.867071765105539,30.72693321219515,4.117230944618882,28.95470421610734,29.355793993294707,6.58699654992375,23.338180147895287,-10.433785412433753,18.3744115413086,24.425238278771076,-7.842256076206221,3.691469163055511,13.893946256305227,17.556566286797768,1.8300908622947905,27.248717104357887,19.619143506893582,-29.889945928356635,44.184557807224806,44.33163934039262,2008,-29.889945928356635,2006,44.33163934039262,300000.0,160000.0,20,3,No,2009,484531.9689304489,0.0,484531.9689304489,184531.96893044887,10,104,2006,2025,annual_performance_20y_160k_source.csv,"Rank by full $160K withdrawals funded, then total cash delivered, then ending balance; enforce max 10 Top-250 appearances per ticker.",272994.9180211778,233616.51538503112,3788.6652567343554,0.0,0.0,0.0,0.0,0.0,0.0,0.0,0.0,0.0,0.0,0.0,0.0,0.0,0.0,0.0,0.0,0.0
41,DE + WELL + ORCL + T,Rebalanced annually,DE,Industrials,Deere & Company Common Stock,10,WELL,Real Estate,Welltower Inc. Common Stock,10,ORCL,Technology,Oracle Corporation Common Stock,10,T,Telecommunications,AT&T Inc.,10,23.337303158815548,38.678558381584445,16.129946570582142,1.8081253176216083,24.20772284495187,11.34276442517525,27.28919300597689,-2.8330901760335725,19.381089767277448,20.300585611830144,-6.094464915398477,17.340427009683914,6.759839555321898,20.938841192540693,2.4448004167051267,28.270454466463654,25.92970167212853,-26.559035166840868,40.53050809512371,43.80551385398887,2008,-26.559035166840868,2006,43.80551385398887,300000.0,160000.0,20,3,No,2009,483293.33943136537,0.0,483293.33943136537,183293.33943136537,10,104,2006,2025,annual_performance_20y_160k_source.csv,"Rank by full $160K withdrawals funded, then total cash delivered, then ending balance; enforce max 10 Top-250 appearances per ticker.",271416.54156196665,221423.04491124436,2615.220545777149,0.0,0.0,0.0,0.0,0.0,0.0,0.0,0.0,0.0,0.0,0.0,0.0,0.0,0.0,0.0,0.0,0.0
42,BHP + BLK + ORCL + T,Rebalanced annually,BHP,Energy,BHP Group Limited American Depositary Shares (Each representing two Ordinary Shares),10,BLK,Finance,BlackRock Inc. Common Stock,10,ORCL,Technology,Oracle Corporation Common Stock,10,T,Telecommunications,AT&T Inc.,10,16.19487728256152,27.186283255398266,15.64293063494227,2.5373332909958526,15.322146820252257,19.293183472095826,31.047467770755553,-8.698362093488026,23.636687090228758,23.841780507504133,-12.13487499488134,2.242669226826663,18.549165660317097,21.424575934852605,-8.039128844289364,12.724809750012803,51.895073045073126,-30.725044224743495,44.55347047174793,39.70945536413751,2008,-30.725044224743495,2009,51.895073045073126,300000.0,160000.0,20,2,No,2008,468649.5393326061,0.0,468649.5393326061,168649.53933260607,10,104,2006,2025,annual_performance_20y_160k_source.csv,"Rank by full $160K withdrawals funded, then total cash delivered, then ending balance; enforce max 10 Top-250 appearances per ticker.",259128.3660924125,214579.0461633184,0.0,0.0,0.0,0.0,0.0,0.0,0.0,0.0,0.0,0.0,0.0,0.0,0.0,0.0,0.0,0.0,0.0,0.0
43,BHP + BLK + LMT + ORCL,Rebalanced annually,BHP,Energy,BHP Group Limited American Depositary Shares (Each representing two Ordinary Shares),10,BLK,Finance,BlackRock Inc. Common Stock,10,LMT,Industrials,Lockheed Martin Corporation Common Stock,10,ORCL,Technology,Oracle Corporation Common Stock,10,13.317145827670046,18.666587674891826,15.248544565259689,11.039133968133552,17.585293478795933,22.582194695949003,32.0638699339581,-7.590734319463909,32.19366106333551,20.436381887125865,-10.66734905623387,10.084657065250987,32.68924316095864,21.422998255956756,-5.636959566239976,8.285831284104514,48.28964653429843,-28.635699894630076,43.03122362019582,37.56033064834728,2008,-28.635699894630076,2009,48.28964653429843,300000.0,160000.0,20,2,No,2008,463736.7741222381,0.0,463736.7741222381,163736.7741222381,10,104,2006,2025,annual_performance_20y_160k_source.csv,"Rank by full $160K withdrawals funded, then total cash delivered, then ending balance; enforce max 10 Top-250 appearances per ticker.",252680.9919450418,201412.71463464177,0.0,0.0,0.0,0.0,0.0,0.0,0.0,0.0,0.0,0.0,0.0,0.0,0.0,0.0,0.0,0.0,0.0,0.0
44,XOM + BLK + LMT + ORCL,Rebalanced annually,XOM,Energy,ExxonMobil Holdings Corporation Common Stock,10,BLK,Finance,BlackRock Inc. Common Stock,10,LMT,Industrials,Lockheed Martin Corporation Common Stock,10,ORCL,Technology,Oracle Corporation Common Stock,10,10.781165077932148,27.641278634094377,9.558373157026963,25.710464340649487,31.75206572043482,7.187887522975808,27.747033449573543,-14.002350763629483,22.773763917855028,14.94451433965338,-4.148152472338978,15.594094663761634,40.23295304076711,18.945327809501258,4.574247190053898,4.742097861048885,23.953649120266217,-22.5445039070179,29.276068689474513,42.04700712041035,2008,-22.5445039070179,2006,42.04700712041035,300000.0,160000.0,20,2,No,2008,462561.991028814,0.0,462561.991028814,162561.991028814,10,104,2006,2025,annual_performance_20y_160k_source.csv,"Rank by full $160K withdrawals funded, then total cash delivered, then ending balance; enforce max 10 Top-250 appearances per ticker.",266141.02136123105,184056.6495858141,0.0,0.0,0.0,0.0,0.0,0.0,0.0,0.0,0.0,0.0,0.0,0.0,0.0,0.0,0.0,0.0,0.0,0.0
45,BHP + BLK + WELL + ORCL,Rebalanced annually,BHP,Energy,BHP Group Limited American Depositary Shares (Each representing two Ordinary Shares),10,BLK,Finance,BlackRock Inc. Common Stock,10,WELL,Real Estate,Welltower Inc. Common Stock,10,ORCL,Technology,Oracle Corporation Common Stock,10,25.164951742640895,26.928218716472365,26.773032451783465,-4.37409042761654,26.04319065762097,19.908545075498132,24.686434514400133,0.32311245896254126,24.307130095544757,16.689331048493017,-16.1636479746999,13.779333412924018,13.556246485701715,21.101532214235398,-5.5314136034310035,12.79915049691012,53.34533037127281,-23.941814420902443,41.4553317312541,35.057172344965004,2008,-23.941814420902443,2009,53.34533037127281,300000.0,160000.0,20,2,No,2008,462082.9142994411,0.0,462082.9142994411,162082.9142994411,10,104,2006,2025,annual_performance_20y_160k_source.csv,"Rank by full $160K withdrawals funded, then total cash delivered, then ending balance; enforce max 10 Top-250 appearances per ticker.",245171.51703489496,186808.1827322588,0.0,0.0,0.0,0.0,0.0,0.0,0.0,0.0,0.0,0.0,0.0,0.0,0.0,0.0,0.0,0.0,0.0,0.0
46,BHP + BLK + LMT + WELL,Rebalanced annually,BHP,Energy,BHP Group Limited American Depositary Shares (Each representing two Ordinary Shares),10,BLK,Finance,BlackRock Inc. Common Stock,10,LMT,Industrials,Lockheed Martin Corporation Common Stock,10,WELL,Real Estate,Welltower Inc. Common Stock,10,21.249647554342204,14.436029913407083,17.960475586472832,6.906318300786198,17.60872841483284,12.222495290824245,32.98728719798597,-3.020976673535643,26.014406008032175,19.56059275783029,-7.7097372356579426,17.47593522956635,26.6641398270805,18.051360839244136,4.010174657088675,4.6866823569503975,41.60221742322176,-23.211875045296892,37.51446829449904,36.70995375518932,2008,-23.211875045296892,2009,41.60221742322176,300000.0,160000.0,20,2,No,2008,461263.08115436137,0.0,461263.08115436137,161263.08115436137,10,104,2006,2025,annual_performance_20y_160k_source.csv,"Rank by full $160K withdrawals funded, then total cash delivered, then ending balance; enforce max 10 Top-250 appearances per ticker.",250129.861265568,183964.748765114,0.0,0.0,0.0,0.0,0.0,0.0,0.0,0.0,0.0,0.0,0.0,0.0,0.0,0.0,0.0,0.0,0.0,0.0
47,BHP + LMT + WELL + ORCL,Rebalanced annually,BHP,Energy,BHP Group Limited American Depositary Shares (Each representing two Ordinary Shares),10,LMT,Industrials,Lockheed Martin Corporation Common Stock,10,WELL,Real Estate,Welltower Inc. Common Stock,10,ORCL,Technology,Oracle Corporation Common Stock,10,24.14353397931751,22.110726401274725,21.230356403906274,10.844072160430896,19.483198269133183,6.483928295872562,29.856771878931223,1.6367878797770579,22.698847627669963,17.622758604440758,-11.528872443319283,18.29552551086641,16.330458807997736,21.018913235712773,0.5478623156602476,15.823721548013157,32.29442527512592,-19.32370273318059,34.17348614552839,36.36821591123627,2008,-19.32370273318059,2006,36.36821591123627,300000.0,160000.0,20,2,No,2008,460564.2409034687,0.0,460564.2409034687,160564.2409034687,10,104,2006,2025,annual_performance_20y_160k_source.csv,"Rank by full $160K withdrawals funded, then total cash delivered, then ending balance; enforce max 10 Top-250 appearances per ticker.",249104.64773370879,174232.39001485507,0.0,0.0,0.0,0.0,0.0,0.0,0.0,0.0,0.0,0.0,0.0,0.0,0.0,0.0,0.0,0.0,0.0,0.0
48,XOM + BLK + TMO + ORCL,Rebalanced annually,XOM,Energy,ExxonMobil Holdings Corporation Common Stock,10,BLK,Finance,BlackRock Inc. Common Stock,10,TMO,Industrials,Thermo Fisher Scientific Inc Common Stock,10,ORCL,Technology,Oracle Corporation Common Stock,10,13.10877878292736,24.705173821961004,9.796606171129312,11.270268998184836,41.84904545955005,19.741125716211585,25.99785304105142,-5.3633427956182285,23.588809477604016,10.322478615736115,-4.757580297584379,10.419721729800806,42.15054717872657,24.859359372888342,-5.2938318771101,9.722207181530592,35.844156333889295,-28.13783903772196,32.12153870847021,42.87886558362801,2008,-28.13783903772196,2006,42.87886558362801,300000.0,160000.0,20,2,No,2008,460078.61448366556,0.0,460078.61448366556,160078.61448366556,10,104,2006,2025,annual_performance_20y_160k_source.csv,"Rank by full $160K withdrawals funded, then total cash delivered, then ending balance; enforce max 10 Top-250 appearances per ticker.",268636.596750884,194926.80516133626,0.0,0.0,0.0,0.0,0.0,0.0,0.0,0.0,0.0,0.0,0.0,0.0,0.0,0.0,0.0,0.0,0.0,0.0
49,BHP + BLK + TMO + ORCL,Rebalanced annually,BHP,Energy,BHP Group Limited American Depositary Shares (Each representing two Ordinary Shares),10,BLK,Finance,BlackRock Inc. Common Stock,10,TMO,Industrials,Thermo Fisher Scientific Inc Common Stock,10,ORCL,Technology,Oracle Corporation Common Stock,10,15.644759532665258,15.730482862758453,15.486777579362037,-3.4010613743310967,27.68227321791116,35.135432889184784,30.314689525435977,1.0482736485473465,33.0087066230845,15.814346163208599,-11.276776881479272,4.910284131290157,34.6068372989181,27.33702981934384,-15.505038633403972,13.265940604586222,60.180153747921494,-34.229035025334134,45.87669363919152,38.392189111564946,2008,-34.229035025334134,2009,60.180153747921494,300000.0,160000.0,20,2,No,2008,459594.3608560675,0.0,459594.3608560675,159594.3608560675,10,104,2006,2025,annual_performance_20y_160k_source.csv,"Rank by full $160K withdrawals funded, then total cash delivered, then ending balance; enforce max 10 Top-250 appearances per ticker.",255176.56733469485,212243.1393698381,0.0,0.0,0.0,0.0,0.0,0.0,0.0,0.0,0.0,0.0,0.0,0.0,0.0,0.0,0.0,0.0,0.0,0.0
50,CVX + BLK + LMT + ORCL,Rebalanced annually,CVX,Energy,Chevron Corporation Common Stock,10,BLK,Finance,BlackRock Inc. Common Stock,10,LMT,Industrials,Lockheed Martin Corporation Common Stock,10,ORCL,Technology,Oracle Corporation Common Stock,10,9.312977738437638,25.14765429349071,7.715576209188321,18.47378506569945,28.918512931107195,9.752619697318398,29.75722725139038,-12.665880959484884,26.372887201591418,19.139368642225193,-4.992890265278602,15.360873809511794,40.0305077481625,19.035361663074255,4.977351740400563,7.946382235363872,29.12016215106658,-23.849930772993584,30.841584998128326,40.702703408137204,2008,-23.849930772993584,2006,40.702703408137204,300000.0,160000.0,20,2,No,2008,459313.81468501815,0.0,459313.81468501815,159313.81468501815,10,104,2006,2025,annual_performance_20y_160k_source.csv,"Rank by full $160K withdrawals funded, then total cash delivered, then ending balance; enforce max 10 Top-250 appearances per ticker.",262108.1102244116,182946.40582626138,0.0,0.0,0.0,0.0,0.0,0.0,0.0,0.0,0.0,0.0,0.0,0.0,0.0,0.0,0.0,0.0,0.0,0.0
51,XOM + BLK + LMT + APH,Rebalanced annually,XOM,Energy,ExxonMobil Holdings Corporation Common Stock,10,BLK,Finance,BlackRock Inc. Common Stock,10,LMT,Industrials,Lockheed Martin Corporation Common Stock,10,APH,Technology,Amphenol Corporation Common Stock,10,30.27004758591571,22.969295135751732,9.697968916283848,23.882984103435795,31.265388605683782,6.647370894512791,31.638052065765457,-14.965982264351572,24.491412561238654,20.692782660454014,-0.23865979885867583,16.293162246757174,46.04041875993822,21.907926574274313,5.466097827753595,1.1995124598376283,37.33867757235282,-29.223189127893313,33.74846364719417,42.09293187048145,2008,-29.223189127893313,2013,46.04041875993822,300000.0,160000.0,20,2,No,2008,458824.3250529724,0.0,458824.3250529724,158824.32505297242,10,104,2006,2025,annual_performance_20y_160k_source.csv,"Rank by full $160K withdrawals funded, then total cash delivered, then ending balance; enforce max 10 Top-250 appearances per ticker.",266278.79561144434,196143.79814855912,0.0,0.0,0.0,0.0,0.0,0.0,0.0,0.0,0.0,0.0,0.0,0.0,0.0,0.0,0.0,0.0,0.0,0.0
52,BHP + BLK + LMT + APH,Rebalanced annually,BHP,Energy,BHP Group Limited American Depositary Shares (Each representing two Ordinary Shares),10,BLK,Finance,BlackRock Inc. Common Stock,10,LMT,Industrials,Lockheed Martin Corporation Common Stock,10,APH,Technology,Amphenol Corporation Common Stock,10,32.80602833565361,13.99460417654918,15.388140324516574,9.21165373091986,17.098616364044894,22.041678067485986,35.95488855015002,-8.554365820185998,33.911309706719145,26.1846502079265,-6.757856382753568,10.783724648246526,38.49670888012976,24.38559702072981,-4.745108928540278,4.743245882893257,61.67467498638503,-35.31438511550549,47.50361857791548,37.606255398418384,2008,-35.31438511550549,2009,61.67467498638503,300000.0,160000.0,20,2,No,2008,457726.55976085836,0.0,457726.55976085836,157726.55976085836,10,104,2006,2025,annual_performance_20y_160k_source.csv,"Rank by full $160K withdrawals funded, then total cash delivered, then ending balance; enforce max 10 Top-250 appearances per ticker.",252818.7661952551,212916.82858204097,0.0,0.0,0.0,0.0,0.0,0.0,0.0,0.0,0.0,0.0,0.0,0.0,0.0,0.0,0.0,0.0,0.0,0.0
53,XOM + BTI + LMT + APH,Rebalanced annually,XOM,Energy,ExxonMobil Holdings Corporation Common Stock,10,BTI,Health Care,British American Tobacco  Industries p.l.c. Common Stock ADR,10,LMT,Industrials,Lockheed Martin Corporation Common Stock,10,APH,Technology,Amphenol Corporation Common Stock,10,45.08457981297235,24.506449178046935,0.21016985119530407,32.75974599004938,25.904320694805985,-6.335833806924042,34.412189074315684,-21.904674647714202,21.012188389473735,18.463322640905048,2.06059257745328,13.587959819576334,34.415049879680225,19.756507650380485,13.33371240806286,11.670795995216565,25.27029429128388,-27.460157871277794,33.49607368581985,39.23427396669099,2008,-27.460157871277794,2025,45.08457981297235,300000.0,160000.0,20,2,No,2008,453490.1017751738,0.0,453490.1017751738,153490.1017751738,10,104,2006,2025,annual_performance_20y_160k_source.csv,"Rank by full $160K withdrawals funded, then total cash delivered, then ending balance; enforce max 10 Top-250 appearances per ticker.",257702.82190007297,184023.14901415852,0.0,0.0,0.0,0.0,0.0,0.0,0.0,0.0,0.0,0.0,0.0,0.0,0.0,0.0,0.0,0.0,0.0,0.0
54,BHP + LMT + APH + NEE,Rebalanced annually,BHP,Energy,BHP Group Limited American Depositary Shares (Each representing two Ordinary Shares),10,LMT,Industrials,Lockheed Martin Corporation Common Stock,10,APH,Technology,Amphenol Corporation Common Stock,10,NEE,Utilities,NextEra Energy Inc. Common Stock,10,35.0366992292851,12.037859559832592,4.5993706964741845,12.174883319990535,15.598855390921175,17.756483929970024,38.660023406492215,0.42171670044487986,32.960526935936116,27.132637651882376,-5.9815400189436705,13.839846970677105,31.242404592982446,23.90488752964533,1.6241331476872962,9.336190356500639,44.698682346577485,-31.922413659313417,43.21405605360013,36.0373008085559,2008,-31.922413659313417,2009,44.698682346577485,300000.0,160000.0,20,2,No,2008,452976.71119803993,0.0,452976.71119803993,152976.71119803993,10,104,2006,2025,annual_performance_20y_160k_source.csv,"Rank by full $160K withdrawals funded, then total cash delivered, then ending balance; enforce max 10 Top-250 appearances per ticker.",248111.90242566768,195331.11901554937,0.0,0.0,0.0,0.0,0.0,0.0,0.0,0.0,0.0,0.0,0.0,0.0,0.0,0.0,0.0,0.0,0.0,0.0
55,BHP + BTI + LMT + APH,Rebalanced annually,BHP,Energy,BHP Group Limited American Depositary Shares (Each representing two Ordinary Shares),10,BTI,Health Care,British American Tobacco  Industries p.l.c. Common Stock ADR,10,LMT,Industrials,Lockheed Martin Corporation Common Stock,10,APH,Technology,Amphenol Corporation Common Stock,10,47.62056056271025,15.531758218844383,5.9003412594280285,18.08841561753345,11.737548453167097,9.058473366049151,38.729025558700236,-15.493058203548626,30.432085534954226,23.955190188377536,-4.458604006441613,8.078522221065686,26.87133999987176,22.234178096835983,3.122505651768987,15.214529418272193,49.60629170531608,-33.55135385888997,47.251228616541155,34.747597494627925,2008,-33.55135385888997,2009,49.60629170531608,300000.0,160000.0,20,2,No,2008,452665.06272942666,0.0,452665.06272942666,152665.06272942666,10,104,2006,2025,annual_performance_20y_160k_source.csv,"Rank by full $160K withdrawals funded, then total cash delivered, then ending balance; enforce max 10 Top-250 appearances per ticker.",244242.7924838838,199650.51273986796,0.0,0.0,0.0,0.0,0.0,0.0,0.0,0.0,0.0,0.0,0.0,0.0,0.0,0.0,0.0,0.0,0.0,0.0
56,XOM + BTI + TMO + APH,Rebalanced annually,XOM,Energy,ExxonMobil Holdings Corporation Common Stock,10,BTI,Health Care,British American Tobacco  Industries p.l.c. Common Stock ADR,10,TMO,Industrials,Thermo Fisher Scientific Inc Common Stock,10,APH,Technology,Amphenol Corporation Common Stock,10,47.412193517967566,21.570344365913563,0.44840286529765194,18.319550647584734,36.00130043392121,6.217404386311734,32.66300866579356,-13.265666679702946,21.827233949222723,13.841286916987784,1.4511647522078788,8.413586885615501,36.33264401763969,25.67053921376757,3.465633340898863,16.650905315698274,37.160801504906956,-33.053493001981856,36.34154370481555,40.06613242990865,2008,-33.053493001981856,2025,47.412193517967566,300000.0,160000.0,20,2,No,2008,450384.0205707522,0.0,450384.0205707522,150384.0205707522,10,104,2006,2025,annual_performance_20y_160k_source.csv,"Rank by full $160K withdrawals funded, then total cash delivered, then ending balance; enforce max 10 Top-250 appearances per ticker.",260198.3972897259,194758.51156000124,0.0,0.0,0.0,0.0,0.0,0.0,0.0,0.0,0.0,0.0,0.0,0.0,0.0,0.0,0.0,0.0,0.0,0.0
57,XOM + TMO + APH + NEE,Rebalanced annually,XOM,Energy,ExxonMobil Holdings Corporation Common Stock,10,TMO,Industrials,Thermo Fisher Scientific Inc Common Stock,10,APH,Technology,Amphenol Corporation Common Stock,10,NEE,Utilities,NextEra Energy Inc. Common Stock,10,34.82833218454241,18.076445706901772,-0.8525676976561911,12.406018350041819,39.86260737167528,14.915414950232606,32.59400651358553,2.649108224290561,24.35567535020462,17.018734380492624,-0.07177126029417868,14.174911635226922,40.70370861075037,27.341248646576915,1.967260836817172,10.772566253926719,32.25319214616836,-31.424552802405305,32.304371141874526,41.35583574383662,2008,-31.424552802405305,2006,41.35583574383662,300000.0,160000.0,20,2,No,2008,449863.28207235737,0.0,449863.28207235737,149863.28207235737,10,104,2006,2025,annual_performance_20y_160k_source.csv,"Rank by full $160K withdrawals funded, then total cash delivered, then ending balance; enforce max 10 Top-250 appearances per ticker.",264067.50723150984,189372.8548326731,0.0,0.0,0.0,0.0,0.0,0.0,0.0,0.0,0.0,0.0,0.0,0.0,0.0,0.0,0.0,0.0,0.0,0.0
58,CVX + BTI + TMO + APH,Rebalanced annually,CVX,Energy,Chevron Corporation Common Stock,10,BTI,Health Care,British American Tobacco  Industries p.l.c. Common Stock ADR,10,TMO,Industrials,Thermo Fisher Scientific Inc Common Stock,10,APH,Technology,Amphenol Corporation Common Stock,10,45.94400617847306,19.076720025309896,-1.3943940825409902,11.082871372634699,33.16774764459359,8.782136560654322,34.673202467610395,-11.929196875558347,25.42635723295912,18.0361412195596,0.6064269592682554,8.180366031365661,36.130198725035086,25.760573067340573,3.8687378912455297,19.855189690013262,42.327314535707316,-34.35891986795754,37.90706001346936,38.72182871763551,2008,-34.35891986795754,2025,45.94400617847306,300000.0,160000.0,20,2,No,2008,446864.7064047086,0.0,446864.7064047086,146864.70640470862,10,104,2006,2025,annual_performance_20y_160k_source.csv,"Rank by full $160K withdrawals funded, then total cash delivered, then ending balance; enforce max 10 Top-250 appearances per ticker.",256165.4861529065,193270.2907226843,0.0,0.0,0.0,0.0,0.0,0.0,0.0,0.0,0.0,0.0,0.0,0.0,0.0,0.0,0.0,0.0,0.0,0.0
59,CVX + TMO + APH + NEE,Rebalanced annually,CVX,Energy,Chevron Corporation Common Stock,10,TMO,Industrials,Thermo Fisher Scientific Inc Common Stock,10,APH,Technology,Amphenol Corporation Common Stock,10,NEE,Utilities,NextEra Energy Inc. Common Stock,10,33.3601448450479,15.582821366298106,-2.695364645494834,5.169339075091784,37.02905458234766,17.480147124575193,34.604200315402366,3.9855780284351603,27.95479863394101,21.213588683064437,-0.9165090532338023,13.94169078097708,40.50126331814577,27.43128250014992,2.370365387163839,13.976850628241706,37.41970517696872,-32.72997966838099,33.86988745052834,40.01153203156348,2008,-32.72997966838099,2013,40.50126331814577,300000.0,160000.0,20,2,No,2008,446540.3040557888,0.0,446540.3040557888,146540.3040557888,10,104,2006,2025,annual_performance_20y_160k_source.csv,"Rank by full $160K withdrawals funded, then total cash delivered, then ending balance; enforce max 10 Top-250 appearances per ticker.",260034.5960946905,188108.02112439816,0.0,0.0,0.0,0.0,0.0,0.0,0.0,0.0,0.0,0.0,0.0,0.0,0.0,0.0,0.0,0.0,0.0,0.0
60,CVX + TMO + APH + VZ,Rebalanced annually,CVX,Energy,Chevron Corporation Common Stock,10,TMO,Industrials,Thermo Fisher Scientific Inc Common Stock,10,APH,Technology,Amphenol Corporation Common Stock,10,VZ,Telecommunications,Verizon Communications Inc. Common Stock,10,31.70702742150224,13.502327318269554,4.306196151495017,2.299942940171711,29.293693500848573,9.9313344443389,27.391847254641007,3.2240808085036763,20.349674742037685,21.780996922865636,-0.19924222752296394,6.824585048261533,38.15200763695233,26.244351585674114,1.452347243394121,19.007485478446224,36.18496455679072,-31.380756289449174,32.435538308691505,39.798894085892144,2008,-31.380756289449174,2006,39.798894085892144,300000.0,160000.0,20,2,No,2008,445939.2258917655,0.0,445939.2258917655,145939.2258917655,10,104,2006,2025,annual_performance_20y_160k_source.csv,"Rank by full $160K withdrawals funded, then total cash delivered, then ending balance; enforce max 10 Top-250 appearances per ticker.",259396.68225767644,183533.39250283985,0.0,0.0,0.0,0.0,0.0,0.0,0.0,0.0,0.0,0.0,0.0,0.0,0.0,0.0,0.0,0.0,0.0,0.0
61,CVX + BTI + TMO + NEE,Rebalanced annually,CVX,Energy,Chevron Corporation Common Stock,10,BTI,Health Care,British American Tobacco  Industries p.l.c. Common Stock ADR,10,TMO,Industrials,Thermo Fisher Scientific Inc Common Stock,10,NEE,Utilities,NextEra Energy Inc. Common Stock,10,25.79190813914568,14.117262419068311,-15.5926402872737,11.935827339274368,30.280193931920557,10.77602604655306,36.61783402681542,-6.64724740751808,26.07348419915467,15.173694496104373,1.2923858572591902,9.71783048950064,33.402109737799414,19.349712415014398,12.808441671201834,16.853680373769137,21.27408559190902,-28.17643550300637,32.48608468040499,37.44868722165497,2008,-28.17643550300637,2006,37.44868722165497,300000.0,160000.0,20,2,No,2008,445205.291802936,0.0,445205.291802936,145205.291802936,10,104,2006,2025,annual_performance_20y_160k_source.csv,"Rank by full $160K withdrawals funded, then total cash delivered, then ending balance; enforce max 10 Top-250 appearances per ticker.",252346.06166496495,174323.41694511246,0.0,0.0,0.0,0.0,0.0,0.0,0.0,0.0,0.0,0.0,0.0,0.0,0.0,0.0,0.0,0.0,0.0,0.0
62,CVX + BTI + TMO + VZ,Rebalanced annually,CVX,Energy,Chevron Corporation Common Stock,10,BTI,Health Care,British American Tobacco  Industries p.l.c. Common Stock ADR,10,TMO,Industrials,Thermo Fisher Scientific Inc Common Stock,10,VZ,Telecommunications,Verizon Communications Inc. Common Stock,10,24.138790715600024,12.03676837103976,-8.59107949028385,9.066431204354295,22.544832850421464,3.227213366316766,29.405480966054064,-7.408744627449564,18.468360307251345,15.74110273590557,2.0096526829700285,2.6007247567850937,31.052854056605973,18.162781500538596,11.890423527432116,21.88431522397366,20.039344971731015,-26.827212124074553,31.051735538568163,37.23604927598363,2008,-26.827212124074553,2006,37.23604927598363,300000.0,160000.0,20,2,No,2008,444297.0753707342,0.0,444297.0753707342,144297.0753707342,10,104,2006,2025,annual_performance_20y_160k_source.csv,"Rank by full $160K withdrawals funded, then total cash delivered, then ending balance; enforce max 10 Top-250 appearances per ticker.",251708.1478279509,169867.89622051443,0.0,0.0,0.0,0.0,0.0,0.0,0.0,0.0,0.0,0.0,0.0,0.0,0.0,0.0,0.0,0.0,0.0,0.0
63,CVX + MRK + TMO + NEE,Rebalanced annually,CVX,Energy,Chevron Corporation Common Stock,10,MRK,Health Care,Merck & Company Inc. Common Stock (new),10,TMO,Industrials,Thermo Fisher Scientific Inc Common Stock,10,NEE,Utilities,NextEra Energy Inc. Common Stock,10,11.786255382629275,3.6922043846507293,-10.317888996801077,20.513650319993754,28.73207409498827,10.156754507679064,31.44523045177803,15.680070376591928,19.63130600771182,17.5072275159633,-1.3902492493096696,12.731893182729088,37.479907621107316,19.823557177507197,8.234064765850764,11.094280057461027,20.863084748302725,-32.014609802278294,30.801311905589902,40.540714345609985,2008,-32.014609802278294,2006,40.540714345609985,300000.0,160000.0,20,2,No,2008,443872.9130040527,0.0,443872.9130040527,143872.9130040527,10,104,2006,2025,annual_performance_20y_160k_source.csv,"Rank by full $160K withdrawals funded, then total cash delivered, then ending balance; enforce max 10 Top-250 appearances per ticker.",261622.14303682995,182205.1953276925,0.0,0.0,0.0,0.0,0.0,0.0,0.0,0.0,0.0,0.0,0.0,0.0,0.0,0.0,0.0,0.0,0.0,0.0
64,CVX + BTI + VZ + NEE,Rebalanced annually,CVX,Energy,Chevron Corporation Common Stock,10,BTI,Health Care,British American Tobacco  Industries p.l.c. Common Stock ADR,10,VZ,Telecommunications,Verizon Communications Inc. Common Stock,10,NEE,Utilities,NextEra Energy Inc. Common Stock,10,25.06326566755968,17.833620881654184,-14.075406084551394,11.251693547842184,17.508084526670306,-0.18660218480940394,28.689458866387298,-8.385345495644456,18.310814444594126,20.37769834783097,-1.239378659355292,6.315027915234113,19.106743309203175,11.850659424589654,22.048468751732436,18.47257932599629,12.22375021444729,-22.460017224900284,31.19854858098281,33.52419265663221,2008,-22.460017224900284,2006,33.52419265663221,300000.0,160000.0,20,2,No,2008,440673.71548528783,0.0,440673.71548528783,140673.71548528783,10,104,2006,2025,annual_performance_20y_160k_source.csv,"Rank by full $160K withdrawals funded, then total cash delivered, then ending balance; enforce max 10 Top-250 appearances per ticker.",240572.5779698966,155627.73058035754,0.0,0.0,0.0,0.0,0.0,0.0,0.0,0.0,0.0,0.0,0.0,0.0,0.0,0.0,0.0,0.0,0.0,0.0
65,CVX + MRK + VZ + NEE,Rebalanced annually,CVX,Energy,Chevron Corporation Common Stock,10,MRK,Health Care,Merck & Company Inc. Common Stock (new),10,VZ,Telecommunications,Verizon Communications Inc. Common Stock,10,NEE,Utilities,NextEra Energy Inc. Common Stock,10,11.057612911043275,7.4085628472366025,-8.80065479407877,19.82951652856157,15.959964689738019,-0.8058737236833995,23.516855291349906,13.941972288465552,11.868636253151276,22.711231367689905,-3.9220137659241523,9.329090608462561,23.184541192511077,12.324504187082454,17.474091846381366,12.713179009688181,11.812749370840994,-26.298191524172207,29.51377580616772,36.61621978058722,2008,-26.298191524172207,2006,36.61621978058722,300000.0,160000.0,20,2,No,2008,440567.6332205229,0.0,440567.6332205229,140567.6332205229,10,104,2006,2025,annual_performance_20y_160k_source.csv,"Rank by full $160K withdrawals funded, then total cash delivered, then ending balance; enforce max 10 Top-250 appearances per ticker.",249848.65934176167,163588.43251460494,0.0,0.0,0.0,0.0,0.0,0.0,0.0,0.0,0.0,0.0,0.0,0.0,0.0,0.0,0.0,0.0,0.0,0.0
66,CVX + SCHW + BTI + NEE,Rebalanced annually,CVX,Energy,Chevron Corporation Common Stock,10,SCHW,Finance,Charles Schwab Corporation (The) Common Stock,10,BTI,Health Care,British American Tobacco  Industries p.l.c. Common Stock ADR,10,NEE,Utilities,NextEra Energy Inc. Common Stock,10,32.00972503891009,16.839473345740856,-18.746011095242082,16.283942903612232,34.45297842951904,3.2379880526503637,29.324574603004862,-15.808185822187811,25.10510688539766,20.45596912872761,0.33566373813255423,10.746251316275508,35.281571201365026,16.02700724940903,9.218116476873991,10.890367756495417,15.797306479022044,-26.948041712559203,35.63088282318913,33.095148652485406,2008,-26.948041712559203,2007,35.63088282318913,300000.0,160000.0,20,2,No,2008,440203.3176029883,0.0,440203.3176029883,140203.31760298827,10,104,2006,2025,annual_performance_20y_160k_source.csv,"Rank by full $160K withdrawals funded, then total cash delivered, then ending balance; enforce max 10 Top-250 appearances per ticker.",239285.4459574562,164544.96281950298,0.0,0.0,0.0,0.0,0.0,0.0,0.0,0.0,0.0,0.0,0.0,0.0,0.0,0.0,0.0,0.0,0.0,0.0
67,IBN + BTI + VZ + NEE,Rebalanced annually,IBN,Finance,ICICI Bank Limited Common Stock,10,BTI,Health Care,British American Tobacco  Industries p.l.c. Common Stock ADR,10,VZ,Telecommunications,Verizon Communications Inc. Common Stock,10,NEE,Utilities,NextEra Energy Inc. Common Stock,10,22.684568633255207,24.093180973924312,-8.214972847213769,-0.5462630883440371,14.34108626832112,5.920372893905981,36.62302173130927,-4.50963377513205,26.671492107285218,10.62856935004687,-4.981850792404989,22.50638210648829,10.927294002848374,27.705289136744412,5.200843561767185,21.82027577040694,34.90837606150298,-34.911485666133935,35.78061232088837,36.91139188927952,2008,-34.911485666133935,2006,36.91139188927952,300000.0,160000.0,20,2,No,2008,437451.1820610541,0.0,437451.1820610541,137451.1820610541,10,104,2006,2025,annual_performance_20y_160k_source.csv,"Rank by full $160K withdrawals funded, then total cash delivered, then ending balance; enforce max 10 Top-250 appearances per ticker.",250734.17566783854,180448.39901952306,0.0,0.0,0.0,0.0,0.0,0.0,0.0,0.0,0.0,0.0,0.0,0.0,0.0,0.0,0.0,0.0,0.0,0.0
68,SCHW + BTI + VZ + NEE,Rebalanced annually,SCHW,Finance,Charles Schwab Corporation (The) Common Stock,10,BTI,Health Care,British American Tobacco  Industries p.l.c. Common Stock ADR,10,VZ,Telecommunications,Verizon Communications Inc. Common Stock,10,NEE,Utilities,NextEra Energy Inc. Common Stock,10,31.69930909055297,19.803345464605776,-14.659519191139296,-3.337061458070209,21.00543322554376,9.693283335883457,28.96527350987735,-10.556897288473804,23.451568600609313,16.465481125657043,5.2832992684860685,12.356578161253363,35.105134177606445,18.05569291626265,8.696123531495294,10.793509804189448,14.725839612643583,-26.882506411393354,33.54514261094946,33.32384907993199,2008,-26.882506411393354,2013,35.105134177606445,300000.0,160000.0,20,2,No,2008,437331.8942075487,0.0,437331.8942075487,137331.8942075487,10,104,2006,2025,annual_performance_20y_160k_source.csv,"Rank by full $160K withdrawals funded, then total cash delivered, then ending balance; enforce max 10 Top-250 appearances per ticker.",239971.54723979603,160470.3449870876,0.0,0.0,0.0,0.0,0.0,0.0,0.0,0.0,0.0,0.0,0.0,0.0,0.0,0.0,0.0,0.0,0.0,0.0
69,UL + SCHW + MRK + VZ,Rebalanced annually,UL,Consumer Discretionary,Unilever PLC American Depositary Shares (each representing One Ordinary Share),10,SCHW,Finance,Charles Schwab Corporation (The) Common Stock,10,MRK,Health Care,Merck & Company Inc. Common Stock (new),10,VZ,Telecommunications,Verizon Communications Inc. Common Stock,10,15.315118761579555,9.238061367106718,-3.103784642920896,6.672414985368872,11.707722764251494,3.817727206502231,16.340321652986788,7.61053811506722,18.457936666658945,13.543166440780347,4.838263956746591,8.870469177898133,34.69902982465464,18.960962560622992,1.871231922217211,4.579574620413687,23.16219185541738,-33.94167348384828,34.53711418367216,35.29632966090668,2008,-33.94167348384828,2006,35.29632966090668,300000.0,160000.0,20,2,No,2008,432835.5155755526,0.0,432835.5155755526,132835.5155755526,10,104,2006,2025,annual_performance_20y_160k_source.csv,"Rank by full $160K withdrawals funded, then total cash delivered, then ending balance; enforce max 10 Top-250 appearances per ticker.",245888.98898272,170811.94987275905,0.0,0.0,0.0,0.0,0.0,0.0,0.0,0.0,0.0,0.0,0.0,0.0,0.0,0.0,0.0,0.0,0.0,0.0
70,UL + IBN + ABT + VZ,Rebalanced annually,UL,Consumer Discretionary,Unilever PLC American Depositary Shares (each representing One Ordinary Share),10,IBN,Finance,ICICI Bank Limited Common Stock,10,ABT,Health Care,Abbott Laboratories Common Stock,10,VZ,Telecommunications,Verizon Communications Inc. Common Stock,10,7.070154890503538,16.296061685052464,3.6534407540258966,-8.062592732956123,12.236732396026756,8.856198801049656,23.95024496490015,10.934806136827689,35.056540356188535,0.8625471004252265,-3.986952537285355,19.808226575603214,9.803654699758535,30.40022203123435,1.429980091790969,12.811157502173806,37.81433955679762,-31.258919091401896,31.944922438142182,34.93056292735773,2008,-31.258919091401896,2009,37.81433955679762,300000.0,160000.0,20,2,No,2008,432041.22793497395,0.0,432041.22793497395,132041.22793497395,10,104,2006,2025,annual_performance_20y_160k_source.csv,"Rank by full $160K withdrawals funded, then total cash delivered, then ending balance; enforce max 10 Top-250 appearances per ticker.",244791.68878207315,162990.2038985248,0.0,0.0,0.0,0.0,0.0,0.0,0.0,0.0,0.0,0.0,0.0,0.0,0.0,0.0,0.0,0.0,0.0,0.0
71,AMZN + SCHW + ABT + CSCO,Rebalanced annually,AMZN,Consumer Discretionary,Amazon.com Inc. Common Stock,10,SCHW,Finance,Charles Schwab Corporation (The) Common Stock,10,ABT,Health Care,Abbott Laboratories Common Stock,10,CSCO,Telecommunications,Cisco Systems Inc. Common Stock (DE),10,22.049846497588568,19.84169395441495,19.117071563538268,-23.163115944724098,34.72427182157762,28.59444576081217,18.82435902195381,13.907881804218187,42.60137744554755,8.692785250960267,32.54861309101706,10.764945258873972,45.73706148160434,26.67750359637717,-6.20091402879789,0.5682487390423772,57.96103789628597,-30.73410080018801,47.94940523229314,25.773321164902413,2008,-30.73410080018801,2009,57.96103789628597,300000.0,160000.0,20,2,No,2008,431880.769417073,0.0,431880.769417073,131880.769417073,10,104,2006,2025,annual_performance_20y_160k_source.csv,"Rank by full $160K withdrawals funded, then total cash delivered, then ending balance; enforce max 10 Top-250 appearances per ticker.",217319.96349470725,161523.59344145597,0.0,0.0,0.0,0.0,0.0,0.0,0.0,0.0,0.0,0.0,0.0,0.0,0.0,0.0,0.0,0.0,0.0,0.0
72,AMZN + IBN + ABT + CSCO,Rebalanced annually,AMZN,Consumer Discretionary,Amazon.com Inc. Common Stock,10,IBN,Finance,ICICI Bank Limited Common Stock,10,ABT,Health Care,Abbott Laboratories Common Stock,10,CSCO,Telecommunications,Cisco Systems Inc. Common Stock (DE),10,13.035106040290806,24.131529463733486,25.561617907463795,-20.372317574997922,28.05992486435498,24.821535318834698,26.482107243385734,19.95514531755994,45.82130095222345,2.855873475350091,22.283463030126004,20.914749204108897,21.559221306846275,36.32709981685893,-9.696193998525999,11.595014705259874,78.14357434514535,-38.763080054928594,50.18487494223206,29.360863974249945,2008,-38.763080054928594,2009,78.14357434514535,300000.0,160000.0,20,2,No,2008,431785.2756506405,0.0,431785.2756506405,131785.27565064048,10,104,2006,2025,annual_performance_20y_160k_source.csv,"Rank by full $160K withdrawals funded, then total cash delivered, then ending balance; enforce max 10 Top-250 appearances per ticker.",228082.59192274988,182545.55544418335,0.0,0.0,0.0,0.0,0.0,0.0,0.0,0.0,0.0,0.0,0.0,0.0,0.0,0.0,0.0,0.0,0.0,0.0
73,RIO + SCHW + ABT + VZ,Rebalanced annually,RIO,Basic Materials,Rio Tinto Plc Common Stock,10,SCHW,Finance,Charles Schwab Corporation (The) Common Stock,10,ABT,Health Care,Abbott Laboratories Common Stock,10,VZ,Telecommunications,Verizon Communications Inc. Common Stock,10,25.710983323884136,2.9407888787209044,0.015799365271312427,-5.53006076568614,20.70293813899702,19.424356463598347,22.453494328181975,4.73994252715621,33.00143116587178,17.159191944453138,-4.494956452503287,5.331007950261021,31.620632851641624,21.431368685989522,-5.910664376988005,10.470630166868139,55.178280231510044,-33.7672297644496,45.44748053198663,28.548994378219003,2008,-33.7672297644496,2009,55.178280231510044,300000.0,160000.0,20,2,No,2008,431402.09676740365,0.0,431402.09676740365,131402.09676740365,10,104,2006,2025,annual_performance_20y_160k_source.csv,"Rank by full $160K withdrawals funded, then total cash delivered, then ending balance; enforce max 10 Top-250 appearances per ticker.",225646.98313465703,168197.85186579538,0.0,0.0,0.0,0.0,0.0,0.0,0.0,0.0,0.0,0.0,0.0,0.0,0.0,0.0,0.0,0.0,0.0,0.0
74,AMZN + SCHW + MRK + CSCO,Rebalanced annually,AMZN,Consumer Discretionary,Amazon.com Inc. Common Stock,10,SCHW,Finance,Charles Schwab Corporation (The) Common Stock,10,MRK,Health Care,Merck & Company Inc. Common Stock (new),10,CSCO,Telecommunications,Cisco Systems Inc. Common Stock (DE),10,21.280069911366823,17.073529145787738,18.804392510517,-5.637309856672932,27.530915232579716,19.78306372428727,18.872183931472374,16.630877295799472,29.22269726269386,15.536492815705213,31.108679524157946,9.976991806403815,46.454596431742374,24.88784034624758,-9.254942168099758,3.363431823499755,63.49142664376513,-41.44583444737496,52.77706668776202,29.72663070779889,2008,-41.44583444737496,2009,63.49142664376513,300000.0,160000.0,20,2,No,2008,431331.5625285465,0.0,431331.5625285465,131331.5625285465,10,104,2006,2025,annual_performance_20y_160k_source.csv,"Rank by full $160K withdrawals funded, then total cash delivered, then ending balance; enforce max 10 Top-250 appearances per ticker.",229179.89212339662,190134.3166243027,0.0,0.0,0.0,0.0,0.0,0.0,0.0,0.0,0.0,0.0,0.0,0.0,0.0,0.0,0.0,0.0,0.0,0.0
75,AMZN + SCHW + MRK + VZ,Rebalanced annually,AMZN,Consumer Discretionary,Amazon.com Inc. Common Stock,10,SCHW,Finance,Charles Schwab Corporation (The) Common Stock,10,MRK,Health Care,Merck & Company Inc. Common Stock (new),10,VZ,Telecommunications,Verizon Communications Inc. Common Stock,10,15.127326478047044,15.110271981459263,17.15872250552596,-5.027029458446781,14.203365621968496,20.621944714215108,18.878141875247948,15.302414798446453,22.399490301396504,16.927946926587893,31.858752135013848,2.846145804867975,46.9236656375049,25.280506405570485,-2.30262234638867,12.877356924485525,52.71742435074946,-36.01616940528379,58.566631132034416,23.471495467078753,2008,-36.01616940528379,2007,58.566631132034416,300000.0,160000.0,20,2,No,2008,431106.10628666787,0.0,431106.10628666787,131106.10628666787,10,104,2006,2025,annual_performance_20y_160k_source.csv,"Rank by full $160K withdrawals funded, then total cash delivered, then ending balance; enforce max 10 Top-250 appearances per ticker.",210414.48640123627,173647.16250021302,0.0,0.0,0.0,0.0,0.0,0.0,0.0,0.0,0.0,0.0,0.0,0.0,0.0,0.0,0.0,0.0,0.0,0.0
76,AMZN + IBN + VRTX + CSCO,Rebalanced annually,AMZN,Consumer Discretionary,Amazon.com Inc. Common Stock,10,IBN,Finance,ICICI Bank Limited Common Stock,10,VRTX,Health Care,Vertex Pharmaceuticals Incorporated Common Stock,10,CSCO,Telecommunications,Cisco Systems Inc. Common Stock (DE),10,12.96333441391937,22.670937694477267,35.22138169987819,-7.326172047422648,18.65709995127282,19.796966241073456,28.994170619921714,15.33380536653427,58.669415421429555,-4.427153854044799,23.29490856505768,30.86691654880811,34.901794856410135,37.795028472872126,-16.439139130047906,9.09980383577972,87.26050080778661,-30.44691112341376,36.19382906191121,31.454059504106105,2008,-30.44691112341376,2009,87.26050080778661,300000.0,160000.0,20,2,No,2008,430719.3537251962,0.0,430719.3537251962,130719.35372519621,10,104,2006,2025,annual_performance_20y_160k_source.csv,"Rank by full $160K withdrawals funded, then total cash delivered, then ending balance; enforce max 10 Top-250 appearances per ticker.",234362.17851231835,159186.8247888381,0.0,0.0,0.0,0.0,0.0,0.0,0.0,0.0,0.0,0.0,0.0,0.0,0.0,0.0,0.0,0.0,0.0,0.0
77,RIO + SCHW + ABT + CSCO,Rebalanced annually,RIO,Basic Materials,Rio Tinto Plc Common Stock,10,SCHW,Finance,Charles Schwab Corporation (The) Common Stock,10,ABT,Health Care,Abbott Laboratories Common Stock,10,CSCO,Telecommunications,Cisco Systems Inc. Common Stock (DE),10,31.863726757203914,4.904046043049378,1.6614693702623524,-6.140341163912291,34.03048774960824,18.58547547367051,22.4475363844064,6.068405024509232,39.82463812716914,15.767737833570461,-5.245029063359187,12.461853951796861,31.1515636458791,21.03870262666662,-12.862984198699092,0.9567050658823684,65.95228252452571,-39.19689480654078,39.65791608771424,34.80412961893914,2008,-39.19689480654078,2009,65.95228252452571,300000.0,160000.0,20,2,No,2008,430261.11035068106,0.0,430261.11035068106,130261.11035068106,10,104,2006,2025,annual_performance_20y_160k_source.csv,"Rank by full $160K withdrawals funded, then total cash delivered, then ending balance; enforce max 10 Top-250 appearances per ticker.",244412.38885681744,181341.2489376319,0.0,0.0,0.0,0.0,0.0,0.0,0.0,0.0,0.0,0.0,0.0,0.0,0.0,0.0,0.0,0.0,0.0,0.0
78,UL + SCHW + MRK + CSCO,Rebalanced annually,UL,Consumer Discretionary,Unilever PLC American Depositary Shares (each representing One Ordinary Share),10,SCHW,Finance,Charles Schwab Corporation (The) Common Stock,10,MRK,Health Care,Merck & Company Inc. Common Stock (new),10,CSCO,Telecommunications,Cisco Systems Inc. Common Stock (DE),10,21.467862194899332,11.201318531435192,-1.4581146379298562,6.062134587142721,25.035272374862714,2.9788462165743907,16.334363709211214,8.93900061242024,25.2811436279563,12.15171232989767,4.08819134589069,16.001315179433973,34.229960618892115,18.56829650130009,-5.081087899493877,-4.934350480572084,33.93619414843305,-39.37133852593945,28.747549739399766,41.551464901626815,2008,-39.37133852593945,2006,41.551464901626815,300000.0,160000.0,20,2,No,2008,429577.8469825125,0.0,429577.8469825125,129577.8469825125,10,104,2006,2025,annual_performance_20y_160k_source.csv,"Rank by full $160K withdrawals funded, then total cash delivered, then ending balance; enforce max 10 Top-250 appearances per ticker.",264654.3947048805,180736.04846017336,0.0,0.0,0.0,0.0,0.0,0.0,0.0,0.0,0.0,0.0,0.0,0.0,0.0,0.0,0.0,0.0,0.0,0.0
79,UL + SCHW + ABT + CSCO,Rebalanced annually,UL,Consumer Discretionary,Unilever PLC American Depositary Shares (each representing One Ordinary Share),10,SCHW,Finance,Charles Schwab Corporation (The) Common Stock,10,ABT,Health Care,Abbott Laboratories Common Stock,10,CSCO,Telecommunications,Cisco Systems Inc. Common Stock (DE),10,22.237638781121078,13.969483340062405,-1.1454355849085922,-11.463671500908445,32.228628963860615,11.790228253099292,16.28653879969265,6.216005120838955,38.65982381080999,5.308004765152723,5.528124912749804,16.78926863190413,33.512425668754084,20.357959751429682,-2.0270597601920093,-7.729533565029461,28.405805400953895,-28.659604878752496,23.91988828393088,37.59815535873034,2008,-28.659604878752496,2017,38.65982381080999,300000.0,160000.0,20,2,No,2008,429338.1586452031,0.0,429338.1586452031,129338.1586452031,10,104,2006,2025,annual_performance_20y_160k_source.csv,"Rank by full $160K withdrawals funded, then total cash delivered, then ending balance; enforce max 10 Top-250 appearances per ticker.",252794.46607619105,153262.6199495755,0.0,0.0,0.0,0.0,0.0,0.0,0.0,0.0,0.0,0.0,0.0,0.0,0.0,0.0,0.0,0.0,0.0,0.0
80,UL + IBN + ABT + CSCO,Rebalanced annually,UL,Consumer Discretionary,Unilever PLC American Depositary Shares (each representing One Ordinary Share),10,IBN,Finance,ICICI Bank Limited Common Stock,10,ABT,Health Care,Abbott Laboratories Common Stock,10,CSCO,Telecommunications,Cisco Systems Inc. Common Stock (DE),10,13.222898323823317,18.25931884938094,5.299110759016937,-8.672873131182273,25.564282006637974,8.017317811121815,23.944287021124573,12.26326863418071,41.879747317485894,-0.528907010457452,-4.737025148141256,26.939072577139054,9.334585493996013,30.007555971911444,-5.522339729920119,3.297232401188036,48.58834184981329,-36.68858413349308,26.155357993869792,41.18569816807787,2008,-36.68858413349308,2009,48.58834184981329,300000.0,160000.0,20,2,No,2008,429206.74511252006,0.0,429206.74511252006,129206.74511252006,10,104,2006,2025,annual_performance_20y_160k_source.csv,"Rank by full $160K withdrawals funded, then total cash delivered, then ending balance; enforce max 10 Top-250 appearances per ticker.",263557.0945042336,172491.39609005762,0.0,0.0,0.0,0.0,0.0,0.0,0.0,0.0,0.0,0.0,0.0,0.0,0.0,0.0,0.0,0.0,0.0,0.0
81,RIO + UL + ABT + CSCO,Rebalanced annually,RIO,Basic Materials,Rio Tinto Plc Common Stock,10,UL,Consumer Discretionary,Unilever PLC American Depositary Shares (each representing One Ordinary Share),10,ABT,Health Care,Abbott Laboratories Common Stock,10,CSCO,Telecommunications,Cisco Systems Inc. Common Stock (DE),10,24.19184723694216,7.838461563909778,5.611496841708966,-6.871540922042573,17.071364303898616,17.453413325939803,21.572425426697027,10.09286019041509,42.084015835761406,9.866211108137,-5.299738491728491,8.647564606887334,12.842089198650987,18.48071059819059,-1.3651284839979452,3.053746917711078,72.46081996650906,-39.27908647099668,39.336675334882536,34.326265025776955,2008,-39.27908647099668,2009,72.46081996650906,300000.0,160000.0,20,2,No,2008,428422.3978208475,0.0,428422.3978208475,128422.39782084752,10,104,2006,2025,annual_performance_20y_160k_source.csv,"Rank by full $160K withdrawals funded, then total cash delivered, then ending balance; enforce max 10 Top-250 appearances per ticker.",242978.7950773309,178558.57482951012,0.0,0.0,0.0,0.0,0.0,0.0,0.0,0.0,0.0,0.0,0.0,0.0,0.0,0.0,0.0,0.0,0.0,0.0
82,AMZN + SAN + ABT + CSCO,Rebalanced annually,AMZN,Consumer Discretionary,Amazon.com Inc. Common Stock,10,SAN,Finance,Banco Santander S.A. Sponsored ADR (Spain),10,ABT,Health Care,Abbott Laboratories Common Stock,10,CSCO,Telecommunications,Cisco Systems Inc. Common Stock (DE),10,53.29288477657085,21.31300440920065,34.656804626999104,-24.845604840766015,22.26694859375651,18.620462503271433,14.152003874251395,11.38893348906573,42.59902953522464,6.401533539685865,20.661199028924646,6.468353442605134,30.804824872023573,25.75959784908543,-3.77731250058552,-5.2685084286375385,75.64752948232791,-34.72526018450543,42.97560015606758,29.206861578514797,2008,-34.72526018450543,2009,75.64752948232791,300000.0,160000.0,20,2,No,2008,427991.76788071205,0.0,427991.76788071205,127991.76788071205,10,104,2006,2025,annual_performance_20y_160k_source.csv,"Rank by full $160K withdrawals funded, then total cash delivered, then ending balance; enforce max 10 Top-250 appearances per ticker.",227620.5847355444,165441.89710439497,0.0,0.0,0.0,0.0,0.0,0.0,0.0,0.0,0.0,0.0,0.0,0.0,0.0,0.0,0.0,0.0,0.0,0.0
83,RIO + UL + IBN + VRTX,Rebalanced annually,RIO,Basic Materials,Rio Tinto Plc Common Stock,10,UL,Consumer Discretionary,Unilever PLC American Depositary Shares (each representing One Ordinary Share),10,IBN,Finance,ICICI Bank Limited Common Stock,10,VRTX,Health Care,Vertex Pharmaceuticals Incorporated Common Stock,10,15.899051091303589,7.7103006037302935,15.399531962367154,14.607932729255076,4.6215367258313345,12.919405033588692,32.383310705058065,2.7674809288347957,58.1231392911496,-1.7840031050887522,-12.228328009344127,26.049913296327027,18.650719671381147,34.167249358827824,-17.481386038395318,13.517015545933315,94.5598368495688,-38.05025623979017,37.80299785097932,33.32282412011371,2008,-38.05025623979017,2009,94.5598368495688,300000.0,160000.0,20,2,No,2008,425738.1450279596,0.0,425738.1450279596,125738.1450279596,10,104,2006,2025,annual_performance_20y_160k_source.csv,"Rank by full $160K withdrawals funded, then total cash delivered, then ending balance; enforce max 10 Top-250 appearances per ticker.",239968.47236034117,170683.74880974885,0.0,0.0,0.0,0.0,0.0,0.0,0.0,0.0,0.0,0.0,0.0,0.0,0.0,0.0,0.0,0.0,0.0,0.0
84,UL + KO + IBN + ABT,Rebalanced annually,UL,Consumer Discretionary,Unilever PLC American Depositary Shares (each representing One Ordinary Share),10,KO,Consumer Staples,Coca-Cola Company (The) Common Stock,10,IBN,Finance,ICICI Bank Limited Common Stock,10,ABT,Health Care,Abbott Laboratories Common Stock,10,8.754475531603534,15.229787199624989,1.8665014119665226,-0.404789808508502,16.967064649086215,9.506218954662707,25.64098809017022,9.813746070898224,37.658196078120184,-4.40159577188518,-3.6069537332296626,21.26162628922258,9.461190744254498,28.738078235270738,-0.753381042802916,11.926515531505002,44.44513637259499,-32.7668910776922,34.00675964045092,32.05237209526638,2008,-32.7668910776922,2009,44.44513637259499,300000.0,160000.0,20,2,No,2008,425197.2918306499,0.0,425197.2918306499,125197.29183064989,10,104,2006,2025,annual_performance_20y_160k_source.csv,"Rank by full $160K withdrawals funded, then total cash delivered, then ending balance; enforce max 10 Top-250 appearances per ticker.",236157.1162857992,156466.49919493112,0.0,0.0,0.0,0.0,0.0,0.0,0.0,0.0,0.0,0.0,0.0,0.0,0.0,0.0,0.0,0.0,0.0,0.0
85,UL + KO + IBN + MRK,Rebalanced annually,UL,Consumer Discretionary,Unilever PLC American Depositary Shares (each representing One Ordinary Share),10,KO,Consumer Staples,Coca-Cola Company (The) Common Stock,10,IBN,Finance,ICICI Bank Limited Common Stock,10,MRK,Health Care,Merck & Company Inc. Common Stock (new),10,7.9846989453817905,12.461622390997775,1.5538223589452584,17.121016279542665,9.773708060088314,0.694836918137806,25.688812999688786,12.536741562479511,24.279515895266496,2.442111792859767,-5.046887300088777,20.47367283675242,10.17872569439253,26.948414985141145,-3.8074091821047835,14.72169861596238,49.97552512007415,-43.478624724879154,38.83442109591981,36.00568163816286,2008,-43.478624724879154,2009,49.97552512007415,300000.0,160000.0,20,2,No,2008,424187.5628093104,0.0,424187.5628093104,124187.56280931039,10,104,2006,2025,annual_performance_20y_160k_source.csv,"Rank by full $160K withdrawals funded, then total cash delivered, then ending balance; enforce max 10 Top-250 appearances per ticker.",248017.04491448862,184333.0285262377,0.0,0.0,0.0,0.0,0.0,0.0,0.0,0.0,0.0,0.0,0.0,0.0,0.0,0.0,0.0,0.0,0.0,0.0
86,UL + IBN + MRK + UNP,Rebalanced annually,UL,Consumer Discretionary,Unilever PLC American Depositary Shares (each representing One Ordinary Share),10,IBN,Finance,ICICI Bank Limited Common Stock,10,MRK,Health Care,Merck & Company Inc. Common Stock (new),10,UNP,Industrials,Union Pacific Corporation Common Stock,10,5.0494080173719915,8.966638146632175,8.064601359848085,10.485185210160386,12.758932016232663,4.486309466170949,28.9639283605936,12.158900357039473,28.75926740253792,11.526080047167046,-14.540727470175069,30.270191311342337,14.939234566012104,30.62140150981358,-1.9999861920545223,21.864638576954974,51.535014184560254,-43.1369676942239,40.8027058560005,34.195914319292086,2008,-43.1369676942239,2009,51.535014184560254,300000.0,160000.0,20,2,No,2008,423246.26812321594,0.0,423246.26812321594,123246.26812321594,10,104,2006,2025,annual_performance_20y_160k_source.csv,"Rank by full $160K withdrawals funded, then total cash delivered, then ending balance; enforce max 10 Top-250 appearances per ticker.",242587.74295787624,181570.10615968902,0.0,0.0,0.0,0.0,0.0,0.0,0.0,0.0,0.0,0.0,0.0,0.0,0.0,0.0,0.0,0.0,0.0,0.0
87,RIO + KO + IBN + VRTX,Rebalanced annually,RIO,Basic Materials,Rio Tinto Plc Common Stock,10,KO,Consumer Staples,Coca-Cola Company (The) Common Stock,10,IBN,Finance,ICICI Bank Limited Common Stock,10,VRTX,Health Care,Vertex Pharmaceuticals Incorporated Common Stock,10,18.30879188131493,4.703758133355742,14.333170159551855,17.964686056062927,9.366098521751683,11.27689709747268,34.31404905141995,5.044806023542831,51.671124863685435,-1.2248900328623336,-13.368662174406976,26.88637895381452,20.442902270943378,30.886749766520868,-18.33225061283191,18.11754329293668,91.10853995880807,-34.988012073965656,35.75374156391344,31.351541885331347,2008,-34.988012073965656,2009,91.10853995880807,300000.0,160000.0,20,2,No,2008,422548.5520645996,0.0,422548.5520645996,122548.55206459959,10,104,2006,2025,annual_performance_20y_160k_source.csv,"Rank by full $160K withdrawals funded, then total cash delivered, then ending balance; enforce max 10 Top-250 appearances per ticker.",234054.62565599405,157737.91163142322,0.0,0.0,0.0,0.0,0.0,0.0,0.0,0.0,0.0,0.0,0.0,0.0,0.0,0.0,0.0,0.0,0.0,0.0
88,RIO + AMZN + GS + VRTX,Rebalanced annually,RIO,Basic Materials,Rio Tinto Plc Common Stock,10,AMZN,Consumer Discretionary,Amazon.com Inc. Common Stock,10,GS,Finance,Goldman Sachs Group Inc. (The) Common Stock,10,VRTX,Health Care,Vertex Pharmaceuticals Incorporated Common Stock,10,29.723271779803056,20.009001560749624,37.18617898568151,-1.8769068302727012,10.62665802252042,34.46811250485013,33.28890167961595,0.6391931178620887,52.99012292404456,10.915320530968852,21.129901509009734,8.27777386372596,44.426048502638764,34.21480263169503,-21.277039401537973,12.866182680119326,125.05225538624894,-38.195694094751495,51.760994680074084,24.033459463905036,2008,-38.195694094751495,2009,125.05225538624894,300000.0,160000.0,20,2,No,2008,420052.2986143352,0.0,420052.2986143352,120052.29861433519,10,104,2006,2025,annual_performance_20y_160k_source.csv,"Rank by full $160K withdrawals funded, then total cash delivered, then ending balance; enforce max 10 Top-250 appearances per ticker.",212100.37839171506,161885.64396746765,0.0,0.0,0.0,0.0,0.0,0.0,0.0,0.0,0.0,0.0,0.0,0.0,0.0,0.0,0.0,0.0,0.0,0.0
89,AMZN + KO + SAN + MRK,Rebalanced annually,AMZN,Consumer Discretionary,Amazon.com Inc. Common Stock,10,KO,Consumer Staples,Coca-Cola Company (The) Common Stock,10,SAN,Finance,Banco Santander S.A. Sponsored ADR (Spain),10,MRK,Health Care,Merck & Company Inc. Common Stock (new),10,48.05468539812932,15.515307950817487,30.911516226927425,0.9482845699589202,6.476374647206845,11.297981610287422,15.896529852815608,11.662406417364531,24.998798113005236,9.372552343003083,20.351336876977125,0.0029537022184999984,31.64896507242009,22.700456862315132,-2.062381952770184,6.155957786136805,77.03471275258876,-41.515300775891504,55.65466325811759,24.026845048599792,2008,-41.515300775891504,2009,77.03471275258876,300000.0,160000.0,20,2,No,2008,419490.21840202133,0.0,419490.21840202133,119490.21840202133,10,104,2006,2025,annual_performance_20y_160k_source.csv,"Rank by full $160K withdrawals funded, then total cash delivered, then ending balance; enforce max 10 Top-250 appearances per ticker.",212080.5351457994,170113.24281720776,0.0,0.0,0.0,0.0,0.0,0.0,0.0,0.0,0.0,0.0,0.0,0.0,0.0,0.0,0.0,0.0,0.0,0.0
90,AMZN + KO + GS + MRK,Rebalanced annually,AMZN,Consumer Discretionary,Amazon.com Inc. Common Stock,10,KO,Consumer Staples,Coca-Cola Company (The) Common Stock,10,GS,Finance,Goldman Sachs Group Inc. (The) Common Stock,10,MRK,Health Care,Merck & Company Inc. Common Stock (new),10,21.80891963388126,24.760323348017106,23.340469382259613,0.6361767200148858,15.778829356777397,22.243544389399243,26.59440397424667,10.408453751506805,19.146499528161463,15.141435428917372,28.311342218265086,2.701533404151354,35.95405452565014,26.99596825800835,-7.603062545247435,14.070865750148386,80.46794365675429,-43.624062579840476,52.792417925014576,26.71631698195419,2008,-43.624062579840476,2009,80.46794365675429,300000.0,160000.0,20,2,No,2008,419430.75113544415,0.0,419430.75113544415,119430.75113544415,10,104,2006,2025,annual_performance_20y_160k_source.csv,"Rank by full $160K withdrawals funded, then total cash delivered, then ending balance; enforce max 10 Top-250 appearances per ticker.",220148.95094586263,176370.90518673777,0.0,0.0,0.0,0.0,0.0,0.0,0.0,0.0,0.0,0.0,0.0,0.0,0.0,0.0,0.0,0.0,0.0,0.0
91,RIO + AMZN + SAN + VRTX,Rebalanced annually,RIO,Basic Materials,Rio Tinto Plc Common Stock,10,AMZN,Consumer Discretionary,Amazon.com Inc. Common Stock,10,SAN,Finance,Banco Santander S.A. Sponsored ADR (Spain),10,VRTX,Health Care,Vertex Pharmaceuticals Incorporated Common Stock,10,55.969037544051126,10.763986163550005,44.75722583034932,-1.5647989803286668,1.3242033129498678,23.52254972573831,22.59102755818489,1.893145783719815,58.842421508888336,5.1464374450545645,13.169896167721774,5.579194161793106,40.12095904940871,29.91929123600181,-15.736358809060718,4.951274716107743,121.61902448208342,-36.08693229080252,54.62324001317709,21.34398753055064,2008,-36.08693229080252,2009,121.61902448208342,300000.0,160000.0,20,2,No,2008,419372.56893353903,0.0,419372.56893353903,119372.56893353903,10,104,2006,2025,annual_performance_20y_160k_source.csv,"Rank by full $160K withdrawals funded, then total cash delivered, then ending balance; enforce max 10 Top-250 appearances per ticker.",204031.96259165194,155480.8312216857,0.0,0.0,0.0,0.0,0.0,0.0,0.0,0.0,0.0,0.0,0.0,0.0,0.0,0.0,0.0,0.0,0.0,0.0
92,RIO + SAN + VRTX + CRM,Rebalanced annually,RIO,Basic Materials,Rio Tinto Plc Common Stock,10,SAN,Finance,Banco Santander S.A. Sponsored ADR (Spain),10,VRTX,Health Care,Vertex Pharmaceuticals Incorporated Common Stock,10,CRM,Technology,Salesforce Inc. Common Stock,10,49.6049040217338,6.606767897456175,49.15236540998522,-1.1174759967924839,4.280091003146935,13.66444559466942,21.5194278860659,3.2807678956840522,57.185349718213935,-0.7596006511154401,-8.229181968442763,12.989750376024983,33.21190068675904,35.107606836816956,-20.562113630563026,16.232624279115747,113.65270909033904,-37.1602520810368,38.92815177348214,28.853539362391732,2008,-37.1602520810368,2009,113.65270909033904,300000.0,160000.0,20,2,No,2008,417248.5815150009,0.0,417248.5815150009,117248.5815150009,10,104,2006,2025,annual_performance_20y_160k_source.csv,"Rank by full $160K withdrawals funded, then total cash delivered, then ending balance; enforce max 10 Top-250 appearances per ticker.",226560.61808717524,154756.47935509006,0.0,0.0,0.0,0.0,0.0,0.0,0.0,0.0,0.0,0.0,0.0,0.0,0.0,0.0,0.0,0.0,0.0,0.0
93,RIO + KO + SAN + VRTX,Rebalanced annually,RIO,Basic Materials,Rio Tinto Plc Common Stock,10,KO,Consumer Staples,Coca-Cola Company (The) Common Stock,10,SAN,Finance,Banco Santander S.A. Sponsored ADR (Spain),10,VRTX,Health Care,Vertex Pharmaceuticals Incorporated Common Stock,10,58.566570617594984,1.8852330788229088,23.42835687908716,13.491398790294838,3.573122251153211,5.0758242819094175,21.98394568228561,-3.521405804951381,48.44885344668661,2.3207700314734403,-14.990926175608333,12.439983192310759,29.688505836120683,20.319247798747362,-12.413369114891426,1.2540201590392677,88.61249509599062,-30.95019220354249,28.54446677774896,31.1975394895962,2008,-30.95019220354249,2009,88.61249509599062,300000.0,160000.0,20,2,No,2008,416856.43181986205,0.0,416856.43181986205,116856.43181986205,10,104,2006,2025,annual_performance_20y_160k_source.csv,"Rank by full $160K withdrawals funded, then total cash delivered, then ending balance; enforce max 10 Top-250 appearances per ticker.",233592.61846878863,140270.38584288588,0.0,0.0,0.0,0.0,0.0,0.0,0.0,0.0,0.0,0.0,0.0,0.0,0.0,0.0,0.0,0.0,0.0,0.0
94,RIO + GS + VRTX + CRM,Rebalanced annually,RIO,Basic Materials,Rio Tinto Plc Common Stock,10,GS,Finance,Goldman Sachs Group Inc. (The) Common Stock,10,VRTX,Health Care,Vertex Pharmaceuticals Incorporated Common Stock,10,CRM,Technology,Salesforce Inc. Common Stock,10,23.359138257485736,15.851783294655792,41.5813185653174,-1.4295838467365183,13.582545712717488,24.61000837378124,32.21730200749696,2.026815229826326,51.33305113337016,5.009282434798848,-0.26917662715480084,15.688330077957836,37.51699013998909,39.40311823251017,-26.10279422304028,24.147532243127326,117.08593999450457,-39.269013884985775,36.06590644037914,31.54301129574613,2008,-39.269013884985775,2009,117.08593999450457,300000.0,160000.0,20,2,No,2008,416714.1693165818,0.0,416714.1693165818,116714.1693165818,10,104,2006,2025,annual_performance_20y_160k_source.csv,"Rank by full $160K withdrawals funded, then total cash delivered, then ending balance; enforce max 10 Top-250 appearances per ticker.",234629.03388723836,159250.12173097517,0.0,0.0,0.0,0.0,0.0,0.0,0.0,0.0,0.0,0.0,0.0,0.0,0.0,0.0,0.0,0.0,0.0,0.0
95,LIN + GS + VRTX + CRM,Rebalanced annually,LIN,Basic Materials,Linde plc Ordinary Shares,10,GS,Finance,Goldman Sachs Group Inc. (The) Common Stock,10,VRTX,Health Care,Vertex Pharmaceuticals Incorporated Common Stock,10,CRM,Technology,Salesforce Inc. Common Stock,10,13.0465953494142,20.486657335239883,45.7308925786312,-7.146975657519556,22.02980345438158,22.024697545247584,32.59767650182399,3.5112726742563583,48.9064031889078,-0.4252250103064328,3.3355768319608288,19.944707127799692,42.676101228953954,34.94527040084536,-14.921803626888096,20.675026417366276,78.11170554222159,-27.58337110522902,23.67852803963614,30.088687842725992,2008,-27.58337110522902,2009,78.11170554222159,300000.0,160000.0,20,2,No,2008,410368.4779774707,0.0,410368.4779774707,110368.47797747073,10,104,2006,2025,annual_performance_20y_160k_source.csv,"Rank by full $160K withdrawals funded, then total cash delivered, then ending balance; enforce max 10 Top-250 appearances per ticker.",230266.06352817803,124789.67794646404,0.0,0.0,0.0,0.0,0.0,0.0,0.0,0.0,0.0,0.0,0.0,0.0,0.0,0.0,0.0,0.0,0.0,0.0
96,DIS + KO + SAN + CRM,Rebalanced annually,DIS,Consumer Discretionary,Walt Disney Company (The) Common Stock,10,KO,Consumer Staples,Coca-Cola Company (The) Common Stock,10,SAN,Finance,Banco Santander S.A. Sponsored ADR (Spain),10,CRM,Technology,Salesforce Inc. Common Stock,10,40.0693575674906,19.033795518961554,36.12010305859066,-21.93688020266298,5.365938071835826,9.558922300241036,17.635440443035918,3.963509048406568,24.903406793946825,-0.12904259148435937,3.1567323519819617,9.393627473540148,31.867904096231236,33.307723798382284,-8.865132578484086,21.104913332382065,73.33628631470597,-38.419303065181694,29.74950184665584,31.933401030806426,2008,-38.419303065181694,2009,73.33628631470597,300000.0,160000.0,20,2,No,2008,409876.7739970719,0.0,409876.7739970719,109876.7739970719,10,104,2006,2025,annual_performance_20y_160k_source.csv,"Rank by full $160K withdrawals funded, then total cash delivered, then ending balance; enforce max 10 Top-250 appearances per ticker.",235800.20309241925,145949.5888658167,0.0,0.0,0.0,0.0,0.0,0.0,0.0,0.0,0.0,0.0,0.0,0.0,0.0,0.0,0.0,0.0,0.0,0.0
97,KO + SAN + GD + CRM,Rebalanced annually,KO,Consumer Staples,Coca-Cola Company (The) Common Stock,10,SAN,Finance,Banco Santander S.A. Sponsored ADR (Spain),10,GD,Industrials,General Dynamics Corporation Common Stock,10,CRM,Technology,Salesforce Inc. Common Stock,10,46.842027767315,13.803534872518007,36.83565309133154,-5.537683685254719,19.93729625758902,-0.04394556563078034,12.955858368738925,-2.2736722828537044,28.676980695939392,6.817031900864372,0.36655069597726886,14.995526835808112,28.279098728247348,26.660213948224122,-10.24349546311322,18.380584474767797,67.80259550017078,-39.79767751354546,35.95950915891067,28.910101809985456,2008,-39.79767751354546,2009,67.80259550017078,300000.0,160000.0,20,2,No,2008,409256.812398168,0.0,409256.812398168,109256.81239816803,10,104,2006,2025,annual_performance_20y_160k_source.csv,"Rank by full $160K withdrawals funded, then total cash delivered, then ending balance; enforce max 10 Top-250 appearances per ticker.",226730.30542995635,148261.41037706763,0.0,0.0,0.0,0.0,0.0,0.0,0.0,0.0,0.0,0.0,0.0,0.0,0.0,0.0,0.0,0.0,0.0,0.0
98,LIN + DIS + SAN + CRM,Rebalanced annually,LIN,Basic Materials,Linde plc Ordinary Shares,10,DIS,Consumer Discretionary,Walt Disney Company (The) Common Stock,10,SAN,Finance,Banco Santander S.A. Sponsored ADR (Spain),10,CRM,Technology,Salesforce Inc. Common Stock,10,36.973161845490566,17.60977473290717,44.1429438298907,-25.687695003257716,10.8704928033272,15.41136662839461,22.246074175714817,3.023041301798842,30.093587593307774,4.337069959601678,-2.8713339999485505,8.486124185787238,32.873970562758885,32.811118434261374,-7.669201846402402,21.71811839052948,75.35982587675554,-40.33319437903775,35.149407536762084,29.65633407277745,2008,-40.33319437903775,2009,75.35982587675554,300000.0,160000.0,20,2,No,2008,409172.1901322861,0.0,409172.1901322861,109172.19013228611,10,104,2006,2025,annual_performance_20y_160k_source.csv,"Rank by full $160K withdrawals funded, then total cash delivered, then ending balance; enforce max 10 Top-250 appearances per ticker.",228969.00221833237,149450.24994091183,0.0,0.0,0.0,0.0,0.0,0.0,0.0,0.0,0.0,0.0,0.0,0.0,0.0,0.0,0.0,0.0,0.0,0.0
99,DIS + KO + GS + CRM,Rebalanced annually,DIS,Consumer Discretionary,Walt Disney Company (The) Common Stock,10,KO,Consumer Staples,Coca-Cola Company (The) Common Stock,10,GS,Finance,Goldman Sachs Group Inc. (The) Common Stock,10,CRM,Technology,Salesforce Inc. Common Stock,10,13.823591803242532,28.278810916161174,28.549056213922846,-22.248988052607015,14.668392781406379,20.504485079352854,28.33331456446698,2.7095563825488416,19.051108209103052,5.639840494429929,11.116737693269924,12.092207175473002,36.17299354946129,37.60323519407551,-14.405813170961338,29.019821296393644,76.7695172188715,-40.528064869130674,26.88725651355283,34.62287296416083,2008,-40.528064869130674,2009,76.7695172188715,300000.0,160000.0,20,2,No,2008,408873.7893707828,0.0,408873.7893707828,108873.78937078279,10,104,2006,2025,annual_performance_20y_160k_source.csv,"Rank by full $160K withdrawals funded, then total cash delivered, then ending balance; enforce max 10 Top-250 appearances per ticker.",243868.61889248248,149438.20001016284,0.0,0.0,0.0,0.0,0.0,0.0,0.0,0.0,0.0,0.0,0.0,0.0,0.0,0.0,0.0,0.0,0.0,0.0
100,LIN + KO + GS + CRM,Rebalanced annually,LIN,Basic Materials,Linde plc Ordinary Shares,10,KO,Consumer Staples,Coca-Cola Company (The) Common Stock,10,GS,Finance,Goldman Sachs Group Inc. (The) Common Stock,10,CRM,Technology,Salesforce Inc. Common Stock,10,13.80158503020948,22.96347513781865,34.397349334699555,-12.37026358577842,26.643669724712574,20.65637416265555,29.71542952214466,2.560507950885868,26.64675995930108,9.848689694970105,3.1411624540033705,6.28814236791711,27.652609702633434,30.035468454579714,-11.258261511762282,29.992474505376077,75.42461550754658,-41.30290779244082,40.77232364777184,27.05564926797658,2008,-41.30290779244082,2009,75.42461550754658,300000.0,160000.0,20,2,No,2008,408833.26616141055,0.0,408833.26616141055,108833.26616141055,10,104,2006,2025,annual_performance_20y_160k_source.csv,"Rank by full $160K withdrawals funded, then total cash delivered, then ending balance; enforce max 10 Top-250 appearances per ticker.",221166.94780392974,151341.85156444658,0.0,0.0,0.0,0.0,0.0,0.0,0.0,0.0,0.0,0.0,0.0,0.0,0.0,0.0,0.0,0.0,0.0,0.0
101,DIS + SAN + UNP + CRM,Rebalanced annually,DIS,Consumer Discretionary,Walt Disney Company (The) Common Stock,10,SAN,Finance,Banco Santander S.A. Sponsored ADR (Spain),10,UNP,Industrials,Union Pacific Corporation Common Stock,10,CRM,Technology,Salesforce Inc. Common Stock,10,37.13406663948079,15.538811274595954,42.63088205949349,-28.57271127204526,8.351162027980177,13.35039484827418,20.91055580394073,3.5856678429665294,29.383158301218245,8.95492566282292,-6.3371078181043305,19.190145948130063,36.628412967850814,36.98071032305472,-7.057709588433825,28.24785329337466,74.89577537919206,-38.07764603452643,31.71778660673654,30.123633711935646,2008,-38.07764603452643,2009,74.89577537919206,300000.0,160000.0,20,2,No,2008,408821.08517009346,0.0,408821.08517009346,108821.08517009346,10,104,2006,2025,annual_performance_20y_160k_source.csv,"Rank by full $160K withdrawals funded, then total cash delivered, then ending balance; enforce max 10 Top-250 appearances per ticker.",230370.90113580693,143439.45196207816,0.0,0.0,0.0,0.0,0.0,0.0,0.0,0.0,0.0,0.0,0.0,0.0,0.0,0.0,0.0,0.0,0.0,0.0
102,LIN + DIS + GS + CRM,Rebalanced annually,LIN,Basic Materials,Linde plc Ordinary Shares,10,DIS,Consumer Discretionary,Walt Disney Company (The) Common Stock,10,GS,Finance,Goldman Sachs Group Inc. (The) Common Stock,10,CRM,Technology,Salesforce Inc. Common Stock,10,10.72739608124249,26.85479013010679,36.571896985222885,-25.99980285320175,20.17294751289775,26.356929407506428,32.94394829714588,1.7690886359411158,24.241289008464,10.105953045515967,5.088671341339412,11.184703887720094,37.179060015988945,37.1066298299546,-13.209882438879653,29.63302635454106,78.79305678092106,-42.44195618298672,32.28716220365908,32.34580600613185,2008,-42.44195618298672,2009,78.79305678092106,300000.0,160000.0,20,2,No,2008,408391.93028552306,0.0,408391.93028552306,108391.93028552306,10,104,2006,2025,annual_performance_20y_160k_source.csv,"Rank by full $160K withdrawals funded, then total cash delivered, then ending balance; enforce max 10 Top-250 appearances per ticker.",237037.4180183956,153570.0736573604,0.0,0.0,0.0,0.0,0.0,0.0,0.0,0.0,0.0,0.0,0.0,0.0,0.0,0.0,0.0,0.0,0.0,0.0
103,LIN + DIS + SAN + UNP,Rebalanced annually,LIN,Basic Materials,Linde plc Ordinary Shares,10,DIS,Consumer Discretionary,Walt Disney Company (The) Common Stock,10,SAN,Finance,Banco Santander S.A. Sponsored ADR (Spain),10,UNP,Industrials,Union Pacific Corporation Common Stock,10,42.99953751334194,9.393255669908303,24.929714299895466,-17.714651285552673,13.148748007477826,10.61421786366775,25.98570733283934,-4.156973604276629,25.83684282905188,16.501408896497836,-19.12691837720041,17.732875476662933,34.1110845837401,21.69574592086422,2.286965659319459,13.882454231445596,51.87910094689322,-33.781477470888184,26.734007301109596,30.190566881111142,2008,-33.781477470888184,2009,51.87910094689322,300000.0,160000.0,20,2,No,2008,407549.3335702872,0.0,407549.3335702872,107549.33357028721,10,104,2006,2025,annual_performance_20y_160k_source.csv,"Rank by full $160K withdrawals funded, then total cash delivered, then ending balance; enforce max 10 Top-250 appearances per ticker.",230571.70064333343,132212.75592761475,0.0,0.0,0.0,0.0,0.0,0.0,0.0,0.0,0.0,0.0,0.0,0.0,0.0,0.0,0.0,0.0,0.0,0.0
104,LIN + DIS + GS + UNP,Rebalanced annually,LIN,Basic Materials,Linde plc Ordinary Shares,10,DIS,Consumer Discretionary,Walt Disney Company (The) Common Stock,10,GS,Finance,Goldman Sachs Group Inc. (The) Common Stock,10,UNP,Industrials,Union Pacific Corporation Common Stock,10,16.753771749093872,18.638271067107922,17.358667455227653,-18.026759135496707,22.451202717048375,21.55978064277957,36.6835814542704,-5.410926270134356,19.98454424420811,22.270291982412125,-11.16691303591245,20.431455178595787,38.41617403697016,25.991257316557437,-3.2537149331577924,21.797362195457175,55.312331851058744,-35.89023927483716,23.871761968006588,32.88003881446554,2008,-35.89023927483716,2009,55.312331851058744,300000.0,160000.0,20,2,No,2008,406937.78289415734,0.0,406937.78289415734,106937.78289415734,10,104,2006,2025,annual_performance_20y_160k_source.csv,"Rank by full $160K withdrawals funded, then total cash delivered, then ending balance; enforce max 10 Top-250 appearances per ticker.",238640.11644339666,135607.71700093802,0.0,0.0,0.0,0.0,0.0,0.0,0.0,0.0,0.0,0.0,0.0,0.0,0.0,0.0,0.0,0.0,0.0,0.0
105,LIN + DIS + GS + GD,Rebalanced annually,LIN,Basic Materials,Linde plc Ordinary Shares,10,DIS,Consumer Discretionary,Walt Disney Company (The) Common Stock,10,GS,Finance,Goldman Sachs Group Inc. (The) Common Stock,10,GD,Industrials,General Dynamics Corporation Common Stock,10,23.38754392796108,20.794309657318113,13.737986137589036,-8.621270816129499,27.566614734842403,13.86599547372549,31.957402794069814,-12.061685710899344,16.87289568809218,20.38966157099944,-2.5157456344948095,21.133397586076818,39.59331011072221,22.741922317101714,-8.391121734954558,11.570645226015296,51.587593245411945,-38.74931914440208,19.628323076067954,36.95666365067061,2008,-38.74931914440208,2009,51.587593245411945,300000.0,160000.0,20,2,No,2008,405819.2864645692,0.0,405819.2864645692,105819.28646456922,10,104,2006,2025,annual_performance_20y_160k_source.csv,"Rank by full $160K withdrawals funded, then total cash delivered, then ending balance; enforce max 10 Top-250 appearances per ticker.",250869.99095201184,140111.56327697518,0.0,0.0,0.0,0.0,0.0,0.0,0.0,0.0,0.0,0.0,0.0,0.0,0.0,0.0,0.0,0.0,0.0,0.0
106,LIN + ACN + GS + UNP,Rebalanced annually,LIN,Basic Materials,Linde plc Ordinary Shares,10,ACN,Consumer Discretionary,Accenture plc Class A Ordinary Shares (Ireland),10,GS,Finance,Goldman Sachs Group Inc. (The) Common Stock,10,UNP,Industrials,Union Pacific Corporation Common Stock,10,10.266941216211228,12.993162973317506,24.69153681379599,-15.737930574905098,41.245157606600834,21.752033569536408,41.10860696705509,-7.870056684579469,27.12848042157238,25.690234976773212,-9.516845150766285,17.07366295839222,31.237431898948408,24.225479532571143,-0.6685499141234512,22.161858949836788,51.62371432124526,-30.612507557682065,24.39109049437933,29.148298709047925,2008,-30.612507557682065,2009,51.62371432124526,300000.0,160000.0,20,2,No,2008,405291.9290387423,0.0,405291.9290387423,105291.92903874232,10,104,2006,2025,annual_performance_20y_160k_source.csv,"Rank by full $160K withdrawals funded, then total cash delivered, then ending balance; enforce max 10 Top-250 appearances per ticker.",227444.89612714382,122921.1865663625,0.0,0.0,0.0,0.0,0.0,0.0,0.0,0.0,0.0,0.0,0.0,0.0,0.0,0.0,0.0,0.0,0.0,0.0
107,LIN + DIS + CME + UNP,Rebalanced annually,LIN,Basic Materials,Linde plc Ordinary Shares,10,DIS,Consumer Discretionary,Walt Disney Company (The) Common Stock,10,CME,Finance,CME Group Inc. Class A Common Stock,10,UNP,Industrials,Union Pacific Corporation Common Stock,10,7.551997983259556,9.483202297189564,21.21210414356305,-21.781074726696808,17.9158314674904,15.610375029140897,28.98036435323978,11.006703208023106,26.137313000074247,22.022148680420308,-7.8067304072703845,22.318739225786047,44.219450471972216,17.990788459168968,2.4842207883926166,20.982966887451834,45.74959723979734,-37.99206963963492,30.566074871161614,28.400933795310888,2008,-37.99206963963492,2009,45.74959723979734,300000.0,160000.0,20,2,No,2008,403114.47385986487,0.0,403114.47385986487,103114.47385986487,10,104,2006,2025,annual_performance_20y_160k_source.csv,"Rank by full $160K withdrawals funded, then total cash delivered, then ending balance; enforce max 10 Top-250 appearances per ticker.",225202.80138593266,134038.45826951019,0.0,0.0,0.0,0.0,0.0,0.0,0.0,0.0,0.0,0.0,0.0,0.0,0.0,0.0,0.0,0.0,0.0,0.0
108,LIN + DIS + CME + GD,Rebalanced annually,LIN,Basic Materials,Linde plc Ordinary Shares,10,DIS,Consumer Discretionary,Walt Disney Company (The) Common Stock,10,CME,Finance,CME Group Inc. Class A Common Stock,10,GD,Industrials,General Dynamics Corporation Common Stock,10,14.185770162126765,11.639240887399755,17.591422825924433,-12.3755864073296,23.03124348528442,7.916589860086818,24.254185693039194,4.35594376725812,23.025664443958316,20.141518269007623,0.8444369941472574,23.020681633267078,45.39658654572426,14.741453459713245,-2.6531860134041483,10.756249918009955,42.02485863415055,-40.85114950919984,26.32263597922298,32.47755863151596,2008,-40.85114950919984,2013,45.39658654572426,300000.0,160000.0,20,2,No,2008,402767.7050710495,0.0,402767.7050710495,102767.70507104951,10,104,2006,2025,annual_performance_20y_160k_source.csv,"Rank by full $160K withdrawals funded, then total cash delivered, then ending balance; enforce max 10 Top-250 appearances per ticker.",237432.6758945479,139931.21486599802,0.0,0.0,0.0,0.0,0.0,0.0,0.0,0.0,0.0,0.0,0.0,0.0,0.0,0.0,0.0,0.0,0.0,0.0
109,ACN + CME + UNP + BN,Rebalanced annually,ACN,Consumer Discretionary,Accenture plc Class A Ordinary Shares (Ireland),10,CME,Finance,CME Group Inc. Class A Common Stock,10,UNP,Industrials,Union Pacific Corporation Common Stock,10,BN,Real Estate,Brookfield Corporation Class A Limited Voting Shares,10,5.396087900257895,14.087413805874165,28.780721095848314,-27.049436869272377,40.56863551453027,11.456843324915376,36.81392615333549,5.1315488809541785,32.94882529290704,23.077719521143013,-2.499361100656855,26.332892352226416,34.63154200910476,28.182203258614145,-2.5138534675662454,29.298633541309208,44.85783336959767,-38.86142832762245,21.19168665456242,32.57218911617767,2008,-38.86142832762245,2009,44.85783336959767,300000.0,160000.0,20,2,No,2008,398314.0578512122,0.0,398314.0578512122,98314.05785121222,10,104,2006,2025,annual_performance_20y_160k_source.csv,"Rank by full $160K withdrawals funded, then total cash delivered, then ending balance; enforce max 10 Top-250 appearances per ticker.",237716.56734853302,128092.71742701594,0.0,0.0,0.0,0.0,0.0,0.0,0.0,0.0,0.0,0.0,0.0,0.0,0.0,0.0,0.0,0.0,0.0,0.0
110,ACN + CME + SYK + UNP,Rebalanced annually,ACN,Consumer Discretionary,Accenture plc Class A Ordinary Shares (Ireland),10,CME,Finance,CME Group Inc. Class A Common Stock,10,SYK,Health Care,Stryker Corporation Common Stock,10,UNP,Industrials,Union Pacific Corporation Common Stock,10,-0.10870211952614983,8.378288033379594,27.580708472050148,-20.248569994602047,30.918266577979495,13.87466502391184,32.47710359314177,8.403399862042574,32.20494052799994,28.737385746005465,-1.4101977186956214,25.404268548591,41.549940250792986,18.116234104353346,-0.022069841433219217,17.95363422695839,39.14065457951223,-36.27349376386644,27.114665536404704,27.30378349565175,2008,-36.27349376386644,2013,41.549940250792986,300000.0,160000.0,20,2,No,2008,397798.51110975584,0.0,397798.51110975584,97798.51110975584,10,104,2006,2025,annual_performance_20y_160k_source.csv,"Rank by full $160K withdrawals funded, then total cash delivered, then ending balance; enforce max 10 Top-250 appearances per ticker.",221911.35048695526,122081.87095881195,0.0,0.0,0.0,0.0,0.0,0.0,0.0,0.0,0.0,0.0,0.0,0.0,0.0,0.0,0.0,0.0,0.0,0.0
111,FCX + ACN + GD + BN,Rebalanced annually,FCX,Basic Materials,Freeport-McMoRan Inc. Common Stock,10,ACN,Consumer Discretionary,Accenture plc Class A Ordinary Shares (Ireland),10,GD,Industrials,General Dynamics Corporation Common Stock,10,BN,Real Estate,Brookfield Corporation Class A Limited Voting Shares,10,15.924892830169851,10.037494045181058,20.7517010160707,-13.757773764110356,53.66912538220702,30.11372605934149,37.0681852263041,-20.832076982150532,32.68721184393264,36.42198603009199,-13.295540409209027,13.498461290721679,24.794384315491364,21.082849318482456,-11.20204678745897,32.91468416894972,82.1884528096878,-43.39375700300239,29.82428518189569,29.66912239705003,2008,-43.39375700300239,2009,82.1884528096878,300000.0,160000.0,20,2,No,2008,397724.43453086796,0.0,397724.43453086796,97724.43453086796,10,104,2006,2025,annual_performance_20y_160k_source.csv,"Rank by full $160K withdrawals funded, then total cash delivered, then ending balance; enforce max 10 Top-250 appearances per ticker.",229007.36719115014,137307.17746978975,0.0,0.0,0.0,0.0,0.0,0.0,0.0,0.0,0.0,0.0,0.0,0.0,0.0,0.0,0.0,0.0,0.0,0.0
112,ACN + CME + SYK + GD,Rebalanced annually,ACN,Consumer Discretionary,Accenture plc Class A Ordinary Shares (Ireland),10,CME,Finance,CME Group Inc. Class A Common Stock,10,SYK,Health Care,Stryker Corporation Common Stock,10,GD,Industrials,General Dynamics Corporation Common Stock,10,6.5250700593410595,10.534326623589784,23.960027154411527,-10.843081675234838,36.033678595773516,6.180879854857761,27.750924932941185,1.7526404212775875,29.093291971884003,26.85675533459278,7.24096968272202,26.10621095607203,42.72707632454503,14.866899104897623,-5.159476643229985,7.726917257516511,35.41591597386544,-39.13257363343137,22.87122664446607,31.380408331856824,2008,-39.13257363343137,2013,42.72707632454503,300000.0,160000.0,20,2,No,2008,397722.9529089585,0.0,397722.9529089585,97722.95290895848,10,104,2006,2025,annual_performance_20y_160k_source.csv,"Rank by full $160K withdrawals funded, then total cash delivered, then ending balance; enforce max 10 Top-250 appearances per ticker.",234141.2249955705,127692.1952324367,0.0,0.0,0.0,0.0,0.0,0.0,0.0,0.0,0.0,0.0,0.0,0.0,0.0,0.0,0.0,0.0,0.0,0.0
113,FCX + ACN + UNP + BN,Rebalanced annually,FCX,Basic Materials,Freeport-McMoRan Inc. Common Stock,10,ACN,Consumer Discretionary,Accenture plc Class A Ordinary Shares (Ireland),10,UNP,Industrials,Union Pacific Corporation Common Stock,10,BN,Real Estate,Brookfield Corporation Class A Limited Voting Shares,10,9.291120651302641,7.881455454970867,24.372382333709318,-23.163262083477562,48.553713364413,37.80751122839557,41.794363886504684,-14.181317541385546,35.79886040004857,38.302616441504675,-21.94670781062667,12.796518883240648,23.61724824173932,24.33218431793818,-6.064639985662205,43.1414011383916,85.9131914153346,-40.53467713343747,34.06772407383433,25.592497560844954,2008,-40.53467713343747,2009,85.9131914153346,300000.0,160000.0,20,2,No,2008,397678.7489210334,0.0,397678.7489210334,97678.7489210334,10,104,2006,2025,annual_performance_20y_160k_source.csv,"Rank by full $160K withdrawals funded, then total cash delivered, then ending balance; enforce max 10 Top-250 appearances per ticker.",216777.4926825349,130628.6507437973,0.0,0.0,0.0,0.0,0.0,0.0,0.0,0.0,0.0,0.0,0.0,0.0,0.0,0.0,0.0,0.0,0.0,0.0
114,FCX + ACN + CME + GD,Rebalanced annually,FCX,Basic Materials,Freeport-McMoRan Inc. Common Stock,10,ACN,Consumer Discretionary,Accenture plc Class A Ordinary Shares (Ireland),10,CME,Finance,CME Group Inc. Class A Common Stock,10,GD,Industrials,General Dynamics Corporation Common Stock,10,15.747805581439222,2.8455792603415437,21.431569889550836,-10.824234166212069,48.83004337520898,26.4038103539494,26.315689690359697,-10.132637086385607,32.32021390867451,42.89214735849944,-10.296957977476112,10.301114852106956,37.89090530012664,10.837890510967888,-12.840872727526481,18.916495100818796,85.86780691574786,-46.514579338436505,35.54685576848542,28.13624808455129,2008,-46.514579338436505,2009,85.86780691574786,300000.0,160000.0,20,2,No,2008,397114.7430004595,0.0,397114.7430004595,97114.74300045951,10,104,2006,2025,annual_performance_20y_160k_source.csv,"Rank by full $160K withdrawals funded, then total cash delivered, then ending balance; enforce max 10 Top-250 appearances per ticker.",224408.74425365386,144178.9969053695,0.0,0.0,0.0,0.0,0.0,0.0,0.0,0.0,0.0,0.0,0.0,0.0,0.0,0.0,0.0,0.0,0.0,0.0
115,ACN + CME + GD + BN,Rebalanced annually,ACN,Consumer Discretionary,Accenture plc Class A Ordinary Shares (Ireland),10,CME,Finance,CME Group Inc. Class A Common Stock,10,GD,Industrials,General Dynamics Corporation Common Stock,10,BN,Real Estate,Brookfield Corporation Class A Limited Voting Shares,10,12.029860079125104,16.243452396084358,25.160039778209693,-17.64394854990517,45.6840475323243,3.7630581558612963,32.0877474931349,-1.5192105598108077,29.837176736791108,21.197089109730328,6.151806300760787,27.034834759707447,35.80867808285681,24.932868259158425,-7.651260269363011,19.071916571867327,41.13309476395088,-41.72050819718737,16.948247762623783,36.64881395238274,2008,-41.72050819718737,2021,45.6840475323243,300000.0,160000.0,20,2,No,2008,397108.42074625444,0.0,397108.42074625444,97108.42074625444,10,104,2006,2025,annual_performance_20y_160k_source.csv,"Rank by full $160K withdrawals funded, then total cash delivered, then ending balance; enforce max 10 Top-250 appearances per ticker.",249946.4418571482,132307.98409696005,0.0,0.0,0.0,0.0,0.0,0.0,0.0,0.0,0.0,0.0,0.0,0.0,0.0,0.0,0.0,0.0,0.0,0.0
116,ACN + CVS + CME + GD,Rebalanced annually,ACN,Consumer Discretionary,Accenture plc Class A Ordinary Shares (Ireland),10,CVS,Consumer Staples,CVS Health Corporation Common Stock,10,CME,Finance,CME Group Inc. Class A Common Stock,10,GD,Industrials,General Dynamics Corporation Common Stock,10,27.98205887510307,-4.993788096620603,14.876664522574657,-10.89481396230471,47.19482796798551,0.35385162112784974,23.23373624644883,-0.6151524848448942,19.945827299437422,14.727023194842076,7.962932218840779,28.394886370409978,45.49908087572085,16.910858356096938,1.10661571454412,8.031706939460456,32.03091474638209,-34.425884603539174,21.18483351673942,29.648918643664132,2008,-34.425884603539174,2021,47.19482796798551,300000.0,160000.0,20,2,No,2008,397015.975589109,0.0,397015.975589109,97015.975589109,10,104,2006,2025,annual_performance_20y_160k_source.csv,"Rank by full $160K withdrawals funded, then total cash delivered, then ending balance; enforce max 10 Top-250 appearances per ticker.",228946.75593099237,117448.74501694879,0.0,0.0,0.0,0.0,0.0,0.0,0.0,0.0,0.0,0.0,0.0,0.0,0.0,0.0,0.0,0.0,0.0,0.0
117,ACN + COP + CME + UNP,Rebalanced annually,ACN,Consumer Discretionary,Accenture plc Class A Ordinary Shares (Ireland),10,COP,Energy,ConocoPhillips Common Stock,10,CME,Finance,CME Group Inc. Class A Common Stock,10,UNP,Industrials,Union Pacific Corporation Common Stock,10,-0.32393097774202995,0.0009024065323601782,22.126539613897755,-0.4708698948988994,50.01244610869454,0.32397234955050713,25.3022189290962,11.701885661691755,27.482167048010613,23.598251148944204,-8.665215484818642,18.929682801525686,38.495795192574015,17.389397100915854,4.255798689920643,25.662623546199292,33.16023189364694,-34.723517755547995,24.425669323672473,27.803466214935572,2008,-34.723517755547995,2021,50.01244610869454,300000.0,160000.0,20,2,No,2008,397013.1179349929,0.0,397013.1179349929,97013.11793499289,10,104,2006,2025,annual_performance_20y_160k_source.csv,"Rank by full $160K withdrawals funded, then total cash delivered, then ending balance; enforce max 10 Top-250 appearances per ticker.",223410.3986448067,117979.88385248563,0.0,0.0,0.0,0.0,0.0,0.0,0.0,0.0,0.0,0.0,0.0,0.0,0.0,0.0,0.0,0.0,0.0,0.0
118,CVS + CME + SYK + GD,Rebalanced annually,CVS,Consumer Staples,CVS Health Corporation Common Stock,10,CME,Finance,CME Group Inc. Class A Common Stock,10,SYK,Health Care,Stryker Corporation Common Stock,10,GD,Industrials,General Dynamics Corporation Common Stock,10,33.273013065049604,-0.12382195119226946,12.4278232547018,-4.061241884564566,34.584630242675864,-1.6144751543121894,19.262539418459134,1.5507565664018257,19.321234222832587,18.81122347224524,3.0837538978566554,32.39193532606617,48.666671083757265,13.000092829758113,-3.422453294151343,5.246033979190221,31.454305434399032,-44.03761508539104,30.57983426345604,28.44802485865598,2008,-44.03761508539104,2013,48.666671083757265,300000.0,160000.0,20,2,No,2008,395131.6949718263,0.0,395131.6949718263,95131.69497182628,10,104,2006,2025,annual_performance_20y_160k_source.csv,"Rank by full $160K withdrawals funded, then total cash delivered, then ending balance; enforce max 10 Top-250 appearances per ticker.",225344.07457596797,134253.91910381778,0.0,0.0,0.0,0.0,0.0,0.0,0.0,0.0,0.0,0.0,0.0,0.0,0.0,0.0,0.0,0.0,0.0,0.0
119,CVS + SYK + GD + BN,Rebalanced annually,CVS,Consumer Staples,CVS Health Corporation Common Stock,10,SYK,Health Care,Stryker Corporation Common Stock,10,GD,Industrials,General Dynamics Corporation Common Stock,10,BN,Real Estate,Brookfield Corporation Class A Limited Voting Shares,10,33.45010031378023,7.0680928336472455,11.747954381221666,-6.994781482462855,39.42371224967391,2.0954405510798995,30.01503495440354,-9.1486833293631,19.688232158090713,12.341062143837778,0.08517146612374016,35.58928176468089,35.570150099121996,23.245051637272685,-1.7836273540838312,19.244223047321146,27.774951328338965,-40.916792749956926,24.857263676866303,29.980899171154718,2008,-40.916792749956926,2021,39.42371224967391,300000.0,160000.0,20,2,No,2008,395094.85103070305,0.0,395094.85103070305,95094.85103070305,10,104,2006,2025,annual_performance_20y_160k_source.csv,"Rank by full $160K withdrawals funded, then total cash delivered, then ending balance; enforce max 10 Top-250 appearances per ticker.",229942.69751346414,127100.16014008498,0.0,0.0,0.0,0.0,0.0,0.0,0.0,0.0,0.0,0.0,0.0,0.0,0.0,0.0,0.0,0.0,0.0,0.0
120,CVS + SYK + DHR + BN,Rebalanced annually,CVS,Consumer Staples,CVS Health Corporation Common Stock,10,SYK,Health Care,Stryker Corporation Common Stock,10,DHR,Industrials,Danaher Corporation Common Stock,10,BN,Real Estate,Brookfield Corporation Class A Limited Voting Shares,10,25.939615234102853,6.101217306821701,9.656673725064664,-17.172063825484877,40.621505194831165,16.714578190713116,38.70469947411492,-0.8623210046678986,19.727880210171243,23.49521875586733,1.9029319486482288,26.67061013052287,34.90199199470075,25.954008247436334,-0.8408640858751601,23.996641430758796,30.642279703309452,-41.21659308131096,24.84093717541045,29.443772927090155,2008,-41.21659308131096,2021,40.621505194831165,300000.0,160000.0,20,2,No,2008,393509.2136329496,0.0,393509.2136329496,93509.21363294963,10,104,2006,2025,annual_performance_20y_160k_source.csv,"Rank by full $160K withdrawals funded, then total cash delivered, then ending balance; enforce max 10 Top-250 appearances per ticker.",228331.31878127047,125050.95823151205,0.0,0.0,0.0,0.0,0.0,0.0,0.0,0.0,0.0,0.0,0.0,0.0,0.0,0.0,0.0,0.0,0.0,0.0
121,CVS + SYK + PH + BN,Rebalanced annually,CVS,Consumer Staples,CVS Health Corporation Common Stock,10,SYK,Health Care,Stryker Corporation Common Stock,10,PH,Industrials,Parker-Hannifin Corporation Common Stock,10,BN,Real Estate,Brookfield Corporation Class A Limited Voting Shares,10,35.737151634930726,16.082210764823802,25.169303928411054,-14.144731949266397,33.055783219476154,14.07638886894745,36.50427267133807,-9.812329380598378,25.953157281396393,17.1203345636694,-6.1243236917693435,24.269863967887183,38.80679866568294,24.625612853927706,-3.3375898061867315,33.2640553221424,29.70980804990627,-43.01227571620741,31.67961699682215,26.438657166842553,2008,-43.01227571620741,2013,38.80679866568294,300000.0,160000.0,20,2,No,2008,393397.01539343456,0.0,393397.01539343456,93397.01539343456,10,104,2006,2025,annual_performance_20y_160k_source.csv,"Rank by full $160K withdrawals funded, then total cash delivered, then ending balance; enforce max 10 Top-250 appearances per ticker.",219315.97150052764,128794.43128475442,0.0,0.0,0.0,0.0,0.0,0.0,0.0,0.0,0.0,0.0,0.0,0.0,0.0,0.0,0.0,0.0,0.0,0.0
122,FCX + BMY + DHR + BN,Rebalanced annually,FCX,Basic Materials,Freeport-McMoRan Inc. Common Stock,10,BMY,Health Care,Bristol-Myers Squibb Company Common Stock,10,DHR,Industrials,Danaher Corporation Common Stock,10,BN,Real Estate,Brookfield Corporation Class A Limited Voting Shares,10,14.102474685611998,12.556436331333673,3.7254132920508307,-10.501494535247978,40.42053696848721,38.32512093981317,39.88897919931493,-14.212461413249486,26.320086310647753,40.615436458867904,-11.546330990166028,5.269483139497604,34.959772702755735,15.903257457880192,-3.398550989788327,35.090785362215136,81.50774425058083,-43.31468897654563,31.359542826445445,26.772404370864948,2008,-43.31468897654563,2009,81.50774425058083,300000.0,160000.0,20,2,No,2008,393355.1481141458,0.0,393355.1481141458,93355.14811414579,10,104,2006,2025,annual_performance_20y_160k_source.csv,"Rank by full $160K withdrawals funded, then total cash delivered, then ending balance; enforce max 10 Top-250 appearances per ticker.",220317.21311259485,129407.68391267012,0.0,0.0,0.0,0.0,0.0,0.0,0.0,0.0,0.0,0.0,0.0,0.0,0.0,0.0,0.0,0.0,0.0,0.0
123,CVS + COP + PH + BN,Rebalanced annually,CVS,Consumer Staples,CVS Health Corporation Common Stock,10,COP,Energy,ConocoPhillips Common Stock,10,PH,Industrials,Parker-Hannifin Corporation Common Stock,10,BN,Real Estate,Brookfield Corporation Class A Limited Voting Shares,10,35.521922776714845,7.704825137976568,19.715135070258654,5.6329681504367475,52.1499627501912,0.5256961945861183,29.329388007292494,-6.513843580949196,21.23038380140707,11.981199966608136,-13.379341457892362,17.795278220821874,35.75265360746398,23.89877585049021,0.9402787251671301,40.9730446413833,23.729385364040983,-41.46229970788896,28.99062078408992,26.93833988612638,2008,-41.46229970788896,2021,52.1499627501912,300000.0,160000.0,20,2,No,2008,393073.0003406984,0.0,393073.0003406984,93073.0003406984,10,104,2006,2025,annual_performance_20y_160k_source.csv,"Rank by full $160K withdrawals funded, then total cash delivered, then ending balance; enforce max 10 Top-250 appearances per ticker.",220815.01965837914,124830.66464185342,0.0,0.0,0.0,0.0,0.0,0.0,0.0,0.0,0.0,0.0,0.0,0.0,0.0,0.0,0.0,0.0,0.0,0.0
124,COP + SYK + DHR + BN,Rebalanced annually,COP,Energy,ConocoPhillips Common Stock,10,SYK,Health Care,Stryker Corporation Common Stock,10,DHR,Industrials,Danaher Corporation Common Stock,10,BN,Real Estate,Brookfield Corporation Class A Limited Voting Shares,10,4.267397560124961,13.251946400184854,13.285867498749138,2.6573685612881395,48.55453535333422,8.990913750081694,36.0470034965617,4.803957701103764,24.152571402628503,30.48581629855677,-6.07404835359355,17.907348969119614,29.075842385305965,23.183211992799528,-2.8290879122954022,31.400841068055747,28.046858244927513,-44.3733061028847,23.838334090404867,31.674945334566672,2008,-44.3733061028847,2021,48.55453535333422,300000.0,160000.0,20,2,No,2008,392899.2505095896,0.0,392899.2505095896,92899.25050958962,10,104,2006,2025,annual_performance_20y_160k_source.csv,"Rank by full $160K withdrawals funded, then total cash delivered, then ending balance; enforce max 10 Top-250 appearances per ticker.",235024.83600370004,131050.84160568821,0.0,0.0,0.0,0.0,0.0,0.0,0.0,0.0,0.0,0.0,0.0,0.0,0.0,0.0,0.0,0.0,0.0,0.0
125,CVS + COP + SYK + DHR,Rebalanced annually,CVS,Consumer Staples,CVS Health Corporation Common Stock,10,COP,Energy,ConocoPhillips Common Stock,10,SYK,Health Care,Stryker Corporation Common Stock,10,DHR,Industrials,Danaher Corporation Common Stock,10,20.21959635610293,-7.985294092520105,3.0024922431141023,9.4065031488886,50.065315788995434,5.581707215348247,27.19299224987563,5.7080157760696775,14.261221965274817,24.01575038366852,-4.262922435513558,19.267400579822144,38.766245178169996,15.161202089738044,5.928788071611728,20.360631435648877,18.94467822735872,-37.078682509236515,28.0749198445205,24.675050025848062,2008,-37.078682509236515,2021,50.065315788995434,300000.0,160000.0,20,2,No,2008,391801.1132182651,0.0,391801.1132182651,91801.11321826512,10,104,2006,2025,annual_performance_20y_160k_source.csv,"Rank by full $160K withdrawals funded, then total cash delivered, then ending balance; enforce max 10 Top-250 appearances per ticker.",214025.1500775442,114112.53940892947,0.0,0.0,0.0,0.0,0.0,0.0,0.0,0.0,0.0,0.0,0.0,0.0,0.0,0.0,0.0,0.0,0.0,0.0
126,FCX + COP + BMY + DHR,Rebalanced annually,FCX,Basic Materials,Freeport-McMoRan Inc. Common Stock,10,COP,Energy,ConocoPhillips Common Stock,10,BMY,Health Care,Bristol-Myers Squibb Company Common Stock,10,DHR,Industrials,Danaher Corporation Common Stock,10,8.382455807612073,-1.5300750680081325,-2.9287681898997304,16.077072439125494,49.86434756265148,27.1922499644483,28.37727197507565,-7.642124632511911,20.853428065751324,41.135968086669095,-17.712185374327817,-2.1337264112031256,38.82402588622499,5.110451300181901,3.371101167698561,31.45477536710522,69.8101427746301,-39.17677840447118,34.5935254955555,22.003681469622855,2008,-39.17677840447118,2009,69.8101427746301,300000.0,160000.0,20,2,No,2008,391331.9704818082,0.0,391331.9704818082,91331.97048180818,10,104,2006,2025,annual_performance_20y_160k_source.csv,"Rank by full $160K withdrawals funded, then total cash delivered, then ending balance; enforce max 10 Top-250 appearances per ticker.",206011.0444088686,117277.5275801107,0.0,0.0,0.0,0.0,0.0,0.0,0.0,0.0,0.0,0.0,0.0,0.0,0.0,0.0,0.0,0.0,0.0,0.0
127,CVS + COP + SYK + PH,Rebalanced annually,CVS,Consumer Staples,CVS Health Corporation Common Stock,10,COP,Energy,ConocoPhillips Common Stock,10,SYK,Health Care,Stryker Corporation Common Stock,10,PH,Industrials,Parker-Hannifin Corporation Common Stock,10,30.0171327569308,1.9956993654819968,18.51512244646049,12.433835025107077,42.49959381364042,2.943517893582582,24.992565447098784,-3.2419925998608012,20.486499036499964,17.64086619147059,-12.29017807593113,16.866654417186457,42.67105184915219,13.832806696229413,3.4320623513001567,29.628045327032474,18.01220657395554,-38.874365144132966,34.9135996659322,21.66993426560046,2008,-38.874365144132966,2013,42.67105184915219,300000.0,160000.0,20,2,No,2008,391263.99660343,0.0,391263.99660343,91263.99660343002,10,104,2006,2025,annual_performance_20y_160k_source.csv,"Rank by full $160K withdrawals funded, then total cash delivered, then ending balance; enforce max 10 Top-250 appearances per ticker.",205009.80279680138,116586.10462119372,0.0,0.0,0.0,0.0,0.0,0.0,0.0,0.0,0.0,0.0,0.0,0.0,0.0,0.0,0.0,0.0,0.0,0.0
128,FCX + CVS + COP + DHR,Rebalanced annually,FCX,Basic Materials,Freeport-McMoRan Inc. Common Stock,10,CVS,Consumer Staples,CVS Health Corporation Common Stock,10,COP,Energy,ConocoPhillips Common Stock,10,DHR,Industrials,Danaher Corporation Common Stock,10,29.44233187820109,-15.674041455768347,0.4740349782534068,9.425350657911366,62.8616805684309,25.804637714439885,25.757757007294146,-6.177261731593517,17.488143902065325,40.051142407575185,-21.800850095711688,3.462304475857067,33.930074153751605,11.132193495808306,-1.7526080126847692,31.550209278951165,69.39656916924115,-44.46068821424164,40.75054896853985,21.43088977854253,2008,-44.46068821424164,2009,69.39656916924115,300000.0,160000.0,20,2,No,2008,390836.5341957486,0.0,390836.5341957486,90836.53419574862,10,104,2006,2025,annual_performance_20y_160k_source.csv,"Rank by full $160K withdrawals funded, then total cash delivered, then ending balance; enforce max 10 Top-250 appearances per ticker.",204292.66933562758,127543.05359237967,0.0,0.0,0.0,0.0,0.0,0.0,0.0,0.0,0.0,0.0,0.0,0.0,0.0,0.0,0.0,0.0,0.0,0.0
129,FCX + CVS + SYK + DHR,Rebalanced annually,FCX,Basic Materials,Freeport-McMoRan Inc. Common Stock,10,CVS,Consumer Staples,CVS Health Corporation Common Stock,10,SYK,Health Care,Stryker Corporation Common Stock,10,DHR,Industrials,Danaher Corporation Common Stock,10,29.657560736416972,-7.2966558289211125,5.928203836405805,-10.352349441791777,43.767501037715846,39.35533038880122,32.93264167133972,-9.4757475312427,22.210917382054646,45.19027700463646,-14.545832329588666,9.936890222922376,36.98421921197057,11.859030499245797,-6.030476544038631,23.841219959710266,75.37699185510644,-46.010664222560095,43.43954518127209,20.931207059258703,2008,-46.010664222560095,2009,75.37699185510644,300000.0,160000.0,20,2,No,2008,390664.6158512045,0.0,390664.6158512045,90664.6158512045,10,104,2006,2025,annual_performance_20y_160k_source.csv,"Rank by full $160K withdrawals funded, then total cash delivered, then ending balance; enforce max 10 Top-250 appearances per ticker.",202793.62117777613,130886.24787403399,0.0,0.0,0.0,0.0,0.0,0.0,0.0,0.0,0.0,0.0,0.0,0.0,0.0,0.0,0.0,0.0,0.0,0.0
130,FCX + BBVA + BMY + DHR,Rebalanced annually,FCX,Basic Materials,Freeport-McMoRan Inc. Common Stock,10,BBVA,Finance,Banco Bilbao Vizcaya Argentaria S.A. Common Stock,10,BMY,Health Care,Bristol-Myers Squibb Company Common Stock,10,DHR,Industrials,Danaher Corporation Common Stock,10,47.466480733028135,5.060787888245629,12.195769765814637,0.6781544563410877,33.7281533633501,34.62430091827349,29.48686595979151,-20.614271431553835,25.641664184764394,38.27336849433796,-15.292334120227327,-7.6457805197685555,41.94924463740986,7.357281302411762,-1.681645032642713,11.883131708606456,82.4403232093244,-40.605374016913295,29.393576884457644,25.198926235611108,2008,-40.605374016913295,2009,82.4403232093244,300000.0,160000.0,20,2,No,2008,390660.8264871086,0.0,390660.8264871086,90660.8264871086,10,104,2006,2025,annual_performance_20y_160k_source.csv,"Rank by full $160K withdrawals funded, then total cash delivered, then ending balance; enforce max 10 Top-250 appearances per ticker.",215596.7787068333,118968.3836164404,0.0,0.0,0.0,0.0,0.0,0.0,0.0,0.0,0.0,0.0,0.0,0.0,0.0,0.0,0.0,0.0,0.0,0.0
131,FCX + COP + BMY + PH,Rebalanced annually,FCX,Basic Materials,Freeport-McMoRan Inc. Common Stock,10,COP,Energy,ConocoPhillips Common Stock,10,BMY,Health Care,Bristol-Myers Squibb Company Common Stock,10,PH,Industrials,Parker-Hannifin Corporation Common Stock,10,18.17999220843994,8.45091838999397,12.583862013446659,19.104404315343974,42.29862558729647,24.554060642682636,26.176845172298805,-16.59213300844239,27.07870513697647,34.76108389447116,-25.73944101474539,-4.534472573838812,42.728832557207184,3.7820559066732704,0.8743754473869898,40.72218925848882,68.87767112122691,-40.97246103936763,41.4322053169672,18.998565709375253,2008,-40.97246103936763,2009,68.87767112122691,300000.0,160000.0,20,2,No,2008,390015.72714539815,0.0,390015.72714539815,90015.72714539815,10,104,2006,2025,annual_performance_20y_160k_source.csv,"Rank by full $160K withdrawals funded, then total cash delivered, then ending balance; enforce max 10 Top-250 appearances per ticker.",196995.69712812576,118615.3588278417,0.0,0.0,0.0,0.0,0.0,0.0,0.0,0.0,0.0,0.0,0.0,0.0,0.0,0.0,0.0,0.0,0.0,0.0
132,FCX + BBVA + BMY + PH,Rebalanced annually,FCX,Basic Materials,Freeport-McMoRan Inc. Common Stock,10,BBVA,Finance,Banco Bilbao Vizcaya Argentaria S.A. Common Stock,10,BMY,Health Care,Bristol-Myers Squibb Company Common Stock,10,PH,Industrials,Parker-Hannifin Corporation Common Stock,10,57.26401713385601,15.041781346247731,27.70839996916103,3.7054863325595657,26.162431387995092,31.986111596507822,27.286439157014662,-29.564279807484315,31.866941255989538,31.898484302140023,-23.3195897606449,-10.046526682404242,45.85405130839206,6.028885908903131,-4.178370752954285,21.150545599990053,81.50785155592122,-42.401056651809746,36.23225670586935,22.193810475363506,2008,-42.401056651809746,2009,81.50785155592122,300000.0,160000.0,20,2,No,2008,389942.7113789599,0.0,389942.7113789599,89942.71137895988,10,104,2006,2025,annual_performance_20y_160k_source.csv,"Rank by full $160K withdrawals funded, then total cash delivered, then ending balance; enforce max 10 Top-250 appearances per ticker.",206581.43142609054,121430.54596705112,0.0,0.0,0.0,0.0,0.0,0.0,0.0,0.0,0.0,0.0,0.0,0.0,0.0,0.0,0.0,0.0,0.0,0.0
133,COP + BBVA + BMY + PH,Rebalanced annually,COP,Energy,ConocoPhillips Common Stock,10,BBVA,Finance,Banco Bilbao Vizcaya Argentaria S.A. Common Stock,10,BMY,Health Care,Bristol-Myers Squibb Company Common Stock,10,PH,Industrials,Parker-Hannifin Corporation Common Stock,10,47.826052753541966,14.353143082648739,24.782688375869327,23.464338923239943,32.46024613927468,-1.7875115769451497,21.546789735550576,-14.380516500171936,23.917245839209706,10.723957681172092,-13.036679866569788,-0.7160163255044767,47.63607727459147,9.331057499395376,7.780893862696075,17.669957075928668,25.07553792817352,-33.46907493848616,20.86763136911776,25.93765344195286,2008,-33.46907493848616,2025,47.826052753541966,300000.0,160000.0,20,2,No,2008,388703.40324189217,0.0,388703.40324189217,88703.40324189217,10,104,2006,2025,annual_performance_20y_160k_source.csv,"Rank by full $160K withdrawals funded, then total cash delivered, then ending balance; enforce max 10 Top-250 appearances per ticker.",217812.9603258586,103265.36596082151,0.0,0.0,0.0,0.0,0.0,0.0,0.0,0.0,0.0,0.0,0.0,0.0,0.0,0.0,0.0,0.0,0.0,0.0
134,COP + BBVA + MO + PH,Rebalanced annually,COP,Energy,ConocoPhillips Common Stock,10,BBVA,Finance,Banco Bilbao Vizcaya Argentaria S.A. Common Stock,10,MO,Health Care,Altria Group Inc.,10,PH,Industrials,Parker-Hannifin Corporation Common Stock,10,52.34221579581057,20.59105397672596,30.394590295566083,19.81224977492771,37.78648284793862,-4.442746093447877,16.579773006464293,-17.94214877831857,24.351325928496255,19.205978052435952,-12.07284998197448,4.359533393046188,37.28234604238388,13.21609769825422,4.836679755037531,23.965586667475847,31.458072696292284,-39.79349470927481,25.22365845283099,25.929145070030486,2008,-39.79349470927481,2025,52.34221579581057,300000.0,160000.0,20,2,No,2008,387865.6120548311,0.0,387865.6120548311,87865.61205483112,10,104,2006,2025,annual_performance_20y_160k_source.csv,"Rank by full $160K withdrawals funded, then total cash delivered, then ending balance; enforce max 10 Top-250 appearances per ticker.",217787.4352100914,112721.39402066544,0.0,0.0,0.0,0.0,0.0,0.0,0.0,0.0,0.0,0.0,0.0,0.0,0.0,0.0,0.0,0.0,0.0,0.0
135,TTE + BBVA + BMY + PH,Rebalanced annually,TTE,Energy,TotalEnergies SE Ordinary Shares,10,BBVA,Finance,Banco Bilbao Vizcaya Argentaria S.A. Common Stock,10,BMY,Health Care,Bristol-Myers Squibb Company Common Stock,10,PH,Industrials,Parker-Hannifin Corporation Common Stock,10,55.29151654962716,13.717319101090478,27.83112939891256,14.189134442232056,17.307775439388262,3.077450791595889,22.46860601888853,-18.48100415447694,24.529569716007657,13.195411422986709,-7.533054292084502,-4.107414301358979,47.1021446430029,9.029771048051046,5.463647974993002,5.185179618409528,29.951416970576396,-30.971919421023586,19.246729093232663,24.612070610648324,2008,-30.971919421023586,2025,55.29151654962716,300000.0,160000.0,20,2,No,2008,385571.6293731039,0.0,385571.6293731039,85571.6293731039,10,104,2006,2025,annual_performance_20y_160k_source.csv,"Rank by full $160K withdrawals funded, then total cash delivered, then ending balance; enforce max 10 Top-250 appearances per ticker.",213836.21183194494,94992.68822647052,0.0,0.0,0.0,0.0,0.0,0.0,0.0,0.0,0.0,0.0,0.0,0.0,0.0,0.0,0.0,0.0,0.0,0.0
136,TTE + BBVA + MO + PH,Rebalanced annually,TTE,Energy,TotalEnergies SE Ordinary Shares,10,BBVA,Finance,Banco Bilbao Vizcaya Argentaria S.A. Common Stock,10,MO,Health Care,Altria Group Inc.,10,PH,Industrials,Parker-Hannifin Corporation Common Stock,10,59.80767959189576,19.9552299951677,33.443031318609314,10.537045293919826,22.6340121480522,0.4222162750931613,17.501589289802244,-22.042636432623574,24.963649805294203,21.677431794250573,-6.5692244074891954,0.968135417191686,36.74841341079531,12.914811246909892,2.5194338673344583,11.480809209956709,36.333951738695156,-37.29633919181224,23.60275617694589,24.603562238725942,2008,-37.29633919181224,2025,59.80767959189576,300000.0,160000.0,20,2,No,2008,385384.80775809626,0.0,385384.80775809626,85384.80775809626,10,104,2006,2025,annual_performance_20y_160k_source.csv,"Rank by full $160K withdrawals funded, then total cash delivered, then ending balance; enforce max 10 Top-250 appearances per ticker.",213810.68671617785,104275.90178205096,0.0,0.0,0.0,0.0,0.0,0.0,0.0,0.0,0.0,0.0,0.0,0.0,0.0,0.0,0.0,0.0,0.0,0.0
137,SHEL + BBVA + BMY + PH,Rebalanced annually,SHEL,Energy,Shell PLC American Depositary Shares (each representing two (2) Ordinary Shares),10,BBVA,Finance,Banco Bilbao Vizcaya Argentaria S.A. Common Stock,10,BMY,Health Care,Bristol-Myers Squibb Company Common Stock,10,PH,Industrials,Parker-Hannifin Corporation Common Stock,10,53.95243215892669,17.176933332127668,29.335270384540486,14.24401767609433,17.91627426358417,-2.1384073100864374,21.816582930027714,-20.166040601547678,28.68636643762398,15.255851554092636,-12.565206060504408,-1.4099969357120694,43.126147584451225,6.804196389587839,8.727003114330678,12.37209965908347,29.61881523916424,-32.06888401503178,20.378963378238446,24.14039279913444,2008,-32.06888401503178,2025,53.95243215892669,300000.0,160000.0,20,2,No,2008,385017.1513594619,0.0,385017.1513594619,85017.15135946189,10,104,2006,2025,annual_performance_20y_160k_source.csv,"Rank by full $160K withdrawals funded, then total cash delivered, then ending balance; enforce max 10 Top-250 appearances per ticker.",212421.17839740333,95710.4125506327,0.0,0.0,0.0,0.0,0.0,0.0,0.0,0.0,0.0,0.0,0.0,0.0,0.0,0.0,0.0,0.0,0.0,0.0
138,TTE + BBVA + MO + DHR,Rebalanced annually,TTE,Energy,TotalEnergies SE Ordinary Shares,10,BBVA,Finance,Banco Bilbao Vizcaya Argentaria S.A. Common Stock,10,MO,Health Care,Altria Group Inc.,10,DHR,Industrials,Danaher Corporation Common Stock,10,50.01014319106789,9.974236537165595,17.930401115262924,7.509713417701348,30.19973412340721,3.0604055968588266,19.702016092579093,-13.092628056693094,18.73837273406906,28.052315986448505,1.4580312329283762,3.3688815798273724,32.84360673981311,14.243206640418522,5.01615958764603,2.2133953185731112,37.26642339209834,-35.500656556915786,16.764076355534186,27.608677998973544,2008,-35.500656556915786,2025,50.01014319106789,300000.0,160000.0,20,2,No,2008,384615.9327634204,0.0,384615.9327634204,84615.9327634204,10,104,2006,2025,annual_performance_20y_160k_source.csv,"Rank by full $160K withdrawals funded, then total cash delivered, then ending balance; enforce max 10 Top-250 appearances per ticker.",222826.03399692068,100180.76047617302,0.0,0.0,0.0,0.0,0.0,0.0,0.0,0.0,0.0,0.0,0.0,0.0,0.0,0.0,0.0,0.0,0.0,0.0
139,ENB + BBVA + MO + DHR,Rebalanced annually,ENB,Energy,Enbridge Inc Common Stock,10,BBVA,Finance,Banco Bilbao Vizcaya Argentaria S.A. Common Stock,10,MO,Health Care,Altria Group Inc.,10,DHR,Industrials,Danaher Corporation Common Stock,10,47.59112754284945,20.239843027568035,14.100706569553799,0.4759522082540988,31.409250514925375,3.805050551282889,26.13536543924371,-17.375213327327895,14.461422796759159,31.12454689653132,-5.10531289040734,11.627173834207976,27.528545236843858,17.034042241086524,13.824347836050976,11.562340762888187,43.587802328379,-32.33180718003192,17.389473623483557,25.69511391736872,2008,-32.33180718003192,2025,47.59112754284945,300000.0,160000.0,20,2,No,2008,384173.36073032947,0.0,384173.36073032947,84173.36073032947,10,104,2006,2025,annual_performance_20y_160k_source.csv,"Rank by full $160K withdrawals funded, then total cash delivered, then ending balance; enforce max 10 Top-250 appearances per ticker.",217085.34175210615,94835.33999653778,0.0,0.0,0.0,0.0,0.0,0.0,0.0,0.0,0.0,0.0,0.0,0.0,0.0,0.0,0.0,0.0,0.0,0.0
140,TTE + BBVA + MO + ASML,Rebalanced annually,TTE,Energy,TotalEnergies SE Ordinary Shares,10,BBVA,Finance,Banco Bilbao Vizcaya Argentaria S.A. Common Stock,10,MO,Health Care,Altria Group Inc.,10,ASML,Technology,ASML Holding N.V. New York Registry Shares,10,63.88168174217225,8.135902937369245,28.21601647541917,4.634202295183605,34.091451008838675,8.296500183286726,30.62103181297683,-18.463160871514507,27.849582333322715,16.758253572132077,-5.0662910232113125,4.530863698818711,34.99242516074853,19.960785193487702,7.651427236226954,-0.8651775804484463,51.89523024462545,-37.013956418054335,17.02246101167388,25.76764142428768,2008,-37.013956418054335,2025,63.88168174217225,300000.0,160000.0,20,2,No,2008,379391.57483834354,0.0,379391.57483834354,79391.57483834354,10,104,2006,2025,annual_performance_20y_160k_source.csv,"Rank by full $160K withdrawals funded, then total cash delivered, then ending balance; enforce max 10 Top-250 appearances per ticker.",217302.92427286308,94293.22983443842,0.0,0.0,0.0,0.0,0.0,0.0,0.0,0.0,0.0,0.0,0.0,0.0,0.0,0.0,0.0,0.0,0.0,0.0
141,TTE + BNY + MO + ASML,Rebalanced annually,TTE,Energy,TotalEnergies SE Ordinary Shares,10,BNY,Finance,The Bank of New York Mellon Corporation Common Stock,10,MO,Health Care,Altria Group Inc.,10,ASML,Technology,ASML Holding N.V. New York Registry Shares,10,38.994483829794476,17.561993191672393,17.22459285109969,-2.6749631960675826,38.715270949989765,6.646640557683824,30.24335730721416,-12.109819586842711,23.993575218542354,21.350191590405643,0.5885366351606613,14.240579344378677,34.76272237870385,23.451050026144706,1.7496219521901244,11.369439166671148,38.82140164380908,-35.739015595377225,20.7094745063163,22.657219579081,2008,-35.739015595377225,2025,38.994483829794476,300000.0,160000.0,20,2,No,2008,378504.161792926,0.0,378504.161792926,78504.16179292602,10,104,2006,2025,annual_performance_20y_160k_source.csv,"Rank by full $160K withdrawals funded, then total cash delivered, then ending balance; enforce max 10 Top-250 appearances per ticker.",207971.65873724298,91041.49638379546,0.0,0.0,0.0,0.0,0.0,0.0,0.0,0.0,0.0,0.0,0.0,0.0,0.0,0.0,0.0,0.0,0.0,0.0
142,TTE + BNY + MO + IBM,Rebalanced annually,TTE,Energy,TotalEnergies SE Ordinary Shares,10,BNY,Finance,The Bank of New York Mellon Corporation Common Stock,10,MO,Health Care,Altria Group Inc.,10,IBM,Technology,International Business Machines Corporation Common Stock,10,34.591565508781585,29.304390735182565,12.710980220323854,7.615022719957786,26.84522413919904,-10.214219747638378,12.82989854007275,-15.32991332121226,8.88212981602238,20.678750989794803,1.9972215455075135,7.085512767247225,22.991759203216052,14.450184604218208,5.989897837048621,11.589652827083297,30.576442313011064,-30.57949555212275,18.337982466098207,21.93592137733507,2008,-30.57949555212275,2025,34.591565508781585,300000.0,160000.0,20,2,No,2008,377999.96775877813,0.0,377999.96775877813,77999.96775877813,10,104,2006,2025,annual_performance_20y_160k_source.csv,"Rank by full $160K withdrawals funded, then total cash delivered, then ending balance; enforce max 10 Top-250 appearances per ticker.",205807.76413200522,83548.7558324011,0.0,0.0,0.0,0.0,0.0,0.0,0.0,0.0,0.0,0.0,0.0,0.0,0.0,0.0,0.0,0.0,0.0,0.0
143,SHEL + BNY + MO + ASML,Rebalanced annually,SHEL,Energy,Shell PLC American Depositary Shares (each representing two (2) Ordinary Shares),10,BNY,Finance,The Bank of New York Mellon Corporation Common Stock,10,MO,Health Care,Altria Group Inc.,10,ASML,Technology,ASML Holding N.V. New York Registry Shares,10,37.655399439094,21.021607422709582,18.728733836727617,-2.620079962205307,39.32376977418568,1.4307824560014968,29.591334218353346,-13.794856033913451,28.150371940158685,23.41063172151157,-4.443615133259245,16.937996710025587,30.786725320152165,21.225475367681497,5.012977091527801,18.556359207345093,38.48879991239693,-36.83598018938542,21.841708791322088,22.185541767567116,2008,-36.83598018938542,2021,39.32376977418568,300000.0,160000.0,20,2,No,2008,377903.79723172594,0.0,377903.79723172594,77903.79723172594,10,104,2006,2025,annual_performance_20y_160k_source.csv,"Rank by full $160K withdrawals funded, then total cash delivered, then ending balance; enforce max 10 Top-250 appearances per ticker.",206556.62530270132,91672.12189049963,0.0,0.0,0.0,0.0,0.0,0.0,0.0,0.0,0.0,0.0,0.0,0.0,0.0,0.0,0.0,0.0,0.0,0.0
144,TTE + BNY + BMY + ASML,Rebalanced annually,TTE,Energy,TotalEnergies SE Ordinary Shares,10,BNY,Finance,The Bank of New York Mellon Corporation Common Stock,10,BMY,Health Care,Bristol-Myers Squibb Company Common Stock,10,ASML,Technology,ASML Holding N.V. New York Registry Shares,10,34.478320787525874,11.324082297595172,11.612690931402934,0.9771259522446494,33.38903424132583,9.301875074186551,35.21037403630044,-8.548187308696079,23.559495129255808,12.86817121914178,-0.3752932494346455,9.165029625828012,45.11645361091145,19.56600982728586,4.693836059848668,5.073809575123967,32.43886687569032,-29.414595824588574,16.35344742260307,22.665727951003376,2008,-29.414595824588574,2013,45.11645361091145,300000.0,160000.0,20,2,No,2008,377888.4268199811,0.0,377888.4268199811,77888.42681998108,10,104,2006,2025,annual_performance_20y_160k_source.csv,"Rank by full $160K withdrawals funded, then total cash delivered, then ending balance; enforce max 10 Top-250 appearances per ticker.",207997.18385301012,82011.8939549072,0.0,0.0,0.0,0.0,0.0,0.0,0.0,0.0,0.0,0.0,0.0,0.0,0.0,0.0,0.0,0.0,0.0,0.0
145,ENB + BNY + MO + ASML,Rebalanced annually,ENB,Energy,Enbridge Inc Common Stock,10,BNY,Finance,The Bank of New York Mellon Corporation Common Stock,10,MO,Health Care,Altria Group Inc.,10,ASML,Technology,ASML Holding N.V. New York Registry Shares,10,36.57546818157603,27.827599682074826,13.39489830539057,-9.708724405514829,39.92478734150793,7.391285512107885,36.67670665387878,-16.392404857477512,19.716625281232453,24.42242250048846,-5.974807488175056,22.49887159875928,29.44766087573459,26.241885626812703,10.557810200595071,20.718384610986227,45.14278058008975,-32.57016621849336,21.334871774265668,20.74365549747617,2008,-32.57016621849336,2009,45.14278058008975,300000.0,160000.0,20,2,No,2008,377569.3560294216,0.0,377569.3560294216,77569.35602942161,10,104,2006,2025,annual_performance_20y_160k_source.csv,"Rank by full $160K withdrawals funded, then total cash delivered, then ending balance; enforce max 10 Top-250 appearances per ticker.",202230.9664924285,85376.68388144631,0.0,0.0,0.0,0.0,0.0,0.0,0.0,0.0,0.0,0.0,0.0,0.0,0.0,0.0,0.0,0.0,0.0,0.0
146,SHEL + BNY + MO + IBM,Rebalanced annually,SHEL,Energy,Shell PLC American Depositary Shares (each representing two (2) Ordinary Shares),10,BNY,Finance,The Bank of New York Mellon Corporation Common Stock,10,MO,Health Care,Altria Group Inc.,10,IBM,Technology,International Business Machines Corporation Common Stock,10,33.25248111808111,32.76400496621976,14.21512120595178,7.669905953820061,27.453722963394952,-15.430077849320705,12.177875451211936,-17.014949768283,13.038926537638707,22.73919112090073,-3.0349302229123927,9.782930132894133,19.015762144664368,12.224609945755002,9.253252976386296,18.776572867757242,30.243840581598906,-31.676460146130943,19.470216751103994,21.46424356582119,2008,-31.676460146130943,2025,33.25248111808111,300000.0,160000.0,20,2,No,2008,377520.5212542112,0.0,377520.5212542112,77520.5212542112,10,104,2006,2025,annual_performance_20y_160k_source.csv,"Rank by full $160K withdrawals funded, then total cash delivered, then ending balance; enforce max 10 Top-250 appearances per ticker.",204392.73069746356,84188.43838775996,0.0,0.0,0.0,0.0,0.0,0.0,0.0,0.0,0.0,0.0,0.0,0.0,0.0,0.0,0.0,0.0,0.0,0.0
147,TTE + BNY + BMY + GOOGL,Rebalanced annually,TTE,Energy,TotalEnergies SE Ordinary Shares,10,BNY,Finance,The Bank of New York Mellon Corporation Common Stock,10,BMY,Health Care,Bristol-Myers Squibb Company Common Stock,10,GOOGL,Technology,Alphabet Inc. Class A Common Stock,10,37.01717071161832,22.2502634226612,16.218088482572217,-1.1645179700671147,33.67972117430283,0.4450672864970695,18.946945257592,-6.329086285590482,17.67738401624203,6.358021645160098,15.541917346742812,3.7582392251580288,47.99768165061256,11.463539498335498,4.266852353079128,0.6798931736443499,34.9136921794248,-32.9364462983803,23.31422662434403,19.750020273468465,2008,-32.9364462983803,2013,47.99768165061256,300000.0,160000.0,20,2,No,2008,377475.9277936696,0.0,377475.9277936696,77475.92779366957,10,104,2006,2025,annual_performance_20y_160k_source.csv,"Rank by full $160K withdrawals funded, then total cash delivered, then ending balance; enforce max 10 Top-250 appearances per ticker.",199250.06082040537,85703.67154921801,0.0,0.0,0.0,0.0,0.0,0.0,0.0,0.0,0.0,0.0,0.0,0.0,0.0,0.0,0.0,0.0,0.0,0.0
148,COST + TTE + BNY + ASML,Rebalanced annually,COST,Consumer Discretionary,Costco Wholesale Corporation Common Stock,10,TTE,Energy,TotalEnergies SE Ordinary Shares,10,BNY,Finance,The Bank of New York Mellon Corporation Common Stock,10,ASML,Technology,ASML Holding N.V. New York Registry Shares,10,33.102584555864595,17.27833818558047,30.39988582683772,-8.53057491578321,45.624375270608766,17.366103861979123,39.701015933200964,-2.674437602596009,27.22529250875757,16.3103900842282,-0.45306511516474357,10.735174524133527,33.08537264669826,27.616349787237517,-0.9793940658440894,8.809748585192752,32.3124086759684,-33.90451654608871,23.459423927969425,19.66790552768309,2008,-33.90451654608871,2021,45.624375270608766,300000.0,160000.0,20,2,No,2008,376636.45444457274,0.0,376636.45444457274,76636.45444457274,10,104,2006,2025,annual_performance_20y_160k_source.csv,"Rank by full $160K withdrawals funded, then total cash delivered, then ending balance; enforce max 10 Top-250 appearances per ticker.",199003.71658304927,85688.84208868159,0.0,0.0,0.0,0.0,0.0,0.0,0.0,0.0,0.0,0.0,0.0,0.0,0.0,0.0,0.0,0.0,0.0,0.0
149,PG + TTE + BNY + ASML,Rebalanced annually,PG,Consumer Discretionary,Procter & Gamble Company (The) Common Stock,10,TTE,Energy,TotalEnergies SE Ordinary Shares,10,BNY,Finance,The Bank of New York Mellon Corporation Common Stock,10,ASML,Technology,ASML Holding N.V. New York Registry Shares,10,31.386285606362428,11.686130481842813,17.934496221501988,-5.030110995348318,37.79957706449626,12.73765891185888,38.200953186812825,-4.43187989387674,24.80610482709001,18.581011171945594,-7.681669183852135,9.476018103057207,33.5385266975252,21.818169646393358,-3.3992078711539726,5.231061552345956,29.027037062516488,-31.35986870759946,19.314798926099414,21.03659433575321,2008,-31.35986870759946,2019,38.200953186812825,300000.0,160000.0,20,2,No,2008,376518.3041452018,0.0,376518.3041452018,76518.30414520181,10,104,2006,2025,annual_performance_20y_160k_source.csv,"Rank by full $160K withdrawals funded, then total cash delivered, then ending balance; enforce max 10 Top-250 appearances per ticker.",203109.7830072596,82340.02919434864,0.0,0.0,0.0,0.0,0.0,0.0,0.0,0.0,0.0,0.0,0.0,0.0,0.0,0.0,0.0,0.0,0.0,0.0
150,PG + SHEL + BNY + ASML,Rebalanced annually,PG,Consumer Discretionary,Procter & Gamble Company (The) Common Stock,10,SHEL,Energy,Shell PLC American Depositary Shares (each representing two (2) Ordinary Shares),10,BNY,Finance,The Bank of New York Mellon Corporation Common Stock,10,ASML,Technology,ASML Holding N.V. New York Registry Shares,10,30.047201215661953,15.145744712880006,19.438637207129915,-4.9752277614860425,38.40807588869217,7.521800810176554,37.54893009795201,-6.116916340947479,28.96290154870634,20.64145130305152,-12.713820952272041,12.173435468704117,29.562529638973515,19.59259498793015,-0.1358527318162963,12.4179815930199,28.69443533110433,-32.45683330160765,20.447033211105197,20.56491652423933,2008,-32.45683330160765,2021,38.40807588869217,300000.0,160000.0,20,2,No,2008,376017.15630090534,0.0,376017.15630090534,76017.15630090534,10,104,2006,2025,annual_performance_20y_160k_source.csv,"Rank by full $160K withdrawals funded, then total cash delivered, then ending balance; enforce max 10 Top-250 appearances per ticker.",201694.749572718,82935.3420029071,0.0,0.0,0.0,0.0,0.0,0.0,0.0,0.0,0.0,0.0,0.0,0.0,0.0,0.0,0.0,0.0,0.0,0.0
151,COST + SHEL + RY + ASML,Rebalanced annually,COST,Consumer Discretionary,Costco Wholesale Corporation Common Stock,10,SHEL,Energy,Shell PLC American Depositary Shares (each representing two (2) Ordinary Shares),10,RY,Finance,Royal Bank Of Canada Common Stock,10,ASML,Technology,ASML Holding N.V. New York Registry Shares,10,29.45253753616978,13.71210804490326,30.32509969481116,-5.690965015760787,44.62275505462479,17.481424594668994,41.703031083551224,-4.868602791019551,33.442516044428366,22.064936333016465,-11.12091891630765,10.518099370477104,23.43914841247515,23.184397717378275,10.784626295664168,13.98548097804775,54.01409755913262,-34.73560187544444,22.412378074756507,18.981037563972734,2008,-34.73560187544444,2009,54.01409755913262,300000.0,160000.0,20,2,No,2008,372918.1672696646,0.0,372918.1672696646,72918.16726966458,10,104,2006,2025,annual_performance_20y_160k_source.csv,"Rank by full $160K withdrawals funded, then total cash delivered, then ending balance; enforce max 10 Top-250 appearances per ticker.",196943.1126919182,81082.74770062469,0.0,0.0,0.0,0.0,0.0,0.0,0.0,0.0,0.0,0.0,0.0,0.0,0.0,0.0,0.0,0.0,0.0,0.0
152,PG + SHEL + RY + ASML,Rebalanced annually,PG,Consumer Discretionary,Procter & Gamble Company (The) Common Stock,10,SHEL,Energy,Shell PLC American Depositary Shares (each representing two (2) Ordinary Shares),10,RY,Finance,Royal Bank Of Canada Common Stock,10,ASML,Technology,ASML Holding N.V. New York Registry Shares,10,27.73623858666761,8.119900341165604,17.859710089475424,-2.190501095325894,36.797956848512285,12.85297964454875,40.202968337163085,-6.626045082300283,31.023328362760807,24.33555742073386,-18.34952298499504,9.258942949400787,23.892302463302087,17.38621757653412,8.364812490354286,10.406793945200954,50.72872594568071,-32.19095403695519,18.267753072886496,20.34972637204286,2008,-32.19095403695519,2009,50.72872594568071,300000.0,160000.0,20,2,No,2008,372739.39869040414,0.0,372739.39869040414,72739.39869040414,10,104,2006,2025,annual_performance_20y_160k_source.csv,"Rank by full $160K withdrawals funded, then total cash delivered, then ending balance; enforce max 10 Top-250 appearances per ticker.",201049.1791161286,77776.34671212823,0.0,0.0,0.0,0.0,0.0,0.0,0.0,0.0,0.0,0.0,0.0,0.0,0.0,0.0,0.0,0.0,0.0,0.0
153,COST + SHEL + RY + IBM,Rebalanced annually,COST,Consumer Discretionary,Costco Wholesale Corporation Common Stock,10,SHEL,Energy,Shell PLC American Depositary Shares (each representing two (2) Ordinary Shares),10,RY,Finance,Royal Bank Of Canada Common Stock,10,IBM,Technology,International Business Machines Corporation Common Stock,10,25.049619215156888,25.454505588413433,25.811487064035326,4.599020900264581,32.752708243834064,0.6205642893467926,24.289572316409817,-8.088696525389102,18.33107064190839,21.393495732405626,-9.712234005960799,3.3630327933456523,11.668185236987354,14.18353229545178,15.024902180522664,14.2056946384599,45.7691382283346,-29.576081832189963,20.040886034538413,18.259739362226806,2008,-29.576081832189963,2009,45.7691382283346,300000.0,160000.0,20,2,No,2008,371983.20336211124,0.0,371983.20336211124,71983.20336211124,10,104,2006,2025,annual_performance_20y_160k_source.csv,"Rank by full $160K withdrawals funded, then total cash delivered, then ending balance; enforce max 10 Top-250 appearances per ticker.",194779.2180866804,73814.69920239705,0.0,0.0,0.0,0.0,0.0,0.0,0.0,0.0,0.0,0.0,0.0,0.0,0.0,0.0,0.0,0.0,0.0,0.0
154,PG + SHEL + RY + GOOGL,Rebalanced annually,PG,Consumer Discretionary,Procter & Gamble Company (The) Common Stock,10,SHEL,Energy,Shell PLC American Depositary Shares (each representing two (2) Ordinary Shares),10,RY,Finance,Royal Bank Of Canada Common Stock,10,GOOGL,Technology,Alphabet Inc. Class A Common Stock,10,30.275088510760057,19.046081466231627,22.465107640644707,-4.332145017637658,37.08864378148928,3.9961718568592692,23.939539558454634,-4.406944059194687,25.141217249747033,17.825407846752178,-2.432312388817584,3.8521525487308033,26.7735305030032,9.283747247583756,7.937828783584744,6.012877543721337,53.20355124941519,-35.71280451074691,25.228532274627455,17.434018694507948,2008,-35.71280451074691,2009,53.20355124941519,300000.0,160000.0,20,2,No,2008,371955.0100153165,0.0,371955.0100153165,71955.01001531648,10,104,2006,2025,annual_performance_20y_160k_source.csv,"Rank by full $160K withdrawals funded, then total cash delivered, then ending balance; enforce max 10 Top-250 appearances per ticker.",192302.05608352378,80817.04236732775,0.0,0.0,0.0,0.0,0.0,0.0,0.0,0.0,0.0,0.0,0.0,0.0,0.0,0.0,0.0,0.0,0.0,0.0
155,PG + SHEL + RY + GOOG,Rebalanced annually,PG,Consumer Discretionary,Procter & Gamble Company (The) Common Stock,10,SHEL,Energy,Shell PLC American Depositary Shares (each representing two (2) Ordinary Shares),10,RY,Finance,Royal Bank Of Canada Common Stock,10,GOOG,Technology,Alphabet Inc. Class C Capital Stock,10,30.131137349448274,18.948800241010755,22.59143650565212,-4.227590059064702,37.05733687325332,4.03994401460732,24.171647162529794,-4.464435822726054,25.802754098953926,17.787686115947782,-2.945263408327822,3.709252487205384,26.77352466894775,9.283750027085663,7.937823863341032,6.012882811325046,53.20354737860196,-35.71280168490401,25.22853020838481,17.43401405045182,2008,-35.71280168490401,2009,53.20354737860196,300000.0,160000.0,20,2,No,2008,371954.9985284548,0.0,371954.9985284548,71954.9985284548,10,104,2006,2025,annual_performance_20y_160k_source.csv,"Rank by full $160K withdrawals funded, then total cash delivered, then ending balance; enforce max 10 Top-250 appearances per ticker.",192302.04215135548,80817.02094685106,0.0,0.0,0.0,0.0,0.0,0.0,0.0,0.0,0.0,0.0,0.0,0.0,0.0,0.0,0.0,0.0,0.0,0.0
156,SHEL + RY + RTX + IBM,Rebalanced annually,SHEL,Energy,Shell PLC American Depositary Shares (each representing two (2) Ordinary Shares),10,RY,Finance,Royal Bank Of Canada Common Stock,10,RTX,Industrials,RTX Corporation Common Stock,10,IBM,Technology,International Business Machines Corporation Common Stock,10,41.758499138120044,25.739329054398006,9.950935723995173,14.364960803093426,25.614020149181798,-13.03448731966391,23.819745679914696,-14.402868737482237,17.52090231001761,25.609100252251597,-18.060716249234467,-0.9440063757229358,16.675285890868498,10.871016736969192,9.596151013346008,12.329416116178205,50.485794676956004,-30.700810327888462,17.850694357205995,19.69662412243673,2008,-30.700810327888462,2009,50.485794676956004,300000.0,160000.0,20,2,No,2008,371717.1515690122,0.0,371717.1515690122,71717.1515690122,10,104,2006,2025,annual_performance_20y_160k_source.csv,"Rank by full $160K withdrawals funded, then total cash delivered, then ending balance; enforce max 10 Top-250 appearances per ticker.",199089.87236731022,74628.79697975027,0.0,0.0,0.0,0.0,0.0,0.0,0.0,0.0,0.0,0.0,0.0,0.0,0.0,0.0,0.0,0.0,0.0,0.0
157,PG + ENB + RY + GOOGL,Rebalanced annually,PG,Consumer Discretionary,Procter & Gamble Company (The) Common Stock,10,ENB,Energy,Enbridge Inc Common Stock,10,RY,Finance,Royal Bank Of Canada Common Stock,10,GOOGL,Technology,Alphabet Inc. Class A Common Stock,10,29.195157253242087,25.852073725596874,17.13127210930766,-11.42078946094718,37.68966134881154,9.956674912965656,31.02491199398007,-7.00449288275875,16.707470590820805,18.83719862572907,-3.963504743733397,9.413027437464496,25.434466058585627,14.300157506714966,13.482661892652015,8.174902947362472,59.85753191710801,-31.44699053985486,24.72169525757104,15.992132424417001,2008,-31.44699053985486,2009,59.85753191710801,300000.0,160000.0,20,2,No,2008,371035.8984518539,0.0,371035.8984518539,71035.8984518539,10,104,2006,2025,annual_performance_20y_160k_source.csv,"Rank by full $160K withdrawals funded, then total cash delivered, then ending balance; enforce max 10 Top-250 appearances per ticker.",187976.39727325097,74447.34936330517,0.0,0.0,0.0,0.0,0.0,0.0,0.0,0.0,0.0,0.0,0.0,0.0,0.0,0.0,0.0,0.0,0.0,0.0
158,PG + ENB + RY + GOOG,Rebalanced annually,PG,Consumer Discretionary,Procter & Gamble Company (The) Common Stock,10,ENB,Energy,Enbridge Inc Common Stock,10,RY,Finance,Royal Bank Of Canada Common Stock,10,GOOG,Technology,Alphabet Inc. Class C Capital Stock,10,29.051206091930304,25.754792500376002,17.25760097431507,-11.316234502374224,37.65835444057558,10.000447070713708,31.25701959805523,-7.061984646290117,17.3690074400277,18.799476894924673,-4.476455763243635,9.270127375939076,25.434460224530177,14.300160286216872,13.482656972408302,8.17490821496618,59.85752804629478,-31.446987714011954,24.72169319132839,15.992127780360873,2008,-31.446987714011954,2009,59.85752804629478,300000.0,160000.0,20,2,No,2008,371035.88598091627,0.0,371035.88598091627,71035.88598091627,10,104,2006,2025,annual_performance_20y_160k_source.csv,"Rank by full $160K withdrawals funded, then total cash delivered, then ending balance; enforce max 10 Top-250 appearances per ticker.",187976.3833410826,74447.32810282038,0.0,0.0,0.0,0.0,0.0,0.0,0.0,0.0,0.0,0.0,0.0,0.0,0.0,0.0,0.0,0.0,0.0,0.0
159,ENB + RY + RTX + GOOGL,Rebalanced annually,ENB,Energy,Enbridge Inc Common Stock,10,RY,Finance,Royal Bank Of Canada Common Stock,10,RTX,Industrials,RTX Corporation Common Stock,10,GOOGL,Technology,Alphabet Inc. Class A Common Stock,10,47.620336125707425,31.729104895319097,13.736110374603241,-5.155313478553229,38.37577146027178,0.9300682540751986,32.055148103873094,-11.561222803571154,18.316489940597577,20.782182057857646,-5.083382918319675,6.365144689472227,29.988412661639835,16.785822089076536,10.473724530785242,9.877311457927572,67.85955997918131,-35.11636687404261,26.676128582108635,16.0603283765568,2008,-35.11636687404261,2009,67.85955997918131,300000.0,160000.0,20,2,No,2008,370856.0425426074,0.0,370856.0425426074,70856.0425426074,10,104,2006,2025,annual_performance_20y_160k_source.csv,"Rank by full $160K withdrawals funded, then total cash delivered, then ending balance; enforce max 10 Top-250 appearances per ticker.",188180.98512967041,78380.38668994003,0.0,0.0,0.0,0.0,0.0,0.0,0.0,0.0,0.0,0.0,0.0,0.0,0.0,0.0,0.0,0.0,0.0,0.0
160,ENB + RY + RTX + GOOG,Rebalanced annually,ENB,Energy,Enbridge Inc Common Stock,10,RY,Finance,Royal Bank Of Canada Common Stock,10,RTX,Industrials,RTX Corporation Common Stock,10,GOOG,Technology,Alphabet Inc. Class C Capital Stock,10,47.476384964395635,31.631823670098225,13.862439239610653,-5.050758519980272,38.34446455203582,0.9738404118232493,32.287255707948255,-11.61871456710252,18.978026789804474,20.74446032705325,-5.596333937829913,6.222244627946807,29.988406827584384,16.78582486857844,10.47371961054153,9.877316725531282,67.85955610836808,-35.1163640481997,26.676126515865988,16.06032373250067,2008,-35.1163640481997,2009,67.85955610836808,300000.0,160000.0,20,2,No,2008,370856.03078352084,0.0,370856.03078352084,70856.03078352084,10,104,2006,2025,annual_performance_20y_160k_source.csv,"Rank by full $160K withdrawals funded, then total cash delivered, then ending balance; enforce max 10 Top-250 appearances per ticker.",188180.97119750205,78380.36515293305,0.0,0.0,0.0,0.0,0.0,0.0,0.0,0.0,0.0,0.0,0.0,0.0,0.0,0.0,0.0,0.0,0.0,0.0
161,PG + ENB + RTX + GOOGL,Rebalanced annually,PG,Consumer Discretionary,Procter & Gamble Company (The) Common Stock,10,ENB,Energy,Enbridge Inc Common Stock,10,RTX,Industrials,RTX Corporation Common Stock,10,GOOGL,Technology,Alphabet Inc. Class A Common Stock,10,33.254778163888915,30.0932815351213,10.471731509124282,-4.416904223829638,34.9784444174899,2.363758619792886,36.93698048155593,-7.448122739718941,15.511036791373348,15.165805603441163,-2.7630907088609753,8.560194423353282,31.905298296652994,12.256318543703603,11.946499868793694,11.883144445204778,45.86608278132404,-28.733241400596754,28.175274952300335,12.903181276325343,2008,-28.733241400596754,2009,45.86608278132404,300000.0,160000.0,20,2,No,2008,369217.85626437236,0.0,369217.85626437236,69217.85626437236,10,104,2006,2025,annual_performance_20y_160k_source.csv,"Rank by full $160K withdrawals funded, then total cash delivered, then ending balance; enforce max 10 Top-250 appearances per ticker.",178709.54382897605,69061.4491687917,0.0,0.0,0.0,0.0,0.0,0.0,0.0,0.0,0.0,0.0,0.0,0.0,0.0,0.0,0.0,0.0,0.0,0.0
162,PG + ENB + RTX + GOOG,Rebalanced annually,PG,Consumer Discretionary,Procter & Gamble Company (The) Common Stock,10,ENB,Energy,Enbridge Inc Common Stock,10,RTX,Industrials,RTX Corporation Common Stock,10,GOOG,Technology,Alphabet Inc. Class C Capital Stock,10,33.110827002577125,29.996000309900424,10.598060374131695,-4.312349265256682,34.947137509253935,2.407530777540937,37.16908808563109,-7.5056145032503085,16.172573640580243,15.128083872636765,-3.2760417283712133,8.417294361827862,31.905292462597544,12.256321323205512,11.946494948549981,11.883149712808487,45.86607891051081,-28.733238574753848,28.17527288605769,12.903176632269215,2008,-28.733238574753848,2009,45.86607891051081,300000.0,160000.0,20,2,No,2008,369217.84285783384,0.0,369217.84285783384,69217.84285783384,10,104,2006,2025,annual_performance_20y_160k_source.csv,"Rank by full $160K withdrawals funded, then total cash delivered, then ending balance; enforce max 10 Top-250 appearances per ticker.",178709.52989680762,69061.427618624,0.0,0.0,0.0,0.0,0.0,0.0,0.0,0.0,0.0,0.0,0.0,0.0,0.0,0.0,0.0,0.0,0.0,0.0
163,TJX + ENB + RTX + GOOGL,Rebalanced annually,TJX,Consumer Discretionary,TJX Companies Inc. (The) Common Stock,10,ENB,Energy,Enbridge Inc Common Stock,10,RTX,Industrials,RTX Corporation Common Stock,10,GOOGL,Technology,Alphabet Inc. Class A Common Stock,10,43.50129886569863,33.4207467430252,15.608598202081483,-1.4720438277185597,33.05460693124266,1.8891611079018684,36.70103147097312,-3.6048950728460567,13.202658180171692,14.665080434842132,0.8808807836000234,6.9134353939167035,38.92331651070303,19.195103103962524,22.02818931287672,15.30659067443278,65.69918402005445,-32.130818658157224,24.506809894473385,15.569913349103931,2008,-32.130818658157224,2009,65.69918402005445,300000.0,160000.0,20,2,No,2008,369182.3124496806,0.0,369182.3124496806,69182.31244968058,10,104,2006,2025,annual_performance_20y_160k_source.csv,"Rank by full $160K withdrawals funded, then total cash delivered, then ending balance; enforce max 10 Top-250 appearances per ticker.",186709.74004731182,72466.34109517196,0.0,0.0,0.0,0.0,0.0,0.0,0.0,0.0,0.0,0.0,0.0,0.0,0.0,0.0,0.0,0.0,0.0,0.0
164,TJX + ENB + RTX + GOOG,Rebalanced annually,TJX,Consumer Discretionary,TJX Companies Inc. (The) Common Stock,10,ENB,Energy,Enbridge Inc Common Stock,10,RTX,Industrials,RTX Corporation Common Stock,10,GOOG,Technology,Alphabet Inc. Class C Capital Stock,10,43.35734770438684,33.32346551780432,15.734927067088895,-1.3674888691456033,33.0233000230067,1.9329332656499192,36.93313907504828,-3.662386836377424,13.864195029378587,14.627358704037734,0.3679297640897854,6.770535332391284,38.92331067664759,19.195105883464432,22.028184392633005,15.30659594203649,65.69918014924122,-32.13081583231432,24.506807828230738,15.569908705047803,2008,-32.13081583231432,2009,65.69918014924122,300000.0,160000.0,20,2,No,2008,369182.3001062296,0.0,369182.3001062296,69182.30010622961,10,104,2006,2025,annual_performance_20y_160k_source.csv,"Rank by full $160K withdrawals funded, then total cash delivered, then ending balance; enforce max 10 Top-250 appearances per ticker.",186709.7261151434,72466.31989079752,0.0,0.0,0.0,0.0,0.0,0.0,0.0,0.0,0.0,0.0,0.0,0.0,0.0,0.0,0.0,0.0,0.0,0.0
165,COST + EQNR + RTX + IBM,Rebalanced annually,COST,Consumer Discretionary,Costco Wholesale Corporation Common Stock,10,EQNR,Energy,Equinor ASA,10,RTX,Industrials,RTX Corporation Common Stock,10,IBM,Technology,International Business Machines Corporation Common Stock,10,25.084815189893508,25.918726375525317,13.909119612090725,13.603551855163811,39.07295131579918,-1.005466344408057,28.02657504250994,-6.020088226103434,14.78907105009352,20.242729817556707,-6.417542407480072,-2.7989011188910444,16.240696134233914,12.959396573831604,12.91291691785689,13.649623142225732,41.03108847198719,-29.113159672643654,23.305548987818465,15.073562377606194,2008,-29.113159672643654,2009,41.03108847198719,300000.0,160000.0,20,2,No,2008,368477.6564856555,0.0,368477.6564856555,68477.65648565552,10,104,2006,2025,annual_performance_20y_160k_source.csv,"Rank by full $160K withdrawals funded, then total cash delivered, then ending balance; enforce max 10 Top-250 appearances per ticker.",185220.68713281857,68387.38510813157,0.0,0.0,0.0,0.0,0.0,0.0,0.0,0.0,0.0,0.0,0.0,0.0,0.0,0.0,0.0,0.0,0.0,0.0
166,PG + EQNR + RTX + GOOGL,Rebalanced annually,PG,Consumer Discretionary,Procter & Gamble Company (The) Common Stock,10,EQNR,Energy,Equinor ASA,10,RTX,Industrials,RTX Corporation Common Stock,10,GOOGL,Technology,Alphabet Inc. Class A Common Stock,10,30.310284485496677,19.51030225334351,10.56274018870011,4.672385937261572,43.408886853454405,2.3701412231044188,27.676542284554763,-2.338335759909019,21.599217657932165,16.674641931903263,0.8623792096631409,-2.309781363505895,31.346041400249764,8.059611525963582,5.825843520918969,5.45680604748717,48.465501493067784,-35.2498823512006,28.493195227907506,14.247841709887332,2008,-35.2498823512006,2009,48.465501493067784,300000.0,160000.0,20,2,No,2008,368441.5019626027,0.0,368441.5019626027,68441.50196260272,10,104,2006,2025,annual_performance_20y_160k_source.csv,"Rank by full $160K withdrawals funded, then total cash delivered, then ending balance; enforce max 10 Top-250 appearances per ticker.",182743.525129662,74812.99451121682,0.0,0.0,0.0,0.0,0.0,0.0,0.0,0.0,0.0,0.0,0.0,0.0,0.0,0.0,0.0,0.0,0.0,0.0
167,TJX + EQNR + RTX + GOOGL,Rebalanced annually,TJX,Consumer Discretionary,TJX Companies Inc. (The) Common Stock,10,EQNR,Energy,Equinor ASA,10,RTX,Industrials,RTX Corporation Common Stock,10,GOOGL,Technology,Alphabet Inc. Class A Common Stock,10,40.556805187306395,22.837767461247413,15.69960688165731,7.617246333372654,41.485049367207154,1.895543711213401,27.440593273971956,1.504891906963865,19.290839046730508,16.17391676330423,4.50635070212414,-3.9565403929424736,38.364059614299805,14.998396086222503,15.907532965001993,8.880252276715172,68.29860273179818,-38.64745960876107,24.824730170080556,16.914573782665922,2008,-38.64745960876107,2009,68.29860273179818,300000.0,160000.0,20,2,No,2008,367913.4722495675,0.0,367913.4722495675,67913.47224956751,10,104,2006,2025,annual_performance_20y_160k_source.csv,"Rank by full $160K withdrawals funded, then total cash delivered, then ending balance; enforce max 10 Top-250 appearances per ticker.",190743.72134799778,78095.33548900858,0.0,0.0,0.0,0.0,0.0,0.0,0.0,0.0,0.0,0.0,0.0,0.0,0.0,0.0,0.0,0.0,0.0,0.0
168,COST + EQNR + GOOGL + SO,Rebalanced annually,COST,Consumer Discretionary,Costco Wholesale Corporation Common Stock,10,EQNR,Energy,Equinor ASA,10,GOOGL,Technology,Alphabet Inc. Class A Common Stock,10,SO,Utilities,Southern Company (The) Common Stock,10,19.034597998257702,20.341789427976373,27.191014290433756,-1.7711787862784298,49.500933961401614,12.64396694411526,31.13445590531014,2.1454755515777437,19.83952526509397,12.599031824806822,11.680078087367074,4.451981843841438,20.54625414581827,9.183777255474197,16.22364754849446,10.172378797069445,42.22667569896082,-30.667868390816615,28.986477885609844,12.386179181868295,2008,-30.667868390816615,2021,49.500933961401614,300000.0,160000.0,20,2,No,2008,367499.83013733476,0.0,367499.83013733476,67499.83013733476,10,104,2006,2025,annual_performance_20y_160k_source.csv,"Rank by full $160K withdrawals funded, then total cash delivered, then ending balance; enforce max 10 Top-250 appearances per ticker.",177158.53754560486,68510.55785373141,0.0,0.0,0.0,0.0,0.0,0.0,0.0,0.0,0.0,0.0,0.0,0.0,0.0,0.0,0.0,0.0,0.0,0.0
169,COST + EQNR + GOOG + SO,Rebalanced annually,COST,Consumer Discretionary,Costco Wholesale Corporation Common Stock,10,EQNR,Energy,Equinor ASA,10,GOOG,Technology,Alphabet Inc. Class C Capital Stock,10,SO,Utilities,Southern Company (The) Common Stock,10,18.89064683694592,20.244508202755497,27.317343155441165,-1.6666238277054735,49.46962705316565,12.687739101863311,31.3665635093853,2.087983788046377,20.50106211430087,12.561310094002426,11.167127067856837,4.309081782316018,20.54624831176282,9.183780034976106,16.223642628250744,10.172384064673153,42.22667182814759,-30.66786556497371,28.9864758193672,12.386174537812167,2008,-30.66786556497371,2021,49.46962705316565,300000.0,160000.0,20,2,No,2008,367499.8170760057,0.0,367499.8170760057,67499.81707600568,10,104,2006,2025,annual_performance_20y_160k_source.csv,"Rank by full $160K withdrawals funded, then total cash delivered, then ending balance; enforce max 10 Top-250 appearances per ticker.",177158.5236134365,68510.53622259319,0.0,0.0,0.0,0.0,0.0,0.0,0.0,0.0,0.0,0.0,0.0,0.0,0.0,0.0,0.0,0.0,0.0,0.0
170,TJX + EQNR + GOOGL + SO,Rebalanced annually,TJX,Consumer Discretionary,TJX Companies Inc. (The) Common Stock,10,EQNR,Energy,Equinor ASA,10,GOOGL,Technology,Alphabet Inc. Class A Common Stock,10,SO,Utilities,Southern Company (The) Common Stock,10,27.564819750565245,18.07704693214262,19.862491378055218,4.674145530267543,39.75229826904186,7.540924482103999,29.398444148339195,4.231260927169897,15.111958972224759,14.368927743925187,8.09544551114068,1.5460663933285401,28.017426410695254,10.324381674888961,23.885523187267594,10.017137993450655,58.77440532423931,-31.52079780988784,21.173387825912883,16.42160006271701,2008,-31.52079780988784,2009,58.77440532423931,300000.0,160000.0,20,2,No,2008,367482.4997856599,0.0,367482.4997856599,67482.4997856599,10,104,2006,2025,annual_performance_20y_160k_source.csv,"Rank by full $160K withdrawals funded, then total cash delivered, then ending balance; enforce max 10 Top-250 appearances per ticker.",189264.800188151,69338.5703499273,0.0,0.0,0.0,0.0,0.0,0.0,0.0,0.0,0.0,0.0,0.0,0.0,0.0,0.0,0.0,0.0,0.0,0.0
171,TJX + EQNR + GOOG + SO,Rebalanced annually,TJX,Consumer Discretionary,TJX Companies Inc. (The) Common Stock,10,EQNR,Energy,Equinor ASA,10,GOOG,Technology,Alphabet Inc. Class C Capital Stock,10,SO,Utilities,Southern Company (The) Common Stock,10,27.420868589253462,17.979765706921743,19.988820243062634,4.778700488840499,39.7209913608059,7.584696639852051,29.630551752414355,4.17376916363853,15.773495821431656,14.331206013120788,7.582494491630442,1.4031663318031207,28.017420576639804,10.32438445439087,23.885518267023883,10.017143261054365,58.77440145342608,-31.520794984044933,21.17338575967024,16.42159541866088,2008,-31.520794984044933,2009,58.77440145342608,300000.0,160000.0,20,2,No,2008,367482.487506349,0.0,367482.487506349,67482.48750634899,10,104,2006,2025,annual_performance_20y_160k_source.csv,"Rank by full $160K withdrawals funded, then total cash delivered, then ending balance; enforce max 10 Top-250 appearances per ticker.",189264.78625598265,69338.54955717718,0.0,0.0,0.0,0.0,0.0,0.0,0.0,0.0,0.0,0.0,0.0,0.0,0.0,0.0,0.0,0.0,0.0,0.0
172,COST + EQNR + JPM + GOOG,Rebalanced annually,COST,Consumer Discretionary,Costco Wholesale Corporation Common Stock,10,EQNR,Energy,Equinor ASA,10,JPM,Finance,JP Morgan Chase & Co. Common Stock,10,GOOG,Technology,Alphabet Inc. Class C Capital Stock,10,25.839010756926193,25.886776082491178,34.42071040294468,-6.887310062614884,52.32219699414877,11.147137752882514,30.267636875736365,1.3700087495830209,26.586781545616773,18.715352205238737,13.283419538494922,0.46910688981089677,29.610704578050495,19.11636462999596,4.509189163888097,5.568968182029618,52.046609108748754,-36.95821188860842,24.803701420263472,15.874911591210534,2008,-36.95821188860842,2021,52.32219699414877,300000.0,160000.0,20,2,No,2008,366753.4378354462,0.0,366753.4378354462,66753.43783544621,10,104,2006,2025,annual_performance_20y_160k_source.csv,"Rank by full $160K withdrawals funded, then total cash delivered, then ending balance; enforce max 10 Top-250 appearances per ticker.",187624.73477363156,74162.61377744438,0.0,0.0,0.0,0.0,0.0,0.0,0.0,0.0,0.0,0.0,0.0,0.0,0.0,0.0,0.0,0.0,0.0,0.0
173,COST + EQNR + CM + GOOG,Rebalanced annually,COST,Consumer Discretionary,Costco Wholesale Corporation Common Stock,10,EQNR,Energy,Equinor ASA,10,CM,Finance,Canadian Imperial Bank of Commerce Common Stock,10,GOOG,Technology,Alphabet Inc. Class C Capital Stock,10,28.14608555781244,24.272392203426215,33.38919236418634,-10.439339915827343,55.578064768121195,14.843285641006016,22.869278080293704,-1.9125667889283133,26.124886843650913,17.535612795187298,6.276732604850019,-0.5382813703704665,23.47535636070871,14.280884679655475,8.660498964801775,11.737851720021188,59.548575812778054,-40.16037162683773,23.485798904305568,17.60398812167648,2008,-40.16037162683773,2009,59.548575812778054,300000.0,160000.0,20,2,No,2008,366731.9938927728,0.0,366731.9938927728,66731.99389277282,10,104,2006,2025,annual_performance_20y_160k_source.csv,"Rank by full $160K withdrawals funded, then total cash delivered, then ending balance; enforce max 10 Top-250 appearances per ticker.",192811.96436502942,78095.39457924155,0.0,0.0,0.0,0.0,0.0,0.0,0.0,0.0,0.0,0.0,0.0,0.0,0.0,0.0,0.0,0.0,0.0,0.0
174,COST + EQNR + IBM + SO,Rebalanced annually,COST,Consumer Discretionary,Costco Wholesale Corporation Common Stock,10,EQNR,Energy,Equinor ASA,10,IBM,Technology,International Business Machines Corporation Common Stock,10,SO,Utilities,Southern Company (The) Common Stock,10,12.092829753152364,21.158005846420522,18.072004108488635,10.660451052058702,37.340200217633885,4.639914426482541,29.98442591687718,-3.2937192058974025,10.610190975587773,18.437740798177664,-2.8284475984635313,2.703705667379969,5.8940629306293655,8.285382162498063,20.890907140122494,14.786508858961213,31.506891064428327,-21.986497873770425,19.654206643650795,14.58058865765728,2008,-21.986497873770425,2021,37.340200217633885,300000.0,160000.0,20,2,No,2008,366694.7884956509,0.0,366694.7884956509,66694.78849565092,10,104,2006,2025,annual_performance_20y_160k_source.csv,"Rank by full $160K withdrawals funded, then total cash delivered, then ending balance; enforce max 10 Top-250 appearances per ticker.",183741.76597297186,59854.752347992966,0.0,0.0,0.0,0.0,0.0,0.0,0.0,0.0,0.0,0.0,0.0,0.0,0.0,0.0,0.0,0.0,0.0,0.0
175,COST + MS + GOOG + SO,Rebalanced annually,COST,Consumer Discretionary,Costco Wholesale Corporation Common Stock,10,MS,Finance,Morgan Stanley Common Stock,10,GOOG,Technology,Alphabet Inc. Class C Capital Stock,10,SO,Utilities,Southern Company (The) Common Stock,10,28.665148017433772,34.17233854804775,30.99414146393088,-14.954514818432244,44.995222125773026,25.60278755412931,39.78301637434296,-4.235807479581233,21.742620261648053,11.994081478818302,11.668088590195724,16.203881145772087,36.52111504943696,15.580386044267538,2.1303466510002496,8.203877612184705,49.80796230248254,-37.0787342374383,18.23869561028942,19.127304308104275,2008,-37.0787342374383,2009,49.80796230248254,300000.0,160000.0,20,2,No,2008,366172.75690374884,0.0,366172.75690374884,66172.75690374884,10,104,2006,2025,annual_performance_20y_160k_source.csv,"Rank by full $160K withdrawals funded, then total cash delivered, then ending balance; enforce max 10 Top-250 appearances per ticker.",197381.9129243128,73381.79921234472,0.0,0.0,0.0,0.0,0.0,0.0,0.0,0.0,0.0,0.0,0.0,0.0,0.0,0.0,0.0,0.0,0.0,0.0
176,TJX + CNQ + IBM + SO,Rebalanced annually,TJX,Consumer Discretionary,TJX Companies Inc. (The) Common Stock,10,CNQ,Energy,Canadian Natural Resources Limited Common Stock,10,IBM,Technology,International Business Machines Corporation Common Stock,10,SO,Utilities,Southern Company (The) Common Stock,10,22.256510006706257,22.5608585362147,16.869005180182803,17.124089426716154,32.34247149270665,-1.8345173366497272,38.42742661689458,-9.53203622333838,4.238996618908589,23.514430492667007,-8.538048000219549,3.7388305576708443,17.83166735510453,3.415837648696004,21.66526893602478,20.625304232792878,53.873308117332556,-23.2907759324208,15.690755750167778,15.83911165154175,2008,-23.2907759324208,2009,53.873308117332556,300000.0,160000.0,20,2,No,2008,363678.40245675587,0.0,363678.40245675587,63678.402456755866,10,104,2006,2025,annual_performance_20y_160k_source.csv,"Rank by full $160K withdrawals funded, then total cash delivered, then ending balance; enforce max 10 Top-250 appearances per ticker.",187517.33495462523,56940.22197157948,0.0,0.0,0.0,0.0,0.0,0.0,0.0,0.0,0.0,0.0,0.0,0.0,0.0,0.0,0.0,0.0,0.0,0.0
177,TJX + CNQ + LRCX + SO,Rebalanced annually,TJX,Consumer Discretionary,TJX Companies Inc. (The) Common Stock,10,CNQ,Energy,Canadian Natural Resources Limited Common Stock,10,LRCX,Technology,Lam Research Corporation Common Stock,10,SO,Utilities,Southern Company (The) Common Stock,10,47.49071591874765,11.032048439279414,33.56406157669825,4.284064150482669,41.594924752789794,14.501234373817805,62.36677825860071,-9.992741246306338,24.287675030483815,26.006392252121618,-5.306736342056171,18.534615650863195,30.552535446392294,1.3335850928047197,7.685984176934749,25.0745403790509,60.2771793948062,-30.78875891462848,8.832030390855444,21.363617419436462,2008,-30.78875891462848,2019,62.36677825860071,300000.0,160000.0,20,2,No,2008,362991.40563860047,0.0,362991.40563860047,62991.40563860047,10,104,2006,2025,annual_performance_20y_160k_source.csv,"Rank by full $160K withdrawals funded, then total cash delivered, then ending balance; enforce max 10 Top-250 appearances per ticker.",204090.85225830937,62116.21835471917,0.0,0.0,0.0,0.0,0.0,0.0,0.0,0.0,0.0,0.0,0.0,0.0,0.0,0.0,0.0,0.0,0.0,0.0
178,TJX + CNQ + CM + IBM,Rebalanced annually,TJX,Consumer Discretionary,TJX Companies Inc. (The) Common Stock,10,CNQ,Energy,Canadian Natural Resources Limited Common Stock,10,CM,Finance,Canadian Imperial Bank of Commerce Common Stock,10,IBM,Technology,International Business Machines Corporation Common Stock,10,31.511948727572783,26.58874253688542,22.94085438892798,8.351373338594286,38.4509092076622,0.32102920249297817,29.930141187802988,-13.532586800313071,9.862821348258635,28.488733193851875,-13.428442463226368,-1.1085325950156402,20.760775404050417,8.512942293375374,14.102125272575812,22.190771888140915,71.19521210196301,-32.78328199428482,10.190078835106148,21.05692523540606,2008,-32.78328199428482,2009,71.19521210196301,300000.0,160000.0,20,2,No,2008,362934.0319479388,0.0,362934.0319479388,62934.03194793878,10,104,2006,2025,annual_performance_20y_160k_source.csv,"Rank by full $160K withdrawals funded, then total cash delivered, then ending balance; enforce max 10 Top-250 appearances per ticker.",203170.77570621815,63874.03792057844,0.0,0.0,0.0,0.0,0.0,0.0,0.0,0.0,0.0,0.0,0.0,0.0,0.0,0.0,0.0,0.0,0.0,0.0
179,CNQ + MS + IBM + SO,Rebalanced annually,CNQ,Energy,Canadian Natural Resources Limited Common Stock,10,MS,Finance,Morgan Stanley Common Stock,10,IBM,Technology,International Business Machines Corporation Common Stock,10,SO,Utilities,Southern Company (The) Common Stock,10,26.366138532633485,24.85274142202474,15.42888360436381,12.856610063666238,40.799212520269556,4.624058025471756,36.90676582958934,-19.95750691109804,10.02528551444135,30.693379937233168,-13.874575689876139,7.799088690658159,21.23809041928566,2.16528735119427,-1.1583195482825195,13.013562712075661,55.821008792767316,-33.650053351915645,10.126924751070824,21.306537201354246,2008,-33.650053351915645,2009,55.821008792767316,300000.0,160000.0,20,2,No,2008,362842.4241085019,0.0,362842.4241085019,62842.42410850187,10,104,2006,2025,annual_performance_20y_160k_source.csv,"Rank by full $160K withdrawals funded, then total cash delivered, then ending balance; enforce max 10 Top-250 appearances per ticker.",203919.61160406272,64570.39722388203,0.0,0.0,0.0,0.0,0.0,0.0,0.0,0.0,0.0,0.0,0.0,0.0,0.0,0.0,0.0,0.0,0.0,0.0
180,TJX + CNQ + JPM + IBM,Rebalanced annually,TJX,Consumer Discretionary,TJX Companies Inc. (The) Common Stock,10,CNQ,Energy,Canadian Natural Resources Limited Common Stock,10,JPM,Finance,JP Morgan Chase & Co. Common Stock,10,IBM,Technology,International Business Machines Corporation Common Stock,10,29.204873926686535,28.20312641595038,23.97237242768631,11.903403191806746,35.19504143368978,-3.375118685630524,37.32849998324565,-10.250011261801738,10.324716050224493,29.668472603903314,-6.421755529581463,-0.10114433483427687,26.896123621392203,13.348422243715856,9.950815471662134,16.021888350149347,63.69324539793371,-29.581122256055508,11.50798135106405,19.327848704940116,2008,-29.581122256055508,2009,63.69324539793371,300000.0,160000.0,20,2,No,2008,362791.7603233268,0.0,362791.7603233268,62791.7603233268,10,104,2006,2025,annual_performance_20y_160k_source.csv,"Rank by full $160K withdrawals funded, then total cash delivered, then ending balance; enforce max 10 Top-250 appearances per ticker.",197983.54611482035,60767.455679889186,0.0,0.0,0.0,0.0,0.0,0.0,0.0,0.0,0.0,0.0,0.0,0.0,0.0,0.0,0.0,0.0,0.0,0.0
181,TJX + CNQ + ETN + SO,Rebalanced annually,TJX,Consumer Discretionary,TJX Companies Inc. (The) Common Stock,10,CNQ,Energy,Canadian Natural Resources Limited Common Stock,10,ETN,Technology,Eaton Corporation PLC Ordinary Shares,10,SO,Utilities,Southern Company (The) Common Stock,10,12.002493984859962,22.621069954049883,25.46275017575614,12.669210191163462,39.85479709832627,5.925667392789731,43.22457800187509,-6.788944974866571,10.621100116112437,25.66605490609922,-10.865910132385808,4.780166128171068,28.91987706567626,9.08204079174579,11.85871036185844,33.081802102948394,47.54142605441625,-29.8854230702441,20.365393232788605,14.499873146525422,2008,-29.8854230702441,2009,47.54142605441625,300000.0,160000.0,20,2,No,2008,362678.76998465805,0.0,362678.76998465805,62678.76998465805,10,104,2006,2025,annual_performance_20y_160k_source.csv,"Rank by full $160K withdrawals funded, then total cash delivered, then ending balance; enforce max 10 Top-250 appearances per ticker.",183499.6194395763,60870.03851911661,0.0,0.0,0.0,0.0,0.0,0.0,0.0,0.0,0.0,0.0,0.0,0.0,0.0,0.0,0.0,0.0,0.0,0.0
182,PEP + CNQ + JPM + LRCX,Rebalanced annually,PEP,Consumer Staples,PepsiCo Inc. Common Stock,10,CNQ,Energy,Canadian Natural Resources Limited Common Stock,10,JPM,Finance,JP Morgan Chase & Co. Common Stock,10,LRCX,Technology,Lam Research Corporation Common Stock,10,46.79641737147103,7.132995298775875,34.92238895148124,-0.9236290711603097,46.37994972488154,12.815011970627527,58.42268187112251,-16.649539431254635,33.962454254532226,32.27008955208605,-2.1549046120684787,16.80190440681499,32.84940312619282,4.6253076794171735,-14.685577065443164,17.379619126691516,53.626312864847236,-36.7192179458251,10.127261893766935,20.805792594962497,2008,-36.7192179458251,2019,58.42268187112251,300000.0,160000.0,20,2,No,2008,359814.1897704518,0.0,359814.1897704518,59814.189770451805,10,104,2006,2025,annual_performance_20y_160k_source.csv,"Rank by full $160K withdrawals funded, then total cash delivered, then ending balance; enforce max 10 Top-250 appearances per ticker.",202417.37778488745,62916.7157516586,0.0,0.0,0.0,0.0,0.0,0.0,0.0,0.0,0.0,0.0,0.0,0.0,0.0,0.0,0.0,0.0,0.0,0.0
183,PEP + CNQ + CM + ETN,Rebalanced annually,PEP,Consumer Staples,PepsiCo Inc. Common Stock,10,CNQ,Energy,Canadian Natural Resources Limited Common Stock,10,CM,Finance,Canadian Imperial Bank of Commerce Common Stock,10,ETN,Technology,Eaton Corporation PLC Ordinary Shares,10,13.615270238469595,17.107632934481384,25.789559511780798,3.9094871163080214,47.89568984439044,7.935592877722954,31.88212281895423,-16.728318698326206,19.83398463819499,30.750012796012214,-14.720765336043023,2.0400666239415033,25.081396528135,7.538283428017761,-6.361541079605796,31.55576438858058,48.392526228486574,-39.01804183967003,20.342722219742193,15.671124852517403,2008,-39.01804183967003,2009,48.392526228486574,300000.0,160000.0,20,2,No,2008,359673.0238960297,0.0,359673.0238960297,59673.023896029685,10,104,2006,2025,annual_performance_20y_160k_source.csv,"Rank by full $160K withdrawals funded, then total cash delivered, then ending balance; enforce max 10 Top-250 appearances per ticker.",187013.37455755222,65056.985857561056,0.0,0.0,0.0,0.0,0.0,0.0,0.0,0.0,0.0,0.0,0.0,0.0,0.0,0.0,0.0,0.0,0.0,0.0
184,CNQ + JPM + BA + ETN,Rebalanced annually,CNQ,Energy,Canadian Natural Resources Limited Common Stock,10,JPM,Finance,JP Morgan Chase & Co. Common Stock,10,BA,Industrials,Boeing Company (The) Common Stock,10,ETN,Technology,Eaton Corporation PLC Ordinary Shares,10,17.435981882156433,12.598559912841676,36.852809959516186,4.420781552384032,38.01279764103785,-7.152998505816025,33.27104984855893,-9.36711266918136,39.520130768270846,32.807955039030766,-6.384915868830282,-1.9056556927258241,46.23543890050199,12.079390240130122,-7.916572721740963,28.607646497023644,45.180859432764684,-41.84239514187692,15.663089706436924,19.074237880348498,2008,-41.84239514187692,2013,46.23543890050199,300000.0,160000.0,20,2,No,2008,359613.4036266205,0.0,359613.4036266205,59613.40362662048,10,104,2006,2025,annual_performance_20y_160k_source.csv,"Rank by full $160K withdrawals funded, then total cash delivered, then ending balance; enforce max 10 Top-250 appearances per ticker.",197222.7136410455,68113.88420011167,0.0,0.0,0.0,0.0,0.0,0.0,0.0,0.0,0.0,0.0,0.0,0.0,0.0,0.0,0.0,0.0,0.0,0.0
185,PEP + CNQ + CM + LRCX,Rebalanced annually,PEP,Consumer Staples,PepsiCo Inc. Common Stock,10,CNQ,Energy,Canadian Natural Resources Limited Common Stock,10,CM,Finance,Canadian Imperial Bank of Commerce Common Stock,10,LRCX,Technology,Lam Research Corporation Common Stock,10,49.10349217235728,5.518611419710915,33.89087091272291,-4.4756589243727705,49.63581749885396,16.51115985875103,51.02432307567986,-19.93211496976597,33.50055955256637,31.09035014203461,-9.161591545713383,15.79451614663363,26.714054908851033,-0.21017227092330926,-10.534267264529486,23.548502664683085,61.12827956887652,-39.92137768405441,8.809359377809033,22.534869125428443,2008,-39.92137768405441,2009,61.12827956887652,300000.0,160000.0,20,2,No,2008,359587.7527889247,0.0,359587.7527889247,59587.75278892473,10,104,2006,2025,annual_performance_20y_160k_source.csv,"Rank by full $160K withdrawals funded, then total cash delivered, then ending balance; enforce max 10 Top-250 appearances per ticker.",207604.6073762853,65893.2433249517,0.0,0.0,0.0,0.0,0.0,0.0,0.0,0.0,0.0,0.0,0.0,0.0,0.0,0.0,0.0,0.0,0.0,0.0
186,PEP + JPM + BA + WDC,Rebalanced annually,PEP,Consumer Staples,PepsiCo Inc. Common Stock,10,JPM,Finance,JP Morgan Chase & Co. Common Stock,10,BA,Industrials,Boeing Company (The) Common Stock,10,WDC,Technology,Western Digital Corporation Common Stock,10,85.44176165684758,4.61348038598873,32.540859495140694,-15.713778542533143,15.019868607602607,-9.661598889617617,38.77829674972294,-12.959474079361518,39.78012890032266,17.7797209328692,-3.269860467309849,14.649226237858937,61.73248529871303,21.71543503971378,-2.177811580045768,3.3394655267985502,91.59366647133047,-40.81701202568711,16.137366495016735,17.95920838065162,2008,-40.81701202568711,2009,91.59366647133047,300000.0,160000.0,20,2,No,2008,358566.2201142308,0.0,358566.2201142308,58566.22011423082,10,104,2006,2025,annual_performance_20y_160k_source.csv,"Rank by full $160K withdrawals funded, then total cash delivered, then ending balance; enforce max 10 Top-250 appearances per ticker.",193877.62514195486,65164.36806294683,0.0,0.0,0.0,0.0,0.0,0.0,0.0,0.0,0.0,0.0,0.0,0.0,0.0,0.0,0.0,0.0,0.0,0.0
187,PEP + JPM + BA + ETN,Rebalanced annually,PEP,Consumer Staples,PepsiCo Inc. Common Stock,10,JPM,Finance,JP Morgan Chase & Co. Common Stock,10,BA,Industrials,Boeing Company (The) Common Stock,10,ETN,Technology,Eaton Corporation PLC Ordinary Shares,10,13.824733568213823,11.025591166456742,30.099165987031675,-4.60495112013787,22.263199749758424,0.5292428312400146,30.183981290004215,-2.8801540025011225,40.20808787662775,21.864638392637627,2.6130804280444258,4.095108845396078,47.569861827909676,19.095833471732718,-2.9558741498285714,25.165340018086106,28.524957993479006,-37.082750462829424,12.107507232257365,19.07827810992002,2008,-37.082750462829424,2013,47.569861827909676,300000.0,160000.0,20,2,No,2008,358451.91238945146,0.0,358451.91238945146,58451.91238945146,10,104,2006,2025,annual_performance_20y_160k_source.csv,"Rank by full $160K withdrawals funded, then total cash delivered, then ending balance; enforce max 10 Top-250 appearances per ticker.",197234.83432976005,61115.0561607666,0.0,0.0,0.0,0.0,0.0,0.0,0.0,0.0,0.0,0.0,0.0,0.0,0.0,0.0,0.0,0.0,0.0,0.0
188,PEP + CM + BA + WDC,Rebalanced annually,PEP,Consumer Staples,PepsiCo Inc. Common Stock,10,CM,Finance,Canadian Imperial Bank of Commerce Common Stock,10,BA,Industrials,Boeing Company (The) Common Stock,10,WDC,Technology,Western Digital Corporation Common Stock,10,87.74883645773383,2.999096506923769,31.509341456382373,-19.2658083957456,18.275736381575026,-5.965451001494115,31.37993795428028,-16.24204961787285,39.3182341983568,16.59998152281776,-10.276547400954753,13.641837977677573,55.597137081371244,16.879955089373297,1.973498220867909,9.50834906479012,99.09563317535977,-44.019171763916425,14.819463979058831,19.688284911117567,2008,-44.019171763916425,2009,99.09563317535977,300000.0,160000.0,20,2,No,2008,358383.3663801807,0.0,358383.3663801807,58383.3663801807,10,104,2006,2025,annual_performance_20y_160k_source.csv,"Rank by full $160K withdrawals funded, then total cash delivered, then ending balance; enforce max 10 Top-250 appearances per ticker.",199064.85473335267,68565.19917552764,0.0,0.0,0.0,0.0,0.0,0.0,0.0,0.0,0.0,0.0,0.0,0.0,0.0,0.0,0.0,0.0,0.0,0.0
189,PEP + CM + BA + ETN,Rebalanced annually,PEP,Consumer Staples,PepsiCo Inc. Common Stock,10,CM,Finance,Canadian Imperial Bank of Commerce Common Stock,10,BA,Industrials,Boeing Company (The) Common Stock,10,ETN,Technology,Eaton Corporation PLC Ordinary Shares,10,16.13180836910007,9.41120728739178,29.067647948273347,-8.15698097335033,25.519067523730843,4.225390719363516,22.785622494561558,-6.162729541012457,39.74619317466189,20.684898982586187,-4.393606505600479,3.087720585214715,41.43451361056789,14.260353521392233,1.1954356510851056,31.334223556077678,36.0269246975083,-40.284910201058736,10.789604716299463,20.807354640385967,2008,-40.284910201058736,2013,41.43451361056789,300000.0,160000.0,20,2,No,2008,358374.47197047505,0.0,358374.47197047505,58374.471970475046,10,104,2006,2025,annual_performance_20y_160k_source.csv,"Rank by full $160K withdrawals funded, then total cash delivered, then ending balance; enforce max 10 Top-250 appearances per ticker.",202422.0639211579,64262.60447682589,0.0,0.0,0.0,0.0,0.0,0.0,0.0,0.0,0.0,0.0,0.0,0.0,0.0,0.0,0.0,0.0,0.0,0.0
190,PEP + CB + BA + WDC,Rebalanced annually,PEP,Consumer Staples,PepsiCo Inc. Common Stock,10,CB,Finance,Chubb Limited  Common Stock,10,BA,Industrials,Boeing Company (The) Common Stock,10,WDC,Technology,Western Digital Corporation Common Stock,10,79.55088529299655,-0.4869589565609984,25.933202032125457,-8.560774645424011,15.045594696307703,-7.925325408476912,32.6984683466358,-13.711982087816251,36.29476680142571,13.042913066680807,-4.301427341702125,15.792066896555696,60.51600767853806,17.061788552438635,6.42702670867971,9.366671471545576,82.53661602694677,-37.778123816583275,18.80908960574169,15.402379382736665,2008,-37.778123816583275,2009,82.53661602694677,300000.0,160000.0,20,2,No,2008,358099.08049949806,0.0,358099.08049949806,58099.08049949806,10,104,2006,2025,annual_performance_20y_160k_source.csv,"Rank by full $160K withdrawals funded, then total cash delivered, then ending balance; enforce max 10 Top-250 appearances per ticker.",186207.13814820995,61231.005614794005,0.0,0.0,0.0,0.0,0.0,0.0,0.0,0.0,0.0,0.0,0.0,0.0,0.0,0.0,0.0,0.0,0.0,0.0
191,PEP + CB + BA + ETN,Rebalanced annually,PEP,Consumer Staples,PepsiCo Inc. Common Stock,10,CB,Finance,Chubb Limited  Common Stock,10,BA,Industrials,Boeing Company (The) Common Stock,10,ETN,Technology,Eaton Corporation PLC Ordinary Shares,10,7.933857204362793,5.925151823907013,23.49150852401643,2.5480527769712626,22.28892583846352,2.2655163123807194,24.104152886917078,-3.6326620109558556,36.7227257777308,17.127830526449234,1.58151355365215,5.237949504092837,46.35338420773472,14.442186984457573,5.648964138896907,31.192545962833133,19.4679075490953,-34.04386225372558,14.77923034298232,16.521449112005065,2008,-34.04386225372558,2013,46.35338420773472,300000.0,160000.0,20,2,No,2008,357977.87315429025,0.0,357977.87315429025,57977.87315429025,10,104,2006,2025,annual_performance_20y_160k_source.csv,"Rank by full $160K withdrawals funded, then total cash delivered, then ending balance; enforce max 10 Top-250 appearances per ticker.",189564.3473360152,57580.498876975966,0.0,0.0,0.0,0.0,0.0,0.0,0.0,0.0,0.0,0.0,0.0,0.0,0.0,0.0,0.0,0.0,0.0,0.0
192,PEP + TD + BA + ETN,Rebalanced annually,PEP,Consumer Staples,PepsiCo Inc. Common Stock,10,TD,Finance,Toronto Dominion Bank (The) Common Stock,10,BA,Industrials,Boeing Company (The) Common Stock,10,ETN,Technology,Eaton Corporation PLC Ordinary Shares,10,25.403952932491904,-3.3971555688443758,23.58243080983184,-4.493612734820973,25.63952880053993,3.307585897875878,22.73340067831363,-4.246869048663886,39.25009931548149,20.9682687440014,-3.2082982119728882,2.8711810894669902,42.396619723154785,14.263422523887458,3.0419867839951156,30.250998254806934,41.2559716074044,-42.489980381507834,18.903075571006035,16.69040348950059,2008,-42.489980381507834,2013,42.396619723154785,300000.0,160000.0,20,2,No,2008,357956.909137509,0.0,357956.909137509,57956.90913750901,10,104,2006,2025,annual_performance_20y_160k_source.csv,"Rank by full $160K withdrawals funded, then total cash delivered, then ending balance; enforce max 10 Top-250 appearances per ticker.",190071.21046850178,66000.5150220886,0.0,0.0,0.0,0.0,0.0,0.0,0.0,0.0,0.0,0.0,0.0,0.0,0.0,0.0,0.0,0.0,0.0,0.0
193,JPM + JNJ + BA + WDC,Rebalanced annually,JPM,Finance,JP Morgan Chase & Co. Common Stock,10,JNJ,Health Care,Johnson & Johnson Common Stock,10,BA,Industrials,Boeing Company (The) Common Stock,10,WDC,Technology,Western Digital Corporation Common Stock,10,97.77276341030131,5.3110241341050894,31.2188508000771,-15.915913011167584,12.740253283152452,-9.873589567285368,35.9893063256808,-13.039124444360555,41.43193797736394,19.663018950926826,-5.171440997326227,14.66709342882031,64.22657063845959,22.82845934173325,-0.8959235234396119,0.5197853149376783,90.75408609020681,-36.25617899181335,11.070142980947425,19.101879547848917,2008,-36.25617899181335,2025,97.77276341030131,300000.0,160000.0,20,2,No,2008,357702.9753024153,0.0,357702.9753024153,57702.97530241532,10,104,2006,2025,annual_performance_20y_160k_source.csv,"Rank by full $160K withdrawals funded, then total cash delivered, then ending balance; enforce max 10 Top-250 appearances per ticker.",197305.6386435468,59147.65495085885,0.0,0.0,0.0,0.0,0.0,0.0,0.0,0.0,0.0,0.0,0.0,0.0,0.0,0.0,0.0,0.0,0.0,0.0
194,CM + JNJ + BA + WDC,Rebalanced annually,CM,Finance,Canadian Imperial Bank of Commerce Common Stock,10,JNJ,Health Care,Johnson & Johnson Common Stock,10,BA,Industrials,Boeing Company (The) Common Stock,10,WDC,Technology,Western Digital Corporation Common Stock,10,100.07983821118755,3.6966402550401303,30.18733276131877,-19.467942864380042,15.99612105712487,-6.177441679161865,28.59094753023814,-16.321699982871888,40.970043275398076,18.483279540875387,-12.178127930971131,13.659705168638947,58.091222421117806,17.992979391392765,3.2553862774740647,6.688668852929249,98.25605279423611,-39.45833873004266,9.752240464989523,20.83095607831486,2008,-39.45833873004266,2025,100.07983821118755,300000.0,160000.0,20,2,No,2008,357681.40826607647,0.0,357681.40826607647,57681.40826607647,10,104,2006,2025,annual_performance_20y_160k_source.csv,"Rank by full $160K withdrawals funded, then total cash delivered, then ending balance; enforce max 10 Top-250 appearances per ticker.",202492.8682349446,62240.45966967079,0.0,0.0,0.0,0.0,0.0,0.0,0.0,0.0,0.0,0.0,0.0,0.0,0.0,0.0,0.0,0.0,0.0,0.0
195,CM + JNJ + CAT + WDC,Rebalanced annually,CM,Finance,Canadian Imperial Bank of Commerce Common Stock,10,JNJ,Health Care,Johnson & Johnson Common Stock,10,CAT,Industrials,Caterpillar Inc. Common Stock,10,WDC,Technology,Western Digital Corporation Common Stock,10,109.48932079695462,17.885168037882256,27.465374804034482,-13.473354356692143,21.472429586685482,9.03857027963078,32.63478988965586,-23.586647741161556,36.049710392435045,26.18255312442487,-21.43782801855017,15.165476633258812,37.765611738838146,17.08735611092408,-0.8945625065320986,17.927466299732348,98.6132634156289,-36.14252128411545,14.900643197258624,15.697295098224338,2008,-36.14252128411545,2025,109.48932079695462,300000.0,160000.0,20,2,No,2008,355102.31529128866,0.0,355102.31529128866,55102.31529128866,10,104,2006,2025,annual_performance_20y_160k_source.csv,"Rank by full $160K withdrawals funded, then total cash delivered, then ending balance; enforce max 10 Top-250 appearances per ticker.",187091.88529467297,54969.77957345656,0.0,0.0,0.0,0.0,0.0,0.0,0.0,0.0,0.0,0.0,0.0,0.0,0.0,0.0,0.0,0.0,0.0,0.0
196,MS + JNJ + CAT + WDC,Rebalanced annually,MS,Finance,Morgan Stanley Common Stock,10,JNJ,Health Care,Johnson & Johnson Common Stock,10,CAT,Industrials,Caterpillar Inc. Common Stock,10,WDC,Technology,Western Digital Corporation Common Stock,10,109.15683786810085,18.360321490308046,24.32254795073402,-9.345632414797953,22.943536399750656,16.248227478718405,36.38737853659915,-24.337979284467274,36.473656672145076,27.746480286457597,-20.709206387169207,19.97161485121729,51.05363156867378,19.866835557973868,-11.042370743706236,9.334409125594519,104.59433069064914,-43.86415536399224,12.865933075026426,19.03841690476023,2008,-43.86415536399224,2025,109.15683786810085,300000.0,160000.0,20,2,No,2008,355071.41174293443,0.0,355071.41174293443,55071.41174293443,10,104,2006,2025,annual_performance_20y_160k_source.csv,"Rank by full $160K withdrawals funded, then total cash delivered, then ending balance; enforce max 10 Top-250 appearances per ticker.",197115.2507142807,62475.96695185063,0.0,0.0,0.0,0.0,0.0,0.0,0.0,0.0,0.0,0.0,0.0,0.0,0.0,0.0,0.0,0.0,0.0,0.0
197,TD + JNJ + TM + WDC,Rebalanced annually,TD,Finance,Toronto Dominion Bank (The) Common Stock,10,JNJ,Health Care,Johnson & Johnson Common Stock,10,TM,Industrials,Toyota Motor Corporation Common Stock,10,WDC,Technology,Western Digital Corporation Common Stock,10,106.72522200188817,1.1329661817646994,25.049649848236882,-20.56734592413066,23.40595848158484,4.785211589115429,33.377900021775154,-18.73368445177908,19.819549480665174,15.571554085471721,-14.299366258823035,15.563777685605778,46.26478184113667,27.54152057538603,-2.303641837323325,-1.5315487085223394,103.27662895124139,-38.30013968247026,13.023801930311624,17.249369813722716,2008,-38.30013968247026,2025,106.72522200188817,300000.0,160000.0,20,2,No,2008,354996.7798807814,0.0,354996.7798807814,54996.779880781425,10,104,2006,2025,annual_performance_20y_160k_source.csv,"Rank by full $160K withdrawals funded, then total cash delivered, then ending balance; enforce max 10 Top-250 appearances per ticker.",191748.10944116814,56721.00341990305,0.0,0.0,0.0,0.0,0.0,0.0,0.0,0.0,0.0,0.0,0.0,0.0,0.0,0.0,0.0,0.0,0.0,0.0
198,MS + JNJ + CAT + ETN,Rebalanced annually,MS,Finance,Morgan Stanley Common Stock,10,JNJ,Health Care,Johnson & Johnson Common Stock,10,CAT,Industrials,Caterpillar Inc. Common Stock,10,ETN,Technology,Eaton Corporation PLC Ordinary Shares,10,37.53980977946709,24.772432270776058,21.880854442624997,1.7631950075973206,30.186867541906473,26.439069199576036,27.79306307688043,-14.258659207606875,36.90161564845017,31.831397746226024,-14.826265491814933,9.417497458754431,36.89100809787044,17.247233989992807,-11.82043331348904,31.160283616882076,41.525622212797686,-40.12989380113454,8.83607381226706,20.15748663402863,2008,-40.12989380113454,2009,41.525622212797686,300000.0,160000.0,20,2,No,2008,354836.23219186725,0.0,354836.23219186725,54836.23219186725,10,104,2006,2025,annual_performance_20y_160k_source.csv,"Rank by full $160K withdrawals funded, then total cash delivered, then ending balance; enforce max 10 Top-250 appearances per ticker.",200472.4599020859,58186.354432301654,0.0,0.0,0.0,0.0,0.0,0.0,0.0,0.0,0.0,0.0,0.0,0.0,0.0,0.0,0.0,0.0,0.0,0.0
199,BNS + JNJ + TM + WDC,Rebalanced annually,BNS,Finance,Bank Nova Scotia Halifax Pfd 3 Ordinary Shares,10,JNJ,Health Care,Johnson & Johnson Common Stock,10,TM,Industrials,Toyota Motor Corporation Common Stock,10,WDC,Technology,Western Digital Corporation Common Stock,10,96.66991214015336,8.871727286281317,25.413452292558567,-24.727078871862577,23.25373451772799,3.8146470154318655,33.38595296537353,-20.502998799169468,19.207996240802025,18.76639460668903,-16.630480358536822,13.01617379772248,45.126933478452656,28.58150227422801,-5.710018104115763,-0.4338432255380047,102.61947763132213,-37.71535731051162,12.106449095639938,17.421728623631658,2008,-37.71535731051162,2009,102.61947763132213,300000.0,160000.0,20,2,No,2008,354593.9324017722,0.0,354593.9324017722,54593.93240177218,10,104,2006,2025,annual_performance_20y_160k_source.csv,"Rank by full $160K withdrawals funded, then total cash delivered, then ending balance; enforce max 10 Top-250 appearances per ticker.",192265.18587089493,55541.67272699234,0.0,0.0,0.0,0.0,0.0,0.0,0.0,0.0,0.0,0.0,0.0,0.0,0.0,0.0,0.0,0.0,0.0,0.0
200,CM + JNJ + TM + WDC,Rebalanced annually,CM,Finance,Canadian Imperial Bank of Commerce Common Stock,10,JNJ,Health Care,Johnson & Johnson Common Stock,10,TM,Industrials,Toyota Motor Corporation Common Stock,10,WDC,Technology,Western Digital Corporation Common Stock,10,97.45307743849634,13.941329038000855,30.534866986678388,-24.230714162660014,23.28549720477575,5.703016410603068,33.430121838023084,-20.64954494412765,20.315643339845572,15.288184324056509,-15.484674552450626,15.780317181353503,45.30267572854977,27.538451572890807,-4.150192970233335,-0.4483234072515936,98.0475820413453,-36.095069502021154,4.910331075605051,21.366320964608093,2008,-36.095069502021154,2009,98.0475820413453,300000.0,160000.0,20,2,No,2008,354585.9220560971,0.0,354585.9220560971,54585.92205609707,10,104,2006,2025,annual_performance_20y_160k_source.csv,"Rank by full $160K withdrawals funded, then total cash delivered, then ending balance; enforce max 10 Top-250 appearances per ticker.",204098.96289382427,54120.89769378735,0.0,0.0,0.0,0.0,0.0,0.0,0.0,0.0,0.0,0.0,0.0,0.0,0.0,0.0,0.0,0.0,0.0,0.0
201,CM + JNJ + CAT + ETN,Rebalanced annually,CM,Finance,Canadian Imperial Bank of Commerce Common Stock,10,JNJ,Health Care,Johnson & Johnson Common Stock,10,CAT,Industrials,Caterpillar Inc. Common Stock,10,ETN,Technology,Eaton Corporation PLC Ordinary Shares,10,37.872292708320856,24.297278818350268,25.02368129592546,-2.3645269342968698,28.7157607288413,19.229412000488413,24.04047442993714,-13.507327664301162,36.47766936874014,30.267470584193298,-15.554887123195897,4.611359240795954,23.602988268034803,14.467754542943016,-1.672625076314902,39.75334079101991,35.54455493777742,-32.408259721257764,10.870783934499256,16.81636482749274,2008,-32.408259721257764,2010,39.75334079101991,300000.0,160000.0,20,2,No,2008,354574.800091051,0.0,354574.800091051,54574.80009105097,10,104,2006,2025,annual_performance_20y_160k_source.csv,"Rank by full $160K withdrawals funded, then total cash delivered, then ending balance; enforce max 10 Top-250 appearances per ticker.",190449.09448247822,51152.40404887876,0.0,0.0,0.0,0.0,0.0,0.0,0.0,0.0,0.0,0.0,0.0,0.0,0.0,0.0,0.0,0.0,0.0,0.0
202,TD + JNJ + CAT + LRCX,Rebalanced annually,TD,Finance,Toronto Dominion Bank (The) Common Stock,10,JNJ,Health Care,Johnson & Johnson Common Stock,10,CAT,Industrials,Caterpillar Inc. Common Stock,10,LRCX,Technology,Lam Research Corporation Common Stock,10,82.63265920560038,-0.10010555265635723,27.639775558426066,-7.086304736448304,30.576349660113905,26.88717416002885,43.13045287041484,-14.795263443392358,49.64815042393111,30.891177691630908,-8.810405039238669,18.149269267740355,26.197752761337732,6.722367846497173,-3.9988001283285834,30.662853765851665,53.509355188063466,-35.51666574609124,7.45089194727267,19.563157949518402,2008,-35.51666574609124,2025,82.63265920560038,300000.0,160000.0,20,2,No,2008,354494.46453734516,0.0,354494.46453734516,54494.464537345164,10,104,2006,2025,annual_performance_20y_160k_source.csv,"Rank by full $160K withdrawals funded, then total cash delivered, then ending balance; enforce max 10 Top-250 appearances per ticker.",198689.47384855518,53493.6118556156,0.0,0.0,0.0,0.0,0.0,0.0,0.0,0.0,0.0,0.0,0.0,0.0,0.0,0.0,0.0,0.0,0.0,0.0
203,JPM + CAT + PLD + ETN,Rebalanced annually,JPM,Finance,JP Morgan Chase & Co. Common Stock,10,CAT,Industrials,Caterpillar Inc. Common Stock,10,PLD,Real Estate,Prologis Inc. Common Stock,10,ETN,Technology,Eaton Corporation PLC Ordinary Shares,10,29.96487924605535,22.58375853207732,33.59504173461259,-8.13773808113993,40.68290874796136,16.512424454878452,41.35025105092069,-10.503988035404241,37.31829363459225,34.45443905241129,-7.936260413226993,6.353887797348573,22.156225001938402,24.56156946280459,-9.90010779870563,41.077272967132615,29.11797812751692,-41.77871047020536,11.699466772350814,17.79861732149358,2008,-41.77871047020536,2019,41.35025105092069,300000.0,160000.0,20,2,No,2008,352616.8096544354,0.0,352616.8096544354,52616.809654435376,10,104,2006,2025,annual_performance_20y_160k_source.csv,"Rank by full $160K withdrawals funded, then total cash delivered, then ending balance; enforce max 10 Top-250 appearances per ticker.",193395.85196448077,56022.13540416997,0.0,0.0,0.0,0.0,0.0,0.0,0.0,0.0,0.0,0.0,0.0,0.0,0.0,0.0,0.0,0.0,0.0,0.0
204,TD + NVS + CAT + LRCX,Rebalanced annually,TD,Finance,Toronto Dominion Bank (The) Common Stock,10,NVS,Health Care,Novartis AG Common Stock,10,CAT,Industrials,Caterpillar Inc. Common Stock,10,LRCX,Technology,Lam Research Corporation Common Stock,10,82.50083565158928,1.107676271590044,33.81825235561941,-6.565585911820108,26.803448125338083,25.01732240216564,45.85894950882626,-12.026084043296859,48.40755513838147,24.04809259531465,-10.225374734864905,18.60539730739594,25.493809905749185,7.928077757978363,-6.187031570928452,33.8906500728271,54.254989762131714,-34.992405058929464,5.662788803151468,19.27015713491883,2008,-34.992405058929464,2025,82.50083565158928,300000.0,160000.0,20,2,No,2008,351861.5618472244,0.0,351861.5618472244,51861.561847224424,10,104,2006,2025,annual_performance_20y_160k_source.csv,"Rank by full $160K withdrawals funded, then total cash delivered, then ending balance; enforce max 10 Top-250 appearances per ticker.",197810.47140475654,49012.06063092625,0.0,0.0,0.0,0.0,0.0,0.0,0.0,0.0,0.0,0.0,0.0,0.0,0.0,0.0,0.0,0.0,0.0,0.0
205,BP + TD + CAT + LRCX,Rebalanced annually,BP,Energy,BP p.l.c. Common Stock,10,TD,Finance,Toronto Dominion Bank (The) Common Stock,10,CAT,Industrials,Caterpillar Inc. Common Stock,10,LRCX,Technology,Lam Research Corporation Common Stock,10,76.89853267978197,-1.8569381369793003,31.284598722068715,0.6715925861701031,36.812015125242254,13.85374427029474,40.533070842597525,-14.654908747516888,48.56296191720125,34.29569729781186,-12.29504730284422,9.423743143472993,23.224552390296047,4.521208702310585,-6.344700012197424,25.14857212504601,58.90208467016886,-41.70888608562246,9.834506437448919,18.444556931479003,2008,-41.70888608562246,2025,76.89853267978197,300000.0,160000.0,20,2,No,2008,351794.1729827476,0.0,351794.1729827476,51794.17298274761,10,104,2006,2025,annual_performance_20y_160k_source.csv,"Rank by full $160K withdrawals funded, then total cash delivered, then ending balance; enforce max 10 Top-250 appearances per ticker.",195333.670794437,54543.773223221186,0.0,0.0,0.0,0.0,0.0,0.0,0.0,0.0,0.0,0.0,0.0,0.0,0.0,0.0,0.0,0.0,0.0,0.0
206,TD + CAT + PLD + LRCX,Rebalanced annually,TD,Finance,Toronto Dominion Bank (The) Common Stock,10,CAT,Industrials,Caterpillar Inc. Common Stock,10,PLD,Real Estate,Prologis Inc. Common Stock,10,LRCX,Technology,Lam Research Corporation Common Stock,10,77.03232054422111,-3.428009717994267,35.179617958354875,-16.411545736503825,45.79936545320639,27.86633450254239,53.04187069595572,-15.074499353006768,50.02687998781737,33.89840674979746,-8.198465262914668,18.88440956411161,18.61564127789954,11.980702816018267,-8.074973049805633,38.15566947995594,54.58474508183227,-48.08927623326816,6.961672269166325,22.274486973985187,2008,-48.08927623326816,2025,77.03232054422111,300000.0,160000.0,20,2,No,2008,351780.69632653997,0.0,351780.69632653997,51780.69632653997,10,104,2006,2025,annual_performance_20y_160k_source.csv,"Rank by full $160K withdrawals funded, then total cash delivered, then ending balance; enforce max 10 Top-250 appearances per ticker.",206823.46092195553,61221.83244708937,0.0,0.0,0.0,0.0,0.0,0.0,0.0,0.0,0.0,0.0,0.0,0.0,0.0,0.0,0.0,0.0,0.0,0.0
207,WMT + TD + CAT + LRCX,Rebalanced annually,WMT,Consumer Discretionary,Walmart Inc. Common Stock,10,TD,Finance,Toronto Dominion Bank (The) Common Stock,10,CAT,Industrials,Caterpillar Inc. Common Stock,10,LRCX,Technology,Lam Research Corporation Common Stock,10,76.88520299959208,19.600822425411376,33.004738160699304,-8.695998712771168,28.20953959387001,30.011854494058174,46.61619817099834,-14.370387531169971,55.18200700642398,31.066695288842133,-15.755097971429693,16.782656169583994,22.08257401336953,8.25776088227486,-3.009949212001672,31.614476811813333,50.046259982694906,-28.586156566806032,7.770621992200349,16.48765303852008,2008,-28.586156566806032,2025,76.88520299959208,300000.0,160000.0,20,2,No,2008,351554.49914898194,0.0,351554.49914898194,51554.49914898194,10,104,2006,2025,annual_performance_20y_160k_source.csv,"Rank by full $160K withdrawals funded, then total cash delivered, then ending balance; enforce max 10 Top-250 appearances per ticker.",189462.95911556022,44185.40948366752,0.0,0.0,0.0,0.0,0.0,0.0,0.0,0.0,0.0,0.0,0.0,0.0,0.0,0.0,0.0,0.0,0.0,0.0
208,WMT + TD + PLD + LRCX,Rebalanced annually,WMT,Consumer Discretionary,Walmart Inc. Common Stock,10,TD,Finance,Toronto Dominion Bank (The) Common Stock,10,PLD,Real Estate,Prologis Inc. Common Stock,10,LRCX,Technology,Lam Research Corporation Common Stock,10,68.07859706132639,8.905391126052372,31.912797413871743,-21.177227272012576,42.303655962331895,26.955455695526794,55.704214978917314,-11.54295653812726,42.908627102204555,27.37974594854972,-9.114201171110867,20.98300276914545,22.301464396932367,15.829116572512234,-4.250563451644911,21.828049220819004,45.63455896563987,-33.887238425600195,3.063311097018766,20.343124651977643,2008,-33.887238425600195,2025,68.07859706132639,300000.0,160000.0,20,2,No,2008,351196.9785912581,0.0,351196.9785912581,51196.978591258114,10,104,2006,2025,annual_performance_20y_160k_source.csv,"Rank by full $160K withdrawals funded, then total cash delivered, then ending balance; enforce max 10 Top-250 appearances per ticker.",201029.37395593297,47187.529076592415,0.0,0.0,0.0,0.0,0.0,0.0,0.0,0.0,0.0,0.0,0.0,0.0,0.0,0.0,0.0,0.0,0.0,0.0
209,TD + NVS + PLD + LRCX,Rebalanced annually,TD,Finance,Toronto Dominion Bank (The) Common Stock,10,NVS,Health Care,Novartis AG Common Stock,10,PLD,Real Estate,Prologis Inc. Common Stock,10,LRCX,Technology,Lam Research Corporation Common Stock,10,73.69422971332358,-9.58775502776896,32.72631160879184,-19.046814471061516,40.89756449379997,21.960923603634257,54.94696631674523,-9.198653050254146,36.134175234162036,20.361143255022228,-3.5844779345460793,22.805743906957396,25.71270028931202,15.499433448215736,-7.4276458105716925,24.10422248183277,49.84328874507668,-40.293486917723634,0.9554779079698861,23.12562874837639,2008,-40.293486917723634,2025,73.69422971332358,300000.0,160000.0,20,2,No,2008,350675.6756288323,0.0,350675.6756288323,50675.67562883231,10,104,2006,2025,annual_performance_20y_160k_source.csv,"Rank by full $160K withdrawals funded, then total cash delivered, then ending balance; enforce max 10 Top-250 appearances per ticker.",209376.88624512916,51377.43613759661,0.0,0.0,0.0,0.0,0.0,0.0,0.0,0.0,0.0,0.0,0.0,0.0,0.0,0.0,0.0,0.0,0.0,0.0
210,TD + TM + PLD + MSFT,Rebalanced annually,TD,Finance,Toronto Dominion Bank (The) Common Stock,10,TM,Industrials,Toyota Motor Corporation Common Stock,10,PLD,Real Estate,Prologis Inc. Common Stock,10,MSFT,Technology,Microsoft Corporation Common Stock,10,34.101303344040836,-2.4288260731010496,30.639683848984916,-23.994307668546302,47.31598583097002,19.119195577118475,38.393357616244394,-0.8383702020266535,25.42375148435424,17.97879560421573,3.0519220185510205,14.691404789009312,24.550735698473442,24.482544585088473,-5.333210395519663,10.134173946330339,48.07147575888111,-46.444495535002005,5.83182450702208,21.43530564819678,2008,-46.444495535002005,2009,48.07147575888111,300000.0,160000.0,20,2,No,2008,350109.2685082324,0.0,350109.2685082324,50109.26850823237,10,104,2006,2025,annual_performance_20y_160k_source.csv,"Rank by full $160K withdrawals funded, then total cash delivered, then ending balance; enforce max 10 Top-250 appearances per ticker.",204305.91694459034,56220.679478261154,0.0,0.0,0.0,0.0,0.0,0.0,0.0,0.0,0.0,0.0,0.0,0.0,0.0,0.0,0.0,0.0,0.0,0.0
211,BNS + TM + PLD + MSFT,Rebalanced annually,BNS,Finance,Bank Nova Scotia Halifax Pfd 3 Ordinary Shares,10,TM,Industrials,Toyota Motor Corporation Common Stock,10,PLD,Real Estate,Prologis Inc. Common Stock,10,MSFT,Technology,Microsoft Corporation Common Stock,10,24.045993482306024,5.309935031415567,31.003486293306604,-28.15404061627822,47.16376186711318,18.14863100343491,38.40141055984277,-2.6076845494170398,24.812198244491093,21.17363612543304,0.7208079188372345,12.143800901126012,23.412887335789428,25.522526283930453,-8.739586662312101,11.231879429314674,47.414324438961835,-45.85971316304338,4.914471672350395,21.607664458105724,2008,-45.85971316304338,2009,47.414324438961835,300000.0,160000.0,20,2,No,2008,349717.0411232987,0.0,349717.0411232987,49717.041123298695,10,104,2006,2025,annual_performance_20y_160k_source.csv,"Rank by full $160K withdrawals funded, then total cash delivered, then ending balance; enforce max 10 Top-250 appearances per ticker.",204822.99337431713,54888.961362158065,0.0,0.0,0.0,0.0,0.0,0.0,0.0,0.0,0.0,0.0,0.0,0.0,0.0,0.0,0.0,0.0,0.0,0.0
212,WMT + MS + PLD + MSFT,Rebalanced annually,WMT,Consumer Discretionary,Walmart Inc. Common Stock,10,MS,Finance,Morgan Stanley Common Stock,10,PLD,Real Estate,Prologis Inc. Common Stock,10,MSFT,Technology,Microsoft Corporation Common Stock,10,27.57919572735879,27.13193007948893,26.645761406998925,-17.53827569472235,43.35785425826134,29.67133265970585,44.06518041402998,-2.9111222198353355,34.959605790221325,23.635061003953865,-4.273654017991353,21.19783515965466,33.02540854504338,20.656273324170275,-10.247529703741852,4.672511521310257,40.43899138209647,-37.80647340885603,1.7755944795893246,21.292990417226747,2008,-37.80647340885603,2019,44.06518041402998,300000.0,160000.0,20,2,No,2008,349541.32496964815,0.0,349541.32496964815,49541.32496964815,10,104,2006,2025,annual_performance_20y_160k_source.csv,"Rank by full $160K withdrawals funded, then total cash delivered, then ending balance; enforce max 10 Top-250 appearances per ticker.",203878.97125168022,47499.03501026856,0.0,0.0,0.0,0.0,0.0,0.0,0.0,0.0,0.0,0.0,0.0,0.0,0.0,0.0,0.0,0.0,0.0,0.0
213,CB + TM + PLD + MSFT,Rebalanced annually,CB,Finance,Chubb Limited  Common Stock,10,TM,Industrials,Toyota Motor Corporation Common Stock,10,PLD,Real Estate,Prologis Inc. Common Stock,10,MSFT,Technology,Microsoft Corporation Common Stock,10,16.631207615911716,6.893481319650339,30.548761563169506,-16.952642156754067,43.96538286889361,18.077125991623316,39.764109824847836,-0.2241631643186226,22.896377946603543,14.138357386663564,7.841733784176059,17.058173203635157,28.507500183053367,24.661309045658587,-2.7262330406178727,11.07572165435654,26.28341170057201,-37.998377407219756,1.7079792789983665,21.266351270701257,2008,-37.998377407219756,2021,43.96538286889361,300000.0,160000.0,20,2,No,2008,349314.30480188027,0.0,349314.30480188027,49314.304801880266,10,104,2006,2025,annual_performance_20y_160k_source.csv,"Rank by full $160K withdrawals funded, then total cash delivered, then ending balance; enforce max 10 Top-250 appearances per ticker.",203799.05381210375,47279.89942200924,0.0,0.0,0.0,0.0,0.0,0.0,0.0,0.0,0.0,0.0,0.0,0.0,0.0,0.0,0.0,0.0,0.0,0.0
214,BP + BNS + TM + MSFT,Rebalanced annually,BP,Energy,BP p.l.c. Common Stock,10,BNS,Finance,Bank Nova Scotia Halifax Pfd 3 Ordinary Shares,10,TM,Industrials,Toyota Motor Corporation Common Stock,10,MSFT,Technology,Microsoft Corporation Common Stock,10,23.912205617866878,6.881006612430534,27.108467057020448,-11.070902293604295,38.17641153914904,4.136040771187261,25.89261070648457,-2.188093943927159,23.348280173874976,21.570926673447445,-3.3757741210923182,2.6831344804873956,28.021798448185933,18.063032170222773,-7.009313624703891,-1.7752179255952567,51.73166402729843,-39.47932301539768,7.787305840632991,17.77773441559954,2008,-39.47932301539768,2009,51.73166402729843,300000.0,160000.0,20,2,No,2008,349285.1392143793,0.0,349285.1392143793,49285.139214379305,10,104,2006,2025,annual_performance_20y_160k_source.csv,"Rank by full $160K withdrawals funded, then total cash delivered, then ending balance; enforce max 10 Top-250 appearances per ticker.",193333.2032467986,48388.651075119385,0.0,0.0,0.0,0.0,0.0,0.0,0.0,0.0,0.0,0.0,0.0,0.0,0.0,0.0,0.0,0.0,0.0,0.0
215,BNS + NVS + PLD + MSFT,Rebalanced annually,BNS,Finance,Bank Nova Scotia Halifax Pfd 3 Ordinary Shares,10,NVS,Health Care,Novartis AG Common Stock,10,PLD,Real Estate,Prologis Inc. Common Stock,10,MSFT,Technology,Microsoft Corporation Common Stock,10,32.74414600986678,3.094028721522272,25.480687761099663,-20.03194954486804,40.448893289616485,15.578773973554494,39.51117423226506,0.3310589563016766,26.65356054342523,18.530741431026172,-0.6183582188937224,15.450294695877105,22.972882357490285,18.590161454161198,-4.836628959376923,15.556222138175448,43.23854947648984,-38.111375629593155,8.89858943280753,16.78978036611317,2008,-38.111375629593155,2009,43.23854947648984,300000.0,160000.0,20,2,No,2008,349279.21556080383,0.0,349279.21556080383,49279.21556080383,10,104,2006,2025,annual_performance_20y_160k_source.csv,"Rank by full $160K withdrawals funded, then total cash delivered, then ending balance; enforce max 10 Top-250 appearances per ticker.",190369.34109833953,47309.52716862169,0.0,0.0,0.0,0.0,0.0,0.0,0.0,0.0,0.0,0.0,0.0,0.0,0.0,0.0,0.0,0.0,0.0,0.0
216,JPM + TM + PLD + MSFT,Rebalanced annually,JPM,Finance,JP Morgan Chase & Co. Common Stock,10,TM,Industrials,Toyota Motor Corporation Common Stock,10,PLD,Real Estate,Prologis Inc. Common Stock,10,MSFT,Technology,Microsoft Corporation Common Stock,10,22.522083979762744,11.993920662200068,37.15641902618475,-24.1056460538632,43.939656780188514,16.340852510482613,45.843938227934984,0.5283448441361109,26.381740045500493,18.875165252851957,8.873300658568333,15.915332544938398,29.723977803228337,29.31495553293373,-11.33107132934335,5.0485157096095135,35.340462144955715,-41.037265616323594,-0.963743831726589,23.823180268616213,2008,-41.037265616323594,2019,45.843938227934984,300000.0,160000.0,20,2,No,2008,349146.173569556,0.0,349146.173569556,49146.17356955598,10,104,2006,2025,annual_performance_20y_160k_source.csv,"Rank by full $160K withdrawals funded, then total cash delivered, then ending balance; enforce max 10 Top-250 appearances per ticker.",211469.5408058486,49431.5161503517,0.0,0.0,0.0,0.0,0.0,0.0,0.0,0.0,0.0,0.0,0.0,0.0,0.0,0.0,0.0,0.0,0.0,0.0
217,BNS + NVS + TM + MSFT,Rebalanced annually,BNS,Finance,Bank Nova Scotia Halifax Pfd 3 Ordinary Shares,10,NVS,Health Care,Novartis AG Common Stock,10,TM,Industrials,Toyota Motor Corporation Common Stock,10,MSFT,Technology,Microsoft Corporation Common Stock,10,29.514508589674183,9.845621020999879,29.642120690571133,-18.308080791594506,28.167844539244868,15.29961890305816,31.218489372713304,0.4407307602928725,23.192873395055187,11.323321970950229,-1.3061015531130042,11.86478864441034,30.291055963639067,21.46990122589055,-6.85164518343492,6.966860022185833,47.084569119261296,-32.76284198870468,3.6155882063355396,18.603334619039366,2008,-32.76284198870468,2009,47.084569119261296,300000.0,160000.0,20,2,No,2008,348837.80679584347,0.0,348837.80679584347,48837.80679584347,10,104,2006,2025,annual_performance_20y_160k_source.csv,"Rank by full $160K withdrawals funded, then total cash delivered, then ending balance; enforce max 10 Top-250 appearances per ticker.",195810.00385711808,42889.687263401196,0.0,0.0,0.0,0.0,0.0,0.0,0.0,0.0,0.0,0.0,0.0,0.0,0.0,0.0,0.0,0.0,0.0,0.0
218,SONY + JPM + TM + MSFT,Rebalanced annually,SONY,Consumer Staples,Sony Group Corporation American Depositary Shares,10,JPM,Finance,JP Morgan Chase & Co. Common Stock,10,TM,Industrials,Toyota Motor Corporation Common Stock,10,MSFT,Technology,Microsoft Corporation Common Stock,10,21.582910237716124,19.647793062359433,37.99913170766404,-26.090179525546326,32.26632539086976,25.08125735871085,42.34988613806539,4.0800658037033894,35.22294631542406,15.68615543623178,13.129622100613268,15.643071959502326,42.820558986725636,12.210819074982656,-21.921970415385946,3.784986618394643,39.955317755081,-41.33570665170308,5.457715295728776,19.378755639768563,2008,-41.33570665170308,2013,42.820558986725636,300000.0,160000.0,20,2,No,2008,348716.1600167964,0.0,348716.1600167964,48716.16001679638,10,104,2006,2025,annual_performance_20y_160k_source.csv,"Rank by full $160K withdrawals funded, then total cash delivered, then ending balance; enforce max 10 Top-250 appearances per ticker.",198136.26691930566,48949.98026534662,0.0,0.0,0.0,0.0,0.0,0.0,0.0,0.0,0.0,0.0,0.0,0.0,0.0,0.0,0.0,0.0,0.0,0.0
219,WMT + SONY + MS + MSFT,Rebalanced annually,WMT,Consumer Discretionary,Walmart Inc. Common Stock,10,SONY,Consumer Staples,Sony Group Corporation American Depositary Shares,10,MS,Finance,Morgan Stanley Common Stock,10,MSFT,Technology,Microsoft Corporation Common Stock,10,26.640021985312163,34.7858024796483,27.488474088478213,-19.522809166405473,31.68452286894259,38.41173750793409,40.5711283241604,0.640598739731943,43.800812060144885,20.44605118733369,-0.017332575946416462,20.925574574218587,46.12198972854068,3.552136866219201,-20.838428789784448,3.408982430095387,45.05384699222175,-38.104914444235504,8.19705360704469,16.848565788379098,2008,-38.104914444235504,2013,46.12198972854068,300000.0,160000.0,20,2,No,2008,348573.7612257596,0.0,348573.7612257596,48573.761225759576,10,104,2006,2025,annual_performance_20y_160k_source.csv,"Rank by full $160K withdrawals funded, then total cash delivered, then ending balance; enforce max 10 Top-250 appearances per ticker.",190545.69736513728,46164.83032407472,0.0,0.0,0.0,0.0,0.0,0.0,0.0,0.0,0.0,0.0,0.0,0.0,0.0,0.0,0.0,0.0,0.0,0.0
220,BP + BNS + NVS + STX,Rebalanced annually,BP,Energy,BP p.l.c. Common Stock,10,BNS,Finance,Bank Nova Scotia Halifax Pfd 3 Ordinary Shares,10,NVS,Health Care,Novartis AG Common Stock,10,STX,Technology,Seagate Technology Holdings PLC Ordinary Shares (Ireland),10,85.0299105747363,2.44840334434383,24.31773221548605,-8.79639488159738,40.21808317159491,-6.532532365017044,28.148046040694155,-5.173253623731875,19.174366125942928,18.510615932582056,-20.979079777985064,4.711073621623061,38.954011592479866,33.520000964320786,1.2733040758907017,-0.16275322796571157,110.90188979681552,-41.13573392170955,6.011295157440538,17.621201149608915,2008,-41.13573392170955,2009,110.90188979681552,300000.0,160000.0,20,2,No,2008,346169.4067966722,0.0,346169.4067966722,46169.40679667221,10,104,2006,2025,annual_performance_20y_160k_source.csv,"Rank by full $160K withdrawals funded, then total cash delivered, then ending balance; enforce max 10 Top-250 appearances per ticker.",192863.60344882676,44457.20390341143,0.0,0.0,0.0,0.0,0.0,0.0,0.0,0.0,0.0,0.0,0.0,0.0,0.0,0.0,0.0,0.0,0.0,0.0
221,WMT + BP + MS + STX,Rebalanced annually,WMT,Consumer Discretionary,Walmart Inc. Common Stock,10,BP,Energy,BP p.l.c. Common Stock,10,MS,Finance,Morgan Stanley Common Stock,10,STX,Technology,Seagate Technology Holdings PLC Ordinary Shares (Ireland),10,79.86496029222832,26.48630470231049,25.482805861385312,-6.3027210314516875,43.12704414023977,7.560026321134314,32.70205222245907,-8.415434799868887,27.48041137273902,23.61493550550975,-24.634375577082693,10.458614085400617,49.00653778003296,35.58611283432986,-4.137596668474228,-11.0464638448309,108.10233170242216,-40.830831700972425,-1.1116997957776655,22.12441120072249,2008,-40.830831700972425,2009,108.10233170242216,300000.0,160000.0,20,2,No,2008,346081.1675089539,0.0,346081.1675089539,46081.16750895389,10,104,2006,2025,annual_performance_20y_160k_source.csv,"Rank by full $160K withdrawals funded, then total cash delivered, then ending balance; enforce max 10 Top-250 appearances per ticker.",206373.23360216746,44078.982785672386,0.0,0.0,0.0,0.0,0.0,0.0,0.0,0.0,0.0,0.0,0.0,0.0,0.0,0.0,0.0,0.0,0.0,0.0
222,WMT + MS + MCK + STX,Rebalanced annually,WMT,Consumer Discretionary,Walmart Inc. Common Stock,10,MS,Finance,Morgan Stanley Common Stock,10,MCK,Health Care,McKesson Corporation Common Stock,9,STX,Technology,Seagate Technology Holdings PLC Ordinary Shares (Ireland),10,84.86479172085143,35.364410017813064,30.016189507313907,-2.5990274197877223,45.088683952777345,24.65260679684472,37.925014613339584,-14.374080600443275,25.44646441561079,9.302453474739915,-22.564014621421542,22.16528781961305,60.23733099914641,41.47443900785845,-1.3167286883770473,-1.9385238253903818,115.62631675203966,-42.79858413628351,3.031964406133346,19.82067318866893,2008,-42.79858413628351,2009,115.62631675203966,300000.0,160000.0,20,2,No,2008,346032.15672015544,0.0,346032.15672015544,46032.15672015544,10,104,2006,2025,annual_performance_20y_160k_source.csv,"Rank by full $160K withdrawals funded, then total cash delivered, then ending balance; enforce max 10 Top-250 appearances per ticker.",199462.01956600678,45509.637003002834,0.0,0.0,0.0,0.0,0.0,0.0,0.0,0.0,0.0,0.0,0.0,0.0,0.0,0.0,0.0,0.0,0.0,0.0
223,WMT + SONY + MS + STX,Rebalanced annually,WMT,Consumer Discretionary,Walmart Inc. Common Stock,10,SONY,Consumer Staples,Sony Group Corporation American Depositary Shares,10,MS,Finance,Morgan Stanley Common Stock,10,STX,Technology,Seagate Technology Holdings PLC Ordinary Shares (Ireland),10,79.05957441462084,32.56910552145489,30.220537779150757,-25.370392825808736,40.44106307888515,30.313021401610204,41.71679998594769,-5.283304445791489,37.7855357132787,20.028635140875167,-16.281472095108203,19.64701992060316,57.494207851133766,25.941470490086466,-16.45876879212503,0.6971044188641589,108.39984772421084,-47.509662883997606,2.4369251633951032,21.509916614381027,2008,-47.509662883997606,2009,108.39984772421084,300000.0,160000.0,20,2,No,2008,345990.0585823368,0.0,345990.0585823368,45990.05858233682,10,104,2006,2025,annual_performance_20y_160k_source.csv,"Rank by full $160K withdrawals funded, then total cash delivered, then ending balance; enforce max 10 Top-250 appearances per ticker.",204529.74984314304,49513.98678369966,0.0,0.0,0.0,0.0,0.0,0.0,0.0,0.0,0.0,0.0,0.0,0.0,0.0,0.0,0.0,0.0,0.0,0.0
224,WMT + BP + BNS + STX,Rebalanced annually,WMT,Consumer Discretionary,Walmart Inc. Common Stock,10,BP,Energy,BP p.l.c. Common Stock,10,BNS,Finance,Bank Nova Scotia Halifax Pfd 3 Ordinary Shares,10,STX,Technology,Seagate Technology Holdings PLC Ordinary Shares (Ireland),10,79.41427792273912,20.941549498165163,23.504218020565954,-10.92680768254844,41.62417464012684,-1.5380002731245086,28.90529470286623,-7.517557111604989,25.948817993985443,25.529218626109543,-26.508803014549848,2.8883324838111157,35.54277570010021,33.84968408861728,4.450386434817482,-2.4389264889794813,106.69316001737872,-34.72948542958612,8.11912834648942,14.838697053210169,2008,-34.72948542958612,2009,106.69316001737872,300000.0,160000.0,20,2,No,2008,345780.01877581136,0.0,345780.01877581136,45780.01877581136,10,104,2006,2025,annual_performance_20y_160k_source.csv,"Rank by full $160K withdrawals funded, then total cash delivered, then ending balance; enforce max 10 Top-250 appearances per ticker.",184516.0911596305,39497.18942080633,0.0,0.0,0.0,0.0,0.0,0.0,0.0,0.0,0.0,0.0,0.0,0.0,0.0,0.0,0.0,0.0,0.0,0.0
225,WMT + SONY + BNS + STX,Rebalanced annually,WMT,Consumer Discretionary,Walmart Inc. Common Stock,10,SONY,Consumer Staples,Sony Group Corporation American Depositary Shares,10,BNS,Finance,Bank Nova Scotia Halifax Pfd 3 Ordinary Shares,10,STX,Technology,Seagate Technology Holdings PLC Ordinary Shares (Ireland),10,78.60889204513165,27.02435031730956,28.241949938331402,-29.99447947690549,38.938193578772214,21.21499480735138,37.92004246635484,-4.385426757527592,36.25394233452513,21.94291826147496,-18.15589953257536,12.076738319013659,44.03044577120101,24.205041744373887,-7.870785688833321,9.304641774715577,106.9906760391674,-41.408316612611294,11.667753305662188,14.224202466868707,2008,-41.408316612611294,2009,106.9906760391674,300000.0,160000.0,20,2,No,2008,345772.370223024,0.0,345772.370223024,45772.37022302399,10,104,2006,2025,annual_performance_20y_160k_source.csv,"Rank by full $160K withdrawals funded, then total cash delivered, then ending balance; enforce max 10 Top-250 appearances per ticker.",182672.6074006061,43986.39658912961,0.0,0.0,0.0,0.0,0.0,0.0,0.0,0.0,0.0,0.0,0.0,0.0,0.0,0.0,0.0,0.0,0.0,0.0
226,SONY + BP + MS + TSM,Rebalanced annually,SONY,Consumer Staples,Sony Group Corporation American Depositary Shares,10,BP,Energy,BP p.l.c. Common Stock,10,MS,Finance,Morgan Stanley Common Stock,10,TSM,Technology,Taiwan Semiconductor Manufacturing Company Ltd.,10,36.74467188748372,33.241823764487805,21.802944331024896,-12.336144272863061,30.19144083768457,34.78718954463991,36.30896950438414,-5.719216396272186,37.60077545322093,27.684844091605523,-1.0090928214813615,14.478852644081037,37.30607797088136,7.792758371699717,-21.220714792816448,2.3423224873981363,51.94517901230772,-44.239181146916195,3.823776891916146,19.52717027731572,2008,-44.239181146916195,2009,51.94517901230772,300000.0,160000.0,20,2,No,2008,345747.460387229,0.0,345747.460387229,45747.46038722899,10,104,2006,2025,annual_performance_20y_160k_source.csv,"Rank by full $160K withdrawals funded, then total cash delivered, then ending balance; enforce max 10 Top-250 appearances per ticker.",198581.51083194715,46174.82475475711,0.0,0.0,0.0,0.0,0.0,0.0,0.0,0.0,0.0,0.0,0.0,0.0,0.0,0.0,0.0,0.0,0.0,0.0
227,SONY + BNS + NVS + STX,Rebalanced annually,SONY,Consumer Staples,Sony Group Corporation American Depositary Shares,10,BNS,Finance,Bank Nova Scotia Halifax Pfd 3 Ordinary Shares,10,NVS,Health Care,Novartis AG Common Stock,10,STX,Technology,Seagate Technology Holdings PLC Ordinary Shares (Ireland),10,84.22452469712884,8.531204163488226,29.055464133251498,-27.86406667595443,37.53210211024029,16.220462715458844,37.16279380418277,-2.041123269654477,29.47949046648261,14.92431556794747,-12.626176296010573,13.899479456825603,47.44168166358067,23.87535862007739,-11.047868047760101,11.580815035729348,111.19940581860422,-47.814565104734726,9.55992011661331,17.006706563267453,2008,-47.814565104734726,2009,111.19940581860422,300000.0,160000.0,20,2,No,2008,345717.76016054524,0.0,345717.76016054524,45717.76016054524,10,104,2006,2025,annual_performance_20y_160k_source.csv,"Rank by full $160K withdrawals funded, then total cash delivered, then ending balance; enforce max 10 Top-250 appearances per ticker.",191020.1196898024,49281.490538806655,0.0,0.0,0.0,0.0,0.0,0.0,0.0,0.0,0.0,0.0,0.0,0.0,0.0,0.0,0.0,0.0,0.0,0.0
228,BP + BNS + PFE + STX,Rebalanced annually,BP,Energy,BP p.l.c. Common Stock,10,BNS,Finance,Bank Nova Scotia Halifax Pfd 3 Ordinary Shares,10,PFE,Health Care,Pfizer Inc. Common Stock,7,STX,Technology,Seagate Technology Holdings PLC Ordinary Shares (Ireland),10,73.45361017208776,1.8892169816661166,9.9678255987727,-13.41283718764405,57.80524660713971,-6.601237264969004,19.637565057355946,-0.45483469311572744,18.28409578798241,22.62762160332553,-18.077671411547076,1.2397289899553279,37.553407320280485,34.70875118488228,8.185206145347863,-3.1650404203938276,109.38900799555901,-43.970152236480985,4.862534199042443,18.620253881333305,2008,-43.970152236480985,2009,109.38900799555901,300000.0,160000.0,20,2,No,2008,345428.89884600305,0.0,345428.89884600305,45428.89884600305,10,104,2006,2025,annual_performance_20y_160k_source.csv,"Rank by full $160K withdrawals funded, then total cash delivered, then ending balance; enforce max 10 Top-250 appearances per ticker.",195860.7616439999,45384.55816144438,0.0,0.0,0.0,0.0,0.0,0.0,0.0,0.0,0.0,0.0,0.0,0.0,0.0,0.0,0.0,0.0,0.0,0.0
229,SONY + CB + NVS + STX,Rebalanced annually,SONY,Consumer Staples,Sony Group Corporation American Depositary Shares,10,CB,Finance,Chubb Limited  Common Stock,10,NVS,Health Care,Novartis AG Common Stock,10,STX,Technology,Seagate Technology Holdings PLC Ordinary Shares (Ireland),10,76.80973883073453,10.114750451722998,28.6007394031144,-16.662668216430276,34.33372311202073,16.14895770364725,38.52549306918783,0.34239811544393994,27.563670168595067,7.889036829177996,-5.505250430671749,18.81385175933475,52.536294510844606,23.014141381805523,-5.034514426065874,11.424657260771212,90.06849308021438,-39.95322934891111,6.353427723261279,16.665393375862983,2008,-39.95322934891111,2009,90.06849308021438,300000.0,160000.0,20,2,No,2008,345260.14528568403,0.0,345260.14528568403,45260.14528568403,10,104,2006,2025,annual_performance_20y_160k_source.csv,"Rank by full $160K withdrawals funded, then total cash delivered, then ending balance; enforce max 10 Top-250 appearances per ticker.",189996.18012758897,42067.450108952646,0.0,0.0,0.0,0.0,0.0,0.0,0.0,0.0,0.0,0.0,0.0,0.0,0.0,0.0,0.0,0.0,0.0,0.0
230,SONY + BP + CB + STX,Rebalanced annually,SONY,Consumer Staples,Sony Group Corporation American Depositary Shares,10,BP,Energy,BP p.l.c. Common Stock,10,CB,Finance,Chubb Limited  Common Stock,10,STX,Technology,Seagate Technology Holdings PLC Ordinary Shares (Ireland),10,71.20743585892723,7.150136043153654,26.06708576956371,-9.425489718440065,44.342290111924896,4.9853795717763525,33.1996144029591,-2.2864265887760915,27.719076947414855,18.136641531675213,-7.574922998651063,9.632197595411805,50.267036995391464,19.607272326137746,-5.192182867334843,2.682579312990124,94.71558798825153,-46.669710375604105,10.525145357558731,15.83979317242316,2008,-46.669710375604105,2009,94.71558798825153,300000.0,160000.0,20,2,No,2008,345201.7972815674,0.0,345201.7972815674,45201.797281567415,10,104,2006,2025,annual_performance_20y_160k_source.csv,"Rank by full $160K withdrawals funded, then total cash delivered, then ending balance; enforce max 10 Top-250 appearances per ticker.",187519.3795172695,47256.06678505431,0.0,0.0,0.0,0.0,0.0,0.0,0.0,0.0,0.0,0.0,0.0,0.0,0.0,0.0,0.0,0.0,0.0,0.0
231,SONY + BP + CB + TSM,Rebalanced annually,SONY,Consumer Staples,Sony Group Corporation American Depositary Shares,10,BP,Energy,BP p.l.c. Common Stock,10,CB,Finance,Chubb Limited  Common Stock,10,TSM,Technology,Taiwan Semiconductor Manufacturing Company Ltd.,10,28.879203651600207,29.280614848577247,19.369631760068444,-5.75883246443566,25.490192339352074,25.617657938569486,33.874911249796355,-2.4378173229098716,34.153361776579814,22.563848473435844,4.237405606390304,11.822943345000684,28.93692873821255,5.19511238771527,-6.61937806783051,10.793702068291422,29.405094588874448,-30.276499119706266,9.8481126408312,11.900142942398928,2008,-30.276499119706266,2017,34.153361776579814,300000.0,160000.0,20,2,No,2008,343011.2688007565,0.0,343011.2688007565,43011.26880075649,10,104,2006,2025,annual_performance_20y_160k_source.csv,"Rank by full $160K withdrawals funded, then total cash delivered, then ending balance; enforce max 10 Top-250 appearances per ticker.",175700.42882719677,33003.60496852256,0.0,0.0,0.0,0.0,0.0,0.0,0.0,0.0,0.0,0.0,0.0,0.0,0.0,0.0,0.0,0.0,0.0,0.0
232,SONY + BP + CB + SAP,Rebalanced annually,SONY,Consumer Staples,Sony Group Corporation American Depositary Shares,10,BP,Energy,BP p.l.c. Common Stock,10,CB,Finance,Chubb Limited  Common Stock,10,SAP,Technology,SAP  SE ADS,10,14.779753964432652,21.45127316304704,21.862536063491277,-2.6187005140041983,24.771279978306975,2.130102811608764,26.771818981582683,-4.072511820436917,31.475837147790436,17.5660486332975,6.85412839290051,-0.6301482185465499,30.32451043394161,9.702276009870449,-6.932671237235148,9.472944203322896,24.109207235180218,-33.17714669138758,10.419776769154879,11.903384127935954,2008,-33.17714669138758,2017,31.475837147790436,300000.0,160000.0,20,2,No,2008,342732.30477108265,0.0,342732.30477108265,42732.30477108265,10,104,2006,2025,annual_performance_20y_160k_source.csv,"Rank by full $160K withdrawals funded, then total cash delivered, then ending balance; enforce max 10 Top-250 appearances per ticker.",175710.1523838078,34018.758022942464,0.0,0.0,0.0,0.0,0.0,0.0,0.0,0.0,0.0,0.0,0.0,0.0,0.0,0.0,0.0,0.0,0.0,0.0
233,VLO + ING + NVS + TSM,Rebalanced annually,VLO,Energy,Valero Energy Corporation Common Stock,10,ING,Finance,ING Group N.V. Common Stock,10,NVS,Health Care,Novartis AG Common Stock,10,TSM,Technology,Taiwan Semiconductor Manufacturing Company Ltd.,10,57.036624613568364,25.47348986690371,24.050471875180563,10.512689541738933,26.027071622946327,9.665527452811137,35.72115604835683,-13.148759026062647,34.60304686559101,7.759152541252641,13.393236150155662,10.800242899518203,37.20851745780547,37.98608231762442,-6.543265125084652,16.67849014595899,8.754335699747003,-40.05165921445002,5.317089274912129,15.333184103874345,2008,-40.05165921445002,2025,57.036624613568364,300000.0,160000.0,20,2,No,2008,341515.0485974087,0.0,341515.0485974087,41515.04859740869,10,104,2006,2025,annual_performance_20y_160k_source.csv,"Rank by full $160K withdrawals funded, then total cash delivered, then ending balance; enforce max 10 Top-250 appearances per ticker.",185999.552311623,35889.31455896888,0.0,0.0,0.0,0.0,0.0,0.0,0.0,0.0,0.0,0.0,0.0,0.0,0.0,0.0,0.0,0.0,0.0,0.0
234,VLO + ING + NVS + SAP,Rebalanced annually,VLO,Energy,Valero Energy Corporation Common Stock,10,ING,Finance,ING Group N.V. Common Stock,10,NVS,Health Care,Novartis AG Common Stock,10,SAP,Technology,SAP  SE ADS,10,42.937174926400814,17.644148181373502,26.543376178603395,13.652821492170393,25.308159261901228,-13.822027674149586,28.618063780143153,-14.783453523589692,31.925522236801633,2.7613527011142946,16.009958936665868,-1.6528486640290305,38.59609915353454,42.4932459397796,-6.8565582944892896,15.357732280990465,3.458448346052773,-42.95230678613133,5.888753403235808,15.336425289411373,2008,-42.95230678613133,2025,42.937174926400814,300000.0,160000.0,20,2,No,2008,341086.4837524032,0.0,341086.4837524032,41086.483752403175,10,104,2006,2025,annual_performance_20y_160k_source.csv,"Rank by full $160K withdrawals funded, then total cash delivered, then ending balance; enforce max 10 Top-250 appearances per ticker.",186009.2758682341,36962.90343125901,0.0,0.0,0.0,0.0,0.0,0.0,0.0,0.0,0.0,0.0,0.0,0.0,0.0,0.0,0.0,0.0,0.0,0.0
235,VLO + ING + PFE + TSM,Rebalanced annually,VLO,Energy,Valero Energy Corporation Common Stock,10,ING,Finance,ING Group N.V. Common Stock,10,PFE,Health Care,Pfizer Inc. Common Stock,7,TSM,Technology,Taiwan Semiconductor Manufacturing Company Ltd.,10,45.46032421091982,24.914303504225995,9.700565258467213,5.896247235692263,43.61423505849111,9.596822552859177,27.210675065018624,-8.4303400954465,33.712776527630496,11.876158211996113,16.294644516593646,7.3288982678504695,35.80791318560608,39.17483253818591,0.3686369443725086,13.676202953530872,7.24145389849048,-42.88607752922145,4.1683283165140335,16.33223683559873,2008,-42.88607752922145,2025,45.46032421091982,300000.0,160000.0,20,2,No,2008,341060.5955128113,0.0,341060.5955128113,41060.59551281133,10,104,2006,2025,annual_performance_20y_160k_source.csv,"Rank by full $160K withdrawals funded, then total cash delivered, then ending balance; enforce max 10 Top-250 appearances per ticker.",188996.7105067962,36874.71390813103,0.0,0.0,0.0,0.0,0.0,0.0,0.0,0.0,0.0,0.0,0.0,0.0,0.0,0.0,0.0,0.0,0.0,0.0
236,VLO + CB + PFE + TSM,Rebalanced annually,VLO,Energy,Valero Energy Corporation Common Stock,10,CB,Finance,Chubb Limited  Common Stock,10,PFE,Health Care,Pfizer Inc. Common Stock,7,TSM,Technology,Taiwan Semiconductor Manufacturing Company Ltd.,10,26.818469179187097,27.82355591632989,2.78100528654464,10.942085285242982,36.72300815187757,15.364350600515715,27.784928573125583,-1.0128750840292828,27.778219895176463,12.947661855072285,15.760985700237024,12.798277582687529,31.867510925949148,35.47705953068095,10.684462387648141,20.331261186305003,9.682125178882306,-28.730923954244382,7.169356198612426,12.266351062546656,2008,-28.730923954244382,2021,36.72300815187757,300000.0,160000.0,20,2,No,2008,341006.13758621394,0.0,341006.13758621394,41006.13758621394,10,104,2006,2025,annual_performance_20y_160k_source.csv,"Rank by full $160K withdrawals funded, then total cash delivered, then ending balance; enforce max 10 Top-250 appearances per ticker.",176799.05318763998,29474.407066436135,0.0,0.0,0.0,0.0,0.0,0.0,0.0,0.0,0.0,0.0,0.0,0.0,0.0,0.0,0.0,0.0,0.0,0.0
237,VLO + CB + NVS + TSM,Rebalanced annually,VLO,Energy,Valero Energy Corporation Common Stock,10,CB,Finance,Chubb Limited  Common Stock,10,NVS,Health Care,Novartis AG Common Stock,10,TSM,Technology,Taiwan Semiconductor Manufacturing Company Ltd.,10,38.39476958183565,28.3827422790076,17.13091190325799,15.55852759128965,19.13584471633278,15.433055500467676,36.29540955646379,-5.73129401464543,28.668490233136986,8.830656184328813,12.859577333799038,16.269622214355262,33.268115198148536,34.288309310119445,3.7725603181909815,23.33354837873312,11.195006980138828,-25.89650563947295,8.31811715701052,11.267298330822271,2008,-25.89650563947295,2025,38.39476958183565,300000.0,160000.0,20,2,No,2008,340940.86218638514,0.0,340940.86218638514,40940.862186385144,10,104,2006,2025,annual_performance_20y_160k_source.csv,"Rank by full $160K withdrawals funded, then total cash delivered, then ending balance; enforce max 10 Top-250 appearances per ticker.",173801.89499246684,28258.940239044634,0.0,0.0,0.0,0.0,0.0,0.0,0.0,0.0,0.0,0.0,0.0,0.0,0.0,0.0,0.0,0.0,0.0,0.0
238,VLO + ING + MCK + TSM,Rebalanced annually,VLO,Energy,Valero Energy Corporation Common Stock,10,ING,Finance,ING Group N.V. Common Stock,10,MCK,Health Care,McKesson Corporation Common Stock,9,TSM,Technology,Taiwan Semiconductor Manufacturing Company Ltd.,10,56.43415307038417,31.386980773836935,26.050201887558472,21.45356165139311,37.99727843538807,15.594529796650644,35.61823977300861,-21.736229530857067,32.72450668728257,3.694275212980024,13.393924537837497,13.325262469807692,46.17005316146579,40.46753943548522,-3.8800655862564426,17.044352217618417,20.925415657401643,-48.73589267645409,13.63247111112059,12.20384588838096,2008,-48.73589267645409,2025,56.43415307038417,300000.0,160000.0,20,2,No,2008,340858.3679350729,0.0,340858.3679350729,40858.36793507292,10,104,2006,2025,annual_performance_20y_160k_source.csv,"Rank by full $160K withdrawals funded, then total cash delivered, then ending balance; enforce max 10 Top-250 appearances per ticker.",176611.53766514285,40688.054516249336,0.0,0.0,0.0,0.0,0.0,0.0,0.0,0.0,0.0,0.0,0.0,0.0,0.0,0.0,0.0,0.0,0.0,0.0
239,VLO + CB + PFE + SAP,Rebalanced annually,VLO,Energy,Valero Energy Corporation Common Stock,10,CB,Finance,Chubb Limited  Common Stock,10,PFE,Health Care,Pfizer Inc. Common Stock,7,SAP,Technology,SAP  SE ADS,10,12.719019492019545,19.994214230799685,5.273909589967473,14.082217235674442,36.00409579083247,-8.123204526445008,20.681836304911908,-2.647569581556328,25.100695266387085,7.949862014933938,18.37770848674723,0.3451860191402947,33.25509262167821,39.98422315283612,10.371169218243503,19.01050332133648,4.386237825188077,-31.631571525925693,7.741020326936105,12.269592248083683,2008,-31.631571525925693,2012,39.98422315283612,300000.0,160000.0,20,2,No,2008,340849.34886283724,0.0,340849.34886283724,40849.34886283724,10,104,2006,2025,annual_performance_20y_160k_source.csv,"Rank by full $160K withdrawals funded, then total cash delivered, then ending balance; enforce max 10 Top-250 appearances per ticker.",176808.77674425102,30495.580091830576,0.0,0.0,0.0,0.0,0.0,0.0,0.0,0.0,0.0,0.0,0.0,0.0,0.0,0.0,0.0,0.0,0.0,0.0
240,VLO + ING + PFE + SAP,Rebalanced annually,VLO,Energy,Valero Energy Corporation Common Stock,10,ING,Finance,ING Group N.V. Common Stock,10,PFE,Health Care,Pfizer Inc. Common Stock,7,SAP,Technology,SAP  SE ADS,10,31.360874523752273,17.08496181869579,12.193469561890046,9.036379186123725,42.89532269744601,-13.890732574101547,20.107582796804948,-10.065034592973545,31.035251898841118,6.878358371857768,18.91136730310385,-5.124193295696763,37.19549488133515,43.68199616034109,0.05534377496787046,12.355445088562348,1.9455665447962511,-45.786725100902764,4.739992444837712,16.33547802113576,2008,-45.786725100902764,2012,43.68199616034109,300000.0,160000.0,20,2,No,2008,340582.2458775359,0.0,340582.2458775359,40582.2458775359,10,104,2006,2025,annual_performance_20y_160k_source.csv,"Rank by full $160K withdrawals funded, then total cash delivered, then ending balance; enforce max 10 Top-250 appearances per ticker.",189006.43406340724,37965.32475826991,0.0,0.0,0.0,0.0,0.0,0.0,0.0,0.0,0.0,0.0,0.0,0.0,0.0,0.0,0.0,0.0,0.0,0.0
241,WMT + VLO + ING + TSM,Rebalanced annually,WMT,Consumer Discretionary,Walmart Inc. Common Stock,10,VLO,Energy,Valero Energy Corporation Common Stock,10,ING,Finance,ING Group N.V. Common Stock,10,TSM,Technology,Taiwan Semiconductor Manufacturing Company Ltd.,10,51.420991961571175,43.96663602072503,23.236957680260467,8.382276740787873,27.433163091478253,14.660059544703671,36.478404710528906,-15.493062513935762,41.37749873363353,14.777755234780127,7.863512913590874,8.977501761706257,33.79728156542582,38.31576544192092,-3.36618276615787,14.402316884945218,4.545605920310189,-33.64541072232659,7.42492246396101,12.550680007475599,2008,-33.64541072232659,2025,51.420991961571175,300000.0,160000.0,20,2,No,2008,340465.45815770724,0.0,340465.45815770724,40465.45815770724,10,104,2006,2025,annual_performance_20y_160k_source.csv,"Rank by full $160K withdrawals funded, then total cash delivered, then ending balance; enforce max 10 Top-250 appearances per ticker.",177652.04002242675,30842.566249736905,0.0,0.0,0.0,0.0,0.0,0.0,0.0,0.0,0.0,0.0,0.0,0.0,0.0,0.0,0.0,0.0,0.0,0.0
242,VLO + ING + MCK + SAP,Rebalanced annually,VLO,Energy,Valero Energy Corporation Common Stock,10,ING,Finance,ING Group N.V. Common Stock,10,MCK,Health Care,McKesson Corporation Common Stock,9,SAP,Technology,SAP  SE ADS,10,42.33470338321661,23.55763908830673,28.543106190981305,24.59369360182457,37.27836607434297,-7.893025330310079,28.515147504794932,-23.37092402838411,30.046982058493192,-1.3035246271583225,16.0106473243477,0.8721709062604583,47.55763485719485,44.974703057640404,-4.19335875566108,15.723594352649894,15.629528303707414,-51.636540248135404,14.20413523944427,12.207087073917986,2008,-51.636540248135404,2013,47.55763485719485,300000.0,160000.0,20,2,No,2008,340171.81097603735,0.0,340171.81097603735,40171.81097603735,10,104,2006,2025,annual_performance_20y_160k_source.csv,"Rank by full $160K withdrawals funded, then total cash delivered, then ending balance; enforce max 10 Top-250 appearances per ticker.",176621.26122175396,41708.784027304064,0.0,0.0,0.0,0.0,0.0,0.0,0.0,0.0,0.0,0.0,0.0,0.0,0.0,0.0,0.0,0.0,0.0,0.0
243,ING + MCK + GLW + TSM,Rebalanced annually,ING,Finance,ING Group N.V. Common Stock,10,MCK,Health Care,McKesson Corporation Common Stock,9,GLW,Industrials,Corning Incorporated Common Stock,8,TSM,Technology,Taiwan Semiconductor Manufacturing Company Ltd.,10,69.1308008892908,47.287314583703974,24.27671176770407,-0.1758233042562498,29.41429409657946,31.410826941785075,27.795279165568502,-18.62454700280452,31.386003675309567,12.587443830546068,-2.8932932205878976,21.066227111179114,41.19505387515163,23.85794431520832,-9.89989005644695,7.4709543361753745,52.373201238065676,-46.55033000901498,11.352625399547808,11.078677838276315,2008,-46.55033000901498,2025,69.1308008892908,300000.0,160000.0,20,2,No,2008,337586.476211219,0.0,337586.476211219,37586.47621121898,10,104,2006,2025,annual_performance_20y_160k_source.csv,"Rank by full $160K withdrawals funded, then total cash delivered, then ending balance; enforce max 10 Top-250 appearances per ticker.",173236.03351482895,32902.87145680256,0.0,0.0,0.0,0.0,0.0,0.0,0.0,0.0,0.0,0.0,0.0,0.0,0.0,0.0,0.0,0.0,0.0,0.0
244,ING + PFE + GLW + TSM,Rebalanced annually,ING,Finance,ING Group N.V. Common Stock,10,PFE,Health Care,Pfizer Inc. Common Stock,7,GLW,Industrials,Corning Incorporated Common Stock,8,TSM,Technology,Taiwan Semiconductor Manufacturing Company Ltd.,10,58.15697202982646,40.814637314093034,7.927075138612815,-15.733137719957096,35.031250719682504,25.413119697993608,19.387714457578518,-5.318657567393951,32.374273515657485,20.769326829562157,0.00742675816825189,15.069862909221893,30.832913899291935,22.56523741790901,-5.651187525817998,4.102805072087831,38.68923947915451,-40.70051486178234,1.888482604941247,15.207068785494087,2008,-40.70051486178234,2025,58.15697202982646,300000.0,160000.0,20,2,No,2008,337271.9419540275,0.0,337271.9419540275,37271.94195402751,10,104,2006,2025,annual_performance_20y_160k_source.csv,"Rank by full $160K withdrawals funded, then total cash delivered, then ending balance; enforce max 10 Top-250 appearances per ticker.",185621.2063564823,29126.630549606576,0.0,0.0,0.0,0.0,0.0,0.0,0.0,0.0,0.0,0.0,0.0,0.0,0.0,0.0,0.0,0.0,0.0,0.0
245,ING + MCK + GLW + SAP,Rebalanced annually,ING,Finance,ING Group N.V. Common Stock,10,MCK,Health Care,McKesson Corporation Common Stock,9,GLW,Industrials,Corning Incorporated Common Stock,8,SAP,Technology,SAP  SE ADS,10,55.03135120212325,39.457972898173765,26.769616071126904,2.964308646175211,28.69538173553436,7.923271814824354,20.692186897354826,-20.259241500331562,28.708479046520186,7.589643990407721,-0.27657043407769155,8.613135547631881,42.58263557088069,28.365107937363504,-10.213183225851587,6.150196471206851,47.07731388437144,-49.45097758069629,11.924289527871485,11.081919023813342,2008,-49.45097758069629,2025,55.03135120212325,300000.0,160000.0,20,2,No,2008,337138.1823849943,0.0,337138.1823849943,37138.18238499429,10,104,2006,2025,annual_performance_20y_160k_source.csv,"Rank by full $160K withdrawals funded, then total cash delivered, then ending balance; enforce max 10 Top-250 appearances per ticker.",173245.75707144005,33904.08273939145,0.0,0.0,0.0,0.0,0.0,0.0,0.0,0.0,0.0,0.0,0.0,0.0,0.0,0.0,0.0,0.0,0.0,0.0
246,HSBC + MCK + GLW + SAP,Rebalanced annually,HSBC,Finance,HSBC Holdings plc. Common Stock,3,MCK,Health Care,McKesson Corporation Common Stock,9,GLW,Industrials,Corning Incorporated Common Stock,8,SAP,Technology,SAP  SE ADS,10,49.940903950178274,45.0168420999328,28.663355411784373,5.965361325649549,20.032812705319117,5.411526986746818,15.891799164455628,-14.446323135320055,28.579242770474302,7.194521053768119,-4.757805965744705,7.927308231371082,32.798754084122756,31.711966363731246,-9.051158025025567,4.314656961926963,55.523006510678215,-41.550171804673745,12.963401917616755,7.876194837404773,2008,-41.550171804673745,2009,55.523006510678215,300000.0,160000.0,20,2,No,2008,334519.1802263821,0.0,334519.1802263821,34519.1802263821,10,104,2006,2025,annual_performance_20y_160k_source.csv,"Rank by full $160K withdrawals funded, then total cash delivered, then ending balance; enforce max 10 Top-250 appearances per ticker.",163628.58451221435,24840.41557463989,0.0,0.0,0.0,0.0,0.0,0.0,0.0,0.0,0.0,0.0,0.0,0.0,0.0,0.0,0.0,0.0,0.0,0.0
247,HSBC + PFE + GLW + SAP,Rebalanced annually,HSBC,Finance,HSBC Holdings plc. Common Stock,3,PFE,Health Care,Pfizer Inc. Common Stock,7,GLW,Industrials,Corning Incorporated Common Stock,8,SAP,Technology,SAP  SE ADS,10,38.96707509071394,38.54416483032186,12.313718782693112,-9.591953090051296,25.649769328422163,-0.5861802570446495,7.484234456465647,-1.14043369990949,29.567512610822224,15.37640405278421,-1.8570859869885545,1.9309440294138591,22.43661410826306,30.419259466431935,-4.802455494396616,0.9465076978394189,41.83904475176705,-35.700356657441105,3.499259123010199,12.004585784622545,2008,-35.700356657441105,2009,41.83904475176705,300000.0,160000.0,20,2,No,2008,334257.1180051541,0.0,334257.1180051541,34257.11800515407,10,104,2006,2025,annual_performance_20y_160k_source.csv,"Rank by full $160K withdrawals funded, then total cash delivered, then ending balance; enforce max 10 Top-250 appearances per ticker.",176013.75735386758,22172.934815825807,0.0,0.0,0.0,0.0,0.0,0.0,0.0,0.0,0.0,0.0,0.0,0.0,0.0,0.0,0.0,0.0,0.0,0.0
248,WFC + MCK + GLW + SAP,Rebalanced annually,WFC,Finance,Wells Fargo & Company Common Stock,1,MCK,Health Care,McKesson Corporation Common Stock,9,GLW,Industrials,Corning Incorporated Common Stock,8,SAP,Technology,SAP  SE ADS,10,41.8566067349765,48.015157292407665,24.535132216103747,1.0368171797773558,30.128470012934592,2.9261866227042437,20.892292410387036,-15.890616970057028,22.872227367824177,5.923350089503341,-1.4112687104665875,16.495968068959858,39.854067016207274,27.11244409571123,-5.906691582117759,10.106834568940304,48.435499141678676,-31.621558550047038,10.93150074362463,7.368925940686696,2008,-31.621558550047038,2009,48.435499141678676,300000.0,160000.0,20,2,No,2008,333557.72279096843,0.0,333557.72279096843,33557.72279096843,10,104,2006,2025,annual_performance_20y_160k_source.csv,"Rank by full $160K withdrawals funded, then total cash delivered, then ending balance; enforce max 10 Top-250 appearances per ticker.",162106.7778220601,19827.48144514454,0.0,0.0,0.0,0.0,0.0,0.0,0.0,0.0,0.0,0.0,0.0,0.0,0.0,0.0,0.0,0.0,0.0,0.0
249,SPGI + MCK + GLW + SAP,Rebalanced annually,SPGI,Finance,S&P Global Inc. Common Stock,1,MCK,Health Care,McKesson Corporation Common Stock,9,GLW,Industrials,Corning Incorporated Common Stock,8,SAP,Technology,SAP  SE ADS,10,34.390621226043905,39.87946487425016,26.999777161746934,-3.0787588098266343,26.01301744350603,18.687307567418614,31.098693703797473,-10.089886208309263,34.39886611927987,7.40134631844205,1.1903816320148777,14.333887770734197,42.15056819381907,27.80520298042785,3.123796686291328,9.196109577924517,62.318017219387826,-43.44111039740011,5.3084782867540845,11.527967263668767,2008,-43.44111039740011,2009,62.318017219387826,300000.0,160000.0,20,2,No,2008,333490.22856708965,0.0,333490.22856708965,33490.22856708965,10,104,2006,2025,annual_performance_20y_160k_source.csv,"Rank by full $160K withdrawals funded, then total cash delivered, then ending balance; enforce max 10 Top-250 appearances per ticker.",174583.90179100627,23851.650309749937,0.0,0.0,0.0,0.0,0.0,0.0,0.0,0.0,0.0,0.0,0.0,0.0,0.0,0.0,0.0,0.0,0.0,0.0
250,HSBC + MCK + GLW + ADP,Rebalanced annually,HSBC,Finance,HSBC Holdings plc. Common Stock,3,MCK,Health Care,McKesson Corporation Common Stock,9,GLW,Industrials,Corning Incorporated Common Stock,8,ADP,Technology,Automatic Data Processing Inc. Common Stock,1,47.50808379215279,36.803078365910764,15.525742549975307,11.690604088942397,28.378442752753966,7.196189772577719,14.961340533178591,-8.371470020394797,24.790402129010232,10.48562531476009,-7.570495488305629,17.664357661023942,41.690374946338046,19.912256839777164,-5.525804704881159,4.780090767916654,50.83948411351761,-36.80600303246766,14.175491398572628,5.470570985158382,2008,-36.80600303246766,2009,50.83948411351761,300000.0,160000.0,20,2,No,2008,331743.87246894074,0.0,331743.87246894074,31743.87246894074,10,104,2006,2025,annual_performance_20y_160k_source.csv,"Rank by full $160K withdrawals funded, then total cash delivered, then ending balance; enforce max 10 Top-250 appearances per ticker.",156411.71295547514,18583.84187183864,0.0,0.0,0.0,0.0,0.0,0.0,0.0,0.0,0.0,0.0,0.0,0.0,0.0,0.0,0.0,0.0,0.0,0.0
