Symbol,Name,Sector,Industry,Type,MarketCap,Price,NAV,Analyst Rating,Rating Source,Rating Updated ET,Price Target High,Price Target Average,Price Target Low,Price Target Updated ET,Price Target Source,1D,1M,3M,6M,YTD,2025,2024,2023,2022,2021,2020,2019,2018,2017,2016,2015,2014,2013,2012,2011,2010,2009,2008,2007,2006,2005,2004,2003,2002,2001,Since Inception,Short Buy,Long Buy,Fundamental Buy,Short Signal New,Long Signal New,Signal Reasons,Signal Updated ET,Short Signal Score,Long Signal Score,Return Basis,Snapshot Updated ET,Universe Source,History Verification,Verification Coverage,Verified Years,Verification Available Years,Verification Compared Years,Verification Discrepancies,Max Verification Diff (pp),Verification Tolerance (pp),Verification Exceptions,Verification Source,Verification Updated ET
NVDA,NVIDIA Corporation Common Stock,Technology,Semiconductors,Stock,5757490000000.0,239.2400054931641,,Strong Buy,Nasdaq Stock Screener analyst consensus,"Oct 06, 2026 09:22:18 PM EDT",515.0,328.71695,180.0,"Oct 06, 2026 09:22:40 PM EDT",Yahoo Finance analyst consensus,0.1423238197431731,3.971048008690192,21.620733969050644,34.63607727140368,28.578997911255843,38.91652463355915,171.24929998562308,239.01720611496523,-50.2646460286097,125.48211302203364,122.29561579585022,76.94307970504877,-30.815257875991897,81.98792377823665,226.96023131969443,67.1155872151372,27.39571419293796,33.52387038171487,-10.97333271523625,-9.999988998372013,-17.55891084632696,131.47462120802265,-76.2786544095456,37.88170439864816,102.46142355629956,55.17863754241925,1.5517502450165257,101.56281421032322,-82.79516100169168,308.35622720184165,,True,True,True,False,False,Short technical: price above 20-day average; 20-day average above 50-day average; MACD above signal line; RSI in bullish 50-70 zone; 1-month momentum positive; 3-month momentum positive | Fundamental/consensus: Nasdaq Strong Buy | Long technical: price above 200-day average; 50-day average above 200-day average; 6-month return positive; 1-year annualized return positive; 3-year annualized return positive; 5-year annualized return positive,"Oct 06, 2026 09:22:40 PM EDT",6,6,Adjusted total return,"Oct 06, 2026 09:22:40 PM EDT",Nasdaq Stock Screener,,,,,,,,,,,
AAPL,Apple Inc. Common Stock,Technology,Computer Manufacturing,Stock,4858256580200.0,333.6300048828125,,Buy,Nasdaq Stock Screener analyst consensus,"Oct 06, 2026 09:22:18 PM EDT",405.0,328.09384,215.0,"Oct 06, 2026 09:22:40 PM EDT",Yahoo Finance analyst consensus,0.2222927098478822,4.269151361063761,7.486558512073871,31.84433634284003,23.055301106715497,9.052613334426615,30.705251358751795,49.008038053164135,-26.40417204655614,34.648202610430644,82.30666148533984,88.95775553647007,-5.390166067232782,48.46434770223522,12.480420582449447,-3.01373813715472,40.6225356772117,8.069462574279541,32.56696558966108,25.55804274193269,53.06795770993045,146.90088861982713,-56.911352891715694,133.4748072616602,18.013661758110032,123.26082897413296,201.35710722768772,49.12763884911004,-34.56612112655678,47.226735011731535,,True,True,False,False,False,Short technical: price above 20-day average; 20-day average above 50-day average; RSI in bullish 50-70 zone; 1-month momentum positive; 3-month momentum positive | Long technical: price above 200-day average; 50-day average above 200-day average; 6-month return positive; 1-year annualized return positive; 3-year annualized return positive; 5-year annualized return positive | Consensus confirmation: Nasdaq Buy,"Oct 06, 2026 09:22:40 PM EDT",5,6,Adjusted total return,"Oct 06, 2026 09:22:40 PM EDT",Nasdaq Stock Screener,,,,,,,,,,,
GOOGL,Alphabet Inc. Class A Common Stock,Technology,Computer Software: Programming Data Processing,Stock,4237328100000.0,347.67999267578125,,Strong Buy,Nasdaq Stock Screener analyst consensus,"Oct 06, 2026 09:22:18 PM EDT",515.0,429.47406,340.0,"Oct 06, 2026 09:22:40 PM EDT",Yahoo Finance analyst consensus,0.3492341186293268,2.7241037208165286,-5.211158261013105,13.962971765681242,11.295953458960618,65.9935609915567,36.00562214125023,58.32482212000618,-39.08955563543092,65.29579929675538,30.85361442700101,28.17617115501228,-0.8012076936878887,32.92951283884227,1.8560179365041172,46.611760249234216,-5.394016013485037,58.43113359252903,9.518503349917928,8.742860803289698,-4.195305040097241,101.52120125479595,-55.50847108720872,50.16504178616241,10.996489291402176,115.1874742579094,,,,,,False,True,True,False,False,Fundamental/consensus: Nasdaq Strong Buy | Long technical: price above 200-day average; 50-day average above 200-day average; 6-month return positive; 1-year annualized return positive; 3-year annualized return positive; 5-year annualized return positive,"Oct 06, 2026 09:22:40 PM EDT",4,6,Adjusted total return,"Oct 06, 2026 09:22:40 PM EDT",Nasdaq Stock Screener,,,,,,,,,,,
GOOG,Alphabet Inc. Class C Capital Stock,Technology,Computer Software: Programming Data Processing,Stock,4205040900000.0,343.8299865722656,,Strong Buy,Nasdaq Stock Screener analyst consensus,"Oct 06, 2026 09:22:18 PM EDT",475.0,419.64572,340.0,"Oct 06, 2026 09:22:40 PM EDT",Yahoo Finance analyst consensus,1.0224711051397994,2.5409290136608758,-5.381112705828405,13.269597143986012,9.784199118422809,65.41777049107927,35.61646979794912,58.830163903918574,-38.671349994123126,65.17057877875703,31.02871529164655,29.10458677798118,-1.031156606633632,35.57563353915789,1.7051568570359388,44.559921328357134,-5.965605505723726,58.43114609556923,9.51849318052449,8.742845161611923,-4.195297806561193,101.52124135686871,-55.50847481312884,50.16503835925774,10.996458877389491,115.18756218975297,,,,,,False,True,True,False,False,Fundamental/consensus: Nasdaq Strong Buy | Long technical: price above 200-day average; 50-day average above 200-day average; 6-month return positive; 1-year annualized return positive; 3-year annualized return positive; 5-year annualized return positive,"Oct 06, 2026 09:22:40 PM EDT",4,6,Adjusted total return,"Oct 06, 2026 09:22:40 PM EDT",Nasdaq Stock Screener,,,,,,,,,,,
MSFT,Microsoft Corporation Common Stock,Technology,Computer Software: Prepackaged Software,Stock,3899747980963.0,529.2999877929688,,Strong Buy,Nasdaq Stock Screener analyst consensus,"Oct 06, 2026 09:22:18 PM EDT",870.0,585.6149,440.0,"Oct 06, 2026 09:22:40 PM EDT",Yahoo Finance analyst consensus,0.7844920169552072,5.923549102030812,36.37907813821006,42.75025716129812,10.13977203538168,15.584245813147655,12.927330617545651,58.19126581418725,-28.024768454007287,52.47693414280732,42.53404375218886,57.55813892425934,20.795301349935748,40.73059790937934,15.077735930168055,22.691852483717923,27.564613583145416,44.29801469879604,5.798848164553738,-4.515668529452277,-6.524632340487346,60.46720790057911,-44.38563246145727,20.842922824069344,15.839321939621032,-0.9382410418018016,9.128160729024737,6.816447431918182,-21.96225702035528,52.73780756905371,,True,True,True,False,False,Short technical: price above 20-day average; 20-day average above 50-day average; MACD above signal line; RSI in bullish 50-70 zone; 1-month momentum positive; 3-month momentum positive | Fundamental/consensus: Nasdaq Strong Buy | Long technical: price above 200-day average; 50-day average above 200-day average; 6-month return positive; 1-year annualized return positive; 3-year annualized return positive; 5-year annualized return positive,"Oct 06, 2026 09:22:40 PM EDT",6,6,Adjusted total return,"Oct 06, 2026 09:22:40 PM EDT",Nasdaq Stock Screener,,,,,,,,,,,
AMZN,Amazon.com Inc. Common Stock,Consumer Discretionary,Catalog/Specialty Distribution,Stock,2711679232001.0,256.2900085449219,,Strong Buy,Nasdaq Stock Screener analyst consensus,"Oct 06, 2026 09:22:18 PM EDT",405.0,330.59192,230.0,"Oct 06, 2026 09:22:40 PM EDT",Yahoo Finance analyst consensus,1.9451132725369025,-0.8587679922784641,4.191402958150614,19.890538159070715,11.03457257278697,5.209903808910643,44.39252064264869,80.88095528738839,-49.61521476592685,2.3767773568753814,76.25606069163975,23.02774950420645,28.43168959316702,55.95636491351448,10.945572452950517,117.78313909946104,-22.177089223200863,58.96281654730438,44.927791260464375,-3.833336300320101,33.80910235792649,162.3244975565349,-44.64594326049557,134.76937927307594,-16.309650657883555,6.457445431805176,-15.830485933485294,178.56008056503055,74.58410611874172,-30.473893414139557,,False,True,True,False,False,Fundamental/consensus: Nasdaq Strong Buy | Long technical: price above 200-day average; 50-day average above 200-day average; 6-month return positive; 1-year annualized return positive; 3-year annualized return positive; 5-year annualized return positive,"Oct 06, 2026 09:22:40 PM EDT",4,6,Adjusted total return,"Oct 06, 2026 09:22:40 PM EDT",Nasdaq Stock Screener,,,,,,,,,,,
TSM,Taiwan Semiconductor Manufacturing Company Ltd.,Technology,Semiconductors,Stock,2519604082363.0,482.2999877929688,,Strong Buy,Nasdaq Stock Screener analyst consensus,"Oct 06, 2026 09:22:18 PM EDT",700.0,555.0094,440.0,"Oct 06, 2026 09:22:40 PM EDT",Yahoo Finance analyst consensus,-0.7204611132043848,12.7494913290509,11.795511345429176,40.370190264419726,59.95664451896175,55.94950674769157,92.58242298963884,42.32972889835034,-36.74844990135783,12.094649255524349,92.66833815280636,64.84192334968655,-3.505836333081513,42.40662529732611,31.116909993740105,4.884550850303082,31.21348451169186,4.466384590342654,37.70756716040567,7.294248589856278,15.072250807805588,52.6093168658261,-16.431796631790984,-4.9056889112209845,18.72607222495728,26.94539967985785,-4.4022119861015785,56.86809958258099,-54.834021088921126,39.35075584959344,,True,True,True,False,False,Short technical: price above 20-day average; 20-day average above 50-day average; MACD above signal line; 1-month momentum positive; 3-month momentum positive | Fundamental/consensus: Nasdaq Strong Buy | Long technical: price above 200-day average; 50-day average above 200-day average; 6-month return positive; 1-year annualized return positive; 3-year annualized return positive; 5-year annualized return positive,"Oct 06, 2026 09:22:40 PM EDT",5,6,Adjusted total return,"Oct 06, 2026 09:22:40 PM EDT",Nasdaq Stock Screener,,,,,,,,,,,
SPCX,Space Exploration Technologies Corp. Class A Common Stock,Technology,Computer Software: Programming Data Processing,Stock,2322174051821.0,171.08999633789062,,Strong Buy,Nasdaq Stock Screener analyst consensus,"Oct 06, 2026 09:22:18 PM EDT",450.0,227.53847,140.0,"Oct 06, 2026 09:22:40 PM EDT",Yahoo Finance analyst consensus,7.630843678723398,15.640418970568536,14.4644376400747,,6.300092936882273,,,,,,,,,,,,,,,,,,,,,,,,,,,True,True,True,False,False,Short technical: price above 20-day average; 20-day average above 50-day average; MACD above signal line; RSI in bullish 50-70 zone; 1-month momentum positive; 3-month momentum positive | Fundamental/consensus: Nasdaq Strong Buy,"Oct 06, 2026 09:22:40 PM EDT",6,0,Adjusted total return,"Oct 06, 2026 09:22:40 PM EDT",Nasdaq Stock Screener,,,,,,,,,,,
META,Meta Platforms Inc. Class A Common Stock,Technology,Computer Software: Programming Data Processing,Stock,1889994868328.0,741.9000244140625,,Strong Buy,Nasdaq Stock Screener analyst consensus,"Oct 06, 2026 09:22:18 PM EDT",1000.0,794.9607,580.0,"Oct 06, 2026 09:22:40 PM EDT",Yahoo Finance analyst consensus,1.89814402261137,20.382886686010004,20.61559620191491,29.23636368275828,12.683105678101114,13.093105711748866,66.0488823242732,194.13333678111644,-64.22179275781703,23.13294440148379,33.08650412916037,56.57180374381348,-25.71121226060089,53.37680010422599,9.927395451849865,34.14509031394515,42.76301189949925,105.29677642246784,,,,,,,,,,,,,,True,True,True,False,False,Short technical: price above 20-day average; 20-day average above 50-day average; RSI in bullish 50-70 zone; 1-month momentum positive; 3-month momentum positive | Fundamental/consensus: Nasdaq Strong Buy,"Oct 06, 2026 09:22:40 PM EDT",5,5,Adjusted total return,"Oct 06, 2026 09:22:40 PM EDT",Nasdaq Stock Screener,,,,,,,,,,,
AVGO,Broadcom Inc. Common Stock,Technology,Semiconductors,Stock,1730488562361.0,375.80999755859375,,Strong Buy,Nasdaq Stock Screener analyst consensus,"Oct 06, 2026 09:22:18 PM EDT",715.0,531.3149,215.88,"Oct 06, 2026 09:22:40 PM EDT",Yahoo Finance analyst consensus,3.668860840992405,5.195402495226942,1.5411661053453596,12.911391198011945,9.182670598393816,50.63298721364693,110.4929193744752,104.18423389244953,-13.269672981549208,56.48490248634857,44.8800431208618,29.051651270286683,3.621992976733957,48.18600584956936,23.6456376980378,46.03703668880055,93.21690645172872,70.74375162056128,11.592387983765873,2.852774999414587,55.74367695243709,,,,,,,,,,,True,True,True,True,False,Short technical: price above 20-day average; MACD above signal line; RSI in bullish 50-70 zone; 1-month momentum positive; 3-month momentum positive | Fundamental/consensus: Nasdaq Strong Buy | Long technical: price above 200-day average; 50-day average above 200-day average; 6-month return positive; 1-year annualized return positive; 3-year annualized return positive; 5-year annualized return positive,"Oct 06, 2026 09:22:40 PM EDT",5,6,Adjusted total return,"Oct 06, 2026 09:22:40 PM EDT",Nasdaq Stock Screener,,,,,,,,,,,
TSLA,Tesla Inc. Common Stock,Industrials,Auto Manufacturing,Stock,1495812084530.0,380.6799926757813,,Buy,Nasdaq Stock Screener analyst consensus,"Oct 06, 2026 09:22:18 PM EDT",600.0,396.41104,128.11,"Oct 06, 2026 09:22:40 PM EDT",Yahoo Finance analyst consensus,0.514873823802553,7.512428578926955,-5.515016519561433,9.816817936958856,-15.351776295811224,11.360936335891058,62.52414813331912,101.72105464518206,-65.03151169866453,49.755559240135774,743.4369946079432,25.700118885476808,6.88935444900336,45.70171108421774,-10.96621296709317,7.913318504879152,47.84948772420981,344.1394113109243,18.59242883286971,7.247485038347645,,,,,,,,,,,,True,False,False,True,False,Short technical: price above 20-day average; 20-day average above 50-day average; MACD above signal line; RSI in bullish 50-70 zone; 1-month momentum positive,"Oct 06, 2026 09:22:40 PM EDT",5,3,Adjusted total return,"Oct 06, 2026 09:22:40 PM EDT",Nasdaq Stock Screener,,,,,,,,,,,
SKHY,SK hynix Inc. American Depositary Shares,Technology,Semiconductors,Stock,1421433498100.0,195.0200042724609,,Strong Buy,Nasdaq Stock Screener analyst consensus,"Oct 06, 2026 09:22:18 PM EDT",355.0,252.2143,152.0,"Oct 06, 2026 09:22:40 PM EDT",Yahoo Finance analyst consensus,-0.0563729860088013,10.180793374271712,16.076430360531923,,16.076430360531923,,,,,,,,,,,,,,,,,,,,,,,,,,,True,True,True,False,False,Short technical: price above 20-day average; 20-day average above 50-day average; RSI in bullish 50-70 zone; 1-month momentum positive; 3-month momentum positive | Fundamental/consensus: Nasdaq Strong Buy,"Oct 06, 2026 09:22:40 PM EDT",5,0,Adjusted total return,"Oct 06, 2026 09:22:40 PM EDT",Nasdaq Stock Screener,,,,,,,,,,,
MU,Micron Technology Inc. Common Stock,Technology,Semiconductors,Stock,1201629136938.0,1045.56005859375,,Strong Buy,Nasdaq Stock Screener analyst consensus,"Oct 06, 2026 09:22:18 PM EDT",2200.0,1535.5652,361.0,"Oct 06, 2026 09:22:40 PM EDT",Yahoo Finance analyst consensus,-1.7293792077981096,2.8497261406244423,11.421817723441618,176.95347644963823,266.5464349333205,240.2392589682527,-0.9614027498005884,71.93117949126402,-45.929755074798365,24.20816624593232,39.7917234190587,69.49261517320318,-22.83560234009815,87.59120023271876,54.80226542798074,-59.55440016823332,60.96547529053271,243.0599424559334,0.7949083573671745,-21.571073740866943,-24.05302835605909,300.0,-63.58621115272627,-48.06589886519544,4.8835420544459,7.773285623263071,-8.314766407415819,38.295688750966185,-68.58064763628668,-12.676089086418909,,True,True,True,False,False,Short technical: price above 20-day average; 20-day average above 50-day average; RSI in bullish 50-70 zone; 1-month momentum positive; 3-month momentum positive | Fundamental/consensus: Nasdaq Strong Buy | Long technical: price above 200-day average; 50-day average above 200-day average; 6-month return positive; 1-year annualized return positive; 3-year annualized return positive; 5-year annualized return positive,"Oct 06, 2026 09:22:40 PM EDT",5,6,Adjusted total return,"Oct 06, 2026 09:22:40 PM EDT",Nasdaq Stock Screener,,,,,,,,,,,
BRK-B,Berkshire Hathaway Inc.,,,Stock,1112554571940.0,505.5400085449219,,Not Rated,Nasdaq Stock Screener — no consensus rating returned,"Oct 06, 2026 09:22:18 PM EDT",604.0,547.6667,510.0,"Oct 06, 2026 09:22:40 PM EDT",Yahoo Finance analyst consensus,0.2538370591576022,-0.096830274006876,0.3055572509765625,5.743813324949842,0.5749556716462711,10.89172150770894,27.09022433833732,15.461317808128497,3.311034747988084,28.95157040430561,2.370858771385209,10.931534981324464,3.0067558361288382,21.62228888021101,23.432296284928423,-12.061272958050772,26.644734301954152,32.173914818530115,17.562245557702717,-4.755957470435268,21.89592075831444,2.2402029694344794,-32.13682648765942,29.18712713441209,24.885029531903943,-0.0170336103926027,4.298405002552053,16.178291994850547,-4.039605773321475,7.264226924242445,,False,False,False,False,False,Long technical: price above 200-day average; 50-day average above 200-day average; 6-month return positive; 1-year annualized return positive; 3-year annualized return positive; 5-year annualized return positive,"Oct 06, 2026 09:22:40 PM EDT",2,6,Adjusted total return,"Oct 06, 2026 09:22:40 PM EDT",Nasdaq Stock Screener,,,,,,,,,,,
BRK-A,Berkshire Hathaway Inc.,,,Stock,1112533792624.0,758166.0,,Not Rated,Nasdaq Stock Screener — no consensus rating returned,"Oct 06, 2026 09:22:18 PM EDT",906011.0,799502.75,735000.0,"Oct 06, 2026 09:22:40 PM EDT",Yahoo Finance analyst consensus,0.2366547854506295,-0.1559228287351,0.2865079365079293,5.759122865751598,0.4459459459459358,10.850026434823468,25.48629348076481,15.769632033385172,4.004997093165175,29.56945502637897,2.4220383403515955,10.977124183006538,2.822580645161299,21.906759352943816,23.418099089989887,-12.477876106194683,27.037661607644736,32.701775324481574,16.822796392314054,-4.728102947281032,21.421370967741925,2.69151138716357,-31.77966101694916,28.73897627057005,24.11419544120965,0.8191126279863514,4.3323442136498524,15.807560137457056,-3.769841269841268,6.478873239436611,,False,False,False,False,False,Long technical: price above 200-day average; 50-day average above 200-day average; 6-month return positive; 1-year annualized return positive; 3-year annualized return positive; 5-year annualized return positive,"Oct 06, 2026 09:22:40 PM EDT",2,6,Adjusted total return,"Oct 06, 2026 09:22:40 PM EDT",Nasdaq Stock Screener,,,,,,,,,,,
LLY,Eli Lilly and Company Common Stock,Health Care,Biotechnology: Pharmaceutical Preparations,Stock,1076084088143.0,1157.489990234375,,Strong Buy,Nasdaq Stock Screener analyst consensus,"Oct 06, 2026 09:22:18 PM EDT",1600.0,1328.8337,930.0,"Oct 06, 2026 09:22:40 PM EDT",Yahoo Finance analyst consensus,1.2570854484716063,0.7073506113339789,-6.1843582189968105,24.708027034703093,8.225886328645782,40.24557479237567,33.301063682239594,60.90903277501602,34.255393956114055,66.07813393535882,31.039818586688583,16.139962414468446,40.4548267595713,17.834239231628878,-10.368835928438148,25.392478029025444,39.75364067895044,7.286583022296078,24.239308920032386,25.17901310409718,3.656864374851709,-6.241638689153661,-21.30215898158443,5.67059850013758,-5.174542048532427,2.5302815707234583,-17.53695798662437,13.142545729132294,-17.57189940596592,-14.41934537509323,,False,True,True,False,False,Fundamental/consensus: Nasdaq Strong Buy | Long technical: price above 200-day average; 50-day average above 200-day average; 6-month return positive; 1-year annualized return positive; 3-year annualized return positive; 5-year annualized return positive,"Oct 06, 2026 09:22:40 PM EDT",2,6,Adjusted total return,"Oct 06, 2026 09:22:40 PM EDT",Nasdaq Stock Screener,,,,,,,,,,,
AMD,Advanced Micro Devices Inc. Common Stock,Technology,Semiconductors,Stock,1031316107784.0,649.4199829101562,,Strong Buy,Nasdaq Stock Screener analyst consensus,"Oct 06, 2026 09:22:18 PM EDT",1250.0,636.208,365.0,"Oct 06, 2026 09:22:40 PM EDT",Yahoo Finance analyst consensus,2.7969897760437235,35.98424795325763,25.829765232654037,193.1521629073597,203.24055463445808,77.29944700627904,-18.058477773055305,127.58995106091228,-54.98957651821777,56.90763857051218,99.97818984714924,148.42905138021374,79.57198019437331,-9.347446255323,295.1219722916064,7.490629346450928,-31.00774792637437,61.24998882412955,-55.55555457440915,-33.985331370334336,-15.495867280065768,348.1481444688493,-71.19999885559082,-63.14496383582706,-33.49673160856245,38.96457650018337,47.785241755165295,130.65014753164434,-59.26859912996759,14.823526926170103,,True,True,True,False,False,Short technical: price above 20-day average; 20-day average above 50-day average; MACD above signal line; 1-month momentum positive; 3-month momentum positive | Fundamental/consensus: Nasdaq Strong Buy | Long technical: price above 200-day average; 50-day average above 200-day average; 6-month return positive; 1-year annualized return positive; 3-year annualized return positive; 5-year annualized return positive,"Oct 06, 2026 09:22:40 PM EDT",5,6,Adjusted total return,"Oct 06, 2026 09:22:40 PM EDT",Nasdaq Stock Screener,,,,,,,,,,,
JPM,JP Morgan Chase & Co. Common Stock,Finance,Major Banks,Stock,883527927494.0,331.2799987792969,,Buy,Nasdaq Stock Screener analyst consensus,"Oct 06, 2026 09:22:18 PM EDT",420.0,372.8095,305.0,"Oct 06, 2026 09:22:40 PM EDT",Yahoo Finance analyst consensus,0.1662950971182075,-7.1679863227479546,-1.8534442891253056,12.452105950075932,4.791875040363469,37.266293343792746,44.28812962728217,30.62672083038549,-12.641258053304483,27.74578311364124,-5.534758955258312,47.25705821390811,-6.623791278715996,26.75870723307652,34.53637068520234,8.372564885847321,9.88281078402522,36.733343800819696,36.18062315575694,-19.91801303963637,2.3075194274811306,34.36932772863863,-25.142129177471737,-6.876095964552231,25.639109548543114,5.724737385864742,9.95206326479041,60.57535439722981,-30.773889407759118,-17.33900889711153,,False,True,False,False,False,Long technical: price above 200-day average; 50-day average above 200-day average; 6-month return positive; 1-year annualized return positive; 3-year annualized return positive; 5-year annualized return positive | Consensus confirmation: Nasdaq Buy,"Oct 06, 2026 09:22:40 PM EDT",0,6,Adjusted total return,"Oct 06, 2026 09:22:40 PM EDT",Nasdaq Stock Screener,,,,,,,,,,,
WMT,Walmart Inc. Common Stock,Consumer Discretionary,Department/Specialty Retail Stores,Stock,833598717542.0,107.1999969482422,,Strong Buy,Nasdaq Stock Screener analyst consensus,"Oct 06, 2026 09:22:18 PM EDT",155.0,126.775,81.0,"Oct 06, 2026 09:22:40 PM EDT",Yahoo Finance analyst consensus,2.027217340444043,0.0559992149855803,-3.660900296917591,-12.105717465429622,-3.16609637176386,24.48967895860697,73.99229339696217,12.881444296526556,-0.4638597309239545,1.9708417254295172,23.322398094847195,30.16297801551744,-3.431971973492576,46.56072876263635,16.03124760492136,-26.636628484587742,11.870924187788413,18.16368343250243,16.988966481420277,13.844871964061124,3.219461097279952,-2.58325377948192,20.00476588155809,4.890878897387885,0.1326402485201105,-10.297481417290012,0.5070424362655812,5.733840050056083,-11.764603182830724,8.948361483731837,,False,True,True,False,False,Fundamental/consensus: Nasdaq Strong Buy,"Oct 06, 2026 09:22:40 PM EDT",3,3,Adjusted total return,"Oct 06, 2026 09:22:40 PM EDT",Nasdaq Stock Screener,,,,,,,,,,,
ASML,ASML Holding N.V. New York Registry Shares,Technology,Industrial Machinery/Components,Stock,716822898427.0,1834.0999755859373,,Strong Buy,Nasdaq Stock Screener analyst consensus,"Oct 06, 2026 09:22:18 PM EDT",2924.8362,2107.4946,870.13837,"Oct 06, 2026 09:22:40 PM EDT",Yahoo Finance analyst consensus,-1.385051023653039,6.952088213966423,5.104618813408379,40.87666380380524,72.25720562171543,55.83817104714824,-7.69911906481473,39.90320903139357,-30.522996387250057,64.13311289657635,66.28080821381755,93.22995173278142,-9.67760315410626,56.45789352849935,27.896628297208693,-17.057073953519573,16.2331217599206,46.90627165752519,41.92833144955483,10.450821496761195,13.380378473588284,91.62188821215824,-41.42107108566254,22.3219042644788,22.659350680041637,26.13065785290487,-20.59849793459926,139.83259649846542,-50.967747433784496,-24.43213916675193,,True,True,True,False,False,Short technical: price above 20-day average; 20-day average above 50-day average; MACD above signal line; RSI in bullish 50-70 zone; 1-month momentum positive; 3-month momentum positive | Fundamental/consensus: Nasdaq Strong Buy | Long technical: price above 200-day average; 50-day average above 200-day average; 6-month return positive; 1-year annualized return positive; 3-year annualized return positive; 5-year annualized return positive,"Oct 06, 2026 09:22:40 PM EDT",6,6,Adjusted total return,"Oct 06, 2026 09:22:40 PM EDT",Nasdaq Stock Screener,,,,,,,,,,,
XOM,ExxonMobil Holdings Corporation Common Stock,Energy,Integrated oil Companies,Stock,674353561440.0,164.47999572753906,,Buy,Nasdaq Stock Screener analyst consensus,"Oct 06, 2026 09:22:18 PM EDT",200.0,173.40909,142.0,"Oct 06, 2026 09:22:40 PM EDT",Yahoo Finance analyst consensus,0.2926803216701579,3.1416532692579717,16.83606732931169,1.6830293604041202,39.42128716757918,15.977157991459112,11.261623477358883,-6.261542974479317,87.40909916530659,57.575534271020736,-36.211043596042856,7.232895037587905,-15.093327948878088,-3.806863520324044,19.882063194775743,-12.791805470665295,-6.055971477331845,20.11843900767936,4.701355590978862,18.667592219154283,10.128980739451231,-12.605011263439769,-13.1075778583719,24.28786768710813,39.07974197606408,11.786266825298464,28.062287472496152,20.64161334609036,-8.873179089844053,-7.596966371641645,,True,True,False,False,False,Short technical: price above 20-day average; 20-day average above 50-day average; MACD above signal line; RSI in bullish 50-70 zone; 1-month momentum positive; 3-month momentum positive | Long technical: price above 200-day average; 50-day average above 200-day average; 6-month return positive; 1-year annualized return positive; 3-year annualized return positive; 5-year annualized return positive | Consensus confirmation: Nasdaq Buy,"Oct 06, 2026 09:22:40 PM EDT",6,6,Adjusted total return,"Oct 06, 2026 09:22:40 PM EDT",Nasdaq Stock Screener,,,,,,,,,,,
V,Visa Inc.,Consumer Discretionary,Business Services,Stock,660581274235.0,370.6400146484375,,Strong Buy,Nasdaq Stock Screener analyst consensus,"Oct 06, 2026 09:22:18 PM EDT",466.0,419.36163,330.0,"Oct 06, 2026 09:22:40 PM EDT",Yahoo Finance analyst consensus,0.2515547902016468,-1.1811108831082495,5.431160580893768,22.987395675771683,6.317381026497393,11.758294996157147,22.31830259993812,26.308002139054885,-3.404746011361315,-0.3149105036777899,17.12418775283242,43.3270515780505,16.487542644680264,47.17656150844762,1.371195031978978,19.13729937453945,18.635835161671174,48.05640644754916,50.46691587676091,45.40813784820921,-18.99177411034333,67.86053882202138,,,,,,,,,,False,True,True,False,False,Fundamental/consensus: Nasdaq Strong Buy | Long technical: price above 200-day average; 50-day average above 200-day average; 6-month return positive; 1-year annualized return positive; 3-year annualized return positive; 5-year annualized return positive,"Oct 06, 2026 09:22:40 PM EDT",3,6,Adjusted total return,"Oct 06, 2026 09:22:40 PM EDT",Nasdaq Stock Screener,,,,,,,,,,,
INTC,Intel Corporation Common Stock,Technology,Semiconductors,Stock,614072226483.0,112.5,,Buy,Nasdaq Stock Screener analyst consensus,"Oct 06, 2026 09:22:18 PM EDT",200.0,118.04651,80.0,"Oct 06, 2026 09:22:40 PM EDT",Yahoo Finance analyst consensus,-3.1758347223265537,17.43214657229153,1.911405582043524,112.62521323840544,204.878036173253,84.03991486280313,-59.565122431588456,94.56240269464048,-46.64270168060784,6.0525640653184665,-14.68874418147581,30.711957613549213,4.226521618561696,30.87014660377969,8.756372755270636,-2.213942943168612,44.22400373383686,30.92003426701861,-12.01462248298374,19.396402077751105,6.269520841520593,43.90303175635899,-43.512305287813966,34.23193609912545,-17.19863180263056,8.135420675613592,-26.56455776984886,106.61203284707588,-50.315779364848765,4.884607061668578,,False,True,False,False,False,Long technical: price above 200-day average; 50-day average above 200-day average; 6-month return positive; 1-year annualized return positive; 3-year annualized return positive; 5-year annualized return positive | Consensus confirmation: Nasdaq Buy,"Oct 06, 2026 09:22:40 PM EDT",4,6,Adjusted total return,"Oct 06, 2026 09:22:40 PM EDT",Nasdaq Stock Screener,,,,,,,,,,,
JNJ,Johnson & Johnson Common Stock,Health Care,Biotechnology: Pharmaceutical Preparations,Stock,609535652139.0,254.77999877929688,,Strong Buy,Nasdaq Stock Screener analyst consensus,"Oct 06, 2026 09:22:18 PM EDT",320.0,279.63635,190.0,"Oct 06, 2026 09:22:40 PM EDT",Yahoo Finance analyst consensus,0.7314301020389768,-7.430153468273881,-4.192269791069325,8.011001851172272,25.092042009948923,47.4795414382966,-4.811468898644423,-8.578359896246324,5.974865773767912,11.438111884498948,10.823682551755208,16.22003318005456,-5.13149804537385,24.425259054980074,15.3291754092014,1.142179895322082,17.33729191316722,34.62440607978983,10.847411131169403,9.889474707960131,-0.5869590904411637,11.269054755134022,-7.717258930029958,3.6119043659908368,12.434645847797432,-3.36090542039037,25.16810768255384,-2.0753813457534576,-7.879402235166699,14.00197765171878,,False,True,True,False,False,Fundamental/consensus: Nasdaq Strong Buy | Long technical: price above 200-day average; 50-day average above 200-day average; 6-month return positive; 1-year annualized return positive; 3-year annualized return positive; 5-year annualized return positive,"Oct 06, 2026 09:22:40 PM EDT",1,6,Adjusted total return,"Oct 06, 2026 09:22:40 PM EDT",Nasdaq Stock Screener,,,,,,,,,,,
MA,Mastercard Incorporated Common Stock,Consumer Discretionary,Business Services,Stock,494586452025.0,566.5800170898438,,Strong Buy,Nasdaq Stock Screener analyst consensus,"Oct 06, 2026 09:22:18 PM EDT",740.0,666.7138,550.0,"Oct 06, 2026 09:22:40 PM EDT",Yahoo Finance analyst consensus,0.3524664162876556,-2.1805570352180004,6.754780583856968,14.093502167787689,-0.2664261475378571,9.037731094592893,24.174333763556287,23.40388731599954,-2.658540148383315,1.1605877615003646,20.186327255313884,59.15802625366824,25.312869436993918,47.68561276793033,6.907090607672717,13.81113069084634,3.725415438902968,70.67569071483506,32.093003949353815,66.71965773035784,-12.223147777202358,79.72456347068963,-33.38757161392964,119.39914739551833,,,,,,,,False,True,True,False,False,Fundamental/consensus: Nasdaq Strong Buy | Long technical: price above 200-day average; 50-day average above 200-day average; 6-month return positive; 3-year annualized return positive; 5-year annualized return positive,"Oct 06, 2026 09:22:40 PM EDT",3,5,Adjusted total return,"Oct 06, 2026 09:22:40 PM EDT",Nasdaq Stock Screener,,,,,,,,,,,
ABBV,AbbVie Inc. Common Stock,Health Care,Biotechnology: Pharmaceutical Preparations,Stock,469629089662.0,265.760009765625,,Strong Buy,Nasdaq Stock Screener analyst consensus,"Oct 06, 2026 09:22:18 PM EDT",328.0,280.2857,200.0,"Oct 06, 2026 09:22:40 PM EDT",Yahoo Finance analyst consensus,1.1186372267996347,3.626303759031302,5.105700131550739,30.771009082421298,19.06142384404752,33.077847841304965,18.859014959767627,-0.2348425174341195,24.00772697073572,32.426028710473354,27.7182626839136,1.4681618379164485,-0.9564674846530896,60.07490623072065,9.791977742971202,-6.500727660631789,27.918245425390943,,,,,,,,,,,,,,,True,True,True,False,False,Short technical: price above 20-day average; 20-day average above 50-day average; RSI in bullish 50-70 zone; 1-month momentum positive; 3-month momentum positive | Fundamental/consensus: Nasdaq Strong Buy | Long technical: price above 200-day average; 50-day average above 200-day average; 6-month return positive; 1-year annualized return positive; 3-year annualized return positive; 5-year annualized return positive,"Oct 06, 2026 09:22:40 PM EDT",5,6,Adjusted total return,"Oct 06, 2026 09:22:40 PM EDT",Nasdaq Stock Screener,,,,,,,,,,,
PLTR,Palantir Technologies Inc. Class A Common Stock,Technology,Computer Software: Prepackaged Software,Stock,454948929112.0,189.3999938964844,,Strong Buy,Nasdaq Stock Screener analyst consensus,"Oct 06, 2026 09:22:18 PM EDT",255.0,195.56538,80.0,"Oct 06, 2026 09:22:40 PM EDT",Yahoo Finance analyst consensus,0.3443676272764984,8.644520109644805,40.95408259210236,26.20775948074365,6.554145652030585,135.0257919544839,340.4775592158431,167.44548087615635,-64.74464360754327,-22.67516061819803,,,,,,,,,,,,,,,,,,,,,,True,True,True,False,False,Short technical: price above 20-day average; 20-day average above 50-day average; RSI in bullish 50-70 zone; 1-month momentum positive; 3-month momentum positive | Fundamental/consensus: Nasdaq Strong Buy | Long technical: price above 200-day average; 50-day average above 200-day average; 6-month return positive; 1-year annualized return positive; 3-year annualized return positive; 5-year annualized return positive,"Oct 06, 2026 09:22:40 PM EDT",5,6,Adjusted total return,"Oct 06, 2026 09:22:40 PM EDT",Nasdaq Stock Screener,,,,,,,,,,,
CSCO,Cisco Systems Inc. Common Stock (DE),Telecommunications,Computer Communications Equipment,Stock,444802651012.0,117.94000244140624,,Strong Buy,Nasdaq Stock Screener analyst consensus,"Oct 06, 2026 09:22:18 PM EDT",170.0,136.16,110.0,"Oct 06, 2026 09:22:40 PM EDT",Yahoo Finance analyst consensus,4.538204893132014,8.422364786012748,5.91038407558806,47.29814057278512,55.94374794839156,33.473732966468496,20.995618876821556,9.295924117957613,-22.462750653037112,45.76134102977449,-3.486453659669253,13.81261677160821,16.57154843209203,31.268308832763147,15.13363317138028,0.6195853632277037,27.975836671485578,16.72658813350807,11.60554881286444,-9.617181459700742,-15.497087002231902,46.87126391526244,-39.78577179365941,-0.9513367481641888,59.637790428464754,-11.387125813941912,-20.26414441347309,84.96174457285856,-27.6642525522254,-52.6535710825343,,True,True,True,True,False,Short technical: price above 20-day average; MACD above signal line; RSI in bullish 50-70 zone; 1-month momentum positive; 3-month momentum positive | Fundamental/consensus: Nasdaq Strong Buy | Long technical: price above 200-day average; 50-day average above 200-day average; 6-month return positive; 1-year annualized return positive; 3-year annualized return positive; 5-year annualized return positive,"Oct 06, 2026 09:22:40 PM EDT",5,6,Adjusted total return,"Oct 06, 2026 09:22:40 PM EDT",Nasdaq Stock Screener,,,,,,,,,,,
LRCX,Lam Research Corporation Common Stock,Technology,Industrial Machinery/Components,Stock,432742544380.0,333.8900146484375,,Strong Buy,Nasdaq Stock Screener analyst consensus,"Oct 06, 2026 09:22:18 PM EDT",500.0,375.64517,290.0,"Oct 06, 2026 09:22:40 PM EDT",Yahoo Finance analyst consensus,-3.444179746952969,8.644472793818947,2.488186031907147,49.088550431762215,95.63087374746956,139.1632919616359,-6.8447702485107005,88.62905758886907,-40.7231314009013,53.66263833573608,64.18041901225841,119.33351557137826,-24.4007943407646,76.20684885855094,35.17872066598717,1.5028753219977098,46.79609846687103,50.70576102288064,-2.404100580364865,-28.505203149891724,32.05814644433178,84.25750675112842,-50.77492348248423,-14.598973592207198,41.87219663763671,23.41750639104589,-10.495382317108648,199.07417766437496,-53.48838660343914,60.13792331402432,,True,True,True,False,False,Short technical: price above 20-day average; 20-day average above 50-day average; MACD above signal line; RSI in bullish 50-70 zone; 1-month momentum positive; 3-month momentum positive | Fundamental/consensus: Nasdaq Strong Buy | Long technical: price above 200-day average; 50-day average above 200-day average; 6-month return positive; 1-year annualized return positive; 3-year annualized return positive; 5-year annualized return positive,"Oct 06, 2026 09:22:40 PM EDT",6,6,Adjusted total return,"Oct 06, 2026 09:22:40 PM EDT",Nasdaq Stock Screener,,,,,,,,,,,
ORCL,Oracle Corporation Common Stock,Technology,Computer Software: Prepackaged Software,Stock,431928283710.0,144.77000427246094,,Strong Buy,Nasdaq Stock Screener analyst consensus,"Oct 06, 2026 09:22:18 PM EDT",400.0,237.97415,110.0,"Oct 06, 2026 09:22:40 PM EDT",Yahoo Finance analyst consensus,1.6072491673153833,-8.823526019993066,2.594389430914079,1.8237299973802523,-25.008263783445408,18.128085358243997,59.99035880583936,30.94158566428216,-4.645944866667328,36.88943527837778,24.25087724808204,19.34327233696573,-2.9695508487527333,24.936825622194327,6.886560649200768,-17.63103899072861,18.97481316706251,15.68234532516939,31.71695809488193,-17.46207544129558,28.612485918865648,39.387022065127255,-21.479214689323843,31.73866960613898,40.3767116549933,-11.005816540630386,3.7036657077462074,22.50007284510285,-21.795840438738068,-52.48171461709803,,False,True,True,False,False,Fundamental/consensus: Nasdaq Strong Buy,"Oct 06, 2026 09:22:40 PM EDT",3,3,Adjusted total return,"Oct 06, 2026 09:22:40 PM EDT",Nasdaq Stock Screener,,,,,,,,,,,
AMAT,Applied Materials Inc. Common Stock,Technology,Semiconductors,Stock,430352021390.0,530.27001953125,,Strong Buy,Nasdaq Stock Screener analyst consensus,"Oct 06, 2026 09:22:18 PM EDT",900.0,638.94446,358.0,"Oct 06, 2026 09:22:40 PM EDT",Yahoo Finance analyst consensus,-2.2147247025115946,16.617191065975657,-4.267442875239224,50.00901734740806,107.0741494931024,59.603078036795765,1.1290954704516354,67.9730780784674,-37.54261371519151,83.63690316433832,43.28996381226984,89.85516843731607,-34.922001543903534,59.861324140891206,75.7024386187541,-23.51642330622542,43.6955085470218,58.55326496137494,10.191330293550326,-21.87043176137329,3.058243761504853,40.433240079396086,-42.10874822289972,-2.599324367006506,3.912878068871728,5.46526229969122,-23.79681263359393,72.21806488927503,-35.012510403370726,5.008176252774077,,False,True,True,False,False,Fundamental/consensus: Nasdaq Strong Buy | Long technical: price above 200-day average; 50-day average above 200-day average; 6-month return positive; 1-year annualized return positive; 3-year annualized return positive; 5-year annualized return positive,"Oct 06, 2026 09:22:40 PM EDT",4,6,Adjusted total return,"Oct 06, 2026 09:22:40 PM EDT",Nasdaq Stock Screener,,,,,,,,,,,
COST,Costco Wholesale Corporation Common Stock,Consumer Discretionary,Department/Specialty Retail Stores,Stock,409561545070.0,935.6799926757812,,Strong Buy,Nasdaq Stock Screener analyst consensus,"Oct 06, 2026 09:22:18 PM EDT",1315.0,1057.9429,770.0,"Oct 06, 2026 09:22:40 PM EDT",Yahoo Finance analyst consensus,1.316698380908221,2.177474245315292,-1.0904886820595538,-7.37088254688032,8.983651649991575,-5.394718647653551,39.62266631433782,49.00386042040663,-19.04982720094528,51.82123969849164,32.666305451310066,45.70074200729211,10.599277740775047,22.372048747361784,0.2777789055849355,18.94490498944028,20.46040855953317,21.833771710497828,28.39628444154925,16.742815836705873,23.67875453831252,14.319716807187977,-23.9884850691956,33.22115859439161,7.908636178776529,3.193236310966996,31.142718909438138,32.50175978900518,-36.77333538892525,11.123642087921937,,False,True,True,False,False,Fundamental/consensus: Nasdaq Strong Buy,"Oct 06, 2026 09:22:40 PM EDT",4,3,Adjusted total return,"Oct 06, 2026 09:22:40 PM EDT",Nasdaq Stock Screener,,,,,,,,,,,
CVX,Chevron Corporation Common Stock,Energy,Integrated oil Companies,Stock,407937494943.0,207.5800018310547,,Strong Buy,Nasdaq Stock Screener analyst consensus,"Oct 06, 2026 09:22:18 PM EDT",250.0,224.625,175.0,"Oct 06, 2026 09:22:40 PM EDT",Yahoo Finance analyst consensus,0.5376086616888376,-0.4889761469876297,20.33308224068522,4.84740206791332,40.00167747247092,10.104454760292514,1.2871065884749069,-13.632742029491183,58.46234146799658,46.24136147644889,-25.95212613779048,15.273652374673418,-9.747413799129234,10.589613131177432,36.661435437512345,-16.17069321643376,-6.9888684287544685,19.308615246994787,5.061503627929564,20.280045172176475,22.946068929516137,8.061073182141886,-18.329240860504104,30.549806829442083,33.70259824443607,11.54254652766944,25.540955304847323,35.36692773342169,-23.09114569995755,9.280113551135072,,False,True,True,False,False,Fundamental/consensus: Nasdaq Strong Buy | Long technical: price above 200-day average; 50-day average above 200-day average; 6-month return positive; 1-year annualized return positive; 3-year annualized return positive; 5-year annualized return positive,"Oct 06, 2026 09:22:40 PM EDT",3,6,Adjusted total return,"Oct 06, 2026 09:22:40 PM EDT",Nasdaq Stock Screener,,,,,,,,,,,
CAT,Caterpillar Inc. Common Stock,Industrials,Construction/Ag Equipment/Trucks,Stock,389868660356.0,863.4400024414062,,Strong Buy,Nasdaq Stock Screener analyst consensus,"Oct 06, 2026 09:22:18 PM EDT",1155.0,970.79846,575.0,"Oct 06, 2026 09:22:40 PM EDT",Yahoo Finance analyst consensus,1.8039459910768048,6.081529332816316,-7.986026125889101,19.635670482256053,51.642869094971935,60.30460802418911,24.65862275234252,25.948780969814788,18.59882152553736,15.953674839737996,26.965913824346256,19.5136206225937,-17.558089531816613,75.03361822250847,42.10590343393255,-22.973675508190794,3.4765688710459264,3.420342912174545,1.5953507222213448,-1.4528500642822406,68.53003666124641,33.217435387965,-36.803396156018174,20.484284473101155,7.858114623864942,20.6747396420073,19.738755797694814,86.14452761163042,-9.760219077209742,13.648089570928136,,False,True,True,False,False,Fundamental/consensus: Nasdaq Strong Buy | Long technical: price above 200-day average; 50-day average above 200-day average; 6-month return positive; 1-year annualized return positive; 3-year annualized return positive; 5-year annualized return positive,"Oct 06, 2026 09:22:40 PM EDT",4,6,Adjusted total return,"Oct 06, 2026 09:22:40 PM EDT",Nasdaq Stock Screener,,,,,,,,,,,
BAC,Bank of America Corporation Common Stock,Finance,Major Banks,Stock,377608411710.0,54.09000015258789,,Strong Buy,Nasdaq Stock Screener analyst consensus,"Oct 06, 2026 09:22:18 PM EDT",75.0,67.33333,62.0,"Oct 06, 2026 09:22:40 PM EDT",Yahoo Finance analyst consensus,0.1666669492368377,-13.704531127576548,-9.178131196042097,8.688240888388844,-0.0774891977760927,28.04061571244423,33.85331748661899,4.825949897949733,-23.822951143471798,49.60900855599271,-11.632945319006192,46.19022615001438,-14.996598974130816,35.685208766038826,33.368418834290694,-4.775757188549868,15.735179848999593,34.5105634584808,109.8255896138597,-58.12147427442943,-11.157297998249303,7.481003259029739,-63.09295044134029,-18.829519638692386,20.70156447430831,2.4027740920373297,21.524706389107195,20.155055053124823,14.54740312981524,42.69900177905055,,False,True,True,False,False,Fundamental/consensus: Nasdaq Strong Buy,"Oct 06, 2026 09:22:40 PM EDT",0,5,Adjusted total return,"Oct 06, 2026 09:22:40 PM EDT",Nasdaq Stock Screener,,,,,,,,,,,
KO,Coca-Cola Company (The) Common Stock,Consumer Staples,Beverages (Production/Distribution),Stock,372213535012.0,86.16999816894531,,Strong Buy,Nasdaq Stock Screener analyst consensus,"Oct 06, 2026 09:22:18 PM EDT",104.0,94.43478,75.0,"Oct 06, 2026 09:22:40 PM EDT",Yahoo Finance analyst consensus,-0.3930227244125395,-1.5735372728177488,3.134070308295289,14.930626291694193,25.652589509528244,15.600037450254955,8.877525651822737,-4.434533411498743,10.609572626523336,11.372483243603227,2.4691121336239963,20.59946658626925,6.773455039118237,14.382118661419852,-0.357127009149305,5.139861233468701,5.266103752683682,17.232999188715393,6.527610689635921,9.458628632134223,19.020062245053747,30.298350061017977,-24.0989480139011,30.45422179392956,23.104557774754355,-0.6611671090382076,-16.125261848890748,18.12788436678869,-5.496591843009635,-20.894319047757534,,False,True,True,False,False,Fundamental/consensus: Nasdaq Strong Buy | Long technical: price above 200-day average; 50-day average above 200-day average; 6-month return positive; 1-year annualized return positive; 3-year annualized return positive; 5-year annualized return positive,"Oct 06, 2026 09:22:40 PM EDT",1,6,Adjusted total return,"Oct 06, 2026 09:22:40 PM EDT",Nasdaq Stock Screener,,,,,,,,,,,
DELL,Dell Technologies Inc. Class C Common Stock,Technology,Computer Manufacturing,Stock,351153023698.0,552.2899780273438,,Strong Buy,Nasdaq Stock Screener analyst consensus,"Oct 06, 2026 09:22:18 PM EDT",735.0,585.96,480.0,"Oct 06, 2026 09:22:40 PM EDT",Yahoo Finance analyst consensus,-1.818609320328013,5.370695347079657,32.57348449436164,212.29347317778573,342.756598939986,11.219766277600971,52.97057546363553,95.8504252880497,-26.633004436297192,51.21217129545996,42.61530662084074,5.156525482929952,8.58662917540267,47.86246067825108,,,,,,,,,,,,,,,,,,True,True,True,False,False,Short technical: price above 20-day average; 20-day average above 50-day average; RSI in bullish 50-70 zone; 1-month momentum positive; 3-month momentum positive | Fundamental/consensus: Nasdaq Strong Buy | Long technical: price above 200-day average; 50-day average above 200-day average; 6-month return positive; 1-year annualized return positive; 3-year annualized return positive; 5-year annualized return positive,"Oct 06, 2026 09:22:40 PM EDT",5,6,Adjusted total return,"Oct 06, 2026 09:22:40 PM EDT",Nasdaq Stock Screener,,,,,,,,,,,
MRK,Merck & Company Inc. Common Stock (new),Health Care,Biotechnology: Pharmaceutical Preparations,Stock,344269130367.0,141.94000244140625,,Strong Buy,Nasdaq Stock Screener analyst consensus,"Oct 06, 2026 09:22:18 PM EDT",186.0,156.36,105.0,"Oct 06, 2026 09:22:40 PM EDT",Yahoo Finance analyst consensus,1.7199435794382767,-5.023721148016569,10.8007432153725,20.560524307600424,37.63035940920996,9.788055627478997,-6.260051606749628,1.0098667279224482,49.42138479255736,1.7548721308991322,-7.20479612310344,22.27146513056388,39.95384192623621,-1.4865167781987876,15.054157182044037,-3.887981614856984,16.93186283709467,26.826794338458736,13.136443217748583,9.560109691395825,2.911904193871351,26.70059682290356,-45.33245851370553,37.35389016774271,42.67719592450592,4.041782893122825,-27.767409649200104,-11.197244136042062,-1.2091029821663768,-35.96175732749736,,False,True,True,False,False,Fundamental/consensus: Nasdaq Strong Buy | Long technical: price above 200-day average; 50-day average above 200-day average; 6-month return positive; 1-year annualized return positive; 3-year annualized return positive; 5-year annualized return positive,"Oct 06, 2026 09:22:40 PM EDT",2,6,Adjusted total return,"Oct 06, 2026 09:22:40 PM EDT",Nasdaq Stock Screener,,,,,,,,,,,
UNH,UnitedHealth Group Incorporated Common Stock (DE),Health Care,Medical Specialities,Stock,339811457177.0,376.3200073242188,,Strong Buy,Nasdaq Stock Screener analyst consensus,"Oct 06, 2026 09:22:18 PM EDT",529.0,481.72,380.0,"Oct 06, 2026 09:22:40 PM EDT",Yahoo Finance analyst consensus,-0.5969621554771432,-4.659009700365157,-11.572612585013964,23.74476810049824,16.252239254266353,-33.1357493570967,-2.4103588904756723,0.7952108277842873,6.9362874428420485,45.20370896164228,21.250200499690752,20.00305117505612,14.523882293579373,39.834990195454864,38.40830057653415,18.271281281609376,36.45606517171169,41.04314813088674,8.602600896774938,42.1890141015133,19.91075812890968,14.75406589138155,-54.25565206742298,8.378689373400228,-13.487569391088016,41.22463117464632,51.37809734722738,39.39987340711299,18.03548035784843,15.36923812668627,,False,True,True,False,False,Fundamental/consensus: Nasdaq Strong Buy | Long technical: price above 200-day average; 50-day average above 200-day average; 6-month return positive; 1-year annualized return positive; 5-year annualized return positive,"Oct 06, 2026 09:22:40 PM EDT",2,5,Adjusted total return,"Oct 06, 2026 09:22:40 PM EDT",Nasdaq Stock Screener,,,,,,,,,,,
PG,Procter & Gamble Company (The) Common Stock,Consumer Discretionary,Package Goods/Cosmetics,Stock,339227760776.0,148.41000366210938,,Buy,Nasdaq Stock Screener analyst consensus,"Oct 06, 2026 09:22:18 PM EDT",186.0,160.78261,143.0,"Oct 06, 2026 09:22:40 PM EDT",Yahoo Finance analyst consensus,1.692477168276607,1.3452616688471863,-2.115947268078089,6.612714672103515,5.863748314551942,-12.259896879354192,17.253788688925177,-0.8576705988040834,-5.047957472331821,20.52205264547706,14.15251760791898,39.70045382714049,3.569526957023505,12.695284696036202,9.360276186789807,-9.969572136840863,15.423929829950268,23.646322565917583,5.203599089399646,7.063505793936331,9.363994351928406,1.1782390573673365,-13.809852323391702,16.642676441091943,13.38328197635652,7.188019855166505,12.378596403837829,18.479699933108297,11.499917697297146,3.1077120465219155,,False,False,False,False,False,,"Oct 06, 2026 09:22:40 PM EDT",4,5,Adjusted total return,"Oct 06, 2026 09:22:40 PM EDT",Nasdaq Stock Screener,,,,,,,,,,,
PANW,Palo Alto Networks Inc. Common Stock,Technology,Computer peripheral equipment,Stock,332729680000.0,406.760009765625,,Strong Buy,Nasdaq Stock Screener analyst consensus,"Oct 06, 2026 09:22:18 PM EDT",475.0,396.92,190.0,"Oct 06, 2026 09:22:40 PM EDT",Yahoo Finance analyst consensus,0.8729341376097377,22.054851421174423,20.685971829190297,139.45371251998634,120.8251989710506,1.2310343766349652,23.412916237694347,111.32293182653969,-24.811413802039823,56.66169861892909,53.682156827948255,22.776750466057383,29.950317610248867,15.905639919187609,-29.00533468543496,43.705637454681614,113.2765011783612,7.380412769912814,,,,,,,,,,,,,,True,True,True,False,False,Short technical: price above 20-day average; 20-day average above 50-day average; MACD above signal line; RSI in bullish 50-70 zone; 1-month momentum positive; 3-month momentum positive | Fundamental/consensus: Nasdaq Strong Buy | Long technical: price above 200-day average; 50-day average above 200-day average; 6-month return positive; 1-year annualized return positive; 3-year annualized return positive; 5-year annualized return positive,"Oct 06, 2026 09:22:40 PM EDT",6,6,Adjusted total return,"Oct 06, 2026 09:22:40 PM EDT",Nasdaq Stock Screener,,,,,,,,,,,
HSBC,HSBC Holdings plc. Common Stock,Finance,Savings Institutions,Stock,331935152355.0,97.58000183105467,,Buy,Nasdaq Stock Screener analyst consensus,"Oct 06, 2026 09:22:18 PM EDT",115.24,106.08,101.0,"Oct 06, 2026 09:22:40 PM EDT",Yahoo Finance analyst consensus,0.9309076572590058,-8.897394010822046,0.6685601372365957,15.789287857285371,28.855562653746336,67.90844027807663,34.484808458933244,39.44928370493668,7.791634226458877,20.763312327805995,-31.70676505495421,1.439203339378592,-16.05199820885479,36.03849170313224,9.72268862150356,-11.544116248097414,-10.166578953552886,8.493631074724362,45.74443622909694,-22.113878439246115,-7.546023572424321,22.161116010592387,-38.00395564217589,-4.03679463233243,18.852492257998588,-1.3792134468613826,12.587708229394432,52.26355308761388,-5.213340148831991,-15.345842184824743,,False,True,False,False,False,Long technical: price above 200-day average; 50-day average above 200-day average; 6-month return positive; 1-year annualized return positive; 3-year annualized return positive; 5-year annualized return positive | Consensus confirmation: Nasdaq Buy,"Oct 06, 2026 09:22:40 PM EDT",1,6,Adjusted total return,"Oct 06, 2026 09:22:40 PM EDT",Nasdaq Stock Screener,,,,,,,,,,,
ARM,Arm Holdings plc American Depositary Shares,Technology,Semiconductors,Stock,322302335831.0,302.8999938964844,,Strong Buy,Nasdaq Stock Screener analyst consensus,"Oct 06, 2026 09:22:18 PM EDT",500.0,290.705,125.0,"Oct 06, 2026 09:22:40 PM EDT",Yahoo Finance analyst consensus,-1.4927303273813974,20.155499344166827,0.8221553376558832,110.55192034712738,177.1018211157859,-11.389431730092603,64.16262708254965,,,,,,,,,,,,,,,,,,,,,,,,,True,True,True,False,False,Short technical: price above 20-day average; 20-day average above 50-day average; MACD above signal line; RSI in bullish 50-70 zone; 1-month momentum positive; 3-month momentum positive | Fundamental/consensus: Nasdaq Strong Buy | Long technical: price above 200-day average; 50-day average above 200-day average; 6-month return positive; 1-year annualized return positive; 3-year annualized return positive,"Oct 06, 2026 09:22:40 PM EDT",6,5,Adjusted total return,"Oct 06, 2026 09:22:40 PM EDT",Nasdaq Stock Screener,,,,,,,,,,,
GE,GE Aerospace Common Stock,Technology,Consumer Electronics/Appliances,Stock,317846900232.0,309.3900146484375,,Strong Buy,Nasdaq Stock Screener analyst consensus,"Oct 06, 2026 09:22:18 PM EDT",450.0,396.8095,347.0,"Oct 06, 2026 09:22:40 PM EDT",Yahoo Finance analyst consensus,0.9956317643820656,-8.086001275070775,-15.56475282676032,7.500595659021547,0.8663603493139993,85.73376005286504,64.82546153230547,95.71232910294324,-10.923227724788465,9.685296586508674,-2.73472828329836,53.93664807187699,-55.3897773645534,-42.9162189248289,4.617024791046043,27.52961891403376,-6.663864929248408,37.859411903012585,21.588459375482728,1.338155111895567,24.290364797613066,-1.8618731962982584,-53.943143192486566,2.684405040488436,9.334881024225329,-1.431669281132686,20.671993998074534,30.7343011482619,-37.68256306019212,-15.059726106768167,,False,True,True,False,False,Fundamental/consensus: Nasdaq Strong Buy,"Oct 06, 2026 09:22:40 PM EDT",1,5,Adjusted total return,"Oct 06, 2026 09:22:40 PM EDT",Nasdaq Stock Screener,,,,,,,,,,,
MS,Morgan Stanley Common Stock,Finance,Investment Bankers/Brokers/Service,Stock,298706003075.0,191.0200042724609,,Buy,Nasdaq Stock Screener analyst consensus,"Oct 06, 2026 09:22:18 PM EDT",262.0,223.27274,184.0,"Oct 06, 2026 09:22:40 PM EDT",Yahoo Finance analyst consensus,0.4364066567118296,-12.263456181582676,-13.496876854449724,14.64924047443754,9.372072930866548,45.16468210245963,39.73117988021644,13.929342472429962,-10.33848539504958,46.653687206151886,38.08845117104818,32.67400256203074,-22.7594284798148,26.606897156940978,36.07321473906073,-16.739789436331254,25.07788942839577,65.34407499380781,27.956527900449824,-43.90403670432972,-7.389173418548389,88.30143105152331,-68.83729184800251,-20.28650768651268,45.92004587292524,4.260512744271972,-2.245868815946805,47.879656971154105,-27.192814048303347,-28.276313082209693,,False,False,False,False,False,,"Oct 06, 2026 09:22:40 PM EDT",0,5,Adjusted total return,"Oct 06, 2026 09:22:40 PM EDT",Nasdaq Stock Screener,,,,,,,,,,,
PM,Philip Morris International Inc Common Stock,Health Care,Medicinal Chemicals and Botanical Products,Stock,295404005094.0,190.3999938964844,,Strong Buy,Nasdaq Stock Screener analyst consensus,"Oct 06, 2026 09:22:18 PM EDT",230.0,208.13333,175.0,"Oct 06, 2026 09:22:40 PM EDT",Yahoo Finance analyst consensus,0.4590276593630982,5.206129516295888,2.259307929241583,22.94419630629072,21.791330130671827,37.98677067017968,34.33539279706945,-1.854210406175805,12.308154054093134,20.77642040459462,3.690425460511016,35.02130887127348,-33.29612367215999,19.84848275515798,8.56114684190099,13.3791850678336,-2.1174480974357923,8.49986551737838,9.655679757636882,39.78171770491319,27.164518927488125,16.509757799852686,,,,,,,,,,True,True,True,False,False,Short technical: price above 20-day average; 20-day average above 50-day average; RSI in bullish 50-70 zone; 1-month momentum positive; 3-month momentum positive | Fundamental/consensus: Nasdaq Strong Buy | Long technical: price above 200-day average; 50-day average above 200-day average; 6-month return positive; 1-year annualized return positive; 3-year annualized return positive; 5-year annualized return positive,"Oct 06, 2026 09:22:40 PM EDT",5,6,Adjusted total return,"Oct 06, 2026 09:22:40 PM EDT",Nasdaq Stock Screener,,,,,,,,,,,
NFLX,Netflix Inc. Common Stock,Consumer Discretionary,Consumer Electronics/Video Chains,Stock,281065928130.0,68.69000244140625,,Strong Buy,Nasdaq Stock Screener analyst consensus,"Oct 06, 2026 09:22:18 PM EDT",135.0,92.83778,57.0,"Oct 06, 2026 09:22:40 PM EDT",Yahoo Finance analyst consensus,1.7629665798611027,-12.21724927615815,-9.831974053248526,-30.48977671166301,-26.738480293972543,5.192296992735424,83.06770515730808,65.1112258860733,-51.05238509446479,11.412345176298434,67.11377588319436,20.888431367197512,39.43530912244471,55.056534475441765,8.23570914250018,134.37836426593367,-7.214046628685821,297.6348016430466,33.62677104807026,-60.56346526872956,218.93265424936052,84.30913956993362,12.283906600489436,2.93886405108752,-4.434372535399655,119.46428642429584,-54.909468435750185,396.729515119677,,,,False,True,True,False,False,Fundamental/consensus: Nasdaq Strong Buy,"Oct 06, 2026 09:22:40 PM EDT",0,2,Adjusted total return,"Oct 06, 2026 09:22:40 PM EDT",Nasdaq Stock Screener,,,,,,,,,,,
HD,Home Depot Inc. (The) Common Stock,Consumer Discretionary,RETAIL: Building Materials,Stock,280500438350.0,286.69000244140625,,Strong Buy,Nasdaq Stock Screener analyst consensus,"Oct 06, 2026 09:22:18 PM EDT",425.0,377.1875,310.0,"Oct 06, 2026 09:22:40 PM EDT",Yahoo Finance analyst consensus,1.970481474369734,-10.70237865067909,-16.339995819786303,-8.721368601635005,-14.875269507426411,-9.334727340139226,14.995761387215346,12.769372350916196,-21.97618636543528,59.50600865681477,24.501683992190216,30.559826528800077,-7.2955127260557635,44.61281951783855,3.541462685680808,28.523933952405777,30.23734019437232,35.8963717012295,50.34112480191588,23.49616719890473,24.953911428041685,30.561571269961465,-11.387150466805329,-31.14257756614276,1.006413980557741,-4.346393960567485,21.46399221039319,49.03854052816288,-52.62418855737664,12.18977972572901,,False,True,True,False,False,Fundamental/consensus: Nasdaq Strong Buy,"Oct 06, 2026 09:22:40 PM EDT",0,1,Adjusted total return,"Oct 06, 2026 09:22:40 PM EDT",Nasdaq Stock Screener,,,,,,,,,,,
CRWD,CrowdStrike Holdings Inc. Class A Common Stock,Technology,Computer Software: Prepackaged Software,Stock,279196313368.0,272.6700134277344,,Strong Buy,Nasdaq Stock Screener analyst consensus,"Oct 06, 2026 09:22:18 PM EDT",325.0,237.77,132.0,"Oct 06, 2026 09:22:40 PM EDT",Yahoo Finance analyst consensus,0.9739315655424408,27.954014837184936,40.10380241945348,157.7038549721774,132.67344291085453,37.00023519655324,34.012217549256384,142.49216934574665,-48.57631212916858,-3.337742932563104,324.7443590555002,,,,,,,,,,,,,,,,,,,,,True,True,True,False,False,Short technical: price above 20-day average; 20-day average above 50-day average; MACD above signal line; RSI in bullish 50-70 zone; 1-month momentum positive; 3-month momentum positive | Fundamental/consensus: Nasdaq Strong Buy | Long technical: price above 200-day average; 50-day average above 200-day average; 6-month return positive; 1-year annualized return positive; 3-year annualized return positive; 5-year annualized return positive,"Oct 06, 2026 09:22:40 PM EDT",6,6,Adjusted total return,"Oct 06, 2026 09:22:40 PM EDT",Nasdaq Stock Screener,,,,,,,,,,,
MUFG,Mitsubishi UFJ Financial Group Inc. Common Stock,Finance,Commercial Banks,Stock,272601319832.0,23.200000762939453,,Strong Buy,Nasdaq Stock Screener analyst consensus,"Oct 06, 2026 09:22:18 PM EDT",26.53065,22.26532,18.0,"Oct 06, 2026 09:22:40 PM EDT",Yahoo Finance analyst consensus,1.0013123920784794,-3.6944764799133,8.97134694822439,31.51928325209441,46.27995753563576,37.97918881047402,40.096068122934646,29.08544564139859,22.161176340665524,23.25057940326716,-15.992102393697404,11.498968634992424,-33.01237947663406,18.0194886803966,-0.9646284404433492,12.477380537418204,-17.21556181854449,23.247236541583185,29.355593271550173,-22.550820429071027,9.959333267075742,-20.772940406485663,-33.44050875151168,-24.532144278360636,-8.621363098330214,35.1575863238677,31.249058809278285,47.60984255160481,-16.044731476928597,,,False,True,True,False,False,Fundamental/consensus: Nasdaq Strong Buy | Long technical: price above 200-day average; 50-day average above 200-day average; 6-month return positive; 1-year annualized return positive; 3-year annualized return positive; 5-year annualized return positive,"Oct 06, 2026 09:22:40 PM EDT",3,6,Adjusted total return,"Oct 06, 2026 09:22:40 PM EDT",Nasdaq Stock Screener,,,,,,,,,,,
KLAC,KLA Corporation Common Stock,Technology,Electronic Components,Stock,269940592870.0,197.4600067138672,,Strong Buy,Nasdaq Stock Screener analyst consensus,"Oct 06, 2026 09:22:18 PM EDT",325.0,232.76923,175.0,"Oct 06, 2026 09:22:40 PM EDT",Yahoo Finance analyst consensus,-4.539520963296139,6.390086325609712,-8.678717188492591,27.79513930207891,63.110804206934446,94.48134750046252,9.3621410416014,56.049424937536415,-11.198550285037424,68.04721334481808,47.94202514395701,103.98786005504776,-12.4895128068953,36.80480299381483,16.946382951785143,2.0300020638529537,39.458610682655525,38.95246467396265,2.063523231696185,28.42771009119398,9.54679375272043,69.91832967707636,-53.81666671104664,-2.2004716303395178,1.8782237657059888,6.740187785092333,-20.43047774007928,65.50740858412331,-28.63194590848428,47.11690411077467,,False,True,True,False,False,Fundamental/consensus: Nasdaq Strong Buy | Long technical: price above 200-day average; 50-day average above 200-day average; 6-month return positive; 1-year annualized return positive; 3-year annualized return positive; 5-year annualized return positive,"Oct 06, 2026 09:22:40 PM EDT",4,6,Adjusted total return,"Oct 06, 2026 09:22:40 PM EDT",Nasdaq Stock Screener,,,,,,,,,,,
RY,Royal Bank Of Canada Common Stock,Finance,Commercial Banks,Stock,269506948971.0,196.3500061035156,,Strong Buy,Nasdaq Stock Screener analyst consensus,"Oct 06, 2026 09:22:18 PM EDT",225.28423,207.95815,183.08546,"Oct 06, 2026 09:22:40 PM EDT",Yahoo Finance analyst consensus,0.863003005276819,-6.7619499890806845,-5.519706103592825,20.250904732419198,16.65374391336507,45.20233975861985,23.79708517959729,12.199855869566978,-8.001597295094465,34.111311442958915,8.417819940728677,20.1730805305675,-12.88286689718664,23.91711061758848,31.825755289552134,-19.250704751476423,6.64366399774956,15.978772168632103,23.32161145185898,1.1724123373310968,1.3406985936077476,89.15216674299246,-39.34238797947168,10.646163852642587,26.011862778088645,51.4067952988406,16.911641463725857,35.19066030826896,18.0168198198702,0.5223577168733229,,False,True,True,False,False,Fundamental/consensus: Nasdaq Strong Buy | Long technical: price above 200-day average; 50-day average above 200-day average; 6-month return positive; 1-year annualized return positive; 3-year annualized return positive; 5-year annualized return positive,"Oct 06, 2026 09:22:40 PM EDT",0,6,Adjusted total return,"Oct 06, 2026 09:22:40 PM EDT",Nasdaq Stock Screener,,,,,,,,,,,
TXN,Texas Instruments Incorporated Common Stock,Technology,Semiconductors,Stock,269316742601.0,297.2300109863281,,Buy,Nasdaq Stock Screener analyst consensus,"Oct 06, 2026 09:22:18 PM EDT",400.0,324.7097,225.0,"Oct 06, 2026 09:22:40 PM EDT",Yahoo Finance analyst consensus,0.7901041499043249,15.009289652717904,1.8588049901400396,50.33033016346646,74.20586453767393,-4.472996489633352,13.13644827872169,6.409004165871735,-9.857423861568194,17.530967591425785,31.70125622824138,39.563458091113525,-7.169487219269821,46.74589300147672,36.711364780566825,5.174222235211512,25.09242290444085,46.28654968398811,8.713079740697282,-8.876072181406636,27.075442924726524,71.84315710059077,-52.75816849014012,17.01371600508206,-9.820320735972954,30.777538452971843,-15.896413028091438,96.59469025956118,-46.18958501922522,-40.75058133298038,,True,True,False,True,False,Short technical: price above 20-day average; 20-day average above 50-day average; MACD above signal line; 1-month momentum positive; 3-month momentum positive | Long technical: price above 200-day average; 50-day average above 200-day average; 6-month return positive; 1-year annualized return positive; 3-year annualized return positive; 5-year annualized return positive | Consensus confirmation: Nasdaq Buy,"Oct 06, 2026 09:22:40 PM EDT",5,6,Adjusted total return,"Oct 06, 2026 09:22:40 PM EDT",Nasdaq Stock Screener,,,,,,,,,,,
NVS,Novartis AG Common Stock,Health Care,Biotechnology: Pharmaceutical Preparations,Stock,268915816121.0,140.7899932861328,,Buy,Nasdaq Stock Screener analyst consensus,"Oct 06, 2026 09:22:18 PM EDT",185.0,155.01364,130.0,"Oct 06, 2026 09:22:40 PM EDT",Yahoo Finance analyst consensus,-0.0993396699952353,-12.000757264710272,-10.34197644998337,-6.897241006728927,5.226079855064025,46.95223092749365,0.0196789267441932,16.135520097116828,8.057783047891064,-3.6535675796456224,3.3443119102723795,27.133983366829128,5.945246234807633,19.462904828951256,-12.043165868553077,-4.517716146812544,19.161871336469183,31.80861780464081,15.6702040413347,1.1365260082817352,12.324222704751818,14.251613292906184,-5.620244808436481,-3.540445997597863,11.262674907684024,3.8385778752436206,12.13335305149934,27.33547162483008,1.981297625749612,-17.348197110497775,,False,False,False,False,False,,"Oct 06, 2026 09:22:40 PM EDT",1,4,Adjusted total return,"Oct 06, 2026 09:22:40 PM EDT",Nasdaq Stock Screener,,,,,,,,,,,
BABA,Alibaba Group Holding Limited American Depositary Shares each representing eight Ordinary share,Consumer Discretionary,Business Services,Stock,268411450794.0,110.8000030517578,,Strong Buy,Nasdaq Stock Screener analyst consensus,"Oct 06, 2026 09:22:18 PM EDT",238.76826,185.71036,95.421585,"Oct 06, 2026 09:22:40 PM EDT",Yahoo Finance analyst consensus,4.676433300891292,-2.1547111074190384,12.89994267459178,-6.600745751998971,-23.715658389682947,75.79604447883635,11.769816570024805,-10.827631195794108,-25.8439229643332,-48.95802402182551,9.726542802720694,54.73844953796024,-20.506866356166583,96.3671612695399,8.047245996952013,-21.810664055233214,,,,,,,,,,,,,,,,False,True,True,False,False,Fundamental/consensus: Nasdaq Strong Buy,"Oct 06, 2026 09:22:40 PM EDT",3,1,Adjusted total return,"Oct 06, 2026 09:22:40 PM EDT",Nasdaq Stock Screener,,,,,,,,,,,
SHEL,Shell PLC American Depositary Shares (each representing two (2) Ordinary Shares),Energy,Oil & Gas Production,Stock,266981350420.0,97.62000274658205,,Buy,Nasdaq Stock Screener analyst consensus,"Oct 06, 2026 09:22:18 PM EDT",123.0,103.81333,83.0,"Oct 06, 2026 09:22:40 PM EDT",Yahoo Finance analyst consensus,1.1396665372704895,5.024212965752195,20.106767628856947,5.542755119590104,36.49545381374957,22.164385084434592,-0.8721810863647206,20.193417954464763,34.81054767651388,28.425406277697096,-37.43926598080106,7.708494039417557,-7.513266187286593,31.022969738096883,28.2595754187176,-27.120737437627483,-1.2649255091994216,9.037898234196074,-0.9086701464766312,14.772360215893542,17.54220328802947,20.96262426342077,-34.190515558720094,23.460309790341192,19.34430754841032,12.722353967292175,14.3360544204022,24.48345985883018,-7.2302427013110515,-17.093904403043368,,True,True,False,False,False,Short technical: price above 20-day average; 20-day average above 50-day average; RSI in bullish 50-70 zone; 1-month momentum positive; 3-month momentum positive | Long technical: price above 200-day average; 50-day average above 200-day average; 6-month return positive; 1-year annualized return positive; 3-year annualized return positive; 5-year annualized return positive | Consensus confirmation: Nasdaq Buy,"Oct 06, 2026 09:22:40 PM EDT",5,6,Adjusted total return,"Oct 06, 2026 09:22:40 PM EDT",Nasdaq Stock Screener,,,,,,,,,,,
GEV,GE Vernova Inc. Common Stock,Technology,Consumer Electronics/Appliances,Stock,263670245190.0,990.0,,Strong Buy,Nasdaq Stock Screener analyst consensus,"Oct 06, 2026 09:22:18 PM EDT",1450.0,1230.341,940.0,"Oct 06, 2026 09:22:40 PM EDT",Yahoo Finance analyst consensus,0.131484553142358,5.1011186549470455,-8.084818175770236,8.757157987591357,51.75643239303594,99.01676645480116,,,,,,,,,,,,,,,,,,,,,,,,,,False,True,True,False,False,Fundamental/consensus: Nasdaq Strong Buy | Long technical: price above 200-day average; 50-day average above 200-day average; 6-month return positive; 1-year annualized return positive,"Oct 06, 2026 09:22:40 PM EDT",4,4,Adjusted total return,"Oct 06, 2026 09:22:40 PM EDT",Nasdaq Stock Screener,,,,,,,,,,,
ANET,Arista Networks Inc. Common Stock,Telecommunications,Computer Communications Equipment,Stock,260947379671.0,206.8999938964844,,Strong Buy,Nasdaq Stock Screener analyst consensus,"Oct 06, 2026 09:22:18 PM EDT",289.0,242.20724,190.0,"Oct 06, 2026 09:22:40 PM EDT",Yahoo Finance analyst consensus,-0.2170302357293319,6.770562080625431,24.294116034808667,54.8189126320144,57.902767170883294,18.5470010190933,87.72876116913777,94.0749876128432,-15.582609757133149,97.8869069437072,42.85644839895988,-3.4646431691933266,-10.5611701712504,143.4432262098606,24.31911767185056,28.11059659016533,,,,,,,,,,,,,,,,True,True,True,False,False,Short technical: price above 20-day average; 20-day average above 50-day average; MACD above signal line; RSI in bullish 50-70 zone; 1-month momentum positive; 3-month momentum positive | Fundamental/consensus: Nasdaq Strong Buy | Long technical: price above 200-day average; 50-day average above 200-day average; 6-month return positive; 1-year annualized return positive; 3-year annualized return positive; 5-year annualized return positive,"Oct 06, 2026 09:22:40 PM EDT",6,6,Adjusted total return,"Oct 06, 2026 09:22:40 PM EDT",Nasdaq Stock Screener,,,,,,,,,,,
GS,Goldman Sachs Group Inc. (The) Common Stock,Finance,Investment Bankers/Brokers/Service,Stock,260150006192.0,897.1799926757812,,Buy,Nasdaq Stock Screener analyst consensus,"Oct 06, 2026 09:22:18 PM EDT",1250.0,1079.5,730.0,"Oct 06, 2026 09:22:40 PM EDT",Yahoo Finance analyst consensus,0.4163555852126244,-13.61723791129431,-13.5578744949985,4.790542914271834,3.562360202691828,56.63769619352151,52.03131922101591,15.905538652979343,-7.871019604811535,47.611241476369855,17.45375158616076,40.47897139552141,-33.525238921768704,7.734041066358799,34.923086198816634,-5.789595252655033,10.785294465484574,40.79364507738615,43.39197523460759,-45.59766229099398,0.542380475177584,102.54836211917024,-60.4188582665777,8.592017128635266,57.393240478689634,23.88276033730372,6.491529164511767,46.29588116388301,-25.987731725844,-12.812150666573784,,False,False,False,False,False,,"Oct 06, 2026 09:22:40 PM EDT",0,5,Adjusted total return,"Oct 06, 2026 09:22:40 PM EDT",Nasdaq Stock Screener,,,,,,,,,,,
SAP,SAP  SE ADS,Technology,Computer Software: Prepackaged Software,Stock,255209469156.0,210.4600067138672,,Strong Buy,Nasdaq Stock Screener analyst consensus,"Oct 06, 2026 09:22:18 PM EDT",319.0,252.5,177.0,"Oct 06, 2026 09:22:40 PM EDT",Yahoo Finance analyst consensus,1.3093295218925105,-2.161681875919541,29.299011605097647,26.33856413396112,-11.852710310333237,-0.4482878712939619,61.26510673867429,52.301319238537225,-24.187921291744164,9.218999341875731,-1.281889739038533,36.42955679858071,-10.0446297009241,31.69655999316268,11.125711712401998,15.351467350743864,-18.59895673235269,10.016732372917335,55.73624118227969,6.0410245983802735,9.789257882889537,31.425736177931277,-28.03434791867495,-2.6191173941838897,18.739088443856588,2.843625257933935,7.0677978116685525,114.36763544677278,-38.68816448354701,-4.915074490176153,,False,True,True,False,False,Fundamental/consensus: Nasdaq Strong Buy | Long technical: price above 200-day average; 50-day average above 200-day average; 6-month return positive; 3-year annualized return positive; 5-year annualized return positive,"Oct 06, 2026 09:22:40 PM EDT",4,5,Adjusted total return,"Oct 06, 2026 09:22:40 PM EDT",Nasdaq Stock Screener,,,,,,,,,,,
TMO,Thermo Fisher Scientific Inc Common Stock,Industrials,Industrial Machinery/Components,Stock,250230173273.0,656.5800170898438,,Strong Buy,Nasdaq Stock Screener analyst consensus,"Oct 06, 2026 09:22:18 PM EDT",780.0,665.16,560.0,"Oct 06, 2026 09:22:40 PM EDT",Yahoo Finance analyst consensus,-2.981853594270434,7.0551735736883225,27.188900590093024,34.370169127382646,13.62364270988843,11.777318511670853,-1.7228025941824043,-3.3557372850528178,-17.2850857523674,43.53956558296841,43.71953444469765,45.54999288081299,18.210094141114386,35.0262094067588,-0.1165527557733581,13.74692157294759,13.063631130962516,75.78436018080232,43.17245520965276,-18.768061521188407,16.083042277064674,39.97647360376042,-40.93272002607852,27.357015213057444,50.315349446278375,-0.1987570709077291,19.801560119615623,25.24851690874597,-15.674776158061444,-6.773377557191573,,True,True,True,False,False,Short technical: price above 20-day average; 20-day average above 50-day average; RSI in bullish 50-70 zone; 1-month momentum positive; 3-month momentum positive | Fundamental/consensus: Nasdaq Strong Buy | Long technical: price above 200-day average; 50-day average above 200-day average; 6-month return positive; 1-year annualized return positive; 3-year annualized return positive; 5-year annualized return positive,"Oct 06, 2026 09:22:40 PM EDT",5,6,Adjusted total return,"Oct 06, 2026 09:22:40 PM EDT",Nasdaq Stock Screener,,,,,,,,,,,
SNDK,Sandisk Corporation Common Stock,Technology,Electronic Components,Stock,249521404744.0,1704.1600341796875,,Strong Buy,Nasdaq Stock Screener analyst consensus,"Oct 06, 2026 09:22:18 PM EDT",3600.0,2173.0,1000.0,"Oct 06, 2026 09:22:40 PM EDT",Yahoo Finance analyst consensus,-0.9203516383563648,-2.059768150592678,5.344630377541892,139.75240059740264,617.9037825957503,,,,,,,,,,,,,,,,,,,,,,,,,,,False,True,True,False,False,Fundamental/consensus: Nasdaq Strong Buy | Long technical: price above 200-day average; 50-day average above 200-day average; 6-month return positive; 1-year annualized return positive,"Oct 06, 2026 09:22:40 PM EDT",3,4,Adjusted total return,"Oct 06, 2026 09:22:40 PM EDT",Nasdaq Stock Screener,,,,,,,,,,,
RTX,RTX Corporation Common Stock,Industrials,Aerospace,Stock,248432258684.0,183.2899932861328,,Strong Buy,Nasdaq Stock Screener analyst consensus,"Oct 06, 2026 09:22:18 PM EDT",265.0,234.13635,200.0,"Oct 06, 2026 09:22:40 PM EDT",Yahoo Finance analyst consensus,-0.5642101310643244,-8.715573776160191,-8.439695520897262,-6.69719723253539,1.024127103044559,61.440814258871576,40.7619245655233,-14.438313526906654,20.01394572862507,23.266432848812023,-21.95385448593308,43.82135253020692,-14.657369552189548,19.131342530555507,17.140181971265367,-14.449041124997375,3.232311000116539,41.86219063626287,15.146232272724468,-4.972248872132445,16.17367123908022,33.18637169384544,-28.487381812859255,24.46036983085207,13.656145745263949,10.041344658292097,10.739222666534044,55.39140617666423,-2.7215251712876976,-16.737992359139852,,False,True,True,False,False,Fundamental/consensus: Nasdaq Strong Buy,"Oct 06, 2026 09:22:40 PM EDT",0,4,Adjusted total return,"Oct 06, 2026 09:22:40 PM EDT",Nasdaq Stock Screener,,,,,,,,,,,
WFC,Wells Fargo & Company Common Stock,Finance,Major Banks,Stock,246274505924.0,81.51000213623047,,Strong Buy,Nasdaq Stock Screener analyst consensus,"Oct 06, 2026 09:22:18 PM EDT",115.0,99.19565,90.0,"Oct 06, 2026 09:22:40 PM EDT",Yahoo Finance analyst consensus,0.0859524714216242,-9.403133232953554,-5.967005784734369,0.8521621846646843,-11.103153644643072,35.57124740461048,46.47807684649621,22.936382887161088,-11.92252940340298,61.14594221808392,-41.64809804267118,21.441161351589464,-21.82920625844973,13.210506655075529,4.63797869066731,1.8420895190804032,24.108025833512198,36.7147961919209,27.34632362201528,-9.536002075993531,15.62268519627359,-6.188846970102391,1.7104721766634468,-12.164409529111063,16.82344959391493,4.483011698251049,8.984683298978968,29.44279572774551,10.277764735173434,-20.241397720522635,,False,True,True,False,False,Fundamental/consensus: Nasdaq Strong Buy,"Oct 06, 2026 09:22:40 PM EDT",0,5,Adjusted total return,"Oct 06, 2026 09:22:40 PM EDT",Nasdaq Stock Screener,,,,,,,,,,,
AZN,AstraZeneca PLC Ordinary Shares,Health Care,Biotechnology: Pharmaceutical Preparations,Stock,242735120275.0,158.61000061035156,,Strong Buy,Nasdaq Stock Screener analyst consensus,"Oct 06, 2026 09:22:18 PM EDT",240.0,211.35455,184.0,"Oct 06, 2026 09:22:40 PM EDT",Yahoo Finance analyst consensus,1.3288199369294371,-2.5138269296905547,-17.86971591724351,-21.014888432498868,-12.833918903666088,43.30212063868208,-0.6152498628508529,1.4398128789636866,19.155664813217687,19.72725467412681,3.121650710081769,35.679320955020046,13.862691553708697,33.24166203953634,-15.815276252736863,0.5118338688088864,23.551136905709917,33.17141743681105,8.510007421115318,6.046596918566705,3.514806811563753,20.343690957460623,0.1751389270767234,-17.47979975159223,13.305117741362803,36.90981417573822,-23.442975981535785,40.828921300210894,-23.233077207309385,-7.905557263173035,,False,True,True,False,False,Fundamental/consensus: Nasdaq Strong Buy,"Oct 06, 2026 09:22:40 PM EDT",0,2,Adjusted total return,"Oct 06, 2026 09:22:40 PM EDT",Nasdaq Stock Screener,,,,,,,,,,,
TM,Toyota Motor Corporation Common Stock,Industrials,Auto Manufacturing,Stock,239980755432.0,185.57000732421875,,Strong Buy,Nasdaq Stock Screener analyst consensus,"Oct 06, 2026 09:22:18 PM EDT",239.31209,234.07802,230.0,"Oct 06, 2026 09:22:40 PM EDT",Yahoo Finance analyst consensus,0.7875365226402309,-5.854595530617013,3.4219555810449886,-8.88244918619543,-13.30934810768488,12.159620817250635,8.883304166317373,38.22674749162773,-24.430592552568697,23.205895526886167,13.623718333712254,22.69497126882232,-5.809713698603536,12.09741222595204,-1.4715781937841066,0.8389390266111629,5.935895642308919,33.568650143948965,43.3996789465644,-14.475319403171804,-4.973145253400824,30.95471159357728,-36.61359720897258,-19.4769170394264,30.53422067775269,29.6642891263466,20.43757737919274,31.108010653641127,4.849199942485005,-18.55177716068949,,False,True,True,False,False,Fundamental/consensus: Nasdaq Strong Buy,"Oct 06, 2026 09:22:40 PM EDT",1,2,Adjusted total return,"Oct 06, 2026 09:22:40 PM EDT",Nasdaq Stock Screener,,,,,,,,,,,
MRVL,Marvell Technology Inc. Common Stock,Technology,Semiconductors,Stock,237859125000.0,287.010009765625,,Strong Buy,Nasdaq Stock Screener analyst consensus,"Oct 06, 2026 09:22:18 PM EDT",450.0,293.87738,210.0,"Oct 06, 2026 09:22:40 PM EDT",Yahoo Finance analyst consensus,5.810141849078332,28.387387988169465,24.439020110978028,162.5932748045714,238.2339266853962,-22.81953207952112,83.78970808519269,63.68161431747947,-57.48436245241904,84.62300789133847,80.25395127286508,65.74126779005613,-23.622890941001305,56.88646648522837,60.53514536264088,-37.82667278590183,2.4755417195080565,102.1315485512023,-46.63538428955872,-25.336924944483563,-10.602432407915376,211.094567109704,-52.28899726516079,-27.14954260305633,-31.57425085564277,58.13366956127963,87.0287002457766,101.11345306611284,-47.34785590268763,63.28207435136684,,True,True,True,False,False,Short technical: price above 20-day average; 20-day average above 50-day average; MACD above signal line; RSI in bullish 50-70 zone; 1-month momentum positive; 3-month momentum positive | Fundamental/consensus: Nasdaq Strong Buy | Long technical: price above 200-day average; 50-day average above 200-day average; 6-month return positive; 1-year annualized return positive; 3-year annualized return positive; 5-year annualized return positive,"Oct 06, 2026 09:22:40 PM EDT",6,6,Adjusted total return,"Oct 06, 2026 09:22:40 PM EDT",Nasdaq Stock Screener,,,,,,,,,,,
CCZ,Comcast Holdings ZONES,Telecommunications,Cable & Other Pay Television Services,Stock,223209240442.0,62.900001525878906,,Not Rated,Nasdaq Stock Screener — no consensus rating returned,"Oct 06, 2026 09:22:18 PM EDT",,,,—,,0.0,-4.641951124950139,-4.713654814397195,-1.83272948441765,7.09132671637589,1.2605110270134778,10.649577408868428,3.802784281976046,-8.932687157043306,7.053038926368038,,,,,,,,,,,,,,,,,,,,,,False,False,False,False,False,,"Oct 06, 2026 09:22:40 PM EDT",0,4,Adjusted total return,"Oct 06, 2026 09:22:40 PM EDT",Nasdaq Stock Screener,,,,,,,,,,,
LIN,Linde plc Ordinary Shares,Basic Materials,Major Chemicals,Stock,222367611028.0,489.9500122070313,,Strong Buy,Nasdaq Stock Screener analyst consensus,"Oct 06, 2026 09:22:18 PM EDT",580.0,543.8077,400.0,"Oct 06, 2026 09:22:40 PM EDT",Yahoo Finance analyst consensus,1.56930371234143,2.59229111814967,-8.670360882948414,-0.29763499815465,16.03796406618667,3.2152634617155007,3.1814183021130704,27.65684172462517,-4.39368440395449,33.39066871112444,25.87894798901944,39.04192972149536,3.0116575006363,35.14275945715231,17.50732563867694,-18.97238363884811,1.63604157982411,21.25727166657918,4.541186713644962,14.242335549660478,21.47295754793479,38.39244801464015,-31.754551467771307,52.05397801044474,13.996292017946388,21.750888250104406,17.335829132239834,34.211598880816375,5.981289100142728,26.26180473576447,,False,True,True,False,False,Fundamental/consensus: Nasdaq Strong Buy,"Oct 06, 2026 09:22:40 PM EDT",4,4,Adjusted total return,"Oct 06, 2026 09:22:40 PM EDT",Nasdaq Stock Screener,,,,,,,,,,,
BHP,BHP Group Limited American Depositary Shares (Each representing two Ordinary Shares),Energy,Coal Mining,Stock,220729779330.0,87.0,,Buy,Nasdaq Stock Screener analyst consensus,"Oct 06, 2026 09:22:18 PM EDT",96.0,77.58333,61.5,"Oct 06, 2026 09:22:40 PM EDT",Yahoo Finance analyst consensus,0.1957827540716605,-3.7823470893631472,10.804688883903024,21.26394880638116,50.156097891134536,26.121090494691117,-24.637136993844287,16.49912347479292,28.72379371140104,0.908431729409509,25.366181147746317,24.50025355910217,10.553115997272156,33.8727570965552,41.84945367724,-38.86852146099553,-28.093709647213583,-10.056452773930848,14.61197891858812,-22.177183340159655,24.30383457253178,84.7389737359564,-37.47230157257463,79.30849997598244,21.133003144112127,40.39635497544703,34.08171547998211,62.42722754726737,36.45439721890753,8.03310072823409,,False,True,False,False,False,Long technical: price above 200-day average; 50-day average above 200-day average; 6-month return positive; 1-year annualized return positive; 3-year annualized return positive; 5-year annualized return positive | Consensus confirmation: Nasdaq Buy,"Oct 06, 2026 09:22:40 PM EDT",4,6,Adjusted total return,"Oct 06, 2026 09:22:40 PM EDT",Nasdaq Stock Screener,,,,,,,,,,,
AMGN,Amgen Inc. Common Stock,Health Care,Biotechnology: Biological Products (No Diagnostic Substances),Stock,217863885375.0,402.6000061035156,,Buy,Nasdaq Stock Screener analyst consensus,"Oct 06, 2026 09:22:18 PM EDT",500.0,390.9438,225.0,"Oct 06, 2026 09:22:40 PM EDT",Yahoo Finance analyst consensus,-0.0942986928513911,-7.920317455952341,10.011632929780468,20.003178278404636,25.519536482251493,29.66696134092146,-6.77191108277081,13.464306897841016,20.431907524771265,0.8741452899817093,-1.989020707628808,27.601086600591994,15.233090952710082,22.26825068521805,-7.556022847521138,3.955460306566106,42.33326404271767,34.796549755507144,36.83084949276723,18.17335599582648,-2.952084773093755,-2.043293438307636,24.354016966608302,-32.01580921838483,-13.37812266893339,22.93061968834804,3.819386021475446,27.82374914558681,-14.35151714988142,-11.726316111290249,,False,True,False,False,False,Long technical: price above 200-day average; 50-day average above 200-day average; 6-month return positive; 1-year annualized return positive; 3-year annualized return positive; 5-year annualized return positive | Consensus confirmation: Nasdaq Buy,"Oct 06, 2026 09:22:40 PM EDT",3,6,Adjusted total return,"Oct 06, 2026 09:22:40 PM EDT",Nasdaq Stock Screener,,,,,,,,,,,
C,Citigroup Inc. Common Stock,Finance,Major Banks,Stock,215634498455.0,128.52000427246094,,Strong Buy,Nasdaq Stock Screener analyst consensus,"Oct 06, 2026 09:22:18 PM EDT",170.0,152.75,130.0,"Oct 06, 2026 09:22:40 PM EDT",Yahoo Finance analyst consensus,-0.0233362727224517,-6.680218462602783,-8.237961763343415,10.803783518222554,11.801310418987088,70.37559033170521,41.93353464622722,18.982831243194063,-22.092702185177348,0.931049063530276,-19.70439723758295,57.820487742130936,-28.48630452716897,27.026675007558133,15.903282921246454,-4.0816159853644285,3.921852913840329,31.83584004151449,50.55115071874834,-44.3293750460638,42.90028010833504,-50.55320370427685,-75.94523860532537,-44.74567900129293,19.56437751054967,4.623448666617791,2.7635538421356465,41.5562494088763,-23.90817453138202,0.0487826220866072,,False,True,True,False,False,Fundamental/consensus: Nasdaq Strong Buy | Long technical: price above 200-day average; 50-day average above 200-day average; 6-month return positive; 1-year annualized return positive; 3-year annualized return positive; 5-year annualized return positive,"Oct 06, 2026 09:22:40 PM EDT",0,6,Adjusted total return,"Oct 06, 2026 09:22:40 PM EDT",Nasdaq Stock Screener,,,,,,,,,,,
APH,Amphenol Corporation Common Stock,Technology,Electrical Products,Stock,215204932585.0,88.62000274658203,,Strong Buy,Nasdaq Stock Screener analyst consensus,"Oct 06, 2026 09:22:18 PM EDT",116.0,100.94737,85.0,"Oct 06, 2026 09:22:40 PM EDT",Yahoo Finance analyst consensus,1.5469303946889612,7.2208861202336605,11.919110613333173,38.48162250813783,31.81447564667741,96.08361601306264,41.30241584231884,31.499984391722705,-11.9558874547282,34.94281119496878,22.08874487109018,34.9073596670737,-6.824113492286665,31.807467666234125,29.879677839573148,-1.993048985332735,21.770976305722776,38.91233050295568,43.56740372874,-13.894664994420058,14.442261714004225,92.92735566617154,-48.193916915980495,49.62846682018014,40.56067697366146,20.812615933411884,14.93826073961484,68.2367611607218,-20.91569140184566,22.61556531002471,,True,True,True,False,False,Short technical: price above 20-day average; 20-day average above 50-day average; MACD above signal line; RSI in bullish 50-70 zone; 1-month momentum positive; 3-month momentum positive | Fundamental/consensus: Nasdaq Strong Buy | Long technical: price above 200-day average; 50-day average above 200-day average; 6-month return positive; 1-year annualized return positive; 3-year annualized return positive; 5-year annualized return positive,"Oct 06, 2026 09:22:40 PM EDT",6,6,Adjusted total return,"Oct 06, 2026 09:22:40 PM EDT",Nasdaq Stock Screener,,,,,,,,,,,
IBM,International Business Machines Corporation Common Stock,Technology,Computer Manufacturing,Stock,208758138136.0,221.2899932861328,,Buy,Nasdaq Stock Screener analyst consensus,"Oct 06, 2026 09:22:18 PM EDT",297.0,240.59,174.0,"Oct 06, 2026 09:22:40 PM EDT",Yahoo Finance analyst consensus,-0.1308820933862975,-5.789946842715588,-27.195172483521542,-8.38626866139297,-23.771013553631715,38.22650170817208,39.27046526217797,21.84879337316954,10.636947110697117,16.652857041015466,-1.1625883398929893,23.57603525955174,-22.55797624432091,-3.9878604103260495,25.21087532496553,-11.422362083166584,-12.387092878587458,-0.1775999753294455,5.924857154205165,27.41190925018968,14.26127133894266,58.6420747975063,-20.78301523780729,12.83594290838408,19.77413398738852,-15.832204690272844,7.187347589376292,20.498090369551747,-35.45786699411839,43.00484866903345,,False,False,False,False,False,,"Oct 06, 2026 09:22:40 PM EDT",0,2,Adjusted total return,"Oct 06, 2026 09:22:40 PM EDT",Nasdaq Stock Screener,,,,,,,,,,,
SHOP,Shopify Inc. Class A Subordinate Voting Shares,Technology,Computer Software: Prepackaged Software,Stock,207472303213.0,160.11000061035156,,Strong Buy,Nasdaq Stock Screener analyst consensus,"Oct 06, 2026 09:22:18 PM EDT",220.0,173.08333,120.0,"Oct 06, 2026 09:22:40 PM EDT",Yahoo Finance analyst consensus,5.759958554633138,10.352198395182132,31.3669217414275,36.776015675388486,-0.5342614175497418,51.38718936209996,36.49550673722535,124.4310100276755,-74.800165904811,21.68293545159485,184.7099988572603,187.16503180464176,37.0792053872588,135.59598691550883,66.16280256057865,,,,,,,,,,,,,,,,,True,True,True,False,False,Short technical: price above 20-day average; MACD above signal line; RSI in bullish 50-70 zone; 1-month momentum positive; 3-month momentum positive | Fundamental/consensus: Nasdaq Strong Buy | Long technical: price above 200-day average; 50-day average above 200-day average; 6-month return positive; 3-year annualized return positive; 5-year annualized return positive,"Oct 06, 2026 09:22:40 PM EDT",5,5,Adjusted total return,"Oct 06, 2026 09:22:40 PM EDT",Nasdaq Stock Screener,,,,,,,,,,,
AXP,American Express Company Common Stock,Finance,Finance: Consumer Services,Stock,205307695429.0,304.54998779296875,,Buy,Nasdaq Stock Screener analyst consensus,"Oct 06, 2026 09:22:18 PM EDT",450.0,372.20374,320.0,"Oct 06, 2026 09:22:40 PM EDT",Yahoo Finance analyst consensus,0.1743302409214386,-6.625587327233373,-12.88117183733235,-0.5362147266889661,-17.00780848090143,25.99319583694779,60.32017123461407,28.670532112883773,-8.516917230047039,36.884637340038,-1.1418572789111958,32.517370592949746,-2.620182556787753,36.21633742691481,8.582230976203942,-24.20946109406904,3.662686739343601,59.83582506905692,23.584623107940605,11.657735494219825,7.837133301405896,126.1521112017153,-63.73714213932613,-13.389482539349796,19.08518040899028,5.256349308512598,17.599318486819413,37.67775470242278,0.1533926575611577,-34.48484935332689,,False,False,False,False,False,,"Oct 06, 2026 09:22:40 PM EDT",1,2,Adjusted total return,"Oct 06, 2026 09:22:40 PM EDT",Nasdaq Stock Screener,,,,,,,,,,,
ADI,Analog Devices Inc. Common Stock,Technology,Semiconductors,Stock,203081386382.0,420.5499877929688,,Strong Buy,Nasdaq Stock Screener analyst consensus,"Oct 06, 2026 09:22:18 PM EDT",675.0,470.71875,365.0,"Oct 06, 2026 09:22:40 PM EDT",Yahoo Finance analyst consensus,0.3459751057829807,16.093854463207393,11.292326346683248,29.191753151798785,56.456924845264055,29.75263583050105,8.815529955955892,23.356248152362944,-4.912312765270544,20.96405677887392,26.87326309908789,41.30948464641215,-1.6391369786230017,25.301297764203955,34.9585702154559,2.385832280024558,12.14976098666465,24.69742696150248,21.26432445709101,-2.41345409941488,22.697944117838365,71.64563250433098,-38.058190583912,-1.5141267525841329,-6.651927333623641,-1.891441266091476,-18.689702465677847,91.4011853748612,-46.22663735410646,-13.279608167927826,,True,True,True,False,False,Short technical: price above 20-day average; 20-day average above 50-day average; MACD above signal line; 1-month momentum positive; 3-month momentum positive | Fundamental/consensus: Nasdaq Strong Buy | Long technical: price above 200-day average; 50-day average above 200-day average; 6-month return positive; 1-year annualized return positive; 3-year annualized return positive; 5-year annualized return positive,"Oct 06, 2026 09:22:40 PM EDT",5,6,Adjusted total return,"Oct 06, 2026 09:22:40 PM EDT",Nasdaq Stock Screener,,,,,,,,,,,
STX,Seagate Technology Holdings PLC Ordinary Shares (Ireland),Technology,Electronic Components,Stock,202893939407.0,805.6300048828125,,Strong Buy,Nasdaq Stock Screener analyst consensus,"Oct 06, 2026 09:22:18 PM EDT",1600.0,1125.0,700.0,"Oct 06, 2026 09:22:40 PM EDT",Yahoo Finance analyst consensus,-9.182835958759838,-5.063610429606047,-2.5813419293680417,72.1391673589475,193.4958242339296,225.26244893272903,4.0605612806758895,69.11950326437383,-51.41506349309415,87.5030165067598,10.13917497508332,62.14082514417465,-2.9003409445616968,16.669510872784233,13.408095939460551,-42.36472388784346,22.45044779916368,89.78682475027372,95.35620938953666,13.002974647741915,-17.37213625975932,313.85097405159377,-82.00460184701629,-2.197653444623904,34.48489535438488,17.830846153701895,-6.897192591993584,77.81508123884619,,,,False,True,True,False,False,Fundamental/consensus: Nasdaq Strong Buy | Long technical: price above 200-day average; 50-day average above 200-day average; 6-month return positive; 1-year annualized return positive; 3-year annualized return positive; 5-year annualized return positive,"Oct 06, 2026 09:22:40 PM EDT",1,6,Adjusted total return,"Oct 06, 2026 09:22:40 PM EDT",Nasdaq Stock Screener,,,,,,,,,,,
SAN,Banco Santander S.A. Sponsored ADR (Spain),Finance,Commercial Banks,Stock,201198447247.0,14.010000228881836,,Strong Buy,Nasdaq Stock Screener analyst consensus,"Oct 06, 2026 09:22:18 PM EDT",15.78,14.79333,13.0,"Oct 06, 2026 09:22:40 PM EDT",Yahoo Finance analyst consensus,0.7913713192115424,-6.162090137232001,-1.2684944103190876,24.19204223419629,20.90990639750776,161.6207723068638,15.051259785301664,46.18971771736536,-6.622592982406006,10.40142643611064,-26.328495588900992,-2.3125148621797376,-28.509424198219925,31.14319400699605,11.847609422135497,-37.62965080897044,-0.0089704750125707,23.57320549165365,26.20997324401333,-23.434951709125663,-31.117217958341705,88.81540915296777,-51.98383084414129,20.041040032121018,46.635362257331245,10.64140540642622,6.823042323100226,77.30888520166674,-11.827964722766248,-18.45727631646511,,False,True,True,False,False,Fundamental/consensus: Nasdaq Strong Buy | Long technical: price above 200-day average; 50-day average above 200-day average; 6-month return positive; 1-year annualized return positive; 3-year annualized return positive; 5-year annualized return positive,"Oct 06, 2026 09:22:40 PM EDT",0,6,Adjusted total return,"Oct 06, 2026 09:22:40 PM EDT",Nasdaq Stock Screener,,,,,,,,,,,
TD,Toronto Dominion Bank (The) Common Stock,Finance,Commercial Banks,Stock,191239608015.0,118.18000030517578,,Buy,Nasdaq Stock Screener analyst consensus,"Oct 06, 2026 09:22:18 PM EDT",135.56398,119.77192,95.576935,"Oct 06, 2026 09:22:40 PM EDT",Yahoo Finance analyst consensus,0.9222902178716684,-2.8364688203141752,-2.029297435826083,23.628927949410915,27.2905615946778,83.58317822372774,-13.40286078456181,4.559745764448264,-12.195836901251631,41.251072180831486,5.57857352129445,17.454773531256507,-12.09069321943199,22.926759443592704,30.95103374849262,-14.913040354769649,4.987131270994882,16.040390427859364,16.850982668576187,4.073348092472329,22.650194808963107,85.2933097691849,-46.7710180184479,20.30614958778876,16.087628123887264,30.70170447845062,29.725602350867963,61.24990059674411,-11.641163886951157,-7.356538917892841,,False,True,False,False,False,Long technical: price above 200-day average; 50-day average above 200-day average; 6-month return positive; 1-year annualized return positive; 3-year annualized return positive; 5-year annualized return positive | Consensus confirmation: Nasdaq Buy,"Oct 06, 2026 09:22:40 PM EDT",0,6,Adjusted total return,"Oct 06, 2026 09:22:40 PM EDT",Nasdaq Stock Screener,,,,,,,,,,,
VZ,Verizon Communications Inc. Common Stock,Telecommunications,Telecommunications Equipment,Stock,190496443012.0,45.97999954223633,,Buy,Nasdaq Stock Screener analyst consensus,"Oct 06, 2026 09:22:18 PM EDT",62.0,51.12174,44.0,"Oct 06, 2026 09:22:40 PM EDT",Yahoo Finance analyst consensus,0.2835355996546163,-8.296768843341773,9.800013245181516,-2.371061665957264,18.563066563881804,8.862776853355282,13.14258886815769,2.713211455401465,-20.02161249195068,-7.548893610877827,-0.1308941539182595,13.83647621103936,11.257676947910046,3.975425738801297,20.699569483343502,3.619832355456021,-0.5475844315903644,18.602967665873905,13.176143515515925,18.192019794547875,22.55865272683506,3.7752310003835934,-18.067085895971054,22.206933296110765,34.61727248294781,-22.197015760152404,20.30025376215252,-5.679741646430281,-15.178054740834355,-2.5233428637872257,,False,True,False,False,False,Long technical: price above 200-day average; 50-day average above 200-day average; 1-year annualized return positive; 3-year annualized return positive; 5-year annualized return positive | Consensus confirmation: Nasdaq Buy,"Oct 06, 2026 09:22:40 PM EDT",1,5,Adjusted total return,"Oct 06, 2026 09:22:40 PM EDT",Nasdaq Stock Screener,,,,,,,,,,,
QCOM,QUALCOMM Incorporated Common Stock,Technology,Radio And Television Broadcasting And Communications Equipment,Stock,189871790578.0,181.02999877929688,,Buy,Nasdaq Stock Screener analyst consensus,"Oct 06, 2026 09:22:18 PM EDT",400.0,194.13333,100.0,"Oct 06, 2026 09:22:40 PM EDT",Yahoo Finance analyst consensus,0.1327537485906083,7.283390355602837,-0.521800172443676,47.24552465202736,7.489299298990049,13.83866545058452,8.310440082165481,35.0736279962099,-38.58253169655198,22.25326807586039,77.08317784534984,60.76405945451327,-7.588765001258945,2.0464174292797788,35.09068117431229,-30.632778926912472,2.256704787374142,22.36054466165671,14.889765967727175,12.247875214536672,9.006810394664488,31.1901633675564,-7.636546019297452,5.534870973351613,-11.311281273991792,2.490146283501349,58.20255010442492,49.14315782218839,-27.940596558489798,-38.55513538309714,,False,True,False,False,False,Long technical: price above 200-day average; 50-day average above 200-day average; 6-month return positive; 1-year annualized return positive; 3-year annualized return positive; 5-year annualized return positive | Consensus confirmation: Nasdaq Buy,"Oct 06, 2026 09:22:40 PM EDT",2,6,Adjusted total return,"Oct 06, 2026 09:22:40 PM EDT",Nasdaq Stock Screener,,,,,,,,,,,
CRM,Salesforce Inc. Common Stock,Technology,Computer Software: Prepackaged Software,Stock,189117170000.0,224.9900054931641,,Strong Buy,Nasdaq Stock Screener analyst consensus,"Oct 06, 2026 09:22:18 PM EDT",475.0,283.36075,160.0,"Oct 06, 2026 09:22:40 PM EDT",Yahoo Finance analyst consensus,-2.0888584939344312,-13.055657205569505,32.95530124384229,23.815415005291875,-14.486930689325485,-20.24662569343414,27.763673275027717,98.46143435347298,-47.8259100390958,14.200329631305152,36.82363030888863,18.741325667849075,33.982214223327944,49.328099395157146,-12.678582974960795,32.18680652563313,7.465139101262075,31.326568076747275,65.6810897810459,-23.136363636363637,78.93451680070893,130.4592156462684,-48.93921961101474,71.98899293175232,13.728564204558058,89.19714558706204,,,,,,False,True,True,False,False,Fundamental/consensus: Nasdaq Strong Buy | Long technical: price above 200-day average; 50-day average above 200-day average; 6-month return positive; 3-year annualized return positive,"Oct 06, 2026 09:22:40 PM EDT",2,4,Adjusted total return,"Oct 06, 2026 09:22:40 PM EDT",Nasdaq Stock Screener,,,,,,,,,,,
TTE,TotalEnergies SE Ordinary Shares,Energy,Oil & Gas Production,Stock,184083680403.0,83.9800033569336,,Buy,Nasdaq Stock Screener analyst consensus,"Oct 06, 2026 09:22:18 PM EDT",111.0,97.9,81.0,"Oct 06, 2026 09:22:40 PM EDT",Yahoo Finance analyst consensus,-0.4622488763214361,-4.087256211627565,8.990630654715481,-7.005484072719614,31.27913175705894,27.52072920002273,-14.71066058128413,14.176901999026814,34.591016508879456,25.991404890101187,-16.575819741038856,10.316490862806416,-0.7730756788994708,14.3957824019213,20.017823506041555,-6.992090836588394,-12.054620105909496,24.941889852298505,7.993544855866963,1.71907553018269,-11.205600642388958,22.293018874515248,-29.802574261921123,18.931283986084345,21.231057651794718,18.824501572463134,24.474112229040124,33.43414729521725,4.013470847738887,-1.4390809155826134,,False,True,False,False,False,Long technical: price above 200-day average; 50-day average above 200-day average; 1-year annualized return positive; 3-year annualized return positive; 5-year annualized return positive | Consensus confirmation: Nasdaq Buy,"Oct 06, 2026 09:22:40 PM EDT",2,5,Adjusted total return,"Oct 06, 2026 09:22:40 PM EDT",Nasdaq Stock Screener,,,,,,,,,,,
DE,Deere & Company Common Stock,Industrials,Industrial Machinery/Components,Stock,183938456066.0,682.7899780273438,,Strong Buy,Nasdaq Stock Screener analyst consensus,"Oct 06, 2026 09:22:18 PM EDT",813.18,691.8339,500.0,"Oct 06, 2026 09:22:40 PM EDT",Yahoo Finance analyst consensus,0.0864798900257701,-1.3136762238673994,13.387670772044167,19.130772038061505,47.81886253734837,11.385247989311154,7.555405029227447,-5.480062753007664,26.58720665833656,28.859164090729926,57.95753162382289,18.295509233516285,-2.8958255857453263,54.82953228180425,38.939221577101655,-11.260826671389523,-0.5461070730550466,8.221394681446847,14.285372615481815,-4.980769019378695,56.33483610280645,44.85835071749935,-58.0562600512352,98.64756591228472,42.28576644111743,-6.603658908601917,16.270821621042565,44.42991189957986,7.068557404578479,-2.518856480004761,,False,True,True,False,False,Fundamental/consensus: Nasdaq Strong Buy | Long technical: price above 200-day average; 50-day average above 200-day average; 6-month return positive; 1-year annualized return positive; 3-year annualized return positive; 5-year annualized return positive,"Oct 06, 2026 09:22:40 PM EDT",4,6,Adjusted total return,"Oct 06, 2026 09:22:40 PM EDT",Nasdaq Stock Screener,,,,,,,,,,,
GILD,Gilead Sciences Inc. Common Stock,Health Care,Biotechnology: Biological Products (No Diagnostic Substances),Stock,179334714068.0,144.22999572753906,,Strong Buy,Nasdaq Stock Screener analyst consensus,"Oct 06, 2026 09:22:18 PM EDT",180.0,158.65385,123.0,"Oct 06, 2026 09:22:40 PM EDT",Yahoo Finance analyst consensus,-0.2765741144775235,-3.945475601269533,6.3672193515557085,5.184116161413832,19.622528541669283,36.5934628980457,18.682515602212742,-1.9927869348876803,23.62957388219196,29.95493316375457,-6.700399652392308,7.880638159179853,-9.919862512658783,2.957330004488745,-27.594507116876123,8.632104897377335,25.512694825522253,104.49286003029373,79.45268092555158,12.941492019402578,-16.246794133991827,-15.389136971772178,11.149720320799972,41.72191547648758,23.51142405200235,50.24298175620034,20.075475700911905,71.41181462470432,3.4692674868195272,58.48072520026717,,False,True,True,False,False,Fundamental/consensus: Nasdaq Strong Buy | Long technical: price above 200-day average; 50-day average above 200-day average; 6-month return positive; 1-year annualized return positive; 3-year annualized return positive; 5-year annualized return positive,"Oct 06, 2026 09:22:40 PM EDT",2,6,Adjusted total return,"Oct 06, 2026 09:22:40 PM EDT",Nasdaq Stock Screener,,,,,,,,,,,
DIS,Walt Disney Company (The) Common Stock,Consumer Discretionary,Services-Misc. Amusement & Recreation,Stock,178902029916.0,104.02999877929688,,Strong Buy,Nasdaq Stock Screener analyst consensus,"Oct 06, 2026 09:22:18 PM EDT",144.0,126.58281,88.0,"Oct 06, 2026 09:22:40 PM EDT",Yahoo Finance analyst consensus,0.4053645077416901,-1.2154579897171611,6.719322114074777,9.445730435643206,-7.86048500179104,3.3032730960504075,24.442787769849783,4.263651583855888,-43.908581372052645,-14.510434477153876,25.271377145843,33.51350193024811,3.6078135048594575,4.760200601628273,0.6719801196753306,12.92986734809858,24.852299005388765,55.33882233212737,34.81224721530356,1.6521627884039436,17.58224458239024,43.772243282801696,-28.655200082177824,-3.486379760483671,44.26514641801631,-12.860419027306037,20.224596423553475,44.40093123068809,-20.301579454698416,-27.637626016819205,,False,True,True,False,False,Fundamental/consensus: Nasdaq Strong Buy | Long technical: price above 200-day average; 50-day average above 200-day average; 6-month return positive; 3-year annualized return positive,"Oct 06, 2026 09:22:40 PM EDT",2,4,Adjusted total return,"Oct 06, 2026 09:22:40 PM EDT",Nasdaq Stock Screener,,,,,,,,,,,
TMUS,T-Mobile US Inc. Common Stock,Telecommunications,Telecommunications Equipment,Stock,176604654364.0,165.92999267578125,,Strong Buy,Nasdaq Stock Screener analyst consensus,"Oct 06, 2026 09:22:18 PM EDT",296.0,241.24,169.0,"Oct 06, 2026 09:22:40 PM EDT",Yahoo Finance analyst consensus,0.7835236217899944,-8.588591466359341,-9.658607456313428,-16.329325994213583,-16.96218592567671,-6.579181841826786,39.70332372543153,15.021356798032382,20.71046282173492,-13.993333158787925,71.95868381346118,23.28250375062806,0.1574566577254854,10.432974475213696,47.00920118774364,45.211561954605294,-19.91674605722704,104.23127872597138,14.516119472031574,-31.274745799036985,65.5308073151557,-48.61953212735902,-23.65037379607192,,,,,,,,,False,True,True,False,False,Fundamental/consensus: Nasdaq Strong Buy,"Oct 06, 2026 09:22:40 PM EDT",0,2,Adjusted total return,"Oct 06, 2026 09:22:40 PM EDT",Nasdaq Stock Screener,,,,,,,,,,,
ABT,Abbott Laboratories Common Stock,Health Care,Biotechnology: Pharmaceutical Preparations,Stock,173211367930.0,98.16000366210938,,Strong Buy,Nasdaq Stock Screener analyst consensus,"Oct 06, 2026 09:22:18 PM EDT",135.0,120.7436,103.0,"Oct 06, 2026 09:22:40 PM EDT",Yahoo Finance analyst consensus,-1.9380567847993249,-9.387979319714091,3.151203894434529,-2.3074555209835035,-20.197742443333144,12.867148983309896,4.81261919870295,2.260620477209585,-20.681887328409864,30.528313357793245,28.04068060285832,22.08021507909428,29.061837974312567,52.02823724729606,-12.320663734677428,1.8717787005233968,20.08367703623364,23.956608450719383,20.295152646469795,21.77619721159541,-8.268902912724684,4.579078308046358,-2.485479869988716,18.043231553465123,26.863972171950312,-13.483098038512631,17.803088184322036,19.272062262067543,-26.73367390622292,17.078202568652422,,False,True,True,False,False,Fundamental/consensus: Nasdaq Strong Buy,"Oct 06, 2026 09:22:40 PM EDT",1,2,Adjusted total return,"Oct 06, 2026 09:22:40 PM EDT",Nasdaq Stock Screener,,,,,,,,,,,
PEP,PepsiCo Inc. Common Stock,Consumer Staples,Beverages (Production/Distribution),Stock,171498624263.0,125.70999908447266,,Buy,Nasdaq Stock Screener analyst consensus,"Oct 06, 2026 09:22:18 PM EDT",180.0,148.63635,124.0,"Oct 06, 2026 09:22:40 PM EDT",Yahoo Finance analyst consensus,0.0477497476045751,-8.660906325251783,-12.365194905212007,-16.200204735817756,-9.743092225160598,-1.8444754237696424,-7.601615308849874,-3.2903534163374326,6.7834516204764,20.556447716314487,11.671743401792645,27.375887984884663,-4.812866468210553,17.818076658843495,7.795944661466425,8.748544394072377,17.265835626926606,24.64803281302066,6.395337647328625,4.761842845882214,10.691798842609424,14.6273845156621,-25.960641921466177,23.88089536485014,7.864002938881254,15.23911325674958,13.81077560855788,12.04298473822627,-12.136225860410088,-0.5433754113304712,,False,False,False,False,False,,"Oct 06, 2026 09:22:40 PM EDT",0,0,Adjusted total return,"Oct 06, 2026 09:22:40 PM EDT",Nasdaq Stock Screener,,,,,,,,,,,
SCCO,Southern Copper Corporation Common Stock,Basic Materials,Metal Mining,Stock,171279955925.0,204.25999450683597,,Sell,Nasdaq Stock Screener analyst consensus,"Oct 06, 2026 09:22:18 PM EDT",275.0,173.31207,138.33992,"Oct 06, 2026 09:22:40 PM EDT",Yahoo Finance analyst consensus,-0.5017286828302714,2.767156445967212,22.44697226370953,21.304089487343127,48.98387578933263,66.60549846306891,9.447824560477812,50.11857134326832,4.249582573639454,-0.6225590483831533,58.78858286106061,46.58394127873684,-33.109325997627494,50.786231808551285,23.106952494823908,-6.308944715329378,-0.2879934348234303,-22.59870799885263,39.17040459339569,-33.580612097059934,55.9417182923232,108.95503707021332,-50.471302079079614,110.19438648180557,79.04091070365169,59.42762250360638,6.7613933324909725,235.83716011182796,23.329171692808725,-4.578351449010942,,False,False,False,False,False,Long technical: price above 200-day average; 50-day average above 200-day average; 6-month return positive; 1-year annualized return positive; 3-year annualized return positive; 5-year annualized return positive,"Oct 06, 2026 09:22:40 PM EDT",6,6,Adjusted total return,"Oct 06, 2026 09:22:40 PM EDT",Nasdaq Stock Screener,,,,,,,,,,,
SCHW,Charles Schwab Corporation (The) Common Stock,Finance,Investment Bankers/Brokers/Service,Stock,169405726543.0,96.8000030517578,,Strong Buy,Nasdaq Stock Screener analyst consensus,"Oct 06, 2026 09:22:18 PM EDT",145.0,123.52381,95.0,"Oct 06, 2026 09:22:40 PM EDT",Yahoo Finance analyst consensus,-1.184152759857171,-11.4283079505355,-4.7559386739636444,4.382507616367248,-2.152295217305966,36.64863036327106,9.165955417167249,-15.969154190860625,0.1073814176147047,60.2306562733079,13.567408058068263,16.376941509005526,-18.43362944582465,31.15263954019516,21.012541358759407,9.920014639559184,17.17737726701165,83.30217239220741,29.88163378829334,-33.12935793822663,-7.770229460456147,18.06948980653502,-36.01923005672136,39.93634210492991,32.90109463481876,23.562537038333463,1.763364532412126,9.647642124625367,-29.554870150848465,-45.3456572667293,,False,True,True,False,False,Fundamental/consensus: Nasdaq Strong Buy,"Oct 06, 2026 09:22:40 PM EDT",0,5,Adjusted total return,"Oct 06, 2026 09:22:40 PM EDT",Nasdaq Stock Screener,,,,,,,,,,,
ETN,Eaton Corporation PLC Ordinary Shares,Technology,Industrial Machinery/Components,Stock,168021840000.0,445.0899963378906,,Strong Buy,Nasdaq Stock Screener analyst consensus,"Oct 06, 2026 09:22:18 PM EDT",534.0,481.54886,333.0,"Oct 06, 2026 09:22:40 PM EDT",Yahoo Finance analyst consensus,2.8871914142752697,8.333939327178207,12.764125370540192,21.30082489533489,40.91024326317727,-2.789562379213117,39.51131588600407,56.22376471486498,-7.182568958464475,46.70217937989607,29.878146787137627,42.76469342933047,-11.58561960916692,21.540548122447944,33.817356922597284,-20.733768145919477,-8.221830261312101,44.17524985667076,28.589747372642798,-11.814400421102556,64.08732781125508,33.31454509759681,-47.16159016338904,31.534500990686134,14.417156158661726,-5.452904339820841,36.39243881001075,41.33287829276065,7.519699801076407,39.31872843510664,,True,True,True,False,False,Short technical: price above 20-day average; 20-day average above 50-day average; MACD above signal line; RSI in bullish 50-70 zone; 1-month momentum positive; 3-month momentum positive | Fundamental/consensus: Nasdaq Strong Buy | Long technical: price above 200-day average; 50-day average above 200-day average; 6-month return positive; 1-year annualized return positive; 3-year annualized return positive; 5-year annualized return positive,"Oct 06, 2026 09:22:40 PM EDT",6,6,Adjusted total return,"Oct 06, 2026 09:22:40 PM EDT",Nasdaq Stock Screener,,,,,,,,,,,
NVO,Novo Nordisk A/S Common Stock,Health Care,Biotechnology: Pharmaceutical Preparations,Stock,166224511721.0,37.52999877929688,,Hold,Nasdaq Stock Screener analyst consensus,"Oct 06, 2026 09:22:18 PM EDT",62.066246,46.175426,39.21959,"Oct 06, 2026 09:22:40 PM EDT",Yahoo Finance analyst consensus,-0.0266439424255082,-19.46351929573809,-23.42955412259846,2.979058800008993,-22.555886299222397,-39.2205625065307,-15.935326847592046,54.84016533896412,22.65748304864259,63.518130904741895,23.333057582860704,28.70301600853027,-12.116598076812334,54.2259759639719,-36.56484986678672,39.39195274202248,16.66789339572048,15.407510831191471,44.08782979767021,3.914130247137093,79.4953582946005,26.98430983058537,-19.72547772312673,57.37923733014685,51.048684951356464,5.267851641064625,34.6328225781223,43.96367999689659,-27.230909260529454,14.199986641281416,,False,False,False,False,False,,"Oct 06, 2026 09:22:40 PM EDT",0,1,Adjusted total return,"Oct 06, 2026 09:22:40 PM EDT",Nasdaq Stock Screener,,,,,,,,,,,
T,AT&T Inc.,Telecommunications,Telecommunications Equipment,Stock,166101828156.0,24.43000030517578,,Strong Buy,Nasdaq Stock Screener analyst consensus,"Oct 06, 2026 09:22:18 PM EDT",36.0,28.77083,20.0,"Oct 06, 2026 09:22:40 PM EDT",Yahoo Finance analyst consensus,0.7838305934474654,-4.8676011882603625,17.38792367724131,-10.78379288595751,1.8901578577378289,13.977775023453807,44.10037761743286,-2.7310875644493526,6.468485211147779,-5.900925900815135,-19.649430006873825,48.481067035445214,-20.77643063027405,-2.46191759822193,31.993186033072064,10.314500387034542,2.3932628935092515,11.553619153783522,19.522561230074388,11.095609372252802,13.918564370945164,6.836212525822272,-26.916816405038592,22.064197838719537,55.58443799068896,1.994733635228707,5.44179892684884,3.5518777429449866,-27.48483285306797,-15.465278373052694,,False,True,True,False,False,Fundamental/consensus: Nasdaq Strong Buy,"Oct 06, 2026 09:22:40 PM EDT",2,3,Adjusted total return,"Oct 06, 2026 09:22:40 PM EDT",Nasdaq Stock Screener,,,,,,,,,,,
BLK,BlackRock Inc. Common Stock,Finance,Investment Bankers/Brokers/Service,Stock,165160321261.0,1079.4200439453125,,Strong Buy,Nasdaq Stock Screener analyst consensus,"Oct 06, 2026 09:22:18 PM EDT",1479.0,1320.1177,1190.0,"Oct 06, 2026 09:22:40 PM EDT",Yahoo Finance analyst consensus,1.2161932924452,-3.326289021587736,7.482383377429835,13.836093237208846,2.504581785302351,6.5525386259205565,29.29155605984326,17.86203898626928,-20.396941717693974,29.39156706447445,47.205146156873965,31.865340155056156,-21.600629721519205,38.19906777542006,14.637905926845708,-2.354477141902589,15.696418064568585,57.017132110365786,19.84671069547213,-3.612788908776365,-15.935723646422284,76.61822419556736,-37.03184179816089,45.10242885330975,41.743825055547255,42.39449425047528,47.63341735812341,35.91538016405118,-5.515652883289713,-0.7142594896249022,,False,True,True,False,False,Fundamental/consensus: Nasdaq Strong Buy | Long technical: price above 200-day average; 50-day average above 200-day average; 6-month return positive; 3-year annualized return positive; 5-year annualized return positive,"Oct 06, 2026 09:22:40 PM EDT",3,5,Adjusted total return,"Oct 06, 2026 09:22:40 PM EDT",Nasdaq Stock Screener,,,,,,,,,,,
MCD,McDonald's Corporation Common Stock,Consumer Discretionary,Restaurants,Stock,164908782384.0,232.4499969482422,,Buy,Nasdaq Stock Screener analyst consensus,"Oct 06, 2026 09:22:18 PM EDT",390.0,293.7586,230.0,"Oct 06, 2026 09:22:40 PM EDT",Yahoo Finance analyst consensus,-0.2531738563716024,-9.089133431601317,-17.046797436472406,-22.686585116430614,-22.45310232529065,7.888740726746302,0.1365968005397455,15.062041693805227,0.5081386711807356,27.78807419335909,11.296790077358487,13.971462397490164,5.779111969844575,45.05028107751481,6.206117811653633,30.42908852035733,-0.1014231860823833,13.594874845604464,-9.259650969369716,34.660590714530514,26.94280819081285,3.961710399536167,8.585958308797048,36.38433873769662,34.67384163488831,7.335435978843363,31.514747811786982,56.81872045124878,-38.40499731587615,-21.486938797306266,,False,False,False,False,False,,"Oct 06, 2026 09:22:40 PM EDT",0,2,Adjusted total return,"Oct 06, 2026 09:22:40 PM EDT",Nasdaq Stock Screener,,,,,,,,,,,
UNP,Union Pacific Corporation Common Stock,Industrials,Railroads,Stock,164594557476.0,276.6099853515625,,Strong Buy,Nasdaq Stock Screener analyst consensus,"Oct 06, 2026 09:22:18 PM EDT",375.0,328.91666,245.0,"Oct 06, 2026 09:22:40 PM EDT",Yahoo Finance analyst consensus,-0.1624240998327697,-4.492096535103118,-1.845984513161736,13.501042038290256,21.38906784622485,3.858872031971927,-5.102433773528681,21.608607702057327,-15.933733584244136,23.31336074184356,17.63499510389961,33.699865813545536,5.262129542067817,32.30109529106029,35.97880716718886,-32.835498772136695,44.45211908130029,36.27499514291621,21.219653812793293,16.688210208429567,47.591881807577806,36.53637152978418,-22.73235500406976,38.3273894296354,15.86556069924454,21.83859912399013,-1.2671742795262952,17.965975546886035,6.48205317972006,13.942817851881472,,False,True,True,False,False,Fundamental/consensus: Nasdaq Strong Buy | Long technical: price above 200-day average; 50-day average above 200-day average; 6-month return positive; 1-year annualized return positive; 3-year annualized return positive; 5-year annualized return positive,"Oct 06, 2026 09:22:40 PM EDT",1,6,Adjusted total return,"Oct 06, 2026 09:22:40 PM EDT",Nasdaq Stock Screener,,,,,,,,,,,
WELL,Welltower Inc. Common Stock,Real Estate,Real Estate Investment Trusts,Stock,161562188216.0,225.77999877929688,,Strong Buy,Nasdaq Stock Screener analyst consensus,"Oct 06, 2026 09:22:18 PM EDT",292.0,262.04544,219.0,"Oct 06, 2026 09:22:40 PM EDT",Yahoo Finance analyst consensus,0.7226958827273311,-4.399373108440264,-4.612007409165175,12.811806086860722,22.952913795294005,49.85811092588832,43.06808525042267,41.789359021973205,-21.17721566748404,36.98319486222008,-17.18793567624407,23.03686811520942,15.309503140838988,0.2198346386842908,3.3834153036828907,-5.800579615411527,48.53987546799385,-8.41803802231219,18.23042910473218,21.12641590452846,14.21594174040932,12.637232192259251,0.216094679064982,9.6716450571223,36.975251905489536,-4.7045462787953625,13.49538414363658,44.07899916341036,20.729564031563296,65.91050409789175,,False,True,True,False,False,Fundamental/consensus: Nasdaq Strong Buy | Long technical: price above 200-day average; 50-day average above 200-day average; 6-month return positive; 1-year annualized return positive; 3-year annualized return positive; 5-year annualized return positive,"Oct 06, 2026 09:22:40 PM EDT",0,6,Adjusted total return,"Oct 06, 2026 09:22:40 PM EDT",Nasdaq Stock Screener,,,,,,,,,,,
WDC,Western Digital Corporation Common Stock,Technology,Electronic Components,Stock,159229302508.0,411.0400085449219,,Strong Buy,Nasdaq Stock Screener analyst consensus,"Oct 06, 2026 09:22:18 PM EDT",1050.0,666.5833,420.0,"Oct 06, 2026 09:22:40 PM EDT",Yahoo Finance analyst consensus,-6.928721376815094,-12.041249377237218,-22.726556626592288,31.837148276181715,138.85526814551437,283.6784849532004,13.862906642585472,65.99049645765147,-51.61784971470138,17.728832181950537,-10.88523368652644,77.14195233330292,-51.90290098811119,19.828741538873707,17.477677717312634,-44.2655464916625,33.99465674267403,100.82569075975924,39.068134706908864,-8.70204976585166,-23.21629343207812,285.5894248737128,-62.09863675506257,47.65391699811544,9.940909933390852,71.67898125846538,-8.05766069786291,84.50701022730827,1.9138724344069715,157.23069182732243,,False,True,True,False,False,Fundamental/consensus: Nasdaq Strong Buy | Long technical: price above 200-day average; 50-day average above 200-day average; 6-month return positive; 1-year annualized return positive; 3-year annualized return positive; 5-year annualized return positive,"Oct 06, 2026 09:22:40 PM EDT",0,6,Adjusted total return,"Oct 06, 2026 09:22:40 PM EDT",Nasdaq Stock Screener,,,,,,,,,,,
NEE,NextEra Energy Inc. Common Stock,Utilities,Electric Utilities: Central,Stock,159118417783.0,77.87999725341797,,Buy,Nasdaq Stock Screener analyst consensus,"Oct 06, 2026 09:22:18 PM EDT",114.0,97.42105,56.0,"Oct 06, 2026 09:22:40 PM EDT",Yahoo Finance analyst consensus,2.097533429110832,-6.652286984845556,-11.30819171926647,-15.618273276818115,-0.8728009550809324,15.475245595121455,21.46456331378259,-25.292999117578585,-8.544086664528116,23.39260392084541,30.064325129784606,42.68589342921993,14.30370853533185,34.3959795260614,18.42979518658872,0.7507688593811235,27.920930679367608,27.999885512758937,17.92392251341617,21.86405002878056,2.436177979150478,8.714163643432137,-23.464000540550067,27.944340975423664,35.46784150300479,15.059371048769243,18.72821001990421,13.039376463968,11.026557438492212,-18.29382331227956,,False,False,False,False,False,,"Oct 06, 2026 09:22:40 PM EDT",1,2,Adjusted total return,"Oct 06, 2026 09:22:40 PM EDT",Nasdaq Stock Screener,,,,,,,,,,,
PFE,Pfizer Inc. Common Stock,Health Care,Biotechnology: Pharmaceutical Preparations,Stock,156228053074.0,27.5,,Buy,Nasdaq Stock Screener analyst consensus,"Oct 06, 2026 09:22:18 PM EDT",35.75,28.91346,25.0,"Oct 06, 2026 09:22:40 PM EDT",Yahoo Finance analyst consensus,0.3283478770117032,-3.339194156286196,16.24878926996274,4.9555712550588105,16.142204666448578,0.6470211569148621,-2.2170508441736403,-41.26411102618779,-10.407986176295614,66.69508616253354,3.069477535128695,-6.907896163532856,24.818905654207924,15.901764532072304,4.424888393217152,7.0879136003367815,5.276528701098271,26.206124939260626,20.42522168624381,28.784136879162396,0.3150519737020518,8.200122501414175,-16.957899267876986,-8.135542087680992,15.259023328423972,-10.629267332991466,-22.30168773727932,17.748224148319757,-22.15708354616184,-12.474632461154744,,False,True,False,False,False,Long technical: price above 200-day average; 50-day average above 200-day average; 6-month return positive; 1-year annualized return positive; 3-year annualized return positive | Consensus confirmation: Nasdaq Buy,"Oct 06, 2026 09:22:40 PM EDT",2,5,Adjusted total return,"Oct 06, 2026 09:22:40 PM EDT",Nasdaq Stock Screener,,,,,,,,,,,
PBR,Petroleo Brasileiro S.A. Petrobras ADS,Energy,Oil & Gas Production,Stock,155567004437.0,23.799999237060547,,Strong Buy,Nasdaq Stock Screener analyst consensus,"Oct 06, 2026 09:22:18 PM EDT",31.0,23.30714,17.4,"Oct 06, 2026 09:22:40 PM EDT",Yahoo Finance analyst consensus,-1.4084513719320402,18.290249723306484,47.04719018288075,19.90055158050785,109.54769599291728,-1.0569560599282155,-2.26089485746358,89.1812825071685,57.230792194928256,20.42633780669918,-28.88301139140928,23.731520202403143,27.68386309125177,1.7804339120068624,135.11621089062675,-41.095891594157095,-45.25164589218464,-28.217090099387487,-19.776163542843463,-32.14085680830181,-18.15891460988167,100.0103571891234,-55.69825464391251,131.3966839018171,51.23615798691097,82.08032880673781,43.46578171375724,109.94686180107476,-32.47422752030062,-2.8986087298687457,,True,True,True,False,False,Short technical: price above 20-day average; 20-day average above 50-day average; MACD above signal line; 1-month momentum positive; 3-month momentum positive | Fundamental/consensus: Nasdaq Strong Buy | Long technical: price above 200-day average; 50-day average above 200-day average; 6-month return positive; 1-year annualized return positive; 3-year annualized return positive; 5-year annualized return positive,"Oct 06, 2026 09:22:40 PM EDT",5,6,Adjusted total return,"Oct 06, 2026 09:22:40 PM EDT",Nasdaq Stock Screener,,,,,,,,,,,
DHR,Danaher Corporation Common Stock,Industrials,Industrial Machinery/Components,Stock,155507545005.0,215.6100006103516,,Strong Buy,Nasdaq Stock Screener analyst consensus,"Oct 06, 2026 09:22:18 PM EDT",310.0,239.04546,200.0,"Oct 06, 2026 09:22:40 PM EDT",Yahoo Finance analyst consensus,-2.531533806587316,4.012379712229475,11.227202119156598,13.313543462975508,-5.250052202195022,0.3520120714462393,-0.3457722514063288,-1.2392629179431958,-19.02089742810044,48.56614944802258,45.33650127789692,49.55379811066014,11.80447636754125,20.01313847767243,73.07286146670063,9.040167546862165,11.585290774116183,38.31096397962288,19.05802249368933,-0.0902586475311717,25.694634708827824,33.10669779243334,-35.36786325117436,21.288326521518663,30.023486128888564,-2.713892127832074,25.28587023843316,39.80707761280169,9.093560667963365,-11.671369122722474,,True,True,True,False,False,Short technical: price above 20-day average; 20-day average above 50-day average; RSI in bullish 50-70 zone; 1-month momentum positive; 3-month momentum positive | Fundamental/consensus: Nasdaq Strong Buy | Long technical: price above 200-day average; 50-day average above 200-day average; 6-month return positive; 1-year annualized return positive; 3-year annualized return positive,"Oct 06, 2026 09:22:40 PM EDT",5,5,Adjusted total return,"Oct 06, 2026 09:22:40 PM EDT",Nasdaq Stock Screener,,,,,,,,,,,
COP,ConocoPhillips Common Stock,Energy,Integrated oil Companies,Stock,154251732304.0,129.35000610351562,,Strong Buy,Nasdaq Stock Screener analyst consensus,"Oct 06, 2026 09:22:18 PM EDT",189.0,146.07692,126.0,"Oct 06, 2026 09:22:40 PM EDT",Yahoo Finance analyst consensus,0.7398849316123446,-3.657074783412362,20.07814848850242,-0.4474127381922654,41.22562061537589,-2.34114049738986,-12.167348303624248,1.9831365950664592,71.69170948722608,86.6014145316325,-36.03569366274423,6.62929016167082,15.62886660193965,11.946385979520402,10.132120342415174,-29.00664832126524,1.5110137840687043,27.077535795497894,9.198788201260657,10.98792841334144,38.73355327112685,2.7896011366711715,-39.79124685897956,25.414935550175265,26.533297129483223,36.837907382894585,35.57582713571617,39.813231191648654,-17.435727835876115,8.580222609932541,,False,True,True,False,False,Fundamental/consensus: Nasdaq Strong Buy | Long technical: price above 200-day average; 50-day average above 200-day average; 1-year annualized return positive; 3-year annualized return positive; 5-year annualized return positive,"Oct 06, 2026 09:22:40 PM EDT",3,5,Adjusted total return,"Oct 06, 2026 09:22:40 PM EDT",Nasdaq Stock Screener,,,,,,,,,,,
BBVA,Banco Bilbao Vizcaya Argentaria S.A. Common Stock,Finance,Commercial Banks,Stock,152716498388.0,27.149999618530277,,Buy,Nasdaq Stock Screener analyst consensus,"Oct 06, 2026 09:22:18 PM EDT",28.58,24.52667,21.0,"Oct 06, 2026 09:22:40 PM EDT",Yahoo Finance analyst consensus,0.779506608424807,-7.9972910608174015,4.142692506131751,26.001192700643735,20.109242696979823,153.99493198623512,14.196108059860356,62.481294873910656,10.096103171438584,22.056582476556443,-6.30750036689961,11.067678465424644,-36.25972103653484,31.09940858634257,-1.3184074697031645,-19.32722251595717,-20.537242861258253,39.5785473468522,18.186063971503287,-9.223028841185789,-39.55300265598498,53.310185796614086,-45.50560349048433,4.615119675131374,39.314385993957735,4.3275325534400055,32.75278772501311,48.09979949621941,-19.23733335229709,-13.153612012490443,,False,True,False,False,False,Long technical: price above 200-day average; 50-day average above 200-day average; 6-month return positive; 1-year annualized return positive; 3-year annualized return positive; 5-year annualized return positive | Consensus confirmation: Nasdaq Buy,"Oct 06, 2026 09:22:40 PM EDT",1,6,Adjusted total return,"Oct 06, 2026 09:22:40 PM EDT",Nasdaq Stock Screener,,,,,,,,,,,
BA,Boeing Company (The) Common Stock,Industrials,Aerospace,Stock,152320110254.0,189.82000732421875,,Strong Buy,Nasdaq Stock Screener analyst consensus,"Oct 06, 2026 09:22:18 PM EDT",305.0,273.1154,248.0,"Oct 06, 2026 09:22:40 PM EDT",Yahoo Finance analyst consensus,-1.5047705884784102,-10.56772328658716,-18.06801911036936,-9.609520321800591,-12.573686628094272,22.66666390801553,-32.09545096552553,36.83657732450612,-5.379496044629761,-5.9515978602623925,-33.89809232926568,3.338231446000184,11.501667001109306,94.71506962822134,11.30882352595084,14.065088277295644,-2.54656464066364,84.72287863499648,5.217769501687375,15.147017818367846,23.574783056640403,31.78863309952742,-50.066679728053366,-0.1092676050443386,28.392775266953077,37.91115637058158,24.888692159329384,30.433284823430995,-13.396457196037924,-40.42879409396196,,False,True,True,False,False,Fundamental/consensus: Nasdaq Strong Buy,"Oct 06, 2026 09:22:40 PM EDT",0,1,Adjusted total return,"Oct 06, 2026 09:22:40 PM EDT",Nasdaq Stock Screener,,,,,,,,,,,
UBS,UBS Group AG Registered Ordinary Shares,Finance,Major Banks,Stock,149523510779.0,48.18000030517578,,Strong Buy,Nasdaq Stock Screener analyst consensus,"Oct 06, 2026 09:22:18 PM EDT",62.6,55.03333,50.0,"Oct 06, 2026 09:22:40 PM EDT",Yahoo Finance analyst consensus,0.985121001304079,-13.00108455051081,-6.337477466106556,24.899939904113587,6.721879953434806,57.71206325758296,0.6964619803859984,69.85118463557889,7.395125710111827,29.43010586186672,19.510868742095976,7.154065260252485,-32.680798547331,21.537815245303584,-14.365274287280617,16.53259741277202,-11.428567027453218,22.29987365332784,33.05155688925443,-28.17242572184125,6.189551357351597,8.461527295980353,-68.91304059548675,-23.75268256792165,26.810292498690824,13.48995451136348,23.31226309270904,41.2926148834768,-3.7599981293485407,-8.200752455653681,,False,True,True,False,False,Fundamental/consensus: Nasdaq Strong Buy | Long technical: price above 200-day average; 50-day average above 200-day average; 6-month return positive; 1-year annualized return positive; 3-year annualized return positive; 5-year annualized return positive,"Oct 06, 2026 09:22:40 PM EDT",0,6,Adjusted total return,"Oct 06, 2026 09:22:40 PM EDT",Nasdaq Stock Screener,,,,,,,,,,,
TJX,TJX Companies Inc. (The) Common Stock,Consumer Discretionary,Clothing/Shoe/Accessory Stores,Stock,147847513539.0,137.02999877929688,,Strong Buy,Nasdaq Stock Screener analyst consensus,"Oct 06, 2026 09:22:18 PM EDT",198.0,169.8,136.0,"Oct 06, 2026 09:22:40 PM EDT",Yahoo Finance analyst consensus,1.9492560418150615,3.74772628681046,-10.802438541332894,-12.480898681931086,-9.965170697668825,28.72616799875072,30.56367171834613,19.689821234473094,6.731440558070756,12.826712427368816,12.254160723976138,38.75664485524359,18.942388368584773,3.4617586883505918,7.357385732073074,4.606360933888443,8.836851301933834,51.71839872651576,32.95869727887424,47.39035275533605,23.057776586529567,80.51069774400455,-27.400198459369417,1.968828504789366,24.050212870771404,-6.6557102844230105,14.804515565507748,13.746693337089445,-1.487411935477645,44.39584316988683,,False,True,True,False,False,Fundamental/consensus: Nasdaq Strong Buy,"Oct 06, 2026 09:22:40 PM EDT",4,2,Adjusted total return,"Oct 06, 2026 09:22:40 PM EDT",Nasdaq Stock Screener,,,,,,,,,,,
BUD,Anheuser-Busch Inbev SA Sponsored ADR (Belgium),Consumer Staples,Beverages (Production/Distribution),Stock,147554995100.0,75.62000274658203,,Strong Buy,Nasdaq Stock Screener analyst consensus,"Oct 06, 2026 09:22:18 PM EDT",109.0,95.62091,85.0,"Oct 06, 2026 09:22:40 PM EDT",Yahoo Finance analyst consensus,1.069236908608473,-5.886740282966507,-5.166786089242481,7.2574357442724,19.8355590671323,30.119764134128022,-21.37141542409409,9.03940898991491,0.1211403274401279,-12.661937035861094,-13.967041313273931,27.687186983015245,-38.786836523031,9.54642620450892,-12.718439246959456,14.955229243689484,8.677568428910853,25.565166249998803,46.52438900572415,8.87201367146897,10.900331954285502,,,,,,,,,,,False,True,True,False,False,Fundamental/consensus: Nasdaq Strong Buy,"Oct 06, 2026 09:22:40 PM EDT",0,5,Adjusted total return,"Oct 06, 2026 09:22:40 PM EDT",Nasdaq Stock Screener,,,,,,,,,,,
ISRG,Intuitive Surgical Inc. Common Stock,Health Care,Industrial Specialties,Stock,143600456886.0,404.760009765625,,Strong Buy,Nasdaq Stock Screener analyst consensus,"Oct 06, 2026 09:22:18 PM EDT",685.0,477.2069,324.0,"Oct 06, 2026 09:22:40 PM EDT",Yahoo Finance analyst consensus,-0.4231453390609596,10.379055438129049,-5.274977456415142,-10.639143645586191,-28.53308492223826,8.506391583612928,54.71900777702557,27.137734159295658,-26.14806147546762,31.75649860997865,38.39127530254489,23.43397883058069,31.23252999534887,72.63825322631465,16.114325169569675,3.2555687231631047,37.71609743722726,-21.67547126799561,5.9091612843523045,79.63530665880964,-15.05453868216694,138.94007106394574,-60.68421194727029,236.80917484400115,-18.22290143157277,193.02844497737723,134.1720512259531,38.7175279648575,-38.58424617575309,18.00000113599436,,True,True,True,False,False,Short technical: price above 20-day average; 20-day average above 50-day average; MACD above signal line; RSI in bullish 50-70 zone; 1-month momentum positive | Fundamental/consensus: Nasdaq Strong Buy,"Oct 06, 2026 09:22:40 PM EDT",5,2,Adjusted total return,"Oct 06, 2026 09:22:40 PM EDT",Nasdaq Stock Screener,,,,,,,,,,,
UBER,Uber Technologies Inc. Common Stock,Consumer Discretionary,Business Services,Stock,141917077207.0,69.4800033569336,,Strong Buy,Nasdaq Stock Screener analyst consensus,"Oct 06, 2026 09:22:18 PM EDT",150.0,100.85522,70.0,"Oct 06, 2026 09:22:40 PM EDT",Yahoo Finance analyst consensus,2.01145607738229,-8.289332896274582,-6.524954062485699,-3.1367627139285648,-14.967563167998032,35.460874499115455,-2.0302095276850896,148.96886710276283,-41.02075038815659,-17.78431312710631,71.48621517317014,,,,,,,,,,,,,,,,,,,,,False,True,True,False,False,Fundamental/consensus: Nasdaq Strong Buy,"Oct 06, 2026 09:22:40 PM EDT",0,2,Adjusted total return,"Oct 06, 2026 09:22:40 PM EDT",Nasdaq Stock Screener,,,,,,,,,,,
NOW,ServiceNow Inc. Common Stock,Technology,Computer Software: Prepackaged Software,Stock,140706720000.0,136.0800018310547,,Strong Buy,Nasdaq Stock Screener analyst consensus,"Oct 06, 2026 09:22:18 PM EDT",248.0,146.73174,72.0,"Oct 06, 2026 09:22:40 PM EDT",Yahoo Finance analyst consensus,1.2650668897688178,-3.666991984436596,22.89352271796328,35.33565161704462,-11.169136587027584,-27.748744980732564,50.054491816832325,81.95843790665698,-40.18425566950693,17.92780912472438,94.96669943092344,58.56220088210453,36.55188978774877,75.3968190843649,-14.117376417318006,27.57553915982205,21.139083212641285,86.51347962108676,,,,,,,,,,,,,,False,True,True,False,False,Fundamental/consensus: Nasdaq Strong Buy | Long technical: price above 200-day average; 50-day average above 200-day average; 6-month return positive; 3-year annualized return positive; 5-year annualized return positive,"Oct 06, 2026 09:22:40 PM EDT",4,5,Adjusted total return,"Oct 06, 2026 09:22:40 PM EDT",Nasdaq Stock Screener,,,,,,,,,,,
SONY,Sony Group Corporation American Depositary Shares,Consumer Staples,Consumer Electronics/Appliances,Stock,138793077121.0,23.850000381469727,,Strong Buy,Nasdaq Stock Screener analyst consensus,"Oct 06, 2026 09:22:18 PM EDT",34.0,29.5,23.0,"Oct 06, 2026 09:22:40 PM EDT",Yahoo Finance analyst consensus,1.3169050717321884,-2.8908758139723045,11.448601900057964,14.22414434902728,-6.835937398136593,21.321475529834544,12.492424569044402,24.95182529606328,-39.26418627916486,25.63677617455258,49.70200143222768,41.8894683824325,7.95844954484366,61.304991397542906,14.602096474917392,20.61518232552924,19.188903012361717,56.68223023473335,-36.53581660712728,-48.77886351664136,24.330239386758045,34.030007923215024,-59.20148132826477,27.34088529688423,5.502283401537489,5.073777698451187,13.07514978669082,-15.582051129010177,-8.067877634938835,-34.844691060276986,,False,True,True,False,False,Fundamental/consensus: Nasdaq Strong Buy | Long technical: price above 200-day average; 50-day average above 200-day average; 6-month return positive; 3-year annualized return positive; 5-year annualized return positive,"Oct 06, 2026 09:22:40 PM EDT",4,5,Adjusted total return,"Oct 06, 2026 09:22:40 PM EDT",Nasdaq Stock Screener,,,,,,,,,,,
MFG,Mizuho Financial Group Inc. Sponosred ADR (Japan),Finance,Major Banks,Stock,137315149959.0,11.149999618530272,,Buy,Nasdaq Stock Screener analyst consensus,"Oct 06, 2026 09:22:18 PM EDT",13.07246,10.98623,8.9,"Oct 06, 2026 09:22:40 PM EDT",Yahoo Finance analyst consensus,1.0879409652239105,-0.7123769097689858,9.42100174366114,35.15151052763967,52.32239558813596,52.45790863918545,47.86565238790017,21.12675467594893,11.372549718800462,0.0,-15.063965284822,2.999996620454404,-17.58241499249886,1.3927610085427755,-11.138614785191002,18.82353570849657,-22.01834506823278,19.12567215351577,36.567159546178615,-28.533329081460224,5.337075369712663,-38.30156413351084,-39.5811508519177,-33.77253844652245,,,,,,,,False,True,False,False,False,Long technical: price above 200-day average; 50-day average above 200-day average; 6-month return positive; 1-year annualized return positive; 3-year annualized return positive; 5-year annualized return positive | Consensus confirmation: Nasdaq Buy,"Oct 06, 2026 09:22:40 PM EDT",4,6,Adjusted total return,"Oct 06, 2026 09:22:40 PM EDT",Nasdaq Stock Screener,,,,,,,,,,,
GLW,Corning Incorporated Common Stock,Industrials,Telecommunications Equipment,Stock,137279458311.0,168.97000122070312,,Strong Buy,Nasdaq Stock Screener analyst consensus,"Oct 06, 2026 09:22:18 PM EDT",238.0,187.70589,129.0,"Oct 06, 2026 09:22:40 PM EDT",Yahoo Finance analyst consensus,6.023722405498333,9.50745163888589,-8.680455508430896,14.158103396748569,93.99736656220745,87.76111486418421,60.64382473866854,-1.2316179936383342,-11.563582206250311,5.921714239619047,27.574456387466277,-1.0239107738534758,-3.2839960511865107,34.63315079099614,36.232425434455216,-18.323687059362012,31.212784231978617,45.03004760449432,-0.2289709245982596,-31.921037522863006,1.2276521802095486,105.56931227129952,-59.805196810544544,28.788432939124583,-4.832128691830285,67.03475821728888,12.847506897360583,215.1059273633709,-62.89238044278138,-83.01884305213498,,True,True,True,False,False,Short technical: price above 20-day average; 20-day average above 50-day average; MACD above signal line; RSI in bullish 50-70 zone; 1-month momentum positive | Fundamental/consensus: Nasdaq Strong Buy | Long technical: price above 200-day average; 50-day average above 200-day average; 6-month return positive; 1-year annualized return positive; 3-year annualized return positive; 5-year annualized return positive,"Oct 06, 2026 09:22:40 PM EDT",5,6,Adjusted total return,"Oct 06, 2026 09:22:40 PM EDT",Nasdaq Stock Screener,,,,,,,,,,,
FTNT,Fortinet Inc. Common Stock,Technology,Computer peripheral equipment,Stock,135098694927.0,191.2700042724609,,Buy,Nasdaq Stock Screener analyst consensus,"Oct 06, 2026 09:22:18 PM EDT",220.0,164.31944,104.0,"Oct 06, 2026 09:22:40 PM EDT",Yahoo Finance analyst consensus,3.877694672409637,22.381478334500503,20.54579093698889,128.4639291490619,140.8638653214491,-15.950464817292245,61.42150235334174,19.717732685612454,-31.98386024239356,141.9713147755186,39.125142244959775,51.5831223347593,61.20394344006199,45.0531154151697,-3.3686241772188152,1.6634089533408725,60.27182460069718,-8.991437234153931,-3.622191489801296,34.83771653806189,84.12065744365343,,,,,,,,,,,True,True,False,False,False,Short technical: price above 20-day average; 20-day average above 50-day average; MACD above signal line; 1-month momentum positive; 3-month momentum positive | Long technical: price above 200-day average; 50-day average above 200-day average; 6-month return positive; 1-year annualized return positive; 3-year annualized return positive; 5-year annualized return positive | Consensus confirmation: Nasdaq Buy,"Oct 06, 2026 09:22:40 PM EDT",5,6,Adjusted total return,"Oct 06, 2026 09:22:40 PM EDT",Nasdaq Stock Screener,,,,,,,,,,,
ACN,Accenture plc Class A Ordinary Shares (Ireland),Consumer Discretionary,Business Services,Stock,130197866461.0,193.3999938964844,,Buy,Nasdaq Stock Screener analyst consensus,"Oct 06, 2026 09:22:18 PM EDT",275.0,223.65459,163.0,"Oct 06, 2026 09:22:40 PM EDT",Yahoo Finance analyst consensus,-0.8459416198192016,3.577545325680176,37.69908097128298,0.0432308787029267,-26.431125449797875,-22.64403284420483,1.8623452154337805,33.595127135356506,-34.75327292884075,60.66539915064939,26.04036914943095,51.2136265452332,-6.22869922098046,33.3359484831762,14.35172943073628,19.530221197064517,11.421061409886036,26.623823159380105,27.74915606043087,11.992784528215994,19.040323600937704,29.01765647121521,-7.544269773445944,-1.4090376587168163,29.338239975721603,8.220467307843071,2.5835506846659584,46.30351646272772,-33.17236636037525,,,True,False,False,False,False,Short technical: price above 20-day average; 20-day average above 50-day average; MACD above signal line; RSI in bullish 50-70 zone; 1-month momentum positive; 3-month momentum positive,"Oct 06, 2026 09:22:40 PM EDT",6,2,Adjusted total return,"Oct 06, 2026 09:22:40 PM EDT",Nasdaq Stock Screener,,,,,,,,,,,
UL,Unilever PLC American Depositary Shares (each representing One Ordinary Share),Consumer Discretionary,Package Goods/Cosmetics,Stock,129216554093.0,60.79999923706055,,Buy,Nasdaq Stock Screener analyst consensus,"Oct 06, 2026 09:22:18 PM EDT",75.3571,71.68485,68.009224,"Oct 06, 2026 09:22:40 PM EDT",Yahoo Finance analyst consensus,1.3671218757626002,-5.295946842369337,-2.277003025433655,11.130607070713893,-4.629757725009043,5.961079661382751,20.903670519477924,-0.169058026674751,-2.8174518650382563,-7.60580677178182,9.03920564610936,12.876420882823837,-2.335783907816213,40.190161954130566,-2.5935604769901754,9.701185186019256,1.9202554396570592,10.064254570913487,19.649600904654307,12.862092556840544,0.6178878654932829,44.10370185966737,-36.34796035700219,38.651358641408365,30.98952526291308,5.242027112895786,9.116355759564776,1.3797024149387216,18.012104919082915,-1.8731746781397665,,False,False,False,False,False,,"Oct 06, 2026 09:22:40 PM EDT",0,4,Adjusted total return,"Oct 06, 2026 09:22:40 PM EDT",Nasdaq Stock Screener,,,,,,,,,,,
NET,Cloudflare Inc. Class A Common Stock,Technology,Computer Software: Prepackaged Software,Stock,128007096745.0,359.489990234375,,Strong Buy,Nasdaq Stock Screener analyst consensus,"Oct 06, 2026 09:22:18 PM EDT",405.0,338.7097,160.0,"Oct 06, 2026 09:22:40 PM EDT",Yahoo Finance analyst consensus,2.9850696684112776,28.88640933882487,33.72391778836719,66.20740736664644,82.34339404703654,83.08877538794741,29.32980728127916,84.16280429615416,-65.61977255933638,73.04909027072956,345.42790294613826,,,,,,,,,,,,,,,,,,,,,True,True,True,False,False,Short technical: price above 20-day average; 20-day average above 50-day average; MACD above signal line; RSI in bullish 50-70 zone; 1-month momentum positive; 3-month momentum positive | Fundamental/consensus: Nasdaq Strong Buy | Long technical: price above 200-day average; 50-day average above 200-day average; 6-month return positive; 1-year annualized return positive; 3-year annualized return positive; 5-year annualized return positive,"Oct 06, 2026 09:22:40 PM EDT",6,6,Adjusted total return,"Oct 06, 2026 09:22:40 PM EDT",Nasdaq Stock Screener,,,,,,,,,,,
MNST,Monster Beverage Corporation,Consumer Staples,Beverages (Production/Distribution),Stock,127857641253.0,43.25,,Strong Buy,Nasdaq Stock Screener analyst consensus,"Oct 06, 2026 09:22:18 PM EDT",57.0,50.02174,35.0,"Oct 06, 2026 09:22:40 PM EDT",Yahoo Finance analyst consensus,-0.5975599438360124,-1.3007752140435147,-10.751133270536982,19.409162182133155,12.821184382180228,45.87137778863544,-8.765837846828884,13.48370196592359,5.716365901118947,3.849478189196942,45.52321710021656,29.1141764749284,-22.23099935423185,42.73793571882394,-10.700856148084217,37.48037552250965,59.87901043477586,28.25511489086692,14.695012008594375,76.24334940679735,36.14581322452703,14.52433201115877,-24.29445340196169,31.50243671216726,70.94262463503011,332.9042732274368,332.42349962215326,99.52680898781566,0.4754321996728317,8.388658778312653,,False,True,True,False,False,Fundamental/consensus: Nasdaq Strong Buy | Long technical: price above 200-day average; 50-day average above 200-day average; 6-month return positive; 1-year annualized return positive; 3-year annualized return positive; 5-year annualized return positive,"Oct 06, 2026 09:22:40 PM EDT",1,6,Adjusted total return,"Oct 06, 2026 09:22:40 PM EDT",Nasdaq Stock Screener,,,,,,,,,,,
VRTX,Vertex Pharmaceuticals Incorporated Common Stock,Health Care,Biotechnology: Pharmaceutical Preparations,Stock,127617575234.0,502.30999755859375,,Strong Buy,Nasdaq Stock Screener analyst consensus,"Oct 06, 2026 09:22:18 PM EDT",672.0,571.3929,350.0,"Oct 06, 2026 09:22:40 PM EDT",Yahoo Finance analyst consensus,-0.236346065820503,-8.022046061359267,-3.818095249670894,16.313160421584392,10.797162032081964,12.580077379904964,-1.0297629065747715,40.89965245806633,31.50272802960261,-7.083011971635211,7.942452446692316,32.128409919326664,10.576542131964196,103.4206655831345,-41.45275602248013,5.917507237970443,59.89232593840008,77.32696979943434,26.16682529650916,-5.195545984146188,-18.24970822238662,41.04674015086387,30.779163837391746,-37.9208961011794,35.236711477296325,161.77862701209946,2.1255971521350947,-34.70031462226375,-35.542902468011384,-65.60839139498196,,False,True,True,False,False,Fundamental/consensus: Nasdaq Strong Buy | Long technical: price above 200-day average; 50-day average above 200-day average; 6-month return positive; 1-year annualized return positive; 3-year annualized return positive; 5-year annualized return positive,"Oct 06, 2026 09:22:40 PM EDT",0,6,Adjusted total return,"Oct 06, 2026 09:22:40 PM EDT",Nasdaq Stock Screener,,,,,,,,,,,
CB,Chubb Limited  Common Stock,Finance,Property-Casualty Insurers,Stock,127502995401.0,334.2099914550781,,Buy,Nasdaq Stock Screener analyst consensus,"Oct 06, 2026 09:22:18 PM EDT",425.0,367.73914,307.0,"Oct 06, 2026 09:22:40 PM EDT",Yahoo Finance analyst consensus,1.125601782391361,-1.8649295533585295,-6.7020313282841855,2.7078504958985894,8.054012240617014,13.702806415079728,23.88635242284627,4.1960598522917,15.970804839425613,27.84864742999622,1.4103443031254992,22.93780012918656,-9.633901580162084,12.817356919508804,15.58912365264078,4.24619358050764,14.454304737083737,31.86753315238464,17.56588813584319,14.50128950107028,26.416333558068583,-1.8589009929652955,-12.986552950681174,3.8108660231270353,15.411797555889573,27.47710039104021,5.28134282595365,44.25574082948427,-25.412744623057986,-3.708131213465693,,False,True,False,False,False,Long technical: price above 200-day average; 50-day average above 200-day average; 6-month return positive; 1-year annualized return positive; 3-year annualized return positive; 5-year annualized return positive | Consensus confirmation: Nasdaq Buy,"Oct 06, 2026 09:22:40 PM EDT",0,6,Adjusted total return,"Oct 06, 2026 09:22:40 PM EDT",Nasdaq Stock Screener,,,,,,,,,,,
PGR,Progressive Corporation (The) Common Stock,Finance,Property-Casualty Insurers,Stock,123611265737.0,212.0500030517578,,Buy,Nasdaq Stock Screener analyst consensus,"Oct 06, 2026 09:22:18 PM EDT",314.0,232.7143,198.0,"Oct 06, 2026 09:22:40 PM EDT",Yahoo Finance analyst consensus,-0.2680801799076038,-3.1046594364805613,-9.491320566556649,7.821455438575575,-0.8236607163566001,-3.021564400792698,51.39284629832706,23.157848553240967,26.806998791884173,10.839126562503251,41.483141367705386,25.135056441731685,9.394871288672936,61.58695626415185,14.90024043125664,21.020621754542155,5.313302717881574,30.866820504177397,15.439034432377262,0.2003150999302816,17.159466843763795,21.47196404980487,-22.09491225133228,-13.17772558452831,-16.86028135336307,37.77758276809671,1.625388865771238,68.67310100278613,-0.0980434594246681,45.38763347962573,,False,True,False,False,False,Long technical: price above 200-day average; 50-day average above 200-day average; 6-month return positive; 3-year annualized return positive; 5-year annualized return positive | Consensus confirmation: Nasdaq Buy,"Oct 06, 2026 09:22:40 PM EDT",2,5,Adjusted total return,"Oct 06, 2026 09:22:40 PM EDT",Nasdaq Stock Screener,,,,,,,,,,,
PH,Parker-Hannifin Corporation Common Stock,Industrials,Metal Fabrications,Stock,123045361067.0,984.9099731445312,,Strong Buy,Nasdaq Stock Screener analyst consensus,"Oct 06, 2026 09:22:18 PM EDT",1358.0,1155.2887,680.0,"Oct 06, 2026 09:22:40 PM EDT",Yahoo Finance analyst consensus,0.946004892796548,2.3187385767932778,3.068749524153591,8.341387831964408,12.74321504706819,39.54217629805192,39.57816849908566,60.81128514681966,-6.911574523034392,18.30326152561843,34.783661183890246,40.75213708428438,-23.995489282615768,44.91422098565454,47.57331461177743,-23.068830951385777,1.9822227139020263,53.93024688331922,13.744455663233524,-10.077187165710368,62.76437885460333,29.37672271221734,-42.550576190244186,48.64307884480594,18.00300498078853,-11.736260571787149,28.94754744843717,31.17964350802296,2.074176484218904,5.781717126212427,,True,True,True,False,False,Short technical: price above 20-day average; MACD above signal line; RSI in bullish 50-70 zone; 1-month momentum positive; 3-month momentum positive | Fundamental/consensus: Nasdaq Strong Buy | Long technical: price above 200-day average; 50-day average above 200-day average; 6-month return positive; 1-year annualized return positive; 3-year annualized return positive; 5-year annualized return positive,"Oct 06, 2026 09:22:40 PM EDT",5,6,Adjusted total return,"Oct 06, 2026 09:22:40 PM EDT",Nasdaq Stock Screener,,,,,,,,,,,
NEM,Newmont Corporation,Basic Materials,Precious Metals,Stock,122038638827.0,116.38999938964844,,Strong Buy,Nasdaq Stock Screener analyst consensus,"Oct 06, 2026 09:22:18 PM EDT",170.0,137.7381,67.0,"Oct 06, 2026 09:22:40 PM EDT",Yahoo Finance analyst consensus,0.4921427182922766,-9.134200392494806,22.69333779213969,1.9665196513607648,17.31718212733371,172.81806158269418,-7.832117069201461,-8.760959977304195,-20.76857989926666,7.403919230026634,40.2844909527732,30.516514586080955,-6.146946485862348,10.905025146800252,90.09687662199298,-4.340704031755694,-17.14266806736501,-48.51262996522052,-20.42756038761255,-0.6632151534385233,30.96575375596053,17.26405048133277,-15.848908915609329,9.141921734289491,-14.78279015846563,21.39263131882469,-8.020972400417126,68.26274205955893,52.60115205008351,12.69485739750522,,False,True,True,False,False,Fundamental/consensus: Nasdaq Strong Buy | Long technical: price above 200-day average; 50-day average above 200-day average; 6-month return positive; 1-year annualized return positive; 3-year annualized return positive; 5-year annualized return positive,"Oct 06, 2026 09:22:40 PM EDT",2,6,Adjusted total return,"Oct 06, 2026 09:22:40 PM EDT",Nasdaq Stock Screener,,,,,,,,,,,
MPC,Marathon Petroleum Corporation Common Stock,Energy,Integrated oil Companies,Stock,121729110018.0,432.3599853515625,,Strong Buy,Nasdaq Stock Screener analyst consensus,"Oct 06, 2026 09:22:18 PM EDT",472.0,385.55557,236.0,"Oct 06, 2026 09:22:40 PM EDT",Yahoo Finance analyst consensus,-0.2560767448761547,11.175107260774642,62.78447066447439,77.3280469588066,168.94144955619902,19.169310209954983,-4.056251162530245,30.46012295778535,86.62285203824023,61.00109877628736,-27.384943384092065,6.050020887556973,-8.233399109841455,34.78064187224605,0.7245358032813121,17.368414119968723,0.4558399314913863,48.56923010110539,94.2419098401061,,,,,,,,,,,,,True,True,True,False,False,Short technical: price above 20-day average; 20-day average above 50-day average; MACD above signal line; 1-month momentum positive; 3-month momentum positive | Fundamental/consensus: Nasdaq Strong Buy | Long technical: price above 200-day average; 50-day average above 200-day average; 6-month return positive; 1-year annualized return positive; 3-year annualized return positive; 5-year annualized return positive,"Oct 06, 2026 09:22:40 PM EDT",5,6,Adjusted total return,"Oct 06, 2026 09:22:40 PM EDT",Nasdaq Stock Screener,,,,,,,,,,,
PLD,Prologis Inc. Common Stock,Real Estate,Real Estate Investment Trusts,Stock,121429574080.0,128.67999267578125,,Strong Buy,Nasdaq Stock Screener analyst consensus,"Oct 06, 2026 09:22:18 PM EDT",170.0,158.23077,140.0,"Oct 06, 2026 09:22:40 PM EDT",Yahoo Finance analyst consensus,0.4684500594542395,-5.561637552218324,-9.684808230048969,-1.9344098427796383,3.1599601215924533,25.078156156555444,-18.12306607236366,21.581025801732444,-31.32607957330955,72.33009551235416,14.740357873606104,55.86568023860858,-6.248412857619401,25.94017908934369,27.3581050522149,3.590011597852971,20.27785296057263,4.295893202476875,31.88076657476493,-6.415288190008495,29.38437448958153,15.570557690656116,-58.007735710491474,1.655114626014309,23.28001360599776,26.806295384723388,28.607558027872937,27.05676657443692,11.453765032593076,7.251703295974776,,False,True,True,False,False,Fundamental/consensus: Nasdaq Strong Buy,"Oct 06, 2026 09:22:40 PM EDT",0,4,Adjusted total return,"Oct 06, 2026 09:22:40 PM EDT",Nasdaq Stock Screener,,,,,,,,,,,
VLO,Valero Energy Corporation Common Stock,Energy,Integrated oil Companies,Stock,120736622221.0,419.2200012207031,,Buy,Nasdaq Stock Screener analyst consensus,"Oct 06, 2026 09:22:18 PM EDT",467.0,374.73685,238.0,"Oct 06, 2026 09:22:40 PM EDT",Yahoo Finance analyst consensus,-0.0262288305354796,13.082649935341962,58.079826796905,68.1337540205928,161.334028600636,36.97452325772665,-2.9575296653833294,5.86234635734908,74.95393188358588,40.25365858785395,-35.6907372947764,30.26792935688727,-15.730706239247985,39.987127102658434,0.6596938069972635,46.82529364936403,0.2488684899549786,64.93011735659981,66.20944076271734,-7.841755129014006,39.52126322333369,-20.22190082525883,-68.54747974857298,37.9079616325944,-0.3314669711776186,128.4527472057815,97.64500294411754,26.78554321101796,-2.0888568801509133,3.4021718355986774,,True,True,False,False,False,Short technical: price above 20-day average; 20-day average above 50-day average; MACD above signal line; 1-month momentum positive; 3-month momentum positive | Long technical: price above 200-day average; 50-day average above 200-day average; 6-month return positive; 1-year annualized return positive; 3-year annualized return positive; 5-year annualized return positive | Consensus confirmation: Nasdaq Buy,"Oct 06, 2026 09:22:40 PM EDT",5,6,Adjusted total return,"Oct 06, 2026 09:22:40 PM EDT",Nasdaq Stock Screener,,,,,,,,,,,
RIO,Rio Tinto Plc Common Stock,Basic Materials,Metal Mining,Stock,120140090560.0,95.88999938964844,,Buy,Nasdaq Stock Screener analyst consensus,"Oct 06, 2026 09:22:18 PM EDT",118.0,103.70556,88.0,"Oct 06, 2026 09:22:40 PM EDT",Yahoo Finance analyst consensus,0.2509125561326764,-7.1463130563716,7.392450918460747,3.523771807255671,25.872779949518662,44.46543931550675,-15.358060637470016,11.058517809587777,18.4759004704552,-0.3983509384943295,36.22013883180504,37.520499354851424,-2.9262177391717548,44.84938176305644,39.24539749956091,-33.39139687240088,-15.389509954826597,0.6208670858911747,22.372556744874107,-30.48162191530612,35.36295028353178,194.2893229462734,-78.49712324046251,101.60350821980022,19.813631591336488,57.06458731555833,9.868540206053344,45.47994170545471,5.142011230932009,12.57651000976976,,False,True,False,False,False,Long technical: price above 200-day average; 50-day average above 200-day average; 6-month return positive; 1-year annualized return positive; 3-year annualized return positive; 5-year annualized return positive | Consensus confirmation: Nasdaq Buy,"Oct 06, 2026 09:22:40 PM EDT",1,6,Adjusted total return,"Oct 06, 2026 09:22:40 PM EDT",Nasdaq Stock Screener,,,,,,,,,,,
BMY,Bristol-Myers Squibb Company Common Stock,Health Care,Biotechnology: Pharmaceutical Preparations,Stock,120132048919.0,59.59000015258789,,Buy,Nasdaq Stock Screener analyst consensus,"Oct 06, 2026 09:22:18 PM EDT",82.0,66.125,40.0,"Oct 06, 2026 09:22:40 PM EDT",Yahoo Finance analyst consensus,1.3263029435178986,-9.896499421926908,3.859164939964632,5.5779398246414535,15.390356062854549,0.1082301821411224,15.805591249045705,-26.14489328049642,18.98100485543597,2.8798390441372224,0.4094398064949711,27.738102850914917,-12.89569035397241,7.708860095580428,-13.491084813287724,19.255887703750595,14.179980832999629,69.95798487813711,-3.8050243800261008,39.43574369588787,8.735026833592553,14.825465536639172,-6.028762048179292,4.797258946462146,19.899903704269217,-6.141313895396183,-7.241109731037665,29.13672905465978,-52.40421491383227,-26.15784782287295,,False,True,False,False,False,Long technical: price above 200-day average; 50-day average above 200-day average; 6-month return positive; 1-year annualized return positive; 3-year annualized return positive; 5-year annualized return positive | Consensus confirmation: Nasdaq Buy,"Oct 06, 2026 09:22:40 PM EDT",1,6,Adjusted total return,"Oct 06, 2026 09:22:40 PM EDT",Nasdaq Stock Screener,,,,,,,,,,,
COF,Capital One Financial Corporation Common Stock,Finance,Major Banks,Stock,119715430897.0,195.82000732421875,,Strong Buy,Nasdaq Stock Screener analyst consensus,"Oct 06, 2026 09:22:18 PM EDT",300.0,257.1905,220.0,"Oct 06, 2026 09:22:40 PM EDT",Yahoo Finance analyst consensus,0.3484718339126891,-10.828778742422896,-3.143811356073134,8.945664524952445,-18.257886842620863,37.64637269266837,38.240945880996335,44.31882742287012,-34.592857130599086,49.32009817885652,-2.657551153987125,38.616792321068246,-22.76609424887066,16.301490338500592,23.76134899558413,-10.909768852214995,9.47085405876742,34.18410001851151,37.49549278707602,-0.2074194051200906,11.568546066577024,24.114857801645083,-30.27488041434149,-38.38607094685453,-10.968983652262065,2.7431315920319,37.61634781005658,106.74801772471127,-44.74736559628112,-17.870789332844527,,False,True,True,False,False,Fundamental/consensus: Nasdaq Strong Buy,"Oct 06, 2026 09:22:40 PM EDT",0,4,Adjusted total return,"Oct 06, 2026 09:22:40 PM EDT",Nasdaq Stock Screener,,,,,,,,,,,
SNOW,Snowflake Inc. Common Stock,Technology,Computer Software: Prepackaged Software,Stock,119595672000.0,338.989990234375,,Strong Buy,Nasdaq Stock Screener analyst consensus,"Oct 06, 2026 09:22:18 PM EDT",525.0,425.14166,110.0,"Oct 06, 2026 09:22:40 PM EDT",Yahoo Finance analyst consensus,-0.6011078639404976,0.5368045548106215,29.021086562415512,127.1441823619488,54.535917802317016,42.06333489271217,-22.407033335623428,38.63732012534871,-57.62657024763607,20.380244259924307,,,,,,,,,,,,,,,,,,,,,,True,True,True,False,False,Short technical: price above 20-day average; 20-day average above 50-day average; RSI in bullish 50-70 zone; 1-month momentum positive; 3-month momentum positive | Fundamental/consensus: Nasdaq Strong Buy | Long technical: price above 200-day average; 50-day average above 200-day average; 6-month return positive; 1-year annualized return positive; 3-year annualized return positive; 5-year annualized return positive,"Oct 06, 2026 09:22:40 PM EDT",5,6,Adjusted total return,"Oct 06, 2026 09:22:40 PM EDT",Nasdaq Stock Screener,,,,,,,,,,,
BKNG,Booking Holdings Inc. Common Stock,Consumer Discretionary,Transportation Services,Stock,118966074565.0,157.6300048828125,,Strong Buy,Nasdaq Stock Screener analyst consensus,"Oct 06, 2026 09:22:18 PM EDT",301.0,238.02779,188.0,"Oct 06, 2026 09:22:40 PM EDT",Yahoo Finance analyst consensus,-0.4421126382535556,-18.252006380661637,-13.15708306646176,-8.651218857405407,-25.88258565344561,8.588289958336137,41.30706465856433,76.0162291662448,-16.003067167867457,7.720681284233222,8.44997282302029,19.235153722205634,-0.8816188833771332,18.531333856483243,14.989594313773758,11.817116354067746,-1.9089870150987287,87.36602428192603,32.644146019957354,17.059198313035306,82.9357637410542,196.5512653297325,-35.87846573081293,163.3799804745913,95.3853117603226,-5.383641830052177,31.78771437714356,86.45835766497008,-72.50859591406314,343.4286221245249,,False,True,True,False,False,Fundamental/consensus: Nasdaq Strong Buy,"Oct 06, 2026 09:22:40 PM EDT",1,3,Adjusted total return,"Oct 06, 2026 09:22:40 PM EDT",Nasdaq Stock Screener,,,,,,,,,,,
LMT,Lockheed Martin Corporation Common Stock,Industrials,Military/Government/Technical,Stock,116925519192.0,510.1199951171875,,Buy,Nasdaq Stock Screener analyst consensus,"Oct 06, 2026 09:22:18 PM EDT",756.0,637.85,503.0,"Oct 06, 2026 09:22:40 PM EDT",Yahoo Finance analyst consensus,0.6888637073878545,-2.886086151034584,-4.128808539364249,-17.693906598043185,7.378602383274457,2.466855394894329,10.021607872835014,-4.308616165118928,40.475662011055725,3.151624916327611,-6.493328699853507,52.54659518525311,-16.345894211022095,31.765953271239034,18.37165689176004,16.184584577542218,33.76121212218028,68.11393670275412,19.516195837888283,20.704327131138744,-3.837374363003865,-7.585509293551141,-18.55943936067132,15.975201898636504,46.98792955687174,16.51434609023039,9.989861383216404,-9.912818543108648,24.68637086572314,38.98675661354272,,False,False,False,False,False,,"Oct 06, 2026 09:22:40 PM EDT",0,3,Adjusted total return,"Oct 06, 2026 09:22:40 PM EDT",Nasdaq Stock Screener,,,,,,,,,,,
SMFG,Sumitomo Mitsui Financial Group Inc Unsponsored American Depositary Shares (Japan),Finance,Commercial Banks,Stock,116907397219.0,25.82999992370605,,Buy,Nasdaq Stock Screener analyst consensus,"Oct 06, 2026 09:22:18 PM EDT",31.51,31.51,31.51,"Oct 06, 2026 09:22:40 PM EDT",Yahoo Finance analyst consensus,0.7803385465794621,-5.384613019911466,2.054525755574965,26.184664338775686,33.62648745812196,35.553994484204644,54.90857223546046,20.698253771619974,18.11487472889923,10.048620640838712,-16.734135022921514,13.824871446708142,-25.08629439281187,13.743447826132329,0.6587624248366009,4.258244927688448,-30.60057365473013,42.91552731453005,33.21233739920078,-22.50351170099194,24.73684701297234,-29.28040240982549,-44.64285382203388,-29.661841604480944,,,,,,,,False,True,False,False,False,Long technical: price above 200-day average; 50-day average above 200-day average; 6-month return positive; 1-year annualized return positive; 3-year annualized return positive; 5-year annualized return positive | Consensus confirmation: Nasdaq Buy,"Oct 06, 2026 09:22:40 PM EDT",2,6,Adjusted total return,"Oct 06, 2026 09:22:40 PM EDT",Nasdaq Stock Screener,,,,,,,,,,,
BP,BP p.l.c. Common Stock,Energy,Integrated oil Companies,Stock,116812054493.0,45.0099983215332,,Buy,Nasdaq Stock Screener analyst consensus,"Oct 06, 2026 09:22:18 PM EDT",72.95,51.42368,41.0,"Oct 06, 2026 09:22:40 PM EDT",Yahoo Finance analyst consensus,0.8740461653613973,2.7390936101950647,18.00875851728101,-2.4462394417912314,34.412692532373136,24.54300137052769,-11.838777226737308,6.000932875769882,37.00646643097987,36.38071280685327,-41.310030483966045,5.830530700323955,-4.570030966871686,20.084487394559368,28.947253833925224,-12.796390697283387,-17.56475349196962,22.73156078311636,2.042737455498877,0.5058324890104382,-22.64401343017626,32.83991664475807,-32.4861359229454,13.146331465914884,7.96034660410847,13.574736440209833,22.17356078474304,26.38100002942993,-9.552136355499885,-0.0711493227238069,,True,True,False,True,False,Short technical: price above 20-day average; 20-day average above 50-day average; RSI in bullish 50-70 zone; 1-month momentum positive; 3-month momentum positive | Long technical: price above 200-day average; 50-day average above 200-day average; 1-year annualized return positive; 3-year annualized return positive; 5-year annualized return positive | Consensus confirmation: Nasdaq Buy,"Oct 06, 2026 09:22:40 PM EDT",5,5,Adjusted total return,"Oct 06, 2026 09:22:40 PM EDT",Nasdaq Stock Screener,,,,,,,,,,,
SPGI,S&P Global Inc. Common Stock,Finance,Finance: Consumer Services,Stock,115243216000.0,396.1300048828125,,Strong Buy,Nasdaq Stock Screener analyst consensus,"Oct 06, 2026 09:22:18 PM EDT",553.0,520.8095,485.0,"Oct 06, 2026 09:22:40 PM EDT",Yahoo Finance analyst consensus,1.3327512729253588,-10.682961791065482,-10.472321635054849,-2.193556631779392,-19.324112897867696,5.707302436637751,13.93531381061326,32.794991183418,-28.38483290742805,44.68411521019693,21.396351620244825,62.2667682337642,1.3737017229118464,59.31709204030169,10.549992650849791,12.248652356591917,15.459738154991044,45.90083814189503,30.11739252016796,26.585854192589565,11.97985709128362,49.34121184191349,-45.567719634456296,-34.656526586254024,33.459594220927904,14.168454696311471,32.93386964806322,17.761941168596486,0.7261155097652239,5.695776286651788,,False,True,True,False,False,Fundamental/consensus: Nasdaq Strong Buy,"Oct 06, 2026 09:22:40 PM EDT",0,2,Adjusted total return,"Oct 06, 2026 09:22:40 PM EDT",Nasdaq Stock Screener,,,,,,,,,,,
BMO,Bank Of Montreal Common Stock,Finance,Commercial Banks,Stock,114307918375.0,166.08999633789062,,Buy,Nasdaq Stock Screener analyst consensus,"Oct 06, 2026 09:22:18 PM EDT",182.17242,165.99364,144.33711,"Oct 06, 2026 09:22:40 PM EDT",Yahoo Finance analyst consensus,0.9972632533186364,-5.307866523694537,-6.169902456084031,22.031853317023376,29.91094880309575,38.29873328380449,2.977479193680166,14.622476824169972,-12.39895907246683,46.87898935420169,3.3359647855992325,23.50774436423395,-15.985757931197387,15.351400415942871,32.90407668475217,-16.78438928775585,10.435659464137428,13.688607574772238,17.348018315556857,-0.3087992940579154,13.644585920725106,120.6426683049123,-51.951986563829166,-0.4219231447277982,9.465543274737854,20.42469888005453,21.00300162415536,62.74461918671284,22.87933643478017,-9.613830661463718,,False,True,False,False,False,Long technical: price above 200-day average; 50-day average above 200-day average; 6-month return positive; 1-year annualized return positive; 3-year annualized return positive; 5-year annualized return positive | Consensus confirmation: Nasdaq Buy,"Oct 06, 2026 09:22:40 PM EDT",0,6,Adjusted total return,"Oct 06, 2026 09:22:40 PM EDT",Nasdaq Stock Screener,,,,,,,,,,,
BTI,British American Tobacco  Industries p.l.c. Common Stock ADR,Health Care,Medicinal Chemicals and Botanical Products,Stock,114238438388.0,53.0099983215332,,Strong Buy,Nasdaq Stock Screener analyst consensus,"Oct 06, 2026 09:22:18 PM EDT",75.0,70.43333,63.0,"Oct 06, 2026 09:22:40 PM EDT",Yahoo Finance analyst consensus,0.2458344379579591,-2.7001886514888,-11.64321115126813,-7.135208767891232,-2.1573916435371987,65.81064468413736,35.44018308543742,-20.08913535621385,15.110084567434146,7.947354315133981,-4.727723168455277,42.96187106329816,-49.35537896828577,24.282179453891462,5.720064556253313,6.842552814952763,4.875580211241903,10.515611014078674,11.24109536221285,27.85757963349509,25.94940939483441,28.344664701959555,-29.979761063241696,44.09308789903299,30.30903230707862,35.64555849860636,31.140615556011685,49.51284948254977,22.502992655790564,13.838591776480524,,False,True,True,False,False,Fundamental/consensus: Nasdaq Strong Buy,"Oct 06, 2026 09:22:40 PM EDT",0,3,Adjusted total return,"Oct 06, 2026 09:22:40 PM EDT",Nasdaq Stock Screener,,,,,,,,,,,
HDB,HDFC Bank Limited Common Stock,Finance,Commercial Banks,Stock,113449124577.0,22.420000076293945,,Strong Buy,Nasdaq Stock Screener analyst consensus,"Oct 06, 2026 09:22:18 PM EDT",35.0,30.525,26.1,"Oct 06, 2026 09:22:40 PM EDT",Yahoo Finance analyst consensus,1.402078052396094,-3.278689468835505,-17.360852304352104,-12.112897392644715,-38.642584798713656,15.863380827027251,-3.739605076447461,0.1619558321359848,7.441922155053482,-9.289538884924577,14.02873019346731,23.210011136828413,2.4400254639802776,68.53342975449273,-0.8557584693301146,22.13647069899412,48.48404652315894,-14.741590017451644,56.19533714743283,-20.821920063631406,29.217818318248856,83.28746057410814,-44.96372853044191,74.04460477464904,49.15951974072641,12.945013294721951,49.71345230646149,129.53769444902105,-6.539379867327099,,,False,True,True,False,False,Fundamental/consensus: Nasdaq Strong Buy,"Oct 06, 2026 09:22:40 PM EDT",0,0,Adjusted total return,"Oct 06, 2026 09:22:40 PM EDT",Nasdaq Stock Screener,,,,,,,,,,,
MO,Altria Group Inc.,Health Care,Medicinal Chemicals and Botanical Products,Stock,113342217697.0,68.55000305175781,,Buy,Nasdaq Stock Screener analyst consensus,"Oct 06, 2026 09:22:18 PM EDT",82.0,70.0,58.0,"Oct 06, 2026 09:22:40 PM EDT",Yahoo Finance analyst consensus,0.9870445277693428,1.110381649804415,-4.543817006015605,6.69638732713318,24.645844327433,18.172877628716734,40.757213998541175,-3.697234565744856,4.372586600573292,24.18485314946055,-10.211522652103731,7.870053489138629,-27.14225550987075,9.44520869129597,20.436950008938304,23.111315167933345,34.48210818369426,28.54309905154349,11.735041633077037,27.658934430604297,33.9175280328911,40.35568682644461,-31.32651084153667,22.221490690641367,19.86587744432764,27.710406468824143,18.33669171641292,42.82189559688598,-6.824192900928628,9.136600730371924,,False,True,False,False,False,Long technical: price above 200-day average; 50-day average above 200-day average; 6-month return positive; 1-year annualized return positive; 3-year annualized return positive; 5-year annualized return positive | Consensus confirmation: Nasdaq Buy,"Oct 06, 2026 09:22:40 PM EDT",4,6,Adjusted total return,"Oct 06, 2026 09:22:40 PM EDT",Nasdaq Stock Screener,,,,,,,,,,,
MDT,Medtronic plc. Ordinary Shares,Health Care,Biotechnology: Electromedical & Electrotherapeutic Apparatus,Stock,112525760183.0,87.08999633789062,,Strong Buy,Nasdaq Stock Screener analyst consensus,"Oct 06, 2026 09:22:18 PM EDT",121.0,104.83333,85.0,"Oct 06, 2026 09:22:40 PM EDT",Yahoo Finance analyst consensus,-1.0003465620111784,-6.759839358217013,4.740849652572354,2.5184837654324665,-7.016620111413296,24.04844622815061,0.2765572583158793,9.577538412412068,-22.551377700859764,-9.785946908391374,5.698444671884828,27.338236012725027,14.60413052884708,15.89572583253851,-5.436702499080193,8.62439859791797,28.14634706899417,42.88226820605725,10.6415344864891,5.827402406942173,-13.78978578511505,42.55205194399163,-36.317363455374384,-5.220853283700566,-6.286315266107523,16.714210468837365,2.6881065861413367,7.23817547114789,-10.356373723635414,-14.790397789059195,,False,True,True,False,False,Fundamental/consensus: Nasdaq Strong Buy | Long technical: price above 200-day average; 50-day average above 200-day average; 6-month return positive; 3-year annualized return positive,"Oct 06, 2026 09:22:40 PM EDT",2,4,Adjusted total return,"Oct 06, 2026 09:22:40 PM EDT",Nasdaq Stock Screener,,,,,,,,,,,
CVS,CVS Health Corporation Common Stock,Consumer Staples,Retail-Drug Stores and Proprietary Stores,Stock,111283211807.0,86.43000030517578,,Strong Buy,Nasdaq Stock Screener analyst consensus,"Oct 06, 2026 09:22:18 PM EDT",145.0,115.76,103.0,"Oct 06, 2026 09:22:40 PM EDT",Yahoo Finance analyst consensus,-0.6665921351738269,-10.657430004404612,-16.644221010649783,12.155962439882972,11.454379132602988,84.34776363329357,-40.77028186912997,-12.53365750651304,-7.625898668644194,54.869159182514736,-5.141045593450055,17.260119480500833,-7.036277919537026,-5.7522643254445445,-17.83035504672569,2.901272487738904,36.56399619780834,50.38224964058888,20.28190764290605,18.940884104434108,9.116774491493352,13.17125953893614,-27.16444667163932,29.42546147066361,17.608559444890304,17.888848896726238,25.61376532629822,45.88601540980064,-14.96047217499984,-50.35358264091949,,False,True,True,False,False,Fundamental/consensus: Nasdaq Strong Buy,"Oct 06, 2026 09:22:40 PM EDT",1,5,Adjusted total return,"Oct 06, 2026 09:22:40 PM EDT",Nasdaq Stock Screener,,,,,,,,,,,
PDD,PDD Holdings Inc. American Depositary Shares,Consumer Discretionary,Business Services,Stock,110882584390.0,77.9000015258789,,Buy,Nasdaq Stock Screener analyst consensus,"Oct 06, 2026 09:22:18 PM EDT",150.61624,114.784256,85.3708,"Oct 06, 2026 09:22:40 PM EDT",Yahoo Finance analyst consensus,3.3430676098183065,-5.242668296547636,-5.61007793759889,-21.740003205357404,-31.29905463868401,16.908961632223217,-33.709247842118714,79.411394338924,39.87993845447178,-67.18635682000547,369.777894242712,68.53831904961001,,,,,,,,,,,,,,,,,,,,False,False,False,False,False,,"Oct 06, 2026 09:22:40 PM EDT",1,0,Adjusted total return,"Oct 06, 2026 09:22:40 PM EDT",Nasdaq Stock Screener,,,,,,,,,,,
BNS,Bank Nova Scotia Halifax Pfd 3 Ordinary Shares,Finance,Major Banks,Stock,110754362861.0,90.22000122070312,,Buy,Nasdaq Stock Screener analyst consensus,"Oct 06, 2026 09:22:18 PM EDT",99.132576,89.88528,76.06897,"Oct 06, 2026 09:22:40 PM EDT",Yahoo Finance analyst consensus,0.8269980286184087,-2.977386499703072,5.599329611752224,31.43594911113883,26.097186822945503,43.36195954377637,17.55215092815192,6.014967834758278,-28.83478959749272,40.64222178640984,1.6963559828597763,17.486907428278762,-19.16792698574493,20.48058244187745,43.730306055968505,-24.237469871833284,-5.20327037384617,11.489025512605464,21.01086476650737,-9.552191273140595,27.041086333049,82.66473513403434,-44.431929238667145,16.636809353691717,16.777143436376598,21.436166927075902,40.29785011129812,57.681910087652064,,,,False,True,False,False,False,Long technical: price above 200-day average; 50-day average above 200-day average; 6-month return positive; 1-year annualized return positive; 3-year annualized return positive; 5-year annualized return positive | Consensus confirmation: Nasdaq Buy,"Oct 06, 2026 09:22:40 PM EDT",2,6,Adjusted total return,"Oct 06, 2026 09:22:40 PM EDT",Nasdaq Stock Screener,,,,,,,,,,,
SYK,Stryker Corporation Common Stock,Health Care,Medical/Dental Instruments,Stock,109402704180.0,278.20001220703125,,Strong Buy,Nasdaq Stock Screener analyst consensus,"Oct 06, 2026 09:22:18 PM EDT",465.0,365.8,298.0,"Oct 06, 2026 09:22:40 PM EDT",Yahoo Finance analyst consensus,-2.4612541138865685,-7.933559882394858,-15.36331708324312,-15.732820757473554,-20.168667574848843,-1.48021916851383,21.342211112145204,23.799764559718504,-7.418994618529584,10.22462170573415,18.16709680328281,35.32876805330456,2.434940291522958,30.83759548473441,30.688516652869048,0.0134305283690183,27.40939709149725,39.29415334738762,12.106086278835782,-6.123499864930427,7.8976416571352015,26.711345820553724,-45.99122136870693,36.170942056130365,24.53477473995833,-7.69318521525345,13.730850567623488,26.869404039316255,15.197875404799245,15.578499022813808,,False,True,True,False,False,Fundamental/consensus: Nasdaq Strong Buy,"Oct 06, 2026 09:22:40 PM EDT",2,2,Adjusted total return,"Oct 06, 2026 09:22:40 PM EDT",Nasdaq Stock Screener,,,,,,,,,,,
SBUX,Starbucks Corporation Common Stock,Consumer Discretionary,Restaurants,Stock,107650200000.0,96.11000061035156,,Buy,Nasdaq Stock Screener analyst consensus,"Oct 06, 2026 09:22:18 PM EDT",143.0,111.56667,82.0,"Oct 06, 2026 09:22:40 PM EDT",Yahoo Finance analyst consensus,1.7790959438170215,-8.002297800964165,-6.705815081505673,2.1202219494115715,16.204359712486372,-5.264984315069221,-2.4788192684958466,-1.185128606972197,-13.17635427323356,11.145616430708303,24.188360494708803,39.08526253340494,14.736083292607116,5.360534001896244,-6.128885278048724,48.21123965010585,6.243496325335629,48.10689482049379,18.27828340219724,45.36554855796184,41.24151497095389,143.7631732138941,-53.78602636535079,-42.2077958785553,18.02733133974619,-3.7524359684423136,88.0579559126157,62.70844964330757,6.981682553144264,-13.89830343134657,,False,False,False,False,False,,"Oct 06, 2026 09:22:40 PM EDT",2,4,Adjusted total return,"Oct 06, 2026 09:22:40 PM EDT",Nasdaq Stock Screener,,,,,,,,,,,
PSX,Phillips 66 Common Stock,Energy,Integrated oil Companies,Stock,107623921464.0,269.7200012207031,,Strong Buy,Nasdaq Stock Screener analyst consensus,"Oct 06, 2026 09:22:18 PM EDT",340.0,257.1579,173.0,"Oct 06, 2026 09:22:40 PM EDT",Yahoo Finance analyst consensus,1.9427072754172992,5.735232699377857,51.61684798807813,56.33665841013651,113.395451244488,17.513454435727294,-11.625844294927068,33.070812544273906,49.58002863860802,8.509581360360507,-33.85166693848395,33.97501560759595,-12.282847215271264,20.94501991068278,8.980767147179325,17.148769094478887,-4.763030215510655,48.33744247403906,,,,,,,,,,,,,,True,True,True,False,False,Short technical: price above 20-day average; 20-day average above 50-day average; RSI in bullish 50-70 zone; 1-month momentum positive; 3-month momentum positive | Fundamental/consensus: Nasdaq Strong Buy | Long technical: price above 200-day average; 50-day average above 200-day average; 6-month return positive; 1-year annualized return positive; 3-year annualized return positive; 5-year annualized return positive,"Oct 06, 2026 09:22:40 PM EDT",5,6,Adjusted total return,"Oct 06, 2026 09:22:40 PM EDT",Nasdaq Stock Screener,,,,,,,,,,,
MCK,McKesson Corporation Common Stock,Health Care,Other Pharmaceuticals,Stock,106732647808.0,921.6699829101562,,Strong Buy,Nasdaq Stock Screener analyst consensus,"Oct 06, 2026 09:22:18 PM EDT",1065.0,973.9231,845.0,"Oct 06, 2026 09:22:40 PM EDT",Yahoo Finance analyst consensus,0.6794440570413451,1.5066237318596576,14.284069832624846,7.827247517150937,12.69643049582234,44.54231095170946,23.67364554282012,24.13446413266067,51.821277627665374,44.22722630287521,27.060342662836256,26.72229468799301,-28.40458532938309,11.948675332624893,-28.302679874072822,-4.514948227071858,29.26194691676456,67.65476920118107,25.59610615953929,11.789239982282515,13.787690438847957,62.93589764588472,-40.35717668738258,29.721056805396277,-1.2546640197092729,64.90795262009685,-1.401091925592124,19.93501051869657,-27.18564348412845,4.911627031574217,,True,True,True,False,False,Short technical: price above 20-day average; 20-day average above 50-day average; MACD above signal line; RSI in bullish 50-70 zone; 1-month momentum positive; 3-month momentum positive | Fundamental/consensus: Nasdaq Strong Buy | Long technical: price above 200-day average; 50-day average above 200-day average; 6-month return positive; 1-year annualized return positive; 3-year annualized return positive; 5-year annualized return positive,"Oct 06, 2026 09:22:40 PM EDT",6,6,Adjusted total return,"Oct 06, 2026 09:22:40 PM EDT",Nasdaq Stock Screener,,,,,,,,,,,
EQNR,Equinor ASA,Energy,Integrated oil Companies,Stock,105886478121.0,43.0099983215332,,Hold,Nasdaq Stock Screener analyst consensus,"Oct 06, 2026 09:22:18 PM EDT",51.0,38.56429,31.25,"Oct 06, 2026 09:22:40 PM EDT",Yahoo Finance analyst consensus,1.5584412542905213,2.1857879914708223,28.067762202788412,4.28352974571693,88.13994506723091,6.066677380508212,-15.9801353668675,-0.7778649802215765,42.81313512847178,64.5512034223746,-13.571710490235189,-0.9918316993443476,2.53571936539132,21.64077934076576,38.34200591711054,-18.74358630084301,-22.501340788985203,1.444621401753721,2.3701023107235653,12.469122158014724,0.4849193689823838,57.97618770088416,-43.19382503560112,22.704657065075583,18.9553769186686,51.71460556505425,45.53216158600644,43.73649337220398,31.41684961429998,,,False,False,False,False,False,Long technical: price above 200-day average; 50-day average above 200-day average; 6-month return positive; 1-year annualized return positive; 3-year annualized return positive; 5-year annualized return positive,"Oct 06, 2026 09:22:40 PM EDT",4,6,Adjusted total return,"Oct 06, 2026 09:22:40 PM EDT",Nasdaq Stock Screener,,,,,,,,,,,
ASX,ASE Technology Holding Co. Ltd. American Depositary Shares (each representing Two Common Shares),Technology,Semiconductors,Stock,105844499536.0,46.77999877929688,,Strong Buy,Nasdaq Stock Screener analyst consensus,"Oct 06, 2026 09:22:18 PM EDT",51.0,51.0,51.0,"Oct 06, 2026 09:22:40 PM EDT",Yahoo Finance analyst consensus,-1.5779508084622251,24.71341208363127,17.982337904235223,112.93638768392384,193.48188957731628,65.62777157989889,10.14412553588928,60.86041313356778,-12.753101029016978,38.251475655535415,8.118607777448815,53.96919871443171,-37.084177777994654,33.40147823845865,-7.354387943492846,-1.5371928063919404,32.418964941199334,22.46237829801665,15.252801026609554,-13.943866396462337,44.443911427660375,157.59472597588123,-61.36657668589143,6.212413808188377,25.835192862244803,31.90624489231513,-21.27081029198965,90.23966892612938,-33.485192030261224,67.71586112260628,,True,True,True,False,False,Short technical: price above 20-day average; 20-day average above 50-day average; MACD above signal line; RSI in bullish 50-70 zone; 1-month momentum positive; 3-month momentum positive | Fundamental/consensus: Nasdaq Strong Buy | Long technical: price above 200-day average; 50-day average above 200-day average; 6-month return positive; 1-year annualized return positive; 3-year annualized return positive; 5-year annualized return positive,"Oct 06, 2026 09:22:40 PM EDT",6,6,Adjusted total return,"Oct 06, 2026 09:22:40 PM EDT",Nasdaq Stock Screener,,,,,,,,,,,
FCX,Freeport-McMoRan Inc. Common Stock,Basic Materials,Metal Mining,Stock,104254872170.0,72.55999755859375,,Strong Buy,Nasdaq Stock Screener analyst consensus,"Oct 06, 2026 09:22:18 PM EDT",87.0,75.27273,30.0,"Oct 06, 2026 09:22:40 PM EDT",Yahoo Finance analyst consensus,-0.0550976809477465,-0.2337491963330662,22.595843018637357,19.97412452019605,43.88248412454132,35.41071702386631,-9.412788973548436,13.685953387772187,-7.343624388696746,61.41010240988376,99.05875968695248,29.58795111785215,-45.10621239082568,43.745261987838106,94.83012866533218,-70.1382615297109,-35.81109112751172,19.949534724922312,-4.009903457718444,-36.84904936805616,52.655868302625386,228.5188873862892,-75.51920238147363,86.87353022081072,11.55798655200262,49.14119869709444,-6.625003146830655,153.84423838347936,25.317424433560287,56.37956908305737,,False,True,True,False,False,Fundamental/consensus: Nasdaq Strong Buy | Long technical: price above 200-day average; 50-day average above 200-day average; 6-month return positive; 1-year annualized return positive; 3-year annualized return positive; 5-year annualized return positive,"Oct 06, 2026 09:22:40 PM EDT",4,6,Adjusted total return,"Oct 06, 2026 09:22:40 PM EDT",Nasdaq Stock Screener,,,,,,,,,,,
TT,Trane Technologies plc,Industrials,Auto Parts:O.E.M.,Stock,103578110805.0,476.3900146484375,,Strong Buy,Nasdaq Stock Screener analyst consensus,"Oct 06, 2026 09:22:18 PM EDT",575.0,526.67365,422.0,"Oct 06, 2026 09:22:40 PM EDT",Yahoo Finance analyst consensus,1.19593949486394,6.360799540117323,0.3733729073807756,10.825484493936388,23.26677628558025,6.137497545378134,52.970051502315954,47.39342193257304,-15.341452967353886,41.01525656241534,43.41524712366722,48.32248501117624,4.408023223538593,21.27280465986572,38.54078114873922,-11.08077677199052,4.601039812977326,63.06917936669885,59.792165823610624,-34.54664701936226,32.766887742297214,111.0072277009888,-61.73281054434481,20.60583256035191,-1.39091180719364,2.012546270219495,19.85809259096749,60.0203883870096,4.628032924813685,1.4368272295188331,,True,True,True,True,False,Short technical: price above 20-day average; MACD above signal line; RSI in bullish 50-70 zone; 1-month momentum positive; 3-month momentum positive | Fundamental/consensus: Nasdaq Strong Buy | Long technical: price above 200-day average; 50-day average above 200-day average; 6-month return positive; 1-year annualized return positive; 3-year annualized return positive; 5-year annualized return positive,"Oct 06, 2026 09:22:40 PM EDT",5,6,Adjusted total return,"Oct 06, 2026 09:22:40 PM EDT",Nasdaq Stock Screener,,,,,,,,,,,
ADP,Automatic Data Processing Inc. Common Stock,Technology,EDP Services,Stock,103128427882.0,262.3599853515625,,Buy,Nasdaq Stock Screener analyst consensus,"Oct 06, 2026 09:22:18 PM EDT",322.0,286.4,225.0,"Oct 06, 2026 09:22:40 PM EDT",Yahoo Finance analyst consensus,0.806876011350588,-4.891914131358055,7.507756222970308,30.66268321076535,4.280396822927535,-10.179559592641771,28.410014671002106,-0.2491129872290276,-1.2869327265315866,42.60149835785298,5.856741197726967,32.707754101288856,14.254797281862164,16.541172000511505,24.290140065751697,4.100722408842494,20.349218744579755,45.58322994269304,8.53734589430466,20.14248486566752,11.651057774063856,12.691581804411832,-9.057696838791484,2.2292555070445363,9.11659719136293,5.02894845652071,13.456308071007106,2.3512071254055744,-32.68214368296544,-6.075004741273482,,False,True,False,False,False,Long technical: price above 200-day average; 50-day average above 200-day average; 6-month return positive; 3-year annualized return positive; 5-year annualized return positive | Consensus confirmation: Nasdaq Buy,"Oct 06, 2026 09:22:40 PM EDT",1,5,Adjusted total return,"Oct 06, 2026 09:22:40 PM EDT",Nasdaq Stock Screener,,,,,,,,,,,
HOOD,Robinhood Markets Inc. Class A Common Stock,Finance,Investment Bankers/Brokers/Service,Stock,102594278172.0,114.11000061035156,,Strong Buy,Nasdaq Stock Screener analyst consensus,"Oct 06, 2026 09:22:18 PM EDT",170.0,133.36214,57.0,"Oct 06, 2026 09:22:40 PM EDT",Yahoo Finance analyst consensus,1.2151878415302964,-6.551469953331424,1.071744081593562,63.833450266262034,0.8930169317920678,203.5426826864848,192.46467025849068,56.51104709803596,-54.16666532421973,,,,,,,,,,,,,,,,,,,,,,,False,True,True,False,False,Fundamental/consensus: Nasdaq Strong Buy | Long technical: price above 200-day average; 50-day average above 200-day average; 6-month return positive; 3-year annualized return positive; 5-year annualized return positive,"Oct 06, 2026 09:22:40 PM EDT",3,5,Adjusted total return,"Oct 06, 2026 09:22:40 PM EDT",Nasdaq Stock Screener,,,,,,,,,,,
EQIX,Equinix Inc. Common Stock REIT,Real Estate,Real Estate Investment Trusts,Stock,100984550320.0,1047.3599853515625,,Strong Buy,Nasdaq Stock Screener analyst consensus,"Oct 06, 2026 09:22:18 PM EDT",1380.0,1234.1936,1060.0,"Oct 06, 2026 09:22:40 PM EDT",Yahoo Finance analyst consensus,2.337213989398057,1.0984772966040612,2.8774604487078026,4.991550172688997,38.78737626168718,-16.879922318526308,19.450913485941943,25.40519098839773,-21.12626698681722,20.276659311490963,24.220115940811304,68.861298447191,-20.41391755619031,29.195626534533027,20.69203222918532,42.30277505805202,32.78561766179513,-13.9427646193378,103.35297231016312,24.78463669385025,-23.447925656320635,99.5675777574242,-47.373112788666674,33.655154058032075,85.52499261935202,-4.632682758736739,51.50659412038121,394.9123858064572,-93.85776142862213,-33.71428077929245,,True,True,True,True,False,Short technical: price above 20-day average; MACD above signal line; RSI in bullish 50-70 zone; 1-month momentum positive; 3-month momentum positive | Fundamental/consensus: Nasdaq Strong Buy | Long technical: price above 200-day average; 50-day average above 200-day average; 6-month return positive; 1-year annualized return positive; 3-year annualized return positive; 5-year annualized return positive,"Oct 06, 2026 09:22:40 PM EDT",5,6,Adjusted total return,"Oct 06, 2026 09:22:40 PM EDT",Nasdaq Stock Screener,,,,,,,,,,,
ING,ING Group N.V. Common Stock,Finance,Commercial Banks,Stock,100917758412.0,34.900001525878906,,Strong Buy,Nasdaq Stock Screener analyst consensus,"Oct 06, 2026 09:22:18 PM EDT",42.5,35.5,29.0,"Oct 06, 2026 09:22:40 PM EDT",Yahoo Finance analyst consensus,0.3738886005283603,-6.13232587569258,9.658228152304016,35.55534334759021,30.18153049093273,88.2702292858565,12.249346949432338,31.87428433198867,-4.212529853072889,55.41355747619963,-21.659771297187746,20.6407220833964,-39.30370131811857,36.55549096781265,11.303167567542529,6.380837140042894,-7.423248555720541,47.62905495586072,32.3570589840467,-26.76199990333865,-0.2038780630009506,-11.621606231796644,-69.60716721943419,-8.193256233355072,31.675405562044112,20.945143024882707,36.26724502467926,48.11148518427826,-31.326521816441723,-34.43586018117916,,False,True,True,False,False,Fundamental/consensus: Nasdaq Strong Buy | Long technical: price above 200-day average; 50-day average above 200-day average; 6-month return positive; 1-year annualized return positive; 3-year annualized return positive; 5-year annualized return positive,"Oct 06, 2026 09:22:40 PM EDT",2,6,Adjusted total return,"Oct 06, 2026 09:22:40 PM EDT",Nasdaq Stock Screener,,,,,,,,,,,
LOW,Lowe's Companies Inc. Common Stock,Consumer Discretionary,RETAIL: Building Materials,Stock,100709196411.0,183.6699981689453,,Strong Buy,Nasdaq Stock Screener analyst consensus,"Oct 06, 2026 09:22:18 PM EDT",290.0,250.18182,190.0,"Oct 06, 2026 09:22:40 PM EDT",Yahoo Finance analyst consensus,2.3231187570726064,-10.163853797736888,-16.339921748581553,-19.825478333024947,-22.654604885862984,-0.328035182043862,13.007242973033662,14.03441789278801,-21.485431079357465,63.34359779674627,36.40058984073189,32.2342981380642,1.2167931679637478,33.290010140511896,-4.880615887126238,12.15513331116329,41.20326913904919,41.80517687372198,42.90306551276517,3.387158330356144,9.165970249780544,10.586955080398308,-3.301944534263801,-26.75354007819789,-6.0445019852672255,16.13915872148175,4.24530973104984,48.04228469872156,-19.042511897960924,109.1053856801893,,False,True,True,False,False,Fundamental/consensus: Nasdaq Strong Buy,"Oct 06, 2026 09:22:40 PM EDT",0,0,Adjusted total return,"Oct 06, 2026 09:22:40 PM EDT",Nasdaq Stock Screener,,,,,,,,,,,
PWR,Quanta Services Inc. Common Stock,Industrials,Engineering & Construction,Stock,100688117564.0,719.5599975585938,,Strong Buy,Nasdaq Stock Screener analyst consensus,"Oct 06, 2026 09:22:18 PM EDT",945.0,767.97174,410.0,"Oct 06, 2026 09:22:40 PM EDT",Yahoo Finance analyst consensus,5.288112076346541,15.258116912002071,9.575848324264191,29.559404847074177,70.62082322184453,33.702547459434065,46.60130960449678,51.70389119178622,24.633014092529717,59.50102364953918,77.7423167916101,35.84148172370738,-22.93491841172733,12.223845625308291,72.09876763826205,-28.67206029386268,-10.04436651422067,15.64671839926235,26.694540345329894,8.132570128435312,-4.414603243596882,5.2525087570307605,-24.54267963785828,33.40116099943158,49.35453792603024,64.62501613410099,9.58902585376813,108.57145576894388,-77.316919029933,-52.06212872383784,,False,True,True,False,True,Fundamental/consensus: Nasdaq Strong Buy | Long technical: price above 200-day average; 50-day average above 200-day average; 6-month return positive; 1-year annualized return positive; 3-year annualized return positive; 5-year annualized return positive,"Oct 06, 2026 09:22:40 PM EDT",4,6,Adjusted total return,"Oct 06, 2026 09:22:40 PM EDT",Nasdaq Stock Screener,,,,,,,,,,,
ENB,Enbridge Inc Common Stock,Energy,Natural Gas Distribution,Stock,100556361740.0,46.540000915527344,,Buy,Nasdaq Stock Screener analyst consensus,"Oct 06, 2026 09:22:18 PM EDT",59.08471,51.246517,44.88814,"Oct 06, 2026 09:22:40 PM EDT",Yahoo Finance analyst consensus,1.0860121417403557,-7.08724141794026,-14.295675508598404,-12.13478323182171,1.2355531967470412,17.84465209407715,26.3517802017766,-1.141888894012133,6.455946434292703,30.8295383212579,-13.597311701439176,36.05000290461107,-17.90344439236572,-2.7120635137396043,32.306778923371525,-33.2454993828771,20.978520640745767,3.681684366085491,19.156923774308908,36.95174582174079,26.190226988167574,47.57865891832503,-17.12729790142976,21.43299335041906,13.576765617499786,29.94548323925079,25.96505330234069,59.736258270679365,5.099702880633839,0.3084974611828883,,False,False,False,False,False,,"Oct 06, 2026 09:22:40 PM EDT",0,2,Adjusted total return,"Oct 06, 2026 09:22:40 PM EDT",Nasdaq Stock Screener,,,,,,,,,,,
CM,Canadian Imperial Bank of Commerce Common Stock,Finance,Commercial Banks,Stock,100165721144.0,111.58999633789062,,Buy,Nasdaq Stock Screener analyst consensus,"Oct 06, 2026 09:22:18 PM EDT",126.78697,118.762024,102.73181,"Oct 06, 2026 09:22:40 PM EDT",Yahoo Finance analyst consensus,1.1511934794956158,-4.3926880394542405,-3.08119563057353,15.102424014684557,25.83754187752405,46.4946040267306,37.83057905077574,26.50062492274308,-26.849310201925604,40.76919264845549,9.249832663679026,17.66363509298996,-19.75413149930043,24.9111848970188,29.81740999549096,-19.654251430709824,5.85330674057527,12.192031314784655,16.83858846574735,-3.31278755437433,26.98299909481949,64.37730373691744,-37.95076938442112,-12.1476998298096,32.55555960678089,13.72524662505372,25.9950564062591,87.77216506313657,-14.507738787715253,14.831439785483136,,False,True,False,False,False,Long technical: price above 200-day average; 50-day average above 200-day average; 6-month return positive; 1-year annualized return positive; 3-year annualized return positive; 5-year annualized return positive | Consensus confirmation: Nasdaq Buy,"Oct 06, 2026 09:22:40 PM EDT",0,6,Adjusted total return,"Oct 06, 2026 09:22:40 PM EDT",Nasdaq Stock Screener,,,,,,,,,,,
ACWI,ACWI,iShares MSCI ACWI ETF,ETF / Fund,ETF,,161.83999633789062,,Not Rated,Nasdaq ETF Screener — no stock-style analyst consensus,—,,,,—,,0.4531039195416309,-0.030887054139439,3.4385717711634234,16.185048284891423,15.125756621061814,22.41318945019377,17.44933817445453,22.27438357920961,-18.385538136434253,18.661712462227165,16.33674323309664,26.589682606424937,-9.124922295240612,24.33338978538661,8.396640660428357,-2.208998843828136,3.8334553456807807,22.37602884967542,16.747576923374496,-7.821305808226486,12.779746526190271,32.36166370754896,,,,,,,,,,False,True,False,False,False,Long technical: price above 200-day average; 50-day average above 200-day average; 6-month return positive; 1-year annualized return positive; 3-year annualized return positive; 5-year annualized return positive,"Oct 06, 2026 09:22:40 PM EDT",4,6,Adjusted market total return,"Oct 06, 2026 09:22:40 PM EDT",User ETF allowlist,,,,,,,,,,,
AIA,AIA,iShares Asia 50 ETF,ETF / Fund,ETF,,144.6199951171875,,Not Rated,Nasdaq ETF Screener — no stock-style analyst consensus,—,,,,—,,-1.5185637682276765,0.6122092600485463,6.975362456900891,34.47313755416168,48.85683645910488,47.79143872628213,20.2587990042413,4.869238168672774,-24.082918446637542,-10.913395947259852,33.73129199040468,22.21277290400405,-14.222280817402766,45.00152482261297,11.95055994085088,-7.665972195065541,0.2900959740786968,1.9394626343866015,25.49342941432433,-14.212588424737282,19.58982414072465,60.84869452783733,-46.38674198033292,,,,,,,,,True,True,False,False,False,Short technical: price above 20-day average; 20-day average above 50-day average; MACD above signal line; RSI in bullish 50-70 zone; 1-month momentum positive; 3-month momentum positive | Long technical: price above 200-day average; 50-day average above 200-day average; 6-month return positive; 1-year annualized return positive; 3-year annualized return positive; 5-year annualized return positive,"Oct 06, 2026 09:22:40 PM EDT",6,6,Adjusted market total return,"Oct 06, 2026 09:22:40 PM EDT",User ETF allowlist,,,,,,,,,,,
AIRR,AIRR,First Trust RBA American Industrial RenaissanceTM ETF,ETF / Fund,ETF,,106.19000244140624,,Not Rated,Nasdaq ETF Screener — no stock-style analyst consensus,—,,,,—,,-0.4966255371388173,-2.3270775854398185,-13.57532345757173,-6.382789248250731,8.06826067035924,27.91768109274657,33.44629580700873,31.435000720760108,-2.083348258436601,33.00797920008349,17.168773743323417,33.97730769449938,-20.567401567986888,16.276616461120863,43.37394996921506,-9.508249963430591,,,,,,,,,,,,,,,,False,False,False,False,False,,"Oct 06, 2026 09:22:40 PM EDT",2,3,Adjusted market total return,"Oct 06, 2026 09:22:40 PM EDT",User ETF allowlist,,,,,,,,,,,
BBLU,BBLU,Ea Bridgeway Blue Chip ETF,ETF / Fund,ETF,,17.290000915527344,,Not Rated,Nasdaq ETF Screener — no stock-style analyst consensus,—,,,,—,,0.5817357670908851,-0.4605637296537179,2.447117894301676,16.27438499389924,13.302756593695374,18.403374346733493,27.47447152741462,31.11059677388537,,,,,,,,,,,,,,,,,,,,,,,,False,True,False,False,False,Long technical: price above 200-day average; 50-day average above 200-day average; 6-month return positive; 1-year annualized return positive; 3-year annualized return positive,"Oct 06, 2026 09:22:40 PM EDT",3,5,Adjusted market total return,"Oct 06, 2026 09:22:40 PM EDT",User ETF allowlist,,,,,,,,,,,
BBP,BBP,Virtus LifeSci Biotech Products ETF,ETF / Fund,ETF,,103.33100128173828,,Not Rated,Nasdaq ETF Screener — no stock-style analyst consensus,—,,,,—,,0.8126989542985186,-4.611963810329122,-0.1005426396385344,23.77934490482496,29.301132575800604,33.151719222830934,3.3154350578511904,17.881494506773876,0.8513432787349062,-8.167639064393327,22.237538655249512,24.727784745277702,-13.954634259798748,24.071667444796454,6.262165717878099,19.54842791461062,,,,,,,,,,,,,,,,False,True,False,False,False,Long technical: price above 200-day average; 50-day average above 200-day average; 6-month return positive; 1-year annualized return positive; 3-year annualized return positive; 5-year annualized return positive,"Oct 06, 2026 09:22:40 PM EDT",1,6,Adjusted market total return,"Oct 06, 2026 09:22:40 PM EDT",User ETF allowlist,,,,,,,,,,,
BEDY,BEDY,Bny Mellon Enhanced Dividend Income ETF,ETF / Fund,ETF,,28.84950065612793,,Not Rated,Nasdaq ETF Screener — no stock-style analyst consensus,—,,,,—,,0.4509099786545567,-2.818863570069219,0.9753901039698754,10.788260263340854,15.179255888608155,,,,,,,,,,,,,,,,,,,,,,,,,,,False,False,False,False,False,,"Oct 06, 2026 09:22:40 PM EDT",1,3,Adjusted market total return,"Oct 06, 2026 09:22:40 PM EDT",User ETF allowlist,,,,,,,,,,,
BFOR,BFOR,Barron's 400 ETF,ETF / Fund,ETF,,23.51000022888184,,Not Rated,Nasdaq ETF Screener — no stock-style analyst consensus,—,,,,—,,0.9446084358365914,-2.4481333744771905,-0.5499118617724119,11.501073036303763,14.195510210094175,13.838278414432548,17.806464069609817,18.185471191109222,-15.916926115390806,30.706040819534387,17.601124518845545,21.29653896927024,-13.862148877372285,19.37076005396834,16.844746556810986,-3.299693583548025,6.276874122641685,,,,,,,,,,,,,,,False,True,False,False,False,Long technical: price above 200-day average; 50-day average above 200-day average; 6-month return positive; 1-year annualized return positive; 3-year annualized return positive; 5-year annualized return positive,"Oct 06, 2026 09:22:40 PM EDT",3,6,Adjusted market total return,"Oct 06, 2026 09:22:40 PM EDT",User ETF allowlist,,,,,,,,,,,
BSVO,BSVO,EA Bridgeway Omni Small-Cap Value ETF,ETF / Fund,ETF,,28.631000518798828,,Not Rated,Nasdaq ETF Screener — no stock-style analyst consensus,—,,,,—,,0.5266655447100588,-4.180049119973706,-0.3792597536095732,10.99868118314178,22.879834576384404,9.212240121722123,4.685146059266021,,,,,,,,,,,,,,,,,,,,,,,,,False,True,False,False,False,Long technical: price above 200-day average; 50-day average above 200-day average; 6-month return positive; 1-year annualized return positive; 3-year annualized return positive,"Oct 06, 2026 09:22:40 PM EDT",0,5,Adjusted market total return,"Oct 06, 2026 09:22:40 PM EDT",User ETF allowlist,,,,,,,,,,,
CLSE,CLSE,Convergence Long/Short Equity ETF,ETF / Fund,ETF,,34.41999816894531,,Not Rated,Nasdaq ETF Screener — no stock-style analyst consensus,—,,,,—,,0.4963450188184337,1.3545320873785904,2.409989717001904,18.77156215541193,25.942181723496425,20.443337807680727,35.541520909705724,17.534430086095632,,,,,,,,,,,,,,,,,,,,,,,,True,True,False,False,False,Short technical: price above 20-day average; 20-day average above 50-day average; MACD above signal line; RSI in bullish 50-70 zone; 1-month momentum positive; 3-month momentum positive | Long technical: price above 200-day average; 50-day average above 200-day average; 6-month return positive; 1-year annualized return positive; 3-year annualized return positive,"Oct 06, 2026 09:22:40 PM EDT",6,5,Adjusted market total return,"Oct 06, 2026 09:22:40 PM EDT",User ETF allowlist,,,,,,,,,,,
CRAK,CRAK,VanEck Oil Refiners ETF,ETF / Fund,ETF,,65.05000305175781,,Not Rated,Nasdaq ETF Screener — no stock-style analyst consensus,—,,,,—,,1.2609047554858588,2.295963037689197,33.38118195855488,32.14830892469473,73.43892217767483,39.11233578346409,-15.054233730932376,13.730643765595318,19.099506480209747,10.897622109512328,-11.222052137580874,9.086944073505007,-10.463097952114907,49.557463383203086,9.18839198474708,,,,,,,,,,,,,,,,,True,True,False,False,False,Short technical: price above 20-day average; 20-day average above 50-day average; RSI in bullish 50-70 zone; 1-month momentum positive; 3-month momentum positive | Long technical: price above 200-day average; 50-day average above 200-day average; 6-month return positive; 1-year annualized return positive; 3-year annualized return positive; 5-year annualized return positive,"Oct 06, 2026 09:22:40 PM EDT",5,6,Adjusted market total return,"Oct 06, 2026 09:22:40 PM EDT",User ETF allowlist,,,,,,,,,,,
CRBN,CRBN,iShares Low Carbon Optimized MSCI ACWI ETF,ETF / Fund,ETF,,259.92999267578125,,Not Rated,Nasdaq ETF Screener — no stock-style analyst consensus,—,,,,—,,0.8301268706798925,-0.1459816704608041,3.02417341725445,16.097733586518604,13.529301681815651,21.853287522296185,19.28970837417827,22.31431291328541,-19.119019367516465,18.82318175140838,16.829335965612913,28.65204305286202,-9.803685910424688,23.493163573400565,6.372910779127405,0.1330005561066105,,,,,,,,,,,,,,,,False,True,False,False,False,Long technical: price above 200-day average; 50-day average above 200-day average; 6-month return positive; 1-year annualized return positive; 3-year annualized return positive; 5-year annualized return positive,"Oct 06, 2026 09:22:40 PM EDT",4,6,Adjusted market total return,"Oct 06, 2026 09:22:40 PM EDT",User ETF allowlist,,,,,,,,,,,
CSD,CSD,Invesco S&P Spin-Off ETF,ETF / Fund,ETF,,130.92999267578125,,Not Rated,Nasdaq ETF Screener — no stock-style analyst consensus,—,,,,—,,0.7618825733217927,-1.304093878012047,-4.660313893497814,13.981012923478042,31.284456300661013,21.575103008301856,27.609349006397174,23.7730174339873,-15.03892092257002,13.01030342428666,10.78823708835528,20.60652176268798,-17.822431874285993,20.643049910838805,14.801292733532543,-11.982317392051325,1.1357588122386852,52.14619637595708,26.35223354326905,3.7431309102399,21.999847618091906,65.23086984907285,-55.24215717895078,7.788529471426453,,,,,,,,False,True,False,False,False,Long technical: price above 200-day average; 50-day average above 200-day average; 6-month return positive; 1-year annualized return positive; 3-year annualized return positive; 5-year annualized return positive,"Oct 06, 2026 09:22:40 PM EDT",3,6,Adjusted market total return,"Oct 06, 2026 09:22:40 PM EDT",User ETF allowlist,,,,,,,,,,,
CSM,CSM,ProShares Large Cap Core Plus,ETF / Fund,ETF,,88.49189758300781,,Not Rated,Nasdaq ETF Screener — no stock-style analyst consensus,—,,,,—,,0.54754622779285,-0.2538284530378631,3.5176404124351635,16.81748074982763,11.94429157762482,21.83384665602981,22.100378796444243,23.50761344494452,-18.27226383599609,33.12638325116586,10.943302249232612,29.256185748589125,-7.884438348976186,22.516412787709218,13.42866105713616,-0.2721048309998197,16.47830514432913,35.350728404783126,16.671731367612175,0.5399393542886655,14.149747801417378,,,,,,,,,,,False,True,False,False,False,Long technical: price above 200-day average; 50-day average above 200-day average; 6-month return positive; 1-year annualized return positive; 3-year annualized return positive; 5-year annualized return positive,"Oct 06, 2026 09:22:40 PM EDT",4,6,Adjusted market total return,"Oct 06, 2026 09:22:40 PM EDT",User ETF allowlist,,,,,,,,,,,
DBAW,DBAW,Xtrackers MSCI All World ex US Hedged Equity ETF,ETF / Fund,ETF,,48.47999954223633,,Not Rated,Nasdaq ETF Screener — no stock-style analyst consensus,—,,,,—,,0.6435569546914932,-0.6964362038370475,1.4225948034086056,12.605248934530078,17.659092750194993,26.453569369771834,14.353976154399572,16.256482717021758,-9.466528596876325,13.083504340761689,7.442377134107292,22.961232718627222,-10.378321208246176,18.788321439432764,5.900673744288554,-0.2256099965060376,,,,,,,,,,,,,,,,False,True,False,False,False,Long technical: price above 200-day average; 50-day average above 200-day average; 6-month return positive; 1-year annualized return positive; 3-year annualized return positive; 5-year annualized return positive,"Oct 06, 2026 09:22:40 PM EDT",4,6,Adjusted market total return,"Oct 06, 2026 09:22:40 PM EDT",User ETF allowlist,,,,,,,,,,,
DBEF,DBEF,Xtrackers MSCI EAFE Hedged Equity ETF,ETF / Fund,ETF,,55.20000076293945,,Not Rated,Nasdaq ETF Screener — no stock-style analyst consensus,—,,,,—,,-0.0181096209001974,-1.3757377898338308,0.8219192017159038,10.091745981025424,14.737061032300993,23.16557076546413,13.4010845435653,20.14503990174021,-5.130996098493479,19.605176465188578,2.028991043775541,24.94138138427118,-9.517259658363708,16.740513907676814,6.293547625900775,4.079054967654172,3.47461810152574,26.43439659473099,20.83942591401156,,,,,,,,,,,,,False,True,False,False,False,Long technical: price above 200-day average; 50-day average above 200-day average; 6-month return positive; 1-year annualized return positive; 3-year annualized return positive; 5-year annualized return positive,"Oct 06, 2026 09:22:40 PM EDT",3,6,Adjusted market total return,"Oct 06, 2026 09:22:40 PM EDT",User ETF allowlist,,,,,,,,,,,
DBEU,DBEU,Xtrackers MSCI Europe Hedged Equity ETF,ETF / Fund,ETF,,53.36000061035156,,Not Rated,Nasdaq ETF Screener — no stock-style analyst consensus,—,,,,—,,0.2253924269376872,-2.4318852619387155,-1.148571576773827,8.367178699115453,11.166667938232422,22.182913071536596,9.183055204308022,17.41820330443955,-6.24706111789386,23.9919989841358,-1.4226470187343243,27.322424568912677,-8.488205225715106,14.599231697579595,8.43091139001293,4.347061954167142,2.3508086974263875,,,,,,,,,,,,,,,False,True,False,False,False,Long technical: price above 200-day average; 50-day average above 200-day average; 6-month return positive; 1-year annualized return positive; 3-year annualized return positive; 5-year annualized return positive,"Oct 06, 2026 09:22:40 PM EDT",0,6,Adjusted market total return,"Oct 06, 2026 09:22:40 PM EDT",User ETF allowlist,,,,,,,,,,,
DBEZ,DBEZ,Xtrackers MSCI Eurozone Hedged Equity ETF,ETF / Fund,ETF,,61.83300018310547,,Not Rated,Nasdaq ETF Screener — no stock-style analyst consensus,—,,,,—,,-0.0016163448742001,-1.8804172522521645,-0.822828221147931,10.861304824593642,12.244984165771754,26.140650425607383,9.509257500250134,21.782855720980372,-10.132312626556285,23.525311630014567,0.3595957291331553,29.941561395527884,-10.807767541424962,15.620608198765208,6.356617910227458,9.694820820601468,,,,,,,,,,,,,,,,False,True,False,False,False,Long technical: price above 200-day average; 50-day average above 200-day average; 6-month return positive; 1-year annualized return positive; 3-year annualized return positive; 5-year annualized return positive,"Oct 06, 2026 09:22:40 PM EDT",0,6,Adjusted market total return,"Oct 06, 2026 09:22:40 PM EDT",User ETF allowlist,,,,,,,,,,,
DBJP,DBJP,Xtrackers MSCI Japan Hedged Equity ETF,ETF / Fund,ETF,,119.7699966430664,,Not Rated,Nasdaq ETF Screener — no stock-style analyst consensus,—,,,,—,,0.1086570161159761,2.789220814995108,5.015338393908464,17.895666738086756,28.071099173339988,29.5085419199314,25.534651389163177,36.20151397058644,-4.185896005703594,13.04271347295729,10.53509946178508,20.870441921664963,-14.82057148582976,21.2355379123842,-0.9887632340716656,8.613294139582518,5.712609415385339,50.23278110807057,22.611474442443185,,,,,,,,,,,,,True,True,False,False,False,Short technical: price above 20-day average; 20-day average above 50-day average; MACD above signal line; RSI in bullish 50-70 zone; 1-month momentum positive; 3-month momentum positive | Long technical: price above 200-day average; 50-day average above 200-day average; 6-month return positive; 1-year annualized return positive; 3-year annualized return positive; 5-year annualized return positive,"Oct 06, 2026 09:22:40 PM EDT",6,6,Adjusted market total return,"Oct 06, 2026 09:22:40 PM EDT",User ETF allowlist,,,,,,,,,,,
DDIV,DDIV,First Trust Dorsey Wright Momentum & Dividend ETF,ETF / Fund,ETF,,44.720001220703125,,Not Rated,Nasdaq ETF Screener — no stock-style analyst consensus,—,,,,—,,0.2645621886211424,-3.09050960586138,-2.210317037277276,10.013166204801593,8.777070324921388,12.230412039934556,27.17671548234215,9.95315181344778,-12.439514478655925,39.96420937382466,-3.5857362385167235,32.40004191735446,-16.498443187767077,14.06089218992892,16.98980468935172,-6.142349424249483,,,,,,,,,,,,,,,,False,True,False,False,False,Long technical: price above 200-day average; 50-day average above 200-day average; 6-month return positive; 1-year annualized return positive; 3-year annualized return positive; 5-year annualized return positive,"Oct 06, 2026 09:22:40 PM EDT",1,6,Adjusted market total return,"Oct 06, 2026 09:22:40 PM EDT",User ETF allowlist,,,,,,,,,,,
DDWM,DDWM,WisdomTree Dynamic International Equity ETF,ETF / Fund,ETF,,45.834999084472656,,Not Rated,Nasdaq ETF Screener — no stock-style analyst consensus,—,,,,—,,0.1639002746732121,-3.279734327311745,-0.906485984163341,4.648460804849486,7.549452651457678,30.070378268787024,10.699485132431285,15.247260347374825,-0.7697912500581272,14.838082485528869,-4.555725783763043,21.42558415667564,-11.747273858209295,18.803753502840827,,,,,,,,,,,,,,,,,,False,True,False,False,False,Long technical: price above 200-day average; 50-day average above 200-day average; 6-month return positive; 1-year annualized return positive; 3-year annualized return positive; 5-year annualized return positive,"Oct 06, 2026 09:22:40 PM EDT",0,6,Adjusted market total return,"Oct 06, 2026 09:22:40 PM EDT",User ETF allowlist,,,,,,,,,,,
DFAT,DFAT,Dimensional U.S. Targeted Value ETF,ETF / Fund,ETF,,67.98999786376953,,Not Rated,Nasdaq ETF Screener — no stock-style analyst consensus,—,,,,—,,0.3394269779930958,-4.991342529942933,-1.6074657266238357,8.333701574042118,15.382713098632353,8.730570229014845,7.80197587053757,20.864038108619475,-6.232298003857661,,,,,,,,,,,,,,,,,,,,,,,False,True,False,False,False,Long technical: price above 200-day average; 50-day average above 200-day average; 6-month return positive; 1-year annualized return positive; 3-year annualized return positive; 5-year annualized return positive,"Oct 06, 2026 09:22:40 PM EDT",0,6,Adjusted market total return,"Oct 06, 2026 09:22:40 PM EDT",User ETF allowlist,,,,,,,,,,,
DFIV,DFIV,Dimensional International Value ETF,ETF / Fund,ETF,,55.720001220703125,,Not Rated,Nasdaq ETF Screener — no stock-style analyst consensus,—,,,,—,,0.2338569306681082,-4.99830831050756,1.3282653467258765,6.235421567661281,14.07971471214653,45.36058738623614,7.258526157208101,17.745338722876202,-3.696157763043517,,,,,,,,,,,,,,,,,,,,,,,False,True,False,False,False,Long technical: price above 200-day average; 50-day average above 200-day average; 6-month return positive; 1-year annualized return positive; 3-year annualized return positive; 5-year annualized return positive,"Oct 06, 2026 09:22:40 PM EDT",1,6,Adjusted market total return,"Oct 06, 2026 09:22:40 PM EDT",User ETF allowlist,,,,,,,,,,,
DFMC,DFMC,DFA US Micro Cap Portfolio ETF Class,ETF / Fund,ETF,,58.25,,Not Rated,Nasdaq ETF Screener — no stock-style analyst consensus,—,,,,—,,-0.2397660406094459,-3.252734096520904,-2.5748252522801,12.565746766051578,18.85241123111374,,,,,,,,,,,,,,,,,,,,,,,,,,,False,False,False,False,False,,"Oct 06, 2026 09:22:40 PM EDT",2,1,Adjusted market total return,"Oct 06, 2026 09:22:40 PM EDT",User ETF allowlist,,,,,,,,,,,
DFUS,DFUS,Dimensional U.S. Equity Market ETF,ETF / Fund,ETF,,84.48999786376953,,Not Rated,Nasdaq ETF Screener — no stock-style analyst consensus,—,,,,—,,0.6912098395272182,0.70945030401246,3.5541364668487674,18.10417504070463,14.72850139408166,17.460751868280667,24.34040792870742,26.360014308845848,-18.341060777727968,,,,,,,,,,,,,,,,,,,,,,,True,True,False,False,False,Short technical: price above 20-day average; 20-day average above 50-day average; MACD above signal line; RSI in bullish 50-70 zone; 1-month momentum positive; 3-month momentum positive | Long technical: price above 200-day average; 50-day average above 200-day average; 6-month return positive; 1-year annualized return positive; 3-year annualized return positive; 5-year annualized return positive,"Oct 06, 2026 09:22:40 PM EDT",6,6,Adjusted market total return,"Oct 06, 2026 09:22:40 PM EDT",User ETF allowlist,,,,,,,,,,,
DGRO,DGRO,iShares Core Dividend Growth ETF,ETF / Fund,ETF,,76.05999755859375,,Not Rated,Nasdaq ETF Screener — no stock-style analyst consensus,—,,,,—,,0.3827384563489744,-3.404122060363557,-1.4995883357074136,8.802536872274235,11.106967695587189,15.69291520974485,16.61971443419139,10.467701278005826,-7.908078174884259,26.64549051524168,9.500666853771822,29.866768104266384,-2.3787302425506085,23.003097601106216,14.516975750173057,-0.6943908228153162,,,,,,,,,,,,,,,,False,True,False,False,False,Long technical: price above 200-day average; 50-day average above 200-day average; 6-month return positive; 1-year annualized return positive; 3-year annualized return positive; 5-year annualized return positive,"Oct 06, 2026 09:22:40 PM EDT",0,6,Adjusted market total return,"Oct 06, 2026 09:22:40 PM EDT",User ETF allowlist,,,,,,,,,,,
DGT,DGT,State Street® SPDR® Global Dow ETF,ETF / Fund,ETF,,187.38999938964844,,Not Rated,Nasdaq ETF Screener — no stock-style analyst consensus,—,,,,—,,0.4072198933462667,-2.4287944908553127,1.213970188636515,10.279537028190225,13.8472650049003,30.03861108120791,14.154024436923285,20.943352388351567,-8.002580904765132,21.50041890486445,9.66993592501193,22.193007260790832,-9.647903979853522,24.872616561998704,10.800023748131428,-4.238139720892475,2.448104513772953,26.20587503827432,14.801069738554617,-12.08020213140002,4.931632478222925,23.123759363017605,-37.52389923241878,5.937917289105132,19.64866567551833,3.014741053314718,7.374991584141677,24.979509504745945,-24.107531341089363,-12.093620453944077,,False,True,False,False,False,Long technical: price above 200-day average; 50-day average above 200-day average; 6-month return positive; 1-year annualized return positive; 3-year annualized return positive; 5-year annualized return positive,"Oct 06, 2026 09:22:40 PM EDT",1,6,Adjusted market total return,"Oct 06, 2026 09:22:40 PM EDT",User ETF allowlist,,,,,,,,,,,
DIA,DIA,State Street® SPDR® Dow Jones Industrial Average® ETF Trust,ETF / Fund,ETF,,514.5599975585938,,Not Rated,Nasdaq ETF Screener — no stock-style analyst consensus,—,,,,—,,0.4784152383495055,-3.4328246229057724,-2.2953528541336032,11.237748484006428,8.243785537238635,14.706005372054063,14.824715248842413,16.01918636961377,-7.0153600735872175,20.825738630539803,9.590373035280496,25.026631120249743,-3.742694886842335,28.084140403433437,16.372320966993392,0.0900194243310892,9.72267299922429,29.641221800851003,9.93704548013441,8.059192384043223,14.011494542218038,22.74276018871113,-32.13576296365386,8.795877820005614,18.914122772833576,1.6088233544851116,5.02257079089028,27.903084373870524,-14.695471631396684,-4.972456539880343,,False,True,False,False,False,Long technical: price above 200-day average; 50-day average above 200-day average; 6-month return positive; 1-year annualized return positive; 3-year annualized return positive; 5-year annualized return positive,"Oct 06, 2026 09:22:40 PM EDT",0,6,Adjusted market total return,"Oct 06, 2026 09:22:40 PM EDT",User ETF allowlist,,,,,,,,,,,
DIVI,DIVI,Franklin International Core Dividend Tilt Index ETF,ETF / Fund,ETF,,42.619998931884766,,Not Rated,Nasdaq ETF Screener — no stock-style analyst consensus,—,,,,—,,-0.0234626694343376,-4.12097193932609,0.2086046690385368,7.802440327454718,12.14921177891364,34.862436427727125,1.77549233101586,18.968201848473008,-1.205020916436761,16.94579430863108,1.2914276035456806,22.98495959279503,-6.731913395528954,13.648177645044868,,,,,,,,,,,,,,,,,,False,True,False,False,False,Long technical: price above 200-day average; 50-day average above 200-day average; 6-month return positive; 1-year annualized return positive; 3-year annualized return positive; 5-year annualized return positive,"Oct 06, 2026 09:22:40 PM EDT",1,6,Adjusted market total return,"Oct 06, 2026 09:22:40 PM EDT",User ETF allowlist,,,,,,,,,,,
DJD,DJD,Invesco Dow Jones Industrial Average Dividend ETF,ETF / Fund,ETF,,62.560001373291016,,Not Rated,Nasdaq ETF Screener — no stock-style analyst consensus,—,,,,—,,-0.015979417583456,-4.946068174038276,-2.9810453775797607,7.072993192069066,11.517947546258611,15.834069082928991,13.655343717455626,9.403877760715272,-0.7291279681226226,21.46772493671023,0.8666950657133077,21.99643659552453,0.0256494287823594,21.645033854556694,14.7551615229921,,,,,,,,,,,,,,,,,False,True,False,False,False,Long technical: price above 200-day average; 50-day average above 200-day average; 6-month return positive; 1-year annualized return positive; 3-year annualized return positive; 5-year annualized return positive,"Oct 06, 2026 09:22:40 PM EDT",0,6,Adjusted market total return,"Oct 06, 2026 09:22:40 PM EDT",User ETF allowlist,,,,,,,,,,,
DLN,DLN,WisdomTree U.S. LargeCap Dividend Fund,ETF / Fund,ETF,,98.77999877929688,,Not Rated,Nasdaq ETF Screener — no stock-style analyst consensus,—,,,,—,,0.6316168439863601,-1.8384388274010344,1.4724498362620908,10.933084105807575,13.644412572490891,15.527309892651008,19.660274842261096,9.68747229966116,-3.7787182761878646,25.59675895208797,4.591380107412202,28.91101043115394,-5.814545125503578,18.22306692159781,15.509617239924768,-1.6020912008904764,14.246586789789584,27.345142443455963,12.74051187950862,9.466354944620424,14.974317620115515,17.38340749221865,-35.096897739916066,2.4166834570962026,,,,,,,,False,True,False,False,False,Long technical: price above 200-day average; 50-day average above 200-day average; 6-month return positive; 1-year annualized return positive; 3-year annualized return positive; 5-year annualized return positive,"Oct 06, 2026 09:22:40 PM EDT",4,6,Adjusted market total return,"Oct 06, 2026 09:22:40 PM EDT",User ETF allowlist,,,,,,,,,,,
DSI,DSI,iShares ESG MSCI KLD 400 ETF,ETF / Fund,ETF,,150.08999633789062,,Not Rated,Nasdaq ETF Screener — no stock-style analyst consensus,—,,,,—,,0.4215105016216913,2.055236397629856,6.288004968889327,22.65476168431708,17.28997535566159,18.03334467505955,22.37753926849915,28.50406804938366,-21.711593131572315,31.31756252077085,20.934713263728668,31.152074397990816,-3.902089701943823,20.886903606421004,10.038421755350123,0.3021876413919599,12.297660610204474,35.437492895900256,12.286212249019536,1.470319656673147,11.40299147470467,30.730565720316537,-35.32028620120745,3.162908412661336,,,,,,,,True,True,False,False,False,Short technical: price above 20-day average; 20-day average above 50-day average; MACD above signal line; RSI in bullish 50-70 zone; 1-month momentum positive; 3-month momentum positive | Long technical: price above 200-day average; 50-day average above 200-day average; 6-month return positive; 1-year annualized return positive; 3-year annualized return positive; 5-year annualized return positive,"Oct 06, 2026 09:22:40 PM EDT",6,6,Adjusted market total return,"Oct 06, 2026 09:22:40 PM EDT",User ETF allowlist,,,,,,,,,,,
DTD,DTD,WisdomTree U.S. Total Dividend Fund,ETF / Fund,ETF,,94.93000030517578,,Not Rated,Nasdaq ETF Screener — no stock-style analyst consensus,—,,,,—,,0.6680776596286853,-2.133181268496032,0.9032147252756362,10.302033413294057,13.393031759105645,14.2553310013104,18.55265005454565,10.352862985573651,-3.827002508015065,26.254760731970904,2.448442285870289,28.185490593240825,-6.4669481283536,17.354019280031597,16.062405572854168,-1.656720145588253,14.2471359592808,28.071965712827215,13.109476801846242,8.418911023536113,16.314931647646326,19.66395114611732,-34.83089021816402,1.161379532217599,,,,,,,,False,True,False,False,False,Long technical: price above 200-day average; 50-day average above 200-day average; 6-month return positive; 1-year annualized return positive; 3-year annualized return positive; 5-year annualized return positive,"Oct 06, 2026 09:22:40 PM EDT",3,6,Adjusted market total return,"Oct 06, 2026 09:22:40 PM EDT",User ETF allowlist,,,,,,,,,,,
DVY,DVY,iShares Select Dividend ETF,ETF / Fund,ETF,,153.9199981689453,,Not Rated,Nasdaq ETF Screener — no stock-style analyst consensus,—,,,,—,,0.5355924446373006,-5.5158920019018005,-2.8908344371345485,3.137359793048433,11.6737240686283,11.597185643120469,16.240333848392297,1.1208966127316478,1.7959509981771982,31.696121074827623,-4.90950666861173,22.6141760987973,-6.355197142444768,14.819196243343114,21.63546720960281,-2.078973311342003,14.865158729277583,28.86016851428266,10.48011523973198,11.81759391205417,17.767243210065686,11.176631528124249,-32.87830819568441,-5.688637659795271,19.44024353024132,2.8158539289680373,17.936805449764282,,,,,False,True,False,False,False,Long technical: price above 200-day average; 50-day average above 200-day average; 6-month return positive; 1-year annualized return positive; 3-year annualized return positive; 5-year annualized return positive,"Oct 06, 2026 09:22:40 PM EDT",0,6,Adjusted market total return,"Oct 06, 2026 09:22:40 PM EDT",User ETF allowlist,,,,,,,,,,,
DXJ,DXJ,WisdomTree Japan Hedged Equity Fund,ETF / Fund,ETF,,183.8800048828125,,Not Rated,Nasdaq ETF Screener — no stock-style analyst consensus,—,,,,—,,0.21801240712227,2.2182592878729146,4.774011493462393,15.049117624145914,28.464594192615223,32.77784457916857,29.830545975847087,42.03840783818092,5.961657525356134,17.99096812049381,3.939172869266661,18.94471111390843,-19.7828110606722,22.806019552127555,1.1114241238662448,7.743397102197269,8.076694991149115,41.39441011203895,19.625019961219326,-16.057454448508967,-1.7940766808284605,1.88103945698932,-20.80422523439705,-7.339519248031101,,,,,,,,True,True,False,False,False,Short technical: price above 20-day average; 20-day average above 50-day average; MACD above signal line; RSI in bullish 50-70 zone; 1-month momentum positive; 3-month momentum positive | Long technical: price above 200-day average; 50-day average above 200-day average; 6-month return positive; 1-year annualized return positive; 3-year annualized return positive; 5-year annualized return positive,"Oct 06, 2026 09:22:40 PM EDT",6,6,Adjusted market total return,"Oct 06, 2026 09:22:40 PM EDT",User ETF allowlist,,,,,,,,,,,
EFV,EFV,iShares MSCI EAFE Value ETF,ETF / Fund,ETF,,78.94999694824219,,Not Rated,Nasdaq ETF Screener — no stock-style analyst consensus,—,,,,—,,0.4964350837174613,-4.84512982200348,1.062460538247323,7.548199895300867,13.497157727089814,42.22396757287543,5.3510672397746095,18.85259958166685,-5.218922770769097,11.079359827496392,-2.9676747507807466,15.795764954329927,-14.673235775217176,21.220638466801176,5.050481022849751,-5.855146100197306,-6.7758889180838615,21.88615187882481,18.75490058968934,-12.395101865421507,4.485896429381286,28.391462435422387,-41.6473749969243,4.26095696229376,30.34193829457297,,,,,,,False,True,False,False,False,Long technical: price above 200-day average; 50-day average above 200-day average; 6-month return positive; 1-year annualized return positive; 3-year annualized return positive; 5-year annualized return positive,"Oct 06, 2026 09:22:40 PM EDT",1,6,Adjusted market total return,"Oct 06, 2026 09:22:40 PM EDT",User ETF allowlist,,,,,,,,,,,
EINC,EINC,VanEck Energy Income ETF,ETF / Fund,ETF,,115.22000122070312,,Not Rated,Nasdaq ETF Screener — no stock-style analyst consensus,—,,,,—,,0.778447804945892,-5.160915921734677,-3.3446698630137828,-0.2037540598495368,23.16861092205702,7.11140548495699,42.79617227566226,15.5475205643709,19.165452671537885,38.062756331894285,-19.89179837659572,16.972840908017737,-19.849722766225288,-3.444764178737958,24.2284604864889,-57.03284695753752,-26.03130282598861,15.560722731616682,,,,,,,,,,,,,,False,True,False,False,False,Long technical: price above 200-day average; 50-day average above 200-day average; 1-year annualized return positive; 3-year annualized return positive; 5-year annualized return positive,"Oct 06, 2026 09:22:40 PM EDT",0,5,Adjusted market total return,"Oct 06, 2026 09:22:40 PM EDT",User ETF allowlist,,,,,,,,,,,
ENFR,ENFR,Alerian Energy Infrastructure ETF,ETF / Fund,ETF,,37.83000183105469,,Not Rated,Nasdaq ETF Screener — no stock-style analyst consensus,—,,,,—,,1.1226997737388,-5.235462008403802,-2.014428921711997,0.5172474783539327,24.045297655188147,5.898472876864092,42.16695918767044,15.632762717723558,17.478470812956616,39.97560021230751,-24.136682598028813,21.60609193902445,-18.66903315474516,-0.1913996334512613,40.04258237167173,-37.063125979681246,12.19212230863489,,,,,,,,,,,,,,,False,True,False,False,False,Long technical: price above 200-day average; 50-day average above 200-day average; 6-month return positive; 1-year annualized return positive; 3-year annualized return positive; 5-year annualized return positive,"Oct 06, 2026 09:22:40 PM EDT",0,6,Adjusted market total return,"Oct 06, 2026 09:22:40 PM EDT",User ETF allowlist,,,,,,,,,,,
EPS,EPS,WisdomTree U.S. LargeCap Fund,ETF / Fund,ETF,,81.55999755859375,,Not Rated,Nasdaq ETF Screener — no stock-style analyst consensus,—,,,,—,,0.5796044418903357,0.6372202964958662,4.628194797615381,18.932946525948346,16.097724143024084,17.40170337759588,23.953490117894628,22.820508813950525,-15.823454563650508,27.46807512035321,12.015821858628616,32.53515173515409,-7.520767188382083,22.726776632266237,13.7597576395607,-1.563060922013082,13.592288376128248,32.97719312643217,14.585982538795594,3.6525089583623327,13.268631350930482,27.258655426743594,-36.66665164848178,,,,,,,,,True,True,False,False,False,Short technical: price above 20-day average; 20-day average above 50-day average; MACD above signal line; RSI in bullish 50-70 zone; 1-month momentum positive; 3-month momentum positive | Long technical: price above 200-day average; 50-day average above 200-day average; 6-month return positive; 1-year annualized return positive; 3-year annualized return positive; 5-year annualized return positive,"Oct 06, 2026 09:22:40 PM EDT",6,6,Adjusted market total return,"Oct 06, 2026 09:22:40 PM EDT",User ETF allowlist,,,,,,,,,,,
EQL,EQL,ALPS Equal Sector Weight ETF,ETF / Fund,ETF,,51.15999984741211,,Not Rated,Nasdaq ETF Screener — no stock-style analyst consensus,—,,,,—,,0.8277456741266676,-1.1915479949334729,0.3535383012921222,7.48628218748939,11.275111142050154,13.09200708332896,16.441169715673887,16.87152497313771,-10.723824784802328,29.322336678160752,10.870176397533404,27.87302419380544,-6.121224602042208,18.37172522655608,12.269593931969537,-1.494300431756579,13.072276143205318,30.161110548755783,14.436587004315824,2.582568555408793,14.82727429084678,,,,,,,,,,,False,True,False,False,False,Long technical: price above 200-day average; 50-day average above 200-day average; 6-month return positive; 1-year annualized return positive; 3-year annualized return positive; 5-year annualized return positive,"Oct 06, 2026 09:22:40 PM EDT",4,6,Adjusted market total return,"Oct 06, 2026 09:22:40 PM EDT",User ETF allowlist,,,,,,,,,,,
EQWL,EQWL,Invesco S&P 100 Equal Weight ETF,ETF / Fund,ETF,,130.61000061035156,,Not Rated,Nasdaq ETF Screener — no stock-style analyst consensus,—,,,,—,,0.4306017266073159,-2.421992319527888,0.3409854606416074,13.562740588359487,11.924686835318376,17.605058757983592,19.112071322235447,19.48337470079626,-11.459368625354394,27.70175099972285,13.939334815355942,29.543397745637836,-6.302724870683141,24.404750437481205,13.317862065538488,-2.3116979456758058,15.118203686460308,37.31865378583621,11.749407145639502,2.97635192737038,13.79053166738391,20.16967991764391,-33.34476483359256,9.234491653496658,,,,,,,,False,True,False,False,False,Long technical: price above 200-day average; 50-day average above 200-day average; 6-month return positive; 1-year annualized return positive; 3-year annualized return positive; 5-year annualized return positive,"Oct 06, 2026 09:22:40 PM EDT",1,6,Adjusted market total return,"Oct 06, 2026 09:22:40 PM EDT",User ETF allowlist,,,,,,,,,,,
ESG,ESG,Northern Trust STOXX US ESG Select ETF,ETF / Fund,ETF,,181.0890045166016,,Not Rated,Nasdaq ETF Screener — no stock-style analyst consensus,—,,,,—,,0.4314766475228326,-0.6145845179536646,3.0517530786755565,18.46941517609721,15.133919584705469,16.038241788228103,20.220119389677823,27.863393072056965,-19.885514036182677,28.48049121667697,20.745677027348464,31.74177847097088,-5.164675088427817,23.34774696006321,,,,,,,,,,,,,,,,,,False,True,False,False,False,Long technical: price above 200-day average; 50-day average above 200-day average; 6-month return positive; 1-year annualized return positive; 3-year annualized return positive; 5-year annualized return positive,"Oct 06, 2026 09:22:40 PM EDT",3,6,Adjusted market total return,"Oct 06, 2026 09:22:40 PM EDT",User ETF allowlist,,,,,,,,,,,
ESGG,ESGG,Northern Trust STOXX Global ESG Select ETF,ETF / Fund,ETF,,240.96600341796875,,Not Rated,Nasdaq ETF Screener — no stock-style analyst consensus,—,,,,—,,0.5965678952309261,0.0224785299636876,4.225255066280131,19.61113226412605,18.48491566962917,24.0085561417718,14.478370360255589,25.572784876367336,-18.655869979315163,23.759426762364267,17.31607263784749,29.095329443939267,-8.434976541864081,23.599506063371003,,,,,,,,,,,,,,,,,,True,True,False,True,False,Short technical: price above 20-day average; MACD above signal line; RSI in bullish 50-70 zone; 1-month momentum positive; 3-month momentum positive | Long technical: price above 200-day average; 50-day average above 200-day average; 6-month return positive; 1-year annualized return positive; 3-year annualized return positive; 5-year annualized return positive,"Oct 06, 2026 09:22:40 PM EDT",5,6,Adjusted market total return,"Oct 06, 2026 09:22:40 PM EDT",User ETF allowlist,,,,,,,,,,,
ESN,ESN,Essential 40 Stock ETF,ETF / Fund,ETF,,20.44499969482422,,Not Rated,Nasdaq ETF Screener — no stock-style analyst consensus,—,,,,—,,0.2451543806732958,-0.9255669107726684,2.2659018700068367,14.82084676596962,19.13641705639444,16.511525047992848,,,,,,,,,,,,,,,,,,,,,,,,,,False,True,False,False,False,Long technical: price above 200-day average; 50-day average above 200-day average; 6-month return positive; 1-year annualized return positive,"Oct 06, 2026 09:22:40 PM EDT",2,4,Adjusted market total return,"Oct 06, 2026 09:22:40 PM EDT",User ETF allowlist,,,,,,,,,,,
EUFN,EUFN,iShares MSCI Europe Financials ETF,ETF / Fund,ETF,,39.459999084472656,,Not Rated,Nasdaq ETF Screener — no stock-style analyst consensus,—,,,,—,,0.7660858994624542,-8.104330818659466,-1.5960085137196822,14.120352698258175,9.597381580667674,65.72702141198583,17.195929698838963,26.147538318554343,-8.781986558695476,19.12838940361221,-8.547693725366567,20.73067144273264,-23.144310228980142,26.93805367278397,-2.674694446582293,-4.703961201933504,-9.643539527943943,29.320314497018398,35.368139703937864,-26.60698649168348,,,,,,,,,,,,False,True,False,False,False,Long technical: price above 200-day average; 50-day average above 200-day average; 6-month return positive; 1-year annualized return positive; 3-year annualized return positive; 5-year annualized return positive,"Oct 06, 2026 09:22:40 PM EDT",0,6,Adjusted market total return,"Oct 06, 2026 09:22:40 PM EDT",User ETF allowlist,,,,,,,,,,,
EWT,EWT,iShares MSCI Taiwan ETF,ETF / Fund,ETF,,117.61000061035156,,Not Rated,Nasdaq ETF Screener — no stock-style analyst consensus,—,,,,—,,-0.3305079573291847,4.840435274027399,15.43973673046588,63.75661530227943,85.12514224804025,28.37853379975301,16.111266352813878,28.996608172644777,-28.89832173988569,28.88196513555861,31.504014957600603,33.35852467200311,-9.898123739440724,26.81202221335557,17.71129637283879,-12.854237496767718,6.872267778058361,7.873909979451188,18.656262450894623,-21.78387521365672,22.77731975241919,73.78375526902434,-45.3524684119873,6.377491638916655,18.754859092008623,4.6376829266871145,8.032791204482304,38.190229349432016,-24.39704299304255,2.059198270765505,,True,True,False,False,False,Short technical: price above 20-day average; 20-day average above 50-day average; MACD above signal line; RSI in bullish 50-70 zone; 1-month momentum positive; 3-month momentum positive | Long technical: price above 200-day average; 50-day average above 200-day average; 6-month return positive; 1-year annualized return positive; 3-year annualized return positive; 5-year annualized return positive,"Oct 06, 2026 09:22:40 PM EDT",6,6,Adjusted market total return,"Oct 06, 2026 09:22:40 PM EDT",User ETF allowlist,,,,,,,,,,,
FDD,FDD,First Trust STOXX® European Select Dividend Index Fund,ETF / Fund,ETF,,18.93000030517578,,Not Rated,Nasdaq ETF Screener — no stock-style analyst consensus,—,,,,—,,0.6379630124427882,-7.386880156709664,1.859677143076777,8.501284608195325,13.422465821054663,62.46562101449315,0.3225792631714519,14.16153169365064,-16.14748873306616,16.033977887807005,-3.8214052181582026,23.830598697761296,-8.97774103875003,19.06855187854537,1.9816990655072253,-2.8068422786127423,-1.883232397030654,17.06068288002276,9.381055382344528,-8.900749627458438,1.839929149063724,31.543967093421333,-60.56106972163,,,,,,,,,False,True,False,False,False,Long technical: price above 200-day average; 50-day average above 200-day average; 6-month return positive; 1-year annualized return positive; 3-year annualized return positive; 5-year annualized return positive,"Oct 06, 2026 09:22:40 PM EDT",1,6,Adjusted market total return,"Oct 06, 2026 09:22:40 PM EDT",User ETF allowlist,,,,,,,,,,,
FDM,FDM,First Trust Dow Jones Select MicroCap Index Fund,ETF / Fund,ETF,,88.6500015258789,,Not Rated,Nasdaq ETF Screener — no stock-style analyst consensus,—,,,,—,,-0.1014157539521054,-4.98524513647186,-2.7326282030461835,6.68347412078083,12.596465472340324,18.64134854128496,13.000281715739147,12.772312671919718,-11.618482810467812,35.079216576030504,-4.039830417940604,27.44630885870274,-13.524072948626252,8.721877848540727,35.90212812711475,-0.0640372822899748,3.2585916420905026,44.12159976651857,15.724487921536134,-8.635836187742019,25.573342817314447,20.04619281776188,-31.918243935035782,-7.357418789352632,15.892831899959582,,,,,,,False,True,False,False,False,Long technical: price above 200-day average; 50-day average above 200-day average; 6-month return positive; 1-year annualized return positive; 3-year annualized return positive; 5-year annualized return positive,"Oct 06, 2026 09:22:40 PM EDT",0,6,Adjusted market total return,"Oct 06, 2026 09:22:40 PM EDT",User ETF allowlist,,,,,,,,,,,
FELC,FELC,Fidelity Enhanced Large Cap Core ETF,ETF / Fund,ETF,,44.0,,Not Rated,Nasdaq ETF Screener — no stock-style analyst consensus,—,,,,—,,0.7095476837609693,0.4267009179015124,4.745360584980429,20.020960913889184,16.06597515471575,17.09491238920733,25.252298511515715,,,,,,,,,,,,,,,,,,,,,,,,,True,True,False,False,False,Short technical: price above 20-day average; 20-day average above 50-day average; MACD above signal line; RSI in bullish 50-70 zone; 1-month momentum positive; 3-month momentum positive | Long technical: price above 200-day average; 50-day average above 200-day average; 6-month return positive; 1-year annualized return positive,"Oct 06, 2026 09:22:40 PM EDT",6,4,Adjusted market total return,"Oct 06, 2026 09:22:40 PM EDT",User ETF allowlist,,,,,,,,,,,
FELG,FELG,Fidelity Enhanced Large Cap Growth ETF,ETF / Fund,ETF,,46.150001525878906,,Not Rated,Nasdaq ETF Screener — no stock-style analyst consensus,—,,,,—,,0.9184386351341668,3.86475097245933,6.992492008470652,21.51880908223056,10.98078999997889,18.437388838681063,35.44653668224809,,,,,,,,,,,,,,,,,,,,,,,,,True,True,False,False,False,Short technical: price above 20-day average; 20-day average above 50-day average; MACD above signal line; RSI in bullish 50-70 zone; 1-month momentum positive; 3-month momentum positive | Long technical: price above 200-day average; 50-day average above 200-day average; 6-month return positive; 1-year annualized return positive,"Oct 06, 2026 09:22:40 PM EDT",6,4,Adjusted market total return,"Oct 06, 2026 09:22:40 PM EDT",User ETF allowlist,,,,,,,,,,,
FELV,FELV,Fidelity Enhanced Large Cap Value ETF,ETF / Fund,ETF,,41.790000915527344,,Not Rated,Nasdaq ETF Screener — no stock-style analyst consensus,—,,,,—,,0.4567366547487905,-2.2296289526725244,2.678036765585956,19.11542509698858,21.977335927648657,15.802810777690793,15.894709070967794,,,,,,,,,,,,,,,,,,,,,,,,,False,True,False,False,False,Long technical: price above 200-day average; 50-day average above 200-day average; 6-month return positive; 1-year annualized return positive,"Oct 06, 2026 09:22:40 PM EDT",1,4,Adjusted market total return,"Oct 06, 2026 09:22:40 PM EDT",User ETF allowlist,,,,,,,,,,,
FENI,FENI,Fidelity Enhanced International ETF,ETF / Fund,ETF,,40.060001373291016,,Not Rated,Nasdaq ETF Screener — no stock-style analyst consensus,—,,,,—,,0.1500034332275301,-3.366429472556731,0.3169087209267784,7.683778610983927,11.918945936959124,37.266570816824405,6.954842322511068,,,,,,,,,,,,,,,,,,,,,,,,,False,True,False,False,False,Long technical: price above 200-day average; 50-day average above 200-day average; 6-month return positive; 1-year annualized return positive,"Oct 06, 2026 09:22:40 PM EDT",1,4,Adjusted market total return,"Oct 06, 2026 09:22:40 PM EDT",User ETF allowlist,,,,,,,,,,,
FESM,FESM,Fidelity Enhanced Small Cap Core ETF,ETF / Fund,ETF,,46.0,,Not Rated,Nasdaq ETF Screener — no stock-style analyst consensus,—,,,,—,,0.810867681840377,-2.651625083968523,-2.6721716703667853,18.998420278539395,22.63116370728444,17.882005977150307,16.2203976984417,,,,,,,,,,,,,,,,,,,,,,,,,False,True,False,False,False,Long technical: price above 200-day average; 50-day average above 200-day average; 6-month return positive; 1-year annualized return positive,"Oct 06, 2026 09:22:40 PM EDT",2,4,Adjusted market total return,"Oct 06, 2026 09:22:40 PM EDT",User ETF allowlist,,,,,,,,,,,
FEZ,FEZ,State Street® SPDR® EURO STOXX 50® ETF,ETF / Fund,ETF,,66.79000091552734,,Not Rated,Nasdaq ETF Screener — no stock-style analyst consensus,—,,,,—,,0.0749221656552556,-5.309393746631342,-2.5081413055801027,8.141689186151012,5.734212304003128,37.81217654236211,3.575832805354784,27.16411156780876,-14.272919494207969,14.843566537048304,4.83541627445585,26.043858744718506,-15.854896080157632,24.805859890849625,0.6595547860100748,-3.993230534639269,-9.750999284557649,25.81018182828043,22.701209653800912,-16.33399164311523,-7.957809517081071,25.34579100565322,-42.99772580602753,20.433573225306123,31.828865785266537,8.417850450557985,16.83044449253601,43.41931781439121,,,,False,True,False,False,False,Long technical: price above 200-day average; 50-day average above 200-day average; 6-month return positive; 1-year annualized return positive; 3-year annualized return positive; 5-year annualized return positive,"Oct 06, 2026 09:22:40 PM EDT",0,6,Adjusted market total return,"Oct 06, 2026 09:22:40 PM EDT",User ETF allowlist,,,,,,,,,,,
FIDU,FIDU,Fidelity MSCI Industrials Index ETF,ETF / Fund,ETF,,90.37000274658205,,Not Rated,Nasdaq ETF Screener — no stock-style analyst consensus,—,,,,—,,0.09969424955929,-2.750016482036388,-6.706526042791894,3.2511042092885134,10.394637596861124,18.61055089622836,16.513792308888164,22.62358205643227,-8.364191831068435,20.627234047084887,13.717392707004628,30.690078850846312,-13.84991747492954,22.23721721168561,20.08905636071805,-3.643746616562216,6.675440699980006,,,,,,,,,,,,,,,False,False,False,False,False,,"Oct 06, 2026 09:22:40 PM EDT",2,5,Adjusted market total return,"Oct 06, 2026 09:22:40 PM EDT",User ETF allowlist,,,,,,,,,,,
FMDE,FMDE,Fidelity Enhanced Mid Cap Core ETF,ETF / Fund,ETF,,41.33000183105469,,Not Rated,Nasdaq ETF Screener — no stock-style analyst consensus,—,,,,—,,0.8294709408770418,-1.6217626831957157,2.6417838490190526,13.7251028488661,14.565011585599198,12.190401260158024,21.762582134016828,,,,,,,,,,,,,,,,,,,,,,,,,False,True,False,False,False,Long technical: price above 200-day average; 50-day average above 200-day average; 6-month return positive; 1-year annualized return positive,"Oct 06, 2026 09:22:40 PM EDT",4,4,Adjusted market total return,"Oct 06, 2026 09:22:40 PM EDT",User ETF allowlist,,,,,,,,,,,
FNCL,FNCL,Fidelity MSCI Financials Index ETF,ETF / Fund,ETF,,76.54000091552734,,Not Rated,Nasdaq ETF Screener — no stock-style analyst consensus,—,,,,—,,0.7900954106289992,-7.130809073885347,-3.805743474209522,8.659155523298478,-0.1831323066740831,14.940880220333552,30.44273824824153,14.096622414455728,-12.283030554078533,34.92251244809579,-2.186286118373715,31.59095981227713,-13.439308125956018,19.98687747267609,23.997392137679107,-0.7454062117515758,14.01014301045842,,,,,,,,,,,,,,,False,True,False,False,False,Long technical: price above 200-day average; 50-day average above 200-day average; 6-month return positive; 1-year annualized return positive; 3-year annualized return positive; 5-year annualized return positive,"Oct 06, 2026 09:22:40 PM EDT",0,6,Adjusted market total return,"Oct 06, 2026 09:22:40 PM EDT",User ETF allowlist,,,,,,,,,,,
FNDB,FNDB,Schwab Fundamental U.S. Broad Market ETF,ETF / Fund,ETF,,31.01000022888184,,Not Rated,Nasdaq ETF Screener — no stock-style analyst consensus,—,,,,—,,0.5186380727185247,-2.1216407269869064,1.5176662796364535,13.636963147357095,18.026821091573275,16.22901071881946,16.255745306642623,18.41987236860585,-7.529892452051124,31.550827301906104,9.409341200868424,28.88419087337426,-8.205397218122833,16.93913818314701,16.54057985744761,-3.039993145675657,12.03335276582691,,,,,,,,,,,,,,,False,True,False,False,False,Long technical: price above 200-day average; 50-day average above 200-day average; 6-month return positive; 1-year annualized return positive; 3-year annualized return positive; 5-year annualized return positive,"Oct 06, 2026 09:22:40 PM EDT",1,6,Adjusted market total return,"Oct 06, 2026 09:22:40 PM EDT",User ETF allowlist,,,,,,,,,,,
FNDE,FNDE,Schwab Fundamental Emerging Markets Equity ETF,ETF / Fund,ETF,,42.93999862670898,,Not Rated,Nasdaq ETF Screener — no stock-style analyst consensus,—,,,,—,,2.4576444358075378,-0.3249842116877066,8.929478998648687,12.815181236007046,19.635405479429057,29.46735910597502,12.094336677498552,14.99737885740533,-15.580532700739813,14.407709173350614,-2.775151948554977,19.753172482269157,-10.302774843430496,26.76741698129168,32.55717994495646,-20.149880615834448,-11.61876789229056,,,,,,,,,,,,,,,False,True,False,False,False,Long technical: price above 200-day average; 50-day average above 200-day average; 6-month return positive; 1-year annualized return positive; 3-year annualized return positive; 5-year annualized return positive,"Oct 06, 2026 09:22:40 PM EDT",4,6,Adjusted market total return,"Oct 06, 2026 09:22:40 PM EDT",User ETF allowlist,,,,,,,,,,,
FNDF,FNDF,Schwab Fundamental International Equity ETF,ETF / Fund,ETF,,53.900001525878906,,Not Rated,Nasdaq ETF Screener — no stock-style analyst consensus,—,,,,—,,0.1114438579512766,-4.279878864565645,1.7365081003995586,9.195808605731104,19.895598498687477,40.99661084475839,2.2953704620481297,20.219621799566887,-7.778116098721687,14.973270458158083,3.613840268214874,18.461614762015287,-14.21333418097117,23.97943379076526,7.929965549891116,-5.246865528177835,-6.492942587075056,,,,,,,,,,,,,,,False,True,False,False,False,Long technical: price above 200-day average; 50-day average above 200-day average; 6-month return positive; 1-year annualized return positive; 3-year annualized return positive; 5-year annualized return positive,"Oct 06, 2026 09:22:40 PM EDT",1,6,Adjusted market total return,"Oct 06, 2026 09:22:40 PM EDT",User ETF allowlist,,,,,,,,,,,
FNDX,FNDX,Schwab Fundamental U.S. Large Company ETF,ETF / Fund,ETF,,31.850000381469727,,Not Rated,Nasdaq ETF Screener — no stock-style analyst consensus,—,,,,—,,0.4731849051109016,-2.0553304460453004,2.0074646523092987,14.001331267024852,18.41551185720678,16.938665997956548,16.77318309512188,18.229794617744545,-6.921258624173177,31.73345507052532,9.11695212653112,28.65021184353138,-7.30416509266113,17.1201317890199,15.813913527287848,-2.993023009724427,12.448171191307678,,,,,,,,,,,,,,,False,True,False,False,False,Long technical: price above 200-day average; 50-day average above 200-day average; 6-month return positive; 1-year annualized return positive; 3-year annualized return positive; 5-year annualized return positive,"Oct 06, 2026 09:22:40 PM EDT",1,6,Adjusted market total return,"Oct 06, 2026 09:22:40 PM EDT",User ETF allowlist,,,,,,,,,,,
FTA,FTA,First Trust Large Cap Value AlphaDEX® Fund,ETF / Fund,ETF,,96.79000091552734,,Not Rated,Nasdaq ETF Screener — no stock-style analyst consensus,—,,,,—,,0.508824349160375,-5.556776852644196,-1.3339730397797345,5.631171708389582,13.801875824094113,14.941223790272897,10.128947132357036,10.074786950402403,-3.7324770723227703,29.32151676080537,-0.3759555265012815,24.728997879471137,-13.624101504172849,18.47248915978208,24.02915948078848,-10.346406024705146,10.724697172431895,34.173261985240735,17.06941040772978,1.4237709593610148,18.636169573299544,40.478927503549,-35.85373390301516,,,,,,,,,False,True,False,False,False,Long technical: price above 200-day average; 50-day average above 200-day average; 6-month return positive; 1-year annualized return positive; 3-year annualized return positive; 5-year annualized return positive,"Oct 06, 2026 09:22:40 PM EDT",0,6,Adjusted market total return,"Oct 06, 2026 09:22:40 PM EDT",User ETF allowlist,,,,,,,,,,,
FTEC,FTEC,Fidelity MSCI Information Technology Index ETF,ETF / Fund,ETF,,308.44000244140625,,Not Rated,Nasdaq ETF Screener — no stock-style analyst consensus,—,,,,—,,0.6986662532562526,6.734477689221019,13.385292345448718,44.263516066380014,37.72698653051716,22.11432370680628,29.396678875416924,53.2963538556259,-29.591207579123413,30.48813495277227,45.82951528134769,48.9303805065616,-0.385262084998117,36.83210473578542,13.483339382477856,4.965830813904759,18.33946489365665,,,,,,,,,,,,,,,True,True,False,False,False,Short technical: price above 20-day average; 20-day average above 50-day average; MACD above signal line; 1-month momentum positive; 3-month momentum positive | Long technical: price above 200-day average; 50-day average above 200-day average; 6-month return positive; 1-year annualized return positive; 3-year annualized return positive; 5-year annualized return positive,"Oct 06, 2026 09:22:40 PM EDT",5,6,Adjusted market total return,"Oct 06, 2026 09:22:40 PM EDT",User ETF allowlist,,,,,,,,,,,
FYC,FYC,First Trust Small Cap Growth AlphaDEX® Fund,ETF / Fund,ETF,,115.93000030517578,,Not Rated,Nasdaq ETF Screener — no stock-style analyst consensus,—,,,,—,,-1.1595196519190387,-3.0199101411272022,-5.262729669740185,16.66134102396064,20.739393233412564,24.24506316257322,23.993176325826514,14.525237289705029,-25.85564881064678,21.642717503087194,32.34522370917576,16.791909146857353,-5.540417114535501,22.955543603436723,13.836354966085196,1.2096175230372097,-1.1191744493245117,43.45658950322886,11.574015054498666,,,,,,,,,,,,,False,True,False,False,False,Long technical: price above 200-day average; 50-day average above 200-day average; 6-month return positive; 1-year annualized return positive; 3-year annualized return positive; 5-year annualized return positive,"Oct 06, 2026 09:22:40 PM EDT",1,6,Adjusted market total return,"Oct 06, 2026 09:22:40 PM EDT",User ETF allowlist,,,,,,,,,,,
FYLD,FYLD,Cambria Foreign Shareholder Yield ETF,ETF / Fund,ETF,,39.59000015258789,,Not Rated,Nasdaq ETF Screener — no stock-style analyst consensus,—,,,,—,,-0.1261332942240289,-3.2737293324026973,7.534550678248197,6.7212077000896375,24.134982433126908,34.533690545882536,2.998807570720152,13.196743240819476,-5.558770975744132,18.684561215131826,4.169413581095438,17.831810974355356,-14.476754870800912,29.80757796101412,7.6395644202231106,-7.253271728118116,-9.92311196356871,,,,,,,,,,,,,,,False,True,False,False,False,Long technical: price above 200-day average; 50-day average above 200-day average; 6-month return positive; 1-year annualized return positive; 3-year annualized return positive; 5-year annualized return positive,"Oct 06, 2026 09:22:40 PM EDT",2,6,Adjusted market total return,"Oct 06, 2026 09:22:40 PM EDT",User ETF allowlist,,,,,,,,,,,
FYX,FYX,First Trust Small Cap Core AlphaDEX® Fund,ETF / Fund,ETF,,136.22999572753906,,Not Rated,Nasdaq ETF Screener — no stock-style analyst consensus,—,,,,—,,-0.6780460117669307,-4.028608775479048,-3.1586150896279475,12.644836901304911,21.441125401863648,12.681417651828308,12.221171847102983,18.296254410576477,-18.410055872414,27.42689191874992,19.475507355378998,21.32534404309745,-10.634916154653718,14.33939680684566,23.084965636451173,-9.099724303895162,1.2921779719773818,43.18695776828336,15.425807057906592,-0.3659818379566859,27.338118180125058,36.83711674364032,-34.644373966399385,,,,,,,,,False,True,False,False,False,Long technical: price above 200-day average; 50-day average above 200-day average; 6-month return positive; 1-year annualized return positive; 3-year annualized return positive; 5-year annualized return positive,"Oct 06, 2026 09:22:40 PM EDT",1,6,Adjusted market total return,"Oct 06, 2026 09:22:40 PM EDT",User ETF allowlist,,,,,,,,,,,
GLOF,GLOF,iShares Global Equity Factor ETF,ETF / Fund,ETF,,61.4900016784668,,Not Rated,Nasdaq ETF Screener — no stock-style analyst consensus,—,,,,—,,0.6547741445077859,-0.3338911272920297,4.521502234609764,17.323011620842642,17.38969014715117,23.9182525485502,17.492766580456575,22.37854062612181,-16.967246417753714,18.673509142302525,10.006660079259875,23.203679513169128,-13.701409106197191,29.860764303365617,5.003287759450825,,,,,,,,,,,,,,,,,False,True,False,False,False,Long technical: price above 200-day average; 50-day average above 200-day average; 6-month return positive; 1-year annualized return positive; 3-year annualized return positive; 5-year annualized return positive,"Oct 06, 2026 09:22:40 PM EDT",4,6,Adjusted market total return,"Oct 06, 2026 09:22:40 PM EDT",User ETF allowlist,,,,,,,,,,,
GNR,GNR,State Street® SPDR® S&P® Global Natural Resources ETF,ETF / Fund,ETF,,75.08999633789062,,Not Rated,Nasdaq ETF Screener — no stock-style analyst consensus,—,,,,—,,0.4145460867265749,-4.708130165211244,10.507725843000417,1.3329308375851443,22.27137729652584,28.68017220941819,-8.273372143416502,2.9495639004875063,10.202148267238776,24.734805544125127,-0.0299660478143559,16.489450877240365,-13.19301185772741,22.643099316029968,30.856945910323557,-24.12793660386535,-10.366499123054751,0.061855407943856,7.314378105058616,-15.728041358774902,,,,,,,,,,,,False,True,False,False,False,Long technical: price above 200-day average; 50-day average above 200-day average; 6-month return positive; 1-year annualized return positive; 3-year annualized return positive; 5-year annualized return positive,"Oct 06, 2026 09:22:40 PM EDT",2,6,Adjusted market total return,"Oct 06, 2026 09:22:40 PM EDT",User ETF allowlist,,,,,,,,,,,
GRID,GRID,First Trust NASDAQ® Clean Edge® Smart Grid Infrastructure Index Fund,ETF / Fund,ETF,,184.30999755859372,,Not Rated,Nasdaq ETF Screener — no stock-style analyst consensus,—,,,,—,,1.2080593821694352,3.175028905210042,1.2628111212420023,11.235228267720275,21.24450336784154,29.65343138400023,15.184572718640332,21.570584013257488,-13.886539052296364,27.6478440195276,48.84110928753933,42.78257822900176,-22.68560636481289,27.43755407631752,22.689230881259647,-5.515122469774969,0.5234567267626167,25.20197772364421,18.35270116312,-20.83540404500116,-0.6989102062440633,,,,,,,,,,,True,True,False,True,False,Short technical: price above 20-day average; MACD above signal line; RSI in bullish 50-70 zone; 1-month momentum positive; 3-month momentum positive | Long technical: price above 200-day average; 50-day average above 200-day average; 6-month return positive; 1-year annualized return positive; 3-year annualized return positive; 5-year annualized return positive,"Oct 06, 2026 09:22:40 PM EDT",5,6,Adjusted market total return,"Oct 06, 2026 09:22:40 PM EDT",User ETF allowlist,,,,,,,,,,,
GSGO,GSGO,Goldman Sachs Growth Opportunities ETF,ETF / Fund,ETF,,46.527000427246094,,Not Rated,Nasdaq ETF Screener — no stock-style analyst consensus,—,,,,—,,0.8147157000441663,5.060292563493651,5.779242427238462,24.66708151581298,15.851202012924626,,,,,,,,,,,,,,,,,,,,,,,,,,,True,False,False,False,False,Short technical: price above 20-day average; 20-day average above 50-day average; MACD above signal line; RSI in bullish 50-70 zone; 1-month momentum positive; 3-month momentum positive,"Oct 06, 2026 09:22:40 PM EDT",6,3,Adjusted market total return,"Oct 06, 2026 09:22:40 PM EDT",User ETF allowlist,,,,,,,,,,,
GUNR,GUNR,Northern Trust Morningstar Global Upstream Natural Resources ETF,ETF / Fund,ETF,,53.75,,Not Rated,Nasdaq ETF Screener — no stock-style analyst consensus,—,,,,—,,0.5612707816246676,-4.714850691593398,8.292447034059514,-2.2086993215106654,19.2437922772976,30.02681673179197,-8.369968097506286,-2.4022440048211746,14.832821801646244,26.05673282317045,0.4614039304339234,18.412831987411412,-9.413211988537151,18.74036347702428,31.27846066286388,-24.04361901194374,-8.287933647324387,-1.7102200578166915,9.069711526219049,,,,,,,,,,,,,False,True,False,False,False,Long technical: price above 200-day average; 50-day average above 200-day average; 1-year annualized return positive; 3-year annualized return positive; 5-year annualized return positive,"Oct 06, 2026 09:22:40 PM EDT",2,5,Adjusted market total return,"Oct 06, 2026 09:22:40 PM EDT",User ETF allowlist,,,,,,,,,,,
GUSE,GUSE,Goldman Sachs Enhanced U.S. Equity ETF,ETF / Fund,ETF,,46.760398864746094,,Not Rated,Nasdaq ETF Screener — no stock-style analyst consensus,—,,,,—,,0.6205860344255187,1.981151642199186,3.981315533562202,18.35379331579745,15.566202323003653,,,,,,,,,,,,,,,,,,,,,,,,,,,True,False,False,False,False,Short technical: price above 20-day average; 20-day average above 50-day average; MACD above signal line; RSI in bullish 50-70 zone; 1-month momentum positive; 3-month momentum positive,"Oct 06, 2026 09:22:40 PM EDT",6,3,Adjusted market total return,"Oct 06, 2026 09:22:40 PM EDT",User ETF allowlist,,,,,,,,,,,
GVAL,GVAL,Cambria Global Value ETF,ETF / Fund,ETF,,38.95000076293945,,Not Rated,Nasdaq ETF Screener — no stock-style analyst consensus,—,,,,—,,2.392218258440315,-0.3614717311482551,8.668955731687689,17.25902490602231,26.07563642488062,55.86649324894937,2.593318986666437,13.299644939677323,-7.982783434624096,10.702140845192387,-8.514420635816599,17.238133204150973,-15.866600191385473,26.782193305439115,13.99550934463476,-9.844834535296364,,,,,,,,,,,,,,,,False,True,False,False,False,Long technical: price above 200-day average; 50-day average above 200-day average; 6-month return positive; 1-year annualized return positive; 3-year annualized return positive; 5-year annualized return positive,"Oct 06, 2026 09:22:40 PM EDT",4,6,Adjusted market total return,"Oct 06, 2026 09:22:40 PM EDT",User ETF allowlist,,,,,,,,,,,
GVLE,GVLE,Goldman Sachs Value Opportunities ETF,ETF / Fund,ETF,,47.76900100708008,,Not Rated,Nasdaq ETF Screener — no stock-style analyst consensus,—,,,,—,,0.3529322103293264,-1.986167622826096,1.1754994216226056,18.554095935761072,17.146922300744126,,,,,,,,,,,,,,,,,,,,,,,,,,,False,False,False,False,False,,"Oct 06, 2026 09:22:40 PM EDT",1,3,Adjusted market total return,"Oct 06, 2026 09:22:40 PM EDT",User ETF allowlist,,,,,,,,,,,
HAP,HAP,VanEck Natural Resources ETF,ETF / Fund,ETF,,74.44000244140625,,Not Rated,Nasdaq ETF Screener — no stock-style analyst consensus,—,,,,—,,0.5674220715858214,-4.429319521474651,7.884061509284423,2.056484713179118,23.7778569951552,34.90855895693501,-4.082040036702783,2.455806772125202,7.846855722635682,25.033305029161458,6.303139210650643,18.46806886270516,-10.678476627552346,17.117362135335988,25.30164832917501,-19.88491822410809,-7.249502867068824,6.813894585295599,8.837071702926513,-11.70679539001961,16.529016231474003,42.52360958530075,,,,,,,,,,False,True,False,False,False,Long technical: price above 200-day average; 50-day average above 200-day average; 6-month return positive; 1-year annualized return positive; 3-year annualized return positive; 5-year annualized return positive,"Oct 06, 2026 09:22:40 PM EDT",2,6,Adjusted market total return,"Oct 06, 2026 09:22:40 PM EDT",User ETF allowlist,,,,,,,,,,,
HAWX,HAWX,iShares Currency Hedged MSCI ACWI ex U.S. ETF,ETF / Fund,ETF,,46.06499862670898,,Not Rated,Nasdaq ETF Screener — no stock-style analyst consensus,—,,,,—,,0.5193422308807927,-0.4860710398968404,1.8686364068893235,12.79574330835711,17.9669821951439,26.24578969067892,14.885149861019142,17.048039607040778,-8.596607735907092,13.405177774723589,6.918132471736915,22.74989853101792,-9.767172098516976,19.205608828919814,7.1289332058160015,,,,,,,,,,,,,,,,,False,True,False,False,False,Long technical: price above 200-day average; 50-day average above 200-day average; 6-month return positive; 1-year annualized return positive; 3-year annualized return positive; 5-year annualized return positive,"Oct 06, 2026 09:22:40 PM EDT",4,6,Adjusted market total return,"Oct 06, 2026 09:22:40 PM EDT",User ETF allowlist,,,,,,,,,,,
HEDJ,HEDJ,WisdomTree Europe Hedged Equity Fund,ETF / Fund,ETF,,55.650001525878906,,Not Rated,Nasdaq ETF Screener — no stock-style analyst consensus,—,,,,—,,-0.0718209765063537,-2.6829586705662933,-2.0669221366217627,7.612069642128971,6.800813449174736,23.54941192815494,5.278889081137783,26.894317438887416,-10.0900128557201,23.54599987933261,-3.345729561062482,27.495620716909784,-9.272959343501777,13.507694668823024,9.679166159517273,5.776595199134293,4.651932072321952,20.41472720102968,18.650626567304677,-9.262805689719656,,,,,,,,,,,,False,True,False,False,False,Long technical: price above 200-day average; 50-day average above 200-day average; 6-month return positive; 1-year annualized return positive; 3-year annualized return positive; 5-year annualized return positive,"Oct 06, 2026 09:22:40 PM EDT",0,6,Adjusted market total return,"Oct 06, 2026 09:22:40 PM EDT",User ETF allowlist,,,,,,,,,,,
HEFA,HEFA,iShares Currency Hedged MSCI EAFE ETF,ETF / Fund,ETF,,46.59999847412109,,Not Rated,Nasdaq ETF Screener — no stock-style analyst consensus,—,,,,—,,0.1074097483996006,-1.5839493646655711,0.5393743435387233,9.745905273385302,14.36286886650171,24.575891659649702,13.709524485224778,20.3275586821984,-4.863007225846506,19.59381856051337,2.0950124140748594,24.80085509500856,-9.33130705144628,16.67018234115045,6.055154397171969,4.343473260770936,,,,,,,,,,,,,,,,False,True,False,False,False,Long technical: price above 200-day average; 50-day average above 200-day average; 6-month return positive; 1-year annualized return positive; 3-year annualized return positive; 5-year annualized return positive,"Oct 06, 2026 09:22:40 PM EDT",2,6,Adjusted market total return,"Oct 06, 2026 09:22:40 PM EDT",User ETF allowlist,,,,,,,,,,,
HEWJ,HEWJ,iShares Currency Hedged MSCI Japan ETF,ETF / Fund,ETF,,66.77999877929688,,Not Rated,Nasdaq ETF Screener — no stock-style analyst consensus,—,,,,—,,0.5571376250331328,2.4233158052276327,4.687251639530432,17.24041168545478,27.407171710474557,30.249411065233712,24.796387680978537,36.21209453871308,-4.396172283595234,12.79425865256063,10.289558466985005,20.78902542332175,-14.6777349555693,21.47149309466503,-1.018037653566195,8.873283143785082,,,,,,,,,,,,,,,,True,True,False,False,False,Short technical: price above 20-day average; 20-day average above 50-day average; MACD above signal line; RSI in bullish 50-70 zone; 1-month momentum positive; 3-month momentum positive | Long technical: price above 200-day average; 50-day average above 200-day average; 6-month return positive; 1-year annualized return positive; 3-year annualized return positive; 5-year annualized return positive,"Oct 06, 2026 09:22:40 PM EDT",6,6,Adjusted market total return,"Oct 06, 2026 09:22:40 PM EDT",User ETF allowlist,,,,,,,,,,,
HEZU,HEZU,iShares Currency Hedged MSCI Eurozone ETF,ETF / Fund,ETF,,48.40999984741211,,Not Rated,Nasdaq ETF Screener — no stock-style analyst consensus,—,,,,—,,-0.2472675353454967,-2.043703680604081,-1.2242368795541747,11.386539759556436,12.531968424981388,25.925184393693623,10.63193365862456,22.984763713315125,-9.53953953197293,23.50801429735643,0.5217228388370243,29.47823363746276,-10.2353059467152,14.259060127575784,6.684830467997904,7.563911984680671,,,,,,,,,,,,,,,,False,True,False,False,False,Long technical: price above 200-day average; 50-day average above 200-day average; 6-month return positive; 1-year annualized return positive; 3-year annualized return positive; 5-year annualized return positive,"Oct 06, 2026 09:22:40 PM EDT",0,6,Adjusted market total return,"Oct 06, 2026 09:22:40 PM EDT",User ETF allowlist,,,,,,,,,,,
HFXI,HFXI,NYLI FTSE International Equity Currency Neutral ETF,ETF / Fund,ETF,,37.5,,Not Rated,Nasdaq ETF Screener — no stock-style analyst consensus,—,,,,—,,0.1602600841128509,-1.9793482978753276,0.0274631879826126,10.65923655212908,16.964143679428002,30.09965487619435,7.574202255760221,19.55398878775572,-10.718394428404643,13.96275033442742,6.880306213797582,23.67114123833931,-12.68969600132781,22.672925728627536,2.8810101687484435,,,,,,,,,,,,,,,,,False,True,False,False,False,Long technical: price above 200-day average; 50-day average above 200-day average; 6-month return positive; 1-year annualized return positive; 3-year annualized return positive; 5-year annualized return positive,"Oct 06, 2026 09:22:40 PM EDT",1,6,Adjusted market total return,"Oct 06, 2026 09:22:40 PM EDT",User ETF allowlist,,,,,,,,,,,
HSCZ,HSCZ,iShares Currency Hedged MSCI EAFE Small-Cap ETF,ETF / Fund,ETF,,43.61000061035156,,Not Rated,Nasdaq ETF Screener — no stock-style analyst consensus,—,,,,—,,0.4098393052599292,-1.1335297961493571,1.3479011097107918,9.277932684541112,13.571879880309478,25.739790674769797,12.888559946267383,17.02580178513877,-11.461663503746744,17.750507233049518,6.405491535402375,27.69051602946655,-13.98616921300755,24.51532284740492,6.902820198244086,,,,,,,,,,,,,,,,,False,True,False,False,False,Long technical: price above 200-day average; 50-day average above 200-day average; 6-month return positive; 1-year annualized return positive; 3-year annualized return positive; 5-year annualized return positive,"Oct 06, 2026 09:22:40 PM EDT",3,6,Adjusted market total return,"Oct 06, 2026 09:22:40 PM EDT",User ETF allowlist,,,,,,,,,,,
HTUS,HTUS,Hull Tactical US ETF,ETF / Fund,ETF,,46.14500045776367,,Not Rated,Nasdaq ETF Screener — no stock-style analyst consensus,—,,,,—,,0.6434067469142546,0.6565715821540419,5.02298863448023,20.087966568534465,16.234255846263657,16.57129665431707,25.01692122191843,30.11125862106505,-11.047380541783404,24.29545737027827,13.214342242042676,20.273889503748265,-8.450327362291842,14.192727497707857,5.835679516512005,,,,,,,,,,,,,,,,,True,True,False,False,False,Short technical: price above 20-day average; 20-day average above 50-day average; MACD above signal line; RSI in bullish 50-70 zone; 1-month momentum positive; 3-month momentum positive | Long technical: price above 200-day average; 50-day average above 200-day average; 6-month return positive; 1-year annualized return positive; 3-year annualized return positive; 5-year annualized return positive,"Oct 06, 2026 09:22:40 PM EDT",6,6,Adjusted market total return,"Oct 06, 2026 09:22:40 PM EDT",User ETF allowlist,,,,,,,,,,,
HWO,HWO,Hotchkis & Wiley Opportunities Fund ETF Class,ETF / Fund,ETF,,26.22640037536621,,Not Rated,Nasdaq ETF Screener — no stock-style analyst consensus,—,,,,—,,0.2921635103267705,-3.9325966728852246,,,4.570974701545194,,,,,,,,,,,,,,,,,,,,,,,,,,,False,False,False,False,False,,"Oct 06, 2026 09:22:40 PM EDT",0,0,Adjusted market total return,"Oct 06, 2026 09:22:40 PM EDT",User ETF allowlist,,,,,,,,,,,
IAK,IAK,iShares U.S. Insurance ETF,ETF / Fund,ETF,,138.42999267578125,,Not Rated,Nasdaq ETF Screener — no stock-style analyst consensus,—,,,,—,,0.2752550638343454,-4.565486553441723,-6.1261808279097,7.84066848712186,3.902570481545964,9.499771567152182,28.253703707277975,11.273721656766234,11.334441288709971,26.8423602714299,-2.8646500964073507,25.94011522629165,-11.478398112776722,14.178578752976144,18.17465198297024,3.979375679322139,7.309963931376906,45.44337066015234,17.525883571188405,-7.411378067744978,20.02582739188841,14.020603719781375,-51.08227258140921,-7.426098679385007,,,,,,,,False,True,False,False,False,Long technical: price above 200-day average; 50-day average above 200-day average; 6-month return positive; 1-year annualized return positive; 3-year annualized return positive; 5-year annualized return positive,"Oct 06, 2026 09:22:40 PM EDT",0,6,Adjusted market total return,"Oct 06, 2026 09:22:40 PM EDT",User ETF allowlist,,,,,,,,,,,
IDEQ,IDEQ,Lazard International Dynamic Equity ETF,ETF / Fund,ETF,,35.31999969482422,,Not Rated,Nasdaq ETF Screener — no stock-style analyst consensus,—,,,,—,,0.6267841318150724,-2.6997233135911403,1.874824229039418,11.152600090060847,17.305358207994615,,,,,,,,,,,,,,,,,,,,,,,,,,,False,True,False,False,False,Long technical: price above 200-day average; 50-day average above 200-day average; 6-month return positive; 1-year annualized return positive,"Oct 06, 2026 09:22:40 PM EDT",2,4,Adjusted market total return,"Oct 06, 2026 09:22:40 PM EDT",User ETF allowlist,,,,,,,,,,,
IDMO,IDMO,Invesco S&P International Developed Momentum ETF,ETF / Fund,ETF,,61.58000183105469,,Not Rated,Nasdaq ETF Screener — no stock-style analyst consensus,—,,,,—,,0.0975314903195023,-2.4154415320630678,3.2807915578457525,11.00649783111085,12.95193939279866,42.167310932896186,12.806455547639462,20.155522794486245,-12.031803310421264,13.783457260108031,21.591819829352232,25.185609960195656,-16.65994984123582,29.22033238371298,-1.514133100000392,-11.79083899104133,-7.329866057132762,19.81225341776922,,,,,,,,,,,,,,False,True,False,False,False,Long technical: price above 200-day average; 50-day average above 200-day average; 6-month return positive; 1-year annualized return positive; 3-year annualized return positive; 5-year annualized return positive,"Oct 06, 2026 09:22:40 PM EDT",1,6,Adjusted market total return,"Oct 06, 2026 09:22:40 PM EDT",User ETF allowlist,,,,,,,,,,,
IDOG,IDOG,ALPS International Sector Dividend Dogs ETF,ETF / Fund,ETF,,41.7599983215332,,Not Rated,Nasdaq ETF Screener — no stock-style analyst consensus,—,,,,—,,0.5054129683000008,-5.223098755777167,1.2700368293936617,0.9834023751797316,12.166695697613662,39.94162992846986,1.3593601711481051,23.555751727387552,-4.509590470668212,11.34512551853495,-1.7838363911849895,21.92943977763,-13.47261443936788,25.61347523524733,3.891540656601356,-6.235974259695098,-7.655893070533581,,,,,,,,,,,,,,,False,True,False,False,False,Long technical: price above 200-day average; 50-day average above 200-day average; 6-month return positive; 1-year annualized return positive; 3-year annualized return positive; 5-year annualized return positive,"Oct 06, 2026 09:22:40 PM EDT",1,6,Adjusted market total return,"Oct 06, 2026 09:22:40 PM EDT",User ETF allowlist,,,,,,,,,,,
IGM,IGM,iShares Expanded Tech Sector ETF,ETF / Fund,ETF,,174.19000244140625,,Not Rated,Nasdaq ETF Screener — no stock-style analyst consensus,—,,,,—,,0.5715967151315393,7.731097020702426,11.231591181383727,41.96487836337881,35.00804557273527,26.763560031344657,36.99399908032039,60.97739868444903,-35.91378146122063,25.721379623379725,45.106777358729765,41.806715895151214,2.257142733033945,37.20009181804341,12.933066169160613,9.493056642643548,14.820407099577748,33.96641051045543,14.600230669294012,-1.118515648631957,11.973929618832967,62.42541660158763,-43.46222802313601,16.113158651820815,8.69747825724545,1.527274950917712,2.7251643276683613,52.62978970200025,-40.73776968334917,,,True,True,False,False,False,Short technical: price above 20-day average; 20-day average above 50-day average; MACD above signal line; 1-month momentum positive; 3-month momentum positive | Long technical: price above 200-day average; 50-day average above 200-day average; 6-month return positive; 1-year annualized return positive; 3-year annualized return positive; 5-year annualized return positive,"Oct 06, 2026 09:22:40 PM EDT",5,6,Adjusted market total return,"Oct 06, 2026 09:22:40 PM EDT",User ETF allowlist,,,,,,,,,,,
ILCG,ILCG,iShares Morningstar Growth ETF,ETF / Fund,ETF,,120.55999755859376,,Not Rated,Nasdaq ETF Screener — no stock-style analyst consensus,—,,,,—,,0.6091927867682534,4.354804380143484,5.772165645137628,23.75184380147912,16.22754385754579,16.70480064022155,32.81899022508292,40.410251197316384,-31.751947109249635,24.33662239926917,38.55582407778613,33.21949687545251,2.0654669133736148,30.569275552156476,1.5823957276647649,7.357344963984014,14.543672948046616,31.743074869361145,17.45808032861722,1.5843101102252175,12.560331616167208,43.94624242140337,-41.95082945156906,12.043457047076457,5.300260766291198,3.150555026842339,,,,,,True,True,False,False,False,Short technical: price above 20-day average; 20-day average above 50-day average; MACD above signal line; RSI in bullish 50-70 zone; 1-month momentum positive; 3-month momentum positive | Long technical: price above 200-day average; 50-day average above 200-day average; 6-month return positive; 1-year annualized return positive; 3-year annualized return positive; 5-year annualized return positive,"Oct 06, 2026 09:22:40 PM EDT",6,6,Adjusted market total return,"Oct 06, 2026 09:22:40 PM EDT",User ETF allowlist,,,,,,,,,,,
ILCV,ILCV,iShares Morningstar Value ETF,ETF / Fund,ETF,,106.91000366210938,,Not Rated,Nasdaq ETF Screener — no stock-style analyst consensus,—,,,,—,,0.5833123917975858,-1.135143635782665,3.3089682401537424,14.985084581427088,14.613707637512396,18.78768647341371,17.026986340370986,14.43469834018989,-7.022210705215248,26.71425456253997,-0.8365636020916889,25.193950329304005,-6.238248703777494,14.9985471713755,18.530132106955687,-2.277941226104896,9.902344831621622,28.12120791235051,12.69821228464494,1.893628297429384,14.541909662060329,11.017249314495436,-36.045835013610336,-0.6637943125587964,25.276388681988493,6.706352368525037,,,,,,False,True,False,False,False,Long technical: price above 200-day average; 50-day average above 200-day average; 6-month return positive; 1-year annualized return positive; 3-year annualized return positive; 5-year annualized return positive,"Oct 06, 2026 09:22:40 PM EDT",3,6,Adjusted market total return,"Oct 06, 2026 09:22:40 PM EDT",User ETF allowlist,,,,,,,,,,,
IMCV,IMCV,iShares Morningstar Mid-Cap Value ETF,ETF / Fund,ETF,,93.5500030517578,,Not Rated,Nasdaq ETF Screener — no stock-style analyst consensus,—,,,,—,,0.56977685209465,-3.581504027402138,0.4659762453057769,10.587728750677773,15.226527635631992,13.52183763208037,12.283480082087062,11.890869962662398,-6.982213193218245,33.55417509221974,-4.112712088121917,24.714401268321097,-10.927581659378738,12.596546766641216,24.367975108233097,-2.42749204530247,11.1188427908149,41.761125173059945,16.910822461366195,-2.6680942602701485,20.46956465658181,35.41972476820432,-35.65456809498906,-6.220508559352645,18.385717813836575,11.298584226980047,,,,,,False,True,False,False,False,Long technical: price above 200-day average; 50-day average above 200-day average; 6-month return positive; 1-year annualized return positive; 3-year annualized return positive; 5-year annualized return positive,"Oct 06, 2026 09:22:40 PM EDT",1,6,Adjusted market total return,"Oct 06, 2026 09:22:40 PM EDT",User ETF allowlist,,,,,,,,,,,
INEQ,INEQ,Columbia International Equity Income ETF,ETF / Fund,ETF,,39.47499847412109,,Not Rated,Nasdaq ETF Screener — no stock-style analyst consensus,—,,,,—,,0.1928988476319837,-6.338412456648812,0.8360081618812076,2.714218856470452,8.6142883457895,39.84660550986596,6.01619025010538,20.87941368282824,-5.9594470815618745,10.178010795697112,-0.5168399047871364,15.834125868377535,-16.266184754393432,24.886329567981317,,,,,,,,,,,,,,,,,,False,True,False,False,False,Long technical: price above 200-day average; 50-day average above 200-day average; 6-month return positive; 1-year annualized return positive; 3-year annualized return positive; 5-year annualized return positive,"Oct 06, 2026 09:22:40 PM EDT",1,6,Adjusted market total return,"Oct 06, 2026 09:22:40 PM EDT",User ETF allowlist,,,,,,,,,,,
IOO,IOO,iShares Global 100 ETF,ETF / Fund,ETF,,146.33999633789062,,Not Rated,Nasdaq ETF Screener — no stock-style analyst consensus,—,,,,—,,0.4599424571751997,0.8963066133029773,5.691166576575246,19.920991629696736,16.134113450851473,27.02078868284508,26.541303341429234,27.70728066146073,-16.339252767024103,26.02743262251685,18.608521349845788,30.01095801502114,-6.223718389706323,23.56029333226568,8.379890323705762,-1.7723332092866029,2.075077777331824,23.9632989704053,13.681525837413266,-4.153660328001585,5.849192652706292,24.013366346962272,-36.10446762039891,11.104030154201627,19.900725127597376,4.285726584677008,9.232010098672896,31.07106695493338,-23.98921702211013,-14.447054573422555,,True,True,False,False,False,Short technical: price above 20-day average; 20-day average above 50-day average; MACD above signal line; RSI in bullish 50-70 zone; 1-month momentum positive; 3-month momentum positive | Long technical: price above 200-day average; 50-day average above 200-day average; 6-month return positive; 1-year annualized return positive; 3-year annualized return positive; 5-year annualized return positive,"Oct 06, 2026 09:22:40 PM EDT",6,6,Adjusted market total return,"Oct 06, 2026 09:22:40 PM EDT",User ETF allowlist,,,,,,,,,,,
IPKW,IPKW,Invesco International BuyBack Achievers™ ETF,ETF / Fund,ETF,,59.18899917602539,,Not Rated,Nasdaq ETF Screener — no stock-style analyst consensus,—,,,,—,,0.4565529793615352,-4.172943540497753,2.436842994100319,5.862405163473605,8.917333955556007,45.49689201518403,10.55605645984934,15.11883769061566,-12.805573299736006,11.404705099495494,16.176611456760813,20.25487435157709,-21.58891081592983,34.20697282940017,11.988539309795264,6.760882734919727,,,,,,,,,,,,,,,,False,True,False,False,False,Long technical: price above 200-day average; 50-day average above 200-day average; 6-month return positive; 1-year annualized return positive; 3-year annualized return positive; 5-year annualized return positive,"Oct 06, 2026 09:22:40 PM EDT",1,6,Adjusted market total return,"Oct 06, 2026 09:22:40 PM EDT",User ETF allowlist,,,,,,,,,,,
IQDY,IQDY,Northern Trust International Quality Dividend Dynamic ETF,ETF / Fund,ETF,,42.4900016784668,,Not Rated,Nasdaq ETF Screener — no stock-style analyst consensus,—,,,,—,,0.4491783565796936,-2.8766341747844093,2.0868951704924976,13.62849370541852,19.201292941123207,37.4282977272866,5.989115022100355,23.457239519886382,-15.781856195591171,11.981293535588922,9.559105855675366,27.26911075347498,-20.036713911654505,24.06052845662654,10.420681705518865,-6.233341014223159,-7.298249033952775,,,,,,,,,,,,,,,False,True,False,False,False,Long technical: price above 200-day average; 50-day average above 200-day average; 6-month return positive; 1-year annualized return positive; 3-year annualized return positive; 5-year annualized return positive,"Oct 06, 2026 09:22:40 PM EDT",1,6,Adjusted market total return,"Oct 06, 2026 09:22:40 PM EDT",User ETF allowlist,,,,,,,,,,,
ITA,ITA,iShares U.S. Aerospace & Defense ETF,ETF / Fund,ETF,,208.25999450683597,,Not Rated,Nasdaq ETF Screener — no stock-style analyst consensus,—,,,,—,,0.6184166613771858,-7.583256666556293,-14.935572479005677,-6.56167355492131,-2.7513161162022737,48.6431999328945,15.81354406128035,14.334501646867691,9.960037837139302,9.393925974848097,-13.574826782464324,30.509130068331736,-7.217095191348488,35.243645881310506,20.249532360106404,4.138834836501326,9.893159902487447,56.962472024779046,13.886917739500149,5.149246921470052,16.59102064211615,25.32834525453032,-38.6455796394676,27.61827369559091,,,,,,,,False,False,False,False,False,,"Oct 06, 2026 09:22:40 PM EDT",1,2,Adjusted market total return,"Oct 06, 2026 09:22:40 PM EDT",User ETF allowlist,,,,,,,,,,,
IUSG,IUSG,iShares Core S&P U.S. Growth ETF,ETF / Fund,ETF,,199.1000061035156,,Not Rated,Nasdaq ETF Screener — no stock-style analyst consensus,—,,,,—,,0.5809594205622215,3.881428750217753,7.038307392344945,25.83603668626249,18.988823462949167,21.23218401072105,34.70103528480421,29.278784673073343,-28.813409383410825,31.2630112449537,32.646793287643014,30.61668504661661,-0.7927547045194716,27.02036847077256,7.363954913623738,4.976845818995113,12.401268185573633,33.970802131480404,14.959383921466006,1.8835914228792827,17.439256912349975,36.798078735923,-38.62570827676806,11.217282822539376,9.341494798312322,5.054413067249697,6.406787296697125,30.562361176923368,-28.02118951133325,-20.737337920579733,,True,True,False,False,False,Short technical: price above 20-day average; 20-day average above 50-day average; MACD above signal line; RSI in bullish 50-70 zone; 1-month momentum positive; 3-month momentum positive | Long technical: price above 200-day average; 50-day average above 200-day average; 6-month return positive; 1-year annualized return positive; 3-year annualized return positive; 5-year annualized return positive,"Oct 06, 2026 09:22:40 PM EDT",6,6,Adjusted market total return,"Oct 06, 2026 09:22:40 PM EDT",User ETF allowlist,,,,,,,,,,,
IVLU,IVLU,iShares Edge MSCI Intl Value Factor ETF,ETF / Fund,ETF,,42.7400016784668,,Not Rated,Nasdaq ETF Screener — no stock-style analyst consensus,—,,,,—,,0.2815644054187327,-4.937716750916388,0.8494587099536766,8.053010232310353,14.215306393529412,46.08491073913687,6.763923072520184,20.0689881819224,-5.730498013574925,15.356518542115529,-4.49582022429138,15.598008517636908,-15.104428579642317,23.095994608126325,3.01000728750358,,,,,,,,,,,,,,,,,False,True,False,False,False,Long technical: price above 200-day average; 50-day average above 200-day average; 6-month return positive; 1-year annualized return positive; 3-year annualized return positive; 5-year annualized return positive,"Oct 06, 2026 09:22:40 PM EDT",1,6,Adjusted market total return,"Oct 06, 2026 09:22:40 PM EDT",User ETF allowlist,,,,,,,,,,,
IVV,IVV,iShares Core S&P 500 ETF,ETF / Fund,ETF,,782.5399780273438,,Not Rated,Nasdaq ETF Screener — no stock-style analyst consensus,—,,,,—,,0.5512339257749854,1.4060339158127544,4.489735077586943,18.800310187762932,15.193204669781467,17.846474615938778,24.9337422132095,26.305863699131947,-18.16132537518984,28.75821141739683,18.397459695162578,31.25173730047035,-4.489727231915852,21.753954925049413,11.540407510670647,1.283943788225872,13.568273540724674,32.30640197058487,16.05733629154342,1.8785095739781263,15.09528535077418,26.610566127540224,-37.01000389781283,5.288484792288162,15.94177012897735,4.870822590943069,10.786988693026236,28.456726401147115,-21.528332866334445,-11.95553423739587,,True,True,False,False,False,Short technical: price above 20-day average; 20-day average above 50-day average; MACD above signal line; RSI in bullish 50-70 zone; 1-month momentum positive; 3-month momentum positive | Long technical: price above 200-day average; 50-day average above 200-day average; 6-month return positive; 1-year annualized return positive; 3-year annualized return positive; 5-year annualized return positive,"Oct 06, 2026 09:22:40 PM EDT",6,6,Adjusted market total return,"Oct 06, 2026 09:22:40 PM EDT",User ETF allowlist,,,,,,,,,,,
IVW,IVW,iShares S&P 500 Growth ETF,ETF / Fund,ETF,,146.1199951171875,,Not Rated,Nasdaq ETF Screener — no stock-style analyst consensus,—,,,,—,,0.605886526260746,4.059293929157337,7.4932618307054,26.49439946327736,18.868344345212872,21.946954309130785,35.81632239785677,29.83387119624177,-29.515497094177256,31.801473904396023,33.188716430238884,30.76896582105397,-0.2078570190236939,27.213865406786564,6.813735771210538,5.360549907417811,14.640738497451244,32.50380278632377,14.375748375709383,4.4188189500330655,14.923841370836822,31.13802590931549,-34.78402852668666,8.8386798613177,10.884585374775902,3.98850783118021,5.670402427305143,25.309373738010898,-23.53545416941396,-12.487684196062164,,True,True,False,False,False,Short technical: price above 20-day average; 20-day average above 50-day average; MACD above signal line; RSI in bullish 50-70 zone; 1-month momentum positive; 3-month momentum positive | Long technical: price above 200-day average; 50-day average above 200-day average; 6-month return positive; 1-year annualized return positive; 3-year annualized return positive; 5-year annualized return positive,"Oct 06, 2026 09:22:40 PM EDT",6,6,Adjusted market total return,"Oct 06, 2026 09:22:40 PM EDT",User ETF allowlist,,,,,,,,,,,
IWB,IWB,iShares Russell 1000 ETF,ETF / Fund,ETF,,425.6600036621094,,Not Rated,Nasdaq ETF Screener — no stock-style analyst consensus,—,,,,—,,0.5504020890913175,1.2317252703450745,4.144818361051339,18.279507979229727,14.76878347793502,17.17978736472139,24.3203621762315,26.39262496646053,-19.193874414178545,26.31788369711845,20.7741006928196,31.055636348171056,-4.900080739897295,21.52287552995196,12.029822969200543,0.7819941409526576,13.087074909172337,32.781025501298934,16.50361246151506,1.2372950816194717,16.055166738727866,28.31571112373004,-37.40600059237965,5.311377773761339,15.41680442080018,6.33822553775687,10.977247908992773,30.07515741234499,-22.30602961308772,-12.139747514458788,,True,True,False,False,False,Short technical: price above 20-day average; 20-day average above 50-day average; MACD above signal line; RSI in bullish 50-70 zone; 1-month momentum positive; 3-month momentum positive | Long technical: price above 200-day average; 50-day average above 200-day average; 6-month return positive; 1-year annualized return positive; 3-year annualized return positive; 5-year annualized return positive,"Oct 06, 2026 09:22:40 PM EDT",6,6,Adjusted market total return,"Oct 06, 2026 09:22:40 PM EDT",User ETF allowlist,,,,,,,,,,,
IWL,IWL,iShares Russell Top 200 ETF,ETF / Fund,ETF,,194.42999267578125,,Not Rated,Nasdaq ETF Screener — no stock-style analyst consensus,—,,,,—,,0.6001906026167569,1.9402805009681945,5.22672466752061,19.918890624311803,14.686165644042015,19.08843796994295,27.124515350551025,29.7750120267025,-19.893651424792136,27.78814040163136,22.09885632218711,31.424109802477183,-3.303976682454324,22.89208724476965,10.08554189261437,1.724119603948604,14.388302726002845,31.846795955879134,15.532710801243542,3.029414872015224,11.28642513988758,,,,,,,,,,,True,True,False,False,False,Short technical: price above 20-day average; 20-day average above 50-day average; MACD above signal line; RSI in bullish 50-70 zone; 1-month momentum positive; 3-month momentum positive | Long technical: price above 200-day average; 50-day average above 200-day average; 6-month return positive; 1-year annualized return positive; 3-year annualized return positive; 5-year annualized return positive,"Oct 06, 2026 09:22:40 PM EDT",6,6,Adjusted market total return,"Oct 06, 2026 09:22:40 PM EDT",User ETF allowlist,,,,,,,,,,,
IWX,IWX,iShares Russell Top 200 Value ETF,ETF / Fund,ETF,,110.8499984741211,,Not Rated,Nasdaq ETF Screener — no stock-style analyst consensus,—,,,,—,,0.6720532736968821,-1.4687862409641927,2.8777790405019266,19.061891679829237,22.0085514046199,18.23028075247912,14.88573536429909,10.454538124438104,-5.327980011636346,23.327638210912728,1.4565675752796547,25.81687310159557,-6.526903427499898,14.044168975630654,15.362057039698772,-3.69534183407465,13.170739748422422,31.786985247251543,16.362830634853843,1.1715474963440942,10.625079707103314,,,,,,,,,,,False,True,False,False,False,Long technical: price above 200-day average; 50-day average above 200-day average; 6-month return positive; 1-year annualized return positive; 3-year annualized return positive; 5-year annualized return positive,"Oct 06, 2026 09:22:40 PM EDT",2,6,Adjusted market total return,"Oct 06, 2026 09:22:40 PM EDT",User ETF allowlist,,,,,,,,,,,
IXC,IXC,iShares Global Energy ETF,ETF / Fund,ETF,,58.59999847412109,,Not Rated,Nasdaq ETF Screener — no stock-style analyst consensus,—,,,,—,,0.3424605188641294,0.3252844156913737,15.718797749629898,4.072126216814542,41.65028779328787,13.979140257944266,1.9512047723499792,3.92415711193832,48.50745410942825,40.8766761959499,-30.996096290117205,12.676230586853542,-14.854694349368213,5.5361951786422114,27.90297643726265,-22.04444385297991,-11.662344091421584,16.07208275808589,2.8107837055382223,0.0435769970964727,11.749669869278945,24.713123941227376,-36.77957987638846,29.806228200978467,20.99033371915089,29.470015655551496,26.49178392306255,30.691972899431576,-5.786500094711899,,,True,True,False,True,False,Short technical: price above 20-day average; 20-day average above 50-day average; RSI in bullish 50-70 zone; 1-month momentum positive; 3-month momentum positive | Long technical: price above 200-day average; 50-day average above 200-day average; 6-month return positive; 1-year annualized return positive; 3-year annualized return positive; 5-year annualized return positive,"Oct 06, 2026 09:22:40 PM EDT",5,6,Adjusted market total return,"Oct 06, 2026 09:22:40 PM EDT",User ETF allowlist,,,,,,,,,,,
IXG,IXG,iShares Global Financials ETF,ETF / Fund,ETF,,127.70999908447266,,Not Rated,Nasdaq ETF Screener — no stock-style analyst consensus,—,,,,—,,0.54322347633593,-6.233478747430398,-1.1914900700405018,11.93554373065986,7.237202083114314,28.53484316942392,25.693188132900268,14.971631844541156,-8.966073893400473,25.07433119537785,-2.985904684941265,24.60537174160877,-16.331078737545123,23.781981000429408,11.74310966692329,-3.6464874944410086,2.85107659114332,26.0713554542954,31.255449806991063,-20.06871869943181,3.8802089483246593,31.754838965265098,-54.09222084446076,-8.783735628202493,24.81859700919793,11.598165663343352,16.312029821494377,39.61545702728093,-16.974707462310167,,,False,True,False,False,False,Long technical: price above 200-day average; 50-day average above 200-day average; 6-month return positive; 1-year annualized return positive; 3-year annualized return positive; 5-year annualized return positive,"Oct 06, 2026 09:22:40 PM EDT",0,6,Adjusted market total return,"Oct 06, 2026 09:22:40 PM EDT",User ETF allowlist,,,,,,,,,,,
IXN,IXN,iShares Global Tech ETF,ETF / Fund,ETF,,152.94000244140625,,Not Rated,Nasdaq ETF Screener — no stock-style analyst consensus,—,,,,—,,0.0523366680199144,7.01091827654261,12.571766343532095,48.64867249792759,45.83143218969843,25.25198259352408,24.83991995969548,52.98477125559267,-29.86434824637071,29.584502601504717,43.62296004923812,47.88187539985096,-5.439261033213338,41.227377686221885,13.92108649091648,3.937063972027554,15.263998018730064,25.1577430821063,15.915885273916142,-3.451646715862433,10.438979875802335,52.45104024449354,-42.87556637572428,12.532975269983291,9.804811114506307,3.427170461794038,2.837776934036107,47.18343497140924,-38.25743279444601,,,True,True,False,False,False,Short technical: price above 20-day average; 20-day average above 50-day average; MACD above signal line; RSI in bullish 50-70 zone; 1-month momentum positive; 3-month momentum positive | Long technical: price above 200-day average; 50-day average above 200-day average; 6-month return positive; 1-year annualized return positive; 3-year annualized return positive; 5-year annualized return positive,"Oct 06, 2026 09:22:40 PM EDT",6,6,Adjusted market total return,"Oct 06, 2026 09:22:40 PM EDT",User ETF allowlist,,,,,,,,,,,
IYF,IYF,iShares U.S. Financials ETF,ETF / Fund,ETF,,127.16000366210938,,Not Rated,Nasdaq ETF Screener — no stock-style analyst consensus,—,,,,—,,0.244387222481146,-7.582230005806634,-4.524697038298465,7.264760563191741,-0.2812829623797364,18.24754734109928,31.29519614725007,15.31620146918,-11.334956041291576,31.599173008335903,-0.9997345903070444,31.854480242413285,-9.38979104798424,19.58411794529837,16.941390010398514,-0.3882962534024314,14.175229069401365,33.98324794757588,25.917387386869216,-13.23971702597657,12.220883382912229,16.863883960587845,-50.28769564594039,-18.0629285779943,18.74104585113612,5.725499590689553,13.014209925037946,32.08573407821345,-13.86032703737312,-6.526112076766156,,False,True,False,False,True,Long technical: price above 200-day average; 50-day average above 200-day average; 6-month return positive; 1-year annualized return positive; 3-year annualized return positive; 5-year annualized return positive,"Oct 06, 2026 09:22:40 PM EDT",0,6,Adjusted market total return,"Oct 06, 2026 09:22:40 PM EDT",User ETF allowlist,,,,,,,,,,,
IYG,IYG,iShares U.S. Financial Services ETF,ETF / Fund,ETF,,90.95999908447266,,Not Rated,Nasdaq ETF Screener — no stock-style analyst consensus,—,,,,—,,0.2203580250494052,-6.893338001301208,-3.074488276316889,9.088146647561636,-0.5457330120047788,19.853017778598048,31.942179346182154,16.071280377057228,-16.758121024628693,30.36432369858253,0.9860552011370594,37.618799325807984,-12.5626424978012,24.46744339215268,19.8916563225926,-0.7165076533903192,10.969600203954965,42.851762292443695,32.974362879072004,-20.45045169885005,7.701997461210941,16.125804568477765,-52.34289969318553,-21.847667231866875,19.190089764976783,3.3539427867105065,11.877937042891284,34.394415902356414,-13.083979961197622,-5.972505630134728,,False,True,False,False,False,Long technical: price above 200-day average; 50-day average above 200-day average; 6-month return positive; 1-year annualized return positive; 3-year annualized return positive; 5-year annualized return positive,"Oct 06, 2026 09:22:40 PM EDT",0,6,Adjusted market total return,"Oct 06, 2026 09:22:40 PM EDT",User ETF allowlist,,,,,,,,,,,
IYW,IYW,iShares U.S. Technology ETF,ETF / Fund,ETF,,272.5899963378906,,Not Rated,Nasdaq ETF Screener — no stock-style analyst consensus,—,,,,—,,0.3534187821011558,7.632233509205255,12.069712801120811,45.60002764569144,36.63061212065404,25.38002602341953,30.24752064691245,65.75271255835176,-34.82605641960045,35.44180121353045,47.45271984307122,46.64452443597771,-0.9338956652197306,36.602374928561645,13.718249922695192,3.683891915169357,19.45852306240972,26.567148777072248,11.679048587285967,-0.1297356709632824,12.41169916705045,63.808352243453314,-43.14776065576233,14.958000612758472,9.954804966494146,2.767202682997527,1.3401722351186196,49.261548128870935,-38.90976583435196,-28.6504450351183,,True,True,False,False,False,Short technical: price above 20-day average; 20-day average above 50-day average; MACD above signal line; 1-month momentum positive; 3-month momentum positive | Long technical: price above 200-day average; 50-day average above 200-day average; 6-month return positive; 1-year annualized return positive; 3-year annualized return positive; 5-year annualized return positive,"Oct 06, 2026 09:22:40 PM EDT",5,6,Adjusted market total return,"Oct 06, 2026 09:22:40 PM EDT",User ETF allowlist,,,,,,,,,,,
JPEF,JPEF,Jpmorgan Equity Focus ETF,ETF / Fund,ETF,,82.4540023803711,,Not Rated,Nasdaq ETF Screener — no stock-style analyst consensus,—,,,,—,,0.4776948372215317,1.2712065714426846,2.572588202712245,13.823853674031492,10.399408583225034,12.072708355800833,28.191717814032646,,,,,,,,,,,,,,,,,,,,,,,,,True,True,False,False,False,Short technical: price above 20-day average; MACD above signal line; RSI in bullish 50-70 zone; 1-month momentum positive; 3-month momentum positive | Long technical: price above 200-day average; 50-day average above 200-day average; 6-month return positive; 1-year annualized return positive; 3-year annualized return positive,"Oct 06, 2026 09:22:40 PM EDT",5,5,Adjusted market total return,"Oct 06, 2026 09:22:40 PM EDT",User ETF allowlist,,,,,,,,,,,
JPUS,JPUS,JPMorgan Diversified Return U.S. Equity ETF,ETF / Fund,ETF,,137.8300018310547,,Not Rated,Nasdaq ETF Screener — no stock-style analyst consensus,—,,,,—,,0.4299011325236357,-3.463073410722528,-1.5212226211381408,5.466818998869183,12.799666926786449,11.177198248454069,13.475487923660468,10.978334910387645,-8.47212216083939,29.090808242180643,7.537682469792939,25.49926742165809,-6.140943324906867,20.58412164896504,11.110277463528684,,,,,,,,,,,,,,,,,False,True,False,False,False,Long technical: price above 200-day average; 50-day average above 200-day average; 6-month return positive; 1-year annualized return positive; 3-year annualized return positive; 5-year annualized return positive,"Oct 06, 2026 09:22:40 PM EDT",0,6,Adjusted market total return,"Oct 06, 2026 09:22:40 PM EDT",User ETF allowlist,,,,,,,,,,,
KBWP,KBWP,Invesco KBW Property & Casualty Insurance ETF,ETF / Fund,ETF,,124.6500015258789,,Not Rated,Nasdaq ETF Screener — no stock-style analyst consensus,—,,,,—,,0.3542407573057016,-6.022892551591818,-6.897843702631546,4.8962509026189815,-0.5816156136662087,11.493757452301034,30.45416351068826,7.084527751540537,10.156409050163774,20.60848547883729,-2.045422532518581,28.671879817001454,-2.758326080503215,8.868583404754137,18.414689453589173,14.610624519866278,11.719456725398716,34.17342939151284,24.26852023719972,-0.7354916017602187,,,,,,,,,,,,False,True,False,False,True,Long technical: price above 200-day average; 50-day average above 200-day average; 6-month return positive; 1-year annualized return positive; 3-year annualized return positive; 5-year annualized return positive,"Oct 06, 2026 09:22:40 PM EDT",0,6,Adjusted market total return,"Oct 06, 2026 09:22:40 PM EDT",User ETF allowlist,,,,,,,,,,,
KIE,KIE,State Street® SPDR® S&P® Insurance ETF,ETF / Fund,ETF,,59.77000045776367,,Not Rated,Nasdaq ETF Screener — no stock-style analyst consensus,—,,,,—,,0.3525840826572368,-6.184579368884324,-6.927415803194215,8.006206703777764,0.5462089695140282,8.12552394969639,26.951987649542563,12.18070489986356,3.484852451291576,22.750821183367663,-3.038644261130752,27.18695191139251,-5.992931515975397,12.830997509737374,21.416791374799125,5.968277407899181,7.692745211905838,45.63725966902818,20.717496878617997,-12.076797662597262,26.07067877037663,27.986529371880685,-46.59351888141112,-5.715514159902191,8.868240970631547,,,,,,,False,True,False,False,False,Long technical: price above 200-day average; 50-day average above 200-day average; 6-month return positive; 1-year annualized return positive; 3-year annualized return positive; 5-year annualized return positive,"Oct 06, 2026 09:22:40 PM EDT",0,6,Adjusted market total return,"Oct 06, 2026 09:22:40 PM EDT",User ETF allowlist,,,,,,,,,,,
KNCT,KNCT,Invesco Next Gen Connectivity ETF,ETF / Fund,ETF,,211.2400054931641,,Not Rated,Nasdaq ETF Screener — no stock-style analyst consensus,—,,,,—,,0.4183328010359366,6.960939679649325,7.9357311159396815,46.681640871675455,58.88328793862741,28.647369471673723,19.40906674753109,27.39910237353067,-29.537217181375365,21.50430515315549,39.14549175434188,26.353350088013627,5.782896679760263,15.41102721435279,17.223470993905,-0.9158409166499348,10.604609722356528,25.59830723399892,4.527420698717122,-8.201001564895227,46.45951167098301,63.12949920046553,-38.35921595108841,2.9093359916299466,12.156106404782086,,,,,,,True,True,False,False,False,Short technical: price above 20-day average; 20-day average above 50-day average; MACD above signal line; RSI in bullish 50-70 zone; 1-month momentum positive; 3-month momentum positive | Long technical: price above 200-day average; 50-day average above 200-day average; 6-month return positive; 1-year annualized return positive; 3-year annualized return positive; 5-year annualized return positive,"Oct 06, 2026 09:22:40 PM EDT",6,6,Adjusted market total return,"Oct 06, 2026 09:22:40 PM EDT",User ETF allowlist,,,,,,,,,,,
LCLG,LCLG,Logan Capital Broad Innovative Growth ETF,ETF / Fund,ETF,,72.05000305175781,,Not Rated,Nasdaq ETF Screener — no stock-style analyst consensus,—,,,,—,,0.7509160010207738,2.208739760714096,-0.9703580245282396,19.58308361462433,14.636204766286598,18.145418136282583,32.04525441285917,35.449833980271286,,,,,,,,,,,,,,,,,,,,,,,,False,True,False,False,False,Long technical: price above 200-day average; 50-day average above 200-day average; 6-month return positive; 1-year annualized return positive; 3-year annualized return positive,"Oct 06, 2026 09:22:40 PM EDT",4,5,Adjusted market total return,"Oct 06, 2026 09:22:40 PM EDT",User ETF allowlist,,,,,,,,,,,
LGDS,LGDS,JPMorgan Fundamental Data Science Large Growth ETF,ETF / Fund,ETF,,51.88999938964844,,Not Rated,Nasdaq ETF Screener — no stock-style analyst consensus,—,,,,—,,0.5230539778196208,4.63803030849661,5.703807757908397,,5.703807757908397,,,,,,,,,,,,,,,,,,,,,,,,,,,True,False,False,False,False,Short technical: price above 20-day average; 20-day average above 50-day average; MACD above signal line; 1-month momentum positive; 3-month momentum positive,"Oct 06, 2026 09:22:40 PM EDT",5,0,Adjusted market total return,"Oct 06, 2026 09:22:40 PM EDT",User ETF allowlist,,,,,,,,,,,
LRGF,LRGF,iShares U.S. Equity Factor ETF,ETF / Fund,ETF,,79.26000213623047,,Not Rated,Nasdaq ETF Screener — no stock-style analyst consensus,—,,,,—,,0.8782008961261356,0.8341987112073568,4.990659876397485,19.28641265252016,15.048948118504969,16.480873926430096,26.59219799264605,25.85426817075107,-14.76702205712015,25.014581734963137,11.111968137280993,26.11650441492441,-9.65853188602066,21.127494827649173,12.518778484164494,,,,,,,,,,,,,,,,,True,True,False,False,False,Short technical: price above 20-day average; 20-day average above 50-day average; MACD above signal line; RSI in bullish 50-70 zone; 1-month momentum positive; 3-month momentum positive | Long technical: price above 200-day average; 50-day average above 200-day average; 6-month return positive; 1-year annualized return positive; 3-year annualized return positive; 5-year annualized return positive,"Oct 06, 2026 09:22:40 PM EDT",6,6,Adjusted market total return,"Oct 06, 2026 09:22:40 PM EDT",User ETF allowlist,,,,,,,,,,,
LST,LST,Leuthold Select Industries ETF,ETF / Fund,ETF,,47.84000015258789,,Not Rated,Nasdaq ETF Screener — no stock-style analyst consensus,—,,,,—,,0.6310459219249998,-0.9113476342871408,3.1924062181868607,16.484052856267372,19.15317144322486,,,,,,,,,,,,,,,,,,,,,,,,,,,False,True,False,False,False,Long technical: price above 200-day average; 50-day average above 200-day average; 6-month return positive; 1-year annualized return positive,"Oct 06, 2026 09:22:40 PM EDT",4,4,Adjusted market total return,"Oct 06, 2026 09:22:40 PM EDT",User ETF allowlist,,,,,,,,,,,
LVDS,LVDS,JPMorgan Fundamental Data Science Large Value ETF,ETF / Fund,ETF,,58.900001525878906,,Not Rated,Nasdaq ETF Screener — no stock-style analyst consensus,—,,,,—,,0.2997113707654097,-2.144287514098986,1.2453076542152886,16.10073479745415,19.76547184174369,,,,,,,,,,,,,,,,,,,,,,,,,,,False,True,False,False,False,Long technical: price above 200-day average; 50-day average above 200-day average; 6-month return positive; 1-year annualized return positive,"Oct 06, 2026 09:22:40 PM EDT",1,4,Adjusted market total return,"Oct 06, 2026 09:22:40 PM EDT",User ETF allowlist,,,,,,,,,,,
LVHI,LVHI,Franklin International Low Volatility High Dividend Index ETF,ETF / Fund,ETF,,41.720001220703125,,Not Rated,Nasdaq ETF Screener — no stock-style analyst consensus,—,,,,—,,0.216190608404343,-2.500583481960017,1.8956726905404289,4.463436381706409,16.496335312318642,27.12077479416619,15.916896143409476,17.457233349842927,3.840226146331771,18.195722840885907,-8.756069111871101,18.349181705026773,-5.21921103204479,10.024733876875146,,,,,,,,,,,,,,,,,,False,True,False,False,False,Long technical: price above 200-day average; 50-day average above 200-day average; 6-month return positive; 1-year annualized return positive; 3-year annualized return positive; 5-year annualized return positive,"Oct 06, 2026 09:22:40 PM EDT",1,6,Adjusted market total return,"Oct 06, 2026 09:22:40 PM EDT",User ETF allowlist,,,,,,,,,,,
MAVF,MAVF,Matrix Advisors Value ETF,ETF / Fund,ETF,,138.83200073242188,,Not Rated,Nasdaq ETF Screener — no stock-style analyst consensus,—,,,,—,,0.3070676041527775,-0.5622550530385961,1.4609109553211486,16.937746883109273,14.17574681415763,,,,,,,,,,,,,,,,,,,,,,,,,,,False,True,False,False,False,Long technical: price above 200-day average; 50-day average above 200-day average; 6-month return positive; 1-year annualized return positive,"Oct 06, 2026 09:22:40 PM EDT",3,4,Adjusted market total return,"Oct 06, 2026 09:22:40 PM EDT",User ETF allowlist,,,,,,,,,,,
MGC,MGC,Vanguard Morningstar Mega Cap ETF,ETF / Fund,ETF,,288.17999267578125,,Not Rated,Nasdaq ETF Screener — no stock-style analyst consensus,—,,,,—,,0.498689686410203,1.898799605227852,5.221260237339132,20.53804714741652,15.351991536122656,19.31355549430922,27.16146077067709,29.766390698533503,-19.952263613586307,27.58025374526074,21.569644416347032,31.1446389147118,-3.4551030359142976,22.60909962980071,11.90307981585943,1.3993278177218291,12.731557707685326,32.03029254493623,16.142809831092464,2.343253206434892,13.743489628984108,25.250126848920363,-36.07626607325353,,,,,,,,,True,True,False,False,False,Short technical: price above 20-day average; 20-day average above 50-day average; MACD above signal line; RSI in bullish 50-70 zone; 1-month momentum positive; 3-month momentum positive | Long technical: price above 200-day average; 50-day average above 200-day average; 6-month return positive; 1-year annualized return positive; 3-year annualized return positive; 5-year annualized return positive,"Oct 06, 2026 09:22:40 PM EDT",6,6,Adjusted market total return,"Oct 06, 2026 09:22:40 PM EDT",User ETF allowlist,,,,,,,,,,,
MGK,MGK,Vanguard Morningstar Mega Cap Growth ETF,ETF / Fund,ETF,,95.11000061035156,,Not Rated,Nasdaq ETF Screener — no stock-style analyst consensus,—,,,,—,,0.5497455255240702,5.408397508435847,8.746857541686225,27.24513452582265,15.426059731610795,20.66824545318644,32.93895752565719,51.67182420870975,-33.587417995438905,28.58238298230895,41.0107293429004,37.38424485232461,-2.9078523783234056,29.491770623518555,6.548669429526566,3.6380445038657774,13.151364237650665,32.592065451515204,17.23205933947005,3.084607392710481,14.514501502926793,35.01549820007304,-36.25385264018247,,,,,,,,,True,True,False,False,False,Short technical: price above 20-day average; 20-day average above 50-day average; MACD above signal line; 1-month momentum positive; 3-month momentum positive | Long technical: price above 200-day average; 50-day average above 200-day average; 6-month return positive; 1-year annualized return positive; 3-year annualized return positive; 5-year annualized return positive,"Oct 06, 2026 09:22:40 PM EDT",5,6,Adjusted market total return,"Oct 06, 2026 09:22:40 PM EDT",User ETF allowlist,,,,,,,,,,,
MGV,MGV,Vanguard Morningstar Mega Cap Value ETF,ETF / Fund,ETF,,162.6300048828125,,Not Rated,Nasdaq ETF Screener — no stock-style analyst consensus,—,,,,—,,0.4260852358921596,-3.161842015839189,-0.9018315288737532,11.87906531961227,16.3614877726284,15.45185906729376,16.93610559798153,9.16248619190332,-1.2154901704294452,25.929878642231728,2.5035122066813686,25.54116930561492,-4.129054219274709,16.84989825997434,16.762763224622866,-0.2019898564611155,12.179298105991322,32.17645604617654,15.00712292213464,1.3732663161197811,13.134901997015591,15.745132742689272,-35.65354005043939,,,,,,,,,False,True,False,False,False,Long technical: price above 200-day average; 50-day average above 200-day average; 6-month return positive; 1-year annualized return positive; 3-year annualized return positive; 5-year annualized return positive,"Oct 06, 2026 09:22:40 PM EDT",0,6,Adjusted market total return,"Oct 06, 2026 09:22:40 PM EDT",User ETF allowlist,,,,,,,,,,,
MLPX,MLPX,Global X MLP & Energy Infrastructure ETF,ETF / Fund,ETF,,71.76000213623047,,Not Rated,Nasdaq ETF Screener — no stock-style analyst consensus,—,,,,—,,0.9708772257902564,-5.091916999130408,-3.509282346128184,-1.2825040672557964,22.41285525860533,4.957642240079552,42.89487794647051,15.770283557053432,21.54334402282856,39.6278685107665,-20.314971000811955,19.04784512403708,-15.46579080296988,-4.520253656581408,36.16259000845321,-35.265280958514744,16.214734010242225,,,,,,,,,,,,,,,False,True,False,False,False,Long technical: price above 200-day average; 50-day average above 200-day average; 1-year annualized return positive; 3-year annualized return positive; 5-year annualized return positive,"Oct 06, 2026 09:22:40 PM EDT",0,5,Adjusted market total return,"Oct 06, 2026 09:22:40 PM EDT",User ETF allowlist,,,,,,,,,,,
MTUM,MTUM,iShares MSCI USA Momentum Factor ETF,ETF / Fund,ETF,,323.1400146484375,,Not Rated,Nasdaq ETF Screener — no stock-style analyst consensus,—,,,,—,,0.0805282958662445,6.209897274230847,3.633172121966033,30.034187134665945,29.615184852457958,22.149842271882967,32.88683264574432,9.145435642443523,-18.267868664166244,13.361052779000682,29.86196866704267,27.252629302669785,-1.673456601282397,37.496150569087305,4.99801856246973,8.914167361209335,14.621096542154088,,,,,,,,,,,,,,,True,True,False,False,False,Short technical: price above 20-day average; 20-day average above 50-day average; MACD above signal line; RSI in bullish 50-70 zone; 1-month momentum positive; 3-month momentum positive | Long technical: price above 200-day average; 50-day average above 200-day average; 6-month return positive; 1-year annualized return positive; 3-year annualized return positive; 5-year annualized return positive,"Oct 06, 2026 09:22:40 PM EDT",6,6,Adjusted market total return,"Oct 06, 2026 09:22:40 PM EDT",User ETF allowlist,,,,,,,,,,,
NANR,NANR,State Street® SPDR® S&P® North American Natural Resources ETF,ETF / Fund,ETF,,85.71900177001953,,Not Rated,Nasdaq ETF Screener — no stock-style analyst consensus,—,,,,—,,1.0956490676509167,-5.146620377565947,12.536436695054777,2.202992727674302,27.47121126548353,35.354104790561,2.312055992118389,-3.232971096378168,26.48978266061988,36.43187407061947,1.0305662895855994,18.992462715149493,-16.775360109855264,8.026745396377798,40.00453801390624,,,,,,,,,,,,,,,,,False,True,False,False,False,Long technical: price above 200-day average; 50-day average above 200-day average; 6-month return positive; 1-year annualized return positive; 3-year annualized return positive; 5-year annualized return positive,"Oct 06, 2026 09:22:40 PM EDT",2,6,Adjusted market total return,"Oct 06, 2026 09:22:40 PM EDT",User ETF allowlist,,,,,,,,,,,
NXTG,NXTG,First Trust IndXX NextG ETF,ETF / Fund,ETF,,158.61000061035156,,Not Rated,Nasdaq ETF Screener — no stock-style analyst consensus,—,,,,—,,0.6153268361195119,2.9632378192644198,8.291341955803633,38.472209983122376,48.62947978791985,28.46899081874481,12.853750910973805,28.739527599991167,-24.69836588582553,21.807217339631848,27.582660800287464,29.576775542062684,-17.246155855507382,28.03080764154025,15.503038433169491,-3.779794137089698,16.018855802233702,34.3404840710781,7.242239966483677,,,,,,,,,,,,,True,True,False,False,False,Short technical: price above 20-day average; 20-day average above 50-day average; MACD above signal line; RSI in bullish 50-70 zone; 1-month momentum positive; 3-month momentum positive | Long technical: price above 200-day average; 50-day average above 200-day average; 6-month return positive; 1-year annualized return positive; 3-year annualized return positive; 5-year annualized return positive,"Oct 06, 2026 09:22:40 PM EDT",6,6,Adjusted market total return,"Oct 06, 2026 09:22:40 PM EDT",User ETF allowlist,,,,,,,,,,,
OEF,OEF,iShares S&P 100 ETF,ETF / Fund,ETF,,389.3200073242188,,Not Rated,Nasdaq ETF Screener — no stock-style analyst consensus,—,,,,—,,0.5397299482462925,2.0711732525228177,5.93505057791528,21.319038678911006,14.29319128284523,19.803196883401466,30.7369827980867,32.71073853811968,-21.02583402566152,29.17614579238905,21.20634851920693,31.867003378121677,-4.162831774968668,21.82186965719268,11.291977093925444,2.402546113460025,12.563985750461626,30.065491068408324,15.918423774549884,2.784613953409698,12.458048820889012,22.12244250063231,-35.48457132313019,5.882946054977456,18.381936549370597,0.5368629885402543,6.418994103466225,26.07132789760016,-23.255839155431723,-13.74819885276912,,True,True,False,False,False,Short technical: price above 20-day average; 20-day average above 50-day average; MACD above signal line; RSI in bullish 50-70 zone; 1-month momentum positive; 3-month momentum positive | Long technical: price above 200-day average; 50-day average above 200-day average; 6-month return positive; 1-year annualized return positive; 3-year annualized return positive; 5-year annualized return positive,"Oct 06, 2026 09:22:40 PM EDT",6,6,Adjusted market total return,"Oct 06, 2026 09:22:40 PM EDT",User ETF allowlist,,,,,,,,,,,
ONEO,ONEO,State Street® SPDR® Russell 1000 Momentum Focus ETF,ETF / Fund,ETF,,151.03799438476562,,Not Rated,Nasdaq ETF Screener — no stock-style analyst consensus,—,,,,—,,0.4809845535153512,-2.5921592719899023,-0.4123383581117967,12.31468817278969,17.89620197139503,10.605403813871783,15.00994218020708,15.638526692702804,-12.007835701559769,26.268608369825674,10.757478097955952,26.52672263318623,-12.414802259407798,20.32701443806213,10.68260747295897,,,,,,,,,,,,,,,,,False,True,False,False,False,Long technical: price above 200-day average; 50-day average above 200-day average; 6-month return positive; 1-year annualized return positive; 3-year annualized return positive; 5-year annualized return positive,"Oct 06, 2026 09:22:40 PM EDT",2,6,Adjusted market total return,"Oct 06, 2026 09:22:40 PM EDT",User ETF allowlist,,,,,,,,,,,
ONEQ,ONEQ,Fidelity Nasdaq Composite Index ETF,ETF / Fund,ETF,,108.7699966430664,,Not Rated,Nasdaq ETF Screener — no stock-style analyst consensus,—,,,,—,,0.3968989474899986,4.2380297582894855,6.982758057887173,25.78051814155364,19.451236698548936,20.893124046086854,29.302234936424764,45.73384507087417,-32.12088421292933,22.10833458974744,44.86536770860168,37.15294815097947,-3.180084149338447,29.286100866235465,8.811357760198524,6.694479535363995,14.663407885695625,39.86077476851499,16.19664666991334,-0.8182969427706022,17.79097574370323,45.15839687390664,-39.79810955967866,9.944113021052823,10.282030492046925,1.8910706887868,8.88109826595931,,,,,True,True,False,False,False,Short technical: price above 20-day average; 20-day average above 50-day average; MACD above signal line; RSI in bullish 50-70 zone; 1-month momentum positive; 3-month momentum positive | Long technical: price above 200-day average; 50-day average above 200-day average; 6-month return positive; 1-year annualized return positive; 3-year annualized return positive; 5-year annualized return positive,"Oct 06, 2026 09:22:40 PM EDT",6,6,Adjusted market total return,"Oct 06, 2026 09:22:40 PM EDT",User ETF allowlist,,,,,,,,,,,
ONEY,ONEY,State Street® SPDR® Russell 1000 Yield Focus ETF,ETF / Fund,ETF,,124.19300079345705,,Not Rated,Nasdaq ETF Screener — no stock-style analyst consensus,—,,,,—,,0.2429555633886693,-6.779778947777126,-4.4435035160172,4.438946758238216,11.88715513622165,7.73931135144863,11.62934747601536,11.123824725554954,-3.60490895613621,36.07953220658651,2.172304776167433,27.44787852645971,-8.707066107270478,13.892968030748754,17.5912504612727,,,,,,,,,,,,,,,,,False,True,False,False,False,Long technical: price above 200-day average; 50-day average above 200-day average; 6-month return positive; 1-year annualized return positive; 3-year annualized return positive; 5-year annualized return positive,"Oct 06, 2026 09:22:40 PM EDT",0,6,Adjusted market total return,"Oct 06, 2026 09:22:40 PM EDT",User ETF allowlist,,,,,,,,,,,
OPPE,OPPE,WisdomTree European Opportunities Fund,ETF / Fund,ETF,,57.358001708984375,,Not Rated,Nasdaq ETF Screener — no stock-style analyst consensus,—,,,,—,,-0.2278639526127945,-4.591579749682639,1.3440642431083782,7.321472722631994,14.756759087642893,38.79633771720983,10.420403833971047,19.799669113945505,-11.136932280684675,23.513773647935743,-2.9190493621007008,28.604855824585364,-13.339352353737343,22.24875216643598,8.073965602512278,,,,,,,,,,,,,,,,,False,True,False,False,False,Long technical: price above 200-day average; 50-day average above 200-day average; 6-month return positive; 1-year annualized return positive; 3-year annualized return positive; 5-year annualized return positive,"Oct 06, 2026 09:22:40 PM EDT",1,6,Adjusted market total return,"Oct 06, 2026 09:22:40 PM EDT",User ETF allowlist,,,,,,,,,,,
OPPJ,OPPJ,WisdomTree Japan Opportunities Fund,ETF / Fund,ETF,,60.22999954223633,,Not Rated,Nasdaq ETF Screener — no stock-style analyst consensus,—,,,,—,,0.5005827390837547,0.8202173585578398,4.912035712104834,8.538523846439027,30.70523010228148,37.084789693960005,20.69879924698168,38.960660387243465,5.029424303200014,11.660700519737288,-3.22543747308508,18.23437549984845,-18.68621804600365,29.54619442683677,8.498612099155878,15.351078231045978,9.090751303513825,,,,,,,,,,,,,,,True,True,False,False,False,Short technical: price above 20-day average; 20-day average above 50-day average; RSI in bullish 50-70 zone; 1-month momentum positive; 3-month momentum positive | Long technical: price above 200-day average; 50-day average above 200-day average; 6-month return positive; 1-year annualized return positive; 3-year annualized return positive; 5-year annualized return positive,"Oct 06, 2026 09:22:40 PM EDT",5,6,Adjusted market total return,"Oct 06, 2026 09:22:40 PM EDT",User ETF allowlist,,,,,,,,,,,
PFM,PFM,Invesco Dividend Achievers™ ETF,ETF / Fund,ETF,,55.84999847412109,,Not Rated,Nasdaq ETF Screener — no stock-style analyst consensus,—,,,,—,,0.7032084314578135,-1.855928318774025,-0.0705340686240396,9.476391386379436,9.60149523598275,13.98467258040803,16.872546219432706,11.400425365128775,-6.222676043557263,23.082879922814904,9.528932960408952,26.880696423877648,-4.576433655537004,17.640048975269206,14.326131340185476,-3.0539323774967158,11.175241722282813,25.705029734999464,10.606058788581583,9.15261230922666,14.800767447678176,10.698233960742854,-29.157643527689785,-0.3793042043875982,15.691708165721408,,,,,,,False,True,False,False,False,Long technical: price above 200-day average; 50-day average above 200-day average; 6-month return positive; 1-year annualized return positive; 3-year annualized return positive; 5-year annualized return positive,"Oct 06, 2026 09:22:40 PM EDT",2,6,Adjusted market total return,"Oct 06, 2026 09:22:40 PM EDT",User ETF allowlist,,,,,,,,,,,
PKW,PKW,Invesco BuyBack Achievers ETF,ETF / Fund,ETF,,145.72000122070312,,Not Rated,Nasdaq ETF Screener — no stock-style analyst consensus,—,,,,—,,-0.0411562348032301,-4.9474020525591245,1.8169547688385856,9.988290450722626,9.032737658599954,17.922580998684158,17.327462703235753,17.239772902681928,-10.206133664479768,32.62102770585091,8.412928389345309,34.088505150611034,-10.533218553959156,17.752205047111126,12.880796816546326,-4.348630745190418,12.742310748978625,45.57357857555082,13.748072922747737,10.05128534594828,17.863365283954913,31.253726166479368,-33.36863026227205,-2.2246314446568998,,,,,,,,False,True,False,False,False,Long technical: price above 200-day average; 50-day average above 200-day average; 6-month return positive; 1-year annualized return positive; 3-year annualized return positive; 5-year annualized return positive,"Oct 06, 2026 09:22:40 PM EDT",1,6,Adjusted market total return,"Oct 06, 2026 09:22:40 PM EDT",User ETF allowlist,,,,,,,,,,,
PPA,PPA,Invesco Aerospace & Defense ETF,ETF / Fund,ETF,,156.1999969482422,,Not Rated,Nasdaq ETF Screener — no stock-style analyst consensus,—,,,,—,,0.4760003875060814,-5.152146577949357,-12.328105079626251,-8.018716994857733,0.1302011500661448,37.14578695140543,25.283961564453715,18.41183606305188,9.521334644868684,6.953044584642032,0.4595895496479096,39.62621397159876,-7.510896758833274,30.102639793785933,19.26194424889025,4.0135897703093,12.711462533220883,50.3372029179489,17.635543523997853,-1.6576955105868874,10.57184650777232,23.02634822054785,-37.37723046227018,22.284163668691104,20.015183814995183,,,,,,,False,False,False,False,False,,"Oct 06, 2026 09:22:40 PM EDT",1,2,Adjusted market total return,"Oct 06, 2026 09:22:40 PM EDT",User ETF allowlist,,,,,,,,,,,
PRF,PRF,Invesco RAFI US 1000 ETF,ETF / Fund,ETF,,55.31999969482422,,Not Rated,Nasdaq ETF Screener — no stock-style analyst consensus,—,,,,—,,0.362846093641278,-1.451714091709977,2.1384565800809385,15.666052596295742,19.166790954476976,18.3327127900343,16.72791553365627,15.723684569150407,-7.790624602012586,31.120016141492467,7.780252271718946,27.416137608256143,-8.713025454472334,16.01064433003383,17.30384753690595,-2.922125230763484,12.204372013987276,35.144118530938414,16.790879487324005,-0.4111625995347756,19.67185835672427,41.76323984167918,-39.9958503578845,1.6916941876757408,19.023922606773013,,,,,,,False,True,False,False,False,Long technical: price above 200-day average; 50-day average above 200-day average; 6-month return positive; 1-year annualized return positive; 3-year annualized return positive; 5-year annualized return positive,"Oct 06, 2026 09:22:40 PM EDT",3,6,Adjusted market total return,"Oct 06, 2026 09:22:40 PM EDT",User ETF allowlist,,,,,,,,,,,
PRN,PRN,Invesco Dorsey Wright Industrials Momentum ETF,ETF / Fund,ETF,,200.88999938964844,,Not Rated,Nasdaq ETF Screener — no stock-style analyst consensus,—,,,,—,,-0.6380420085391303,0.2695249661504029,-11.731621502643783,0.0946698775761589,15.070453249310066,13.740679075478802,30.34689217254907,37.96437156822863,-25.091208801363084,25.21435677707482,36.39145360525298,34.52207515969492,-16.190482268409045,22.822183123960937,12.70534350436614,-5.570199645924035,-0.2795196111177622,50.52831999579055,19.34742083047709,-6.437971006673415,32.99245183819328,14.903863794019625,-35.67883299433152,15.446370387798217,,,,,,,,False,False,False,False,False,,"Oct 06, 2026 09:22:40 PM EDT",3,4,Adjusted market total return,"Oct 06, 2026 09:22:40 PM EDT",User ETF allowlist,,,,,,,,,,,
PSI,PSI,Invesco Semiconductors ETF,ETF / Fund,ETF,,158.8699951171875,,Not Rated,Nasdaq ETF Screener — no stock-style analyst consensus,—,,,,—,,-0.7806645254299194,16.816172880284917,7.098556720543203,59.634541192885095,101.48275553111236,36.3234831000123,17.173972060626717,49.06161985824426,-34.42902669690394,46.48013859271043,56.752749070924665,52.49341612465801,-11.554190506966975,40.16413557922776,44.11302945643987,-0.7411624007785278,37.32538568171646,31.992595674186287,4.539699795013341,-14.468380456862915,20.58047804761916,47.10971971752651,-46.18384475899055,0.4071976872278782,4.62572042989442,,,,,,,True,True,False,False,False,Short technical: price above 20-day average; 20-day average above 50-day average; MACD above signal line; RSI in bullish 50-70 zone; 1-month momentum positive; 3-month momentum positive | Long technical: price above 200-day average; 50-day average above 200-day average; 6-month return positive; 1-year annualized return positive; 3-year annualized return positive; 5-year annualized return positive,"Oct 06, 2026 09:22:40 PM EDT",6,6,Adjusted market total return,"Oct 06, 2026 09:22:40 PM EDT",User ETF allowlist,,,,,,,,,,,
PWB,PWB,Invesco Large Cap Growth ETF,ETF / Fund,ETF,,167.66000366210938,,Not Rated,Nasdaq ETF Screener — no stock-style analyst consensus,—,,,,—,,0.7148449766805509,7.412395153865581,6.5929244189819824,28.89981872930321,31.90150488320862,24.938363445137888,31.04377472973685,30.60904505430937,-25.80759923899243,19.553725364831376,31.888945695823637,24.68294469203758,0.8783142756806139,30.706122004907183,2.895496535613451,7.664898844449297,13.572994780707416,37.36333941484003,18.76285792149932,0.0896911755775331,13.68818637513931,34.661386788925256,-42.22959794032565,12.359262772904176,5.547889437152653,,,,,,,True,True,False,False,False,Short technical: price above 20-day average; 20-day average above 50-day average; MACD above signal line; RSI in bullish 50-70 zone; 1-month momentum positive; 3-month momentum positive | Long technical: price above 200-day average; 50-day average above 200-day average; 6-month return positive; 1-year annualized return positive; 3-year annualized return positive; 5-year annualized return positive,"Oct 06, 2026 09:22:40 PM EDT",6,6,Adjusted market total return,"Oct 06, 2026 09:22:40 PM EDT",User ETF allowlist,,,,,,,,,,,
PWV,PWV,Invesco Large Cap Value ETF,ETF / Fund,ETF,,77.33000183105469,,Not Rated,Nasdaq ETF Screener — no stock-style analyst consensus,—,,,,—,,0.3894626204232088,-5.950825850973629,-0.8226133644778977,10.901279044601896,17.98989452755082,19.638035681134586,14.48585513164289,10.360535332744147,-1.155254053098842,28.37682503021064,-3.7733751123050654,29.84035316137064,-14.125481751493885,16.9775184042108,18.850976101096272,-4.768708056412119,12.25406330958203,32.63378883064074,16.162757926453363,6.440478347989598,13.253997527062534,18.609463615011038,-27.196531581478755,5.285980158767134,24.213798139280108,,,,,,,False,True,False,False,False,Long technical: price above 200-day average; 50-day average above 200-day average; 6-month return positive; 1-year annualized return positive; 3-year annualized return positive; 5-year annualized return positive,"Oct 06, 2026 09:22:40 PM EDT",0,6,Adjusted market total return,"Oct 06, 2026 09:22:40 PM EDT",User ETF allowlist,,,,,,,,,,,
PXF,PXF,Invesco RAFI Developed Markets ex-U.S. ETF,ETF / Fund,ETF,,76.5999984741211,,Not Rated,Nasdaq ETF Screener — no stock-style analyst consensus,—,,,,—,,0.1438104502859083,-4.099883603044541,1.851143621046658,9.810913023534471,19.58507076103473,42.52469989671117,4.54884722326121,18.446727766644955,-9.094257694570029,15.926763498898078,2.583271622873551,17.500489334641077,-14.838726256134594,24.51697947291509,7.275140652663592,-5.721771901062178,-6.843931306645034,23.85383130091794,16.843165434296026,-16.702496869346096,6.79501683196404,36.04896548292298,-42.404292144752375,,,,,,,,,False,True,False,False,False,Long technical: price above 200-day average; 50-day average above 200-day average; 6-month return positive; 1-year annualized return positive; 3-year annualized return positive; 5-year annualized return positive,"Oct 06, 2026 09:22:40 PM EDT",1,6,Adjusted market total return,"Oct 06, 2026 09:22:40 PM EDT",User ETF allowlist,,,,,,,,,,,
QDEF,QDEF,Northern Trust Quality Dividend Defensive ETF,ETF / Fund,ETF,,90.11000061035156,,Not Rated,Nasdaq ETF Screener — no stock-style analyst consensus,—,,,,—,,0.4682775755521895,-1.1281665775827454,3.251086676587112,12.789693963994653,12.44525850779825,17.438347781937868,21.18825449638997,17.485863578136485,-10.941616913119978,26.036867779864718,3.1509708086946864,24.905121188185465,-4.0974044009624455,17.03931703838677,15.449524181155727,-0.6479425307141518,14.07948741400813,33.464361944029555,,,,,,,,,,,,,,False,True,False,False,False,Long technical: price above 200-day average; 50-day average above 200-day average; 6-month return positive; 1-year annualized return positive; 3-year annualized return positive; 5-year annualized return positive,"Oct 06, 2026 09:22:40 PM EDT",3,6,Adjusted market total return,"Oct 06, 2026 09:22:40 PM EDT",User ETF allowlist,,,,,,,,,,,
QLC,QLC,Northern Trust US Quality Large Cap ETF,ETF / Fund,ETF,,92.13700103759766,,Not Rated,Nasdaq ETF Screener — no stock-style analyst consensus,—,,,,—,,0.4765584557239632,-0.936163992470984,2.3754783360733,17.00008050876891,14.533319094809215,23.259619133233222,26.707770291412317,26.01627328911984,-17.204987119423375,28.454398743484145,13.637181898346885,24.50890643060461,-8.123570118836831,21.730955386560847,8.570062879096252,,,,,,,,,,,,,,,,,False,True,False,False,False,Long technical: price above 200-day average; 50-day average above 200-day average; 6-month return positive; 1-year annualized return positive; 3-year annualized return positive; 5-year annualized return positive,"Oct 06, 2026 09:22:40 PM EDT",4,6,Adjusted market total return,"Oct 06, 2026 09:22:40 PM EDT",User ETF allowlist,,,,,,,,,,,
QQQ,QQQ,Invesco QQQ Trust,ETF / Fund,ETF,,759.6599731445312,,Not Rated,Nasdaq ETF Screener — no stock-style analyst consensus,—,,,,—,,0.4575457394402571,5.771051838337793,7.191908296832672,29.340831184454164,24.08184559132653,20.772544120622616,25.578268146229146,54.855558053065856,-32.57699544298146,27.41971691143117,48.40613568504344,38.96154860891021,-0.1261666217662216,32.66347256547573,7.09788673343279,9.435919445707096,19.181384191407226,36.63421539733267,18.112554257374413,3.475759970922354,20.14379492327789,54.68409527657956,-41.72713141323106,19.02804162676224,7.143984387675073,1.5654746054784896,10.538548253450864,49.66857454418192,-37.3682848448256,-33.344745372941965,,True,True,False,False,False,Short technical: price above 20-day average; 20-day average above 50-day average; MACD above signal line; 1-month momentum positive; 3-month momentum positive | Long technical: price above 200-day average; 50-day average above 200-day average; 6-month return positive; 1-year annualized return positive; 3-year annualized return positive; 5-year annualized return positive,"Oct 06, 2026 09:22:40 PM EDT",5,6,Adjusted market total return,"Oct 06, 2026 09:22:40 PM EDT",User ETF allowlist,,,,,,,,,,,
QVAL,QVAL,Alpha Architect U.S. Quantitative Value ETF,ETF / Fund,ETF,,59.25600051879883,,Not Rated,Nasdaq ETF Screener — no stock-style analyst consensus,—,,,,—,,0.4849911686881425,-4.064296466278394,5.620731019572633,14.272971776050468,22.843200435395072,10.980274929464915,12.214792980819531,28.404804677128737,-11.798292402388578,34.399090468629325,-5.930418957789751,24.053816041318,-17.27989872586827,25.59005682886948,12.58959009930225,-13.48540357579422,,,,,,,,,,,,,,,,False,True,False,False,False,Long technical: price above 200-day average; 50-day average above 200-day average; 6-month return positive; 1-year annualized return positive; 3-year annualized return positive; 5-year annualized return positive,"Oct 06, 2026 09:22:40 PM EDT",1,6,Adjusted market total return,"Oct 06, 2026 09:22:40 PM EDT",User ETF allowlist,,,,,,,,,,,
RDIV,RDIV,Invesco S&P Ultra Dividend Revenue ETF,ETF / Fund,ETF,,56.93000030517578,,Not Rated,Nasdaq ETF Screener — no stock-style analyst consensus,—,,,,—,,-0.3326306552203451,-8.671839448902375,-3.0928946299225712,4.971957857479725,12.508842137751676,12.361016380033863,15.16989082450333,4.656181353813205,7.166975843503498,27.93503553680219,-10.475496566161336,22.616872564066483,-4.783271935802835,11.630025689121704,28.206330629802668,-4.859080838384788,21.447978131902623,,,,,,,,,,,,,,,False,True,False,False,False,Long technical: price above 200-day average; 50-day average above 200-day average; 6-month return positive; 1-year annualized return positive; 3-year annualized return positive; 5-year annualized return positive,"Oct 06, 2026 09:22:40 PM EDT",0,6,Adjusted market total return,"Oct 06, 2026 09:22:40 PM EDT",User ETF allowlist,,,,,,,,,,,
RDVY,RDVY,First Trust Rising Dividend Achievers ETF,ETF / Fund,ETF,,79.55999755859375,,Not Rated,Nasdaq ETF Screener — no stock-style analyst consensus,—,,,,—,,0.4418614798213038,-2.8358317706259184,-0.0583179903189234,14.92618193163624,15.260439641696475,18.897365650598587,16.406941982786407,20.376946204655777,-13.267075896261847,31.14324637834156,13.472587109072933,37.70891893696493,-9.917607208001955,22.7617136663558,20.65710179245313,-3.0062132112838147,,,,,,,,,,,,,,,,False,True,False,False,False,Long technical: price above 200-day average; 50-day average above 200-day average; 6-month return positive; 1-year annualized return positive; 3-year annualized return positive; 5-year annualized return positive,"Oct 06, 2026 09:22:40 PM EDT",2,6,Adjusted market total return,"Oct 06, 2026 09:22:40 PM EDT",User ETF allowlist,,,,,,,,,,,
REGS,REGS,Columbia Large Cap Growth ETF,ETF / Fund,ETF,,11.899999618530272,,Not Rated,Nasdaq ETF Screener — no stock-style analyst consensus,—,,,,—,,0.9329911538011436,3.119581090704271,6.44006523882803,20.567373419540846,17.938547458576124,,,,,,,,,,,,,,,,,,,,,,,,,,,True,False,False,False,False,Short technical: price above 20-day average; 20-day average above 50-day average; MACD above signal line; RSI in bullish 50-70 zone; 1-month momentum positive; 3-month momentum positive,"Oct 06, 2026 09:22:40 PM EDT",6,1,Adjusted market total return,"Oct 06, 2026 09:22:40 PM EDT",User ETF allowlist,,,,,,,,,,,
RFDA,RFDA,ALPS Dynamic US Dividend Advantage ETF,ETF / Fund,ETF,,71.63349914550781,,Not Rated,Nasdaq ETF Screener — no stock-style analyst consensus,—,,,,—,,0.5184934986240286,-2.6429906894799293,0.6684391927693989,13.945033935407803,14.26573812949079,16.424779179858785,20.125176426935944,16.98215184723071,-8.580304324190656,25.93701796038488,11.1095885543693,27.150302578083156,-9.266447046544249,19.85220049729619,,,,,,,,,,,,,,,,,,False,True,False,False,False,Long technical: price above 200-day average; 50-day average above 200-day average; 6-month return positive; 1-year annualized return positive; 3-year annualized return positive; 5-year annualized return positive,"Oct 06, 2026 09:22:40 PM EDT",1,6,Adjusted market total return,"Oct 06, 2026 09:22:40 PM EDT",User ETF allowlist,,,,,,,,,,,
RING,RING,iShares MSCI Global Gold Miners ETF,ETF / Fund,ETF,,76.41000366210938,,Not Rated,Nasdaq ETF Screener — no stock-style analyst consensus,—,,,,—,,-0.3651046686441339,-12.57436804565206,16.87061314172016,-5.716135981660642,4.552155649653411,164.7151549476917,15.978495357706146,12.290589951556695,-15.397652282220909,-7.460860274465874,24.978924334663954,49.918834623706296,-13.14412993782036,10.23571679410602,58.684016070055335,-25.830610557442213,-17.613397495961657,-52.067257887919496,,,,,,,,,,,,,,False,False,False,False,False,,"Oct 06, 2026 09:22:40 PM EDT",2,4,Adjusted market total return,"Oct 06, 2026 09:22:40 PM EDT",User ETF allowlist,,,,,,,,,,,
RJCA,RJCA,RJ ClariVest Capital Appreciation ETF,ETF / Fund,ETF,,76.48049926757812,,Not Rated,Nasdaq ETF Screener — no stock-style analyst consensus,—,,,,—,,0.8179523493727636,4.696093186183337,,,8.145500491293301,,,,,,,,,,,,,,,,,,,,,,,,,,,False,False,False,False,False,,"Oct 06, 2026 09:22:40 PM EDT",3,0,Adjusted market total return,"Oct 06, 2026 09:22:40 PM EDT",User ETF allowlist,,,,,,,,,,,
ROUS,ROUS,Hartford Multifactor US Equity ETF,ETF / Fund,ETF,,67.52999877929688,,Not Rated,Nasdaq ETF Screener — no stock-style analyst consensus,—,,,,—,,0.4611686298188866,-0.1810687930596577,1.6161147669714326,13.431014150792263,18.084196150443454,15.214615228425776,17.613479516660036,15.048335503300711,-9.64434933749726,27.32592306168293,6.6165223256606565,23.94153327802173,-9.593225140365147,22.879022022100614,10.583491650893183,,,,,,,,,,,,,,,,,False,True,False,False,False,Long technical: price above 200-day average; 50-day average above 200-day average; 6-month return positive; 1-year annualized return positive; 3-year annualized return positive; 5-year annualized return positive,"Oct 06, 2026 09:22:40 PM EDT",4,6,Adjusted market total return,"Oct 06, 2026 09:22:40 PM EDT",User ETF allowlist,,,,,,,,,,,
RSPN,RSPN,Invesco S&P 500® Equal Weight Industrials ETF,ETF / Fund,ETF,,59.27000045776367,,Not Rated,Nasdaq ETF Screener — no stock-style analyst consensus,—,,,,—,,0.6452726643804807,-2.8844198164031054,-6.327149338480743,2.816263435790445,5.452733550899991,13.843814923354516,17.6291634742191,22.317608017743098,-8.793245525900096,25.8468211190396,17.77569563520782,33.170271244453446,-13.233447272510046,23.224201863653747,20.56894499435151,-6.9377696771872,11.986243543300578,40.07464724281633,15.925789122560683,-2.1830793731734577,26.11841633527494,29.62267536428536,-38.12134294492946,15.918815403599297,,,,,,,,False,False,False,False,False,,"Oct 06, 2026 09:22:40 PM EDT",2,5,Adjusted market total return,"Oct 06, 2026 09:22:40 PM EDT",User ETF allowlist,,,,,,,,,,,
RSPT,RSPT,Invesco S&P 500® Equal Weight Technology ETF,ETF / Fund,ETF,,69.29000091552734,,Not Rated,Nasdaq ETF Screener — no stock-style analyst consensus,—,,,,—,,0.8734873384709907,8.05072566188063,13.221219715248344,48.1674795612588,52.56252125519836,22.14665998305569,15.159436652200098,35.181912571508974,-24.495127974553533,28.370770145176195,29.946993996340865,42.07002638912656,-0.6138153400152224,32.9810492564093,19.110212369810075,2.8761981217907406,19.19133033699374,40.720189726879454,11.701243230130798,-6.611301707512518,17.88385156723118,69.07842425560582,-45.69958112404772,0.9761131280556112,,,,,,,,True,True,False,False,False,Short technical: price above 20-day average; 20-day average above 50-day average; MACD above signal line; 1-month momentum positive; 3-month momentum positive | Long technical: price above 200-day average; 50-day average above 200-day average; 6-month return positive; 1-year annualized return positive; 3-year annualized return positive; 5-year annualized return positive,"Oct 06, 2026 09:22:40 PM EDT",5,6,Adjusted market total return,"Oct 06, 2026 09:22:40 PM EDT",User ETF allowlist,,,,,,,,,,,
RWJ,RWJ,Invesco S&P SmallCap 600 Revenue ETF,ETF / Fund,ETF,,57.52999877929688,,Not Rated,Nasdaq ETF Screener — no stock-style analyst consensus,—,,,,—,,0.0173823391057537,-5.918635150136664,-2.649828171906332,13.181678386986228,19.17302721569552,7.749328526624155,11.81277153025344,16.214832322122795,-10.965962072028743,52.55122680450173,20.588164408127074,20.302715057010047,-16.956843079527218,5.092260702074025,30.37440743658022,-8.757308384724617,6.507448763199775,45.932565803648686,18.317840678852136,-0.9208141862168784,25.969671885677517,46.51421430184677,,,,,,,,,,False,True,False,False,False,Long technical: price above 200-day average; 50-day average above 200-day average; 6-month return positive; 1-year annualized return positive; 3-year annualized return positive; 5-year annualized return positive,"Oct 06, 2026 09:22:40 PM EDT",1,6,Adjusted market total return,"Oct 06, 2026 09:22:40 PM EDT",User ETF allowlist,,,,,,,,,,,
RWK,RWK,Invesco S&P MidCap 400 Revenue ETF,ETF / Fund,ETF,,142.3000030517578,,Not Rated,Nasdaq ETF Screener — no stock-style analyst consensus,—,,,,—,,0.281895118026032,-4.364042835204451,-1.8919554389694948,9.381658386408851,13.486555270033929,10.266916618018929,11.93895495222148,23.758012850303125,-8.186786469939978,33.89651813489263,10.773941431076128,28.20101242259005,-14.648703310382627,13.106496200060946,20.69483825847447,-5.641986538014332,9.588072534894266,41.10438375494064,14.798959881917485,-1.6322495412992688,23.23013378553296,51.89967401504392,,,,,,,,,,False,True,False,False,False,Long technical: price above 200-day average; 50-day average above 200-day average; 6-month return positive; 1-year annualized return positive; 3-year annualized return positive; 5-year annualized return positive,"Oct 06, 2026 09:22:40 PM EDT",2,6,Adjusted market total return,"Oct 06, 2026 09:22:40 PM EDT",User ETF allowlist,,,,,,,,,,,
RWL,RWL,Invesco S&P 500 Revenue ETF,ETF / Fund,ETF,,131.35000610351562,,Not Rated,Nasdaq ETF Screener — no stock-style analyst consensus,—,,,,—,,0.5665764410887064,-2.321867970077529,1.2747114463553588,13.603700817178456,15.85284126096187,18.6447975796632,16.4473911131924,17.432952429510596,-6.005279673482855,29.81925166774621,8.613794918161322,27.82993910410105,-7.7433704957689535,20.329189596641207,11.632139023024155,-1.3627631170486043,13.43479457925547,37.93451905477181,17.935738855880913,0.2617758614252841,16.8519508901543,29.878744497674493,,,,,,,,,,False,True,False,False,False,Long technical: price above 200-day average; 50-day average above 200-day average; 6-month return positive; 1-year annualized return positive; 3-year annualized return positive; 5-year annualized return positive,"Oct 06, 2026 09:22:40 PM EDT",3,6,Adjusted market total return,"Oct 06, 2026 09:22:40 PM EDT",User ETF allowlist,,,,,,,,,,,
SCHF,SCHF,Schwab International Equity ETF™,ETF / Fund,ETF,,27.600000381469727,,Not Rated,Nasdaq ETF Screener — no stock-style analyst consensus,—,,,,—,,0.0362458456923953,-3.428969716068664,0.43668428396062,10.450325725191556,15.504210414061824,34.54853902739583,3.2830842212182576,18.35027339571113,-14.796043861987284,11.404588467416543,9.4800459970644,22.25603567658572,-14.287319503497152,26.029237331689224,3.0265419310313346,-2.486312700159843,-5.679635307708486,18.9528479489528,18.823308824966634,-12.573924815541991,9.292477160003209,,,,,,,,,,,False,True,False,False,False,Long technical: price above 200-day average; 50-day average above 200-day average; 6-month return positive; 1-year annualized return positive; 3-year annualized return positive; 5-year annualized return positive,"Oct 06, 2026 09:22:40 PM EDT",1,6,Adjusted market total return,"Oct 06, 2026 09:22:40 PM EDT",User ETF allowlist,,,,,,,,,,,
SCHG,SCHG,Schwab U.S. Large-Cap Growth ETF™,ETF / Fund,ETF,,36.93000030517578,,Not Rated,Nasdaq ETF Screener — no stock-style analyst consensus,—,,,,—,,0.571892912558658,4.04632689085096,7.746010878799203,24.89289709864924,13.58428152352289,17.5027805206734,34.95700582325898,50.10512406231242,-31.80119754776501,28.11531986234157,39.13849096164064,36.020065314216424,-1.3564982803611958,28.04634248741393,6.55436267984717,3.2445441843202305,15.804458043744418,34.04201433947209,16.88686614271324,-0.7413663101057733,,,,,,,,,,,,True,True,False,False,False,Short technical: price above 20-day average; 20-day average above 50-day average; MACD above signal line; RSI in bullish 50-70 zone; 1-month momentum positive; 3-month momentum positive | Long technical: price above 200-day average; 50-day average above 200-day average; 6-month return positive; 1-year annualized return positive; 3-year annualized return positive; 5-year annualized return positive,"Oct 06, 2026 09:22:40 PM EDT",6,6,Adjusted market total return,"Oct 06, 2026 09:22:40 PM EDT",User ETF allowlist,,,,,,,,,,,
SCHX,SCHX,Schwab U.S. Large-Cap ETF™,ETF / Fund,ETF,,30.700000762939453,,Not Rated,Nasdaq ETF Screener — no stock-style analyst consensus,—,,,,—,,0.5239025625921379,1.3921318308452335,4.383362130837631,18.706016639419577,15.016989607723753,17.4588342216518,24.8818091111934,26.842250148393653,-19.40586118384148,26.813633218204668,20.80832484349755,31.216371162631805,-4.524537582558108,21.94969696654297,11.321446778951572,1.0467771877517684,13.327178796100592,32.422905866350526,16.086196753362604,1.5430518002520488,15.916815721375976,,,,,,,,,,,True,True,False,False,False,Short technical: price above 20-day average; 20-day average above 50-day average; MACD above signal line; RSI in bullish 50-70 zone; 1-month momentum positive; 3-month momentum positive | Long technical: price above 200-day average; 50-day average above 200-day average; 6-month return positive; 1-year annualized return positive; 3-year annualized return positive; 5-year annualized return positive,"Oct 06, 2026 09:22:40 PM EDT",6,6,Adjusted market total return,"Oct 06, 2026 09:22:40 PM EDT",User ETF allowlist,,,,,,,,,,,
SLX,SLX,VanEck Steel ETF,ETF / Fund,ETF,,105.04000091552734,,Not Rated,Nasdaq ETF Screener — no stock-style analyst consensus,—,,,,—,,-0.0856048133185849,-5.360840672819267,6.715432886170558,13.128705053025724,23.78034428474203,47.45032463140137,-17.942563068982775,31.26294465907917,14.280131241403549,27.68709681384882,20.56862429848316,11.249451181186654,-19.27151805389196,24.504249580245663,95.7890014303445,-41.96371495844099,-26.328185844786656,4.226988856125291,4.716112465674227,-32.923754092528746,19.645767564714056,112.87900976901626,-63.75195291701832,84.36424411332395,,,,,,,,False,True,False,False,False,Long technical: price above 200-day average; 50-day average above 200-day average; 6-month return positive; 1-year annualized return positive; 3-year annualized return positive; 5-year annualized return positive,"Oct 06, 2026 09:22:40 PM EDT",1,6,Adjusted market total return,"Oct 06, 2026 09:22:40 PM EDT",User ETF allowlist,,,,,,,,,,,
SMH,SMH,VanEck Semiconductor ETF,ETF / Fund,ETF,,632.5,,Not Rated,Nasdaq ETF Screener — no stock-style analyst consensus,—,,,,—,,-0.2208588673516143,11.550058924258757,8.779772417442455,58.164543549286726,75.63101974960892,49.17231621384963,39.09952227465418,73.37542251837452,-33.53174142831742,42.13155024938897,55.53443500626898,64.45059544034409,-9.052264403933451,38.47760368056497,35.542626410477205,-0.3372975310121484,30.22334619133966,33.329856296138026,8.549914520489143,-6.455575604096165,16.51144682165293,58.54625467220118,-45.74860778830328,-3.5363974319121194,-8.160490786233176,9.799230712534923,-19.570983674592345,87.31378594000061,-47.07287527835221,-14.591837529870212,,True,True,False,False,False,Short technical: price above 20-day average; 20-day average above 50-day average; MACD above signal line; RSI in bullish 50-70 zone; 1-month momentum positive; 3-month momentum positive | Long technical: price above 200-day average; 50-day average above 200-day average; 6-month return positive; 1-year annualized return positive; 3-year annualized return positive; 5-year annualized return positive,"Oct 06, 2026 09:22:40 PM EDT",6,6,Adjusted market total return,"Oct 06, 2026 09:22:40 PM EDT",User ETF allowlist,,,,,,,,,,,
SMLF,SMLF,iShares U.S. Small-Cap Equity Factor ETF,ETF / Fund,ETF,,85.66000366210938,,Not Rated,Nasdaq ETF Screener — no stock-style analyst consensus,—,,,,—,,0.7764748965992663,-2.5882216165355687,-1.8645822717231475,12.439666078779066,15.244375851171752,12.295524316927487,16.327618471440886,19.988411433215948,-12.184539918211769,26.53114124607887,8.37736599897434,21.559248107374195,-8.421356850844752,12.695704801613196,20.43039308401737,,,,,,,,,,,,,,,,,False,True,False,False,False,Long technical: price above 200-day average; 50-day average above 200-day average; 6-month return positive; 1-year annualized return positive; 3-year annualized return positive; 5-year annualized return positive,"Oct 06, 2026 09:22:40 PM EDT",3,6,Adjusted market total return,"Oct 06, 2026 09:22:40 PM EDT",User ETF allowlist,,,,,,,,,,,
SMLV,SMLV,State Street® SPDR® US Small Cap Low Volatility Index ETF,ETF / Fund,ETF,,152.3300018310547,,Not Rated,Nasdaq ETF Screener — no stock-style analyst consensus,—,,,,—,,0.1314644986676105,-3.5060506026148297,-2.6914234593708786,10.418659871648847,18.2422970639176,5.667529862353016,16.76347907389186,7.515737606293804,-7.689391884698827,26.889903774971955,-1.5436071115424443,24.0986567927874,-6.6175356600164825,5.676689080674335,29.3713694004734,-1.7188837317698047,13.22442980343248,,,,,,,,,,,,,,,False,True,False,False,False,Long technical: price above 200-day average; 50-day average above 200-day average; 6-month return positive; 1-year annualized return positive; 3-year annualized return positive; 5-year annualized return positive,"Oct 06, 2026 09:22:40 PM EDT",1,6,Adjusted market total return,"Oct 06, 2026 09:22:40 PM EDT",User ETF allowlist,,,,,,,,,,,
SOXX,SOXX,iShares Semiconductor ETF,ETF / Fund,ETF,,589.4500122070312,,Not Rated,Nasdaq ETF Screener — no stock-style analyst consensus,—,,,,—,,-0.0101775300842765,13.460433437216324,6.914282911857583,69.69044455683873,96.074748613957,40.73725265417685,12.924349413246404,67.11779103325108,-35.08612832724782,44.08981075029894,52.7172477192831,62.41719992787858,-6.488565971644911,39.78632502218371,38.34404225738959,-2.0185308499645616,29.85080976954857,41.57917260719552,6.621206097508647,-10.595300417989485,13.645586494883144,74.9431380735971,-51.70985798977805,-2.1486419323943906,0.2272571405057766,13.383802138093138,-14.26296644171956,80.95298128359718,-47.8496429912857,,,True,True,False,False,False,Short technical: price above 20-day average; 20-day average above 50-day average; MACD above signal line; RSI in bullish 50-70 zone; 1-month momentum positive; 3-month momentum positive | Long technical: price above 200-day average; 50-day average above 200-day average; 6-month return positive; 1-year annualized return positive; 3-year annualized return positive; 5-year annualized return positive,"Oct 06, 2026 09:22:40 PM EDT",6,6,Adjusted market total return,"Oct 06, 2026 09:22:40 PM EDT",User ETF allowlist,,,,,,,,,,,
SPGM,SPGM,State Street® SPDR® Portfolio MSCI Global Stock Market ETF,ETF / Fund,ETF,,87.73999786376953,,Not Rated,Nasdaq ETF Screener — no stock-style analyst consensus,—,,,,—,,0.5385599161020105,-0.5215409301460583,2.9449658664500555,15.207270277829643,15.26733907786184,23.621321906562898,16.74811626555939,21.34482126695403,-17.532039362552364,21.130297904291105,15.28086087808247,26.57549955885954,-10.114829480079202,23.263026156599985,8.574824183108888,-2.095500048214849,8.447280325327466,25.392672463426045,,,,,,,,,,,,,,False,True,False,False,False,Long technical: price above 200-day average; 50-day average above 200-day average; 6-month return positive; 1-year annualized return positive; 3-year annualized return positive; 5-year annualized return positive,"Oct 06, 2026 09:22:40 PM EDT",4,6,Adjusted market total return,"Oct 06, 2026 09:22:40 PM EDT",User ETF allowlist,,,,,,,,,,,
SPHB,SPHB,Invesco S&P 500® High Beta ETF,ETF / Fund,ETF,,156.77000427246094,,Not Rated,Nasdaq ETF Screener — no stock-style analyst consensus,—,,,,—,,0.7713549474490433,5.754083399948073,7.603308174070533,33.360051001974234,34.590140214887995,32.876194537763936,8.480479263581287,33.277215946783656,-20.585484579985646,40.20762638039934,24.980020123465472,33.9608418632293,-15.551301091455262,17.85559696248209,26.231678913388222,-12.851415859851976,12.679954621554469,40.68339472532693,17.929421830715462,,,,,,,,,,,,,True,True,False,False,False,Short technical: price above 20-day average; 20-day average above 50-day average; MACD above signal line; RSI in bullish 50-70 zone; 1-month momentum positive; 3-month momentum positive | Long technical: price above 200-day average; 50-day average above 200-day average; 6-month return positive; 1-year annualized return positive; 3-year annualized return positive; 5-year annualized return positive,"Oct 06, 2026 09:22:40 PM EDT",6,6,Adjusted market total return,"Oct 06, 2026 09:22:40 PM EDT",User ETF allowlist,,,,,,,,,,,
SPHQ,SPHQ,Invesco S&P 500® Quality ETF,ETF / Fund,ETF,,85.5999984741211,,Not Rated,Nasdaq ETF Screener — no stock-style analyst consensus,—,,,,—,,0.0701397684727656,0.5125982034202892,-1.0758449531259815,13.037316401154332,14.963879368988664,13.254717659897718,25.43901199919063,24.827478497217893,-15.762267514100404,27.58702982723369,16.925082699181626,33.633106518705056,-7.091343930407435,19.103936985141036,14.297225210913831,1.6446436394588648,16.083909794398043,32.73481727476351,14.320566767193933,6.284584272633764,20.50014060764185,12.58664528692297,-46.34921953350026,16.770980980594352,4.581160270633511,,,,,,,False,True,False,False,False,Long technical: price above 200-day average; 50-day average above 200-day average; 6-month return positive; 1-year annualized return positive; 3-year annualized return positive; 5-year annualized return positive,"Oct 06, 2026 09:22:40 PM EDT",4,6,Adjusted market total return,"Oct 06, 2026 09:22:40 PM EDT",User ETF allowlist,,,,,,,,,,,
SPIT,SPIT,F/m Emerald Special Situations ETF,ETF / Fund,ETF,,31.36680030822754,,Not Rated,Nasdaq ETF Screener — no stock-style analyst consensus,—,,,,—,,0.5120632295805505,-1.2815505050295828,-7.229009660116137,15.476199922267986,20.91126740753435,,,,,,,,,,,,,,,,,,,,,,,,,,,False,True,False,False,False,Long technical: price above 200-day average; 50-day average above 200-day average; 6-month return positive; 1-year annualized return positive,"Oct 06, 2026 09:22:40 PM EDT",2,4,Adjusted market total return,"Oct 06, 2026 09:22:40 PM EDT",User ETF allowlist,,,,,,,,,,,
SPMO,SPMO,Invesco S&P 500® Momentum ETF,ETF / Fund,ETF,,153.16000366210938,,Not Rated,Nasdaq ETF Screener — no stock-style analyst consensus,—,,,,—,,-0.0456777833200083,2.4644985182833423,2.670225289550676,31.71474460020074,29.1316973640072,26.58167708273538,45.81729005417612,17.55777164018364,-10.450435215288469,22.506152336632333,27.800245900211795,25.92786172635064,-0.9172994785390908,27.760577030083144,7.175007493111596,,,,,,,,,,,,,,,,,True,True,False,False,False,Short technical: price above 20-day average; 20-day average above 50-day average; MACD above signal line; RSI in bullish 50-70 zone; 1-month momentum positive; 3-month momentum positive | Long technical: price above 200-day average; 50-day average above 200-day average; 6-month return positive; 1-year annualized return positive; 3-year annualized return positive; 5-year annualized return positive,"Oct 06, 2026 09:22:40 PM EDT",6,6,Adjusted market total return,"Oct 06, 2026 09:22:40 PM EDT",User ETF allowlist,,,,,,,,,,,
SPTM,SPTM,State Street® SPDR® Portfolio S&P 1500 Composite Stock Market ETF,ETF / Fund,ETF,,94.1500015258789,,Not Rated,Nasdaq ETF Screener — no stock-style analyst consensus,—,,,,—,,0.5768624206884398,1.0874220163044956,3.9937696919767776,18.081415932590676,15.08916675542089,16.93063907251078,23.87214071286628,25.54774990894826,-17.746311808691907,28.576604469918745,17.92708975707127,31.34144070705962,-5.302054663746214,21.17689439479029,12.2344835642767,0.2332348028213804,13.426131999421154,33.546287652252985,15.857432148572158,0.7797733536168971,17.318480911869607,27.94735414569798,-36.67577093420697,5.208202340467549,14.7816579201693,6.660586749242237,10.56450207269368,26.97979880093901,-21.59285155964077,-10.153639460180964,,True,True,False,False,False,Short technical: price above 20-day average; MACD above signal line; RSI in bullish 50-70 zone; 1-month momentum positive; 3-month momentum positive | Long technical: price above 200-day average; 50-day average above 200-day average; 6-month return positive; 1-year annualized return positive; 3-year annualized return positive; 5-year annualized return positive,"Oct 06, 2026 09:22:40 PM EDT",5,6,Adjusted market total return,"Oct 06, 2026 09:22:40 PM EDT",User ETF allowlist,,,,,,,,,,,
SPVM,SPVM,Invesco S&P 500 Value with Momentum ETF,ETF / Fund,ETF,,73.91000366210938,,Not Rated,Nasdaq ETF Screener — no stock-style analyst consensus,—,,,,—,,0.557828111713432,-4.668253506523767,-2.040761020693982,7.291084874028231,10.707161298344149,20.47688270427659,15.648594157698748,5.513988380417967,-2.094571183419891,28.39275211581409,-3.751245496192268,29.32821161587118,-9.169476073003002,14.700631634413952,23.549863264556198,-5.4567760732553205,10.77795424209247,33.81530898060503,18.19877341775957,,,,,,,,,,,,,False,True,False,False,False,Long technical: price above 200-day average; 50-day average above 200-day average; 6-month return positive; 1-year annualized return positive; 3-year annualized return positive; 5-year annualized return positive,"Oct 06, 2026 09:22:40 PM EDT",0,6,Adjusted market total return,"Oct 06, 2026 09:22:40 PM EDT",User ETF allowlist,,,,,,,,,,,
SPXE,SPXE,ProShares S&P 500® ex-Energy ETF,ETF / Fund,ETF,,83.24199676513672,,Not Rated,Nasdaq ETF Screener — no stock-style analyst consensus,—,,,,—,,0.6188727032853558,0.7487249542019514,3.3871588251570106,18.562125367277392,13.458574192137496,18.02946312831577,25.71772466733624,27.709514534638547,-20.576522770740013,27.92924921900537,20.61703043957828,32.4491656705423,-5.5163084459141976,24.99032486725379,10.108359332724138,,,,,,,,,,,,,,,,,True,True,False,False,False,Short technical: price above 20-day average; 20-day average above 50-day average; MACD above signal line; RSI in bullish 50-70 zone; 1-month momentum positive; 3-month momentum positive | Long technical: price above 200-day average; 50-day average above 200-day average; 6-month return positive; 1-year annualized return positive; 3-year annualized return positive; 5-year annualized return positive,"Oct 06, 2026 09:22:40 PM EDT",6,6,Adjusted market total return,"Oct 06, 2026 09:22:40 PM EDT",User ETF allowlist,,,,,,,,,,,
SPXN,SPXN,ProShares S&P 500® ex-Financials ETF,ETF / Fund,ETF,,85.78900146484375,,Not Rated,Nasdaq ETF Screener — no stock-style analyst consensus,—,,,,—,,0.6346194153983742,2.0206640970975576,5.145212043957659,19.88185952166177,16.787786848145103,18.73651783357957,24.344692997558525,28.563968024982263,-18.87274094603093,27.038073044703715,22.14804826783632,31.50092781317335,-3.84743200923724,20.84512514257537,8.818651485599172,,,,,,,,,,,,,,,,,True,True,False,False,False,Short technical: price above 20-day average; 20-day average above 50-day average; MACD above signal line; RSI in bullish 50-70 zone; 1-month momentum positive; 3-month momentum positive | Long technical: price above 200-day average; 50-day average above 200-day average; 6-month return positive; 1-year annualized return positive; 3-year annualized return positive; 5-year annualized return positive,"Oct 06, 2026 09:22:40 PM EDT",6,6,Adjusted market total return,"Oct 06, 2026 09:22:40 PM EDT",User ETF allowlist,,,,,,,,,,,
SPXV,SPXV,ProShares S&P 500® ex-Health Care ETF,ETF / Fund,ETF,,84.97699737548828,,Not Rated,Nasdaq ETF Screener — no stock-style analyst consensus,—,,,,—,,0.6228475672185096,1.037470324264822,4.00135318136281,18.45093627255072,14.746472233428689,18.398239646855984,28.02317309605984,30.70746030793523,-20.47076591581528,28.36909462539776,18.98938058165982,33.58241081621496,-4.234812199436078,17.54078549060494,12.740981431204013,,,,,,,,,,,,,,,,,True,True,False,False,False,Short technical: price above 20-day average; 20-day average above 50-day average; MACD above signal line; RSI in bullish 50-70 zone; 1-month momentum positive; 3-month momentum positive | Long technical: price above 200-day average; 50-day average above 200-day average; 6-month return positive; 1-year annualized return positive; 3-year annualized return positive; 5-year annualized return positive,"Oct 06, 2026 09:22:40 PM EDT",6,6,Adjusted market total return,"Oct 06, 2026 09:22:40 PM EDT",User ETF allowlist,,,,,,,,,,,
SPY,SPY,State Street® SPDR® S&P 500® ETF Trust,ETF / Fund,ETF,,779.0900268554688,,Not Rated,Nasdaq ETF Screener — no stock-style analyst consensus,—,,,,—,,0.5497992684414754,1.406748707610439,4.455555977445758,18.78232357216552,15.14184392045166,17.719063776702647,24.886454664981493,26.17579869995954,-18.175367665431477,28.728773716883605,18.331631162305783,31.22383698037694,-4.56898228515974,21.70540233225333,11.997900685552375,1.2342761402411195,13.463798494053991,32.30772331252443,15.990414389397788,1.8949510334505204,15.0561689050972,26.35179077774994,-36.79503327284171,5.146256913533898,15.845239950412026,4.828243159870849,10.697962910193535,28.18152477666778,-21.584651045587652,-11.758474693313392,,True,True,False,False,False,Short technical: price above 20-day average; 20-day average above 50-day average; MACD above signal line; RSI in bullish 50-70 zone; 1-month momentum positive; 3-month momentum positive | Long technical: price above 200-day average; 50-day average above 200-day average; 6-month return positive; 1-year annualized return positive; 3-year annualized return positive; 5-year annualized return positive,"Oct 06, 2026 09:22:40 PM EDT",6,6,Adjusted market total return,"Oct 06, 2026 09:22:40 PM EDT",User ETF allowlist,,,,,,,,,,,
SPYG,SPYG,State Street® SPDR® Portfolio S&P 500 Growth ETF,ETF / Fund,ETF,,126.5,,Not Rated,Nasdaq ETF Screener — no stock-style analyst consensus,—,,,,—,,0.6044235320044056,4.070925815026549,7.516391109278175,26.60873676679869,19.00368144270237,22.08854137047127,35.991619873735644,30.02379293023354,-29.409956821413815,32.012795033997456,33.46436037742957,30.84182760427836,-0.1184534241438495,27.23677016563655,6.837949548882749,5.076573299757814,14.804644011977697,32.603796461307375,14.177884150189346,4.64813478428614,16.243468528234573,36.99592166778272,-37.41165577223049,10.752719044961978,9.011539066853016,2.77402687680568,5.270716796527664,28.339555807140737,-32.13235006997627,-25.900600602004065,,True,True,False,False,False,Short technical: price above 20-day average; 20-day average above 50-day average; MACD above signal line; RSI in bullish 50-70 zone; 1-month momentum positive; 3-month momentum positive | Long technical: price above 200-day average; 50-day average above 200-day average; 6-month return positive; 1-year annualized return positive; 3-year annualized return positive; 5-year annualized return positive,"Oct 06, 2026 09:22:40 PM EDT",6,6,Adjusted market total return,"Oct 06, 2026 09:22:40 PM EDT",User ETF allowlist,,,,,,,,,,,
SPYM,SPYM,State Street® SPDR® Portfolio S&P 500® ETF,ETF / Fund,ETF,,91.72000122070312,,Not Rated,Nasdaq ETF Screener — no stock-style analyst consensus,—,,,,—,,0.5481254037590588,1.4297876921573804,4.507253702915692,18.855774101813623,15.244337850373713,17.791919310083326,24.99665314539761,26.242812767664205,-18.09200893394341,28.7787172019881,18.491682910004403,31.99295046394308,-4.78013024301468,21.301197357976285,11.820982735774187,1.1449645550208665,13.686977066734428,33.172426608532504,15.144271401474008,1.7144288984809242,15.887793498405012,27.230081002586303,-36.896476629119526,5.7459313414497615,14.547591551766814,,,,,,,True,True,False,False,False,Short technical: price above 20-day average; 20-day average above 50-day average; MACD above signal line; RSI in bullish 50-70 zone; 1-month momentum positive; 3-month momentum positive | Long technical: price above 200-day average; 50-day average above 200-day average; 6-month return positive; 1-year annualized return positive; 3-year annualized return positive; 5-year annualized return positive,"Oct 06, 2026 09:22:40 PM EDT",6,6,Adjusted market total return,"Oct 06, 2026 09:22:40 PM EDT",User ETF allowlist,,,,,,,,,,,
SPYX,SPYX,State Street® SPDR® S&P® 500 Fossil Fuel Reserves Free ETF,ETF / Fund,ETF,,63.459999084472656,,Not Rated,Nasdaq ETF Screener — no stock-style analyst consensus,—,,,,—,,0.682215315728385,0.7626525568594555,3.636187390737766,18.447629172408146,13.70916730997922,17.87326107804761,25.45273250666096,26.376818406868384,-19.5886782572772,28.06031738327397,19.87244685778482,31.616343592057277,-4.262682676537233,23.24886450184178,10.49780119204411,,,,,,,,,,,,,,,,,True,True,False,False,False,Short technical: price above 20-day average; 20-day average above 50-day average; MACD above signal line; RSI in bullish 50-70 zone; 1-month momentum positive; 3-month momentum positive | Long technical: price above 200-day average; 50-day average above 200-day average; 6-month return positive; 1-year annualized return positive; 3-year annualized return positive; 5-year annualized return positive,"Oct 06, 2026 09:22:40 PM EDT",6,6,Adjusted market total return,"Oct 06, 2026 09:22:40 PM EDT",User ETF allowlist,,,,,,,,,,,
SURE,SURE,AdvisorShares Insider Advantage ETF,ETF / Fund,ETF,,147.4949951171875,,Not Rated,Nasdaq ETF Screener — no stock-style analyst consensus,—,,,,—,,0.1663803851867484,-2.0357349170475603,-0.4689974443407907,14.284052306931262,15.754981350435182,10.570403849057964,12.170342374517396,23.310908757580705,-11.248312970866635,23.871817435819164,8.756608287891199,28.891875075236804,-17.024653509275755,13.163352324772216,18.81749638362149,-1.5649412371148363,14.877087251160038,43.54149370939191,14.002646751472737,,,,,,,,,,,,,False,True,False,False,False,Long technical: price above 200-day average; 50-day average above 200-day average; 6-month return positive; 1-year annualized return positive; 3-year annualized return positive; 5-year annualized return positive,"Oct 06, 2026 09:22:40 PM EDT",3,6,Adjusted market total return,"Oct 06, 2026 09:22:40 PM EDT",User ETF allowlist,,,,,,,,,,,
TOK,TOK,iShares MSCI Kokusai ETF,ETF / Fund,ETF,,155.19000244140625,,Not Rated,Nasdaq ETF Screener — no stock-style analyst consensus,—,,,,—,,0.6159212360014488,-0.051524331070607,3.082032079436914,15.65655371050485,13.086592111994566,20.830726620447276,19.52196017284875,24.76706638785757,-17.930472821121956,23.83978369962545,15.0596665952466,30.052917904271823,-7.826569784480997,22.085079430172748,7.813262740474935,-1.6014605424908512,5.521419055680554,26.707507602733017,15.947683540798074,-3.7251387041027817,11.37979836979124,31.54709170717991,-40.284335032159824,,,,,,,,,False,True,False,False,False,Long technical: price above 200-day average; 50-day average above 200-day average; 6-month return positive; 1-year annualized return positive; 3-year annualized return positive; 5-year annualized return positive,"Oct 06, 2026 09:22:40 PM EDT",4,6,Adjusted market total return,"Oct 06, 2026 09:22:40 PM EDT",User ETF allowlist,,,,,,,,,,,
TPYP,TPYP,Tortoise North American Pipeline Fund,ETF / Fund,ETF,,40.959999084472656,,Not Rated,Nasdaq ETF Screener — no stock-style analyst consensus,—,,,,—,,0.8122028247161239,-4.654579216910426,-3.705347862435216,-2.5615504896552066,18.934586087310777,7.587566513774324,37.36969816523788,10.50782285266154,16.091968144888913,34.96876249654268,-20.976794351214544,23.35011453407818,-11.134424881870451,2.272202068383411,38.92328786214967,,,,,,,,,,,,,,,,,False,True,False,False,False,Long technical: price above 200-day average; 50-day average above 200-day average; 1-year annualized return positive; 3-year annualized return positive; 5-year annualized return positive,"Oct 06, 2026 09:22:40 PM EDT",0,5,Adjusted market total return,"Oct 06, 2026 09:22:40 PM EDT",User ETF allowlist,,,,,,,,,,,
UDIV,UDIV,Franklin U.S. Core Dividend Tilt Index ETF,ETF / Fund,ETF,,61.99800109863281,,Not Rated,Nasdaq ETF Screener — no stock-style analyst consensus,—,,,,—,,0.4536806130760906,0.3526209091825105,3.6012392317660518,19.375800250439102,17.88126245865971,19.000860715336263,25.60821103050948,25.21157483078596,-14.995996442667082,19.664587321816683,5.539242332607097,24.593998439908127,-8.834055215524684,17.441160943866628,,,,,,,,,,,,,,,,,,True,True,False,False,False,Short technical: price above 20-day average; 20-day average above 50-day average; MACD above signal line; RSI in bullish 50-70 zone; 1-month momentum positive; 3-month momentum positive | Long technical: price above 200-day average; 50-day average above 200-day average; 6-month return positive; 1-year annualized return positive; 3-year annualized return positive; 5-year annualized return positive,"Oct 06, 2026 09:22:40 PM EDT",6,6,Adjusted market total return,"Oct 06, 2026 09:22:40 PM EDT",User ETF allowlist,,,,,,,,,,,
URTH,URTH,iShares MSCI World ETF,ETF / Fund,ETF,,209.72999572753903,,Not Rated,Nasdaq ETF Screener — no stock-style analyst consensus,—,,,,—,,0.5658080357296313,-0.0428994345332389,3.2491462049312414,15.708084450473802,13.652649286226248,21.360384531978596,18.66002323628844,23.947830477462983,-17.96828694961068,22.272869085769507,15.7847298354447,28.14592010346302,-8.562565191583293,22.946364679289854,7.306294172117322,-0.6357815901694486,4.3730870316157855,26.660049521560737,,,,,,,,,,,,,,False,True,False,False,False,Long technical: price above 200-day average; 50-day average above 200-day average; 6-month return positive; 1-year annualized return positive; 3-year annualized return positive; 5-year annualized return positive,"Oct 06, 2026 09:22:40 PM EDT",4,6,Adjusted market total return,"Oct 06, 2026 09:22:40 PM EDT",User ETF allowlist,,,,,,,,,,,
VFH,VFH,Vanguard Financials Index Fund ETF Shares,ETF / Fund,ETF,,131.64999389648438,,Not Rated,Nasdaq ETF Screener — no stock-style analyst consensus,—,,,,—,,0.1902587607400807,-7.012154639921919,-3.689933840657656,8.800172913784543,-0.0963394037193032,14.911307038620825,30.43702301420528,14.171545210348068,-12.309756192705969,35.22207842435128,-1.9596329683480465,31.567972710748027,-13.517938553490383,19.99273791924245,24.860792013381715,-0.5645341653530922,14.095635165453512,32.83652346326218,26.218551642297538,-14.300512404733324,14.815105755114576,14.33820138484303,-48.89544847271179,-17.609946890893326,19.44112554240627,6.062774029541518,,,,,,False,True,False,False,False,Long technical: price above 200-day average; 50-day average above 200-day average; 6-month return positive; 1-year annualized return positive; 3-year annualized return positive; 5-year annualized return positive,"Oct 06, 2026 09:22:40 PM EDT",0,6,Adjusted market total return,"Oct 06, 2026 09:22:40 PM EDT",User ETF allowlist,,,,,,,,,,,
VGT,VGT,Vanguard Information Technology Index Fund ETF Shares,ETF / Fund,ETF,,129.8000030517578,,Not Rated,Nasdaq ETF Screener — no stock-style analyst consensus,—,,,,—,,0.4644010198823656,7.158508641985883,13.932248094398547,44.87388595041069,38.22713139768261,21.77390798473784,29.30454325499996,52.6588708743452,-29.69520812631872,30.45030164086937,46.04364125906461,48.623082528157234,2.45962010222518,37.082747067944986,13.771763714620189,5.0461572597601645,16.685305713847587,30.972830524530348,13.95635482561428,0.5422829662942608,12.777206719893442,61.890963770901465,-42.8225106107852,14.778366013172572,8.854425694485268,2.9958369939087515,,,,,,True,True,False,False,False,Short technical: price above 20-day average; 20-day average above 50-day average; MACD above signal line; 1-month momentum positive; 3-month momentum positive | Long technical: price above 200-day average; 50-day average above 200-day average; 6-month return positive; 1-year annualized return positive; 3-year annualized return positive; 5-year annualized return positive,"Oct 06, 2026 09:22:40 PM EDT",5,6,Adjusted market total return,"Oct 06, 2026 09:22:40 PM EDT",User ETF allowlist,,,,,,,,,,,
VLU,VLU,State Street® SPDR® S&P® 1500 Value Tilt ETF,ETF / Fund,ETF,,243.12600708007807,,Not Rated,Nasdaq ETF Screener — no stock-style analyst consensus,—,,,,—,,0.4985155920390616,-2.030486347573579,1.4454611871855372,12.620184814788685,16.9255708315446,16.701222159705466,17.242406218083552,17.185779940651692,-8.240287715257677,30.95101375484206,9.907052646185498,26.195665442223625,-7.881545465038919,18.15998785084501,15.2841302830645,-2.438697228903186,13.578113341614053,34.61296499458071,,,,,,,,,,,,,,False,True,False,False,False,Long technical: price above 200-day average; 50-day average above 200-day average; 6-month return positive; 1-year annualized return positive; 3-year annualized return positive; 5-year annualized return positive,"Oct 06, 2026 09:22:40 PM EDT",3,6,Adjusted market total return,"Oct 06, 2026 09:22:40 PM EDT",User ETF allowlist,,,,,,,,,,,
VLUE,VLUE,iShares MSCI USA Value Factor ETF,ETF / Fund,ETF,,199.75999450683597,,Not Rated,Nasdaq ETF Screener — no stock-style analyst consensus,—,,,,—,,-0.2197814426141087,-2.335005363137932,4.607979101850024,37.66591532026338,47.95009861478214,32.667619228964284,7.246360732028645,14.26425045678059,-14.170191255445364,28.93340890202587,-0.2321233996635308,27.1992250446756,-11.127081007216775,21.95295474804677,14.53065352996954,-3.4924413381288155,12.774828620059983,,,,,,,,,,,,,,,False,True,False,False,False,Long technical: price above 200-day average; 50-day average above 200-day average; 6-month return positive; 1-year annualized return positive; 3-year annualized return positive; 5-year annualized return positive,"Oct 06, 2026 09:22:40 PM EDT",2,6,Adjusted market total return,"Oct 06, 2026 09:22:40 PM EDT",User ETF allowlist,,,,,,,,,,,
VOE,VOE,Vanguard Morningstar Mid-Cap Value ETF,ETF / Fund,ETF,,200.77999877929688,,Not Rated,Nasdaq ETF Screener — no stock-style analyst consensus,—,,,,—,,0.6264722135254752,-3.151211765599504,0.5596370036153431,9.072954514991435,14.935055576368605,12.083686027702932,13.99733282946749,9.85227660038792,-7.968656948482278,28.78531172578416,2.646268357400672,27.852631141338517,-12.4797892094344,17.072240218186895,15.386066998047298,-1.887512409549641,13.968626000645123,37.7679228385698,16.01383602588784,-0.3836489599974291,21.76173146869278,38.26659093604468,-36.636406951509706,-4.325765130525205,,,,,,,,False,True,False,False,False,Long technical: price above 200-day average; 50-day average above 200-day average; 6-month return positive; 1-year annualized return positive; 3-year annualized return positive; 5-year annualized return positive,"Oct 06, 2026 09:22:40 PM EDT",3,6,Adjusted market total return,"Oct 06, 2026 09:22:40 PM EDT",User ETF allowlist,,,,,,,,,,,
VONE,VONE,Vanguard Russell 1000 Index Fund ETF Shares,ETF / Fund,ETF,,352.0400085449219,,Not Rated,Nasdaq ETF Screener — no stock-style analyst consensus,—,,,,—,,0.5570031213200322,1.2184579822620112,4.197764665543491,18.420189781963025,14.836844761140313,17.212876410866173,24.510498725415243,26.411420511520788,-19.138087160301044,26.488527256038008,20.946168533281,31.122777088922547,-4.836129993212435,21.547344409278143,11.77792664374362,0.6657198341065707,12.688050503111924,33.020392470937225,16.230149863872967,1.4189437715836917,,,,,,,,,,,,True,True,False,False,False,Short technical: price above 20-day average; 20-day average above 50-day average; MACD above signal line; RSI in bullish 50-70 zone; 1-month momentum positive; 3-month momentum positive | Long technical: price above 200-day average; 50-day average above 200-day average; 6-month return positive; 1-year annualized return positive; 3-year annualized return positive; 5-year annualized return positive,"Oct 06, 2026 09:22:40 PM EDT",6,6,Adjusted market total return,"Oct 06, 2026 09:22:40 PM EDT",User ETF allowlist,,,,,,,,,,,
VOO,VOO,Vanguard S&P 500 ETF,ETF / Fund,ETF,,716.2000122070312,,Not Rated,Nasdaq ETF Screener — no stock-style analyst consensus,—,,,,—,,0.5446996915596136,1.4168708895243354,4.506250663505118,18.82591794178834,15.192340786204817,17.823359684059636,24.976033092257268,26.323877918988337,-18.174047747387323,28.794450264228463,18.32439661190932,31.365039472017365,-4.500686129192255,21.773568516707687,12.166737761960466,1.3250789355207182,12.927972418944432,32.38647299165041,15.99277557579004,1.8974962055053448,,,,,,,,,,,,True,True,False,False,False,Short technical: price above 20-day average; 20-day average above 50-day average; MACD above signal line; RSI in bullish 50-70 zone; 1-month momentum positive; 3-month momentum positive | Long technical: price above 200-day average; 50-day average above 200-day average; 6-month return positive; 1-year annualized return positive; 3-year annualized return positive; 5-year annualized return positive,"Oct 06, 2026 09:22:40 PM EDT",6,6,Adjusted market total return,"Oct 06, 2026 09:22:40 PM EDT",User ETF allowlist,,,,,,,,,,,
VOOG,VOOG,Vanguard S&P 500 Growth Index Fund ETF Shares,ETF / Fund,ETF,,87.80999755859375,,Not Rated,Nasdaq ETF Screener — no stock-style analyst consensus,—,,,,—,,0.5957115793475909,4.043646610563489,7.530425558412701,26.619422419718664,18.944715054441865,22.11241909314152,35.88898854284386,29.95763382340815,-29.47615684528368,31.95381762129019,33.34852087411095,30.931488052405864,-0.2107672127083959,27.18671747226631,6.843174621802195,5.404192295671573,14.709935367373994,32.64894120218085,14.158363079705904,4.632092996020276,,,,,,,,,,,,True,True,False,False,False,Short technical: price above 20-day average; 20-day average above 50-day average; MACD above signal line; RSI in bullish 50-70 zone; 1-month momentum positive; 3-month momentum positive | Long technical: price above 200-day average; 50-day average above 200-day average; 6-month return positive; 1-year annualized return positive; 3-year annualized return positive; 5-year annualized return positive,"Oct 06, 2026 09:22:40 PM EDT",6,6,Adjusted market total return,"Oct 06, 2026 09:22:40 PM EDT",User ETF allowlist,,,,,,,,,,,
VT,VT,Vanguard Total World Stock Index Fund ETF Shares,ETF / Fund,ETF,,160.6999969482422,,Not Rated,Nasdaq ETF Screener — no stock-style analyst consensus,—,,,,—,,0.3684943698966325,-0.381593717050277,3.052865936706395,15.389191803927991,14.89767893626286,22.433899798833103,16.493137098460096,22.02176452958311,-18.0033632944125,18.2662920344939,16.587748025924864,26.81383036101055,-9.763042250414175,24.496360381277672,8.497571424459327,-1.861408059390779,3.680104716107469,22.93765711381468,17.12488244515058,-7.508670422116603,13.082517622966703,32.66374122386131,,,,,,,,,,False,True,False,False,False,Long technical: price above 200-day average; 50-day average above 200-day average; 6-month return positive; 1-year annualized return positive; 3-year annualized return positive; 5-year annualized return positive,"Oct 06, 2026 09:22:40 PM EDT",4,6,Adjusted market total return,"Oct 06, 2026 09:22:40 PM EDT",User ETF allowlist,,,,,,,,,,,
VTV,VTV,Vanguard Morningstar Value ETF,ETF / Fund,ETF,,219.00999450683597,,Not Rated,Nasdaq ETF Screener — no stock-style analyst consensus,—,,,,—,,0.4955728295101824,-2.842280341600556,0.2064793823616906,11.90828644576256,16.409587069479127,15.267545738822896,15.954228643878476,9.315465356146092,-2.087223384104864,26.53436409606551,2.331800008533502,25.65596487059951,-5.473930657525338,17.144939216920662,17.102046608959263,-0.9781680791808632,13.172368150332623,33.087196712296254,15.179326294019967,1.1118140957201428,14.541407398875528,19.876675750738592,-35.88635999958826,-0.115902040343252,22.37682608295306,7.21288848187589,,,,,,False,True,False,False,False,Long technical: price above 200-day average; 50-day average above 200-day average; 6-month return positive; 1-year annualized return positive; 3-year annualized return positive; 5-year annualized return positive,"Oct 06, 2026 09:22:40 PM EDT",1,6,Adjusted market total return,"Oct 06, 2026 09:22:40 PM EDT",User ETF allowlist,,,,,,,,,,,
VUG,VUG,Vanguard Morningstar Growth ETF,ETF / Fund,ETF,,92.63999938964844,,Not Rated,Nasdaq ETF Screener — no stock-style analyst consensus,—,,,,—,,0.6300259031459587,4.842054075401769,7.979503075045624,25.191330962406862,14.301197834148226,19.40453836420077,32.69058609298463,46.83321639178835,-33.15869595765609,27.346915341557644,40.24734422982632,37.03448517371557,-3.321815786500093,27.723133069755868,6.273700689490624,3.23913670342717,13.613168289724763,32.475898807361126,17.011172414353126,1.8220101207311767,17.215467837823372,36.1350389201164,-38.02289430120338,12.51711191958087,9.191956358242104,5.017644176241864,,,,,,True,True,False,False,False,Short technical: price above 20-day average; 20-day average above 50-day average; MACD above signal line; RSI in bullish 50-70 zone; 1-month momentum positive; 3-month momentum positive | Long technical: price above 200-day average; 50-day average above 200-day average; 6-month return positive; 1-year annualized return positive; 3-year annualized return positive; 5-year annualized return positive,"Oct 06, 2026 09:22:40 PM EDT",6,6,Adjusted market total return,"Oct 06, 2026 09:22:40 PM EDT",User ETF allowlist,,,,,,,,,,,
VV,VV,Vanguard Morningstar Large-Cap ETF,ETF / Fund,ETF,,359.5899963378906,,Not Rated,Nasdaq ETF Screener — no stock-style analyst consensus,—,,,,—,,0.5396165788793539,1.5577151247587295,4.692876007075331,19.36342249880996,15.181877286363266,18.10532902548745,25.25136594203239,27.182822518248997,-19.907051058505377,27.410206609111864,21.03780418909749,31.25390673275124,-4.458528690588359,22.005050321186204,11.77779294991992,1.0012679293906812,13.379469973592984,32.684144207344644,16.17838402428262,1.4286840833819037,15.911935158193293,27.37299536673603,-36.68447588444926,6.176718305580864,15.48172144315878,6.030983331013995,,,,,,True,True,False,False,False,Short technical: price above 20-day average; 20-day average above 50-day average; MACD above signal line; RSI in bullish 50-70 zone; 1-month momentum positive; 3-month momentum positive | Long technical: price above 200-day average; 50-day average above 200-day average; 6-month return positive; 1-year annualized return positive; 3-year annualized return positive; 5-year annualized return positive,"Oct 06, 2026 09:22:40 PM EDT",6,6,Adjusted market total return,"Oct 06, 2026 09:22:40 PM EDT",User ETF allowlist,,,,,,,,,,,
VYMI,VYMI,Vanguard International High Dividend Yield Index Fund ETF Shares,ETF / Fund,ETF,,101.08000183105467,,Not Rated,Nasdaq ETF Screener — no stock-style analyst consensus,—,,,,—,,0.5871270572470388,-4.8197886499493965,1.901945448197928,8.034006911725978,15.496588172476544,38.05151632672157,7.058162422184711,17.071646546449415,-7.020842114814685,15.390628666492969,-1.1046301384354695,18.44868067517538,-12.6465738961124,22.36413956688508,,,,,,,,,,,,,,,,,,False,True,False,False,False,Long technical: price above 200-day average; 50-day average above 200-day average; 6-month return positive; 1-year annualized return positive; 3-year annualized return positive; 5-year annualized return positive,"Oct 06, 2026 09:22:40 PM EDT",1,6,Adjusted market total return,"Oct 06, 2026 09:22:40 PM EDT",User ETF allowlist,,,,,,,,,,,
WTV,WTV,WisdomTree U.S. Value Fund,ETF / Fund,ETF,,103.86000061035156,,Not Rated,Nasdaq ETF Screener — no stock-style analyst consensus,—,,,,—,,0.3963302795596091,-4.382345927581232,0.553708269119868,10.706790592823843,13.163369156814683,13.505585909554709,23.989905578009303,22.35443171877045,-8.066249070020703,30.591108792992493,6.150471875546137,29.69111738462076,-8.287893346861274,23.75901879679916,7.619192871622871,-0.6727026023137128,14.463900089780534,30.731930992232304,11.239896869723642,5.140745876216468,14.228710927244382,29.49654241634856,-41.40030873064976,,,,,,,,,False,True,False,False,False,Long technical: price above 200-day average; 50-day average above 200-day average; 6-month return positive; 1-year annualized return positive; 3-year annualized return positive; 5-year annualized return positive,"Oct 06, 2026 09:22:40 PM EDT",1,6,Adjusted market total return,"Oct 06, 2026 09:22:40 PM EDT",User ETF allowlist,,,,,,,,,,,
XAR,XAR,State Street® SPDR® S&P® Aerospace & Defense ETF,ETF / Fund,ETF,,233.6199951171875,,Not Rated,Nasdaq ETF Screener — no stock-style analyst consensus,—,,,,—,,1.0117590583886171,-7.581171127117092,-16.31914694995563,-10.098934787829538,-3.043494946084257,46.15262729322538,23.31584277995937,23.78930527265224,-5.020518236005378,2.3115776102735186,6.17681373581227,39.3345757786534,-4.582795967959729,32.99558747217644,21.249997558400132,-0.9784798341381796,11.595072654235985,61.17438860163289,14.764949438643216,,,,,,,,,,,,,False,False,False,False,False,,"Oct 06, 2026 09:22:40 PM EDT",1,2,Adjusted market total return,"Oct 06, 2026 09:22:40 PM EDT",User ETF allowlist,,,,,,,,,,,
XCEM,XCEM,Columbia EM Core ex-China ETF,ETF / Fund,ETF,,53.18999862670898,,Not Rated,Nasdaq ETF Screener — no stock-style analyst consensus,—,,,,—,,1.083237754455424,1.7503530829685587,6.678696300830112,28.354248043885956,38.66005677892377,34.05007333143328,0.4152109763960077,19.962522046740403,-17.587158597945564,7.87268883063259,9.47285369987294,19.738653931423443,-11.260469497102132,33.391279288762135,14.44330539016876,,,,,,,,,,,,,,,,,True,True,False,False,False,Short technical: price above 20-day average; 20-day average above 50-day average; MACD above signal line; RSI in bullish 50-70 zone; 1-month momentum positive; 3-month momentum positive | Long technical: price above 200-day average; 50-day average above 200-day average; 6-month return positive; 1-year annualized return positive; 3-year annualized return positive; 5-year annualized return positive,"Oct 06, 2026 09:22:40 PM EDT",6,6,Adjusted market total return,"Oct 06, 2026 09:22:40 PM EDT",User ETF allowlist,,,,,,,,,,,
XLE,XLE,State Street® Energy Select Sector SPDR® ETF,ETF / Fund,ETF,,63.75,,Not Rated,Nasdaq ETF Screener — no stock-style analyst consensus,—,,,,—,,0.4728120306592309,0.1076093543223022,17.36627892399918,7.366048139355463,45.41140023888231,7.876269619688547,5.559237601482359,-0.6302546864189518,64.3248946205815,53.27982467740646,-32.67130809409331,11.741452382487203,-18.217593581582147,-0.8874268704045507,28.025392799403654,-21.498189390168363,-8.678288334274297,26.246474317188092,5.212577324624457,2.839040011527749,21.77698443786176,21.76379200845222,-38.95532173056427,36.8883419717116,18.06889075873368,40.17882156240431,33.935203189338246,25.81174497672165,-14.6816448048374,-18.133044730601345,,True,True,False,True,False,Short technical: price above 20-day average; 20-day average above 50-day average; RSI in bullish 50-70 zone; 1-month momentum positive; 3-month momentum positive | Long technical: price above 200-day average; 50-day average above 200-day average; 6-month return positive; 1-year annualized return positive; 3-year annualized return positive; 5-year annualized return positive,"Oct 06, 2026 09:22:40 PM EDT",5,6,Adjusted market total return,"Oct 06, 2026 09:22:40 PM EDT",User ETF allowlist,,,,,,,,,,,
XLF,XLF,State Street® Financial Select Sector SPDR® ETF,ETF / Fund,ETF,,54.0099983215332,,Not Rated,Nasdaq ETF Screener — no stock-style analyst consensus,—,,,,—,,0.2412718092815735,-6.71058749794835,-3.2985749336143955,9.043729175565328,-0.1814773657729529,14.902351368198753,30.5562071577437,12.030964267205311,-10.586459719728335,34.797846764398635,-1.7363411642959958,31.87400186164946,-13.052096963836268,21.999874172243278,22.415195129599795,-1.7700540723636138,15.053608888435654,35.52730532780757,28.41541276910611,-17.142569296550626,11.903967843198782,17.565381770987052,-54.90218454080193,-19.17571565423988,18.88864130405661,6.204454810528803,10.85963590517931,30.491866992810813,-14.73604147062667,-9.430581909471323,,False,True,False,False,False,Long technical: price above 200-day average; 50-day average above 200-day average; 6-month return positive; 1-year annualized return positive; 3-year annualized return positive; 5-year annualized return positive,"Oct 06, 2026 09:22:40 PM EDT",0,6,Adjusted market total return,"Oct 06, 2026 09:22:40 PM EDT",User ETF allowlist,,,,,,,,,,,
XLG,XLG,Invesco S&P 500® Top 50 ETF,ETF / Fund,ETF,,65.04000091552734,,Not Rated,Nasdaq ETF Screener — no stock-style analyst consensus,—,,,,—,,0.5255084749959948,3.318110792192264,6.668412582632022,18.152013744287075,10.270043103364635,19.51167630758366,33.49258466017837,38.161236215023806,-24.286860400518474,30.457304703013733,23.749293415644463,32.042590465163954,-3.587845526922317,23.037230268315344,11.272029568617882,4.218687687136402,11.376566754035244,28.75838190116436,15.369353299939291,4.198389223348609,9.28825738963257,20.325672271289275,-33.78346500183517,4.490926531343509,18.061578440058177,,,,,,,True,True,False,False,False,Short technical: price above 20-day average; 20-day average above 50-day average; MACD above signal line; RSI in bullish 50-70 zone; 1-month momentum positive; 3-month momentum positive | Long technical: price above 200-day average; 50-day average above 200-day average; 6-month return positive; 1-year annualized return positive; 3-year annualized return positive; 5-year annualized return positive,"Oct 06, 2026 09:22:40 PM EDT",6,6,Adjusted market total return,"Oct 06, 2026 09:22:40 PM EDT",User ETF allowlist,,,,,,,,,,,
XLI,XLI,State Street® Industrial Select Sector SPDR® ETF,ETF / Fund,ETF,,171.5800018310547,,Not Rated,Nasdaq ETF Screener — no stock-style analyst consensus,—,,,,—,,0.8700738826772358,-1.8422173194738043,-5.668853223100068,4.981988683829508,11.493699898854516,19.346998406966836,17.309705584851386,18.129321032193737,-5.56871686557292,21.081988228534176,10.905010981182103,29.084587244581492,-13.247395222357216,23.979199723763923,20.005488017827734,-4.32338254364354,10.365769223522635,40.548607829106565,14.92433789704406,-1.0996310820344468,27.820635505808333,22.031156524444228,-38.727628964534354,13.493241362325303,13.515864173465976,2.7486805505235745,17.75133671507101,31.857665695828903,-24.572991173530944,-10.540629310147832,,False,False,False,False,False,,"Oct 06, 2026 09:22:40 PM EDT",3,5,Adjusted market total return,"Oct 06, 2026 09:22:40 PM EDT",User ETF allowlist,,,,,,,,,,,
XLK,XLK,State Street® Technology Select Sector SPDR® ETF,ETF / Fund,ETF,,202.0,,Not Rated,Nasdaq ETF Screener — no stock-style analyst consensus,—,,,,—,,0.5325274290659543,7.985757070809085,12.867365580781808,47.33093099148964,40.81310183786149,24.60594045154494,21.63062697362015,56.0183585542013,-27.72628313387213,34.744084199996486,43.61879448856492,49.85588700592372,-1.677201643413606,34.256396169326784,15.01187709289744,5.469182032117104,17.842382726190053,26.241252200414912,15.296228402114354,2.613900061683672,11.394590173141882,51.32494323661931,-41.50723024718332,15.457026202085068,12.157206283897914,-0.3165048392231973,5.63770590594872,38.6754351187065,-38.16685819991575,-23.353288549038574,,True,True,False,False,False,Short technical: price above 20-day average; 20-day average above 50-day average; MACD above signal line; 1-month momentum positive; 3-month momentum positive | Long technical: price above 200-day average; 50-day average above 200-day average; 6-month return positive; 1-year annualized return positive; 3-year annualized return positive; 5-year annualized return positive,"Oct 06, 2026 09:22:40 PM EDT",5,6,Adjusted market total return,"Oct 06, 2026 09:22:40 PM EDT",User ETF allowlist,,,,,,,,,,,
XMHQ,XMHQ,Invesco S&P MidCap Quality ETF,ETF / Fund,ETF,,114.8000030517578,,Not Rated,Nasdaq ETF Screener — no stock-style analyst consensus,—,,,,—,,0.4989929773906665,-2.646663739674171,1.201533424842749,10.400184422600113,12.570283176573271,4.706178359171576,16.793178619446426,29.503414814003893,-12.413604739634332,20.52885224524061,26.24130810181189,27.180565753812115,-9.081123774575028,15.637113752054145,16.152586569297412,-6.516036526012359,13.054339490852174,33.42090355210501,13.237555446611491,-1.3882938641261,21.15215550819997,29.54627819947577,-40.15335820966571,5.6099127690572015,,,,,,,,False,True,False,False,False,Long technical: price above 200-day average; 50-day average above 200-day average; 6-month return positive; 1-year annualized return positive; 3-year annualized return positive; 5-year annualized return positive,"Oct 06, 2026 09:22:40 PM EDT",4,6,Adjusted market total return,"Oct 06, 2026 09:22:40 PM EDT",User ETF allowlist,,,,,,,,,,,
XMMO,XMMO,Invesco S&P MidCap Momentum ETF,ETF / Fund,ETF,,151.74000549316406,,Not Rated,Nasdaq ETF Screener — no stock-style analyst consensus,—,,,,—,,0.1253727730651022,-1.4810193773958755,-5.157196246814788,2.8837864219799947,10.131721505128532,13.04406938974465,38.028727701151446,20.391083505771345,-16.016256171062125,16.631774874017147,28.847989137237875,36.78604624268323,6.110566567530951,37.18700355140969,3.397908609228928,-4.575298850302712,10.614098904594591,27.47512802174692,14.725661383222466,-5.739730290303435,29.581690984074307,23.605150687718755,-44.064314313168005,27.560539075998136,9.337304972032555,,,,,,,False,False,False,False,False,,"Oct 06, 2026 09:22:40 PM EDT",3,5,Adjusted market total return,"Oct 06, 2026 09:22:40 PM EDT",User ETF allowlist,,,,,,,,,,,
XMVM,XMVM,Invesco S&P MidCap Value with Momentum ETF,ETF / Fund,ETF,,71.66000366210938,,Not Rated,Nasdaq ETF Screener — no stock-style analyst consensus,—,,,,—,,0.0558515973098749,-5.083785920666928,1.15684037132191,9.237965456239028,13.4721322104699,18.462367643471488,11.732887473652532,16.308338185956494,-8.21618563733285,34.70991283260072,5.262646393562886,30.379073511214315,-9.619628797547474,2.7960282298853167,28.710723726809405,-8.018596609129292,13.355522069804993,41.07052431292164,18.145578945444107,-1.1721470699442404,14.72763718617851,25.69738289151331,-37.13238288846677,0.0585449414002958,14.335160514599954,,,,,,,False,True,False,False,False,Long technical: price above 200-day average; 50-day average above 200-day average; 6-month return positive; 1-year annualized return positive; 3-year annualized return positive; 5-year annualized return positive,"Oct 06, 2026 09:22:40 PM EDT",2,6,Adjusted market total return,"Oct 06, 2026 09:22:40 PM EDT",User ETF allowlist,,,,,,,,,,,
XNTK,XNTK,State Street® SPDR® NYSE Technology ETF,ETF / Fund,ETF,,392.55999755859375,,Not Rated,Nasdaq ETF Screener — no stock-style analyst consensus,—,,,,—,,0.5352514486021365,8.644613595747863,9.45935355242382,49.08780337303551,41.42417998992922,38.06463276438239,23.488129067570405,70.13415148387185,-41.07076041074881,17.63388174205933,73.90597787850479,38.078812085539006,-7.126093990376603,40.37043489815191,12.881496714212304,7.266971353489082,14.673291963664337,32.606053829355155,17.689805342538033,-10.543531284801622,15.28267028744872,70.47161675740914,-44.95200434307971,9.577102151866644,9.14517406350688,2.75527125322661,6.594931081959587,65.75922497114728,-43.93347585525576,-24.013485070585915,,True,True,False,False,False,Short technical: price above 20-day average; 20-day average above 50-day average; MACD above signal line; RSI in bullish 50-70 zone; 1-month momentum positive; 3-month momentum positive | Long technical: price above 200-day average; 50-day average above 200-day average; 6-month return positive; 1-year annualized return positive; 3-year annualized return positive; 5-year annualized return positive,"Oct 06, 2026 09:22:40 PM EDT",6,6,Adjusted market total return,"Oct 06, 2026 09:22:40 PM EDT",User ETF allowlist,,,,,,,,,,,
XSMO,XSMO,Invesco S&P SmallCap Momentum ETF,ETF / Fund,ETF,,83.02999877929688,,Not Rated,Nasdaq ETF Screener — no stock-style analyst consensus,—,,,,—,,-0.5628757134169216,-2.175518719977909,-6.883875005155094,6.177146500431952,15.874541829593891,9.806653491859697,17.43906775832784,21.55220058418772,-15.447601507700536,19.19148196461185,21.65069987315027,28.64918941414649,-3.4391052256596666,23.957380150084283,6.43422676308687,-0.4451866029538731,5.785193141289069,33.30093210323999,13.572219408511144,-1.3639023606892398,27.30859450073477,17.5389270796424,-37.8362862491806,-0.9637018549891296,5.187786784241144,,,,,,,False,True,False,False,False,Long technical: price above 200-day average; 50-day average above 200-day average; 6-month return positive; 1-year annualized return positive; 3-year annualized return positive; 5-year annualized return positive,"Oct 06, 2026 09:22:40 PM EDT",2,6,Adjusted market total return,"Oct 06, 2026 09:22:40 PM EDT",User ETF allowlist,,,,,,,,,,,
XTL,XTL,State Street® SPDR® S&P® Telecom ETF,ETF / Fund,ETF,,215.6499938964844,,Not Rated,Nasdaq ETF Screener — no stock-style analyst consensus,—,,,,—,,2.228014703121972,3.6023734474035507,1.0620106529289908,8.076363215073501,42.011126894772,44.94835701470199,34.890653222082314,-1.167252049958012,-19.17834908688017,21.57881832847275,22.461303657073262,12.512189032214003,-6.599817392498952,0.5549923105482968,24.872050730806137,-1.313843606013354,5.439131413601528,22.984756074104663,11.590730603131584,,,,,,,,,,,,,True,True,False,True,False,Short technical: price above 20-day average; MACD above signal line; RSI in bullish 50-70 zone; 1-month momentum positive; 3-month momentum positive | Long technical: price above 200-day average; 50-day average above 200-day average; 6-month return positive; 1-year annualized return positive; 3-year annualized return positive; 5-year annualized return positive,"Oct 06, 2026 09:22:40 PM EDT",5,6,Adjusted market total return,"Oct 06, 2026 09:22:40 PM EDT",User ETF allowlist,,,,,,,,,,,
