Symbol,Name,Sector,Type,2016-01,2016-02,2016-03,2016-04,2016-05,2016-06,2016-07,2016-08,2016-09,2016-10,2016-11,2016-12,2017-01,2017-02,2017-03,2017-04,2017-05,2017-06,2017-07,2017-08,2017-09,2017-10,2017-11,2017-12,2018-01,2018-02,2018-03,2018-04,2018-05,2018-06,2018-07,2018-08,2018-09,2018-10,2018-11,2018-12,2019-01,2019-02,2019-03,2019-04,2019-05,2019-06,2019-07,2019-08,2019-09,2019-10,2019-11,2019-12,2020-01,2020-02,2020-03,2020-04,2020-05,2020-06,2020-07,2020-08,2020-09,2020-10,2020-11,2020-12,2021-01,2021-02,2021-03,2021-04,2021-05,2021-06,2021-07,2021-08,2021-09,2021-10,2021-11,2021-12,2022-01,2022-02,2022-03,2022-04,2022-05,2022-06,2022-07,2022-08,2022-09,2022-10,2022-11,2022-12,2023-01,2023-02,2023-03,2023-04,2023-05,2023-06,2023-07,2023-08,2023-09,2023-10,2023-11,2023-12,2024-01,2024-02,2024-03,2024-04,2024-05,2024-06,2024-07,2024-08,2024-09,2024-10,2024-11,2024-12,2025-01,2025-02,2025-03,2025-04,2025-05,2025-06,2025-07,2025-08,2025-09,2025-10,2025-11,2025-12,Monthly Return Method,Annual Reconciliation Source,Snapshot Updated ET
NVDA,NVIDIA Corporation Common Stock,Technology,Stock,-11.13472368789379,7.4573517628506725,13.616062951930052,-0.2806475324523716,31.83596970957654,0.6207484658945717,21.463475403290033,7.623535502061873,11.705238612298775,3.8528930578100917,29.761146065140064,15.770088212096333,2.285914289350721,-6.93524966034873,7.341324717236564,-4.250434844501383,38.54464205072776,0.1454521504879347,12.416961312961083,4.356202207411575,5.506364717596668,15.684960006146653,-2.882160406577605,-3.592220880918029,27.028390913796606,-1.484773328270339,-4.301648971692962,-2.8887431368678773,12.203636512332183,-6.0628820625026165,3.3600539623419357,14.691490442179322,0.12111660766793708,-24.976842563838066,-22.405035020338527,-18.313635265518123,7.677895184963979,7.4218725639920935,16.400900710539588,0.8019761478245346,-25.07480820870264,21.23867885294617,2.733996789155557,-0.6188311848229655,3.91613468415819,15.482313586080497,7.899623303933212,8.563297470333953,0.4802429844729783,14.296624833655635,-2.395675491602778,10.880145719702172,21.465667842147027,7.05973286614785,11.760643765758626,25.999228493720295,1.1966657845611461,-7.364848641874444,6.921191734559096,-2.5567532786533897,-0.49981265010845544,5.579405666101445,-2.6369322752883395,12.445466055910902,8.228109214227409,23.16219268710247,-2.5171849179456585,14.82099974588429,-7.455882554310245,23.416683613043343,27.80536096712578,-9.981012523901434,-16.745436103230837,-0.4124780254751159,11.915706022274343,-32.027400273612486,0.6739663510413774,-18.797102107805063,19.816598090104478,-16.89699140756078,-19.553422971548574,11.187098197485245,25.41551424801105,-13.644172619988638,33.68685009571904,18.830949134479003,19.666278387600222,-0.10081224289778534,36.34367045956577,11.821046029332472,10.46520284189869,5.619647430860986,-11.857802688802943,-6.250717958217422,14.68858503045345,5.893414142888309,24.241771098120136,28.580922580706947,14.218137824065025,-4.376022325813289,26.887097876820064,12.694306683409451,-5.277657724483542,2.0082259779209632,1.7427957603416422,9.321466801412836,4.135295931038252,-2.8576800670554348,-10.589028128991917,4.03931226408778,-13.232492936822593,0.49824105382076933,24.063554742098002,16.925143681462696,12.58309005496625,-2.0745636556378066,7.125119707459349,8.527167560685012,-12.588268894443832,5.373090631056576,Actual adjusted month-end return from Yahoo/yfinance daily history,Market Table annual returns from the same adjusted daily history,"Oct 02, 2026 05:05:21 AM EDT"
AAPL,Apple Inc. Common Stock,Technology,Stock,-7.52423468113178,-0.128745102126393,12.721063635857565,-13.99210714906639,7.177278778632101,-4.265940995007234,9.006228723352926,2.3652071024772514,6.550439683407516,0.4334542389717422,-2.16012136523549,4.795517162467267,4.774669786360031,13.377759634359986,4.868969561016834,-0.006912846034812237,6.780647938345563,-5.721330060765995,3.2703731596623875,10.699908618526543,-6.024375041729191,9.680778537052293,2.0277506988874983,-1.5245440510220365,-1.063664070240744,6.818484672359393,-5.805066302779616,-1.5019679535183683,13.512418263725712,-0.9418298882469589,2.7983163146324985,20.04220663265088,-0.8302823980245067,-3.0477562258547697,-18.119741687466096,-11.669856946949075,5.515381155576171,4.47767701935895,9.702545872274882,5.643604845762651,-12.42130324885995,13.051949253750127,7.639449598402059,-1.6461289824954983,7.296172778753673,11.068430826132225,7.755458431544882,9.878353281129982,5.400992758812206,-11.470142163102127,-6.976159561268069,15.537358422737313,8.509445979967655,14.73861783983561,16.513148524683974,21.656943809353677,-10.25264127072365,-6.001199376574339,9.549316860451462,11.457389491356128,-0.5501688198342181,-7.971209037017801,0.7339914879429754,7.621733759029992,-5.049684078752204,9.910912258224315,6.4982590813243535,4.248899857610944,-6.803637695996734,5.865702121393013,10.508189491455443,7.422870489329947,-1.5711985609098145,-5.406610543374535,5.747351246610566,-9.713080969533605,-5.4496075946059985,-8.142958564423264,18.86334932660969,-3.1208039440661084,-12.097710307982723,10.955140479382596,-3.3027345531384644,-12.227250169706338,11.052096818344271,2.3182947749189164,11.86488249574651,2.898711685785016,4.605832136016086,9.433027092506109,1.2785309675829248,-4.238384733695522,-8.867828355509644,-0.2569849549535652,11.378020594921123,1.3582250048277844,-4.222709926174839,-1.854307952766665,-5.1286375155659485,-0.6706263965199022,13.022226122352198,9.555260923009312,5.441086672668338,3.2353484047683567,1.746729526622648,-3.042920944187999,5.170694988434121,5.515523002797629,-5.758329274912944,2.5872376696052912,-8.150010258795904,-4.335295132832872,-5.358404354052581,2.15084512154764,1.1697776016121653,11.963882968668882,9.68812541089299,6.181516967143552,3.2364217563673137,-2.506728904622013,Actual adjusted month-end return from Yahoo/yfinance daily history,Market Table annual returns from the same adjusted daily history,"Oct 02, 2026 05:05:21 AM EDT"
GOOGL,Alphabet Inc. Class A Common Stock,Technology,Stock,-2.141364211395813,-5.79627748947077,6.3690442632113875,-7.211968547117886,5.787702074243928,-6.051945698397587,12.48133974602348,-0.18827226521006546,1.7990494130844414,0.7263282147945249,-4.2005203957335535,2.135648524308964,3.5005313981725017,3.016350455688066,0.3396998105972493,9.049297118157185,6.767844267303813,-5.816089893026966,1.7016660507093162,1.0301446484017651,1.9345932079521955,6.0921062560540085,0.30296064911341514,1.6628822082485728,12.228964288900034,-6.623133094668088,-6.0493634476118,-1.7895102601296342,7.993457790575187,2.653630971986032,8.681463102673437,0.3731878614251283,-2.006820247603036,-9.651388229108605,1.7486163205319816,-5.82976321254719,7.744787006674891,0.05862569736019285,4.468516653718924,1.8752800577422013,-7.711693030331057,-2.141878172765499,12.50462080452821,-2.2713923763802324,2.5711264882570584,3.0839950180566067,3.5978736917073206,2.7068631011968547,6.972570484064211,-6.527864697591978,-13.238745887046012,15.899984847233473,6.446878544807522,-1.0791559399030426,4.9292864642840994,9.515129699629732,-10.059973762188024,10.269507786024556,8.556991310015349,-0.10031380440871374,4.263262738473528,10.646509597735875,2.008496644836266,14.107996403157097,0.1423436953583046,3.603958128557405,10.350615291405152,7.400907661614831,-7.616918489467728,10.749867423583325,-4.153101757808253,2.082136717073735,-6.5919217656329465,-0.18214490396151195,2.96947865378554,-17.946696180702283,-0.30451729223677226,-4.21847304312668,6.751832053649531,-6.9635377579807205,-11.615227998076705,-1.1918401869800754,6.856411740018009,-12.634906907236697,12.025374412606293,-8.883038712336377,15.178776296435913,3.4801899592239227,14.468029016723015,-2.5799516730759087,10.87718300347098,2.599457680295525,-3.899537993504243,-5.181100439859998,6.810106146970019,5.402565618921162,0.293512704291099,-1.1706039186814676,9.006214773364697,7.85131790172251,5.971235670781283,5.715397863158644,-5.824868177210307,-4.756899764980416,1.6465197874129034,3.1715442669628002,-1.2623578105313782,12.173397635928307,7.776017902351917,-16.53760021714279,-9.080277146400517,2.6901180782505696,8.148629708371224,2.7386357489123325,8.891771231223,10.948423326630241,14.281829662616218,15.668434622824723,13.866088771511787,-2.1785579646125486,Actual adjusted month-end return from Yahoo/yfinance daily history,Market Table annual returns from the same adjusted daily history,"Oct 02, 2026 05:05:21 AM EDT"
GOOG,Alphabet Inc. Class C Capital Stock,Technology,Stock,-2.099150105993186,-6.081163101084575,6.761535708948285,-6.972256560365975,6.1629471243955125,-5.928890207415682,11.080761468164525,-0.22631428784380958,1.3349605830386801,0.9327618595232234,-3.377796800515187,1.817850972857049,3.235221068666605,3.3157943167864135,0.771381991026443,9.209688921065261,6.501387124674252,-5.817415328538933,2.3956303967345383,0.9489635371777494,2.1057658920023092,5.998276439952344,0.46918712387626904,2.446613162767508,11.806190265970674,-5.573797643777567,-6.602512790317161,-1.4014495499211521,6.650756584371198,2.8258242552322788,9.107685344926075,0.07640538841473532,-2.029228353561463,-9.778213810853654,1.6400809755112933,-5.37448953461066,7.798307153823814,0.31799511989873963,4.767288448029183,1.2929460809701032,-7.1393846502384335,-2.05865815999432,12.560725968434117,-2.34902823137052,2.600795719171911,3.372454259323221,3.5592054417843855,2.4567681817500464,7.270659633397347,-6.616810461576394,-13.179713803503713,15.98282918640912,5.951096475223361,-1.0714257995080967,4.905859679376667,10.197177118093649,-10.071113254309394,10.302813117807075,8.619940775993552,-0.503196769182801,4.786864011417524,10.955791010524152,1.559759026286267,16.508024112397447,0.059750381580547796,3.9293921715296998,7.90403299650102,7.573528867331647,-8.384652300320894,11.259453730884061,-3.924232605386191,1.5636874009260282,-6.2075204370348525,-0.59506032842227,3.527662495809203,-17.674976029094445,-0.8067458846594655,-4.092023852923276,6.644708374277752,-6.421455403379284,-11.910219072096751,-1.5496631536215943,7.173028805711823,-12.53819324033546,12.554943643272187,-9.582444754659747,15.171649715345747,4.05767711514895,13.999275523217424,-1.945372235617393,10.035551644491969,3.1853302964122365,-4.004368328407859,-4.967764606980074,6.879479085237361,5.234470393704704,0.617323958948246,-1.4245351576884557,8.928324666351495,8.13080697137023,5.660849912434807,5.55801465121224,-5.599160231238387,-4.643385214699281,1.3930626794339096,3.2896714611307054,-1.2739577227230514,11.82828764501609,7.960511915058643,-16.23540505725105,-9.181299797769949,2.9827898308068646,7.433651524727836,2.749911949353079,8.720896256623,10.717623178399617,14.160858492526573,15.713403251586989,13.590249443225023,-1.910320413680211,Actual adjusted month-end return from Yahoo/yfinance daily history,Market Table annual returns from the same adjusted daily history,"Oct 02, 2026 05:05:21 AM EDT"
MSFT,Microsoft Corporation Common Stock,Technology,Stock,-0.7029739344816655,-6.978928844740928,8.549528887045476,-9.704855915559218,7.019640430254692,-3.4528284050965197,10.768025196216069,2.008003367912403,0.24364369793234975,4.027765212591383,1.2467975452064683,3.119843963189961,4.039272717484121,-0.4363857033139573,2.9383989748929196,3.9477862647530504,2.6004856290142264,-1.3029595265298566,5.469334144688198,3.3952481816702074,-0.37445194423043615,11.665966667894345,1.6983748824936695,1.6276820702461725,11.070847278258377,-0.8415228104556305,-2.666130048692583,2.4652582112610233,6.146706885551656,-0.2327063492289394,7.5753113987531595,6.299267865970903,1.8160841872342015,-6.61012050401405,4.268388519680211,-8.404730470580635,2.8157923055967427,7.735732153724717,5.275396105997032,10.734279898065813,-4.948100239204322,8.311827152972274,1.7243978827744977,1.503656357368599,0.8486611724653592,3.121618754083766,5.946289056089005,4.174910729089931,7.945427443492004,-4.568794558294664,-2.654158845545229,13.63260531705539,2.53912555140714,11.05595869074547,0.73703479311924,10.275205720960102,-6.739674063449986,-3.736977996569324,6.0060534585338665,3.9005965552299404,4.2891807253621295,0.4117847131815733,1.4588031369489274,6.960179435957237,-0.7627271937009517,8.498882036651946,5.171644903175054,6.159115009157623,-6.6119099277768045,17.629131609187354,-0.12820144022859248,1.7332675341533266,-7.534518258156164,-3.7211908063701116,3.186182790694825,-9.986703873629477,-1.8077198316743925,-5.532054623829142,9.30964403672525,-6.666290705277678,-10.926689633505449,-0.3306068563536102,10.222302130224481,-6.00454303916761,3.3316488645767084,0.9017808668432936,15.588168031354833,6.576495084764611,7.110544058308155,3.699880406442735,-1.356668498400293,-2.2225717222508323,-3.6642549327974727,7.081537040817776,12.29453976602759,-0.7574488156512849,5.728119907328244,4.231824062663669,1.7116395536163953,-7.461012574918935,6.819090073590384,7.665069091521715,-6.398920841764544,-0.10952393536707294,3.154825771235048,-5.5658911779987275,4.419254625690194,-0.4628605783192796,-1.5278765913760317,-4.161799025147406,-5.44093231482533,5.293140613927094,16.684001740720046,8.048057569253263,7.255587037836775,-4.869180823878438,2.2222678333202905,-0.027041020848439512,-4.804674418145871,-1.70525388427748,Actual adjusted month-end return from Yahoo/yfinance daily history,Market Table annual returns from the same adjusted daily history,"Oct 02, 2026 05:05:21 AM EDT"
AMZN,Amazon.com Inc. Common Stock,Consumer Discretionary,Stock,-13.151543200295745,-5.873938359042031,7.442263797657822,11.10942894178326,9.58170944058201,-0.9919933525815994,6.035326650727413,1.3639826927226206,8.860318280928281,-5.671734948914741,-4.96949044026711,-0.09326204826226592,9.81636831579693,2.6181549535707394,4.9110120630820875,4.337087158866781,7.5276461314963905,-2.6763939876424114,2.0433850865833714,-0.7268848531284733,-1.9630792069039615,14.97165176249049,6.466237678888143,-0.6186568401839843,24.063897541810576,4.242906360200127,-4.304936888568922,8.20747964716302,4.053941088038626,4.306519231773986,4.567600755093726,13.236448128539745,-0.4824306834253944,-20.21917501830788,5.767175245241973,-11.134970006404432,14.431709005232074,-4.590598487961817,8.593570731353273,8.185874546916994,-7.861319674779288,6.679174655008091,-1.4179183493694736,-4.847382269714506,-2.2732743159706414,2.3474701269111886,1.3587301227403925,2.6121694264473083,8.70638027865227,-6.221372013363058,3.5020571318223226,26.89001176660717,-1.2784941240091774,12.956672853391126,14.71136218500213,9.046103369298208,-8.757859185260553,-3.575408533520552,4.34398688653248,2.8058383014484267,-1.557601223652838,-3.5328413767423683,0.037178414851712915,12.066273709568343,-7.047025525869377,6.735498737093981,-3.2722282722282725,4.3034169499993835,-5.351810876292584,2.660245759664326,3.9923701306487036,-4.925196878828486,-10.282991021845667,2.6672518265588474,6.143728503001578,-23.75250931362105,-3.276431760316645,-11.645921262241288,27.059597129750056,-6.061504624052039,-10.862189009783762,-9.345130582826322,-5.759470309709913,-12.989435256479709,22.77380625406902,-8.629878923214463,9.614769432062321,2.091195675834423,14.348037288458837,8.110796675057008,2.5467873963526566,3.23907994336623,-7.890726899285905,4.696344762680638,9.76782655173829,4.004385139407618,2.1455801332457725,13.89175127740745,2.0479805886374214,-2.9825949313549094,0.8228585379464359,9.52731655293202,-3.2445041513381345,-4.53524222981363,4.3865556476496925,0.037563497419568215,11.52897328156477,5.531771626226978,8.336748865953902,-10.686635257151178,-10.373094214756751,-3.0694820280155133,11.164730800522161,7.014294555445688,6.709513314943583,-2.1827348669553603,-4.117900731782209,11.226484981660544,-4.504135592915349,-1.0290686407351424,Actual adjusted month-end return from Yahoo/yfinance daily history,Market Table annual returns from the same adjusted daily history,"Oct 02, 2026 05:05:21 AM EDT"
TSM,Taiwan Semiconductor Manufacturing Company Ltd.,Technology,Stock,-1.7582343801270994,5.3690822489271595,11.252661038182987,-9.961815539448382,4.790151555387867,10.091051744473557,5.909293004439498,3.455732407135592,6.437016085886027,1.6672063887153143,-4.533759742384824,-3.166033977333371,7.513023859881995,1.8116966434430948,4.353359975050153,0.7003933632864889,6.92469754039553,2.090189509907825,2.860405044959946,2.808666589357367,1.5688334465178144,12.729695716089772,-6.449346868352768,0.12629502701859696,14.274888215240612,-4.32575668221512,0.9458090677636033,-12.134382596233594,0.6502042453464751,-2.0745758451102825,12.718780309953459,5.79960443608365,1.2844056559375039,-13.722831770960731,-1.3386231513715208,-1.808953524460688,1.9235980003261322,3.8011368904411924,4.891194746738803,6.982427881689901,-12.482891552522302,5.459169596650315,8.833295008609454,0.0,9.816313851141034,11.080023169650177,2.8277963151508656,10.201322556943415,-7.160069373235456,-0.18538434207735488,-10.394873292830242,11.173894630452107,-5.2700832853830875,13.638798208541946,38.96422665287389,0.456347658768097,2.8246566340417223,3.453838897570738,15.679038736203644,12.863406550548762,11.445306281083557,3.6372693302637593,-5.728389612241836,-1.3020159829431166,0.5310964446995081,2.778573192014755,-2.9294153276421597,2.0318846393317713,-5.799026565346599,1.836123594811112,3.034275666406683,3.1222311467527852,1.9283472713536476,-12.737502566475145,-2.0999609340718095,-10.867074148883871,2.5503241056716863,-13.766430699444731,8.232393462806286,-5.79791147029971,-17.27924165256376,-10.224618858453871,34.817228942276635,-9.722563844530608,24.486496782259582,-6.103731460838846,7.389709104028719,-9.374321439379163,16.951340982034168,2.7920691204886827,-1.7538541188254042,-5.627836033919342,-6.64635667225456,-0.6789314949979919,12.744756825811798,7.378615377509856,8.615384662149772,13.907575333859977,6.164982352833137,0.9481603091099133,9.975258036839563,15.438514424880378,-4.608475259868461,3.5584914286147074,1.5206945803114102,9.713801559730317,-3.085959768059232,7.287524808811274,5.990190198090128,-13.754070452777533,-7.690253593180884,0.4156529502689521,15.975768718678784,17.586466961869473,6.680209351336908,-4.449138802116326,21.354501296671202,7.569172070767771,-2.9690732020789645,4.528287235056627,Actual adjusted month-end return from Yahoo/yfinance daily history,Market Table annual returns from the same adjusted daily history,"Oct 02, 2026 05:05:21 AM EDT"
SPCX,Space Exploration Technologies Corp. Class A Common Stock,Technology,Stock,,,,,,,,,,,,,,,,,,,,,,,,,,,,,,,,,,,,,,,,,,,,,,,,,,,,,,,,,,,,,,,,,,,,,,,,,,,,,,,,,,,,,,,,,,,,,,,,,,,,,,,,,,,,,,,,,,,,,,,,,Actual adjusted month-end return from Yahoo/yfinance daily history,Market Table annual returns from the same adjusted daily history,"Oct 02, 2026 05:05:21 AM EDT"
META,Meta Platforms Inc. Class A Common Stock,Technology,Stock,7.213831232830259,-4.714381687446256,6.715301996568468,3.0499676104855045,1.0460889546388463,-3.812808473867202,8.452931176696655,1.758901633595178,1.704741823533995,2.120534970377008,-9.5961636208442,-2.8458081693101156,13.2724911014922,4.005530739649554,4.803010883355885,5.772592842503244,0.8053320658053753,-0.316896555757451,12.10091097035555,1.6071010697532806,-0.6396402069745122,5.378347194196276,-1.5994575163560842,-0.40635530409873777,5.910670956930275,-4.585582650858555,-10.39143578345081,7.641277046726058,11.50001603187889,1.3244321349220822,-11.187736748167254,1.8252319376090398,-6.413223224535969,-7.704029383082467,-7.365424258342557,-6.770501236031922,27.156913852241438,-3.1435618858912995,3.2455889841703778,16.023754777941246,-8.236812214343637,8.750769074790865,0.6373092801394309,-4.407152780878687,-4.087895490379201,7.6201739231533505,5.212638716740536,1.7903228702189633,-1.6273010951348477,-4.675345086992744,-13.337148482677751,22.72783693674556,9.955531815912622,0.8796532442513216,11.71444477521295,15.583261668946902,-10.675343306116558,0.46204221340759855,5.267747550937396,-1.37559258405191,-5.429054075392803,-0.2748474072121643,14.327286948113738,10.37245390732393,1.1228334617867652,5.773720865454068,2.4704512474269302,6.47768105054114,-10.540875657038384,-4.661304829829039,0.2750387634691487,3.6645664944234824,-6.864879392226298,-32.63423968986741,5.3689150853972745,-9.844387033502123,-3.4070127134680384,-16.726907991552586,-1.3333172835423013,2.407264930534514,-16.724976861396524,-31.33843319045998,26.77114769810267,1.8966915982657095,23.79093223659694,17.433054413424887,21.15007928775574,13.390598250652408,10.153127543637597,8.408909954349685,11.01813710612567,-7.128046935447518,1.46001438397807,0.35309063863890877,8.590293548142313,8.19502875775826,10.221473958937644,25.7625746417111,-0.9283334932486453,-11.411082965113462,8.52219612042784,8.116585391613862,-5.828813998368698,9.78876199380041,9.912758468034033,-0.8490045936547785,1.1874990799615182,2.030613831976913,17.70593979945032,-3.044197946260163,-13.667642534664937,-4.747040754423926,17.939894591661655,14.080206991161326,4.789387652144983,-4.491634526306177,-0.5176952778992883,-11.714655336108603,-0.06169087402961848,1.9566972939069505,Actual adjusted month-end return from Yahoo/yfinance daily history,Market Table annual returns from the same adjusted daily history,"Oct 02, 2026 05:05:21 AM EDT"
AVGO,Broadcom Inc. Common Stock,Technology,Stock,-7.881498299625878,0.1944407726332864,15.70618874714853,-5.663440215267956,5.907383865261906,0.991338414179288,4.234249934896628,8.91468865972782,-1.9157003131501815,-1.2984281639508155,0.12333855623689605,4.276256380348276,12.8585073880773,5.729323009327181,4.277747286379441,0.8448918119214222,8.455189036573874,-2.2705186133838207,5.83993981331028,2.1932901696131823,-3.3873629662567795,8.810933801474219,5.316187842913811,-6.957232750992281,-3.4527114539792847,-0.6329608639424333,-2.98510104352282,-2.6437633217417877,9.872733939330459,-2.4501898638945585,-8.601208358854716,-1.2355460023611653,13.49246597489322,-9.419196793758633,6.228421871802703,8.234501805842044,5.493965483887853,2.650501517834236,10.181626999685921,5.882763603735852,-20.967354793196346,15.490350237600437,0.7399620312454669,-2.5345873111157435,-1.4257176248197445,6.078149595284321,7.9767967137264195,0.952218856586784,-3.436484901771786,-10.66326934263767,-11.550773243379863,14.559244152818017,7.234361923884247,9.472834838018684,0.36123312161320253,9.597448721014423,5.9027761501991405,-4.032137463550567,14.85854051624833,9.960844202715812,2.8891112393277796,4.299662305409169,-0.5502968588532942,-1.6089188750962768,3.5357148851983933,1.7450919624447225,1.7951666882644934,2.433036030872038,-1.755020803892604,9.638513008928928,4.1397740234153435,20.948317115367153,-11.952028025179795,0.26626782327856535,7.915350458524695,-11.956860261442825,4.642944474680855,-15.564167602932589,10.224169016052409,-6.792049115333021,-10.293692775824137,5.880511499034435,17.210489179537937,2.3166045558320913,4.628620604346256,1.586295691173012,8.727639540251975,-2.3443622345554305,28.964091267551485,7.932460296731492,3.599159026330434,2.6973865843493483,-9.51212507196223,1.2991130084658797,10.02649451399169,21.134948885184436,5.711082141609425,10.211055865711206,2.3502200846750476,-1.8967978632225213,2.1749373732016464,21.23203024628022,0.0791153668116662,1.3318404148741747,6.293665156639783,-1.5826001897856767,-4.52965199272758,43.42371980433424,-4.559178084661609,-9.870298553452727,-15.79168815046218,14.955499620743783,25.77024765247835,14.140045838377159,6.5481593207083355,1.2563920888728264,11.12520077337229,12.039646975664686,9.01710971396974,-13.946222626390892,Actual adjusted month-end return from Yahoo/yfinance daily history,Market Table annual returns from the same adjusted daily history,"Oct 02, 2026 05:05:21 AM EDT"
TSLA,Tesla Inc. Common Stock,Industrials,Stock,-20.33665563708866,0.3817939286909544,19.71552400524741,4.783045939173403,-7.28111083172156,-4.905251604174787,10.603918690237002,-9.702290457247608,-3.7639705293445846,-3.087781715857929,-4.212813918696334,12.82470872400494,17.89508297421598,-0.7700561188844546,11.324450226739401,12.853035120778756,8.577703460392128,6.040877199179162,-10.547270255162811,10.025662262199075,-4.158475424504971,-2.805631023319388,-6.841006150168283,0.8094513338934739,13.797978418688173,-3.175185593835672,-22.42464566214676,10.434740448152734,-3.1201019338043534,20.447436127385,-13.06604479146567,1.180654210235188,-12.229000204006512,27.40114899082402,3.901336950578149,-5.044512057144701,-7.746391633639815,4.188646728344558,-12.510938574404129,-14.710923820280408,-22.426582233190807,20.68481295266502,8.122252974300093,-6.622236595163389,6.763888947011409,30.742722101642038,4.769464712900184,26.789715336284647,55.515985734346906,2.677646887053875,-21.55570713684315,49.2137319488021,6.793886833783369,29.318563282708187,32.50108843981532,74.14521252787117,-13.908741409927107,-9.549891131606024,46.273580214756336,24.325228028976543,12.450585757436826,-14.874045049393914,-1.1206569460841198,6.214724771921731,-11.871335524117278,8.713734718910104,1.103427987887895,7.060538379906944,5.404233150359361,43.6529595729082,2.761218887377903,-7.685451947850863,-11.360931817914043,-7.07681586632628,23.80088093327557,-19.194510982164715,-12.919748573786139,-11.188774122303668,32.37652643408195,-7.248867234513757,-3.758929611475259,-14.216779156971604,-14.43262604679527,-36.73343490707852,40.62347847991097,18.756497670132145,0.8507121398494633,-20.799193945263273,24.112954601596172,28.362672689273193,2.1622049507798113,-3.4962443852926794,-3.0455617484936637,-19.73463537763216,19.537943740621856,3.498831153123483,-24.625725810339173,7.7900646696002385,-12.923524353897475,4.2607689739043275,-2.837187354253501,11.1185999821261,17.278149180183245,-7.739046902676982,22.194201175563165,-4.502541206836463,38.14688622385134,17.000808915631318,0.1881957637967835,-27.58773935575025,-11.543452131892018,8.874826236685497,22.78848417863253,-8.312644606383923,-2.955995259140498,8.304410748975076,33.201547825406585,2.6623485126352042,-5.780178787448975,4.5447119005781245,Actual adjusted month-end return from Yahoo/yfinance daily history,Market Table annual returns from the same adjusted daily history,"Oct 02, 2026 05:05:21 AM EDT"
SKHY,SK hynix Inc. American Depositary Shares,Technology,Stock,,,,,,,,,,,,,,,,,,,,,,,,,,,,,,,,,,,,,,,,,,,,,,,,,,,,,,,,,,,,,,,,,,,,,,,,,,,,,,,,,,,,,,,,,,,,,,,,,,,,,,,,,,,,,,,,,,,,,,,,,Actual adjusted month-end return from Yahoo/yfinance daily history,Market Table annual returns from the same adjusted daily history,"Oct 02, 2026 05:05:21 AM EDT"
MU,Micron Technology Inc. Common Stock,Technology,Stock,-22.10454420600111,-3.626454605078655,-1.505166003893743,2.6743023976256275,18.3255831048476,8.176072002195856,-0.14533387843014278,20.014543151991894,7.822971580996563,-3.4870665547790836,13.811162965333,12.237582733536279,9.99087149962612,-2.7789354196469107,23.293509726452367,-4.256050103409759,11.203459942563331,-2.9574012074315315,-5.82720119103829,13.691308695825466,23.02162137954038,12.662074499887455,-4.333093047863013,-2.996002954594701,6.322960964982927,11.64224794125548,6.8223825975253005,-11.814350138677987,25.250099968520544,-8.942533859103285,0.6674502523080106,-0.5114596181144959,-13.880409790415948,-16.604054858063712,2.226965249203383,-17.71267269787401,20.453841586463064,6.9596951496616155,1.1007841623042358,1.766288182426612,-22.467922585992884,18.337945971403812,16.325452341250624,0.8465572961896095,-5.34570412146066,10.968465869460896,-0.08412153220810348,13.197219750201072,-1.2830107978965,-0.9982903504052176,-19.97716237355909,13.86113344877613,0.04178257280338382,7.534950630196091,-2.833847043756166,-9.089116008970155,3.1861200798999123,7.197623034512968,27.314251663651355,17.303815421411283,4.110117227647936,16.94136018649457,-3.627245327274564,-2.4260097967093275,-2.242375155442111,0.9983542242430143,-8.707935615902096,-5.001287850656921,-3.5560085950586573,-2.6486371117841023,21.56295919738007,11.01107166890747,-11.680054293410635,8.010175011796662,-12.345241483011693,-12.333822482456014,8.285668892823296,-25.135440182969592,12.12214288065827,-8.61624206464775,-11.374484308999167,8.211877631311616,6.5619185137022695,-13.107141558758062,20.648258448011838,-4.112768050298266,4.3583618622893505,6.877816456106434,5.966408004808987,-7.463328071374953,13.332811196731576,-2.0310974446755226,-2.7309154640689948,-1.5411622221113364,13.832826406043687,12.262568911044113,0.4804354111523468,5.667641791505318,30.23263651090562,-4.181862610999398,10.658636011205601,5.22398358678029,-16.432700947235467,-12.365686977366696,7.761848479984734,-3.8065899294230654,-1.7059624649471528,-13.966967959376253,8.412529985403161,2.6194680043978513,-7.077719844458552,-11.439745568250014,22.755032896937365,30.478508731904363,-11.36493030408532,9.043433839737292,40.59323166825073,33.82149947862205,5.679935238412459,20.739726282209283,Actual adjusted month-end return from Yahoo/yfinance daily history,Market Table annual returns from the same adjusted daily history,"Oct 02, 2026 05:05:21 AM EDT"
BRK-A,Berkshire Hathaway Inc.,,Stock,-1.7391304347826098,4.216402551965426,5.3787860087383565,2.6001405481377304,-3.3356164383561593,2.494154325798914,-0.44936052540615057,4.518518518518522,-4.225726435152377,-0.24049579132364718,9.874826147426985,3.004641350210968,0.7615076130279563,4.52069273924709,-2.8199144301828127,-0.8284970982589512,0.2663653240778219,2.519723071969082,3.1747153513937976,3.296979291134239,1.2120095781911866,2.0856082113998697,3.9326844225763935,2.092624356775308,8.660954301075275,-4.058755315036722,-3.593875906527,-2.8251420929454985,-1.1869946671254072,-1.7966573816155962,6.917458516522479,4.725584480185696,1.3299556681444002,-3.842187500000005,5.945629742773106,-6.134969325153373,1.7973856209150263,-2.985553772070626,-0.32594308405029526,7.922912205567445,-8.619416758951647,7.166902309297796,-3.0419349772263238,-1.8103710807150786,2.8883653712905577,2.279111829446623,3.623263382653108,2.7519327070001154,-1.0583350510910194,-8.006047691043939,-12.001449387892437,3.5661764705882337,-1.0862619808306717,-4.069767441860462,9.850729517396184,11.554978868035048,-2.3076688240322385,-5.469045409233098,13.615867768595047,1.2007983985475201,-1.0680965455773905,5.951758209822722,5.793515826430418,6.947850931548194,5.696969696969689,-3.990596330275231,0.07142840079217283,2.625925041776078,-4.308211211909752,5.231915095325723,-3.7019925987867963,8.104568264903712,4.247751086179896,1.3622673236768357,11.07002236431789,-8.428668931655203,-2.1245406119667964,-13.732728615124989,10.453600684680286,-6.728359530661942,-3.521888974337062,9.491475385637326,7.915964498370975,-2.408803198134424,0.9150627998916194,-2.003171247357294,0.4476565449544223,8.00687285223367,-2.9541839007317883,6.103388357949613,3.396998899210124,2.11524094135227,-2.7889706891032984,-2.568690648889793,5.421715830637774,-0.5999267265066832,6.522920985947933,6.667762361163976,2.8997941809488337,-5.507218964756322,4.653878231859876,-2.4161619381574795,7.671815510558755,8.508504864148204,-3.3720117433244767,-2.057351196504531,6.954620657055077,-5.955472073366108,3.1859836691535026,10.302385093379861,3.024774193548385,0.2627617284661987,-5.388862517800486,-3.7760760496435175,-1.2280461031833112,4.921858720566785,-0.1429933269780692,-5.099443118536195,7.594936708860756,-1.9867549668874163,Actual adjusted month-end return from Yahoo/yfinance daily history,Market Table annual returns from the same adjusted daily history,"Oct 02, 2026 05:05:21 AM EDT"
BRK-B,Berkshire Hathaway Inc.,,Stock,-1.719167774230923,3.390609348556617,5.746446164632757,2.537348971548181,-3.395657538138841,3.0240502369650812,-0.3591332535282876,4.311361361684263,-4.000268491407821,-0.11767022046715869,9.10602849047435,3.518796494045162,0.7117460378687213,4.43523748407908,-2.7651414909551475,-0.8819210622197593,0.04236551212719597,2.4745863795365253,3.306374366747167,3.5377506991031593,1.1923181819636586,1.9746863258548686,3.2470268461306073,2.6993455583372183,8.152559561391804,-3.3491966466252965,-3.7258693698878576,-2.882494547399972,-1.1355995440872513,-2.547906288265478,6.011251855130362,5.483401410653377,2.5824067449812693,-4.124049229780713,6.313331445310899,-6.442454391261099,0.6660792727674947,-2.0628541271150547,-0.20367792145733477,7.874960113636176,-8.901300330995522,7.977915178847117,-3.6309075196547247,-0.9832980020886728,2.266358845364058,2.1920956950953308,3.6315745386240605,2.8143426519996684,-0.91391051841887,-8.06041836129452,-11.39381357181829,2.4777108428204464,-0.9500420439252144,-3.80968167607576,9.674530728754016,11.369902260511132,-2.339016236362601,-5.184562984101449,13.377915097646431,1.2930808648482284,-1.725104620793383,5.547022276078084,6.2201185212874766,7.625165731102479,5.270045314078531,-3.9800956731970594,0.1331300731545637,2.687836515532882,-4.489619997029082,5.154981753632559,-3.595695959400913,8.063174441338283,4.688959536345116,2.693126154633907,9.786900065449732,-8.523424322832064,-2.12185232811517,-13.595803683453589,10.101830708249949,-6.586832304896384,-4.907407186020518,10.512324349912806,7.967064304919713,-3.0445737668566286,0.8481693651523736,-2.035181228005367,1.1763537663180168,6.406062597754936,-2.2736269968788525,6.204065734645514,3.2140737404921182,2.341181086488575,-2.748479755290034,-2.560662727172147,5.469784127443367,-0.9277767605251785,7.592661440647697,6.686820324990661,2.716168852703782,-5.657276383732213,4.453906289122456,-1.833978333844788,7.792530274893772,8.533640462425174,-3.2904696630261077,-2.0292869551379766,7.118773758105079,-6.157093062567476,3.3952556234299935,9.635778344729262,3.649066690613667,0.12579948339352942,-5.492734841991909,-3.609413991155619,-2.859374692755756,6.590659867276871,-0.04771973969351917,-5.012527783537768,7.595172836761388,-2.172009831481858,Actual adjusted month-end return from Yahoo/yfinance daily history,Market Table annual returns from the same adjusted daily history,"Oct 02, 2026 05:05:21 AM EDT"
LLY,Eli Lilly and Company Common Stock,Health Care,Stock,-6.123885423730712,-8.342045779869633,0.013884607487724132,4.888203318249196,0.0014001591394530166,4.957989830439513,5.257156995262013,-5.60332333156407,3.22832804210218,-7.9990179804947825,-8.505485594706686,9.57984402913401,4.73148022387524,8.226958483055569,1.5699182675801948,-2.4373127327248834,-2.408191223541911,3.43093018806937,0.43737841667674804,-1.0301213171210244,5.228201897116347,-4.208582015572793,3.94742160412187,-0.2126588613846292,-3.5638203484843034,-4.735130315059877,0.45441408881836676,4.782224476121688,5.62030745565365,0.34101767163488006,15.797496312750226,7.513256568991045,1.5712271414474843,1.0530339034442227,9.956958211595857,-2.4612636479698247,3.5776165078101885,5.935657504428704,2.7476419938551544,-9.802715786450932,-0.3841137688828211,-4.441964593790115,-1.6607915265584916,4.271041419232979,-1.009114686022361,1.8957471362841538,3.5760577032384777,11.998314980292868,6.2466969837242425,-9.20672735051562,9.981755018864714,11.476327485377347,-0.6271965929192436,7.342248282394759,-8.46021961406267,-0.7829418678286015,-0.24934907568254783,-11.863237767684332,12.217048008609632,15.921721213912221,23.175785244445525,-1.0695667421098287,-8.819353324380586,-2.167874826234384,9.767840421442164,14.909384406794235,6.090959417938335,6.4164288999352115,-10.546270740304276,10.261827937297308,-2.321640684581272,11.361083156300467,-11.161409011121926,2.28348081731089,14.570916884413254,2.0113778351606326,7.656282468140185,3.4424246700297756,1.6840001617479006,-8.334083960921879,7.343232917530451,11.980812282756759,2.7686900252176683,-1.4120867729255582,-5.928825324031395,-9.275918968299912,10.346385798149083,15.269931890523548,8.770038515984524,9.202252091799279,-3.076899828923918,22.184170618196998,-3.080149313182068,3.1277295628314716,6.896556378454188,-1.3738490754723665,10.754480535677736,16.94381707726118,3.2215589923793697,0.4035931158944628,5.202714087695193,10.366443082924736,-11.167682468525841,19.532148339893872,-7.71650620455021,-6.343541769197536,-3.985916028740788,-2.9358122592853864,5.0621872559164505,13.702286741312687,-10.288602358507914,8.843579735152796,-17.77274115472619,5.674639714984631,-5.062026811678722,-0.7946414951593206,4.152450410891184,13.087800544892003,24.823198155873772,-0.07344981820599505,Actual adjusted month-end return from Yahoo/yfinance daily history,Market Table annual returns from the same adjusted daily history,"Oct 02, 2026 05:05:21 AM EDT"
AMD,Advanced Micro Devices Inc. Common Stock,Technology,Stock,-23.344943017126596,-2.7272700672307915,33.177559108586394,24.56140600376484,28.73240093086673,12.472640556094362,33.463041083789655,7.87171940733451,-6.621624887033095,4.6309721957696,23.236512087228345,27.272731164878405,-8.553794126779145,39.44069621720525,0.6224076926034661,-8.591065179476587,-15.864666015730178,11.528150225443001,9.054488428598372,-4.481996120976916,-1.9230769230769273,-13.803923363779102,-0.9099129197273514,-5.601474665935957,33.657588793992524,-11.863174247405883,-17.010731002015632,8.258705551779343,26.19484740641347,9.176986678009813,22.281522372156417,37.315876601514695,22.725464028670395,-41.0488849327235,16.968700208352438,-13.333334527291829,32.23185838586635,-3.6050764697562965,8.457287348264252,8.268019847785801,-0.7962335144290567,10.798982153590764,0.26341758806509574,3.284072167305485,-7.821942550539285,17.0403607211449,15.384618843952236,17.13920516717533,2.4858250642742385,-3.234043527156749,0.0,15.193491462098496,2.691353051801526,-2.2118933895620696,47.177341583114575,17.293038017401873,-9.722530126321837,-8.171724750346455,23.070796301451168,-1.0252585150988924,-6.618689080165874,-1.3194736822412345,-7.111586775897038,3.974525791824246,-1.886793511032847,17.2952024943013,13.052275201105168,4.26593716465582,-7.062860918178881,16.841595310080027,31.722524074981152,-9.136832523102555,-20.604583150860545,7.956233118503819,-11.350738134973604,-21.78525744706802,19.10664711024628,-24.926368778234785,23.538642229191908,-10.161954430055886,-25.344646447648124,-5.208332079026845,29.2540717255801,-16.56576203187402,16.025946303524584,4.564205236901575,24.726393296541094,-8.815426182359577,32.27033171260993,-3.6375902678846272,0.4301622754951495,-7.587412752972944,-2.7430963794871754,-4.201516930214188,23.005079860009523,21.66556553861283,13.757545807937376,14.813045486459542,-6.253567424541783,-12.249986114155753,5.379460001896019,-2.81005833081458,-10.930281889207516,2.8239216166290326,10.446960505865421,-12.195267115756902,-4.782407370141961,-11.947800433982314,-4.0069574721420365,-13.876668185746377,2.884034884653741,-5.246252191668754,13.744227110973561,28.149543569574,24.249475082579195,-7.759056698548772,-0.516516984233617,58.303977838869116,-15.067154878022626,-1.5492093670292584,Actual adjusted month-end return from Yahoo/yfinance daily history,Market Table annual returns from the same adjusted daily history,"Oct 02, 2026 05:05:21 AM EDT"
JPM,JP Morgan Chase & Co. Common Stock,Finance,Stock,-9.284964472454538,-5.378156168853843,5.18651897449991,7.5108536319320685,3.275258925943847,-4.79545481529825,3.7463643514994427,5.518188444090666,-1.3481219099154451,4.765714670572185,15.752250362624508,7.633733872108772,-1.3810499417969968,7.077851188794293,-3.067751341952707,-0.3871946721085262,-5.57472482405903,11.259895474291515,0.9901151535851804,-0.9912981246273045,5.083110374469646,5.9554962869621475,3.8862978343438437,2.315322586366997,8.726935777258515,-0.14698190122269805,-4.787871095969609,-0.5805200634536489,-1.6270990501388471,-2.6259349323933923,10.916192712054151,-0.32189507591344757,-1.5185960243638608,-2.708765033500582,1.9904483902169368,-12.204312429178843,6.884339204898593,0.83096444085069,-2.999246841315484,15.517152302288517,-8.69454898837574,5.511535938682366,4.491264831912178,-5.293113925026793,7.127264106330644,6.993536230437947,5.475493012098909,5.798430074887451,-4.440652826862235,-12.277124004535656,-22.461461988751864,7.4698383137528745,1.6186249175019984,-3.339873873920418,3.7441532208604578,3.6734056187408104,-3.9125562766828326,2.783573380426807,20.236619775012077,7.796071571855556,1.9883904477553171,14.377891205460047,3.438168912407491,1.6329840788160688,6.781086897969124,-5.297116168428628,-1.8550535230720477,5.382778662884813,2.3382644982182788,4.413034563147167,-6.510103971777759,-0.30219510262988747,-5.594735566944953,-4.576039625385664,-3.864595438730156,-11.792301536220862,10.782485776761108,-14.837775987905088,3.3482259515017043,-1.4129742944218648,-8.11570017893144,21.537078353065642,9.771199045559054,-2.9526625809705553,5.140803580265185,2.4221006327155736,-9.096608104866387,6.91805889334971,-1.8301598461207158,7.169738304833051,9.354240573563022,-7.362635378223192,-0.8952147498401231,-3.4022469515676668,12.239332592767816,8.982584062444342,3.1364629188575854,6.710258374760869,7.653433228602569,-3.71519856513014,5.679578284827169,-0.1826197447410749,5.7941078661778445,5.639093980391707,-6.201062082552333,5.890128086751978,12.527039566834276,-4.0084799392482,12.085640185172242,-0.9914126739521745,-7.311526799175105,0.3370298622494161,7.922499179179132,9.814391336021089,2.675709917036695,1.7485825680117584,4.647999633494182,-0.8868578599891541,0.6299914614355417,2.919379700273872,Actual adjusted month-end return from Yahoo/yfinance daily history,Market Table annual returns from the same adjusted daily history,"Oct 02, 2026 05:05:21 AM EDT"
WMT,Walmart Inc. Common Stock,Consumer Discretionary,Stock,8.254466680792927,-0.03012058855192956,4.005214421038139,-2.365295145691537,6.622100738661851,3.164748067669576,-0.06845770624726022,-1.4265229817920666,0.9518260915658328,-2.911835571344812,0.5855440322236172,-1.1575978550734334,-3.443264248000044,6.278081582385275,2.3685358883559715,4.300740791838087,5.248761637478161,-3.7150260372334043,5.695028912697464,-1.7863700943459904,0.08966124667983966,11.735320398113513,11.361825908936796,2.0985489256305945,7.949364259634439,-15.562828662820872,-0.5661321672621011,-0.573216599544224,-6.104450634819947,3.767854204058141,4.179828358901849,8.054196145837045,-2.034246114670457,6.78307258001698,-2.622635462138545,-4.087732333295657,2.8770529849754256,3.2975215317459172,-0.9447703472118985,5.444518135179877,-0.8373701446499848,8.921540475631495,-0.09956638929061734,4.0246986450128475,3.8683777387287455,-1.1965491388758132,1.5607044394630343,0.23763178363160886,-3.660397781427549,-5.948104937311427,5.983253751681494,6.979412472699598,2.5139380934314115,-3.4499612328465434,8.031412521137948,7.744063330870876,0.7634104715488421,-0.8290935432571755,10.118951658924647,-5.309990903506723,-2.539019876791937,-7.523659912156799,4.985471522048424,3.0037425793684847,1.913925932464089,-0.7111125191789469,1.084947353689869,4.275694667643504,-5.8878987084788115,7.20330794268631,-5.882749576129365,3.3012634287437503,-3.3727177674751863,-3.3259424657933745,10.606662906938102,2.7330105727899845,-15.616980919803513,-5.480841846102225,8.61160821036937,0.8158348925943137,-2.150144259356912,9.737859398498806,7.089170417267421,-6.623471396763492,1.4669821387242932,-1.2094426485197318,4.168248560494137,2.387259600391589,-2.3462167391021693,7.019795786350369,1.7050654966119572,2.081863941284068,-1.648122306854105,2.175962285092714,-4.724327500468872,1.6349904059029363,4.82081104071399,6.402427453626691,3.011294453822555,-1.3627937814969515,11.183852924457337,2.965334531333408,1.3735195943403777,12.835269850879683,4.557810784608196,1.486067664677293,12.873705588837868,-2.107915327624843,8.644166546769782,0.4584313849361088,-10.728043408249043,10.775718981499004,1.7569952756080864,-0.9521779998629798,0.20454903940188007,-0.7894432788982719,6.269324811370014,-1.8241803065746853,9.221201997880346,1.0199020024671768,Actual adjusted month-end return from Yahoo/yfinance daily history,Market Table annual returns from the same adjusted daily history,"Oct 02, 2026 05:05:21 AM EDT"
ASML,ASML Holding N.V. New York Registry Shares,Technology,Stock,3.458379029258607,-0.8928626642522808,10.294428809041744,-3.7752691877290245,4.729362069333165,-0.7701312897267165,10.492885159861087,-2.800613064203772,2.843726534112312,-3.6137556243952096,-2.3575202518224536,8.794724005495569,8.199645729623395,0.23888413184605106,9.129752614895924,0.27038086528816674,0.10616087912154182,-1.2728372258871468,15.363392280850064,3.9779266958484882,9.525923561160043,5.578276090988643,-2.89348654390168,-0.9685691618134373,16.764475338213703,-3.729813331554732,1.6223983793506536,-4.251011418504058,4.351300850223994,0.6712381401536627,8.09717873702429,-4.182262945715232,-8.30526746557455,-8.328927661714381,-0.5859498167535393,-9.180050952140173,12.47270115974899,4.479216772389738,2.8326305297171617,12.344868594213864,-9.946384968581546,10.571658800944284,7.156234495846658,-0.089740361336621,11.59424988102482,5.454479551230307,3.7504949507270346,9.356294022901924,-5.163208570794553,-1.4073851885910482,-5.446130614355105,10.79739690483963,14.242653836672137,11.690125552217378,-3.888274284498261,5.784205947862997,-1.312207065515858,-2.182673297979121,21.654519264296333,11.42028544099658,9.52187673086331,6.164800161427486,8.86457086018031,4.979255958053419,4.524685665275352,2.2754746787489344,10.98660142100445,8.646996326036739,-10.555306443402102,9.09528466229541,-2.376957102673505,0.5849507530814702,-14.939583776642106,-1.5785222752821682,0.21304617254518377,-15.594451482377947,2.923263043535096,-17.4235213998005,20.711088821715904,-14.505559509293287,-15.224310792142248,13.740216395898441,29.112076449210434,-10.149296397415043,20.944351377459313,-6.320624523637819,10.19541675308222,-6.441799954966665,13.846850612948526,0.25175208067169663,-1.150745476995385,-7.594503799794783,-10.880667240155507,1.7242449585600506,14.47897511839551,10.699667734179318,14.9157216561999,9.602605979117417,1.974399509373903,-9.911233838031496,10.072551548255927,6.495536303882488,-8.24208658166663,-3.504862024558497,-7.813072759800499,-19.098586266660643,2.090553650390703,0.9423188166639784,6.670207201698375,-3.8861255896675218,-6.550752853386088,1.1347240919475254,10.281703580402679,8.770715443496524,-13.09197548484542,6.896401993340784,30.36142961583941,9.608514094964903,0.07270957878933171,0.9301776613181767,Actual adjusted month-end return from Yahoo/yfinance daily history,Market Table annual returns from the same adjusted daily history,"Oct 02, 2026 05:05:21 AM EDT"
XOM,ExxonMobil Holdings Corporation Common Stock,Energy,Stock,-0.1282671831494664,3.8888435333471305,4.291929747125889,5.754273503051466,1.5476814083341006,5.302206809185117,-5.109926359213901,-1.199412475560624,0.16066685070721398,-4.5371338005464334,5.7045538659087125,3.390599215216916,-7.057406411161549,-2.17711458758002,0.8484862593487907,-0.438978621679198,-0.47740958277149304,0.28571463069571035,-0.8547160484034366,-3.710814011623853,7.402084097920247,1.671102932770796,0.8528387591848707,0.42021658062263434,4.375886238415427,-12.354519036180257,-1.491919268655606,4.2085424563952145,5.547830818958355,1.8340811611944563,-1.4746841163632118,-0.6294794482403776,6.04966103179112,-6.280890198438504,0.785531141047624,-14.226408476188436,7.464431910799374,9.04390300924538,2.239682298998402,-0.6435728769968896,-10.835568898926951,8.280324568100927,-2.9622549390966313,-6.762427507416979,3.1104109968326243,-4.305337474506987,2.044734319374575,2.4218458822054867,-10.977333457897986,-16.003724003934884,-26.185832060713686,22.386074342885664,-0.254710669489977,-1.6494864074040216,-5.903365731097743,-3.2130631638162988,-14.046106083754095,-4.981065316172928,19.711708848792032,8.103836458508074,8.782158477197388,23.312480025312766,2.6852930471640724,2.525515814954371,3.4597038135895763,8.069225228874455,-8.73492374099919,-3.8645312118782305,7.887022439221392,9.605585030646502,-5.9342408186192515,2.2560068765231422,24.137940133760296,4.383047368688309,5.317503299872084,3.220724649886897,13.763485152010002,-10.791664974281234,13.18309885152711,-0.42425561378079957,-8.661996282569827,26.915591437321538,1.2871678962560917,-0.9340695745638006,5.1768064926175805,-4.529144980417299,-0.22746727085705132,7.915354694518539,-12.906318314822773,4.961842017378615,-0.009315690876410265,4.533253861583009,5.746916676920755,-9.976183434812713,-2.0505748976943683,-2.686369186914539,2.830557982777848,2.608077834949696,11.213185208794929,1.7463817355650724,-0.04866775259895206,-1.8249958112626308,3.0142301528006454,0.2525713314529332,-0.6104913470791784,-0.37535229613040455,1.840458021009761,-8.808075184354669,-0.687919913608559,5.1444432453146005,6.8265626069554886,-11.183058864662875,-2.260517182578692,5.376345002146654,3.5621428469050143,3.3263224954210857,-1.347439395313188,1.427930257630572,2.2507006667102702,3.8129820347831966,Actual adjusted month-end return from Yahoo/yfinance daily history,Market Table annual returns from the same adjusted daily history,"Oct 02, 2026 05:05:21 AM EDT"
V,Visa Inc.,Consumer Discretionary,Stock,-3.9459114544327156,-2.62742881670881,5.649964963445986,0.9937149551409785,2.3819112346993965,-6.0425773129897165,5.231288298513226,3.831337505726884,2.2249985578572495,-0.22973997090383058,-6.0929397241197725,0.905296908856168,6.011306863526067,6.52570967295194,1.057501909757086,2.64430541149423,4.581213332432221,-1.5226453003452933,6.163356698326328,4.144950502885636,1.6615205135633193,4.5039777798182135,2.5545679034605584,1.2700961166476343,8.954557498562021,-0.8660861108649498,-2.7005277791373516,6.069211693724741,3.192060561813692,1.3234305265930946,3.238955865706994,7.584316735387042,2.178490959238877,-8.15509545944727,2.9847424553592905,-6.894366752263103,2.326775454019714,9.901896352167917,5.448305094135608,5.275606449565884,-1.7343807488472973,7.574518561477994,2.5640933072809347,1.7308464500251253,-4.87223036558917,3.9823230450918956,3.33167495363218,1.8373217370170725,5.891425719296417,-8.517246586227456,-11.355642763923191,10.923547593659432,9.426440779155687,-1.060259442563849,-1.4339720822534874,11.50760349721629,-5.670073517440888,-9.131361004104932,15.935798823939361,3.9838183438766217,-11.649069717161964,10.074909584567138,-0.3107507223837458,10.310324015078475,-2.5389152729577313,2.8684493195750838,5.3759483921551166,-6.890577529133446,-2.7717148027263994,-4.9292950823801025,-8.33870715352817,11.838783549102484,4.365266068490148,-4.288099204966622,2.614310923255725,-3.8959514674921647,-0.26028547439126415,-7.2017660869489575,7.7302062159097185,-6.151547569093118,-10.598369181949895,16.611324227091153,4.984072165668918,-4.258066532768934,10.805756524404607,-4.274022801108535,2.5097788193825243,3.2245015493729934,-4.8421302404979,7.442439744487683,0.10526858604018585,3.538453714575418,-6.378204488721007,2.212948316871932,9.41150433751783,1.4297926614326162,4.958724563647365,3.62549113992805,-1.2595348331609801,-3.7516353400822045,1.6210249318543202,-3.666582552620168,1.219193036453392,4.236153342411475,-0.5138210820764155,5.419183309303421,8.911159228534714,0.3046847201530367,8.150870564764778,6.296173104528724,-3.3773656775785366,-1.4152682472703182,5.874529915568405,-2.776642828512965,-2.698196281329046,2.0056518618309704,-2.956381476238945,-0.18749120867446178,-1.6544880371371473,4.864838863779153,Actual adjusted month-end return from Yahoo/yfinance daily history,Market Table annual returns from the same adjusted daily history,"Oct 02, 2026 05:05:21 AM EDT"
JNJ,Johnson & Johnson Common Stock,Health Care,Stock,1.6744655550616772,1.4672824696950748,2.8419714610183444,3.58594876007019,1.2620737037709606,7.6404613582664815,3.239899377495692,-4.067601979624847,-1.013900702221704,-1.8115663775640223,-3.3803744643233324,3.513000232757313,-1.701212947300268,8.625781524411668,1.9147225484515085,-0.8671341628777474,4.560204003251767,3.150094426997363,0.3250586412732792,0.3707176465977513,-1.7828816631515698,7.230211817753718,0.5546526916769379,0.27986980592979993,-1.0950295360224627,-5.411622772792867,-1.3320115081546735,-1.2953330687362818,-4.729890090260625,1.437914639747695,9.21377117729314,2.3147834196968864,2.583719662531525,1.317244552921859,5.6042946714354835,-12.151118420207363,3.1228254246920883,3.3560455003509126,2.3053215598027643,1.0086700680424832,-6.482043609060895,6.199022967574486,-6.50488806695032,-0.6897222856404928,0.7946336882550309,2.0559611444237236,4.848964399301203,6.094986104610833,2.0566422580946098,-9.090136758492717,-2.4910637919253076,14.420802730224459,-0.17251029250830996,-5.458848297528807,3.647864993720873,5.948849897553399,-2.95285932610333,-7.905690075236549,6.254336330537624,8.777972633033592,3.653624862689875,-2.257015688280728,3.717010561798184,-0.9856834066937159,4.655527727062836,-2.6647510895045023,4.528388727732291,1.13749760162154,-6.717507942429213,0.8545291664557197,-3.6398938963469685,9.709461884059746,0.7131629044835552,-3.867658260806306,7.692772384670299,1.8225032650280193,0.12392535877361333,-1.1251727482717522,-1.6844005666471595,-6.930985970075632,1.2520001381634227,6.4948505498436,2.9769297768442504,-0.7584432200038793,-7.489391758243236,-5.542579377365864,1.1353294530632496,5.612878588416548,-4.5632448468319815,6.745755810953735,1.214377776622766,-2.7912288054524947,-3.6677293282785683,-4.757635199104849,5.095425602128523,1.3448886015313688,1.3780709089683318,2.331831037874421,-1.976689017256661,-8.597265974415869,2.258545881391294,-0.3477338708347766,7.998094591961191,5.871955365321213,-2.2910898608091146,-1.3575083824912682,-2.255869929892229,-6.70279294722147,5.206748402201589,9.326932286380663,0.49691198724162167,-5.746503811668746,0.14752602596608266,-1.5849533881914013,7.849433610363898,8.334599847751134,4.656553046221634,1.8606392040709352,10.252442195527811,0.014491183381215578,Actual adjusted month-end return from Yahoo/yfinance daily history,Market Table annual returns from the same adjusted daily history,"Oct 02, 2026 05:05:21 AM EDT"
INTC,Intel Corporation Common Stock,Technology,Stock,-9.95643610412601,-3.770357754988829,9.327459749277978,-6.398761036790113,5.227456455771251,3.8302963902663967,6.280523255813963,3.735061648309923,5.182498675906078,-7.629131277674128,0.26596279720736415,4.524503192116591,1.516383888631334,-0.982031724308774,-0.35908980513309485,0.22177669086076435,0.6324591114501121,-6.56328200638987,5.127429217781598,-0.38546950442713834,8.582790898274029,19.4590803085664,-0.844768691176756,2.9438327406361875,4.289424945596632,3.083495231408695,5.660390834613227,-0.8832698873085576,7.552473012642635,-9.945645811654524,-3.238790742164732,1.298374643331357,-2.3539114737792133,-0.866988479862274,5.845400943474766,-4.826607828046258,0.4048557376175932,13.106294130324137,1.3972880429525825,-4.953431675909304,-13.186304227104785,8.696629360914176,5.598498446291744,-5.578439822249814,8.690140651297607,9.70306885305996,3.254034870933986,3.100751400672186,6.817049676510956,-12.727329180866109,-2.521587781786383,10.827766214816625,5.510955364995995,-4.92610170837694,-20.223959427416062,7.471263749505108,1.6290056301768718,-14.484362848823174,9.985736102538812,3.0403164890866474,11.42113030012668,10.158406376391804,5.297788676527193,-10.109358428933735,-0.10116288471112567,-1.7156795669031721,-4.31065873727049,1.286871987512983,-1.442867842238582,-8.033020200025042,1.1064161333680156,4.674810188243872,-5.203893274301641,-1.5498423956202712,3.899360531058904,-12.046009244974531,2.7096412063688735,-15.78119226160416,-2.940377910482528,-11.202846879825735,-19.266914719661678,10.32207182958258,7.197066547337605,-12.105090017758657,6.92396181360313,-10.708536774347444,31.04691904142347,-4.928049160320813,1.637950603774696,6.361310617131832,6.9677101091772276,-1.4078226199866983,1.166761292897478,2.672279779037967,22.868456839960814,12.416102913298444,-14.268646575293564,0.22326083577801636,2.6016233083673512,-31.016523950801467,1.6583726214154382,0.3889728738131204,-0.742653509057356,-27.84705857376388,6.442822640469648,-8.269389183365316,11.756499653716968,-16.632017159635016,-3.0922641170916143,22.130721407735177,-4.298358522713841,-11.49272923039193,-2.736324049606631,14.578007635248591,-11.607144757801201,22.979804645106938,37.78233557068849,19.195238711935314,1.4253555161292786,-9.023667957324676,Actual adjusted month-end return from Yahoo/yfinance daily history,Market Table annual returns from the same adjusted daily history,"Oct 02, 2026 05:05:21 AM EDT"
MA,Mastercard Incorporated Common Stock,Consumer Discretionary,Stock,-8.372627062267446,-2.3700135486453,8.720716580520559,2.84201106035733,-1.1238047143395824,-8.17516856970043,8.386875706306252,1.459464681133138,5.31926002413865,5.356463474353768,-4.503834612266944,1.027393714900815,3.196456937036829,3.884124138977607,1.8196692627474143,3.6265325269355886,5.639604258922515,-1.1637421839701512,5.420511908534831,4.303599919706502,5.926479821935149,5.5245912508966155,1.1427273189729803,0.5914306648429513,11.830146816192944,4.0000075780503686,-0.34136746273230045,1.920423148389916,6.6472681712711035,3.3663053647735364,0.8799056141183259,8.868660925333916,3.270568409875607,-11.100651827345654,1.720077542938614,-6.17698322483956,12.10973166007092,6.460462267107303,4.7515353522332715,8.13127312619699,-1.0816531781526861,5.185060865178737,3.0509022583728562,3.342288293418183,-3.4829563160121757,2.0532517517762194,5.570623403266484,2.176395971454892,5.951792408435641,-8.131308047471453,-16.775193945652223,14.006916207257003,9.426525919443929,-1.7248762472242718,4.4781898227800765,16.095654114525317,-5.58918645802976,-14.547087500331568,16.584688893970068,6.0711572639039035,-11.276181183178458,11.87520651993843,0.6217112307560058,7.432544125470919,-5.622159945977712,1.2507817931695087,5.835447529097637,-10.289152609104269,0.4187889221396457,-3.375558936078993,-6.139706405234435,14.098797652526462,7.67200879997274,-6.6152482040743195,-0.95336839250586,1.819980917014985,-1.5163075175453122,-11.845096786075015,12.315289953611464,-8.315664660353693,-12.340851760280291,15.604370015201985,8.598951062352045,-2.4326486203600783,6.749904184554456,-4.1311482136351385,2.2854691637466784,4.737384148892376,-3.9496641339311966,7.747514454887283,0.3941378238070614,4.656591871844595,-4.054380234305343,-4.802715985250883,9.958818014960901,3.064061527708395,5.492961690518028,5.683059619502218,1.434405695138885,-6.176686844145118,-0.9153343490309496,-1.3219318549988701,5.267209209795221,4.233252728175008,2.1641046966581756,1.3070548878617805,6.675490197712652,-1.195263624360532,5.63621690245355,3.7592464074001963,-4.891458859451225,0.14764103607192158,6.849587757643061,-4.040288732626585,0.9425284513402632,5.087663491538952,-4.448246796859124,-2.8289393628729287,-0.2644988222891054,3.696437711024392,Actual adjusted month-end return from Yahoo/yfinance daily history,Market Table annual returns from the same adjusted daily history,"Oct 02, 2026 05:05:21 AM EDT"
ABBV,AbbVie Inc. Common Stock,Health Care,Stock,-6.352761349104863,-0.5282111231471376,4.596232964089908,7.81884067110008,3.16397529089949,-1.6208767352709041,7.91701043413322,-3.216069179897063,-1.6068694739835632,-10.743133041418751,8.999636236559216,2.993411733260798,-1.4267034524929612,1.1945777645588462,5.368690328183989,2.203864428825053,0.1212744139194033,9.830407093197625,-2.7190954163423986,7.709917123838816,18.007980364621325,2.2727650762361495,7.390567532874859,-0.21664193989204827,16.869978986822165,3.2169180323658786,-18.285431115250418,3.0640235129146154,2.4753918409876396,-6.35737568824567,0.563311690583479,4.065910669084305,-1.4586484128905064,-16.808200043740683,21.091865921719368,-2.2064063171421955,-11.839942431958207,-1.307786008856282,1.7037041483514148,-0.18287055203621838,-3.375726088975084,-5.201409225384001,-6.9913864334908755,-1.3209248716447575,15.181026115316353,6.590001980243065,10.282860392613657,0.9232644792467326,-7.2570282246674385,5.788686539123744,-11.107200393692985,9.497196848775879,12.737243873517311,5.945805029620588,-2.150710398935207,0.9061141623162294,-8.541323025081915,-1.5196788560069008,22.890712895791744,2.457442300863266,-3.2397489895160114,5.1326957779585625,0.44552703241016456,4.283575761531755,1.5246365256082584,-0.4946959781266136,4.400343549018015,3.852112268659913,-10.688842215505812,7.592630028565872,0.5319639607763937,17.45316799689782,2.1495309599852908,7.947979196864674,9.704302076447412,-8.624803381571567,0.33360305091489906,3.9288865687046926,-5.4241546936575125,-6.306160981806618,-0.18593287359609523,10.192731947720834,10.095626279310954,0.26678201081276054,-7.707118015982884,4.162437461925461,3.554234098083775,-4.304297188737616,-8.708309327622688,-2.341264727249359,12.252852126342994,-1.7515670429862906,1.4289552507290582,-4.33842245252809,0.857059943752847,8.834878391060919,7.098613351619987,7.086393727466667,3.4365197492405963,-9.852339237387909,-0.860797684991621,6.375593950501313,9.038254522137734,5.930270019509432,0.5959956681120371,4.060167312954932,-10.271261447602598,-2.8589963758167802,4.464936569397393,13.665036721871605,0.23440906941529782,-6.021841181283305,-4.607896362428942,-0.2632878738284994,2.711227574382602,11.310967010154659,10.047526977590193,-5.151647460438924,4.430384008736188,0.3469503586187139,Actual adjusted month-end return from Yahoo/yfinance daily history,Market Table annual returns from the same adjusted daily history,"Oct 02, 2026 05:05:21 AM EDT"
PLTR,Palantir Technologies Inc. Class A Common Stock,Technology,Stock,,,,,,,,,,,,,,,,,,,,,,,,,,,,,,,,,,,,,,,,,,,,,,,,,,,,,,,,,,6.631580152009664,167.62093093863487,-13.131690494804637,49.384294882749494,-32.06367421488044,-2.5522958692015263,-1.073422027361648,-0.39062564675176326,14.858386640747788,-17.64036956832563,21.326583433283908,-8.731963643647035,7.653902558925485,-20.208654218833477,-11.815983434053345,-24.711692875167437,-13.566737064200929,15.864971310097363,-24.25345983051408,-16.538455542727824,4.4930803679336995,14.11246670025732,-25.41063279559618,5.310885173470825,8.118079189688876,-14.675767547797369,-14.399998982747398,21.183802450972667,0.771207469941948,7.7806077143492525,-8.284021598410106,89.80645210512223,4.214819061531316,29.41944064792621,-24.49597062990765,6.809082035601977,-7.4999988079071045,35.472966072070065,-14.364086136438313,-6.290040296488842,55.87321122350784,-8.253587325044688,-4.519777945164682,-1.3199773201742149,16.835791361399988,6.1587030029257805,17.06954353578325,18.170270978017868,11.720431507881091,61.40519637750632,12.745967783210554,9.070475815786882,2.9458120597710247,-0.6123370869979161,40.33175391008723,11.263083470882297,3.445142348593744,16.160502931093234,-1.035680029324626,16.406094284726393,9.894750155101462,-15.972466741898806,5.520928002518954,Actual adjusted month-end return from Yahoo/yfinance daily history,Market Table annual returns from the same adjusted daily history,"Oct 02, 2026 05:05:21 AM EDT"
CSCO,Cisco Systems Inc. Common Stock (DE),Telecommunications,Stock,-11.725429124890052,10.046244006627326,8.74712625202163,-2.559165613774672,5.67477824410334,-1.2392380259818259,7.382872249887229,2.980632233718339,0.8905641153750921,-2.4793302830450115,-2.803130426586087,1.34138367855281,2.5273863081347825,11.26303558608397,-1.1117460110226407,1.6769133002623393,-7.455248079605448,-0.7294746568266897,1.4180030920313058,2.4165348053247326,4.4085469921014475,2.423750183551543,9.224029416019475,2.68093910820304,9.268481820080154,7.799748943841012,-4.2206550133884635,4.094300580968802,-3.5673900264026503,0.7492241150208079,-0.9537222276278512,12.958153892280855,1.8421892156534447,-5.325190903600996,4.6339067860934335,-9.484011305611572,9.984185239248355,9.473463241290858,4.288205571537174,4.286411737390194,-7.006240309947165,5.189314653261667,1.8630000827724924,-15.505407708315367,5.554355508112896,-3.1170959039622637,-4.630597943733772,5.84859064504013,-3.444645519682643,-13.139002495009834,-1.5527290842604402,8.831885232322211,12.8362523206474,-2.46760855894832,1.781786540710506,-10.360892861433479,-6.702995960532765,-8.019463187901476,19.832835586676566,4.021403164703119,0.42802292758741256,0.6505311390133439,15.244006134053766,-0.8412583209681301,3.9088532121555497,0.18903204918307992,5.2000758502416256,6.592014464557439,-7.777035120156672,3.523999133709732,-2.0189273760258253,15.55431844030033,-11.633200429257561,0.17964168312700757,-0.01793583894440509,-11.557716874763091,-8.023667478879048,-5.3496308139284965,7.360139637864238,-1.432674559248459,-10.554553273615975,14.629940071245029,9.443096661489015,-4.183414032267107,2.978321108683568,-0.5136785450201242,7.971912143253368,-8.942384482461563,5.121692508617914,4.167506342589444,1.3425191614427456,10.203711477754208,-6.259811227024336,-2.3316637008974683,-7.19356515709374,4.423318589615888,0.09988723534446464,-3.6070244281731,3.183798287764339,-5.101529524043935,-1.0217040177583403,2.1720333729142505,2.8521881507298286,4.313748091419001,5.302720521431303,3.6989413652318115,8.106626039049436,-0.016903699536574557,3.0624206729708447,5.792078785931021,-3.7435622291858373,-5.824946546273601,9.197994482404281,10.057106157403828,-1.2836549970415723,1.4835469465392492,-0.9697413992878268,7.499937400552237,5.238684818981887,0.11696461825327908,Actual adjusted month-end return from Yahoo/yfinance daily history,Market Table annual returns from the same adjusted daily history,"Oct 02, 2026 05:05:21 AM EDT"
ORCL,Oracle Corporation Common Stock,Technology,Stock,-0.1923983901942372,1.2944019065203927,11.228894235989095,-2.203385190671503,0.8529805696722681,1.815866517401199,0.6376354694355157,0.43855583277208066,-4.706434248515712,-1.810510506616636,4.6069972745735654,-4.329420665507733,4.72583135259057,6.183030644473675,4.742855385768507,1.2188155200032913,0.9563954266415875,10.464830205209829,-0.04316443292616823,0.8011132257371045,-3.9340362907284154,5.689262609252932,-3.614916545841007,-3.6282284387875507,9.540845490560269,-1.783287379924603,-9.709900466085053,0.2384863787169289,2.299075421871133,-5.693490889125641,8.640522348012425,1.8875874182196384,6.134219125674267,-4.894019281719297,-0.16380878480937167,-7.403595560606946,11.69182447620749,3.782629398773585,3.0308669410202382,3.477565102110014,-8.548741815029137,12.588981670062815,-0.7760431624869057,-7.531083523959358,5.704956925870275,-0.5396489589734266,3.0280810301328343,-5.6287876196625675,-0.5597145727712194,-5.700702055921214,-2.2846621842038672,10.121362874596883,1.510276643928199,2.789655854070494,0.7498119970974049,3.192058318907365,4.33415903924812,-5.63282411916245,2.8693476308145005,12.075574929438048,-6.227830855708383,6.751620061535113,8.773845673060588,8.476420160106546,3.8923614785122185,-1.1430091483592975,12.3605389409152,2.2836659023852013,-2.24391424893835,10.494380616386213,-5.4200673873801115,-3.890226575319977,-6.591569297760424,-6.394741731614772,8.898231371721256,-10.930582494460484,-2.016343596217962,-2.8503870837847667,11.90515879933336,-4.740519827481194,-17.639913249499372,28.494059816242224,6.353264639999989,-1.5536592746759337,8.627013592676636,-1.1982857682553139,6.315786883758001,2.3640225265491255,11.845446692722472,12.41268488217948,-1.2163930008851742,2.695568110959057,-12.01928180546311,-2.021927734271667,12.38877409762862,-9.276306797502553,6.357608682094029,-0.017921897046846436,12.473136919460348,-9.149666011233249,3.0241766822854066,20.48808475088444,-0.9605210317413682,1.3194616455137753,20.603013522431123,-1.2808648697720582,10.128684162857681,-9.84635581819403,2.3031710373237813,-2.352106663931053,-15.807536337216776,1.0124485915819825,17.630741518403468,32.078793405324404,16.319454048139193,-10.891759324510152,24.370931153813903,-6.462190092032127,-23.09889305343955,-3.486005894623778,Actual adjusted month-end return from Yahoo/yfinance daily history,Market Table annual returns from the same adjusted daily history,"Oct 02, 2026 05:05:21 AM EDT"
LRCX,Lam Research Corporation Common Stock,Technology,Stock,-9.607137106097207,2.1033473388216706,13.14422665750865,-7.506048991484993,8.39009939235893,1.8772441119510264,6.792780341497329,3.9545151003417933,1.8245537422211022,2.2701038418469377,9.456911797492328,0.15947479988831503,8.635234479375509,3.2038615703312567,8.696466269535485,12.846697002400042,7.124612488279802,-8.595705619106752,12.748371519171764,4.088769525112235,11.779287655408544,12.716176853605798,-7.786328744147141,-4.029238034032801,4.047389790588851,0.1774960564826511,6.156852724443107,-8.909243770357978,7.089647433349544,-12.30986788072711,10.292182195302235,-9.2058255693807,-11.748979209058197,-6.572175291886639,10.745787404080009,-12.648682180139337,24.53550490787122,3.8388908982864844,2.2826035033791436,15.87621573045852,-15.822190153154592,8.199486516812682,11.057262781906442,0.9108129111801588,10.337205443733621,17.277512983109467,-1.5532902681844263,10.055091489221745,1.987019996762207,-1.6029096682810717,-17.71810464711815,6.366699244084817,7.203850455469518,18.66214360648928,16.60175200745746,-10.822989798145255,-0.9823078073115554,3.113842832472402,32.32574490013307,4.599476396215607,2.4731417940788702,17.200134256093502,5.200222067252924,4.235264289923424,4.738490267584727,0.3313927501858105,-2.042418155734782,-5.112869561002653,-5.666602881658989,-0.98041206482673,20.63277746301,6.012819878662468,-17.969830342306448,-4.843032391841495,-3.9217886332077456,-13.364702130066918,11.651903981100475,-17.776924978010555,17.449230025909124,-12.507218568805579,-16.097620929505208,10.595614570633295,16.700437239011467,-10.693233656788859,18.986451814883075,-2.817447996903588,9.471830960173456,-1.1393511144340507,17.672858216283394,4.529293823051805,11.764612197353985,-2.2394328655513718,-10.497649119036767,-6.1505901862465855,21.70959465014817,9.704335015455513,5.3506969221491785,13.703859684946252,3.774176458968115,-7.9417842041114906,4.251967626799624,14.413897446411505,-13.486404283644038,-10.879908134276029,-0.2981383411111427,-8.89373946976847,-0.6321366316078159,-1.9331332153286418,12.210990012889077,-5.317711891293975,-4.978620790420951,-1.4167739426695025,12.724989733216162,20.785011247187015,-2.5683047046124896,5.598902936434613,33.96345012793351,17.59521891661564,-0.9272134248805908,9.911413534427126,Actual adjusted month-end return from Yahoo/yfinance daily history,Market Table annual returns from the same adjusted daily history,"Oct 02, 2026 05:05:21 AM EDT"
AMAT,Applied Materials Inc. Common Stock,Technology,Stock,-5.46330399437307,7.490406984588738,12.241658517522126,-3.3522348316359696,19.819780757110973,-1.8427733638411659,9.678776245109155,13.893981515567312,1.0388523526115856,-3.548907916530908,11.083376977802285,0.2173712394509586,6.1356890928176755,6.053314525064457,7.399202635983415,4.39591066980296,13.230266287986602,-9.960797323234516,7.26218457734904,2.0636696563055335,15.447708066078402,8.33175723012154,-6.326609404946549,-3.126807122550468,4.910034744811753,7.579421067735015,-3.438107489152986,-10.681536094500366,2.6432961024936086,-9.038991871269353,5.2825369359067675,-11.129940442478237,-10.158037513294682,-14.928849512379161,14.019478892587589,-12.178094934015649,19.36468711328643,-1.391723958384472,3.442872512489137,11.119526767341291,-11.758872424820533,16.076559084488018,9.93093560795062,-2.2953565444347124,3.915016656727155,8.737484788816307,7.077441964962405,5.423120934510139,-4.996715093537862,0.5399886355688999,-21.163079359749524,8.424235228392462,13.534029025792638,7.600566800036579,6.418542251313819,-3.925590893491593,-3.4902516464218714,-0.3700583602334384,39.66692618003387,4.631440972772527,12.027802611648198,22.480660093572524,13.038325090271275,-0.6661451743001479,4.266053291571481,3.0913127066653834,-1.7345499010217535,-3.2536464486463967,-4.736183732882693,6.152437996905591,7.886974052473694,6.909425231610422,-12.188602108420154,-2.705197073001797,-1.7883504428507835,-16.274662592585244,6.548981474054227,-22.43158885849218,16.487142240726893,-11.01099406187439,-12.90526535134795,7.762720379265509,24.438636645362543,-11.149635759422083,14.489627989182964,4.423721104250089,5.751194755036537,-7.978508798746342,18.237220015908797,8.432087682682043,4.877567213317868,0.9903840742134795,-9.367626658627938,-4.405922988780164,13.41278675410178,8.205346800221335,1.3759600400591987,22.922515435436797,2.2864628792650388,-3.6754884112974784,8.46822412585424,9.721962640444982,-10.0809398058324,-6.862374229979096,2.4282605119768874,-10.13114757620287,-3.5571897549506293,-6.914314710494585,10.895906643196728,-12.151875025888192,-8.192578030468024,3.8519865706813983,4.303434159011621,16.791079353187534,-1.6441744213235965,-10.462772705267875,27.357552267381458,13.851718303475536,8.42748340421522,1.8790790851557881,Actual adjusted month-end return from Yahoo/yfinance daily history,Market Table annual returns from the same adjusted daily history,"Oct 02, 2026 05:05:21 AM EDT"
COST,Costco Wholesale Corporation Common Stock,Consumer Discretionary,Stock,-6.427245529681014,-0.4521101173966424,5.032319992289969,-5.718922849443553,0.432063915822245,5.558938915749834,6.4824254709230145,-2.807290214097913,-5.91029594159842,-3.0424395228627055,1.8273195095518613,6.661788265806479,2.398352294735262,8.36056943693455,-5.356075502113711,5.8619933705463145,6.054115519010028,-11.361751966190525,-0.8878795291374808,-0.8004225139842669,4.816854788570835,-1.9538775336299663,14.835633767218903,0.9163421145356176,4.701257166553363,-1.7751068437495743,-1.293847539576154,4.633049530284961,0.8409402373973585,5.417662175051818,4.655970544517651,6.857783200339784,0.7506883809104803,-2.660945347006538,1.3995178539647712,-11.920610992310632,5.360556889432577,2.1902095162018576,10.697621038327988,1.4000323091887479,-2.1598145312078487,10.301363539987985,4.302582888998319,7.177000056504168,-2.2560805736711154,3.3478903756402723,0.9087496094211556,-1.9645778824628257,3.9466508431508895,-7.785812970703487,1.419210531044568,6.51005133264464,1.8053229231526524,-1.7052113256132206,7.592176680489082,6.798161625858312,2.1112326695057027,0.9316228498115198,9.549222278215442,-1.3070488346247022,-6.462651771753103,-5.895215493000993,6.489440968549709,5.7895688877702245,1.660892231330946,4.5998791085625435,8.809215024439654,5.9969408516949985,-1.3479884701335543,9.566077869589385,9.732651345933085,5.250496806839933,-11.021657768274984,2.951108781301981,10.90035936921947,-7.513241895398082,-12.318523127161562,2.8012720124470647,13.135180831399552,-3.547017377696371,-9.544153529578047,6.380958581367269,7.527413095940494,-15.345387158406187,11.969353940619909,-5.109608131435783,2.620927265032824,1.27798587788166,1.8693827523885265,5.242788923196939,4.140183622079174,-1.8463627369067592,2.8546063865409366,-2.2160683503953726,7.491789909043489,13.893225438714051,5.2720862138859514,7.210388405590251,-1.5136492096906373,-1.1697327789012335,12.033483563214343,4.951269451113238,-3.155298356306613,8.562044578086425,-0.6566642658470734,-1.3919697847037615,11.323919574678287,-5.721894789663851,6.942273578119185,7.132367128369865,-9.806314573891706,5.1512902323429755,4.729545084711728,-4.829926223447856,-5.081120745192791,0.530717748026377,-1.8752869214826662,-1.3926200614410078,0.23479278198506037,-5.609735181096632,Actual adjusted month-end return from Yahoo/yfinance daily history,Market Table annual returns from the same adjusted daily history,"Oct 02, 2026 05:05:21 AM EDT"
CVX,Chevron Corporation Common Stock,Energy,Stock,-3.879519430459477,-2.28015199946745,14.333642789386847,7.106924817301019,-0.1099314381708294,3.792060048399315,-2.241723651009242,-0.8198735193860496,2.3264955770389006,1.7781020746144183,7.567351475844197,5.5038078739178875,-5.395119832896489,1.9999060858441498,-4.5599757365898945,-0.6240604483456313,-2.031286818430056,0.8214145520535787,4.658309996484311,-0.4475553810224464,9.180446880885619,-1.3702046524347478,3.6361140292120453,5.210515909291469,0.12779149609218887,-9.825177460734801,1.8942267721591133,9.707109638845758,0.21892279081543453,1.7136085287588365,-0.12656416434198015,-5.285740745349088,3.224730451972291,-8.693157412978014,7.570452084017387,-8.533710137642192,5.386521578820491,5.348521594787914,3.0105393956669113,-2.5328904846042444,-4.239431039282049,9.301735011006906,-1.0688127564813632,-3.39521867392778,0.7475458540684654,-2.074204444978134,1.8461487734107163,2.8857184782320466,-11.094528996409181,-11.862082911954975,-22.369825275286903,26.966616992776515,1.1371715994718423,-2.69356240577453,-5.928510832176947,1.4296041796957093,-14.214214484193622,-3.472246998209705,27.284569917285715,-3.1314226233435716,0.8880887978539143,19.030007703682262,4.789967757386182,-1.6413828654520346,1.9311914623333815,0.9153074138398498,-2.7974054833849182,-3.668917622156498,4.8362321940203845,12.85359280672247,-0.275538981706025,3.969152808647469,11.913108663648497,10.798627994875165,13.07638481069613,-3.783061374008856,12.399844356925627,-17.10752349571002,13.1233662218035,-2.6156124820851057,-9.10412923601369,25.913542115148225,2.11608123619067,-2.083907187183409,-3.047528269490285,-6.797328286809412,1.4865824848751874,3.3218892646651677,-9.77878109127185,4.468196617904874,4.010161174961602,-0.6181698701520966,4.667882678319524,-13.574906103269523,-0.42866355848739657,3.871862879920096,-1.1598383172210291,4.231615852805359,3.7695168329864748,2.237856275118477,1.6549086687867254,-3.622925000725652,2.589201167180688,-6.770223465881687,-0.4595951712082491,1.0524941149716804,9.919241995499206,-10.553960438738041,3.003345964882387,7.500052253443501,5.465894289940909,-18.668178051700814,1.6941361652107911,4.7476473864013435,5.901224153718521,7.087731090801785,-3.3063676153831545,1.5648238194422737,-3.1081068307456716,0.8469504046176413,Actual adjusted month-end return from Yahoo/yfinance daily history,Market Table annual returns from the same adjusted daily history,"Oct 02, 2026 05:05:21 AM EDT"
BAC,Bank of America Corporation Common Stock,Finance,Stock,-15.983367688894234,-11.456844271795418,8.398103881800466,7.692315213939982,1.579683431037604,-9.972870074986574,9.193655913570865,11.905573753363363,-3.03592853870035,5.431328036322358,28.474851452669526,4.640154018284726,2.4434423674338124,9.010608474460845,-4.125155778630374,-1.0597686976030363,-3.669238537390418,8.255232915003496,-0.5770700643140447,-0.4469636245658215,6.06951023408413,8.089966307447515,3.286040578516136,4.792300466443433,8.401099705077941,0.3124876901058782,-6.222627847572648,-0.23342594960684693,-2.5445926092974247,-2.926991299114423,9.54238266693952,0.16191898189721332,-4.292228974694956,-6.653104244249652,3.272732341659368,-12.754565961468122,15.543827768417984,2.664085930887028,-5.1237930139887755,10.837262112884694,-13.015031565712698,9.611624133657104,5.7931423696887085,-10.33247337346479,6.733045418923567,7.1991806675179015,6.555773679366861,6.27941427962404,-6.785954858691634,-13.189149528528066,-25.033477358653933,13.28310824806569,0.29105580879635884,-0.847295516037283,4.757914129579843,3.456563398915269,-5.758299130038969,-1.6189390485847999,18.818577051026185,8.305795963029716,-2.1774911038447087,17.065744411128048,12.020088195180257,4.755748438685936,4.589203816178022,-2.3270952845517057,-6.960916573077847,8.83730251617061,2.197707525225412,12.555947372804411,-6.927585301740169,0.5265173986722882,3.708695585920907,-4.204597521358466,-6.286115685326388,-13.440088423338125,4.260102753517092,-15.835215009207893,8.609067000013027,-0.5915411090557599,-9.553750881605394,19.33772019071196,5.022205458625906,-11.98510672414902,7.125571441222922,-3.325776643683409,-16.077295144279557,2.3776257392274625,-5.0887917641151414,4.062377397315831,11.537127847423445,-9.659625901837787,-4.499502028344493,-3.798380816274838,16.679396315840343,10.429653476778999,1.0097779628613912,2.2145796157232667,9.84935359296144,-2.3997877012171487,8.051871505935605,0.05473003300462409,1.3578037205148163,1.091543917553861,-1.9909208736676898,5.39313887013515,13.605923227200712,-6.9785626227112925,5.346978373877587,-0.4319718434595887,-8.90813862424541,-4.433256006886188,10.656981810211885,7.86053271359779,-0.10566645579738188,7.340808449660652,2.2407454620447353,3.6053469975907193,0.3741847168485579,3.049055244564558,Actual adjusted month-end return from Yahoo/yfinance daily history,Market Table annual returns from the same adjusted daily history,"Oct 02, 2026 05:05:21 AM EDT"
CAT,Caterpillar Inc. Common Stock,Industrials,Stock,-7.270053097028417,8.772464539012613,13.057661036860392,2.531732150669197,-6.703545034351999,4.55107361215501,10.219313829098041,-0.9787220315318534,8.32214460089411,-5.15183095000824,14.497943853774231,-2.950998199427013,4.00447268038604,1.0453663185692408,-4.034772942318754,11.157204958762247,3.099917014147091,1.9254596826868475,6.804873513684617,3.106629320383525,6.14519144143526,9.542121164096518,3.939652805094873,11.640071851631673,3.7793934516242356,-5.006738197141769,-4.688632702820561,-1.5560010072059205,5.230027988561203,-10.6905361331593,6.64237472880298,-3.4422717998813024,9.823523563268232,-19.933631381689842,11.828219885752066,-6.338922775112666,5.4668077898297085,3.139070663837562,-1.3469755013141516,3.5242740265820416,-14.065419959847414,13.755138260146271,-2.6464628647667743,-9.622549552760141,6.142847463219492,9.954200367390676,5.029029761532144,2.03825283275596,-10.433797870015148,-5.413004775579333,-6.600132352259413,1.2137720983335099,3.2222027953775267,5.302593536778999,5.830175773534507,7.096620134791687,4.8064022818161245,5.939858298380174,10.531679028728513,4.85627738763259,0.9849276005957419,18.07044971642604,7.406891381991776,-1.1768915233404953,5.685859828394335,-9.72707540169624,-4.48947512438308,1.9927481882736409,-8.962872186985194,6.858596942003992,-5.225235507882253,6.925261563742424,-2.0324892059282895,-6.935907200723246,18.786648220600345,-5.058029643756412,2.522099194996108,-17.183249716481775,11.6753322054572,-6.829758461272628,-11.168852898608472,32.80616960892817,9.2164867327591,1.3324285076411035,5.816150662118202,-5.049724832406843,-4.470900529369337,-3.8683376737437825,-5.964356945756599,19.586882267416428,8.304488507919938,6.01875687759581,-2.8918861357198677,-16.769943362511984,10.91350696708766,17.928364750136527,2.039882767549517,11.205095432292712,9.72270517065037,-8.361854425866234,1.1806129289258172,-1.6010923273411914,4.356026623342268,2.859627267237186,9.834285164158318,-3.4690803256699376,7.9505302988125415,-10.674446053318166,2.7681515819543367,-7.400915397543139,-4.113983250854014,-5.773472123576784,12.53275427721745,11.544966484194386,13.244025608051091,-4.333134247105375,13.867410646970102,21.32840166329317,-0.25982986648840356,-0.5019540938594358,Actual adjusted month-end return from Yahoo/yfinance daily history,Market Table annual returns from the same adjusted daily history,"Oct 02, 2026 05:05:21 AM EDT"
KO,Coca-Cola Company (The) Common Stock,Consumer Staples,Stock,-0.09311183162327152,0.4892554855297826,8.397335141150087,-3.4274490463615637,-0.44642730778339246,2.416224579493953,-3.7503062473062343,-0.45836552690312615,-1.7597508228524017,0.1890407955493334,-4.030378116470912,2.7509484503047688,0.2653034136846255,0.9381486510972703,2.036713173362825,1.672908969190412,5.3766304698750655,-0.5518174334283033,2.2073751922801588,-0.6326149737423514,-0.3992665882315505,2.1550617087465085,0.35939136832718876,0.2403678437993939,3.7271047222789955,-9.182626612494749,1.3729565257948328,-0.5065887975579719,-0.4859893187198483,2.9084254932281617,6.315539457940567,-4.417734353086534,4.516227882418522,3.658791852653609,6.095553031898193,-6.051591972217474,1.6473078045830203,-5.796788638134743,4.254668932918815,4.694841955785045,0.14270170393222426,4.452453252792843,3.35820638270794,4.579142625277743,-0.3669831839525517,-0.018331532909776627,-1.159519807482745,3.6516769833995655,5.510396333615075,-8.407530207254965,-16.54874750086148,3.7062112741811593,1.721509441354896,-3.4149290595677284,5.729662915296818,4.847560913369775,0.48384137264676497,-2.653462682526486,8.20763704758507,6.279083416331832,-12.199116403116806,1.7445409112252674,8.488933048581426,2.409395612998222,2.426842857116762,-1.3967832474221398,5.396408451595969,-1.2624908595855189,-6.116150081153604,7.4328083647340115,-6.2324808955492745,12.888445809069404,3.0400296259742943,2.016066651105164,0.37692326755258687,4.2096890827207245,-1.9037419420493862,-0.02441194184441553,2.0028582260057437,-3.833569779907553,-8.558684365364822,6.836843035073659,7.036137209749493,0.0,-3.600073919037783,-2.9517118669806774,5.034117445886288,3.4176989202973296,-6.999238441036725,1.7074019914061767,2.839585359869279,-3.390927785733233,-5.692566545081168,0.9110402303051712,4.2756806450539475,0.8384606364249647,0.9502850638154703,0.8909132205541015,2.7480143304485782,0.9643644889131053,1.877937227688431,1.928934908186819,4.854685383083135,8.585547911742886,-0.16193497896426212,-9.114941167290802,-1.1391430735683716,-2.8402094553026336,1.959521572993017,12.177054188921343,1.3179868423952579,1.2985002373864019,-0.6202596534105376,-1.1746977791016522,-4.042408815168619,1.620259851196404,-3.132888777186127,3.8902436619237646,6.124813189219092,-3.7184910607046873,Actual adjusted month-end return from Yahoo/yfinance daily history,Market Table annual returns from the same adjusted daily history,"Oct 02, 2026 05:05:21 AM EDT"
MRK,Merck & Company Inc. Common Stock (new),Health Care,Stock,-4.0704718303975485,-0.9078391607141301,6.299356936033873,3.6476657650751143,2.5893713283548836,3.235471204085938,1.8226124842727343,7.040587556607636,0.12366353213963954,-5.9125055374701585,4.20639497765285,-3.0532043182397883,5.2998115366081455,6.259041393427256,-2.8411375830039387,-1.9043364616024627,4.4601467822590335,-0.8427834323661676,-0.3276999477637377,-0.0312753411255029,0.991410259510328,-13.962235958776292,0.32677163396528375,2.675318134167015,5.295886009260209,-8.48943999799685,1.3395856773521508,8.077841147798415,1.1211174157789605,2.7533815288769636,8.517322863443532,4.129353792748014,4.131821502553978,3.763720842153684,7.784289345282613,-3.017846510935218,-2.5913100997878247,9.216726810750963,3.006985577173671,-5.362479747832594,0.635221433967903,6.564872629491725,-1.0256775753469505,4.193272144275095,-2.001311459329902,2.9460910960421582,0.6000174503001832,5.039760681430638,-6.058289056509524,-10.393247331281453,1.3265394310546075,3.119309235706358,1.7393316187127583,-3.4381921724625175,3.763116779400777,6.268717512569899,-2.0132553679047316,-9.330941618567978,6.8873997747957105,2.557485948951732,-5.782404954668385,-5.773978985921058,7.088011613377887,-3.3596985483204667,1.8658005688491741,8.319311053978783,-1.1572730859758296,-0.754546262882172,-0.6643878048559704,17.228111681250514,-14.923365985965686,3.280062472407219,6.315229804026479,-6.013725554834393,8.095907282803317,8.09262225276699,3.7659371719483303,-0.12373139748945716,-2.0072262423938447,-4.454889881315227,1.703686978847152,17.51044717113812,8.814222090352008,1.421281590805834,-3.1906347570635374,-1.089287063305111,0.8374169489913763,8.534641046973746,-4.382099845060273,5.208726734113189,-7.574315898078721,2.1847324834279425,-4.889125060968569,-0.24283272744931583,-0.21421590993733197,7.152052289031996,10.7869905106466,5.274045856661025,4.433326237577773,-2.06894430790443,-2.847866678632238,-0.7960653797329575,-8.618726968677837,4.702543518616831,-3.486891408840187,-9.897859364063022,-0.6645807149492033,-1.3416837100506118,-0.66344094099684,-6.64846724115672,-1.858590780975633,-5.08021920102607,-9.812204815985314,4.050729109764695,-1.3137947800675454,7.68049116158489,0.7596958878255622,2.442524406623403,21.92370140842805,1.2683919226083917,Actual adjusted month-end return from Yahoo/yfinance daily history,Market Table annual returns from the same adjusted daily history,"Oct 02, 2026 05:05:21 AM EDT"
DELL,Dell Technologies Inc. Class C Common Stock,Technology,Stock,,,,,,,,,6.9829786916960845,2.6987626777673412,9.105704153829075,2.6325786187505695,14.589753975422038,0.7938130236218477,0.9292855209465545,4.728456012790572,3.3973823789001045,-11.932516065036447,5.170956269665727,16.58626537768506,3.0428586862122575,7.201136972667821,-5.472993023625994,3.8854781673500316,-11.786424590997036,3.61226972150952,-1.453763707681055,-1.9669225175332872,12.386774533752343,4.859908525698042,9.387574219657013,3.945084431187018,0.9878431807897048,-6.9295808022141525,16.69431316004262,-16.32609997348684,-0.5729472758811083,14.879591778099076,5.14154058976235,14.857707292547584,-11.65999040456962,-14.69351916180457,13.661388720198753,-10.75508819236889,0.6403808536439071,1.986130944835085,-8.319136907433355,5.980605662336025,-5.098285728196917,-17.039162282816356,-2.2491350012394107,7.939314403972975,16.28019723080374,10.676853402534903,8.900627386725613,10.446250217239728,2.4364506992136103,-10.97652118535205,14.553613283646705,6.171235635200012,-0.5457918577305598,11.222411882900118,8.733174557817946,11.548501491858332,0.3152482265918133,1.0442297280203183,-3.060106436966803,0.8693917027827069,6.751475354759706,5.71895869855954,1.2958523684954315,-0.5312600994894057,1.1394046106835587,-10.297493544704528,-1.510991987945287,-5.679806057157921,6.23272551020897,-7.4689691642668805,-1.732732416207361,-15.02441622605729,-10.759994488408097,13.465575894918835,16.64059450714013,-10.203144011095244,1.8131804024726916,0.04925175070906729,-1.0580762519151854,9.093485438909422,3.0351672058810397,20.754322569178285,-1.5189249037389718,6.273643656350503,22.51065835321522,-2.339999365608225,13.391117694808962,0.830368132565118,8.82386362335632,14.213337323919761,20.547223595254273,9.652713554730719,11.970464503821155,-1.1822668235133338,-17.283524122113825,1.636185052854744,2.596498949682191,4.664556477297821,3.203106522289123,-9.679450070847329,-9.74059262212058,-0.8108062684605177,-11.298168010656385,1.314828498284304,21.26196376288556,10.182451935865267,8.672420770333545,-7.943321377041523,16.06222054272788,14.683807178291408,-17.69025433777086,-5.601806464426717,Actual adjusted month-end return from Yahoo/yfinance daily history,Market Table annual returns from the same adjusted daily history,"Oct 02, 2026 05:05:21 AM EDT"
HSBC,HSBC Holdings plc. Common Stock,Finance,Stock,-10.31163869226679,-10.254240108030032,1.0856009401668087,7.101498234309989,-1.095363210259881,-3.4833211415273735,4.599154072561018,15.22450414403349,1.1021555140536377,1.3755751419326723,5.075722221064205,1.618653593224062,6.022851814588082,-2.948244800732791,1.290326677642173,0.8574176829182267,6.83803765137978,6.668186210993432,7.975866789521824,-2.41344898096042,2.0867818342210187,-0.2982631193368168,1.804398555641984,4.008057480205851,4.395815594954899,-6.048625079554704,-3.949201586438833,5.433152649516959,-2.7742492777942718,-2.5630988669323895,2.715342493864159,-8.092714501960163,-0.045394637633389134,-5.497882977009105,3.528840911639297,-3.3615514838115312,2.4811329161897877,-0.6085354503392648,-0.6122963859978237,7.368151615600915,-5.314039574586782,2.3791916838787674,-3.7853375680298673,-9.348528445330084,6.601668102942071,0.10104056450137566,-1.4025210867904758,4.911456131571823,-7.162949125307538,-4.689564454948769,-16.56240958367793,-8.139958531470459,-10.415842753493909,1.2147348338025665,-2.9147172767353235,-4.503299980017294,-9.477585683429968,7.150158422745556,23.403259176978054,0.07725333949955004,0.9262728366430606,13.613769676000032,0.5068072654889733,7.137962091854799,3.71555091775031,-10.901771744191901,-4.436757603091701,-2.874966174139415,-1.096832773629608,14.990453211966104,-7.9481332401518445,8.923431894785349,17.976780861612497,-2.8957239940422874,1.9241546810129906,-9.380503345653434,7.900677419761415,-2.361041265376085,-3.8873301652707193,-0.4595605103032696,-15.439504719467234,-0.6137389244880165,19.104586375409482,0.9721338759810072,18.549412577692248,3.708731466227344,-8.156900909079,5.6255650661166,3.4937428344976595,7.604541238704821,5.451804144410377,-9.56642738603215,5.734184641759832,-7.932081840523497,7.20633864343001,5.490507170215042,-2.984698236000838,-0.38139821624899595,4.591911917020397,10.721558787450224,6.076813844281914,-2.5755994290412865,3.793098632798486,-0.3651012719467661,1.6419341877842442,2.080119698549332,2.7320812684283213,5.480928294842324,6.004857172025657,14.26662620775323,-1.1516805719864798,-2.3506836375077778,6.646743645920039,2.5472259594662816,0.8389609135366793,5.9769527575480375,10.097727168484605,-1.282061373070309,2.265680554452909,10.553672374276402,Actual adjusted month-end return from Yahoo/yfinance daily history,Market Table annual returns from the same adjusted daily history,"Oct 02, 2026 05:05:21 AM EDT"
PG,Procter & Gamble Company (The) Common Stock,Consumer Discretionary,Stock,3.7678027280809268,-1.7138072538013027,2.51591467806751,-1.8633130572711987,1.148274397003135,4.479259373833355,1.878748755296522,2.0095660065925447,2.79463356004257,-2.5402186779865943,-5.0000108804444166,1.9645805024583796,5.012206104932426,3.9611811788188733,-1.339649833652523,-2.0603669412168624,0.8702650023901581,-1.067109351040707,5.028693998520151,1.5965628023965284,-1.3980954333703277,-4.3888908518756375,4.227498440268196,2.1002406882855817,-5.313241793550249,-9.057191452584224,0.9678779629908707,-7.909423478897382,1.1473715721075362,6.683085697325919,4.552939812130341,2.5593450700577502,0.3375327213087198,7.48958810662681,6.5742496410511775,-2.7404812926426714,5.780046958962459,2.1561204503158793,5.580920131163136,3.0578561267309734,-3.3527358956938147,6.549405307800815,8.348762320530835,1.855294446046707,3.451745632838099,0.7439495292679954,-1.9677024517794295,2.3267254553002603,0.36861153228957555,-9.139787121399523,-2.8526082939342,7.869172044672368,-1.654362709178847,3.148692356483407,10.351647189387347,5.498798353918399,0.4770970357302007,-0.8121189395774442,1.2910473663825028,0.19438826251823027,-7.29958768665202,-3.6502521094318396,9.633283133868996,-0.8538657300939945,1.071826340734927,0.05931149722493423,6.073172183468101,0.11247862549301768,-1.8189172413339283,2.9158721432761325,1.1119572623289775,13.141566827080675,-1.3838773992693176,-2.8419972011443417,-1.9821822752188911,5.661502122298634,-7.89164361403386,-2.7657350057059937,-2.766665883832653,-0.6982975976898786,-8.474723683963227,7.426337455187748,10.759640554651861,1.609010249841658,-5.467505745669188,-3.385338619591416,8.091049683033447,5.830305981365269,-8.875807738542473,6.484185829836542,3.6541481219554806,-1.2540136773255384,-5.494348890721257,3.5081147207480567,2.3262060890826275,-4.5466477806427985,7.910767246879713,1.1454559736827186,2.082536740886942,1.2350158091711805,0.8210759641199772,0.23096089025498312,-1.936176675618173,6.7056467217293525,0.9677071079662536,-4.069766685021525,8.524034751719922,-6.476630210234058,-0.38639204754360446,4.7291714801495965,-1.9673181918918647,-4.0116356595314535,4.502664322591987,-6.221670058680617,-4.908977367852573,4.3663025871598204,-2.1586811700328057,-1.4503650652104016,-1.4696978042810227,-3.2734892003355887,Actual adjusted month-end return from Yahoo/yfinance daily history,Market Table annual returns from the same adjusted daily history,"Oct 02, 2026 05:05:21 AM EDT"
UNH,UnitedHealth Group Incorporated Common Stock (DE),Health Care,Stock,-2.1081210448568366,3.4213388025397418,8.67501099168373,2.1567277885591984,1.5112317602130387,6.114355572495667,1.4164040757403074,-4.993017046751335,3.378542044034405,0.9500004666867623,12.467566022735465,1.0864123615833332,1.2871708613089838,2.023435867329426,-0.4587829681056643,6.627702377388722,0.17153334054020863,6.282508801146114,3.4462522386354832,3.6963568629348353,-1.159789740702466,7.337245960980265,8.90516356090394,-3.3790325880987293,7.402681340476103,-4.4851637293481295,-5.063443078736041,10.467279096527292,2.1616130977625714,1.9451564754214834,3.211893014076317,6.018479019206091,-0.5670487425465609,-1.7628954131108543,8.000381522981325,-11.458617199904786,8.461797036536556,-10.355298780065269,2.470346441396476,-5.738880434061988,3.745656495095373,1.3608684137045746,2.049093268869928,-6.027876710062808,-6.690231394314516,16.280145165716277,10.751841598218093,5.445470574825051,-7.323613700939013,-6.419517377481676,-1.7648923900356217,17.27882364572073,4.232928672282976,-2.830760767026197,2.6546669649019528,3.226736613904335,0.16146235778151663,-2.126547977942095,10.224810895644554,4.638665868626157,-4.87626525887862,-0.4076642952292375,12.392940979907241,7.18414444588118,3.289838497042785,-2.4308789399810737,2.9417553042546896,0.9824800450893845,-5.803529151804032,17.845610454768202,-3.5290340299813705,13.407300650615417,-5.888802233524704,0.6983065363698415,7.482957785404176,-0.2784672881329886,-2.314413901014223,3.7605496323628973,5.589664137005013,-4.242740038746473,-2.446487641062489,9.92198803833999,-1.3311742079636368,-2.911064440862632,-5.845185622164706,-4.65755333552279,-0.3502026369254896,4.126203817489205,-0.9856012444514617,-0.9496278844184802,5.353279902324681,-5.883052157170021,6.2052129717041105,6.22185291481856,3.250801383765922,-4.467493622466967,-2.7978943633396924,-3.544755716355752,0.6179437263095888,-2.223559753636273,2.412634438183736,3.2400944059118197,13.136690699215148,2.436835302114715,-0.5839970504605718,-3.451467063475122,8.095681253921105,-16.78136003972511,7.241144099418739,-12.448162267444374,10.743699116511763,-21.44342336638254,-26.6211331227978,4.065643706324518,-20.00512780969661,24.166529068189014,12.13685162113476,-1.0831098271350426,-3.451823788906694,0.7761529926329391,Actual adjusted month-end return from Yahoo/yfinance daily history,Market Table annual returns from the same adjusted daily history,"Oct 02, 2026 05:05:21 AM EDT"
PANW,Palo Alto Networks Inc. Common Stock,Technology,Stock,-15.13000680642137,-3.144028510018959,12.673531646483083,-7.5211476135589646,-13.528202741332883,-5.994174092475035,6.727005695077848,1.7419168070766045,19.644066998425313,-3.4519598105738125,-12.650323206518143,-6.936071670997491,18.000791797519476,2.9411844542445387,-25.819618065692396,-3.7894994063149112,9.390278274803897,12.834135838353333,-1.517075567098758,0.6905447380798346,8.598990101365045,2.1512827945503465,-0.9850471120305127,-0.5557470537844833,8.920927361445298,9.818207334874929,4.700922854399492,6.054430427869217,8.093091218646297,-1.2590755567424838,-3.5090314589722005,16.58933948087251,-2.5481384575137267,-18.742782667204104,-5.512452296224168,8.904303838610982,14.053624335091275,14.640158906771195,-1.3765346617470753,2.4497744871196936,-19.56757956018963,1.808731452097101,11.179826586283937,-10.117417367537696,0.10313283261547124,11.558650083448718,-0.0747673259538395,1.773617706078534,1.5264859082530835,-21.364682806419964,-11.19055125412045,19.85239942028516,19.724184054491833,-2.380246603229874,11.429442714014293,0.5822213219107031,-4.918225052161063,-9.626147834188748,32.881229900147346,20.913851516961213,-1.3056099009571942,2.1553850268925645,-10.11693982990396,9.728004004828072,2.79011868318626,2.1472801812908004,7.546148635202998,15.534392214174453,3.8955487782840637,6.281836196108248,7.434835734609124,1.7954422327189246,-7.069478848615363,14.853113505311754,4.755573450985073,-9.83598130971698,-10.422605212525959,-1.7582265304622924,1.044662031138377,11.562811210046121,-11.752665718490263,4.762197552649994,-0.9849073241299799,-17.869335904066673,13.687836478786576,18.74054200827171,6.03599865727189,-8.651245771537875,16.95165600003814,19.73850472733576,-2.17212160474618,-2.6644277017215723,-3.641594944191906,3.6597857625424224,21.426216422517875,-0.07116183458746317,14.795850569844982,-8.259732700966504,-8.507481548435736,2.37919601923533,1.3819618451084814,14.953716576546805,-4.212264643503993,11.69894649373029,-5.767537868694827,5.421298841742694,7.629123796622994,-6.162651086874926,1.351940736596302,3.2588626865348136,-10.392266999572119,9.54640960173434,2.9369313156108356,6.350691891169191,-15.16809684260727,9.746542381373025,6.875913579128623,8.162268330480703,-13.671449264146574,-3.1189227277542586,Actual adjusted month-end return from Yahoo/yfinance daily history,Market Table annual returns from the same adjusted daily history,"Oct 02, 2026 05:05:21 AM EDT"
GE,GE Aerospace Common Stock,Technology,Stock,-6.581069405946027,0.9391257968204725,9.093997481474524,-3.2714546801345334,-1.6910375939989897,4.923865355001755,-1.0800536975849595,0.32114535331357885,-4.445716983411585,-1.7555274483040728,5.704465653317881,3.503929707283504,-6.012650333996716,1.1709365959325035,-0.03357846389253627,-2.718092485158119,-5.553677615579577,-0.519119417585967,-5.183282072424722,-4.1390191169386465,-0.5230162969659946,-16.6253025395683,-9.275803910961189,-3.933917800623321,-7.335259418457207,-12.017472498671477,-4.464922621125622,4.376857841121984,0.07105857811653404,-2.480080067654067,0.14691309912100436,-5.062355943843045,-11.91956544407583,-10.54031287367858,-25.742577977866,1.0721885193125669,34.213985978213614,6.354337023136036,-3.747997514287127,1.801796377870235,-7.17798433566651,11.33588712266791,-0.47618294641585956,-21.05262998614702,8.480784331915059,11.633109876608216,12.925829207669093,-0.8862412079106208,11.559134311085328,-12.610444225832317,-26.949571200401724,-14.357718405049402,-3.3823524127052695,4.1132389255687185,-11.127371582895274,4.448120432956348,-1.5725993874072919,19.101123170345314,37.1967817122737,6.187960858746178,-1.1111329994688446,17.41575015966099,4.782166591790471,-0.0761670821859406,7.164631056387294,-4.194591740241405,-3.788977830353457,1.7470940079675534,-2.1818383229942007,1.7859263964044914,-9.42122706981382,-0.4603454025325804,0.010590459891046677,1.090171728851974,-4.112456608136106,-18.524587631142396,5.0167552409108085,-18.577061835119025,16.082924862896796,-0.6358827958386271,-15.595294415502181,25.682439882839823,10.487088810783863,-2.4416166856254917,23.039606834008918,5.25594687436528,12.960253712954483,3.5251077699431033,2.586666732167897,8.194599200053165,4.073274503735913,0.1925753243313455,-3.346548553987283,-1.736761036447676,12.123714609642855,4.852331522987341,3.7530579300596223,18.479082559717952,11.880927979475553,15.718763430166337,2.051652231240708,-3.7362093513090056,7.245439741742188,2.5969498626163157,8.154463189801731,-8.90870036682917,6.042619936479143,-8.288470280817084,22.051686365773747,1.6750915963556157,-3.1199143285882247,0.6944822261799155,22.01547207005885,4.668385386030449,5.4725547611114145,1.5198691629857208,9.443157133319735,2.702606093540094,-3.398600015924913,3.327942290798913,Actual adjusted month-end return from Yahoo/yfinance daily history,Market Table annual returns from the same adjusted daily history,"Oct 02, 2026 05:05:21 AM EDT"
ARM,Arm Holdings plc American Depositary Shares,Technology,Stock,,,,,,,,,,,,,,,,,,,,,,,,,,,,,,,,,,,,,,,,,,,,,,,,,,,,,,,,,,,,,,,,,,,,,,,,,,,,,,,,,,,,,,,,,,,,,,-7.90358652103248,24.771756659931942,22.186986411490082,-5.955151605604603,99.57548739276798,-11.37974772148641,-19.02552139029191,19.079140137603503,35.76169903303816,-11.887298330691042,-7.831028251039207,7.623411538069336,-1.195714649857138,-4.9610825295292145,-8.139096896440101,29.33690196364138,-17.461610828872132,-18.9080424210318,6.79839130441926,9.197718178936821,29.869924766476142,-12.591198714918306,-2.1679946535145933,2.299188772108196,20.022616956095483,-20.174307082802155,-19.364119557949856,Actual adjusted month-end return from Yahoo/yfinance daily history,Market Table annual returns from the same adjusted daily history,"Oct 02, 2026 05:05:21 AM EDT"
PM,Philip Morris International Inc Common Stock,Health Care,Stock,2.3887990730795616,1.1331629812548982,8.904413518173593,0.010215323976625612,0.5707261420810239,4.126534136125715,-1.435334961140422,-0.3291495075594564,-1.7050328442089646,-0.8022853671015961,-8.461214599945011,4.828167993157129,5.0715746011317675,13.752244640146571,4.196953866549058,-1.8246591742100748,8.083742795606398,-1.119453097915768,-0.6300525117057698,0.18848609630710556,-4.157333116639162,-5.738172851871082,-1.8062395505545892,3.850133938849032,1.4955026643237446,-3.4318453565625573,-2.9723516853338183,-17.50503327177323,-2.99998848675771,2.9442215934738725,6.886313270885647,-9.74510720074705,6.169184216476942,8.008370395417375,-1.7486318758452302,-21.65948646314837,14.919134851700777,13.321168666306239,2.9551419349000074,-2.070354420408116,-10.894169138600695,3.352219688514446,6.468863492486587,-13.77822031572511,7.066478774223195,7.256700877358457,1.829595598625744,4.020538906091642,-2.808781344101019,-1.0035923385270928,-9.285412481432054,2.2478136513607527,-1.6622087723507706,-2.9766848012979352,9.63460463420076,3.8796928559633903,-4.528098399634695,-5.294048893161774,6.660118878296206,10.874435877555321,-3.792722215581956,5.486462720586993,7.036079654087124,7.0542967643898224,1.5052758945157896,4.026923576094599,0.9887689223048834,2.9074047273575765,-6.834826005087901,-0.263737658764851,-9.096697441565492,12.047615402569578,8.263146681377753,-1.7306513413810398,-5.7971489903448585,6.450922699746475,6.249994208249121,-5.9021635038890015,-1.6102882415303554,-1.708699926190782,-11.827553524724355,10.649324759338752,8.51387238371668,2.8392371775976644,2.993777510479534,-6.657693330716774,1.2928137477213442,2.7969295147076467,-9.963000464143057,9.90326561802879,2.151201381594836,-3.670264395344336,-2.2670741317869947,-3.694119016860631,4.710640435352698,2.165303913291816,-3.4332547412448067,-0.9796169565714496,3.258557781616944,3.623665583148239,6.783212602312783,1.2513557030737088,13.648485216051153,7.059731270459979,-0.42834858788040053,9.308071225208314,0.2712890315877292,-8.547601360291834,8.184465655758565,19.26267137763653,3.124097956082972,7.956904187882352,5.386334303854912,1.6120723130613746,-9.926997375878132,1.8774950797172618,-2.9498067116496607,-10.181122487026995,9.11106420179304,2.7831833091161995,Actual adjusted month-end return from Yahoo/yfinance daily history,Market Table annual returns from the same adjusted daily history,"Oct 02, 2026 05:05:21 AM EDT"
MS,Morgan Stanley Common Stock,Finance,Stock,-18.160340608627735,-4.559489351269697,1.2550166849085276,8.78905948311215,1.1455876698689194,-5.078526238892644,11.346935097801847,11.590664166771925,0.0,5.337124793761294,23.205234653689978,2.1518276973309325,1.0270714355277377,7.4840642880448005,-6.196613416830021,1.6955769167684265,-3.758358744958812,6.756125313273942,5.811608356808451,-2.985044052461072,5.868149835263758,4.308787640335532,3.2199465088425194,1.666375273318521,8.246902819853318,-0.9372206133872352,-3.677248888106055,-3.8761829964943484,-2.8671250479608945,-5.464663360285938,7.297202241042267,-3.4216957930418346,-4.628314501026809,-1.2801836613031692,-2.781405710512197,-10.67810705797687,7.442080554176966,-0.7564982068760662,0.5240769553930713,15.057216098442105,-15.668388416307156,7.66772053557212,2.505189169173705,-6.889602417002916,2.8440651300778885,8.733884306297668,7.448416881899433,3.3144995578539893,2.9009621910295325,-13.83467111286869,-24.494778104050084,16.99093492714736,12.09740816715794,9.275998520590377,1.905848926991549,6.91488439242689,-7.48180070421961,0.32448089359189414,28.411228990276925,10.836165316458612,-1.656560505123783,14.64574930002378,1.0277269165272607,6.7483371378680435,10.175618898649375,0.8136220658521376,5.447144251276281,8.80389885830921,-6.817982835257919,6.352031118488455,-7.744699324536352,3.5224602968682017,5.190085322633431,-11.507727637530163,-3.6808366933739123,-6.999886225525243,6.886695585617431,-11.7018588552107,11.884458930458731,1.0913437286593997,-7.287018053951256,5.008044125770028,13.265184191114798,-8.649393675955885,15.40229643705089,-0.8527679157367185,-9.01553566653165,3.3589946434746443,-9.125274623825053,4.452057693764977,8.204746222942049,-7.000873817820219,-4.086887364451508,-12.22541996731753,12.030515206326031,17.532142323411847,-5.5285858045530105,-1.3755152765727918,9.437479220351385,-2.634396342684253,7.705878026872526,-0.6643605646613149,7.149284660272959,0.38754979449249216,0.6080350715609528,12.403223871871472,13.212924914413616,-4.475354026550182,10.842425812761824,-3.843098827673841,-12.350684365555665,-0.27763711476246344,10.925313794188106,10.021116905871331,1.8384867764955404,5.629652121306528,5.635309088190277,3.7986868731886947,3.4512246399961866,4.638682722165033,Actual adjusted month-end return from Yahoo/yfinance daily history,Market Table annual returns from the same adjusted daily history,"Oct 02, 2026 05:05:21 AM EDT"
NFLX,Netflix Inc. Common Stock,Consumer Discretionary,Stock,-19.70624028858029,1.7094902847544446,9.442243945428718,-11.93386837857262,13.928686814973634,-10.81213034311449,-0.2514184967577937,6.794519293798151,1.12878048198084,26.707265808350055,-6.302559676433528,5.811968515053256,13.6591273756832,1.009169194537285,3.996340166690704,2.9700299412826814,7.1419114352378354,-8.376766347383324,21.5849031842803,-3.825826713715863,3.800581145775972,8.31540888411113,-4.5054230244551015,2.335002339700032,40.81059538373122,7.79874120638564,1.3624797600320093,5.793128326881658,12.52640184720908,11.328218789163436,-13.790466775355437,8.958372263142556,1.7542336155449645,-19.33819541655124,-5.1858925469614565,-6.455108048533697,26.840020229325056,5.478646740950821,-0.4300562340257552,3.9208062988298042,-7.356835096449432,7.003027821576446,-12.068492989927481,-9.05291125333929,-8.895322109790559,7.394814124016147,9.481230490423066,2.831624138962341,6.6508036306176965,6.937323844251919,1.7532432627999084,11.810922672173652,-0.0285841072363735,8.412555882638962,7.436706114992031,8.32106192281714,-5.576332914520554,-4.857702777528139,3.144571281169428,10.195643362263462,-1.54236572739459,1.2133960587216386,-3.1901234274240076,-1.5699885718497786,-2.076074336486211,5.05161195072068,-2.0143488257281073,9.973527738900966,7.229574959382679,13.102529379150107,-7.012785433648494,-6.147379358346427,-29.098331668313328,-7.636842683884271,-5.051708525488763,-49.181773447775946,3.7192698529690205,-11.431321053423726,28.609826723256315,-0.5958153499925456,5.314008219276478,23.972132814132262,4.6765786760407435,-3.485741643246454,20.00135832610239,-8.966823583896389,7.24862320732742,-4.500984977614541,19.792073389072872,11.45156266694669,-0.34507123426921193,-1.2050922303035394,-12.93119743829111,9.028073485862631,15.127889515822801,2.7238018939319764,15.862223990142965,6.879864861620777,0.7314434641895406,-9.334303218081107,16.522598292156744,5.183747804061012,-6.894558957840613,11.617733998760782,1.1292504352621968,6.592686486505084,17.298259961515463,0.5085689488863787,9.5857810388172,0.38903849838498594,-4.898222868327428,21.360169721367118,6.672147437453146,10.925834231001485,-13.42139500795454,4.213381407598904,-0.7721900937653126,-6.677673921714511,-3.8485598687825417,-12.846253448226708,Actual adjusted month-end return from Yahoo/yfinance daily history,Market Table annual returns from the same adjusted daily history,"Oct 02, 2026 05:05:21 AM EDT"
HD,Home Depot Inc. (The) Common Stock,Consumer Discretionary,Stock,-4.907368356022513,-1.304093881860524,8.091948391454618,0.34473387833318103,-0.8110029311809819,-3.35296443978903,8.262162065012069,-2.482768072887065,-4.056096558793509,-5.183367256603688,6.619974158612751,3.616697555965609,2.6103908984127067,5.327793579888507,1.9416216878071824,6.313455435440729,-1.0909378849134233,-0.07162098228548075,-2.4771966048274807,0.7729004178223864,9.134600702906258,1.3572917505348503,9.018568918094761,5.399843847809005,5.999085312492247,-9.27331017824542,-1.6533146904287532,3.6804046060035844,1.5121913897981676,4.583172550280978,1.2404262420239842,2.1664048390371393,3.17775944130112,-15.095329395957169,3.137764447014857,-4.713860169200013,6.81523256468044,0.8772684703218792,4.417673333575345,6.154558447262826,-6.799231282819351,10.312789755943342,2.7503912644603723,6.654498315585,2.424994148222659,1.1033515228977997,-5.997939312728939,-0.3325359753036716,4.450947562864438,-4.498004395482125,-13.71688020733438,17.7387512321594,13.032785403138302,1.4189587893853606,5.9797806407699605,7.36374166664544,-2.0577712029673845,-3.9609790481572538,4.011855419485677,-3.7279280977793983,1.9577012011811945,-4.60825118324093,18.898658205328324,6.034441145738922,-1.4706469131434474,0.5180698337415635,2.9163439004138425,-0.6124408776544077,1.1493425938833735,13.245605130009386,7.766180486178009,4.022974292920423,-11.573217919635736,-13.938090803301185,-4.652375745258652,0.357447420792667,0.7823117836589955,-8.834977507265673,9.724016825315097,-3.534985534155999,-4.327015796249012,7.316828390600305,10.069897931185867,-2.509312040123568,2.6308867265094182,-8.523298627341857,0.24182548166507,1.8365417815236373,-5.007436903046791,9.592501170536494,7.468450371428381,-0.428562500304297,-8.519529226557554,-5.781705296270467,10.855677207164739,10.54577587245873,1.8496658094966367,7.833755309877954,1.3883615357128454,-12.872775821167547,0.8910064438754528,2.798098522641035,6.948657134077019,0.7002774439061277,9.959314898743198,-2.8257759401566274,9.5593020265472,-9.353813396023536,5.9101938407531085,-3.7331885350812555,-7.0055960257323076,-1.6371619879861243,2.163729136390846,0.17065736627708272,0.23727546308311975,10.682700974438175,0.17669536071875935,-6.318012358476366,-5.972238779761618,-2.968302027736125,Actual adjusted month-end return from Yahoo/yfinance daily history,Market Table annual returns from the same adjusted daily history,"Oct 02, 2026 05:05:21 AM EDT"
MUFG,Mitsubishi UFJ Financial Group Inc. Common Stock,Finance,Stock,-18.488739388204923,-15.384616166377329,6.993005565160781,0.21786824987852782,6.739132285430349,-9.775969251508766,15.124151319674418,8.039217092787787,-8.348453684407886,1.9801975146953366,16.504845238123835,2.666664491127313,3.7337648351400077,4.06886348304667,-4.661647808563418,0.0,-1.8927569906420305,8.520914931594348,-5.629638812412119,-4.552587066894009,5.921049732353301,5.43478565252431,5.007364261994263,1.9635353956761525,4.814307850489197,-6.692913785153509,-6.610407020049025,0.6024032810221014,-10.02993903433309,-5.990022316472099,8.318583844823223,-1.3071843148322104,2.483447507915071,-2.746373644229194,-9.634545040128174,-10.477939940277281,10.47228010807113,-2.973994250740686,-5.172404602983772,0.20203370254006092,-7.459686676662969,3.485847095284589,4.631573352309348,-3.0181028111282315,5.394187234098968,1.9684933149165307,2.509661112542383,2.259892323422541,-5.340704988544731,-5.252918131914397,-22.61293700759409,9.01639170562072,4.511283098788055,-5.755397669029449,-4.8346057761559535,11.764696831554232,-4.066971011430587,-1.7456411070397637,8.883250245972718,3.263401441732894,2.934528398324865,15.131575987413836,2.4762023494175223,-0.18587018292177682,7.821224521287862,-6.390331510405933,-2.029510705184967,2.636523836897009,8.80734298736261,-7.082635415708571,-4.1742156709427825,3.409084770512405,11.538459776024567,1.1494205651708,0.487012169414891,-6.30047412666589,-2.241381065581083,-5.8201043725797375,6.179773648937048,-9.171083184326513,-12.621350921968233,4.666669483683128,15.923559367735173,22.161176340665524,10.49474649377391,-3.256446235894417,-10.37868027842801,-1.7214315633714006,5.254767579503228,11.497731169150583,9.497959701066216,-1.7348132840391273,7.061774133174947,-1.0600630905455821,2.261910917510046,0.2328245848967292,8.594673885627202,9.839571952112735,0.8395363309242398,-2.7370460374133376,6.934688035462666,1.5037541590931625,7.592595135248437,-9.380382925936381,-1.7132086921842316,3.929265033850071,12.570894245623832,-1.5952987200853919,7.593851508727023,0.9516261341854015,9.17055047669768,-7.263387841569157,11.708856819914226,-2.832858511134717,1.3119486005698455,10.000002744386594,4.251142054623647,-5.081552617725382,4.2960979088815465,0.5069703742700327,Actual adjusted month-end return from Yahoo/yfinance daily history,Market Table annual returns from the same adjusted daily history,"Oct 02, 2026 05:05:21 AM EDT"
RY,Royal Bank Of Canada Common Stock,Finance,Stock,-3.22093364799515,-0.5269114112024575,12.92914160870664,9.04361136190921,-3.074669473274194,-1.8601755529586983,4.214622414497526,1.9028735119786422,-0.2575434156465217,1.8398410987431113,3.745155958764923,4.458501829305939,7.090656587930777,1.1131132996592408,0.3302453926474991,-5.214628673196531,0.9053346418177899,4.949330011061526,3.7659681843051906,-0.6705667866574228,4.442344058709291,1.0342407397509579,0.1919756133121009,4.278390307803992,5.8211213413633445,-7.914112344369428,-2.028123242395885,-0.6514579137442689,-0.6048835163758315,-0.3836604537085009,4.506396315695982,1.9879613155024956,0.8425316327471011,-8.252004941914992,0.5766216728546603,-6.470153738225526,12.279438962406996,2.6253433423198524,-3.3640444442800677,6.488187440470661,-5.6970789773133195,5.655333609538338,0.35301135289735885,-5.259122349805834,8.560726275847653,0.36639119287282806,1.3513139500572091,-3.1192007646697606,0.6824837983470111,-5.686424272376545,-17.349295667088448,1.3680987971026681,5.29306151835971,4.548978394620851,3.0727754711356248,10.17514484205806,-7.856039659401115,0.9055060688442529,17.131025475585204,0.09759290773687646,-0.4487220338275755,5.218227562870048,8.3676245818449,4.427399237814811,9.004195920244019,-2.577157058643298,0.6969613638626138,1.6017229268400435,-3.191882634651033,5.4086994172144465,-4.788012182127699,7.179640189586456,8.350710532172045,-3.1743358112739206,-0.13584991574515648,-7.579195309603815,3.4148284130109063,-7.33153632927892,1.7660405691470427,-4.584156679562623,-3.2244159647154325,3.7660442202998023,7.905278941936178,-5.772700768646533,9.946069474598595,-0.8596973693641319,-5.813961777802601,4.926142019111901,-9.898309256127858,6.738934889841031,4.8620071409422705,-9.10924332975972,-2.952283394319022,-7.5150393230465795,13.169758743623694,11.869483642706303,-2.473680479678908,-0.5429667299101659,3.914287387105797,-3.0338382940196973,12.847244453158968,-2.6448097830724215,6.027583119282753,8.090205419344576,3.2704136003821827,-2.2776951445719895,3.95400512774553,-4.105993727644774,2.037169583137932,-3.0837429209076728,-4.61199648726166,7.323301108792513,5.655661711009441,3.860730130015577,-1.5182700842248487,13.155850652839774,1.3483697531958327,-0.5566209365890029,5.180886288216424,10.643142489519386,Actual adjusted month-end return from Yahoo/yfinance daily history,Market Table annual returns from the same adjusted daily history,"Oct 02, 2026 05:05:21 AM EDT"
NVS,Novartis AG Common Stock,Health Care,Stock,-9.379347797249448,-5.244776404038443,1.8703508448364659,4.872974278342945,4.65974102057054,3.7731283405330274,0.908968182097114,-5.392733860256604,0.24119081273130671,-10.055718072321184,-3.1821896031991037,5.933666018059092,1.4826929980927384,5.749483158149671,-1.5300259866690702,3.7161660082076775,6.1534396744654885,2.079008853946096,2.0725983702980066,-1.068067515466986,1.8507360224097047,-3.8089675422059988,3.899246029603387,-2.144517501678622,7.265377899518022,-7.450591483300606,0.5519469609171379,-5.145335076129576,-2.8295700901025733,1.3687606445746514,11.066983223908045,-1.0607778938029222,3.794702148995288,1.5088383922095439,4.6535614875381714,-6.249341186730762,1.9927919370988478,4.23903126803471,8.79217512668584,-4.54681597585097,4.146881703248906,6.620733991079253,0.2957196026475595,-1.6051711280560377,-3.5623060767346004,0.6214078283282243,5.5580864260324825,2.5893965362478344,-0.19010564671264607,-11.162838425693344,1.765120093125594,2.765318183126486,3.1865826482252446,-0.10293626094785013,-5.953753989261024,4.772341799455004,1.045793697529085,-10.211600282846767,16.32942040409744,3.963428702425631,-4.193572838288151,-5.0403346078000455,3.4921280953027045,-0.28078662444409597,3.68374154426383,3.236008759794551,1.260419850226202,0.0,-11.48392365997639,1.1983392466762277,-3.6974604207190453,9.749076776887055,-0.6402282444035068,0.6328364895236804,4.532138936940222,0.31908530422437575,3.3056891255918153,-7.048589597529864,1.5379075657184105,-6.186645662622747,-5.6010902444419415,6.735941443850169,10.390737947373285,1.2952299672090994,-0.11023170168352747,-7.172801841736442,14.12065085366625,11.489124659846684,-6.161650529973062,4.841562870973659,3.9540171856910833,-4.213537486033747,1.3734117973238646,-8.128811878588815,4.616380458650249,3.135857359376093,2.475974194794195,-2.416150921471294,-0.5764718168123406,0.4135123989653655,6.177293843811249,3.228932878102375,4.715384385605725,8.440979274517414,-4.855657694293591,-5.7555149261190985,-2.426209279590985,-7.998483433835135,7.614841192224531,4.134835205222598,6.031571606939079,1.8030078903809033,2.000183430618052,4.535243517670495,-6.007767147220299,11.262531901065387,1.3354421867385113,-3.4700626231288223,5.339682910244492,5.728526698874736,Actual adjusted month-end return from Yahoo/yfinance daily history,Market Table annual returns from the same adjusted daily history,"Oct 02, 2026 05:05:21 AM EDT"
CRWD,CrowdStrike Holdings Inc. Class A Common Stock,Technology,Stock,,,,,,,,,,,,,,,,,,,,,,,,,,,,,,,,,,,,,,,,,,,30.429050374448096,-8.745931225123849,-28.26033187866709,-14.405764582482995,16.209176873013686,-14.017243220888332,22.498499019476668,-2.373548468354403,-6.639837567067419,21.515810508751,29.781248604585397,14.212508488689979,12.872665185823195,11.068910553434396,9.218168820358974,-9.816494514525631,23.7726124935282,38.19155076404446,1.8789517467286077,0.09267699046056066,-15.504632172761134,14.245795179740783,6.541652558146915,13.126268045587764,0.9152055525453395,10.80004705008879,-12.533808263595414,14.655378465526292,-22.945348191719706,-5.705995866480185,-11.775336073431774,8.065770246594495,16.32600482612634,-12.47137885144486,-19.50593181986552,5.356579643217696,8.92264402157088,-0.5392186602683924,-9.747551060874803,-2.19040147068027,-27.016126703988864,-10.505737739096244,0.5793528398209125,13.966006329011327,13.729382492534326,-12.538242855765969,33.3860898060742,-8.280777718909727,10.070136199787383,0.8474545875001738,2.6682243366783487,5.60998871772207,34.066866416931354,7.734504158903621,14.562114839895068,10.820510733840806,-1.0982562473009438,-8.74948941432503,7.222945329054986,22.163415703646283,-39.46605985647126,19.537847367513606,1.1504625127849,5.847325498308509,16.539228251792082,-1.1012508440473856,16.34030952294523,-2.112694628424905,-9.51599259389152,21.637645768440493,9.909762978029502,8.048879401408215,-10.74787270950388,-6.791032100622008,15.737547971369793,10.732494057417696,-6.233772029013984,-7.934636186249766,Actual adjusted month-end return from Yahoo/yfinance daily history,Market Table annual returns from the same adjusted daily history,"Oct 02, 2026 05:05:21 AM EDT"
SHEL,Shell PLC American Depositary Shares (each representing two (2) Ordinary Shares),Energy,Stock,-4.061991080102134,5.717167032251602,6.5303812537929495,9.164053369882573,-6.59174929907066,13.879166476874927,-6.21153926202731,-3.7791656964282327,2.3926274461145702,-0.519297755665471,4.50248838348537,6.418794427423857,0.01835058731207706,-2.9204671035543694,1.6187835087157598,-1.0241080113657541,6.028424507894714,-2.2422571768690447,6.279368944802455,-0.7586224556368482,9.786160167800407,4.044216136357859,3.266252878065079,4.039307456159991,5.291538599365264,-8.612594697466925,0.8534816586451166,9.5439673846617,0.8643506685176439,-0.5029917328926881,-1.2422522157669702,-3.239774253566108,4.461145291646429,-7.264447709752453,-2.92769507838454,-3.526465529903444,5.937838026077591,2.302840786144711,0.6107929712009463,1.501847469244555,-1.2766139917391062,5.274229566030453,-3.3502300976153143,-10.092690912272605,5.8453219890432395,-1.4953337915131315,0.7427300476415821,2.591738380466535,-11.5801804607784,-14.035704711032714,-20.758590041593205,-5.044414875014713,-2.5571487623688993,2.3161172121102025,-8.810031824672826,0.5427218828503388,-15.195410928960696,1.509727118719928,33.86632588924372,3.841581436020225,4.980085317436989,12.14323411401297,-4.435741583955622,-3.0859631114246056,2.5034689417533285,4.636079212850408,0.544539786988385,-0.9817287186371759,12.097579615922548,3.0289329897958295,-7.484939617527364,3.2350346786434114,18.433164916650746,1.9260679482611343,4.848231155304861,-2.730743392647872,11.79343650252398,-11.702134455113267,2.0845274013912674,0.1935586306412329,-6.077761074902832,11.796635800499033,6.048466608688607,-2.5996157281795274,3.266016376274994,4.292873686237231,-5.315112988699511,7.716364837312262,-8.785492239844439,7.821437136373799,2.070219485478897,1.8245493280360847,3.688198160018552,1.1804858036414068,2.0374718234357214,0.0,-4.392115498458993,0.9680114321323874,6.7006038311895555,6.891420119586256,2.52521791777498,-0.8243602859122068,1.4408090566525367,-1.2015579095945528,-7.968207261884919,2.4260801125573828,-3.147038948039249,-3.2282976049926915,5.107732049550862,3.545428524897676,8.627330204780105,-12.008725778216112,3.801360014647326,6.327396172091504,2.556454831367616,3.331220503809673,-3.1808340425750647,4.73926550212842,-0.5974954600843851,-0.3931201372674331,Actual adjusted month-end return from Yahoo/yfinance daily history,Market Table annual returns from the same adjusted daily history,"Oct 02, 2026 05:05:21 AM EDT"
GS,Goldman Sachs Group Inc. (The) Common Stock,Finance,Stock,-10.35897127787071,-7.044006809226766,4.982292568027025,4.541970896698411,-2.422906955850135,-6.834713124770175,6.885199302395173,7.123352733132093,-4.8330002159265195,10.522691025505138,23.412122647716814,9.19330329963235,-4.230516712728072,8.454720431103091,-7.393350292296541,-2.577071909091,-5.285422925539129,5.036455019269015,1.5457491709249593,-0.3665401705860938,6.011462228921705,2.230253060474441,2.4489611558639934,2.8751471758902136,5.1539021408470775,-1.5760263048955059,-4.210247310086879,-5.372012598397546,-4.888723095775182,-2.3507803534915217,7.643800168849646,0.49177124940049666,-5.706236231929552,0.5039084358276824,-15.045387250522746,-12.39707417539887,18.533344547396368,-0.26039883585753376,-2.3944961162989054,7.255568517198552,-10.978791139926647,12.115773834452837,7.590403302350834,-6.78700864746804,1.6281759151692832,2.9677280499324388,4.319973207381089,3.876246748270784,3.4010006990325525,-15.037813804561983,-23.00144669524229,18.649309871552866,7.795390306489214,0.5750530947350896,0.17207659648519336,4.11717598875414,-1.9036442512556762,-5.936208041172241,21.97418719122288,14.991493924182686,2.828880937170064,17.81538515348351,2.7558829522766004,6.559605362136245,7.124821586403018,2.0187139763770956,-1.2252128373038351,10.840606635911332,-8.580203356507033,9.343187631502857,-7.8287130652817005,0.9393422714329969,-7.285320986355992,-3.775262213793784,-2.7085776377826942,-7.455303546396308,7.647263424326334,-9.126534394088637,12.245012888719264,0.5373777719729134,-11.909689983601467,17.56013398913545,12.82177519050376,-11.075974895253504,6.532093414351614,-3.870856275432233,-6.312478904490925,4.992198707770368,-4.971377982252479,-0.419871244360559,10.333600439991585,-7.145135321429996,-1.2633376506579141,-6.168674251717155,13.416739536674637,12.95015038096954,-0.45621014306072016,2.0304106952340417,7.361515956724096,2.159492732310686,7.6334559142196445,-0.9200030309011287,12.53758398337439,0.832690794017954,-2.967172785764216,4.58080188098724,17.53220041636281,-5.4411544338965445,11.836826582722004,-2.34608385413162,-12.212956532432562,0.2306471841659885,10.20783057330663,17.869931559379125,2.238092329143493,3.544739014775633,6.85675704226969,-0.8765034705332853,4.645473322067839,6.938852697455733,Actual adjusted month-end return from Yahoo/yfinance daily history,Market Table annual returns from the same adjusted daily history,"Oct 02, 2026 05:05:21 AM EDT"
BABA,Alibaba Group Holding Limited American Depositary Shares each representing eight Ordinary share,Consumer Discretionary,Stock,-17.52183868418131,2.6555307708194142,14.852476249241086,-2.6445619021083666,6.576554875697194,-3.012198224283713,3.7092964426861386,17.83463525553084,8.848634988999793,-3.8756023285938968,-7.542532035357363,-6.60497518529648,15.374094991782371,1.5694521445975607,4.791059751746429,7.1130486026730555,6.025970033173245,15.05796295971409,9.971623870012515,10.835758808781982,0.5648013267761209,7.052285821232318,-4.224127543282341,-2.6259447146979475,18.47707622226389,-8.88443249971288,-1.3968041365263417,-2.7242014988921204,10.905123329146328,-6.302706563379957,0.916287025252327,-6.526734216679653,-5.8568056391717915,-13.644090882071946,13.058760152787396,-14.789236391669613,22.9225690584272,8.629595355785803,-0.31689474861522626,1.710064979269843,-19.566741554812104,13.526720088158072,2.159943818724863,1.1091138301233316,-4.456379638989594,5.644926709965081,13.205413567289082,6.04999950140106,-2.5978372583214338,0.6825138964912103,-6.499996686920628,4.2112270094810444,2.3289036467769364,4.006950879430415,16.374595894135567,14.345444222022842,2.4213724775086876,3.643105838789218,-13.564614931863982,-11.63046692522437,9.066304989029206,-6.331014710870608,-4.639124531560945,1.8612427007303145,-7.356570118124017,5.991770688752962,-13.929806322821992,-14.447452071226618,-11.341986104517797,11.408297822030633,-22.680979961884784,-6.853284817098149,5.892749272857967,-16.376501500485386,3.4318797946099266,-10.762858994889946,-1.071175647003697,18.355029189235374,-21.384586759127544,6.7584236041895895,-16.161839066238958,-20.51505328784029,37.71623954685322,0.6053068561505892,25.09932340074783,-20.335743771632497,16.39138263951847,-17.116852710875495,-6.069188612330622,4.77686581272494,22.567474426745314,-9.064201949878846,-6.630785101662839,-4.842060005607996,-9.280353853098944,4.903769115169565,-6.88943525662713,2.577249194647724,-2.2558292202582098,3.441113421711006,4.662648367001099,-6.095453900267445,9.513885301833703,5.694356731766015,27.333807769001496,-7.670556601641598,-10.828737899703633,-2.952959954346912,16.570342640695436,34.065152014925346,-0.21130638657924639,-9.680096690773432,-4.680569387393463,1.3060861851404315,6.366276069954369,11.91246598733786,32.39258451671216,-4.643879278214036,-7.704034865560949,-6.815008009300838,Actual adjusted month-end return from Yahoo/yfinance daily history,Market Table annual returns from the same adjusted daily history,"Oct 02, 2026 05:05:21 AM EDT"
ANET,Arista Networks Inc. Common Stock,Telecommunications,Stock,-22.88026515479713,14.176249057605173,-7.936974567757627,5.578453815501416,10.01200524460728,-12.157188635294025,10.702080900263855,11.800202130257231,6.777110322787161,-0.38787238358313214,11.870203608960184,2.0672915672857783,-2.8624540034691393,26.58510411039312,11.160607317512138,5.57193231959543,5.542828363645658,1.6352207378718564,-0.3338006692108486,17.991829203763878,7.641218949900752,5.421654314754343,16.62414119215807,1.0552534168639438,17.081248484759758,-2.2043422987429784,-5.353298622896219,3.6231823856796685,-4.910221445385476,2.3572876185928626,-0.6835195827356033,16.912374762978022,-11.077672224809753,-13.356646808315254,3.529407166748655,-11.648775275489031,1.9364033650446366,32.81031828904912,10.240137232279789,-0.6900664533237566,-21.678571313399175,6.144976901889954,5.327023091422967,-17.125622599858715,5.427589496415508,2.3648121540994715,-20.215071742572754,4.238194437927945,9.803344660646474,-13.530940143378235,4.882978548569272,8.269562946251764,6.4569099247880235,-10.035983577815344,23.68232658356706,-13.981596643759387,-7.393154843625915,0.9520133815448029,29.58354242038439,7.340226901057889,5.847124550407412,-9.012876004923932,7.879509219233527,4.398952643320109,7.68156563874034,6.756435955529838,4.990206511461159,-2.8549687034181592,-7.006192789863929,19.22069170569134,21.125726104421382,15.871354851596408,-13.523479959239125,-1.2710113689089475,13.240439930035608,-16.844147900686778,-11.49952492049936,-8.349629465635056,24.418604556524535,2.786590136788125,-5.830829182447483,7.059971001677545,15.257324464903954,-12.885860864602627,3.8483710157946494,10.061895447505886,21.023795460493645,-4.587154128585979,3.8586366973487385,-2.573042487389987,-4.300877036717887,25.88174630051343,-5.788046559980453,8.93818468768468,9.652149557306998,7.191291843864622,9.838222881990166,7.2908676369026315,4.482237536356037,-11.524936947916053,16.015745528882142,17.749040206000053,-1.1213259159343791,1.9708605772406074,8.613957219085089,0.6826103556853758,5.015010030114819,8.94484922818699,4.252243399569333,-19.248459306619615,-16.732938403197707,6.182231645068925,5.311781846231933,18.0863322707012,20.437888926870574,10.818050396849866,6.708168039100948,8.221807134402482,-17.12854927227315,0.267834498876951,Actual adjusted month-end return from Yahoo/yfinance daily history,Market Table annual returns from the same adjusted daily history,"Oct 02, 2026 05:05:21 AM EDT"
SAP,SAP  SE ADS,Technology,Stock,0.8849561582457754,-5.58897968325941,6.742777797347488,-2.238269477761945,4.870588566573653,-7.462674412948855,16.488913729850573,0.6636849911659359,3.9104425754843186,-3.905490192136274,-5.2595497159673705,3.8572418197992064,5.877567156499186,1.8249611208428052,5.355207820908348,2.047483135372574,8.766958941970593,-2.686880660490165,1.1273522157032811,-0.8502487740588482,4.4783296950788865,4.149539922077206,-0.7442952121670898,-0.873400477624986,0.7920983599593256,-7.726267942401421,0.631598232499142,5.39176445770535,3.326260381974344,2.5445634666280137,0.3285379890751283,3.188557025759553,2.7225663669376843,-12.796743532294874,-3.337692566962158,-3.9834118413371478,3.887500386636278,3.5873160367147827,7.775598934507855,11.605748785709057,-3.1840756771776224,11.147223904339265,-10.065791053947937,-3.1537013387666457,-1.0742768777851075,12.479853142924213,2.5418633188231787,-1.441707674160686,-2.4031613667162,-5.505857644128575,-10.577004045263516,7.276029740087853,9.624877434340062,9.28960525196345,13.72856968985625,3.8877209326080076,-5.803781561930332,-31.435724852815817,13.41385147432701,7.6180209328414294,-3.2134487917794607,-2.2583148038553436,-0.4539908170583251,13.966939798288003,1.6347546101929344,0.37876963684280174,2.320952979455204,4.46699621217459,-10.05726884129733,7.212681758197537,-11.286086485584212,9.085945527838192,-10.634500685261827,-10.08704852014467,-1.4389884000892583,-9.15643561157351,1.9562604062645095,-9.134604941157754,2.744698262087164,-8.572032068322377,-4.658537872929481,18.22769513860587,15.41745784698685,-6.927040648999427,14.865776355727679,-3.973669215868314,11.184322695565218,6.890570808905605,-1.9676951847103163,4.883470032523873,-0.3362211804620041,2.449569717972433,-7.423576298802681,3.618925951184826,18.74626556861363,-2.846911769528604,11.973616953342114,8.532627887939226,3.8111514485732245,-7.0860824175502435,1.9421883577758647,10.56237903854873,4.9030722840246455,3.8327006128216823,4.2738135876711825,1.9816736722314543,1.6949120724386812,3.6237383759704977,12.12379440840392,-0.3839782071514475,-2.3854553209590956,8.847424470480213,4.588894512017294,0.4094296136386122,-5.721791980057345,-5.071504810882832,-1.8187930809862696,-2.694500220593521,-7.022812718167848,0.4798358246506762,Actual adjusted month-end return from Yahoo/yfinance daily history,Market Table annual returns from the same adjusted daily history,"Oct 02, 2026 05:05:21 AM EDT"
TXN,Texas Instruments Incorporated Common Stock,Technology,Stock,-2.7003210829221636,0.1700331153436263,8.298756814367913,-0.02779254815173937,6.2412323315602425,3.382845146522584,11.929565555299003,-0.3010593502526193,0.9203318480759171,0.9546808767210369,5.110634229131117,-1.298493647462029,4.179196833820664,1.4296965213513646,5.142244772601745,-1.1033745796003136,4.180355493263033,-6.740193508037495,6.429262339110475,1.7694970627248008,8.234719769082455,8.55510120794647,0.6205182201227455,7.349164447184542,5.588792815508836,-1.2035973128883715,-4.11627230129451,-2.3678816150272675,10.99648490056988,-1.483318000473921,1.5295390881631121,0.9701885991007186,-4.546290989695256,-12.732323867642714,7.562214383083776,-5.358060315140878,7.355303763682874,5.065578974282103,0.2741425056276947,11.087008625453244,-10.890028111268657,10.018241997380194,9.580897520541964,-1.0079317956531608,4.43639374014646,-8.01655443388557,1.8815426696354498,6.721542433114092,-5.275884596908242,-5.395779093628494,-12.449654138685617,16.151345966836892,3.099779855403284,6.931083544562888,1.1483607070201796,11.446485573824393,0.45023255130278717,1.9880776773174347,11.522171771082391,1.7860608772169995,1.5626511863469972,3.9712355995878967,9.705717038495276,-3.9598335446225263,5.157608304965655,1.3064967574840658,-0.3207823732508386,0.15215020417198577,0.6809421652236969,-1.860127159788294,2.6082589102643494,-2.027302771559669,-4.134046224709486,-5.292755656020198,7.935745819559181,-7.210597050479917,4.529723086560344,-13.074226212457186,17.193811227515422,-7.6471470229354965,-6.313194224783814,4.607033294978269,12.345135448894307,-8.445066797138512,8.02133526523603,-3.2503930314607965,8.4922651853234,-10.112343039893645,4.795887826248579,3.531165659247848,0.6914277285027248,-6.633341973023111,-5.384986762802879,-9.872493248338587,7.534704525565505,11.623322230920397,-5.324686684634605,4.502872907849098,4.11163251980291,1.2685819442794566,11.33404370647999,-0.24613689905457203,5.452534336451165,5.166586205527013,-3.6250778624024704,-1.0032777006293903,-1.048439074292784,-6.725362561592996,-0.8185417086525315,6.164365508432912,-8.311658850276215,-10.175038933280756,14.245541867864176,13.546628734811605,-12.162275151654423,11.830342186526144,-9.260181694947956,-11.336643385540146,4.217752236220873,3.1021606386243183,Actual adjusted month-end return from Yahoo/yfinance daily history,Market Table annual returns from the same adjusted daily history,"Oct 02, 2026 05:05:21 AM EDT"
SNDK,Sandisk Corporation Common Stock,Technology,Stock,,,,,,,,,,,,,,,,,,,,,,,,,,,,,,,,,,,,,,,,,,,,,,,,,,,,,,,,,,,,,,,,,,,,,,,,,,,,,,,,,,,,,,,,,,,,,,,,,,,,,,,,,,,,,,,1.6222031184275787,-32.55618525791392,17.37775742850205,20.323693623018222,-5.3583249987592785,22.250707034437145,113.83646719636698,77.6559779435694,12.015249449774945,6.314943649499427,Actual adjusted month-end return from Yahoo/yfinance daily history,Market Table annual returns from the same adjusted daily history,"Oct 02, 2026 05:05:21 AM EDT"
KLAC,KLA Corporation Common Stock,Technology,Stock,-3.403026716900659,1.9461960291194291,7.4844992272108835,-3.9417631915877993,5.058885743635444,0.43876063912946517,3.3583794418210244,-7.829430840728779,0.6497339328858986,7.746371548788744,7.063280846623088,-1.4528829414042987,8.172330099653546,6.550591879895107,5.492683540148491,3.313339476489907,6.455250989159356,-12.009578830014034,1.2238670181993205,1.8259665029593197,13.139065199481514,2.7264235882671795,-5.56046255982412,2.7680142458614165,4.50175873618297,3.7843420422344565,-3.7949164732451246,-6.669108579637195,12.050116018708179,-9.449788813254866,14.522540602995404,-0.3872311963206476,-12.477433481564471,-9.99897220504008,8.550597027622132,-9.202518791614667,19.08592958504718,9.128765687532292,3.394228290626833,6.758210971540857,-18.587035278150786,14.679323933914645,15.329976533583633,9.099841451806846,7.809334816991265,6.014418463389903,-2.5955493148317355,8.733049841892559,-6.976465367299167,-6.800392843604275,-6.486231753116334,14.157499846923006,7.752010893075512,10.525158763840391,2.750899005257601,3.0991813673588053,-5.557172098994156,1.7755865692934192,28.28174282382423,2.7543085710840076,8.172726551253739,11.429403508528925,6.1594158096402785,-4.555060914190667,0.7940099210187901,2.309965951997328,7.387177282043789,-2.0421617412500925,-1.6031120658224651,11.43465099193881,9.767893438740316,5.385524342448655,-9.495255845539052,-10.231577979527485,5.038715559750084,-12.784765961096067,14.66140100479989,-12.544895253387,20.201812994464706,-9.961312066616411,-12.059393072256952,4.56664400870912,24.663870400489742,-4.1002060403533385,4.09780986827375,-3.025503080057379,5.216381762338007,-3.1640419451297697,14.990667464409668,9.487794128674532,5.964690502792935,-2.084675737009156,-8.609788885939562,2.4070264546514952,16.269732154872663,6.73497731463184,2.19164204328246,15.112869501185289,2.3845834621873507,-1.3284171855202143,10.414356340497477,8.555285919523792,-0.17465222235072408,-0.26007060715725894,-5.494058796198809,-13.969353084567782,-2.6124416697558717,-2.613475318255132,17.15863512206608,-3.765541331874289,-4.09682954762256,3.3671450775698553,7.971086407955763,18.3463727459062,-1.8654962870811254,-0.5838609206977097,23.692665588273766,12.065637909965798,-2.5892826376536893,3.369723174926542,Actual adjusted month-end return from Yahoo/yfinance daily history,Market Table annual returns from the same adjusted daily history,"Oct 02, 2026 05:05:21 AM EDT"
GEV,GE Vernova Inc. Common Stock,Technology,Stock,,,,,,,,,,,,,,,,,,,,,,,,,,,,,,,,,,,,,,,,,,,,,,,,,,,,,,,,,,,,,,,,,,,,,,,,,,,,,,,,,,,,,,,,,,,,,,,,,,,,12.402188801497394,14.436272454930133,-2.495741672839391,3.923967057335176,12.769303870080261,26.855724316521147,18.307329707102472,10.760443758127437,-1.4793294523430367,13.361511727394525,-10.110492037704176,-8.920582590586434,21.561434426262394,27.54975852076038,11.875768595349289,24.837428374512747,-7.166536343489893,0.31487562008820635,-4.8001442144401825,2.500250282102945,8.970096822578387,Actual adjusted month-end return from Yahoo/yfinance daily history,Market Table annual returns from the same adjusted daily history,"Oct 02, 2026 05:05:21 AM EDT"
AZN,AstraZeneca PLC Ordinary Shares,Health Care,Stock,-5.095726857236304,-8.138811368651321,-1.7788531241456185,2.840880605450513,2.5552888069850566,1.6498180167985987,13.083807793293968,-2.6120620190969612,0.15242003656767977,-13.816203202720867,-7.697757290079121,4.5141749633657025,-0.32944798110846607,11.019348464967926,6.425155192961118,-2.8580672128784235,13.68595494537741,-0.8723621974500495,-11.469622991721085,0.35834142692725557,13.57692101350112,1.829964363054093,-4.724620476953268,5.567391476538197,1.0374631318793792,-2.6483473113445344,5.3630708094730695,1.601330039186899,4.221818944896638,-5.184975917186407,11.449694073963123,-0.882546589218991,3.208172649220997,-1.9964674152713524,2.6817887180478284,-4.620780362019339,-3.686149940231609,16.27448622273753,-2.765757595387708,-6.851342933567839,-0.74350971200845,10.433377372795661,5.159911438048548,4.8056721494162735,-1.0215456145293178,10.006733116565659,-1.121751898744272,2.8465375799307413,-2.3265318052797523,-8.228869026493445,1.9634750181312555,17.06223802767779,4.4376434073196025,-3.1318716725274087,5.464175034992724,1.1969993866405737,-2.142857032654344,-8.467156518476893,5.542264800866326,-5.572327253416054,1.2202321901268354,-2.5392936114265185,2.7697279266131636,6.737733587354011,6.971930267840265,5.513483361889238,-4.44074506760761,2.6327641676700875,3.05421737028011,3.862803653006397,-12.103244382467382,6.237468626516995,-0.0686769909993834,6.316630502503462,8.9684551664879,0.09044954320736043,0.12049040791957122,-0.6167390850190801,0.24218445268211486,-5.147830654901686,-12.087206543282248,7.239247236133339,15.575580506590537,-0.25010172164872113,-3.5840734392114104,1.156525124629404,6.4897343810894625,5.489107891803524,-0.19119647015777286,-2.066220813300179,0.18162210542951307,-4.790320238468682,-0.1474569225468625,-6.630240325010195,2.1508668777517226,4.273112156600778,-1.0541810747694225,-2.242129625131273,5.595386185348961,11.999987371868315,2.8202517420841566,-0.03845156453293752,1.4873691298304959,11.381610461318825,-11.081943967693997,-8.676680090188116,-4.961351072489483,-3.1055944375126043,7.997561786745266,9.240477399073654,-3.5559702731547627,-2.326524297027688,1.4486729769728424,-4.050538496481759,4.5935978115579035,10.0775107352294,-3.9799803156880476,7.40355041001437,12.524275187208268,-0.8520316388840543,Actual adjusted month-end return from Yahoo/yfinance daily history,Market Table annual returns from the same adjusted daily history,"Oct 02, 2026 05:05:21 AM EDT"
RTX,RTX Corporation Common Stock,Industrials,Stock,-8.72280648989875,11.005117248163554,3.601743619836051,4.265709754098612,-2.991427989765949,1.9586475835444928,4.973179963887442,-0.5319335882334464,-4.538165723537091,0.5905612253499282,6.0511903070000095,1.7638425963808047,0.045600755618391275,3.2367574214223316,-0.30206655273988803,6.042248404424311,2.481662485052949,0.6843632323896731,-2.899030134292635,1.5831003064441518,-3.0404204665039347,3.1702202517552625,2.018569616194199,5.039118495657058,8.183737202717655,-1.826996948471682,-6.62015591661973,-4.50644250673482,4.472872395318617,0.1682608980784872,8.565955783184599,-2.458040855568533,6.1579272411165675,-11.158004338322602,-1.3454522638888688,-12.606707365909575,10.884672940896634,7.069347581786456,2.5622854345971557,10.644761646821422,-10.948267435239822,3.087859240350821,2.6113871263105493,-1.9350863172894583,4.8218381324913295,5.17140517871113,3.8298127941527316,0.9572525365429074,0.293798650784316,-12.642163927247985,-27.766298501364517,9.1732202862697,0.43434422997952193,-4.494708978153805,-8.016883467070556,8.422806190278198,-5.672152410110964,-5.5960656652158765,32.99169900764851,-0.2928296092397198,-6.684361464723832,8.546350358600696,7.334337181244499,7.7261474254964435,7.2130578673712975,-3.8327193850171137,1.9223930878069506,-1.9335631993225855,1.4157595460622119,3.373656868942465,-8.401219523386372,6.351948019013864,4.798990946266546,14.503797566965382,-3.5345650883502278,-4.199051620873162,0.8200217902071927,1.040794777569154,-3.0173799822282743,-3.151275349881222,-8.791097005208337,15.83191217116402,4.723513306250116,2.228525246865143,-1.0602475442621495,-1.2221274080714606,-0.1630974306152,2.011650747732241,-7.200812450409877,6.316466507904028,-10.238884804042991,-1.4666108388878163,-16.352840747451058,13.088760353179962,0.848539154450334,3.264580124197858,8.295723404981171,-0.9434581606483694,8.7654607363572,4.091056289452766,6.834691832779072,-6.882472927553751,17.033570348231653,5.540918352520596,-1.7674723161509087,-0.14031660604597596,1.2305627568010458,-5.015182153275488,11.43276125004209,3.654958584666046,-0.3985008347112018,-4.778831173413978,8.757451915434844,6.990036342335926,7.909869967357097,1.0969753101835344,5.504399047450748,6.675436688799952,-1.6239150223721022,4.8539179080292705,Actual adjusted month-end return from Yahoo/yfinance daily history,Market Table annual returns from the same adjusted daily history,"Oct 02, 2026 05:05:21 AM EDT"
TMO,Thermo Fisher Scientific Inc Common Stock,Industrials,Stock,-6.901655548827568,-2.173234201009433,9.717531352802244,1.8786901234938203,5.2131615184985325,-2.5458737939539677,7.498669930083457,-4.186624134701001,4.621296501641825,-7.563170502106398,-4.706557705730741,0.810772749816846,8.001413156132408,3.4713723784093986,-2.495712110816939,7.636714971115355,4.512167261433064,1.0597361725214416,0.6075350712693384,6.614253525607983,1.1800293309436771,2.447156986434229,-0.5520172044232385,-1.416888714352016,18.027197083008616,-6.929634367098137,-0.9381093297544996,1.8841689239874837,-0.9888541958971153,-0.4643506019492927,13.222949749777868,1.948565093390875,2.153978718832006,-4.273178363943019,6.8050553742798225,-10.259424619415004,9.777035417346248,5.657979082797304,5.528781436246,1.362734251235076,-3.7736598711592517,10.074070963727323,-5.448118883075869,3.377967736950227,1.5314099204878806,3.6770170870075836,3.9638411427545206,3.5396070964305526,-3.5952700497073775,-7.14899230205166,-2.400427865693866,18.011320666282792,4.335468906288531,3.8337364682393904,14.243542131993259,3.6308904715976142,2.9757466877725403,7.15709313280275,-1.7204952650236693,0.21881597202486613,9.429356347947726,-11.697082384473855,1.4583322856214442,3.03474186666568,-0.15524844595040665,7.508427426644437,7.045042680019642,2.766606729179677,2.999509775688902,10.806397341972351,-0.03793606672523042,5.479913892853672,-12.879928669302764,-6.416607356453763,8.6361770609642,-6.387909771494438,2.6495828515104902,-4.223510196662095,10.147598368949051,-8.871817492505363,-6.942371686271354,1.3367600486172027,8.99855597512249,-1.649448994417435,3.5664297240229237,-5.009357050855067,6.457205105434638,-3.7250277365497797,-8.369070694414892,2.6821011986495558,5.1576467028320305,1.538290685964916,-9.079708256608965,-12.130318109484595,11.464368844804529,7.138200782268589,1.5430154200596569,5.788699741609982,2.0015344406091318,-2.1489715410793253,-0.13012332171595808,-2.5710626529443004,10.911402873841137,0.2820531204890342,0.6329470873154497,-11.680175172867047,-3.054980948911401,-1.7017937201516231,14.901095450018808,-11.508150860194188,-5.849071041436593,-13.786173886243702,-6.102555926744724,0.7596979307023632,15.345531359386811,5.354087349518211,-1.474392859091378,16.98281544791216,4.131195711370306,-1.8523550212875217,Actual adjusted month-end return from Yahoo/yfinance daily history,Market Table annual returns from the same adjusted daily history,"Oct 02, 2026 05:05:21 AM EDT"
WFC,Wells Fargo & Company Common Stock,Finance,Stock,-7.597485585632457,-5.866788780738896,3.069053958774548,3.349861686888156,2.257753216187508,-6.68375858106891,1.3522350723232712,6.74990100408408,-12.834635663253724,3.906937990503012,15.97678885148599,4.138331383407046,2.2137476559109137,3.449531199820144,-3.8355317370219133,-3.2698703243589144,-4.348426720295007,8.349644109733333,-2.6529484837361395,-4.632995235460169,7.989050402824227,1.7950761200029364,1.290629429844481,7.437551321496083,8.422619316181335,-10.674419596387185,-10.272196968029156,-0.8586127535733845,4.68917260161934,2.685646587555035,3.336969589950267,2.824139781043522,-10.123119203758934,1.2747403593415418,2.7975592063275156,-15.106853902591787,7.10368055605215,2.003683571481041,-3.1469178819995114,0.18627295562678725,-7.459392754046079,6.648662129606642,2.3034745984886085,-2.7178548222443255,8.310081544122871,2.3592566199849285,6.490769052148226,-1.2118778555693654,-12.750911915633111,-12.045489845665369,-29.742973192383925,1.2195011594013927,-7.029837669464245,-3.286725912853694,-5.234368544501944,-0.043769083397249275,-2.650107547704217,-8.762239324249222,28.091266349430576,10.347361269368793,-0.9940596588603356,21.433968209269526,8.017670227379114,15.305880955578965,3.9332515099286924,-3.060789142322873,1.4351874324210145,-0.08944272519313401,1.5536141611770526,10.234827407662618,-6.246123692161953,0.41859418041170215,12.130057116500147,-0.3538523215250944,-9.199924547468964,-9.966983231671833,5.478378360908387,-14.419934538113566,11.999005306982369,0.32100624904822794,-7.984423312925493,14.346094598632009,4.933279369467103,-13.889479005037641,13.514181665276027,0.42318528529217136,-20.076993889956498,6.340307167695869,0.9343965185025782,7.20923264037292,8.15370213156772,-9.850654206344178,-1.0413995236312812,-2.6676517479335304,13.119235352761738,10.383482789784848,1.9504341958757054,11.559304103980338,4.263342253387403,2.346441569465796,1.5921857893403724,-0.8845178387759223,-0.08418771162277405,-0.7133804057676718,-3.386350251580028,14.922985540880829,18.005061869061635,-7.785211567224182,12.186808955958984,-0.11846049024403227,-8.337575794244556,-1.0865217443830955,5.886868140891233,7.140961391675216,0.6365250640797182,2.521136385938405,1.995613577419797,3.758057810693649,-0.7688111282338483,8.561440186690739,Actual adjusted month-end return from Yahoo/yfinance daily history,Market Table annual returns from the same adjusted daily history,"Oct 02, 2026 05:05:21 AM EDT"
TM,Toyota Motor Corporation Common Stock,Industrials,Stock,-2.4463688701245045,-13.271684387823724,4.0617464272857395,-4.3453543126750205,1.6814124717532186,-3.3072359590471945,11.611173709694068,8.091398875073995,-2.3256411626489726,-0.34465203982683157,2.4814006080343898,-1.1220682333193621,-1.237219404077916,-2.2461967489119217,-2.293821586909528,-0.4419194457667919,-0.5548513030115831,-2.3433071027426977,7.446207968731744,0.12406862286435949,7.062425620605994,4.053062259982121,1.887096906817387,0.6569512601530381,8.453225053560498,-2.4071707530204933,-1.457947830031947,0.4678967271630752,-2.2980528376310816,0.6563981830932875,2.352299018233106,-5.885918216882679,1.6455292967703539,-5.870516503100232,3.784711094616644,-4.445170936857568,6.107865003576696,-1.7293338721739326,-2.4950440858975687,4.728028121791961,-4.870568187727264,5.451620506058852,4.080970915183402,1.2243329912622558,4.335277544743366,3.0188270634764036,1.198116926625703,0.2353471081155467,-1.2096223938310446,-5.826847232464527,-6.627255247320796,3.0345933516099377,1.9580977938119082,-0.3015643305271154,-5.006774012696225,10.968661167985116,1.5114568611920065,-0.8683237847376568,2.4144997930815038,14.956135535351889,-9.089732728137633,5.273273658155753,7.191236076486374,-3.389708526675639,10.08819278383215,5.3380141607728415,2.8597597583839285,-3.1194488985932467,3.19150424291903,-0.66384126431005,0.724914493508888,4.188927458312852,7.096612626526144,-7.810541030661877,-0.28720718732671013,-5.131758854652979,-2.707602668277953,-7.333050529686425,5.461498903566331,-8.130879343928044,-11.636274487511644,6.539270164236544,6.39722742609985,-7.522506868374146,7.70977407356177,-7.606559307372462,6.141975426197677,-3.0771318090849764,-0.8738089218658818,18.085650040883074,4.659409062068454,2.3121698395869306,5.586425327316169,-2.5424117925036405,8.334291691734341,-3.3723271815750078,8.899539499782838,20.455694571380214,5.820141494852793,-9.682930855165562,-4.311293480395307,-5.765248458799677,-5.571544364980396,-1.9374871764928803,-4.5589003421108725,-3.108024779296803,-1.381350012266036,14.053800801858163,-2.9186642960815745,-3.943255374450605,-0.812732245037795,8.321533191518427,-0.33991940818688393,-9.608024407656025,3.8952786066650535,8.716548023195191,-1.7885649665054792,6.855411771714004,-1.1362002529406334,6.038541009687859,Actual adjusted month-end return from Yahoo/yfinance daily history,Market Table annual returns from the same adjusted daily history,"Oct 02, 2026 05:05:21 AM EDT"
MRVL,Marvell Technology Inc. Common Stock,Technology,Stock,0.3401736099013064,7.909595042013584,8.591311933182165,-3.200773187980832,2.5049911801110714,-6.294645537174115,23.294886203717603,5.531928048798385,7.511970464881523,-1.8086071863533615,10.053710394375038,-2.86062685879348,7.209778046176951,4.909236748269796,-1.802038081424684,-1.5727310780294212,14.78024923951924,-3.8334765617103583,-5.81111919419558,15.102808271217416,-0.055857092419087095,3.52249749799709,20.952947408630763,-3.631682448750828,8.663246694260884,0.6858098142932922,-10.348751455402239,-4.476212195097085,7.377852933180695,-0.4642296668641577,-0.3261291330980076,-2.956350176273348,-6.673123210031751,-14.708946362276743,-1.8281314016650008,0.9031783542463367,14.453387124034478,7.663219418931222,-0.3007480114836647,26.16566521698287,-10.871289261376994,7.040351593679328,10.276197953991751,-8.720509165369927,4.1718934828778975,-2.0667580490144943,8.118101016861079,0.9490520548917303,-9.487957222982091,-11.397667895311049,6.244134183096639,18.49028962686836,21.989498467337953,7.480065362181043,4.185706619421481,6.333940221936607,2.372367615266602,-5.383192533810033,23.407130416411604,2.830932856144508,8.245686607868752,-6.179566200722785,1.4498866163027868,-7.58692357570534,6.834786314077901,20.76603747749779,3.8472894553273074,1.123785652043452,-1.4381465151098949,13.686833044741453,3.8977966225428817,22.931027296807983,-18.332424641520863,-4.299686423350435,4.94652529389541,-18.933943492238893,1.842275257361714,-26.407436144780437,28.087150058344392,-15.912349417127603,-8.351131735292727,-7.412498324327554,17.23789119395789,-20.378328370156584,16.68691946303822,4.634997699313526,-4.097463793545774,-8.686837640452294,48.150987852745985,2.2054960048212724,9.058885550916983,-10.563477448665004,-7.072970308312254,-12.66726614534499,18.022038757759205,8.218199564922536,12.37211790201429,5.84932897251822,-1.0884524132855233,-6.933667737805993,4.39993835862722,1.5840548644833419,-4.0976572843890775,13.825001216820176,-5.403975050465625,11.170690433632968,15.703424461466863,19.16063040164029,2.2338608682171746,-18.6425625371457,-32.9448913916598,-5.089634137540955,3.118051037848235,28.592790819999326,3.9221957217533188,-21.774291134014344,33.72039104572468,11.57613222579501,-4.6298278910901995,-4.944068995730666,Actual adjusted month-end return from Yahoo/yfinance daily history,Market Table annual returns from the same adjusted daily history,"Oct 02, 2026 05:05:21 AM EDT"
AMGN,Amgen Inc. Common Stock,Health Care,Stock,-5.913921533497646,-6.194322140708763,5.376714252774817,5.582620819379369,0.43577999747521634,-3.672101295932939,13.066089010083504,-0.570514924611043,-1.911018234247852,-15.376810820718045,2.750923758440038,1.485392234925187,7.1609207652398865,13.446186954053662,-7.058284055044306,-0.45714961752452155,-4.260132971666697,10.944349322787051,1.3238046554785,2.555090997985121,4.882724573634167,-6.023054999281763,0.9364141354584854,-1.001951698267023,6.986776642352455,-0.4788236753865527,-7.231857455297064,2.3463570975769787,3.7404400636046553,2.7669293527517125,6.4792728712003145,2.3504837190429617,3.743573228839203,-6.995022359676961,8.773320750239733,-6.521002372545748,-3.8834845579931665,2.3727747500888796,-0.05257329556680457,-5.611144304525828,-6.237362294196236,10.545892889463126,1.2481271601219923,12.604756982119646,-7.242832897585938,10.201028208254792,10.799351680116454,2.7053629359197418,-10.378738737142857,-6.8975651215930744,1.5020291500364324,17.99930500398963,-3.329667219084542,2.6817601945931857,3.7352614210721224,4.228912759973791,0.3315741230496716,-14.644311619691875,3.0461562483585336,3.548921068106625,5.006066212681692,-6.145698611886585,10.621538273444031,-3.685530822976113,-0.011256208750354268,2.4417850324949253,-0.9066597090861661,-5.907294353555093,-5.710993290563071,-2.671054807976625,-3.102027632304305,13.118470412864891,0.964580194063358,0.5643537461559989,6.7732169042043155,-3.5687657160502484,10.983632078021067,-5.234868054774777,1.7139475512380375,-2.1474393747670684,-6.200581684673823,19.94232247356511,6.666410505206999,-8.296072881408067,-3.898890405052269,-7.407705660849839,4.355523009471773,-0.8314217947234193,-7.094416343793808,0.6209054016207194,5.463455832458597,10.363855446799143,4.845117146733879,-4.859360948533286,6.28084853569324,6.81648903609684,9.110485058430019,-12.1839775342252,3.8308559924005614,-3.650821140383542,12.441521594945492,2.157900111868516,6.407434381318522,1.108200700893791,-3.4808066716715325,-0.636235944177177,-10.940756433621978,-7.858721988086237,9.50738193951941,8.804130512812591,1.132893827146697,-6.621721073304698,-0.06642310796112216,-3.112649164573067,5.691061513943563,-1.7133284475073673,-1.9150977961593152,5.751229475355313,16.584781974914154,-5.2538756477141675,Actual adjusted month-end return from Yahoo/yfinance daily history,Market Table annual returns from the same adjusted daily history,"Oct 02, 2026 05:05:21 AM EDT"
CCZ,Comcast Holdings ZONES,Telecommunications,Stock,,,,,,,,,,,,,,,,,,,,,,,,,,,,,,,,,,,,,,,,,,,,,,,,,,1.2145547813823265,5.088892514764609,-8.318055731865748,5.945470016585297,-1.502656755990639,7.788091453957069,-6.8348147197386915,2.685097736956976,3.878116750721916,3.316662512865487,-2.1013888885884957,13.695893286618933,-9.579972294932858,7.088848736059816,-5.946982256848498,8.981086015915874,-5.0998023342040515,-5.126139476198366,0.5434444619851986,2.5101831694495758,4.023083323769083,-2.0955221931135193,0.3817640446024395,-1.3073875046897498,0.6695429572457501,-2.7344092401791587,0.8669583933860192,1.6393446093718511,-3.580649656582835,2.860510574608144,2.6996164018052493,-2.8071071689100946,-8.999995651417025,-4.882004806101148,7.272739648392901,-5.831358909020978,3.6792514580704205,1.6449481549497103,8.10812436000321,-10.83333386139127,10.019077203452543,-2.478644679724562,-4.995611880488604,0.09224550566542256,-2.248846020312145,3.300023134721508,5.324656203248956,-3.5277685278762294,-0.07242153755125935,4.059443646180916,-2.473312112630288,0.0,6.002539212264035,-1.5881607664913755,-1.6561005302390908,4.7832386433254825,4.124618187970008,-1.0773512493609028,2.1421564096418377,4.792625800713823,-2.6406241115737306,-7.558977562178038,10.144862857494697,-2.9388355220990703,0.0,-1.487172911058321,1.841008134579325,2.777323764864903,1.9616038010837666,-0.8845346491594075,-3.624570999000376,Actual adjusted month-end return from Yahoo/yfinance daily history,Market Table annual returns from the same adjusted daily history,"Oct 02, 2026 05:05:21 AM EDT"
LIN,Linde plc Ordinary Shares,Basic Materials,Stock,-2.3437477575482757,1.7900071634455061,13.253028464548366,2.629980602853288,-6.470309254035767,3.001652214802042,3.692495371134452,4.719430885734854,-0.38623165023025097,-3.1201236310965053,2.7678323285178275,-1.9703621058192677,1.066660722792867,0.2279219450608272,0.5745941519050612,5.379393497284601,5.848932833899045,0.7778362774773839,-1.8030891837111374,1.0602179638982134,6.872982802951233,4.565603076453173,5.3381111448819185,1.0137122861920034,4.402676436133013,-7.26982996165898,-3.116108815294394,5.696470739422965,2.452113514143006,1.735736819228717,5.912094887206498,-5.080451396117979,1.6056291466346906,2.949067888753931,-3.8798819116653727,-1.3739902196686304,4.466816630155468,6.2756705925627765,2.0808694603418054,2.461231646355988,0.6409971276294835,11.215753786190064,-4.741038939101583,-0.7763675737131548,2.5461864690845104,2.3900304972477304,3.962702060192891,3.6842311859832666,-4.589034564638661,-5.966611043757042,-9.002451570558545,6.3526109363687855,9.973357387080007,5.322734719820521,15.557973488861832,1.8889408746005643,-4.290105674025768,-7.4707200953158415,16.374699082711363,3.148672524162066,-6.872632503369691,-0.46047135338680434,15.177756519257613,2.0347207330858375,5.163688582991366,-3.487197638930606,6.326523025814734,2.342281384157352,-6.426089215237607,8.800877871737578,-0.3320863981147282,9.256146008731658,-8.010265203526624,-7.982903334619773,9.368317625724787,-2.338557696610777,4.077440678249644,-11.116659879353897,5.032548311389973,-6.337745147421581,-4.295491113899108,10.297089626532108,13.159584400930058,-2.7228619964908107,1.4593361638838287,5.266793816722415,2.4117715953239083,3.9415930917595654,-4.273919285990124,8.143086812365485,2.516540898204145,-0.9291912516237288,-3.477496794839119,2.6346209548220534,8.271393502837965,-0.43272966643058686,-1.4316771077990231,10.866304028328022,3.759401620932823,-5.031015358839641,-1.2336604308972765,1.0789015759876452,3.347688678657601,5.457548436515758,0.002595056424081754,-4.343000007095155,1.061050640332173,-8.904786884024896,6.55647511570181,4.691563993518444,0.030688018144520157,-2.66515437441186,3.166155276027993,0.6622093738164248,-1.901185144670059,3.917362216313025,-0.37111184725362456,-11.936843599574898,-1.907722768850828,4.299165378353864,Actual adjusted month-end return from Yahoo/yfinance daily history,Market Table annual returns from the same adjusted daily history,"Oct 02, 2026 05:05:21 AM EDT"
C,Citigroup Inc. Common Stock,Finance,Stock,-17.618242275354902,-8.759988441068444,7.4645963158392,10.967522711531451,0.62660817772342,-8.975720464655767,3.724574111932877,8.970534159667043,-1.0682804379989697,4.06521558619426,15.109864646152005,5.391022198385631,-6.0575488619273425,7.435495697566474,0.016707162911355766,-0.9063770032082474,2.4018647079295796,10.472437669495704,2.3474774004738297,-0.1533109729955795,6.923398938583758,1.044827418204064,3.16277462264809,-1.4436855220924305,5.469670976597585,-3.4196548515502467,-10.584174315695316,1.1407372413889005,-1.8520808147415413,0.3448983497300162,7.426776712986771,-0.27950323566985347,0.7018436978067699,-8.75383509311628,-0.34227544373680585,-19.648086196826487,23.818632945412176,-0.046849071455556945,-2.7508459194643953,13.629021318549484,-11.527494585302678,12.67897461931009,1.6136172837869278,-8.890171161140026,7.35045957615077,4.024285458195065,5.283835036637852,6.349817964627458,-6.241863060446596,-14.715767254935141,-33.627485993708774,15.289681740041928,-0.29139096598346237,6.65829777592315,-1.1419754230190593,2.2195894373846947,-15.669012470410049,-2.729417878344287,32.955065419925674,11.966589368026881,-5.150299015374737,13.605781629228053,10.428060628196278,-1.3945737279787207,10.48569277108433,-10.113080758583715,-3.7103394091381414,6.344284770511366,-2.4057871178161383,-0.7392168344021455,-7.894741115348014,-5.196213319530074,7.832411381202431,-8.32844186776287,-9.842969585864058,-8.789127837913814,10.786130256699323,-13.89251407324098,13.963402842314409,-5.953742439328391,-14.628188415622745,10.0552405330399,6.781975468722812,-6.5688862158164385,15.454365083911759,-1.9725555262707584,-7.496538141021802,1.4843875329358935,-5.842363416435859,3.880867046197256,3.5186669168169926,-12.360316738169841,-0.3875152932583892,-3.987349158982789,18.254113387140446,11.583506866467964,9.195171058449493,-0.26770014438478595,13.96646015219849,-3.0202287612231538,2.4805013272018117,1.8456105352826047,2.2376271927852187,-2.5235616055605647,-0.06384053506059972,2.507976666386802,11.42040746964701,-0.6773024391356075,15.684015855632548,-1.1376201204077785,-11.207005054189745,-3.6765565570380687,11.029967495543037,13.011161047550491,10.079884241599046,3.740791158005208,5.105095026776474,-0.26599994872660293,2.9513967052712253,12.635132720751097,Actual adjusted month-end return from Yahoo/yfinance daily history,Market Table annual returns from the same adjusted daily history,"Oct 02, 2026 05:05:21 AM EDT"
BHP,BHP Group Limited American Depositary Shares (Each representing two Ordinary Shares),Energy,Stock,-14.945637691924297,3.194867956274816,15.94537841306478,21.003860079714045,-13.943828618031095,5.895410234242826,3.9565783367697893,1.950637292101054,15.500012099147265,1.0678296469157411,7.195890297678509,-4.688334961339624,15.399668875367345,-8.40397056547414,-1.9097567502181834,-1.9823729062446116,-1.4325875074624017,1.4249106482753904,17.055348123134006,4.41670763116957,-4.9931501142293495,1.1103150600681788,1.3908970220357197,10.685936267723427,6.588359153423284,-5.140751377673414,-2.1055686020242326,5.221732437606108,6.481262846682956,0.462034898498187,4.499102216756445,-8.075029970429926,6.614832955027694,-7.343484069204765,-3.9410920409619132,8.859323111241647,10.55229247785312,3.340499030966293,5.526631992027919,-3.1461376554988485,-1.9641311602199063,11.943777461338744,-5.4723788465719565,-10.504303884395306,3.655258092122904,-0.9517908087140703,5.356766995024231,6.171177893559721,-6.580148611765713,-15.261210886990451,-12.809216815573032,10.874911398949738,15.781698456086524,5.583838095840377,6.253779981295193,4.201376578953542,-4.215469316909603,-6.961904067887348,15.963401134589517,17.117773369330934,2.203862932030609,13.671750820115669,-6.251184970876822,4.856606074222403,1.8554219944480366,-1.7271643793462244,7.867629717298619,-15.809567167248717,-13.798802113359553,2.4663788408100906,2.461706591285062,7.403447005527974,5.38525742763063,11.450635299942524,13.954868044396719,-13.29451215903803,5.494181051126601,-10.872095995861864,-2.029179605478959,-0.2725343172016781,-2.6269651865582055,-4.436448725622421,31.325785138289607,-1.1942557130029008,13.053985000140699,-13.086241755702,7.047912960450353,-6.891666529778451,-7.012194055270571,8.688520036258174,4.9941525498756745,-8.236244543720982,1.7210671059453508,0.31645198605618763,6.834910651910486,12.057084778243299,-10.379151970241418,-6.337795381484801,3.1467894914823713,-4.385518507122854,7.922415661399684,-4.098772875674617,-2.732530827264479,-0.7203301124433126,15.855199700674195,-10.70681226752087,-5.0667028903708555,-7.255463365038251,0.6553361054396856,-1.36318612107873,2.138735000113323,-2.039554626613904,3.0283997107785066,-1.8371105880016336,5.364926551841842,10.065136699055,-0.03586286246649584,2.3318368002272383,-4.066608124813975,10.305134371269165,Actual adjusted month-end return from Yahoo/yfinance daily history,Market Table annual returns from the same adjusted daily history,"Oct 02, 2026 05:05:21 AM EDT"
STX,Seagate Technology Holdings PLC Ordinary Shares (Ireland),Technology,Stock,-20.75833561810443,10.106738224143342,9.853311258656738,-36.80696517438826,6.9976022499143475,7.9787121458860355,31.48603124711542,5.338751967387001,16.268409156563337,-10.998684306136553,16.875501309652698,-3.25410536941676,18.28661529992075,6.733117721264503,-3.3912176077506295,-8.273454734279294,3.41798014585184,-9.709272636731448,-14.941926252382054,-4.338622863315377,7.216517337991024,11.45613828927381,4.300816328887014,10.119924879944708,31.93119003866416,-3.2608539321647534,10.743112200541471,-1.0765475476574582,-2.660212959397945,1.2949285711383984,-6.817790907479204,1.74838619872828,-10.383786263120399,-15.03692406124123,7.109109820057413,-8.910091229188621,14.744745269399772,5.14907701233327,4.219860145320742,0.8978756386509801,-13.389890673037108,14.214668694556988,-1.7190143457082363,8.421522005419057,8.42498605310995,7.882505821337382,2.843353591178044,0.783526626777209,-4.218485770460467,-15.862445050043593,3.421135566391653,2.3565503123501363,6.186204190377387,-7.548886301967084,-6.589540881167877,6.125590818944482,4.069774205125376,-2.942965641074291,22.98201936218234,6.796283239673917,6.370667073070768,10.75316221386242,5.739667861529885,20.964194404943814,3.9080536939218646,-8.167101563750379,-0.03412074125773712,-0.35270805958940166,-5.021144900856966,7.937474243784726,15.268911516239791,10.779472634509425,-5.160201808185139,-3.7237335678922068,-12.202248197381104,-8.743046367960561,3.2057602715727995,-14.792318092385926,11.954072734071119,-16.27907213851618,-19.597295820507597,-6.706746653386741,6.665326262516302,0.7028531735658872,28.834790132048195,-4.750654396638366,3.5847189266632773,-11.116146873367395,2.2630553574332968,4.078136589488146,2.634560696625754,11.4803189578349,-5.836912789394777,3.487491631041806,15.897427621407445,8.83471968445213,0.3631219247315354,8.601779729634229,0.815188566300229,-7.673298329631861,8.532185184604767,11.49354226115824,-1.0651767786082789,-2.564348436978381,10.765373944174872,-8.362995172576927,0.9564590097890457,-14.19010290928815,11.644088129972818,5.759661936283811,-15.95950927789238,7.157151639740045,29.561695241704978,23.0256138952327,8.785409859377747,6.6174140834589945,41.460043529492594,8.396163142828804,8.132715529150293,-0.2086992448728564,Actual adjusted month-end return from Yahoo/yfinance daily history,Market Table annual returns from the same adjusted daily history,"Oct 02, 2026 05:05:21 AM EDT"
APH,Amphenol Corporation Common Stock,Technology,Stock,-5.092828825050111,7.060695397412453,9.226346055394252,-3.441689159538208,5.176436548793406,-2.1387286711817333,3.819943345626786,4.687531477044149,4.421162326030048,1.555798720364887,3.534004298619209,-1.3234880911197622,0.4315391351331188,2.548495224837244,3.0614200983832607,1.6018532105754435,3.1669486518268286,-0.8366992428657238,3.793014431839281,5.638234823244992,4.813516782262606,2.7882920924788612,4.126413570005205,-2.8729753363692545,5.660602100445056,-1.4875531106520956,-5.560442849487613,-2.8096732749445907,3.8465939107383385,0.5065369192563285,7.2977609234976315,1.1442754082073847,-0.3558307637782865,-4.807441985981431,-1.7430327940714863,-7.618387278242977,8.51643150324164,6.881269885295538,0.7429805321747862,5.421431145853561,-12.615520454650508,10.547833189373822,-2.730890578156797,-6.193768064603455,10.527095788498464,3.9689294545605325,3.6579094598487627,4.310719172889432,-8.093894853854733,-7.831500283169568,-20.25562375717309,21.103170946982488,9.403993306885038,-0.5149400462361342,10.385130415512322,3.820001632313086,-1.1565096306740963,4.220928362223186,15.925197995991303,0.19121536401700556,-4.5040971345847725,0.6406180756547863,5.21816210836934,2.0766901688928696,-0.118783850393267,1.9328189838025311,5.964010595196267,5.711145256236039,-4.253540792187705,4.834061453200578,4.962883166028265,8.801903842261671,-8.998401357690167,-4.4980345169368,-0.6092957259766218,-5.1094547517664735,-0.8950960249635598,-8.853191963245388,19.80428671632224,-4.667465632450229,-8.684006612253336,13.246711583917659,6.066223321248376,-5.077155586412574,4.767532305771294,-2.8206172254718886,5.707058805971399,-7.6480732244347145,-0.026509223993165243,12.880647108927402,3.9552730876858178,0.07927925116699708,-4.733809523725164,-4.09573044192758,12.96089986683684,9.187987973142132,1.9872939084272234,8.051436842980241,5.806159709747294,4.698733133372124,9.60503751919488,1.9526063655543213,-4.6163086195564755,4.964209442467871,-3.142509513756675,2.854481778119622,8.400498925138699,-4.194897797665331,1.915046419787969,-5.905606322823786,-1.2614097870521146,17.319715208974863,16.86810351104544,10.001998505748455,7.858226153476866,2.2063794183549312,13.835628994668747,12.597971850460477,1.11955000102002,-3.903035455541881,Actual adjusted month-end return from Yahoo/yfinance daily history,Market Table annual returns from the same adjusted daily history,"Oct 02, 2026 05:05:21 AM EDT"
IBM,International Business Machines Corporation Common Stock,Technology,Stock,-9.322764347904366,6.072910323736025,15.58423625618186,-3.6381739591467066,6.361292898637716,-1.2748866629782252,5.8242524590161215,-0.22904102134800874,-0.01888363657858161,-3.2483551409801303,6.507743603340543,2.323992131218522,5.138827320728279,3.851617964888976,-3.1587123186359145,-7.953359004613436,-3.8485908678176806,0.7861522318709069,-5.95459765227897,-0.0890583148273727,1.4332637630426026,6.189692267243219,0.9405462899828798,-0.35720689181711895,6.700550445845943,-3.8703416981423766,-1.54015742161826,-5.52041093718143,-1.4358218556500657,-1.1393321665644107,3.743767018953248,2.1613817225967002,3.229099570528704,-23.662456160339318,9.029495274818956,-8.529808186072197,18.254597987603294,3.957268329354169,2.1501662724211723,-0.5882531838112492,-8.392051227780485,8.591240730773553,7.49816108575756,-7.496652773057322,7.297256398297125,-8.03878386628244,1.7258581000639373,-0.3049406962629675,7.229185118930559,-8.50271211641298,-14.767574577637854,13.188479134354282,0.8084073970498151,-3.306605810660679,1.7967669054565372,1.6142637028711215,-1.329999106785884,-8.227155281121446,12.225580415120941,1.9106306866735423,-5.378140175057899,1.1831500901318792,12.049116113884484,6.46856065536443,2.4429075342139006,1.9827566100216965,-3.8406345110886253,0.7063837895626479,-1.0047100236348139,-9.954655079177122,-0.7824993278021442,14.141755349461182,-0.06734624488755614,-7.175481895546254,6.130102748143917,1.6843703967380552,6.288632674080952,1.6926028073402932,-7.365963818967758,-0.5517407133025731,-7.504856961766082,16.39589622116344,8.956055895499127,-5.3794583145164605,-4.372191040934426,-2.851480466058509,1.384374083002049,-3.570060373056383,3.111615475553653,4.059413768231912,7.74979818546897,3.009926785247341,-4.4473412797202965,3.093382558899127,10.86715105619187,3.147057804363529,12.295936756711146,1.664453606657057,3.20487361237205,-12.9660594387079,1.3876655938070082,3.655981226513183,11.09568365621918,6.119443375338629,9.3751388735138,-6.495376402157371,10.875689034368353,-3.333198484126354,16.31716721736072,-0.6172138912977188,-1.4973713352065987,-2.750743365256514,7.842149478479521,13.788312580058392,-14.122399112429996,-3.1656000666937634,15.881553891328327,8.9488297625258,0.9340520830415588,-4.008686456071231,Actual adjusted month-end return from Yahoo/yfinance daily history,Market Table annual returns from the same adjusted daily history,"Oct 02, 2026 05:05:21 AM EDT"
AXP,American Express Company Common Stock,Finance,Stock,-22.74023886136014,3.8878466956571156,10.471402158110976,7.079409060106867,0.5043547241550872,-7.138280642508343,6.089556230235749,1.7374943177751456,-2.3482797737625627,4.238350571556193,8.461358031094978,2.8316945585066033,3.544507268982633,4.818016016861759,-1.1866221609773575,0.5882819894093005,-2.9148222552378367,9.487901300380464,1.5571445564698028,1.0206986160297804,5.063902497777284,6.001280714140367,2.2927379191262753,1.6374679680287052,0.44379302239276885,-1.9014082509778762,-4.338021155386384,6.261507784562648,-0.4557117725598747,-0.30516692882953667,1.9155740534484877,6.491172009475599,0.48121313913995767,-3.1826897861746306,9.286487520648535,-15.097525254840171,8.183301325874703,4.907464356704838,1.447948200451199,7.634980721604379,-2.149651560392263,7.61050432779955,1.0684770830371226,-3.216201828523191,-1.7363045309747749,-0.4662212900843343,2.4215391643990003,3.638033942689267,4.683216655789613,-15.353811216206347,-22.123177958226115,7.180112858263343,4.186278513320962,0.13675299447215572,-1.530013449429224,8.86198390748698,-1.319027665533723,-8.607392729872288,29.97588099990056,1.956330603955836,-3.5086887109856857,16.342690206609145,4.883269792399592,8.420554392608093,4.421219598092341,3.184942163536042,3.476934635671469,-2.679873167237201,0.945998745676957,3.988559234350242,-12.36047337297933,7.419573959756232,10.190311194608071,8.185941588347756,-3.875809293486221,-6.306987524693152,-3.371297860075184,-17.581573600026378,11.10949101089127,-1.3115198009050033,-11.243400861494434,10.45632576033897,6.156967945332492,-6.244035188172181,18.806293332803058,-0.537347527002463,-5.195695408876344,-1.826196771218891,-1.7230705919184186,9.863788355674652,-2.7215201393527844,-6.448371072011982,-5.569969961921628,-1.7159564292449692,16.941755690776226,9.703099641074008,7.49894695995843,9.30556933719724,3.769029711145966,3.1029374638142704,2.5509548242026225,-3.520824413325141,9.60642551406199,2.2170306948031904,4.852130322189141,-0.15275511034651412,12.811025142461974,-2.5896088625966818,7.212636479093737,-5.194530026460519,-10.602740480103057,-0.6525011969325312,10.374981051773414,8.478158614270637,-5.929617970635559,10.681221637319815,0.26563945172746184,8.87645487815103,1.2585568690049342,1.281246362392685,Actual adjusted month-end return from Yahoo/yfinance daily history,Market Table annual returns from the same adjusted daily history,"Oct 02, 2026 05:05:21 AM EDT"
SAN,Banco Santander S.A. Sponsored ADR (Spain),Finance,Stock,-12.845693010370828,-4.773262996335115,9.273195188550076,16.648057987931008,-5.566610272959038,-17.473670197426106,9.784772195367353,5.660379414255123,-1.5624901024542392,11.012083162326359,-6.611571139211058,14.601739540638237,8.49768839724614,-2.697828238197242,12.199602228707572,8.380932997006685,0.3067378120213293,2.2935817058098884,1.943203163637297,-3.569863127028816,6.6052343142354975,-2.0932583069126154,-0.7418100063503519,-2.242165139713037,14.406965159507457,-7.287454253030501,-4.657931697806261,-0.45800028890944366,-15.300571213107261,-2.1977792972468158,6.102670213360217,-10.73344720512065,0.20038700831626066,-3.6163732296934814,-0.4184172332497238,-5.882365957529667,7.431297605573706,2.5316602911937602,-4.7324995218915085,9.38529382977853,-13.226452213888019,5.773649533802239,-7.423587328985482,-11.556593101703205,7.199988350491049,1.0452518740084127,-2.272728579808836,6.976748291795465,-5.314022517686756,-6.632649541229241,-35.792353913406615,-7.659555704048049,4.608272501613975,6.167412317191889,-12.448132584024119,5.687191546309656,-17.040348497224766,8.648635090364731,40.29851570699778,8.156029371146701,-3.934431952228612,19.79523076326657,-2.279202856881002,12.041575248069991,10.498693788573155,-7.125906230246426,-6.138090026475318,0.5449536379511954,-1.8970152598597134,6.233343112832523,-17.941949040372318,5.787794981853933,6.990877295978581,-4.5454595740262445,0.5952449938458892,-13.119871266716675,11.458331853322768,-12.772585219715992,-11.785712859104901,-2.4291615126347366,-3.7344469731802277,14.900930515198008,13.409967527958798,-0.3378395145000712,16.94915545809341,13.333329720449495,-5.626599199246773,-4.267923129523654,-7.492787697253789,15.57631927696761,8.625330427146771,-3.9702238258611633,-2.8423678887329107,-1.2122756983628635,13.22313302371576,0.7299266430024653,-3.381644965491748,2.7500029807168813,17.761569108335618,1.2136678658048794,9.166660996376418,-11.641213688032082,4.751611338352291,2.6804087183241343,2.409629923132428,-2.467418435001112,-4.938278089982129,-1.2986924663127675,11.62281126739455,25.343804592060337,5.015672847441066,6.258157343785675,13.857139192440716,4.140529635925416,3.734931841061928,10.685261873248253,9.96851860143817,-3.1488568517271998,5.714284355478827,9.319660844441046,Actual adjusted month-end return from Yahoo/yfinance daily history,Market Table annual returns from the same adjusted daily history,"Oct 02, 2026 05:05:21 AM EDT"
QCOM,QUALCOMM Incorporated Common Stock,Technology,Stock,-9.301825817015619,13.071698516666764,0.6891008754093209,-1.2123765449292945,9.75303133247114,-2.458133087240788,16.819120584646452,1.6384561472220671,8.609507095590029,0.3211196083920731,-0.08307130426310483,-4.300594826595017,-18.05217765557181,6.696711378961551,1.5226742224216716,-6.278343322392699,7.6181807811861235,-3.5795534940953,-3.676230751850984,-0.6411126910007447,-0.822668220856293,-1.601095781593509,31.15001143979377,-3.497132482384391,6.6073306637770335,-3.944477882641917,-14.753852620107677,-7.940801781539475,15.128875887588201,-3.441124439187848,14.201690064718253,7.208617892176283,5.7864831272766315,-12.689166537651186,-7.3620669065978745,-1.25675739695853,-12.985407300897368,7.815049976587307,8.059805301256517,51.02575491139023,-22.419578469064472,14.88372923452661,-3.825393548149203,6.301243914998711,-1.1371926728507287,5.453629150130834,3.866190344292897,6.420306737882409,-3.3095553847974912,-8.217080659088671,-12.914241416811246,16.28970999069208,2.8091704241665516,13.644907887114277,15.787738017004148,12.77340705649317,-0.6630587045092784,4.82662820596762,19.30125316206235,3.9596640357871804,2.586339824976802,-12.855125425568492,-2.179404121274431,4.683595215850245,-3.0691594734740146,6.778178764128584,4.806533369938593,-2.076092709345989,-11.663577262294512,3.1477893672826607,35.71855553533847,1.6622136273648946,-3.887993247411059,-2.144982645345528,-10.775326532287366,-8.591828668341106,2.5270360343935927,-10.339025652555712,13.558808243287746,-8.30538241953973,-14.583823215538194,4.14233884716706,8.190097478610037,-13.084023838434366,21.166089857841875,-7.266729651295833,3.909436172754299,-8.449598412220539,-2.2281112439258455,4.964295602022384,11.029894523819305,-12.732852980932574,-3.0297947456044527,-1.8638448044078881,19.158388988609577,12.072821812690426,2.6827224803361194,6.788423948678823,7.29447972762336,-2.03777443109856,23.53705233329373,-2.386669205584646,-9.152520875477599,-3.122406867532701,-2.493567219417747,-4.281084058000872,-2.6049118096452384,-2.590320011911462,12.57000070959906,-9.113529842120771,-1.7380514194420993,-3.3526437113679974,-2.1958878493561707,10.342060315344392,-7.848788657162364,9.51894318645168,4.091790065929679,8.740068146938285,-7.081260693272807,2.28092838437175,Actual adjusted month-end return from Yahoo/yfinance daily history,Market Table annual returns from the same adjusted daily history,"Oct 02, 2026 05:05:21 AM EDT"
TD,Toronto Dominion Bank (The) Common Stock,Finance,Stock,-2.4675430755352834,2.1669889204788184,11.562382944013173,4.203261033801731,-2.0224675991028063,-1.5367215537266832,2.500827512700665,2.3639817368853233,-0.44840434304789234,3.1790673467449126,4.429285963900997,4.114804375188363,5.784153003603598,-0.32834807406830757,-2.926368429693782,-5.137745018665452,1.295378555001525,5.618449053496644,3.2434815867118383,4.016305999347369,4.961757412846546,1.8862963746800965,0.15833387094532636,2.880227564340676,4.646340795620896,-4.670283488509119,-1.93202711687811,-0.29619306955411817,3.989307644819995,-0.9076645958005725,3.192769114078109,2.2304827418340833,0.4958629032560058,-7.979271647999308,-0.28848394033239577,-10.090431652665089,14.38442760023193,1.900194557853374,-5.3154118013479135,5.904678799065022,-4.072308764149646,6.788641616793933,1.1032995901832043,-7.272409517476586,7.510602476317718,-1.0415957625895644,1.2791077946060048,-2.8892813290485653,-0.5532123214544771,-6.605134075029062,-17.86476422856603,-0.14317759297047816,2.4658733353737805,4.228985802820651,0.5786265125641288,12.601606378648778,-7.260307705568092,-3.1376363661292372,21.47864697526054,5.006492315514266,1.376338817782874,6.679623591853523,8.017228118028076,6.433106475170591,4.87269101321437,-2.8432148545166958,-4.268801058280514,-2.272399471487252,1.8632751979121398,10.635845450488745,-0.6206274880463436,6.411345421371428,5.299712597581152,0.8246614094088889,-1.573936302592338,-8.216901806128163,5.578637074302617,-14.016011584834443,0.14242177770726894,-0.9696946770957116,-4.678281180808941,5.410008588749293,4.297543202493426,-2.966725134544934,8.055121516572505,-3.857262301042108,-9.99250460909673,2.4267255424153866,-6.6468919966426565,9.558290772588007,7.605728647763943,-7.476490782180956,-1.229310470523337,-6.200718284285833,9.222778328626413,5.951794331190752,-4.902908762383196,-1.2020485813057258,0.6333410319363075,-0.49581133483006523,-5.731633619137044,-1.7167388296305708,8.862079738566697,1.5077170131144513,5.574082754460097,-11.594758577878128,2.2797060739822683,-5.819912771140967,8.64564950368447,4.976349103629252,0.050078576805479,7.801929030044663,8.262785954267681,6.3721753110009605,0.26176990147714907,3.100992481164666,6.40138030445323,2.726695491263942,2.1916551953918173,12.236379033875089,Actual adjusted month-end return from Yahoo/yfinance daily history,Market Table annual returns from the same adjusted daily history,"Oct 02, 2026 05:05:21 AM EDT"
ADI,Analog Devices Inc. Common Stock,Technology,Stock,-2.6392169496985973,-0.8056702044923703,11.70028812877999,-4.848773687453911,4.625501520823816,-3.1795152274848526,12.694240399524336,-1.340146236579054,3.021038652131103,-0.5430264633126347,16.475399469504538,-2.1820990207162327,3.1946972469663937,9.924762404469156,0.024389328107243813,-7.016467419450967,12.545959308342326,-8.769211348402361,1.555268378409469,5.898047144861174,3.5526265697293002,5.953367871330695,-5.186484940858637,3.3910065739636064,3.20118545638024,-1.8828971840392783,1.6129897939540117,-4.147911168007134,11.25361404459133,-0.8303536521907406,0.22935819974685412,3.313877273094201,-6.464358920119206,-9.463534272780027,10.399210916274715,-6.625322928545452,15.181180259510207,8.747750271383548,-1.5800332010602824,10.420845627475273,-16.41884332598692,16.81846275813832,4.06659188310754,-6.02606374557666,1.7299405413574886,-4.564575848881236,5.927027817180086,5.7137564445642886,-7.648948340662686,-0.09846617739535102,-17.789994248849283,22.25319366445151,3.6167361925540042,8.579037542402768,-6.351914294486837,2.293786437161005,-0.11978102875827012,1.5333272863871095,17.337373478814833,6.689706449036015,-0.2707731078293363,6.215669482857122,-0.4748988551861788,-1.2380937998226593,7.923715355098371,4.592965051955922,-2.7532626821231587,-2.258696334607091,2.7800094224494476,3.5884932884250764,3.896460647106137,-2.111930047010613,-6.713328026590004,-1.7672308713586937,3.0506983339663174,-6.5383011784120315,9.589323591484455,-13.248207265183233,17.708248484542246,-11.456538868570787,-8.044626061776604,2.3539420412895806,20.53710224748233,-4.15900231020413,4.5357189785167895,7.49627259097394,7.494423309050435,-8.792224007108551,-1.2174850404510607,10.159908426489084,2.4228538120900867,-8.895923411998673,-3.2223927257384655,-10.14334475103934,16.557540441747022,8.78807077276198,-3.122473266721082,-0.2807146782255243,3.5981520401928924,1.4257737232800993,16.888490198461128,-2.269636827034338,1.3668585884418327,1.4953714692618192,-1.6031032016917135,-3.0673068900484157,-2.2679323705688925,-2.1510682584115814,-0.26827315306986455,8.575189480621148,-11.95886872043721,-3.3470434098339386,9.778369419366829,11.741143631040462,-5.625576064494197,11.877299844202183,-1.8456420678780172,-4.708987296466671,13.330194092702264,2.569492480721447,Actual adjusted month-end return from Yahoo/yfinance daily history,Market Table annual returns from the same adjusted daily history,"Oct 02, 2026 05:05:21 AM EDT"
SHOP,Shopify Inc. Class A Subordinate Voting Shares,Technology,Stock,-9.99999630358781,-3.6175757820940513,26.050053841266486,12.903219808568744,-8.03767807098481,5.018780449447924,11.410925663241201,20.68865191583622,3.7717518035015996,-3.424973025147493,0.5307559968456221,2.879778441787195,18.544426550229566,16.509253474897,14.997466827765304,11.543541976376215,20.947993733499448,-5.399524242544739,6.29460197264633,20.082271828243226,5.021638656997518,-14.593525493779625,4.352192132824628,-2.716235685240076,26.65345874999929,8.04409237817989,-9.854572430497733,7.255801499792414,10.82092425550707,-1.485584892984848,-5.264237866211696,5.397585446520159,12.899009447509835,-15.997809204819058,10.503078231601283,-9.308263763605208,21.6829165557376,12.275187145917199,9.236054221739277,17.863710519467713,12.881365941347367,9.185156928168169,5.907048986229735,21.237578128061042,-19.13127174651541,0.6128472774719063,7.3922851681124335,18.063846535773376,17.12360423364432,-0.5046613426167523,-10.010576849133091,51.653752160423515,19.850066693401548,25.25732343357796,7.88032395830871,4.14257490422465,-4.074380910273301,-9.534979600652493,17.82414972189146,3.812430165516245,-2.94712535372601,16.60127870259389,-13.620146123301291,6.86940607319102,5.104399236228252,17.5489022897084,2.6660110485166033,1.656744430103907,-11.083562381627242,8.183481819286808,3.7539264542887585,-9.488827210275375,-29.995132306760386,-27.999253391644107,-2.635902637474097,-36.857212286805904,-12.11283038530392,-16.719985852509357,11.491684014849234,-9.130066165225125,-14.881513874379548,27.060129412256973,19.427407580515688,-15.0929594482201,41.947570605970895,-16.50091534925926,16.528924010561717,1.0638342737588902,18.039210993067645,12.956810675549612,4.613008401428043,-1.6129090526071477,-17.927505718030012,-13.523916271553881,54.31235815635085,6.976108009261295,2.785620187984761,-4.620952869169748,1.0475257216081335,-9.032009052849743,-15.74073490417719,11.66526009785489,-7.3429251547767915,21.029409757259977,8.194950344043782,-2.4082858995193357,47.80718556109997,-8.019028343795043,9.84670463688948,-4.10959154652657,-14.749997002737858,-0.5027265815431448,12.8631591796875,7.582537922829413,5.947118076373981,15.604287568681574,5.188279936571472,16.990781169703585,-8.754170693242791,1.468735400919785,Actual adjusted month-end return from Yahoo/yfinance daily history,Market Table annual returns from the same adjusted daily history,"Oct 02, 2026 05:05:21 AM EDT"
VZ,Verizon Communications Inc. Common Stock,Telecommunications,Stock,9.443183161782741,1.5208704293344644,6.603593262120833,-4.811940907358315,-0.07847497250784707,9.705257278524826,0.23177849577269427,-5.5585812235832925,-0.668819637370055,-6.409114975702723,3.7422144216941122,6.973946367791428,-7.204951739262844,1.2650339785814424,-1.7731181678918628,-4.7019796180468365,1.5900783710078414,-4.245288895557541,9.795712784204058,-0.8884376680311279,3.1686482048866704,-2.112976429966984,6.308742857172267,4.008640634405114,3.3172837437093428,-11.707035313718539,0.16758327124715144,4.4980151966057536,-3.4042505213812024,5.538077897588223,3.8336380904031797,5.286570105805799,-1.8024480535864251,8.115048255304602,5.622711007601677,-6.766178917040366,-1.0412058417492265,3.3781352459189673,3.882669656342985,-2.28443684274664,-4.965873564717837,5.114981943144481,-2.2374408595167594,5.228905544158224,3.782666269216306,1.2246603074599793,-0.3803587319173518,1.9256240371950062,-2.1847026247565293,-8.882912835794809,-0.7939532363152257,8.073434046255779,-0.12185277768749225,-3.921203881053459,5.433499330423075,3.1141213364165976,0.3711660417270002,-3.182358354195791,6.001018756888943,-2.7478806751163765,-5.810865646591823,1.004590030689756,5.153693515171653,0.4501105408795114,-2.2495149681364235,-0.8143217816439896,0.6721832416868745,-1.3983574848590585,-1.7999898767397937,-0.7233515362124798,-5.133057768809602,3.3618369493854106,3.6784530969611096,0.8266087614308137,-5.0866370475538325,-8.002028714984,10.777578844987978,-1.0528477087015986,-7.840151984198352,-9.48256907589986,-9.184421316932612,0.078468766581552,4.308265364427699,1.0774882360118365,7.166287642698643,-6.639398915746342,0.20614743235500832,1.4981224362935919,-8.241065511055723,4.3783620791622235,-6.722013794433135,2.640832466272225,-7.347047154532915,10.706095798678938,9.109032659070525,-1.643624335342575,14.228518123257272,-5.501764176681134,4.8475797176422475,-4.362496682767447,4.203583358313212,0.21872525349657668,-0.13794570019929342,3.109579078336022,7.491627634489784,-4.725731736310069,5.24568162270278,-9.810555679389255,0.2450269393638127,9.418629406330027,5.24361264440969,-1.305810359824644,-0.22695596197155332,-1.5696120396082591,0.41919878967247026,3.4377843388395,-0.6330451678362992,-8.024749855070423,3.4474144114671423,-0.9243579713144823,Actual adjusted month-end return from Yahoo/yfinance daily history,Market Table annual returns from the same adjusted daily history,"Oct 02, 2026 05:05:21 AM EDT"
CRM,Salesforce Inc. Common Stock,Technology,Stock,-13.188790294844633,-0.45547857179576434,8.974189040139757,2.6682722938740078,10.43537878149905,-5.136765391696818,3.0096579481983188,-2.9095292078781143,-10.186342554521232,5.369410919371087,-4.2043668917318255,-4.916687733069014,15.54193162686699,2.8445154693855113,1.4013520256730194,4.400537626807455,4.087313384797997,-3.3913197265482142,4.849855995673269,5.165196515890802,-2.167753956607954,9.548261139834956,1.9347273303283563,-2.0034446595814326,11.425219167869027,2.0542463219911378,0.04301855415924649,4.032672555107197,6.893150277881088,5.466623237540369,0.5498504387653869,11.323373797561388,4.15901537062624,-13.701810558470239,4.022139038172368,-4.055744152543317,10.951301236536292,7.685702325574728,-3.226379026037296,4.407408032903293,-8.430607939052337,0.21135007085397728,1.8256101329181984,1.0161903024053176,-4.888844872229692,5.423075593472815,4.089694228106744,-0.15345792493954846,12.094175517245297,-6.532809646357762,-15.504708736207284,12.480881000061128,7.928422168864047,7.1742990520759164,4.014317066799289,39.92814800964144,-7.823205295867897,-7.580001825271976,5.825125526406194,-9.467045908171002,1.3616122667670982,-4.016665806066976,-2.138578022914428,8.708179012311689,3.377902989819326,2.591358372603114,-0.957972127240625,9.647421940254318,2.2429942261806612,10.497023628307911,-4.915090185707493,-10.819046802066346,-8.46024082098168,-9.500069150843027,0.8502578582468834,-17.134515443114662,-8.923513561598561,2.9955065460959496,11.500240072783141,-15.161407535224713,-7.865741762598044,13.035347687757227,-1.4392073982387399,-17.26053262111209,26.683737081522008,-2.595698707723759,22.10747607324668,-0.7058015316729227,12.607758831867732,-5.425725164190254,6.5085631085269435,-1.5776898135164696,-8.434946719238944,-0.9616313677663135,25.42946237190229,4.462084060706695,6.821448929429175,9.865213400038254,-2.3465505830298383,-10.704566424350691,-12.828130056250043,9.665588731213571,0.8179025498401549,-2.2797574622338557,8.39846446745014,6.452078894224744,13.254617176341243,1.430792903168121,2.204429061365132,-12.832897435006252,-9.900959565186508,0.28774627066749936,-1.2429589923393936,2.92135323056113,-5.266065887073212,-0.8051572166267951,-7.351144719937441,9.877647486592123,-11.470388642566176,15.093951599418931,Actual adjusted month-end return from Yahoo/yfinance daily history,Market Table annual returns from the same adjusted daily history,"Oct 02, 2026 05:05:21 AM EDT"
TTE,TotalEnergies SE Ordinary Shares,Energy,Stock,-1.4015566011335356,0.8799398917447743,3.0880644767881105,11.734945066384729,-4.394105281672845,0.5497795520612803,0.0,-0.7276495314855635,1.3704770560125645,0.08385715349032985,-0.16758797712383977,8.375801201684352,-0.8043799448551825,-1.166958249742478,2.240890061900913,1.487512258520951,3.569103736845536,-5.181601264612368,2.177813897622305,2.703811398648903,4.259751580028492,4.110602292844678,1.4896221117662645,-0.9444479845956866,5.0289428962619676,-2.3596230009798935,3.1173694263021856,8.528351334619622,-3.1304879384255857,1.047147690413297,7.744389744770697,-3.8467372258520816,3.8364107266266156,-8.992053736486028,-5.102416278251887,-4.9259251649638625,4.886918186604627,3.9832178631323156,-0.9858757508133142,0.035903257468850036,-7.49056126015748,9.797483723995981,-7.259358836485519,-3.517591591976277,5.653667824239728,1.2115168575626223,-0.17101784179379687,5.253134689089123,-10.951871335080398,-11.216315924698627,-11.821019904815389,-5.61226203283649,6.913274346426923,4.396421251632754,-2.080049157796182,5.071665776652856,-11.329562949217653,-11.574354124377917,38.93834382081616,1.344459983554236,0.40564581522357646,10.266140722218742,1.9821766968681986,-4.856033496390388,5.442644359305504,-1.412812591562107,-3.601386877023627,1.5127146323254959,10.087972603677887,4.548303168577972,-8.22190724142885,9.146875959329947,14.840247886793879,-11.038729644068447,1.4965988518228723,-3.620895512632838,20.714440507487474,-9.35365682987227,-3.0015159373935063,-1.0771641942503685,-6.6204792498565705,17.734298107598857,13.967514691238204,2.3716673787538944,-0.06442477818437986,-0.2095525586048752,-3.364849302461448,8.264182120290231,-11.934915751398279,3.7813903261649795,5.569057976107228,3.3853800971278325,5.815895104090041,1.277365526394525,2.1771794351375773,0.187358469110932,-3.265046907031155,-1.7029854188624238,8.722558526588319,5.288405227482973,0.8969218533374068,-7.616571094693669,1.6496635873721965,1.799940434431213,-5.149324250571119,-3.187869994456982,-7.304977950514946,-4.562565452435541,6.477075619695505,3.7911404030746,8.841765376404375,-12.119340834033965,3.2189951293267516,6.2787731948818815,-2.9972335176190357,5.37363735426426,-3.319451389265804,4.272075985885904,5.559117593957352,1.0998325141310383,Actual adjusted month-end return from Yahoo/yfinance daily history,Market Table annual returns from the same adjusted daily history,"Oct 02, 2026 05:05:21 AM EDT"
GILD,Gilead Sciences Inc. Common Stock,Health Care,Stock,-17.9760717236916,5.120434480790115,5.7911022071492235,-3.9734391528755575,-1.303675241942459,-3.6417790496566793,-4.73507207614311,-1.3715913220388787,1.5556127441237022,-6.938847715859442,0.09509137804719625,-2.2102671014036956,1.1730545088832756,-2.7191422382518704,-2.890726829175627,0.9275674224293207,-5.339158660124821,9.954476582247974,7.50214658017021,10.014431987912387,-2.608238249382322,-7.479629873851213,-0.24014987753645523,-3.5440120511609274,16.973752926438436,-6.050114187822908,-3.564573454070974,-4.191526282715419,-6.686983794927926,5.950980171668863,9.867335296828994,-2.6982149332775984,2.7460647342297584,-11.695380629771346,5.5148209577049245,-12.319077077578644,11.926460974642627,-7.1275650203638685,0.9519299946823434,0.04612943089450372,-4.289654025416711,9.563715293493868,-3.019501886482623,-3.021992286886288,0.6798695828645673,0.520664503618895,5.540720008440014,-2.4544270239963972,-2.739290748248735,9.74683955204252,8.78917169754847,12.359563685443419,-7.345200460624568,-0.2635106636209139,-9.630917797833149,-3.998274734970786,-4.341437872225196,-7.975958190698417,4.333627405339757,-2.8854627485539575,12.598694255306441,-6.402432070509101,6.458641281695621,-1.7948109786668276,4.159423570220833,5.246341379140729,-0.8277689607233629,6.574904207533083,-3.058468457970387,-7.115253020171631,6.242293253697562,6.408716961802452,-5.412448752694809,-12.055937884522693,-0.31823126887434716,-0.1850083918937151,9.28546601718747,-3.4967532915911703,-3.3327972242507276,6.225952926952294,-1.702213575151179,27.184322552599525,11.942381774704081,-1.4437035001764187,-2.2248142670418525,-4.0624230749694235,4.0110641767695965,-0.9160046394799282,-6.410430005609613,1.1358406122829567,-1.2066642091841384,0.446537452437723,-1.0537012518681221,4.80385524092235,-2.4700734023239135,6.720457917509215,-3.3946503938675043,-7.871193402091636,2.6356754259728055,-10.989742093598432,-1.4263831457943188,8.06188515478905,10.858457668957833,3.86536789724119,7.118411912773159,5.939897247547132,4.233293175613895,0.6117903564057947,5.2289442541199715,17.60288762999305,-1.2891028480867872,-4.917444125951231,3.3227012232197595,1.4327893186294238,1.2807737526443708,0.6055781897628787,-1.0614870602519755,7.918915382093927,5.050506962271428,-1.8192376224528073,Actual adjusted month-end return from Yahoo/yfinance daily history,Market Table annual returns from the same adjusted daily history,"Oct 02, 2026 05:05:21 AM EDT"
DIS,Walt Disney Company (The) Common Stock,Consumer Discretionary,Stock,-8.812328810180947,-0.3130908426521195,3.9677656803514427,3.9774350677436843,-3.9124731157261006,-1.4109952925353109,-1.1991407338993287,-1.5528960447157236,-1.6938139931478857,-0.18307799670171931,6.937098746048598,5.955603102701912,6.169642521351193,-0.5061059318012373,2.9975502341574867,1.9490105482148357,-6.626291791638639,-1.565679488317484,4.23321485958823,-7.941431664165988,-2.5988086567151902,-0.7710285632578029,7.166954726587127,3.3914061758943292,1.0789648885218162,-5.070386816254169,-2.636684043975457,-0.10952029867502544,-0.8571788720452833,5.368458796639675,9.219384550892617,-1.356117538621615,4.39207366930543,-1.804345590786105,0.574762378564464,-4.3202574485531775,1.705424779889242,1.1836321899502567,-1.6040320008764097,23.36302400187207,-3.5993244608241604,5.75584111994496,3.0475792391250645,-4.020692752654432,-5.05607726187709,-0.3069652967941705,16.67181526370749,-4.013388860177547,-4.369771545674162,-14.93745275019469,-17.892062258001275,11.956531744369613,8.460473827745108,-4.936080126718112,4.869537223862541,12.767230660469341,-5.907336752876069,-2.280782072659593,22.070076483746526,22.41067673817845,-7.18071069728915,12.410063543569617,-2.3910229951333073,0.8129034239004351,-3.9619287729643515,-1.6120825409376538,0.1422194652999309,2.999650052599412,-6.6905612699961425,-0.05911093580220905,-14.295853848383578,6.894415449412961,-7.69579200624757,3.8399700236600776,-7.611471652670209,-18.61330112340057,-1.066012680325401,-14.523724328646336,12.394048078801024,5.63620126909552,-15.836903169857564,12.94391751545334,-8.137788899903676,-11.229177205969144,24.87338255319862,-8.185083993553722,0.52202849329821,2.366933238442348,-14.185359779486584,1.5006729625605564,-0.43682612968012346,-5.86118320653598,-3.1429143702388584,0.6662495810697555,13.604611508440613,-2.271810215985093,6.3794500230287765,16.16865631275486,9.6612294258267,-9.202344309026444,-6.471648811134512,-4.446162415104437,-5.20471630289957,-3.5329258983957,6.428407855726848,0.010389195496407488,22.11019648797268,-4.789819847482479,1.5356996987949456,0.654520694542815,-13.268893142493067,-7.852077212456166,24.28807892968654,10.172351681898517,-3.9512966793519566,-0.6128799333140478,-3.2775778954340806,-1.6419136175129467,-7.236729341140736,9.6388895721357,Actual adjusted month-end return from Yahoo/yfinance daily history,Market Table annual returns from the same adjusted daily history,"Oct 02, 2026 05:05:21 AM EDT"
DE,Deere & Company Common Stock,Industrials,Stock,0.9702091235668009,4.116383389874678,-3.254526043333339,9.247944241047312,-2.163813976538287,-0.7802196827131458,-4.10908676987336,8.80194563070713,1.6808322476822957,3.456313904871644,13.476797761772241,3.431647405108307,3.8916592107815173,2.2793238866527066,-0.02167308295853987,2.5261916325539424,9.72138222041552,1.421535085772252,3.794824813335418,-9.62739922305974,8.862270510781478,5.804609731822263,12.778435457531302,4.834097039420238,6.331897019390231,-3.3349537878914925,-3.067728766107547,-12.870219266303184,10.478093421509405,-6.029364519484592,3.5694106046049834,-0.6837824293589256,5.016728119847946,-9.90482912092886,14.353176818646052,-3.185240049539817,9.941673620598856,0.024412039553300957,-2.090193223797654,3.622393521070233,-15.371616322200222,18.76408237027767,-0.03621633822521453,-6.483537362214642,9.38858955589048,3.2369019529509657,-3.4971726175857643,3.547898814639172,-8.4728175624737,-1.3242821745947708,-11.208065924269139,4.994174233592763,4.866952430076443,3.836091198953828,12.192182557324326,19.142417392050692,5.8705518823519265,1.9311581340284656,15.807168376291191,3.1354137627016776,7.340623363408838,20.886405070693858,7.429365712681557,-0.8793594166481067,-2.629095799053194,-2.0715640109188693,2.517661634264079,4.546579370598436,-11.10042500531473,2.1607308789310498,0.9435745035062837,-0.4645775742273095,9.772780844749128,-4.351736470698664,15.693338912343723,-9.124846871922676,-5.236376726474845,-15.990657166912614,14.595766536186726,6.431042273308818,-8.286294984410969,18.548015960217555,11.414299824287877,-2.503544148020076,-1.3807382381127997,-0.8513949679304522,-1.2089075822238615,-8.443136468881097,-8.47572440135016,17.476078467617096,6.024356958882726,-4.34358677656882,-7.842948340523625,-3.18513698699322,-0.2599993548705104,10.133883814404232,-1.5730096781843006,-7.248840432084047,12.932649270311103,-4.70613434385,-4.253853762694481,0.08896344252931065,-0.441613991490708,3.699114534617487,8.571283862075795,-3.028778719056824,15.125145451641608,-8.709461074980073,12.475797076567229,0.8876308749457662,-2.0383635969571934,-1.233624081223339,9.211319366598513,0.7584584864304134,3.122985116120347,-8.720951593264004,-4.133185661319216,0.9556948324194403,0.6195424215958756,0.5792395182121046,Actual adjusted month-end return from Yahoo/yfinance daily history,Market Table annual returns from the same adjusted daily history,"Oct 02, 2026 05:05:21 AM EDT"
TMUS,T-Mobile US Inc. Common Stock,Telecommunications,Stock,2.632896816203245,-7.596513909726421,3.234514318910775,2.5587442801883853,8.859453004753902,1.1927263760771245,7.094975693024641,0.0,0.8200318592961553,6.4426362290160855,9.008647198294994,6.087437262914608,8.276825374501273,0.4175266479845119,3.2944234216841117,4.149235654693073,0.22298663726274537,-10.086012447281389,1.7155978185009912,4.946467625901163,-4.7133245527935745,-3.0651890954075056,2.174992881387472,3.9954046841502056,2.5035580155367,-6.897066434743426,0.7094290993223229,-0.8682795686556499,-7.9490874159462095,7.271078574090595,0.4184097327937675,10.066693230997137,6.268917424254661,-2.3226184868261557,-0.1458624337336123,-7.0708585174174665,9.44820197546743,3.7201904491876103,-4.3068833726372375,5.6295255486107365,0.616524519329964,0.9531713778930362,7.539780805122964,-2.107116546635157,0.9224922485668863,4.938430569071439,-4.972183956225884,-0.1655085393396427,0.9818765354131509,13.85278924468385,-6.94319537128022,4.6483805797342015,13.940764195055078,4.1083642573288115,3.101274068440163,8.66085334371931,-1.9883584101137552,-4.188524693111728,21.32883029018835,1.4367684446809692,-6.503548467638454,-4.846121642711587,4.434433622983214,5.4593355143887745,7.053667846794198,2.3895285249442955,-0.5592679785839993,-4.860442990792924,-6.7581307419058545,-9.964001955536173,-5.4072858238039645,6.5894621583457935,-6.733918633182934,13.904044838400221,4.171733712972414,-4.059209895381843,8.242660028589466,0.937785933746782,6.332705987096987,0.6291308340406143,-6.800521044385199,12.961161704069934,-0.0659571237399681,-7.566372830065527,6.649986410562425,-4.775301217963268,1.8708675836607958,-0.6489884630675014,-4.6212526499427975,1.2021871469163559,-0.8135508779518852,-1.1032729043312983,2.789005016126578,2.72043465167775,5.037387004835114,6.566948884600343,0.5613556649115115,1.687410911865106,-0.04900252380540815,0.5820488728769391,6.979813891147391,0.6972861948968845,3.462369903193774,9.374430016879987,3.844591507132411,8.141115008594157,11.05504952598455,-10.613907221425157,5.545237849635054,16.148583361315193,-1.1049585511066495,-7.408800438067176,-1.5614766407334613,-1.6267494443295671,0.06296157217815512,6.068591096484277,-5.004165644887215,-12.252479162563311,-0.0021437499304610697,-2.8563298466607323,Actual adjusted month-end return from Yahoo/yfinance daily history,Market Table annual returns from the same adjusted daily history,"Oct 02, 2026 05:05:21 AM EDT"
PEP,PepsiCo Inc. Common Stock,Consumer Staples,Stock,-0.62045668130285,-1.4904647733379073,5.512445159589219,0.46837618982162876,-1.738540212024453,5.5000487592975045,2.8128999219495743,-1.2989977583194756,1.8922629354562348,-1.4434460736849841,-5.93232802610798,4.525477241277165,-0.812430336086789,6.359640331616845,2.0368851964557066,1.2694813569072094,3.8777406658088154,-1.1808418956169797,0.969804935098284,-0.060149609053739006,-3.715530123574895,-1.0769164591828306,6.4395716113781365,2.9179446468077685,0.3169034342259458,-8.78636222214858,0.2065528949391826,-7.521745229822296,0.2298354047851614,8.598492488603803,5.630553446783315,-2.5999769111598514,0.6381082287361783,0.518802880142899,8.506851273574956,-8.678635223608822,1.9822428567959793,3.4682510769054486,5.9754568418662,4.487975921632015,-0.03904091126080145,3.195388887487005,-2.5318747118149965,6.9791279194248546,0.9635470864571394,0.05104462598266579,-0.9768998497301062,1.3231862761667657,3.9145428901778745,-7.034240788551971,-8.42160413693136,10.149880124474752,-0.559347089835105,1.3200707576857207,4.082860583474224,1.7434359331953475,-0.3308358224739849,-3.831170761443292,8.207690286623826,3.554406630046847,-7.909639743164165,-5.403849766437507,10.364132393061197,1.9158832239611234,2.6221158392211175,0.8871581899069669,5.925651023161604,-0.35681580230314536,-3.164563250309993,7.439674170099098,-1.126221988389997,9.452874719861736,-0.10938070920358811,-5.636244536146817,2.8953819016805493,2.5869292086965423,-2.306224515777211,0.04126334883585159,4.980169790530065,-1.5374822548332556,-4.593271221627193,11.221372755330638,2.1643127216924407,-2.0069278634592957,-5.335971588786914,1.467634241814686,5.763796756232442,4.712025146439114,-4.473788946136226,2.28347195309182,1.2093528762115335,-4.421372319869022,-4.766207711471793,-3.635499683133525,3.8542791374242658,0.9210233276106594,-0.7713186200978828,-1.1441575419773087,5.84857482239407,0.5142410552075649,-1.711092118863622,-3.857458751587206,4.69291427431533,0.1216278324975173,-0.8879704541686406,-2.3346094455579003,-1.5835887602175358,-6.176340466919195,-0.9009620305325261,1.8448482352061646,-1.436324472014272,-9.577150769959186,-3.046181160081707,1.5510153954813033,4.453200223899723,7.779879729216366,-4.598829641391222,4.023057246755446,1.8139679958962374,-2.5657143948979,Actual adjusted month-end return from Yahoo/yfinance daily history,Market Table annual returns from the same adjusted daily history,"Oct 02, 2026 05:05:21 AM EDT"
ABT,Abbott Laboratories Common Stock,Health Care,Stock,-15.188463106860207,2.3513703960124754,7.976274670891836,-6.436480361174213,1.8766465769244567,-0.8074696023925965,14.539961418244317,-6.100594591157094,0.6425473688686401,-6.622251835013682,-2.981668814245153,0.893146521595245,9.450148936808954,7.924342239528492,-1.4862535989224157,-1.1327792644198253,4.628769422315293,6.4607947236019925,1.7324982537436417,3.578699573123023,4.750713015410524,2.1275382633907824,3.9461632464671936,1.2417804220971274,9.43975046177985,-2.9440049491108677,-0.6796247076996997,-2.520326664665107,5.8489509317219746,-0.8776025581773705,7.943283107095822,1.9835079957155166,9.754635379034692,-5.638687758068128,7.412231950746717,-2.322731150760582,1.3665089314543355,6.357908834739878,2.9889919082066507,-0.06809021067063492,-4.311199771141549,10.468858954829653,3.9550704461140285,-2.043649009293036,-1.9338619419202896,0.32887708102462554,2.2007030701113983,1.650071348124138,0.7484705476287434,-11.602032722520072,2.4406187981994565,17.194012126596057,3.0730893455630515,-3.6767986997186086,10.500606301733706,8.773876611249399,-0.5846551792687338,-3.0962421644124216,2.958798706766208,1.1735112845966844,13.332647633418615,-3.082755078986965,0.05006718650066855,0.5681927431486322,-2.856452593924119,-0.6172248578789508,4.753376536536713,4.45527935416834,-6.520528110956003,9.529862951137446,-2.4206671178977013,11.90269445584411,-9.116392149860886,-5.366415526521051,-1.873633357052551,-3.723903676196494,3.488962763863257,-7.500413171518739,0.6201172898727236,-5.6872392557791525,-5.737955406532946,2.7354982196892808,8.73255280006562,2.054275536051531,1.1481384047963061,-7.987334944531033,-0.45221807438834416,9.640615324409808,-7.667246253399829,6.882349599954551,2.6086383108165467,-7.572077411971689,-5.8795080043953725,-1.8343765764363695,10.301420422246043,5.542248822780738,3.294828993373966,4.851954634413125,-4.197572466500132,-6.3033904337552515,-3.5670502823814454,1.6831324386534785,2.4944997192132057,6.9190188666379715,0.6533100127564584,-0.0927182439316776,4.763164316886526,-4.765507498777099,13.695815684699774,7.879288377954818,-3.8837557016353275,-0.9757563585951035,2.164444014009659,1.819120973810473,-6.803593071476799,5.127187024918678,0.9648848838859525,-7.294536123304784,4.271151514160931,-2.8006158827649896,Actual adjusted month-end return from Yahoo/yfinance daily history,Market Table annual returns from the same adjusted daily history,"Oct 02, 2026 05:05:21 AM EDT"
SCCO,Southern Copper Corporation Common Stock,Basic Materials,Stock,-0.7657477890838482,-7.528309611335815,15.747628195960207,7.073270517119989,-12.045144603054702,3.5700541640277805,-3.669407610712061,-0.46249007701197886,1.8590265641634796,7.946758814237098,15.851239389886373,-2.7109064237980762,20.10016646865729,-4.226936444527773,-2.1003859511525835,-1.4488605285647216,-0.8152028763912855,-0.9439242073694842,13.600911124346094,3.8324956320261006,-2.3096022799740767,8.023134714951418,-1.5418371574661083,12.841910921471268,2.318181455211765,9.314900332144148,2.7499185834564788,-2.528589932482639,-6.88650818935902,-4.131705720417411,5.3125601809690615,-10.822377320204124,-1.1457446568446827,-11.126544151324014,-11.785199938533598,-8.094416872904631,9.26228982055768,8.703398976510712,11.429389877356932,-3.1754136686728884,-11.239756256282474,15.179360767547866,-7.876469105500261,-10.602127724007326,8.006351119361387,4.2484171323627695,8.023909773299366,11.701302450075657,-11.299439594024385,-10.695339977277829,-15.354754470711418,15.198862747168196,12.563581143022184,9.5592181757304,9.90695258213934,11.011944083822556,-5.8835800052328135,15.617432623611439,14.469594273618004,9.685025515606704,1.9809461406300466,8.320949770163244,-4.850690244490252,2.2690416308891015,1.3987901478581755,-7.771713037581085,2.0522221555032027,-3.3389204033273834,-10.305179934656017,6.857874818813947,-0.8798625852926789,5.487168938099263,3.5326546527919778,10.24990037851563,9.381758065960089,-17.957845252151927,1.517829528269199,-19.375201292671186,-0.020105863098862642,-3.976210634360977,-4.737601578657968,4.750192011831467,31.149054621236072,-1.0324408176310196,24.540478992204662,-0.6712440011695353,3.474030765604841,0.7606231502384153,-11.982648925372374,7.443462903216291,21.884572862642827,-6.643306199451859,-6.657554026635926,-5.830791759822418,2.8381545546150466,19.657991286778078,-4.612512669940061,-0.5175281409250942,31.733873835051085,9.528710389508666,1.6799566365264695,-9.17978753310753,-1.048842454862109,-3.5334181893740935,13.714106035402862,-5.290910310161834,-7.279002295507231,-9.187835127598444,0.5376825091170545,-2.2358517534880717,5.0938901728619035,-4.215693542750021,3.270461832805327,11.285888524473542,-6.928939845835491,3.9217615281229135,26.298259910692924,14.370463576388781,-1.4799210101862914,6.447541326201067,Actual adjusted month-end return from Yahoo/yfinance daily history,Market Table annual returns from the same adjusted daily history,"Oct 02, 2026 05:05:21 AM EDT"
SCHW,Charles Schwab Corporation (The) Common Stock,Finance,Stock,-22.471901243974813,-1.6272610020289457,11.85626712594432,1.3918890183405308,7.907809611386996,-17.23348775573783,12.287602507373308,10.954886350507342,0.34960512214816664,0.41180704910712684,22.219819390984874,2.0951910691908493,4.484437459016077,-1.814684542133338,0.9898375890597277,-4.802766112936919,-0.05996229988485258,10.864525671644287,-0.13969508032768418,-6.818521759421891,9.624089735504482,2.5148848522873024,9.00604539383696,5.287940892744292,3.834910850314577,-0.4085019996868722,-1.5088689819296897,6.62584744392678,0.06259441497427076,-8.126568832897929,-0.07826872821479203,-0.2720814625673085,-3.228988646653319,-5.920661387195536,-2.8541972843516783,-7.299114759106418,12.617369737421335,-1.2590738621179653,-7.063719850060535,7.062703724687669,-8.754697920287269,-3.412675212894456,7.539191849410987,-11.050638744797968,9.302323282036863,-2.6774888970658273,22.07344147265058,-3.9191903810158357,-4.226259281408861,-10.199601347083165,-17.496957064744056,12.19512982035278,-4.300209955981471,-6.042887130474595,-1.748688243957286,7.746557251895969,1.9701964247329062,13.469483285611794,19.121062882017668,8.733099680712964,-2.8280477119710046,20.139895436271836,5.605956408794488,8.008612517581671,5.174429152705473,-1.4082272384445593,-6.674929753096781,7.469781715015,-0.013727400036034343,12.616663924915827,-5.445782025527468,8.670391844025893,4.2806529594726195,-3.490221557221318,-0.17761432545932987,-21.32605749642521,6.0092952706716884,-9.871617459692839,9.290934714189802,3.075840703917687,1.2966826102378093,10.852930382280036,3.889401446401619,0.8723048618411777,-7.01416376371461,0.958904892873691,-32.7772056900305,-0.26727097454832816,1.3945012354138253,7.572604530141236,16.619601052292655,-10.17039030692305,-7.185133671286314,-5.209478087628627,18.371483147557544,12.198316415177901,-8.546532743534074,6.561494203568352,8.325830420999258,2.2256212615577198,-0.5806827264797976,0.5594984457780727,-11.534815677317745,0.2611970431296573,-0.4454646606350865,9.288691631449964,17.243730500263908,-10.57272508718955,11.768667043164971,-3.5370903631537387,-1.571723520930457,3.985697328710902,8.874199519508764,3.2827609242552347,7.113130401757228,-1.6573010411788824,-0.38604712511270955,-0.995085194680112,-1.6151952282826398,7.742901805459534,Actual adjusted month-end return from Yahoo/yfinance daily history,Market Table annual returns from the same adjusted daily history,"Oct 02, 2026 05:05:21 AM EDT"
NVO,Novo Nordisk A/S Common Stock,Health Care,Stock,-3.8051054881235724,-8.000707786511107,7.294322666667186,2.9525857600102956,0.4481120354199897,-4.0328454402430385,5.93157607586674,-17.209181636453863,-10.980316728898277,-14.546753680073966,-5.458670380875164,6.7262046116023155,0.8644644860381856,-2.32236382518769,-1.0365003940039363,12.83548684208804,9.53979815969095,1.2272951785668562,-1.142462510952491,13.470226659703833,1.1129932113796537,3.4060075557418745,3.976715235131567,3.670075028518416,3.4097357122451877,-7.24325787077762,-3.011253279814796,-4.690353350497212,1.278235508144565,-2.986976448171619,7.914138148353556,-0.2302015201585017,-4.128527413588101,-8.400512475905032,7.966654059025768,-1.1797549285360032,2.0620833713759446,4.104627113848425,8.50516627778699,-6.308567941886656,-3.693098618552626,8.135573514829897,-6.112873121750462,9.714629690485644,-0.7868065361596455,6.808525536347054,1.6841778241307948,3.081024433517987,5.096754132193682,-4.438595262015655,5.0170759186215275,5.1993507922808435,4.1212653016030165,-0.6975912636176806,-0.22908581465991285,1.876073950081092,5.1332338616325135,-7.979242694624555,5.071204762597303,4.051835304631224,-0.3578997659571481,2.3706906007364026,-4.025119765529261,9.685564778845812,6.693704322919225,6.172398567433657,10.540756567949238,8.5473258934311,-3.961177348626721,14.70677763175856,-2.9964571540613605,4.839465949204524,-10.830354251073992,3.084024531569418,8.903158360105913,2.6564504749321927,-3.1578894161507165,0.9329747856020809,4.155065290276294,-8.088375630967148,-6.098019494527074,9.244204426892445,14.479972995365497,8.619575738303254,2.5417571361802116,1.59243138533387,13.777674848525923,4.995587017097836,-3.9678907277500564,0.8537937925878092,-0.45109602600862386,15.774410480820777,-2.0148725063240502,6.190892800491343,5.457175220305555,1.5809099455353026,10.913480720224467,4.383834277036613,7.978943740893918,-0.07009080146543889,5.432167257251219,5.51448233945353,-7.082793645222418,5.3161840057065035,-14.436627549198889,-5.979671267569476,-4.6002643645860815,-19.45692548482355,-1.8251680708212148,7.341632169944545,-22.163308849587814,-4.305880456266175,7.59971303758975,-3.468534025968373,-31.802377556341355,21.30065413467843,-1.7180293521124934,-10.866825293737481,-0.22240397112351928,3.1003064921721446,Actual adjusted month-end return from Yahoo/yfinance daily history,Market Table annual returns from the same adjusted daily history,"Oct 02, 2026 05:05:21 AM EDT"
T,AT&T Inc.,Telecommunications,Stock,6.756566754010351,2.4681290461154193,6.008081383478925,0.7401046821591484,0.8500828962618279,10.370372756951717,1.6757512034375033,-5.5671745019262975,-0.6604348690698925,-7.940212977044114,5.001307066974947,10.09583390813862,0.6612002127860395,-0.8776090915642243,-0.574288932612188,-3.10661592444893,-2.7756702884547346,-2.0763028420392127,5.155687764078931,-3.9487592576012975,4.56486836325567,-12.658251368602224,8.112930582101875,6.8719191311206185,-1.9815478815805587,-3.0707716530328666,-1.7906435884792127,-6.53837192603135,-1.1621434747296377,-0.649713706132593,1.6225852591720935,-0.09384982520617147,5.134649060336383,-6.82782611626489,1.825275037935592,-8.642753384607971,7.649654076411627,3.5263064726232196,0.7712019542395643,0.8264300723160201,-1.2273580039560805,9.581387161920297,3.6550373516558654,3.5535847031112455,7.317100770390694,3.58391805900129,-2.8838721974573045,4.547893649315449,-2.0225443736919813,-6.379614303667891,-17.23453416919397,6.976852774243625,1.2799291358028375,-2.0414860502060095,0.11266457919458794,0.7775614855064283,-4.3609808289907015,-2.9051076334226544,6.402636976624576,0.03477746086835154,1.8934426438233398,-2.584735265846261,8.533561982218574,6.12841208465027,-6.303704857740488,-2.2086553183417457,-0.1604608340353697,-2.246002330954089,-1.4952565393929529,-4.060466323450973,-9.619961516174435,7.752958111217723,6.4658945254503,-7.098042298223428,-0.25330445590944217,7.197048218659585,12.884412392340217,-1.550031071116531,-9.207350956531268,-6.60276406894228,-12.542771690386346,20.950384339017457,5.759731438797999,-4.512448050955964,12.24413505319033,-7.167394180950026,1.7979727154050051,-6.905967797570078,-10.979059422037452,1.3986006403623685,-7.3424000313669024,1.859494022266328,1.5551099279967229,4.488684463131731,7.597397956757712,1.2673538156695585,7.142851076759005,-4.296213762700251,3.9574721051088835,-2.4621953679087483,7.874505630965878,4.884726147572249,2.244519118723076,3.3766361859743244,10.552762129407522,3.77002457544251,2.7506478230480136,-1.6839324776094733,5.538862881482065,15.507803214275317,3.174028705282761,-1.0112909770728096,0.36099247952967595,4.100729416207249,-4.340412563920726,6.858813556036836,-3.5848518030226484,-11.414808234718333,5.131326424915139,-4.534979010717799,Actual adjusted month-end return from Yahoo/yfinance daily history,Market Table annual returns from the same adjusted daily history,"Oct 02, 2026 05:05:21 AM EDT"
ETN,Eaton Corporation PLC Ordinary Shares,Technology,Stock,-2.940055143916709,12.274795857151123,11.411496607662919,1.1349213126324198,-1.7068415215479638,-3.0829259837140244,6.161087982413371,5.878936311460947,-1.2473475573221537,-2.9523724005836915,5.282406472867751,0.8720326457807515,5.500080771446103,1.6954395506885822,3.8656068779760577,2.0094192696328284,3.102617223731463,0.5815503848235704,0.5396507057541466,-7.5469427015955715,7.00948881603527,4.206281026964787,-2.078516612736059,1.5814055605124722,6.277626365311062,-3.8941888025680105,-0.1669032331447884,-6.106863558523202,2.9993762137463076,-2.4026997647019543,11.279074625604334,-0.03609480261508313,4.31803406065796,-17.364198837838472,7.353118834308292,-10.761668605818242,11.054516705388151,4.616371563991639,1.8839205226485634,2.8054077471806105,-9.27152142095341,11.800267517667763,-1.308879698626375,-0.9327314023531708,3.010426951068035,5.612144679048425,6.187575546535484,2.3999979241097202,-0.2639299213251123,-3.9695342103584497,-13.615421627182855,7.478442620359638,1.7725599744994547,3.038868014114615,6.45858720594612,10.417734239300437,-0.0685604396520767,1.7249691146553614,17.497501100717727,-0.8009449506652722,-2.0309644346047317,10.611777669317735,6.790521658097659,3.3627470685718253,2.163498564013544,2.0172222791168704,6.660816441740414,7.0105131653001695,-11.315059377965452,10.347609064678398,-1.2088738687886957,6.639517527535288,-8.326573442716423,-2.6131367194988653,-1.1025783365420372,-4.441213299130153,-3.8739922292265527,-9.098151009626331,17.77918888178325,-7.416164166042972,-2.4004494136659504,12.529998999932435,9.476370052773998,-3.97676999684623,3.3514232059932425,7.841679568655979,-1.5689491415477597,-2.4629444874939788,5.793867134478448,14.326322811991066,2.098464347908746,12.646667239322596,-7.418496848459544,-2.5178052005779605,9.951189505339864,5.766611382872089,2.1841926874216044,17.44147667530069,8.532567235129607,1.7845791125815413,4.8970597261442705,-5.798420843010421,-2.79380223744633,1.0410025497971986,7.98554807130929,0.04223039481270341,13.54015732147209,-11.600342527396545,-1.6361879378486988,-10.145810815455892,-6.987045315944096,8.291953480911562,9.153440643807986,11.489681720142443,7.767732548286044,-8.983992020142706,7.1919390324233445,1.9532489685405219,-9.098173673849875,-7.915819958525272,Actual adjusted month-end return from Yahoo/yfinance daily history,Market Table annual returns from the same adjusted daily history,"Oct 02, 2026 05:05:21 AM EDT"
WELL,Welltower Inc. Common Stock,Real Estate,Stock,-8.540300493606878,3.910302258724885,8.717436103690911,0.11539465429684093,0.4368692516121486,10.53542501096949,4.148659147725664,-2.1695492758499357,-2.579857460199142,-8.345567351007066,-7.180659796186417,6.610376238735638,-0.941256191154427,7.564479073408292,0.6251666184173388,0.8754402136838202,2.820212484111506,3.184468046519795,-1.950550582726085,0.9707035615227788,-4.015287353811692,-4.7239626219256365,2.0494670918782543,-5.469926050458351,-5.958887412439462,-11.061552854281286,3.6761687326621884,-1.8188528777832502,9.574890223298492,8.742389201431756,-0.14357762008624375,8.026687321505621,-3.582673669212788,2.72077376967923,10.870731510443532,-4.037059554273825,11.640982481063578,-2.989567402282922,4.427376829088137,-3.956183122526269,10.21299909510689,0.3816664981797002,1.9502281419247147,8.825586161266052,1.2170207196055438,0.04411873571867897,-5.76175356437445,-3.2990679445866755,3.8273730040132126,-11.003518397924317,-38.81315497451096,11.904765471670853,0.41372086746795933,2.13144382034256,3.497548173450782,8.560498954065832,-4.224604621528316,-2.396079888954339,18.43017860516294,2.604000032742304,-6.220992559885241,13.057875768743553,5.493378972630891,4.74661636148912,0.4739275258131226,11.140864518899019,4.524640854860085,1.4994315575323602,-5.860851028625769,-2.4271778288659784,-0.25895587374369367,7.7241881806271895,1.0026751343913842,-3.15477536963632,15.42799519489273,-5.544006747764218,-1.2101027222550464,-7.565383870710784,4.8451608194218565,-10.537307367325333,-16.08611585716804,-5.099507382252744,17.4165424509229,-7.7150521310066384,14.47749296198204,-0.4146276476906241,-3.278484201681897,10.50355595248773,-5.089153608239084,8.417107009292057,1.5576788750373494,1.6243083346021425,-1.1583049645099375,2.063005734625656,7.327651765095622,1.2009100510556037,-4.059006142850741,7.225036274848784,1.388872052011969,1.9691657469420587,9.479104697248086,0.5594780510132402,6.714635157050419,9.099020596607478,6.090488012194806,5.350306144892714,2.9539761654810315,-8.792883896237058,8.291684668191968,12.98050845869212,-0.19542443620695904,-0.40466730844537224,1.5759955717553176,-0.35651082082466257,7.376588387051863,2.3955634197122766,5.859286045061518,1.627924905949052,15.462371375826978,-10.858711780482288,Actual adjusted month-end return from Yahoo/yfinance daily history,Market Table annual returns from the same adjusted daily history,"Oct 02, 2026 05:05:21 AM EDT"
BLK,BlackRock Inc. Common Stock,Finance,Stock,-7.711699285106144,-0.731903422454272,9.941623554356593,4.627543012753699,2.110418016257398,-5.264523911474273,6.924959856501323,2.4148415433107306,-2.7761968431296746,-5.85445060146813,8.659606518861175,3.2520361141817444,-1.7238727275785237,3.6045076649347196,-0.3934948459233145,0.2763888037357054,6.414945580731635,3.852583724761116,0.975373859755635,-1.1694018127322403,6.701477514649046,5.309881721269938,6.4482073543408625,3.011890968794728,9.361310861738147,-2.20186660479722,-0.8797243616767481,-3.7325486521949225,2.44101577778979,-6.080853745064696,0.7454111254362683,-4.713968225137233,-0.9654229831142946,-12.710835543436483,4.0323972762390525,-7.513547956079569,5.666672060621014,6.7794209235538805,-2.8429735637712117,13.540977584925473,-14.35990733627156,13.796165203690848,-0.34521584541428174,-9.64760786091292,6.305597474649627,3.6037944999683935,7.1929915808713885,2.267449343487149,4.903530255829547,-12.20062819069504,-4.255173949140712,14.107769476886922,5.298394236702486,3.6092812108304395,5.682867451901963,3.3355981556979053,-4.586922022057838,6.327712418700138,16.545119234347382,3.845425597912522,-2.810643287710324,-0.9639716697990797,9.2044749473825,8.666237660065935,7.047477751102749,0.23046141832474554,-0.8914730368321466,8.778001477551767,-10.704113627447864,12.496110666022409,-4.117792098201423,1.6772732130412527,-10.116224338046575,-9.605799407137194,3.410257391398952,-18.25377520885111,7.107622665414937,-8.321810707131805,9.87455435215332,-0.41689948221687034,-16.806790212129407,17.378385009127406,10.851386663104257,-0.34707760525080067,7.137735481312957,-9.19111918001253,-2.2428667649270317,0.3108358548609358,-2.033659551422995,5.881305739571019,6.903092593698568,-5.185096819751777,-7.0459343024719345,-5.291666229281045,22.693882866706574,8.783845350369933,-4.618143197628366,4.782346268631721,3.3935764437326377,-9.483031136017262,2.304419341268127,2.6529513679264927,11.327043146332327,2.887610899776094,5.91244902932706,3.3196047243425397,4.257761899456303,0.7221629793609852,4.915568116957725,-9.086004035780471,-2.67273035472938,-3.40418219716232,7.178473511965455,7.645451926074798,5.409555582590264,1.910472949058084,3.9244691011879107,-7.124286116994039,-3.2794260120749152,2.697378359996727,Actual adjusted month-end return from Yahoo/yfinance daily history,Market Table annual returns from the same adjusted daily history,"Oct 02, 2026 05:05:21 AM EDT"
WDC,Western Digital Corporation Common Stock,Technology,Stock,-20.09993171127551,-9.27471779930923,9.657548694641704,-13.484311767992995,13.873261824036366,2.7113218904811776,0.5289670827885784,-1.7680473326948776,26.35730081797034,-0.05130687743243323,8.932233034845606,7.504974572120537,17.336267611793566,-3.574570119131748,8.019557763588825,7.924365204018691,1.1114946103964796,-1.0826488115092125,-3.9277898424684876,3.700666613339876,-1.5637430755384263,3.321747235568928,-11.661232068755867,1.4763169063128245,11.882304547976496,-2.1802812641183666,6.586884923092562,-14.609306838173241,5.990610315532208,-6.701019184091717,-9.378644353448829,-9.850304934392906,-6.64001035290589,-26.426383007861652,5.386571835976861,-17.43243573045694,21.693277243817334,11.802610407733226,-3.388817322460902,6.367045440425523,-27.190926767674938,29.218988358317112,13.333301101918815,6.272061612348523,4.138272992546899,-12.628197378495676,-2.555664936118651,26.107694756642765,4.017791867171816,-15.175569795736955,-25.090000749986984,12.166306180731512,-3.710935887788691,-0.49583049292950543,-2.3782542674487317,-10.858472259468055,-4.867249920170824,3.2284374683460015,18.95047219583903,23.41798543119369,1.8775917558244481,21.442503150525848,-2.597413073466459,5.812727845882981,6.512817530156245,-5.396764895157935,-8.767750610360114,-2.6644101671824294,-10.696191276821187,-7.3529428943414405,10.613874280932434,12.742050801009475,-20.656348210299157,-1.5461844948888248,-2.532394032741847,6.888234878320931,14.35838382293917,-26.132815339914384,9.524883711748355,-13.930756951083033,-22.97681115103942,5.591411068084495,6.924636386923733,-14.149654052835903,39.30270068336896,-12.445973854201442,-2.1049816656127263,-8.574466632802292,12.45643729606558,-2.065578008023383,12.20669200940321,5.73306410434391,1.4000263271308322,-12.009647445872051,20.32377762967956,8.404070532208152,9.318310022830323,3.8777240352928732,14.746933196135515,3.7954266316412744,6.296762001786194,0.6375409830212897,-11.508513015588962,-2.1774731620483823,4.116467982833494,-4.363740821178331,11.759297971182313,-18.30386794190566,9.2235442326132,-0.6074213233804859,-17.371754690147434,8.483800859294298,17.533067815996816,24.363195866629184,22.972322826806433,2.0968448716400134,49.61383985169683,25.112445248039105,8.734436812519974,5.558391555571274,Actual adjusted month-end return from Yahoo/yfinance daily history,Market Table annual returns from the same adjusted daily history,"Oct 02, 2026 05:05:21 AM EDT"
MCD,McDonald's Corporation Common Stock,Consumer Discretionary,Stock,4.773993147514899,-4.60671011763959,7.2446510405203,0.6445138002013406,-3.5022704262642645,-0.6844863951561253,-2.2353162830159756,-0.9274259158705944,-0.2593649137090148,-2.4185233538409068,6.7757143049206325,2.0541966332015438,0.6983301196929359,4.911109266286728,1.5354537467953566,7.962314330132281,7.832532167567541,2.1407378785496034,1.2927219254589728,3.725078438700291,-2.056639621957146,6.529217863098236,3.6457986300398204,0.08725072993629457,-0.5693943192518702,-7.246705676461451,-0.8622068821178774,7.072467232181601,-4.437358335371833,-1.452807478122331,0.5424283587195156,3.619938301626502,3.118988609929052,5.7444933493876915,7.220226454762457,-5.803415533237644,0.6814195894369046,3.484979022422574,3.296357093313307,4.038962661150247,0.9420060547141285,4.735952223005513,1.4735648011632074,3.9875331712272644,-1.4955924358755368,-8.388068019867534,-0.49499282075670115,1.6094224946361146,8.278918931435864,-8.685755415251872,-14.842660333497705,13.432112352011139,0.001212270449957309,-0.9929321701234284,5.3179524059052685,10.546203588689629,2.795994726175288,-2.9568499974623075,2.6912683062506826,-1.3153172185399131,-3.141015143233905,-0.20768270787842047,8.731922480448073,5.327012919142504,-0.3804764803098881,-1.2398894259838311,5.07380692008812,-1.6267172419357268,1.5371279029841034,1.8414674458569813,0.16537055648664367,9.595250354594453,-3.215577930036184,-5.133293677694284,1.0254418866390669,0.7602704945357974,1.2241290284297879,-1.5708301784990275,6.679361954555274,-3.686478456392861,-8.53813077114518,18.167648641490853,0.6111470636317007,-3.3945605532059386,1.4685347563561102,-0.7353365792670874,5.948994331900792,5.77232903923981,-3.5976254799523044,5.220442270912673,-1.7459354044135456,-3.5942737050715823,-6.299141433272204,-0.4820539305852023,8.146880964798363,5.205104756465051,-1.2782068433468186,0.41778127371034923,-3.534291770294662,-3.160138028091908,-5.182384655994476,-0.925292954529755,4.143785936243205,8.764148310967744,6.104716608266547,-4.072099786842198,1.335112767237212,-1.4783858546607798,-0.4105055502222066,6.79943578565545,1.8952406091504725,2.3305482631258423,-1.8144691839246496,-6.379779140114139,2.7039141201913974,4.488945465471317,-2.527504534933722,-1.796703929454857,4.48681257164687,-1.3969482507654507,Actual adjusted month-end return from Yahoo/yfinance daily history,Market Table annual returns from the same adjusted daily history,"Oct 02, 2026 05:05:21 AM EDT"
PFE,Pfizer Inc. Common Stock,Health Care,Stock,-5.545249223177839,-1.7110426237779808,-0.10114987956150179,10.357633848177429,7.033777234487082,1.4697337263542165,4.771373139512058,-4.8813482804919595,-2.672396669188082,-6.3773141439280145,2.366904262820313,1.057850133556748,-2.3091042389532745,8.627854324124495,0.2637475271679568,-0.8476871276410725,-2.812427858399469,2.8790143457856354,-1.280142540051643,3.291103240322557,5.247672042013907,-1.7927191409805698,4.3677537557891055,-0.11033995070767189,2.2639637234108223,-1.0626945392315013,-2.258333080895558,3.1558395369458925,-0.8993858145690536,0.9741301564890836,10.060633958851618,4.867358287518964,6.141616964821184,-2.291808731315814,8.19029882792317,-5.580780279039644,-1.8998071440958442,2.1201437942674373,-2.0299761113459325,-4.379543335410285,3.14757577326068,4.335271311684563,-10.34163776302316,-7.614328289934125,1.068904743715926,6.790982562545955,1.3611536922206513,1.713369406570453,-3.9805598730750846,-10.257770764182839,-2.3339524455598393,17.524526754074277,0.5489923255864504,-14.375486131171378,18.825939931708668,-1.793140567032936,-2.8843563382028092,-3.3242081492662057,14.977406741346533,-3.91541445372815,-1.4111809621830673,-6.713094387867569,8.18153689994714,6.679578589506385,1.1943706450630032,1.1102323739919484,10.31087260740511,7.615027533791463,-6.642065823527698,1.6972828244250504,23.91780406002728,9.901337187561499,-10.092122715590524,-10.912876043545229,10.289723214670765,-5.21536816346978,8.971970104394277,-1.1500786370348792,-2.914517945464523,-10.453373322428948,-3.250039317737763,6.3756810386564,8.613654461685627,2.214250493566028,-13.02613358743898,-8.129544348731866,0.5669214652753718,-4.681346873131553,-1.1792181696782644,-3.5244711398505824,-0.5949979084620582,-1.8857482915281332,-6.246461661920987,-7.868555881979433,1.0497642464166068,-5.513613208270085,-4.524113327585699,-1.9202440146974142,4.480437184376829,-7.675661729833383,13.552731239758774,-2.372644321080941,10.689803383246833,-5.0098191428117556,-0.24129348850930876,-2.211470618337741,-5.946619917240669,1.2209157089392964,1.6148895698130161,-0.3393651619887361,-4.124108909004565,-3.6700891160631466,-1.933113047256152,3.192835839682173,-2.2612353595447776,6.311725878141838,2.90790482006531,-3.2574534554808965,6.260618043078048,-3.2634008657029034,Actual adjusted month-end return from Yahoo/yfinance daily history,Market Table annual returns from the same adjusted daily history,"Oct 02, 2026 05:05:21 AM EDT"
UNP,Union Pacific Corporation Common Stock,Industrials,Stock,-7.928384136206601,10.285103995953238,0.8749754436313983,9.654332611842209,-2.8405426200528994,3.6346762836276802,6.6475487368077735,3.262343898438247,2.093567550483888,-9.586797571559503,15.597662297016912,2.319120324411328,2.797094603607797,1.8535852136517095,-1.871432257547978,5.702407577763591,-0.9363333430937093,-1.2601824390899963,-5.4632207932654335,2.8679833766603213,10.13292807806867,-0.15518295202711085,9.864472103744436,6.007923197174048,-0.4474341801641746,-1.9185698115259497,3.2091877853002826,-0.5950893730926166,7.3764318417051555,-0.7564768730325744,5.794698878505944,1.022910569691704,8.106478940336693,-10.20080090760147,5.7268169693617255,-10.11186883303753,15.07633430459161,5.973375124955838,-0.2981518576493869,5.88515938975589,-5.302195375634766,1.3970463460680094,6.410062751410273,-9.442701652273088,0.012358174839288694,2.148420144916563,6.9465716818429835,2.7274361545152948,-0.7578115426791099,-10.405331893212233,-11.745196564062677,13.294086767127244,6.89850711073432,-0.46507326551666894,2.5314899797602486,11.568990727370142,2.3019959253907762,-9.99642818936608,15.717415765931907,2.0286131791351636,-5.16279034939272,4.780720327737997,7.015927337535155,0.7622185933674253,1.6747357912658467,-2.1359314496837034,-0.5319891504615315,-0.39636773266658043,-9.606154585319649,23.15697689717675,-2.3860778941012795,7.423490360612783,-2.929370452672375,1.0650837973100291,11.083541702902245,-14.245441140852733,-5.638842285573853,-2.9575024715160714,6.573521075234745,-0.6718519944420076,-13.2243665957387,1.1908583442997278,10.292158276432417,-4.178008372597675,-1.390835620185249,2.198067300601103,-2.9043035500379455,-2.7625951208709143,-0.9581509512044617,6.285072158356186,13.390684398458896,-4.3785870601987575,-7.680110409204044,1.9545247242162,8.506328259157513,9.645437143287406,-0.6880419546405281,4.5376741516711006,-3.0588508423228467,-3.56605458033884,-1.2701103180406514,-2.8176165571855982,9.04710174098522,4.345852837783815,-3.752587606458968,-5.846313661788017,5.425092432317102,-6.255293114853111,8.660767035506623,0.10342939487724134,-4.2360958150219785,-8.711470071883031,3.4048883721209178,3.7986093217778905,-3.5248689017813084,1.34984741503259,5.725261938483106,-6.769045760395109,5.200356417944518,0.363692303515184,Actual adjusted month-end return from Yahoo/yfinance daily history,Market Table annual returns from the same adjusted daily history,"Oct 02, 2026 05:05:21 AM EDT"
BBVA,Banco Bilbao Vizcaya Argentaria S.A. Common Stock,Finance,Stock,-10.621763736979284,-2.1638276736247186,5.243457059768031,5.67484605260109,-4.063864739493006,-13.161889691952645,3.4666024466114775,6.506862896868926,-2.6971806404572973,20.97314257245064,-14.563097847215523,9.9025810390994,1.8179213844580655,-3.9647418764664932,18.528480702481808,5.124822584137223,2.7500130865828254,1.7031422224672133,8.612452808187165,-2.6431697707435475,0.9049824122998595,-0.7717071331964642,-2.0594808501184225,-0.7009496490236189,10.470591925752482,-11.395121570888534,-5.048069524005072,4.492514160787997,-14.640181552977982,1.744151430586216,4.28573574808746,-15.068501706938841,1.6129032258064502,-13.174605509282223,3.473486488837496,-6.53708089442625,12.854422305500734,3.5175806351672723,-7.281548141233774,9.496986077449643,-10.837444140012597,2.3941235674644457,-8.093535062938217,-7.0450065725968125,9.473703984367754,2.794027832173418,0.0,6.6921630376204355,-8.243754538916203,-7.031218400987038,-35.714292002753844,10.67275678313484,-2.812504930352233,9.324765051664553,-9.705899308616084,-5.863182029096858,-5.190326609713103,5.47446945455341,58.477489883969504,7.860262889668146,-7.28745014993012,21.615748163337976,-6.283679197263292,8.709010201540156,11.250009740142296,-0.3210303580624352,2.5764827945895963,2.6687702605185937,0.7645382820339996,7.213446235220178,-23.959834128749147,10.754729698276865,8.68824076548933,-7.83700123422576,-3.2312891906796537,-4.369724367149885,5.394988295790326,-17.367455343809148,0.44247769613599,-2.2026355308508605,0.22520096285780777,18.69780350756298,13.78640963678739,2.559725831492865,17.470874337056696,9.915013349169355,-9.149486381609373,9.27497386721341,-11.171652974881374,17.791392295161824,3.3854278237977597,0.0,1.385394292947817,-0.6628900717256969,18.64622589326941,-1.9375700732259582,2.4149437616716396,6.645214014816481,18.994988949920312,-6.164248260225613,1.8674189349573211,-8.065993344795054,5.0847459443127185,1.043643099305358,1.7840354457974605,-5.486730980338194,-4.833840755862894,2.8571501002684796,16.666664880670634,16.666652888982814,2.947849964626781,4.613675687560348,9.781024992662335,2.1941478292982985,8.848415439568068,8.368197430401114,6.177610485914853,4.571418939145877,9.020349204273836,8.167053974152672,Actual adjusted month-end return from Yahoo/yfinance daily history,Market Table annual returns from the same adjusted daily history,"Oct 02, 2026 05:05:21 AM EDT"
NEE,NextEra Energy Inc. Common Stock,Utilities,Stock,7.527171042109915,1.7560614954597487,4.892720811895845,-0.6422394517917152,2.9119972283207396,8.558119950307663,-1.618083039663698,-5.065880779677512,1.141097665604085,4.643534102750668,-10.07362495453088,4.578460200615653,3.5660383087526393,6.696240039651724,-2.0076391342314537,4.043001351123787,6.648027631065068,-0.9262012974760703,4.253200051620776,3.7013576146733174,-2.631124239485161,5.813749420093317,2.560636601604771,-1.170591357445061,1.427777329168456,-3.2707066552790875,7.348005874313035,0.3551041582584791,1.1591687467280787,1.426169164135338,0.3052846980284851,2.19307979104697,-1.4697268481864367,2.923618488987656,5.999985522339402,-4.34207565078133,2.968574453466899,5.584361317176989,2.9831744374940294,0.5793613292467636,2.5834930692979263,3.3550098796127914,1.1276051622935324,6.342288906520999,6.349284987924775,2.2962307905812995,-1.371636984746516,3.5668326160394725,10.753225684680178,-5.264708700376996,-4.802987745647891,-3.9481246228607048,10.574590573091424,-5.504393089177794,16.875547996892102,-0.0434756420720106,-0.5767284445312826,5.505093356013369,0.9904845689436614,4.837626788705651,4.821771976484057,-8.66138161176866,2.8987358441822098,2.5129184035250773,-5.534779280231394,0.6109539979365142,6.304603226547978,8.311020136513658,-6.512661314638846,8.67290337021609,2.149730253350768,7.582417208352288,-16.323919201296754,0.7469489002517093,8.227937113091821,-16.161040536857552,7.182661898380505,2.338475613424329,9.075643282173473,1.162885052319207,-7.8179974708021955,-1.1605932594737634,9.845382883417098,-1.2986984291663561,-10.729680551708643,-4.208994230738106,8.517515135137256,-0.5838095886621097,-3.521519483822688,1.0073317130572468,-1.2129236514792363,-8.23630384771249,-14.236527691886447,1.7629611965538805,1.1768774707091367,3.811306286870586,-3.4738123299726364,-5.005699687933529,15.799983897916348,4.787979235503936,19.486312070650303,-10.93642138685792,7.880249607859646,6.075991235578115,4.993174644659337,-6.246302632348644,-0.06659171822053223,-8.872502193953235,-0.18133546601454276,-1.1344647086941606,1.0260699022904163,-5.65664552512859,5.622020649873116,-0.9318905308269065,2.362436361763698,2.1772521995577554,4.774454932435668,7.828849199351895,6.725208252118864,-6.964890509155197,Actual adjusted month-end return from Yahoo/yfinance daily history,Market Table annual returns from the same adjusted daily history,"Oct 02, 2026 05:05:21 AM EDT"
DHR,Danaher Corporation Common Stock,Industrials,Stock,-6.707574197308097,3.023617155855862,6.4414619771334,1.992406706181038,1.6640972294692968,2.8513462215610685,65.43804719901836,-0.03684237557231018,-3.5543093158523,0.20409413151372124,-0.4837910620431596,-0.26396479078887314,7.810910954978412,1.9423218909610185,0.13982039644040434,-2.5721921046430785,1.9320710818560016,-0.48284493058001754,-3.43640214707972,2.368354448302834,2.9978176235221143,7.565828195486279,2.2651215119536827,-1.4846449633287961,9.114402793538012,-3.4557514436968417,0.29797182855246795,2.4614489758836955,-1.0367199482538725,-0.44202437694497165,3.952160583191633,0.9358703046371986,5.09935378323958,-8.521992723840343,10.201213623200257,-5.709941192545321,7.563972977819722,14.5149631878426,4.072762498343607,0.3181253213962787,-0.32466448149833793,8.395302113254633,-1.6932654643643685,1.13168023169532,1.767037802107252,-4.576621926486624,5.920773750894903,5.254397058422033,4.814955445878755,-10.126204761408653,-4.134102536727669,18.098392994438495,1.927095536972434,6.245616516921637,15.25191952531728,1.3101152768864477,4.383425970474564,6.599192141817922,-2.1390694981702096,-1.0277254098635336,7.06763019744423,-7.639613160669501,2.5609309118379775,12.822113033848815,0.8663546966244162,4.85278959619766,10.854823596459017,8.964976405331072,-6.018454726769928,2.4076954760625213,3.1657814434886022,2.357858707434235,-13.136398354583568,-3.9819334460306277,6.988326457938876,-14.386553522858348,5.053183871864486,-3.8064004043638078,14.969228469306683,-7.396983304433968,-4.215195783048998,-2.5630129769204535,8.638299270598626,-2.828685592270852,-0.3918265578721658,-6.373411990951816,1.9332202747818439,-6.003007798302651,-3.077129347686558,4.640866132285026,6.274984808973061,3.8971272122209744,-6.377357484076063,-12.589152150859817,16.295151852171742,3.7027929709937846,3.704510389195148,5.514570851262168,-1.2437193844120342,-1.2413866028839982,4.127806309094817,-2.6019329572401606,10.89854471577909,-2.8042360084856055,3.3349297268787437,-11.639452647673698,-2.4301815403022453,-4.118530558332944,-2.966666653208494,-6.725348200850734,-1.177938925463351,-2.7658503735361273,-4.730858720549158,4.188666645929273,-0.19236946911467268,4.392381269847201,-3.502953093975969,8.635130211868702,5.292971335730612,1.0833893093965985,Actual adjusted month-end return from Yahoo/yfinance daily history,Market Table annual returns from the same adjusted daily history,"Oct 02, 2026 05:05:21 AM EDT"
COP,ConocoPhillips Common Stock,Energy,Stock,-16.299037925389936,-12.759546868454397,19.036344010314068,18.67395352304908,-7.843726423870335,-0.4338706862155428,-5.815916649809461,0.5634256841777097,5.895288125810683,0.5321448090461312,11.668572151601285,3.3388053065538603,-2.7523037886815094,-1.9186857297874726,4.834987978705785,-3.930200535515771,-6.198878651850526,-1.6334691107594557,3.8377251751716024,-3.769012649440584,14.635830892073475,2.7444309047309545,-0.5278431768467762,7.8812567903343345,7.141551275607427,-7.154726871234973,9.169569881816075,10.47396125692317,3.3101041686888433,3.309089925998232,4.088424203819829,1.745870573463404,5.406506228501118,-9.30990871376991,-5.321870338631296,-5.787277296586413,8.564590535946891,0.6914617685997992,-1.6359731438047476,-5.4240191744934,-6.1253703216446524,3.459979216524167,-2.6553277760904437,-11.679090561615691,9.19893691106437,-2.3911908690821826,8.58694301240035,8.491824185480468,-8.611408020771826,-17.949326287016188,-36.389917563532,36.688319311656905,1.1919030298477296,-0.379320202246769,-10.110798635345786,1.337273203946876,-13.328086779276148,-11.778571141824068,38.225056107819654,1.0869433114661708,0.1000574641736085,31.120804967647352,1.845797841781649,-3.454799637792838,9.843053314262562,9.257244959714761,-7.243616845694179,-0.9454278483308265,22.042136259986545,10.576211745088337,-5.853129318180461,3.208750108381464,22.776357706165975,7.5797090757317775,5.733562667125858,-4.480025728173609,18.15801742156651,-19.4491792026086,8.484554846059854,12.84225192968307,-5.1515689110068985,23.206954157333314,-1.6718032659513993,-3.865124452875779,3.279665544606347,-14.818955257188149,-3.411297889286613,3.7092944771939695,-2.9915747234261048,4.967318478729199,13.618354098221674,1.5528910706387178,1.152068446382204,-0.8347240762949237,-2.2283389688570243,0.4326238325442766,-3.6185205191301306,1.316571185923765,13.097548686686157,-1.3042133146456747,-6.68602473118709,-1.8028864644530018,-2.780210051126386,3.0693547597857362,-7.47869200243132,4.046342996882313,-0.4043453216730164,-8.46408469356671,-0.34285073725598414,1.1379135519723027,5.920314083803735,-15.139969215763971,-3.4151975663148093,5.143537989788549,6.2402428094766815,4.66379894726372,-4.425589073299696,-6.0577192598128775,0.7347829779749349,5.547406404084243,Actual adjusted month-end return from Yahoo/yfinance daily history,Market Table annual returns from the same adjusted daily history,"Oct 02, 2026 05:05:21 AM EDT"
UBS,UBS Group AG Registered Ordinary Shares,Finance,Stock,-14.093959111492161,-8.533647651576636,5.256232647520442,7.802755696035457,-5.6684887369846,-15.789466568512733,6.3271533088123055,4.862119574634027,-5.743941105358086,3.3039627177171793,12.651026902526286,-1.1356312774348343,2.8078921899525877,-4.593412840080557,3.77358059539763,6.645769425693859,-3.2572881497432093,6.85965690612389,2.650172379787663,-5.679851890467069,4.31872732227816,-0.8163245581677248,0.9994191672446862,7.043054646985514,10.494848700331483,-6.643702079907587,-6.905637756230054,-4.869777530837894,-9.404752926470184,0.7884437921106935,7.040410198009206,-4.628510266272745,0.44701371551976177,-11.633827154718524,-2.6618718229394878,-8.499621986168016,4.68498292816073,-2.2376624326664096,-4.419898373318986,10.982663874437627,-10.31998681499301,3.674549104543412,-5.738416010188907,-5.102924029849776,6.698089806805774,4.0671785148023165,3.2285720731899836,3.5390960941247274,-1.6693201149046155,-11.075175035546202,-15.8181841604354,16.198701631717817,3.147998272219299,7.850461754631111,1.213160835757554,4.0239816323114574,-8.23046500111354,4.843048376222625,24.077061177414993,-0.07071990808549256,1.8400663930703498,7.852676949974846,0.06442444967718064,0.7601860432938423,7.063447935913381,-6.291998523657383,7.431547735103261,1.092235288715404,-4.321731047582245,13.864484975316627,-4.793376638408164,3.4143447030067,4.47677657693295,-2.8387814844357373,7.717759846327343,-11.410489512994248,12.05463923426333,-14.04346039161033,0.12329988777146639,-2.4014753396675803,-8.45425381367001,9.303923575531448,16.267346526455427,1.24728442349471,14.94374892732182,1.4911593196342166,-2.0201937313387375,-2.616592327068712,-6.617271477544307,7.191962626454207,9.37344818546566,20.478131613376238,-7.712467115772659,-4.8275899192504195,20.41773150417241,9.380526712944338,-3.2038754045546347,-4.881310046894827,7.978905627782096,-10.305343949356239,18.73369811679366,-7.340017906192243,2.166551769417646,1.9217998964825789,0.4876511898976643,-0.7441036321514827,5.410693691139179,-6.246134674620507,16.8205828351772,-3.1902918119132706,-10.67366597218794,1.9085118686148705,5.491233892904401,6.052055101286413,10.378488240782557,8.545401504171135,1.1845931046684077,-6.439024464734899,0.6256480188220781,19.97410254039622,Actual adjusted month-end return from Yahoo/yfinance daily history,Market Table annual returns from the same adjusted daily history,"Oct 02, 2026 05:05:21 AM EDT"
BA,Boeing Company (The) Common Stock,Industrials,Stock,-16.916782602177694,-0.7129111904650931,7.412452635703715,6.19190057059662,-5.653580945179881,2.9488603082063802,2.9183103574990543,-2.347177172749626,1.7690047925186025,8.114483391524207,6.519819931222504,3.4006528487418475,4.971724690788859,11.235040188913882,-1.8698169222664096,4.50640917883498,2.292014670292297,5.393602059183578,22.609364648733553,-0.5652906756458798,6.071106068426069,1.4830344128143436,7.871907275129941,6.542652795327242,20.162067845591313,2.7169433558142053,-9.477927404434494,1.7323240687180164,6.102886407248809,-4.727974982694905,6.196540224168046,-3.3163568601207394,8.492067297979089,-4.5818750268302395,-1.8313408769712436,-6.996201623869647,19.572090827349943,14.664763371842016,-13.30574462625016,-0.9779331522148826,-9.03317870341711,6.5571773964841595,-6.2718051090053795,7.380839151592133,4.498882931207504,-10.660493981461494,8.357199951708072,-11.038279787974837,-2.299250709380596,-13.046526280293547,-45.78895447976462,-5.444545494447073,3.425047287420857,25.67706231130522,-13.802510982290562,8.746840078619456,-3.817956313436932,-12.628582724734516,45.931163934178485,1.5898584490463552,-9.282441999350466,9.176575437145162,20.14527985495045,-8.012721248546573,5.424440632623373,-3.0200010464087157,-5.46001083835187,-3.0819480127225796,0.20045669312358516,-5.869784267893108,-4.434136468100702,1.7538544926238853,-0.5364602581776068,2.5469390255788094,-6.740039244530161,-22.27676431441743,-11.717282229579373,4.048712002536159,16.52281753671452,0.5900461087261721,-24.443056579685063,17.69903563900086,25.521024333652576,6.490384779426561,11.816890050771578,-5.37558542170995,5.398158997412406,-2.65969688428489,-0.5222951143390886,2.6543542998889835,13.11327995888596,-6.204733910618321,-14.44003315617799,-2.5354682477388035,23.98565239365813,12.53291808804471,-19.036296201506396,-3.468533120878692,-5.2670310540174015,-13.03176767677966,5.821022691630806,2.477334542741927,4.719527419334701,-8.84575029929161,-12.489934108978174,-1.7955773796972774,4.105555544200512,13.87030186564806,-0.27118402685822884,-1.0706998322587813,-2.3363693048011003,7.440634543732694,13.141236143410296,1.0659807915316177,5.8750525606408255,5.787953727845219,-8.032210428252606,-6.861880847402569,-5.979506525215827,14.87830429480821,Actual adjusted month-end return from Yahoo/yfinance daily history,Market Table annual returns from the same adjusted daily history,"Oct 02, 2026 05:05:21 AM EDT"
TJX,TJX Companies Inc. (The) Common Stock,Consumer Discretionary,Stock,0.46537351544042593,4.336696068132961,5.735517011703495,-3.2290795951898543,0.7323418502375167,1.4582793180626608,5.813778937502412,-4.934404491453037,-3.434908772239542,-1.3773811816145343,6.601676850525018,-4.097498320807191,-0.27955645245759664,5.074400838698034,0.8030704229106567,-0.5564246112911508,-3.9787818981766865,-4.042010451378331,-2.577289462215804,3.2877648405571724,1.9778706126243328,-5.330258864956083,8.736106313535984,1.2045054601530492,5.048373496849035,3.3665167828986986,-1.3546514807963872,4.033860310885351,6.933935952196424,5.380843315365325,2.1853603199292637,13.506328769933273,1.8641497572434051,-1.9103867856378187,-10.7610501735374,-8.413481110127552,11.153289089486208,3.54279441529759,3.743423121507261,3.1384964817812833,-7.96109518662369,5.1501021830109295,3.177025547007961,1.1861358076932227,1.400776684063887,3.426625461350463,6.455687551578504,-0.11452178746030883,-3.308213978571284,1.6616265006482722,-20.05016213631654,2.5935954860025534,7.563705163861578,-4.169816747795996,2.8283042000336156,5.385685046262689,1.569607209976831,-8.715174647566625,25.01966848552375,7.526375086414294,-6.223467338950361,3.4347178741839457,0.24246476655496174,7.331794204312514,-4.528511813559666,-0.17766599232200697,2.0617121784454406,6.068393260981475,-9.268427912822585,-0.7426500092233779,6.366070749286723,9.394833140241321,-5.2028581155031395,-7.815906748998969,-8.350990483612964,1.1554863512462488,4.284343198873608,-12.14409082617145,9.507608643247622,2.4276382595551427,-0.3688898974958943,16.0657006706344,11.486370617170616,-0.562149214508223,2.8392106877918932,-6.0786845483537855,2.29765607300616,0.5870215364718989,-2.1609142968924355,10.418036401165276,2.0521248078674725,7.288852486172592,-3.89272227051477,-0.9113468619536658,0.41381039733976444,6.469184781516679,1.1725944559086487,4.813140692009821,2.299768179935202,-7.227367993000278,9.992403741236977,6.78952905179413,2.6521380392083183,4.11834053313227,0.23023599339360157,-3.83699449646292,11.545892199088904,-3.8825640753693214,3.294433593970547,0.2782185764999223,-2.372556502597112,5.648592527628149,-1.0629087605353194,-2.687150567193597,0.8421795666908816,10.049250517215036,5.804829913345011,-3.044132451316184,8.718870250393596,1.1124297400924466,Actual adjusted month-end return from Yahoo/yfinance daily history,Market Table annual returns from the same adjusted daily history,"Oct 02, 2026 05:05:21 AM EDT"
BUD,Anheuser-Busch Inbev SA Sponsored ADR (Belgium),Consumer Staples,Stock,0.6719942804350731,-11.395426493034266,11.802707480469387,1.4022729116672572,1.642787661624201,4.325758878565478,-1.7010914377928565,-4.179540070310061,5.950168381514098,-12.11475210609989,-9.106304263392595,2.1012942744303986,-1.1191211689828728,5.016322781443439,0.24658768642902285,3.170537483619418,5.246591737005923,-5.634893866390856,9.33310623717798,-1.8979047108747427,0.7856746218348531,2.917020313387253,-5.261292834805431,-2.559180745617806,1.7210694212702604,-6.432860111135397,3.5411588606301114,-8.968532670096273,-4.11057776253223,7.661082950664122,0.9527522932244237,-8.346428866210609,-6.071018985395204,-15.519018434408483,5.151494050728678,-14.387934073398833,16.152568792070987,2.2501206941632157,7.433469622682609,5.918794206044353,-7.299998964604426,8.734642708070917,14.088783728940202,-6.417108287170481,0.6878375693846195,-15.112978042470093,-0.6522792042241599,3.39004868689734,-8.215501369092948,-22.483406523211414,-24.41322742848635,5.439704750260388,0.7738600126695028,6.172141707353229,10.405696760704508,6.8344606900387905,-7.343075171018853,-3.65627541795438,28.45308827908064,4.844047279579233,-10.327576254870197,-7.911946006900061,8.86886868872545,12.903732379510014,7.674367504238644,-4.962380747904338,-12.539923341280057,-2.7469063012087958,-7.951006423937135,8.584600917205654,-8.984000574329798,8.668346013302951,4.1618566036400795,-1.966068456870762,-2.862698757013815,-4.345652210316963,-0.3465591278705493,-4.850097774352524,-0.7599598138516073,-9.675009039353954,-6.617040523346884,10.938889463714862,17.544899392338074,1.9528023266191408,0.41638684767331124,0.6800570592715216,9.934101298782561,-2.6375123602388917,-16.730560630503266,6.217230841495791,1.0225577281925302,-0.7155320001520526,-2.7948687325685118,2.83906227527686,10.65588908966404,2.6855263396892814,-4.456827992618939,-2.2189881062082195,0.6791449889977041,-1.842709375643392,7.277689479898508,-7.800855802419204,2.32158360026804,3.26050212132476,7.893888151311934,-10.43898765848137,-9.381843810029745,-6.933078575847085,-1.7775128868209422,21.675479956655774,2.8743290034713986,6.903832211541294,8.96954601892428,-2.5109892783482968,-16.07975124325418,8.670025804407434,-4.882715375977575,2.16406225798087,1.0344784403349738,4.079319717627428,Actual adjusted month-end return from Yahoo/yfinance daily history,Market Table annual returns from the same adjusted daily history,"Oct 02, 2026 05:05:21 AM EDT"
ISRG,Intuitive Surgical Inc. Common Stock,Health Care,Stock,-0.972242817997393,4.106498166300376,6.74706107707348,4.210968849336116,1.3330915742539196,4.20664643364288,5.193449122816851,-1.342410971011887,5.595697627100749,-7.277572725235126,-4.2167584094360056,-1.486622657382397,9.227806669070372,6.396799612689463,3.9986434791034364,9.054499124212722,9.428501321628534,2.261993531563311,0.30897102423061984,7.077989947895258,4.10184363711692,7.668189518315427,6.505747747417057,-8.714788762633074,18.285196273667758,-1.2092608941169036,-3.193804770360309,6.7703405334577305,4.285581057029275,4.092068987906772,6.2092474041035794,10.195008278100959,2.4999944823130393,-9.202086796300978,1.8592400005937426,-9.785822786381893,9.337673543157932,4.577575663798439,4.1945884728752825,-10.506847040116297,-8.965401071441093,12.842858694550753,-0.9608280674441083,-1.5726324799413938,5.5911909276602945,2.411421632866473,7.224884197256198,-0.29515681552131356,-5.306604860247532,-4.612530268229809,-7.257092310760116,3.1643105379279834,13.535469874405305,-1.758534423901481,20.28850768380719,6.623481959827471,-2.9144509175223043,-5.984159624901409,8.840017059430426,12.678197145617576,-8.61264320711419,-1.4498931421474293,0.29044507823918764,17.059573145019225,-2.6381580987598907,9.197561738960669,7.809578592006838,6.26349395399759,-5.638979516731646,8.976514741219743,-10.187469345522903,10.77880984454891,-20.907319139813662,2.1641192395626785,3.909346822048132,-20.677536176906465,-4.872546390894716,-11.830079400802285,14.677888729821209,-10.61389098063492,-8.894722738969618,31.492743283413937,9.70504049550236,-1.8639773186428177,-7.409083553757223,-6.634377829698279,11.369284581039851,17.908169171094237,2.1977276045281657,11.077185066649653,-5.129557355000447,-3.6128241187461163,-6.52103895627304,-10.287730146477902,18.541680608210132,8.531717065407495,12.111696005251016,1.9512465916645239,3.4984413954479043,-7.1337296053391785,8.499271602990532,10.626184100563218,-0.0539554341148607,10.800481571118903,-0.27607247947963875,2.558676004096183,7.573833744734726,-3.6974129201741257,9.56394758385757,0.22207797447126865,-13.588071548982006,4.145213567287276,7.084148880818963,-1.616767439755773,-11.468316719697992,-1.619241431794527,-5.508129617371593,19.464261380528857,7.336967324693577,-1.2415420519767406,Actual adjusted month-end return from Yahoo/yfinance daily history,Market Table annual returns from the same adjusted daily history,"Oct 02, 2026 05:05:21 AM EDT"
UBER,Uber Technologies Inc. Common Stock,Consumer Discretionary,Stock,,,,,,,,,,,,,,,,,,,,,,,,,,,,,,,,,,,,,,,,,,14.77357397487209,-9.141874904745661,-22.710013842987998,-6.447652444416329,3.3803764681874293,-6.0317448207310225,0.47297090487903315,22.024213835973793,-6.668509017885238,-17.567165760934145,8.416906787421684,19.986782773598666,-14.427312266373427,-2.638351662925098,11.136816965443641,8.47457146477224,-8.415569444483662,48.638132517856626,2.6983490872034777,-0.13725430357689472,1.610052405086848,5.33333008991923,0.47698063517964684,-7.193716621834511,-1.3968185591056614,-13.288108518245057,-9.940174380647104,14.460909391094766,-2.1874990154589713,-13.281605968408183,10.342106066252054,-10.80371749660517,-3.6631087986294886,-0.9714085095173686,-11.771302486032198,-26.302410736022097,-11.810351673969677,14.613889600493412,22.643920226793092,-7.858137033713453,0.26414979178950304,9.672562003547359,-15.133836444000403,25.070767803090654,7.533132859256786,-4.690311597471652,-2.050477950268137,22.1578139683283,13.814916481966133,14.570306190219174,-4.5086930519907975,-2.625445428303763,-5.892591433495831,30.268028323246597,9.20538937280031,6.009415245381633,21.801752855529276,-3.1572353914848694,-13.92388819086825,-2.58035185014841,12.577452065750826,-11.296091152999066,13.432597904052578,2.775887440084013,-4.13783988666756,-0.12491875568763078,-16.175652498250358,10.82559484803376,13.702324414645094,-4.144193444743305,11.185837850131719,3.8884106194463586,10.860264961898359,-5.948556130999238,6.8376068376068355,4.501334635416665,-1.5004605515841152,-9.28497314453125,-6.6598146790978525,Actual adjusted month-end return from Yahoo/yfinance daily history,Market Table annual returns from the same adjusted daily history,"Oct 02, 2026 05:05:21 AM EDT"
SONY,Sony Group Corporation American Depositary Shares,Consumer Staples,Stock,-2.966280936540755,-11.5577914189943,22.2121472960197,-6.298597035366537,15.601663612041317,5.3481748689765185,13.833051147056729,-3.741417385400858,3.537243346387431,-5.660954459969947,-7.21352864889978,-3.577569476202125,7.991436094816207,2.279492356168933,9.253021135406957,2.342126107133091,6.083437453924323,4.287265754594571,7.541261704139668,-3.506208639730002,-5.490984409695332,16.25605334956637,7.809269106401162,-3.9530000423871225,6.6518071577982285,5.256595264115438,-3.924395676476644,-5.192369950084608,2.749280802118448,8.855375215326777,5.384318706598701,5.201785830563765,6.959294518748882,-10.750219200442357,-2.4200963733086223,-8.595235002795299,3.8111098137120214,-4.249819700981849,-11.603598399818015,19.24716931161128,-4.705193397074259,9.145833002471093,8.532167293870497,0.08792724151349685,4.223680010298447,2.875035437211104,4.3563940861011785,7.120366866470174,3.205864411251902,-11.37074330073058,-4.495379340870109,8.567072352689564,0.7937707892349488,6.747990056026709,12.773052209026691,0.8722256130686334,-2.1005076713962234,9.003250626454061,11.510876077924316,8.371752406719125,-5.331343497165186,10.552705099687444,0.44912704942063897,-5.518330741286148,-0.5491140695485286,-2.399372015776946,7.282455800917176,-0.8053791928867349,7.126986741340247,4.711526952063161,5.233591245856473,3.7341140214631086,-11.661384887266092,-8.176614760013445,0.430860781641762,-16.22042689805989,9.32016439241481,-13.075373439666127,4.427049342515832,-7.07343154133544,-18.969580246701657,5.339567759436403,23.12141136263215,-8.173847058848239,17.27846464018117,-6.572774174620921,8.813111919392247,-1.081074629486889,4.494264123421132,-3.906082546809697,3.9537835650603093,-11.121780508703205,-0.6101206097466894,0.7766062412409847,3.4918535204605305,10.168701854381723,3.23159749874522,-12.214820128734239,0.2501863746550148,-3.697215710911461,-0.278552373762031,3.169777719762812,4.284877360617756,10.125283880566771,-0.6718181446180527,-8.874377763336849,13.920444264526498,5.536159477292268,4.017018196359712,13.766473770233102,1.6814440159660382,2.4025231390917723,1.4615352337177034,-1.326756956996522,-6.5693467027013615,13.157898039038528,4.6148271680184205,-3.1260906469562033,5.234854871897832,-12.776831179762372,Actual adjusted month-end return from Yahoo/yfinance daily history,Market Table annual returns from the same adjusted daily history,"Oct 02, 2026 05:05:21 AM EDT"
NOW,ServiceNow Inc. Common Stock,Technology,Stock,-28.130775232761096,-11.605852748612389,11.256591196210897,16.835562730195907,0.2098537187896099,-7.301413269959189,12.831329121128054,-3.0032021027678213,8.917018656950493,11.067598339606622,-5.414637310870695,-10.595304985979325,21.89938466583041,-4.082982502150035,0.6327582724276137,8.014178968923979,10.764185047541396,1.2900165018005394,4.1981101774499985,5.196924894672739,1.153281861679889,7.521482217418907,-2.6667713140020033,6.00812483984281,14.172870535653548,8.154764165958417,2.7575942411598886,0.41704589798998715,6.90381206818742,-2.8939809033171504,2.0235457530886514,11.593537908281636,-0.3717659167595144,-7.457954578914006,2.3365020633795197,-3.8970157360633917,23.57203275261952,8.826467430432539,2.9443698484699743,10.150508679175196,-3.5284089300533172,4.825716415358516,1.0270589667126462,-5.605826768134303,-3.0514810033277384,-2.5960228118443562,14.470601984256625,-0.2543827775804086,19.803773877579857,-3.5892754489174283,-12.116287138870696,22.667311634187335,10.351595859543949,4.4157484174016215,8.428375071397266,9.749548437798028,0.618232309382849,2.591752514396739,7.432123849589756,2.9707181407313987,-1.320780817110201,-1.7858479764954693,-6.251638440557839,1.251723482473488,-6.416257840593764,15.968180266742227,6.976616333442642,9.483061132746196,-3.320174749221161,12.131389335804244,-7.1743927187480905,0.21770337661684014,-9.756441426114081,-1.0003730820609236,-3.971239793043857,-14.148212248939739,-2.223383590897865,1.722028070465198,-6.069140909316628,-2.695559387011137,-13.11720578308152,11.421836138044728,-1.0552840953857445,-6.733128349486006,17.219978061093897,-5.044715597068472,7.531760972231005,-1.140469052127524,18.57994656003028,3.1553983903599425,3.7421938776133645,1.0000003271610103,-5.072770648799141,4.095107822729593,17.855110215802974,3.0259349802534086,8.338403469679513,0.7760671059765079,-1.1590281725971652,-9.059546004980124,-5.250024346321891,19.749438854572322,3.5237179252802786,4.986550498094822,4.607021041780879,4.315791188718809,12.48137299821317,1.0176863765174238,-3.9372934764186684,-8.702055946497289,-14.371450492551219,19.955034735432097,5.872191643272107,1.6803622606018864,-8.2639505760561,-2.7207506563437844,0.30736781321296647,-0.10866092303835062,-11.625406759808776,-5.7187826926435985,Actual adjusted month-end return from Yahoo/yfinance daily history,Market Table annual returns from the same adjusted daily history,"Oct 02, 2026 05:05:21 AM EDT"
MFG,Mizuho Financial Group Inc. Sponosred ADR (Japan),Finance,Stock,-18.5643558303921,-10.942253226984189,0.3412906600229082,0.6802861844208197,4.72972154054585,-8.064518969441437,11.92983387501847,8.777430795509368,-3.170037821543803,-0.2976213272872896,7.462689578566328,-0.2777726827832505,2.50696836710369,1.902167098328733,-1.5999983362235626,-0.27099772689085366,-4.891305998714723,4.857142517596658,-2.72479504199179,-4.481790248980255,4.105564715744614,3.380285465074939,-0.8174378042458907,0.0,6.868126727535628,-4.627244512648709,-0.26954381879132905,-1.62161987459567,-3.571427041022057,-3.4188070270552484,1.4749374511798585,2.9069607072681247,-1.12993744535409,-1.714276419208649,-4.651174917243839,-8.536578986580102,5.666666060081571,-1.8927505589453553,-1.6077209122082103,2.614382083411071,-12.101903656284453,4.347821172683486,-1.3888903933163,3.169010700216801,4.778157965600327,1.9544038209275971,-0.31949953820904486,-0.9615291679151095,-2.9126181736773504,-11.666667966491895,-10.282667355197994,1.2987048488130037,6.410262914429632,-0.8032149698122382,1.214567902017305,9.599995877839774,-6.934298091133551,-2.745095475509418,3.225804808901356,-0.3906260406112527,5.490200856247585,10.40891174053289,-2.020199013564239,0.0,7.560140439807483,-8.945686514229001,0.7017385266238296,-3.1358797315927722,2.158279264142937,-8.098595369862927,-6.1302557778923354,4.081622553936848,6.6666646856209155,-2.573527056086411,-3.018866449851676,-7.003889979812994,-2.510466883895368,-3.8626605720004537,8.928584315476584,-6.1475568930969064,-3.493448384867326,-2.2624382156552048,14.35185537078123,14.97975600859438,11.267609015944235,-0.31645653092950976,-10.476194141798834,3.1914889805593205,0.3436435363403101,5.136991426266291,12.052107857192507,-4.651160741617,4.573175356829795,0.2915385984511909,-0.5813895857978313,0.5847894909973173,5.813961940829859,3.2967050505423368,7.717448207152189,-2.763821163815927,5.943150615216397,3.170734202674974,9.219847585709706,-9.956707770520556,2.7091187998241173,1.1961824217404882,20.09455930932509,-3.7401641609648983,12.065446902998067,2.9197025308064672,-0.5006522178463535,-8.348457695805255,10.099004609551576,0.0,6.115110720988937,11.864403355090847,1.5151500920837613,0.44776433824467166,5.497769457807822,3.098595351885347,Actual adjusted month-end return from Yahoo/yfinance daily history,Market Table annual returns from the same adjusted daily history,"Oct 02, 2026 05:05:21 AM EDT"
PBR,Petroleo Brasileiro S.A. Petrobras ADS,Energy,Stock,-19.302320238915694,3.7463615275064255,62.22225309985483,32.02053817149524,-26.9779473332469,27.17579746463452,21.229101772037986,5.29953002060688,2.0787870052518143,25.08038478007315,-6.855198529874196,-6.9917236112622465,1.48370992508855,-1.7544197470815481,-3.8690469984898224,-7.017509764592189,-5.882363918542821,-5.778307358162326,10.262811363467783,1.9296159805499258,11.804045293052035,6.0756857601128145,-8.73238907393976,5.86419726391374,29.834772289523293,5.089826727321367,0.7122552586226849,-0.35360605761887154,-15.678329966548542,-15.43000888046051,16.949112408608148,-7.11352834225295,11.039542120036373,34.63135219994471,-10.068319665965264,-10.463771663027522,25.288305533608057,-3.558317375985953,1.272289721150499,-4.334170019984473,-4.908831304926931,7.900181848322996,-3.339746668638466,-9.96677761004917,6.789694085674336,12.232161824764741,-8.733320190039763,8.214544859920103,-11.480533616644706,-14.245219119153473,-54.54545454545454,25.636352736197242,10.419690658564829,8.387912909352213,5.826763899176335,-5.767007559752679,-12.851921041347447,-6.8819855188652745,44.34383893028786,17.345886945133437,-10.507565858124435,-21.094516019809674,6.9356658758660705,3.4861033603948988,20.400947149144734,19.784534967622736,-12.755539605703126,7.585236090657288,-4.612554166416338,-5.029014947504729,8.655817392858278,15.655731992062671,21.584703561582018,7.041196879907052,3.568913548332975,-0.7285992940414765,12.435453275183894,-15.850140807354363,22.260284099678508,20.804518001622398,-13.645914105874368,3.8897922486867964,2.8816806258072036,-8.89650776536911,8.92019370730086,-4.396537401708622,-5.951325821334164,13.2117657272963,8.662889842616472,26.7624741728836,6.146044512530313,-0.8788258870986443,6.6903977599948705,0.06672168562311676,5.445689515292762,4.584153583637174,6.887919533388498,-3.222040396920889,-7.929777606269983,14.49928809542078,-4.661945700198422,-4.242001635627468,-1.518280059619015,9.61959171531035,-5.384094771527748,-6.662036875115884,6.170996358181013,-3.009815343961686,10.497662281729681,-6.05208313518637,7.415732567118671,-19.442459724675697,2.2143506197730867,11.483253934861581,1.8385252709975042,-0.6791161193565043,2.096776238429676,-8.056875502020656,7.731959864450499,-5.502390427277614,Actual adjusted month-end return from Yahoo/yfinance daily history,Market Table annual returns from the same adjusted daily history,"Oct 02, 2026 05:05:21 AM EDT"
VRTX,Vertex Pharmaceuticals Incorporated Common Stock,Health Care,Stock,-27.87888525834622,-5.796145604661673,-7.018364896395424,6.101394646447278,10.445821164958113,-7.6543261041510995,12.764477778921911,-2.5670081069788964,-7.724053419483901,-13.014560937132158,7.579752114074423,-9.729202771748447,16.560343261661004,5.531617384499343,20.66872120928678,8.184732238249492,4.480131264277709,4.263751381979031,17.808654517416358,5.743634265075559,-5.294630843076165,-3.821361362243403,-1.326678860759134,3.8602866334418673,11.350590175869101,-0.5033836893808985,-1.8370192580752676,-6.025274464877395,0.5484436653212521,10.363640723290391,2.9948200381397783,5.3413257250626955,4.522783011241027,-12.078446672101272,6.685935396778464,-8.341162194966634,15.207287385942369,-1.1314250802343273,-2.543047974441226,-8.13808179888974,-1.6570026763833567,10.350230451982645,-9.139496847726313,8.042257560894118,-5.888237891313719,15.381889883275047,13.43871743739764,-1.262684578019302,3.699477605122037,-1.3301053652804873,6.2134527718578525,5.568396793416253,14.63375595279568,0.8160877112271425,-6.307050295399563,2.617645263671875,-2.5078819584605783,-23.430837737365795,9.306008510678176,3.771677865155043,-3.0718433694381875,-7.215819210394303,1.100915692445703,1.5403218241868633,-4.385880934590358,-3.3552220851127856,-0.02479941008128872,-0.6399486720925052,-9.436314608830198,1.9515923138234692,1.0869030688542392,17.470847991641712,10.678504688742251,-5.361036254141549,13.4553501318875,4.694026111315419,-1.6726474283729975,4.891127841789777,-0.4897281099278228,0.4814400648638584,2.761214689681646,7.757128822351844,1.4102544540014028,-8.72945500947887,11.88448212109321,-10.154749903682148,8.53629062312773,8.14422289193153,-5.036246620142282,8.758536235249338,0.1221882502078886,-1.1352670833781886,-0.1722472612457726,4.13239648034216,-2.01595871096496,14.678283432879645,6.51035643065927,-2.9166123277550415,-0.6488521490978894,-6.028566689386383,15.918637297404725,2.9384646616643195,5.760368648592551,0.034296261461252975,-6.213076925538563,2.343688124358545,-1.6492302034383344,-13.976885051869392,14.646133270646121,3.922633892835492,1.0483750577781947,5.090547482145635,-13.238471483224979,0.7125946162310104,2.6212898899763193,-14.41329192271098,0.15856622479315519,8.66356638921053,1.8892257182068217,4.554784407002788,Actual adjusted month-end return from Yahoo/yfinance daily history,Market Table annual returns from the same adjusted daily history,"Oct 02, 2026 05:05:21 AM EDT"
GLW,Corning Incorporated Common Stock,Industrials,Stock,1.805241536016089,-0.9503432013381996,14.153010616089956,-10.627092595772448,12.651096313122224,-1.9626627535460406,8.496131928274696,2.726947374195232,4.2309634263913765,-3.9746570243087143,6.424048038881414,0.9987764554593603,9.147097365124889,4.817512738252505,-2.209379468647954,6.851863560319682,1.3980500171336452,3.2646445475944974,-3.0283137729349874,-0.7692274581265313,4.033347695354417,4.645726797346006,3.9576911650905933,-1.2349513658571287,-2.406991442793316,-6.289092664018847,-4.126575000361088,-3.084639328736505,1.2366485690849194,1.251376089485512,20.610678389602555,1.5351298745120534,5.341705268488384,-9.49012625584883,1.423000444534006,-6.238367457147209,10.095991876185906,5.263350451817672,-4.912410317270821,-3.776431808598202,-8.825848247689038,15.221893257344533,-7.463124113673658,-8.764463324643812,2.405757230280603,3.8919914680009216,-1.317814284416463,0.24103040537373221,-8.313313954023227,-9.81746301213452,-13.914507643291142,7.156766414164517,4.529562306191659,13.64631801441254,19.691146732921382,5.417149566026769,-0.15402678048841434,-1.3576044824162414,17.767295630143632,-3.7947465044287476,-0.3611359867198294,7.273694877876702,13.781374907163846,1.6088301445360331,-0.7680396291159797,-6.257168296322901,2.347190114999087,-3.9013080786222676,-8.752176541854306,-2.5212383806003547,4.9321687784595,0.37746111562120266,12.919673227155304,-3.2562377203239734,-8.638621736303321,-4.659947962219713,2.576626097362089,-12.03238174028003,16.661357188602132,-5.898201830389837,-15.442894345078695,10.854592367631177,6.955184081540811,-6.416653133390882,8.35943960650225,-1.0998487754593111,3.9175004943064584,-5.838979400004196,-6.42367429608286,13.72930557165013,-3.1392742845444577,-2.4698965403487594,-7.1602659684536825,-12.175907426545551,7.5046373198814464,6.879613765764736,6.6995226950063325,0.09473893122551313,2.2332500678760914,1.2742745610657913,12.47578013834254,4.267332459950546,2.985842600391253,5.303040269557724,7.885314961994561,5.404208090770335,2.8816332741139927,-2.362828971482145,9.595937832996704,-3.152413866533166,-8.713863811759337,-3.058095228799751,12.369304332128127,6.049597560916697,20.251000426038335,6.42535459331206,22.378031369488237,8.5944183832396,-5.155788119034965,3.9905095310949656,Actual adjusted month-end return from Yahoo/yfinance daily history,Market Table annual returns from the same adjusted daily history,"Oct 02, 2026 05:05:21 AM EDT"
FTNT,Fortinet Inc. Common Stock,Technology,Stock,-9.720891937872567,0.9239525192855202,7.852114659527776,6.13777231422401,5.229162721747249,-7.658581807400999,9.813238020239702,4.179878256013159,2.185943397688983,-13.187110160937376,-6.113540040599574,0.06644828792092827,10.424962899473812,12.29705120085618,2.6773800765684364,1.6949167294367573,0.87179279640901,-4.829691318848672,-1.415597593245932,3.4949864273876807,-6.178005935624109,9.960933680122363,6.724178317980822,3.8754187488613256,5.378808326194595,9.62206409586126,6.162073995075357,3.32213474966494,10.513010824531243,2.0431513464609363,0.7688588598680823,33.14259341358336,10.159978403422198,-10.935296398187077,-10.148461251557638,-4.618087911364077,8.717873410604927,13.34726168620004,-3.249217550816208,11.25401523902676,-22.41489896125859,6.001654719641736,4.529481265351909,-1.407046621147745,-3.05632857078334,6.253257056782946,28.87444216016817,1.5697837207036214,8.055457467562244,-11.529125300616972,-0.8720429065592672,6.49402556058416,29.19992444251125,-1.3864930942881104,0.7503437416782832,-4.548081804431803,-10.756761255321745,-6.315256991790196,11.651719547334327,20.530712832665788,-2.544935795366521,16.649394016578324,9.22119742633889,10.741790266316231,7.006804741409178,8.991489632817506,14.295313202673675,15.758150387540514,-7.330073841519025,15.169149178447006,-1.2576569836897145,8.217157604171078,-17.295486737451917,15.906333553581486,-0.8069194259795132,-15.429861152118063,1.775026832299753,-3.821305021000998,5.425944848837405,-18.37385183370862,0.9036813592450788,16.34438958827593,-6.9979006484918616,-8.03235603841248,7.056659451850855,13.565147981318916,11.81022984514215,-5.130905649092621,8.374310321784396,10.624900208236788,2.8178396428163444,-22.529595807013624,-2.5411041397797374,-2.5732824273644095,-8.063664410187865,11.358442256509505,10.182810881213978,7.163905876290233,-1.1575792861995504,-7.5098776705674,-6.109529268291802,1.6014847738145654,-3.7000158043786313,32.167467047628115,1.0950384269463376,1.4313353535405193,20.836509822772253,-0.599684036321213,6.773913705639911,7.067808363338268,-10.87862213462416,7.791398123371884,-1.9082530032468292,3.871096962724363,-5.505107479779792,-21.15115571578726,6.741151979540794,2.7949553079732903,-6.1321335566863695,-2.12004640643092,Actual adjusted month-end return from Yahoo/yfinance daily history,Market Table annual returns from the same adjusted daily history,"Oct 02, 2026 05:05:21 AM EDT"
UL,Unilever PLC American Depositary Shares (each representing One Ordinary Share),Consumer Discretionary,Stock,2.6669776730712913,-2.5472707914963366,5.511423289353123,0.09096816669762475,1.5604144053821711,5.158035902635794,-2.2959805572255965,0.003396406233924232,2.0232482248753847,-11.34476068243233,-4.0556588537072,1.8008918877819857,1.0073991112914404,16.456121244081668,3.917417305229942,4.053533550025512,9.143597999271492,-2.6968899491598197,5.303014976470255,2.8904232804706664,-0.4294678902334481,-2.2601802073261568,0.45447298702352423,-2.018406805652473,2.041913038795262,-7.854729852789733,7.674412741426662,0.737920436303785,-0.3450064287817689,0.0,3.1294849669191382,0.5534480912214867,-3.340952791749918,-3.6201811643201465,3.348522138790866,-3.7575969404026077,0.669846836453325,2.021053508838322,8.435079782737787,5.3360971051401584,0.9584048392245803,1.7402967196480823,-2.98529692623013,5.908340555531555,-4.8749615571633935,0.7737886509226577,-1.031459213848529,-3.899820269284293,4.547850834892309,-9.085327511655606,-6.230319801331541,2.5707380225803433,5.106090050755263,1.5356248112927462,10.204042292827008,-0.7270606480401676,3.5246409253367084,-7.091015784137533,7.4432412458611985,-1.1464129745392015,-3.3465722509364304,-9.911074258869801,7.241626643789467,5.176414263847362,3.0064109246690007,-2.4512157929806766,-1.6581288588117915,-2.359936038408672,-2.6221139679848737,-1.1803931272837076,-4.212782045486286,5.7817038873645865,-4.461792264164166,-1.2473754500618606,-9.349512296214646,1.5141591322777037,5.5637647937610835,-5.172767621128838,6.174995530934013,-5.88309158419632,-3.4148356170037752,3.8093137225782447,11.670882008769578,-0.05954157803308435,1.4895716819447236,-1.4110348584305155,4.00560536024428,6.932423987446712,-9.275230019638892,4.38525397265046,3.069252913565279,-4.184519609497439,-3.175231578928017,-4.149788001099964,1.69406170811095,1.6352144613037245,0.43316153339152397,1.4825069205689267,2.4913365205661453,3.3074418376990877,6.484325353669229,0.4383562813522701,11.656667944983411,6.347093826563022,0.2623620775657809,-6.23461248968773,-0.9658738188882965,-5.247324161157163,1.1993097093020877,-0.5368064527042637,5.2120138226612545,6.717056600127158,1.308192701112576,-4.182329687252018,-4.47931083986739,9.088597811557285,-6.202540309157511,1.5350883157998707,1.5414409673569773,-4.150516427218132,Actual adjusted month-end return from Yahoo/yfinance daily history,Market Table annual returns from the same adjusted daily history,"Oct 02, 2026 05:05:21 AM EDT"
BMY,Bristol-Myers Squibb Company Common Stock,Health Care,Stock,-9.638031319196728,-0.37001606666132725,3.7629789899623622,12.993122236037081,-0.665003031843725,3.124358827962803,1.7131044177720156,-23.28564402684782,-6.046347563044019,-4.92796254094392,10.862301163257392,3.543587076723731,-15.32404581489999,15.358010608020155,-4.108640310233669,3.8188684044656362,-3.7466549332333066,3.280811635091263,2.830450973526677,6.291705264079583,5.390243642775472,-2.6769751471701686,2.481352316806551,-3.0226570391932994,2.824345266543915,5.750815665540543,-4.456189476581363,-17.054249321733096,0.9400020523802066,5.169134685269183,6.930504893217626,3.0638246183608775,2.5268391321437322,-18.065808213682523,5.777591835484608,-2.7684206935309152,-4.272576663402794,4.638473475392679,-7.646160318741114,-1.8242727556287197,-2.282991473829299,-0.0440637228541374,-1.2050575413037112,8.241401177815622,5.491993075204071,14.083997324002695,-0.7495228536549492,12.732721569200244,-1.2394176863454343,-6.179490011998778,-5.62142554182965,9.998767386254425,-1.7924729015497576,-1.540527696684968,0.523049221534877,6.034782043417275,-3.0707406552612393,-2.322833198868135,6.757898750616187,0.1999606282406141,-0.9672499549446267,-0.16280089653845087,3.737839868530113,-1.1246678436990787,5.286768959834598,1.6737728533859686,2.32173208395825,-1.4881506067433214,-10.780484901531729,-1.3013137532607577,-8.167811757977772,16.259571114658034,4.9857940823808455,5.825262761511141,7.133962678646211,3.0672188587120175,0.2391124166521541,2.7632900497295276,-4.181822596817009,-8.633794964369512,5.459130141489088,9.804418001947447,3.6271939315301926,-10.376175144086119,1.7717274041719744,-5.0791581964515835,0.5075302696967654,-2.871737388838247,-3.4895919936727915,-0.7603903193913131,-1.8882002747418247,-0.8682943810328858,-5.855642819248718,-10.315299174837833,-4.1723187484655755,3.908457135871868,-3.650053753543314,3.8469523334994093,6.857136951632858,-18.032218319991745,-6.486108256707713,1.0708103297030203,16.260919233486383,5.02522974154862,3.5835928782522286,8.995534598247335,6.18613212777348,-4.491726280608699,5.37602519840501,1.1365560608706193,2.297892592362394,-16.799261700753444,-3.824709849055108,-4.121784488527947,-5.2037183604877635,8.935579804284233,-4.4086518161802974,3.5547598963657556,6.794009911804522,9.634140124611212,Actual adjusted month-end return from Yahoo/yfinance daily history,Market Table annual returns from the same adjusted daily history,"Oct 02, 2026 05:05:21 AM EDT"
CB,Chubb Limited  Common Stock,Finance,Stock,-3.234930795362023,2.175635319595992,3.7162531066751603,-1.0826785884026413,7.424076057628182,3.826324531469938,-4.169571399762672,1.3332432332759492,-0.4601833512083764,1.0743815777774168,0.7874374172543552,3.758347072569368,-0.4768535050741929,5.080265758493274,-0.8940979034920971,0.7339620330099272,4.327837348418551,2.0298245696452,0.7428470361782624,-3.441175520670514,1.305868773188923,5.801495236511123,0.8552611745553884,-3.462400660219922,6.856899125767901,-9.113030791285148,-3.125632613427687,-0.8042852360572006,-3.6706865928517463,-2.2449957180293967,9.998415918655024,-3.2063689470042678,-0.6655993981588004,-6.532448769595178,7.069110164276604,-2.8496702076705738,2.9958373079518097,0.6388400452905785,5.185369166219989,3.655033639189531,0.599194639011702,1.3437661027839942,3.768085233917917,2.2507448972189703,3.789801211539956,-5.587192974165356,-0.6167266216991818,3.26036073712328,-2.3576904112330266,-4.579288841394669,-22.405265370075924,-3.2948302479186897,12.896969270383885,4.466188888149403,0.4896440171539229,-1.7604442243171925,-6.488948130184347,11.875638533824073,13.794160383400422,4.649086954010984,-5.359907887285386,11.608401508402832,-2.3965859063746486,8.621838368035162,-0.9324216704920008,-6.051660580881302,6.165825769862976,8.996105708787594,-5.261685404260241,12.623934780776501,-8.143102250670376,8.157679535250217,2.0537113924594896,3.2238361841198993,5.438134786973836,-3.4829403976874396,2.344395606840166,-6.5728635201031,-4.039077023472704,0.21734643057573777,-3.377654440853328,18.14928538488061,2.187182524507292,0.8459815565724726,3.12328980975336,-7.239868885867606,-7.570916167739461,3.8006126284870767,-7.819014555166914,4.112446199633801,6.153916220801903,-1.7317982216509376,4.065602554625447,3.0934802874359235,6.900549269935596,-1.1189084702032281,8.407065163345994,2.722462551644611,3.305626947593332,-4.0481632020880625,8.920519715467368,-5.485205508874524,8.06807027427241,3.090745498375913,1.8025118377426486,-2.063177991617793,2.227016256282721,-3.987792640771537,-1.5997087624254114,5.002193569512214,6.117913679055631,-5.2683799691178645,3.8870344157923675,-2.1888651100738232,-8.17340740991913,3.394229852081443,2.610235591487675,-1.8813059345505256,6.947351261032364,5.381861353080097,Actual adjusted month-end return from Yahoo/yfinance daily history,Market Table annual returns from the same adjusted daily history,"Oct 02, 2026 05:05:21 AM EDT"
NET,Cloudflare Inc. Class A Common Stock,Technology,Stock,,,,,,,,,,,,,,,,,,,,,,,,,,,,,,,,,,,,,,,,,,,,,,-9.316098926584848,15.67695585348754,-12.422998630194659,4.68933862516383,19.260909905653524,10.234743583383455,0.34071518426628256,23.387098275816708,23.667014586657142,15.771899996148164,-8.073043480492482,7.318356441698892,26.57087063447816,44.46796241587408,1.2120351765074755,0.8817026150480967,-3.5090037997687062,-5.015545522844034,20.60915924748068,-3.1626154976829524,28.9787953775128,12.084279438838696,1.778640022931266,-6.700344940388803,72.85397122340065,-3.3278531670685396,-30.142373479278596,-26.692014048761294,20.767631043752587,2.8173843247592423,-28.036757238268738,-34.989551431631895,-21.875,15.017142159598219,24.344197285955072,-11.603002008858487,1.8260681548652569,-12.748580156394462,-7.997558717926346,17.031632202762005,13.419010573798683,2.74954436265471,-23.694454502929663,46.99257127220764,-5.480047303126112,5.201153057412333,-5.438415073918157,-3.060122868098647,-10.07297302759762,36.09102733251854,7.919637705129601,-5.056448446379125,24.6552778132197,-1.7353349589863898,-9.73871747067493,-22.551485972956854,22.366669882681588,-6.434868662596549,5.987095986643154,-1.521792073640471,8.431202554437123,13.81826801173418,7.863366052427678,28.52896870750845,4.985555967895672,-22.443220870914537,7.17898319515704,37.34889970712929,18.04810570351627,6.051162096678997,0.4959620928405739,2.817301248082771,18.03905465048563,-20.959335056558427,-1.5284015357714176,Actual adjusted month-end return from Yahoo/yfinance daily history,Market Table annual returns from the same adjusted daily history,"Oct 02, 2026 05:05:21 AM EDT"
PLD,Prologis Inc. Common Stock,Real Estate,Stock,-8.038268854877995,-2.558879665941849,16.023243617093506,2.784056357197162,4.668571215367212,4.062395985743117,11.113419070736331,-2.532584632900181,1.638534326415897,-2.5775197373057224,-2.4156632998332928,4.561597717330623,-7.4635168306965705,4.503574774946717,2.539198950837429,4.876638845772763,2.076821040805976,6.401020366911503,3.7005551098037825,4.193408210332583,0.8373770927410096,1.7648834501592159,2.554985030589596,-1.94242033618377,0.9300987014839501,-6.803880086205172,4.599133328985094,3.048131307189572,-0.8627336831216526,2.835865918906899,-0.10656802283899314,2.377314019545751,1.6297320675651372,-4.897460245880481,4.451673920176558,-12.150065493079953,17.779279464421705,1.3013423567801885,3.4552206030657784,6.5600972154501,-3.9128515123675656,9.464091317660039,0.6367087713885722,3.7339954423854405,2.548505427610337,2.980548486218737,4.318571389319237,-2.0377722420722,4.195647704743144,-9.259287563121287,-3.8446053539532232,11.02403592791621,2.5439867810673755,2.6301315445436124,12.954061287766017,-3.3769744128828716,-0.6564664433310718,-1.4112622094962557,0.8568729156720689,0.1921756464820623,3.552062335755868,-4.001924863481432,7.659350240742402,9.933949227821648,1.1241834571433573,1.9432348796446064,7.119539387389517,5.17028966807791,-6.411976410005559,15.570442326542388,3.994205202097123,12.125620091370903,-6.8543527956014705,-6.995250055669988,11.285248554765337,-0.7369515610909039,-20.469148200823618,-7.047429245480741,12.6731870467788,-6.072712191608376,-17.881483338034478,9.005898872438012,6.356678774284363,-3.65396834713958,14.681096331860166,-4.548271366155509,1.8485641437746558,0.38469422724365376,-0.55886647227813,-0.8359663349862378,1.7287897022978393,-0.4409102286424771,-9.017103363509326,-10.213004283659544,14.074439688979478,16.724245558351235,-4.958741099782593,5.193775101725007,-1.565853712019527,-21.632625341837908,8.270466197775983,2.5236973570535337,12.234003829125895,1.4042127948442396,-0.46971962565151015,-10.56382719598764,3.400024641994137,-8.69921678747011,12.819308015162957,3.9161271432266,-8.985307210614746,-8.578576029394135,6.2622203303006385,-2.280468074598263,1.5791409088585118,6.5555515736996695,1.5479206701995096,8.356627343816303,3.578047757991576,0.0968661575652785,Actual adjusted month-end return from Yahoo/yfinance daily history,Market Table annual returns from the same adjusted daily history,"Oct 02, 2026 05:05:21 AM EDT"
BKNG,Booking Holdings Inc. Common Stock,Consumer Discretionary,Stock,-16.46967285690887,18.802390818085147,1.8771567289944668,4.2437351304190685,-5.9040338379787505,-1.2591555875579363,8.202436484343645,4.880041780154909,3.8652379831426886,0.18620188623539313,1.9976537068683298,-2.5018716641251215,7.439682769796274,9.459545060514095,3.2387205479101455,3.7556759830637,1.639038523489833,-0.3500100588363919,8.445790565346423,-8.697069241060563,-1.1479069145675314,4.431914021356453,-9.009106900768737,-0.11324544035584694,10.030887346300643,6.380034651057964,2.2787395905829344,4.691893628986898,-3.1717321096995876,-3.880149367488017,0.08040140790599448,-3.803895782158351,1.6627878089575,-5.515121435712899,0.9228814541783592,-8.957244597971858,6.4090206195208665,-7.407746738456488,2.820791318234739,6.308633238754746,-10.715408240663882,13.19205735544866,0.6347612310399597,4.2298058008156225,-0.1932203574958935,4.390063658629129,-7.064737450548908,7.862279184474774,-10.867056496558503,-7.368818522712061,-20.660984964508167,10.053381712626997,10.72894035590064,-2.8717271428961078,4.382881760223123,14.93986923513113,-10.456730032178108,-5.154656766929088,25.020011573407587,9.80157039129641,-12.703442110188167,19.75899505553633,0.057121936551052244,5.847608039370522,-4.238710839533888,-7.3451750573542025,-0.44924194270481443,5.573703453644296,3.2265654060572135,1.976092965786136,-13.17468150312907,14.148485903295228,2.371602619756108,-11.558030833690013,8.111415218595596,-5.882175406687129,1.5043006583650875,-22.043953951411876,10.674715000432045,-3.0934708904180375,-12.399983178728924,13.769958097027057,11.231493866861019,-3.0858936905576617,20.782209465706124,3.693339928263284,5.087572029029541,1.2780797583546777,-6.609068410818453,7.635610527561054,10.01620000425174,4.518309078596938,-0.6789025625378753,-9.545880446522514,12.04993709496176,13.485625002576818,-1.120595983693451,-1.1016534655372445,4.852773931989862,-4.847187391860652,9.395028579372312,5.144366322484228,-6.222137812780226,5.227977433389608,7.997943772455818,11.018916436320602,11.242553557013512,-4.331523926130155,-4.646551337282356,5.877489098118738,-7.967733680862521,10.687649793179244,8.229586461685678,5.078960960095391,-4.926039598130316,1.7258198989707818,-3.402096831913759,-5.955054745786292,-3.2110714597362477,9.174240999488426,Actual adjusted month-end return from Yahoo/yfinance daily history,Market Table annual returns from the same adjusted daily history,"Oct 02, 2026 05:05:21 AM EDT"
ACN,Accenture plc Class A Ordinary Shares (Ireland),Consumer Discretionary,Stock,0.9952239478604241,-5.002831672494478,15.100723550431816,-1.1989646774250406,5.357795746465066,-4.774317134500217,-0.42369955846591756,1.9412982014886948,6.23482219545588,-3.8641749291802974,2.74433803693801,-1.9258055594746692,-2.783241481296961,7.578828094193901,-2.1387823820887997,2.2342629539110925,2.6133503831541782,-0.6346779935529234,4.155888320958723,1.5059627192601344,3.2961310817616107,6.418036816840278,3.9687940552414203,3.4321991654473027,4.970937300671863,0.19290419229915923,-4.664302446599877,-0.6291705712255458,3.0026483582097807,5.040461873259239,-2.604108538927885,6.113125903099337,0.6683533732487756,-6.544913338172598,4.377648017589486,-14.290056556242547,8.893019467419872,5.099276890646598,9.07178432743767,4.637541947564006,-2.518209551933759,3.762586730318751,4.226881273232341,2.902661400910156,-2.936856689498768,-3.188652753205068,8.48883989781799,4.677887396859215,-2.168724246944509,-11.997478132745442,-9.596320381840096,13.944426096466845,8.871924753594307,6.497388026099915,5.068691120900937,6.739948057103118,-5.81002123022154,-3.642056928461479,14.835659341896879,4.865712576928916,-7.068379502034439,3.71196136480636,10.103652561886634,5.2913570345039185,-2.693395162643031,4.476222131863472,8.069032117857322,5.943054597071118,-4.944118144495646,12.482878440607026,-0.3874165041107491,15.99048634875022,-14.486401813091588,-10.622792798210877,6.711648920177615,-10.668011743581207,-0.632556207337398,-6.972456148949025,10.69669746888582,-5.812067220786621,-10.802191469732458,10.828823405445288,5.998574349641794,-11.32822413298008,5.003531393412253,-4.837845830378706,7.629451469316062,-1.546253992898683,9.144139610809287,0.8694763008623818,2.890052035487334,2.3455205333278384,-5.1456462037969715,-2.86144742697374,12.134410912329496,5.334058805233721,4.0747598203424,2.9954857739167284,-7.51640944869526,-12.848686581657665,-6.187901060750067,7.481681658974426,9.445932155142067,3.4269126519259174,3.371824608907037,-2.0528524227691247,5.089603909009299,-2.919665775927871,9.89112158311396,-9.468764515200078,-10.46198376074371,-3.655490090364011,5.9067377139202515,-5.659365484512957,-10.189080492633106,-2.6694108028819885,-5.142900479057566,1.41930382025095,-0.039982263591398226,7.3199985049709815,Actual adjusted month-end return from Yahoo/yfinance daily history,Market Table annual returns from the same adjusted daily history,"Oct 02, 2026 05:05:21 AM EDT"
MNST,Monster Beverage Corporation,Consumer Staples,Stock,-9.351504261226463,-7.057690242671876,6.278885504092191,8.127158637355091,4.007765032848409,7.139999389648444,-0.04978261851018573,-4.195970052286024,-4.600689783696343,-1.6824552670181459,-6.990434422789682,-0.9162007763399038,-3.9242256934571618,-2.723004434182774,11.414091937705173,-1.7110615814610153,11.414720544851065,-1.740508394408602,6.179548462088835,5.819904634737849,-1.0211388354361972,4.850679285386028,8.182285238734988,0.9893134908200096,7.805344240711309,-7.122972572087605,-9.720687945779172,-3.8629594823267,-6.981818459250711,12.001562564428014,4.746948092355097,1.4495150370700038,-4.2864191764062864,-9.317090629563829,12.923371860453535,-17.52680802779002,16.294189879845568,11.512927951340357,-14.491617945559376,9.197501785736751,3.79194999008563,3.184612352515015,1.0026623394785217,-8.996437012467851,-1.0397082234394506,-3.3241478806847358,6.574022014058167,6.235372051596744,4.799369431434819,-6.291289373433095,-9.85419250266818,9.864918623066465,16.34040133379242,-3.6017297112861613,13.214084971776629,6.855245952206812,-4.364421220452019,-4.526181286217035,10.722213813757687,9.082336268583479,-6.1094304939331545,1.0480202850685405,3.818097282521604,6.542987104488462,-2.8645093470103244,-3.097484112576432,3.2512329176934918,3.4457167202242234,-8.95766925397783,-4.311608411692869,-1.4352955537683787,14.633566859468704,-9.70428946894918,-2.6752763631999965,-5.33175345810889,7.234040887251769,4.01494214420357,4.0170490252789515,7.464947169527458,-10.83115902232551,-2.1051477068958935,7.77369159084722,9.75245334037551,-1.2930214108134441,2.5115759700745643,-2.2290542409771463,6.151724032449812,3.6845060920385198,4.678569521222786,-2.01296541568845,0.08705266879056595,-0.1391578165228169,-7.768679840318271,-3.493866406349899,7.925642216621354,4.460560319872897,-4.495747483332801,7.415481611072416,0.30456905215421326,-9.834679717290262,-2.8624931190927017,-3.794294059093717,3.003002957134937,-8.396500740066081,10.693819195009047,0.977577447058553,4.650722757681414,-4.661708044679491,-7.324966111539688,12.194626469003067,7.081425112224693,2.7341053684301952,6.370595307884219,-2.048477494389944,-6.210088485874532,6.229786974318485,7.851302232273327,-0.7131120857956086,12.210079020113152,2.240299177268623,Actual adjusted month-end return from Yahoo/yfinance daily history,Market Table annual returns from the same adjusted daily history,"Oct 02, 2026 05:05:21 AM EDT"
NEM,Newmont Corporation,Basic Materials,Stock,10.95051801810989,29.40884562259707,3.0006412634414614,31.565127537819258,-7.320591949021971,20.78873712279119,12.474416971018055,-13.090910745995465,2.809469486354832,-5.726642014412908,-12.418986262679589,5.181753401154143,6.486643857419083,-5.622911030137057,-3.5922997226656594,2.5788848816838517,1.0056158478511046,-5.0133983725284885,14.75762897907793,3.1477339783907654,-1.973183043863691,-3.5990143023905907,2.2953680592413317,1.6455494626276268,7.969104117709502,-5.702272220585403,2.6473528815152303,0.5631147437785256,-0.9162632851394847,-2.7807805929191187,-2.731370392742083,-15.403476134935978,-2.212810732401882,2.3841047752246824,4.592487876968199,7.588656645878711,-1.5584520007669522,0.029313624859739207,5.263048801152603,-11.002208686936177,6.535732497671032,16.73436664698218,-5.06890949159351,9.227828707583274,-4.588541286946624,4.773199690232821,-3.3475874935867234,13.554733364548666,3.705391772690314,-0.9542536650197109,1.7428317635397539,31.360402833011626,-1.6980120639787266,6.045995460448572,12.082952364167387,-2.7745827699895753,-5.332784463971807,-0.961394150986894,-6.397193631436171,2.502689301427985,-0.4842285838170035,-8.758374926819934,11.914873599213195,3.550671909662473,17.7375721396144,-13.098930609272175,-0.8835745716941235,-7.688610145950325,-5.471094114420394,-0.5524992825103436,1.703720529131969,14.040194822347285,-1.3705492149698517,8.223005750321466,20.8716870643308,-8.3071242369675,-6.863400553757904,-11.33730758998186,-24.11596423955392,-8.65724981312873,2.9778105421704115,0.6900104896349069,12.169177910504692,0.605513538545388,12.139834980869392,-17.608157774193643,13.473387430171059,-3.3047827481847425,-13.595987683487277,5.203472721424363,0.6094525160521336,-8.154696281887563,-5.290476301470259,1.4073102120311987,8.327186024801003,2.9858185914021007,-16.622372079559323,-9.44652973227208,15.592748784480692,13.39285783525157,3.1988145656330236,0.43248171209098185,17.196080980156523,8.803752030190104,0.5996962487197388,-14.985980596590153,-7.153073262910448,-11.254165311355923,14.776992209848805,0.2809038055953783,13.367479621002264,9.113499494730636,0.5444600232970664,10.508347716219046,6.5911335086288325,19.806763705772656,13.69676991150901,-3.96155643110907,12.379502018397059,10.051794615729648,Actual adjusted month-end return from Yahoo/yfinance daily history,Market Table annual returns from the same adjusted daily history,"Oct 02, 2026 05:05:21 AM EDT"
PGR,Progressive Corporation (The) Common Stock,Finance,Stock,-1.7295209218567975,5.131407560506807,10.087703585490871,-7.2282131211593885,2.1472254226644116,0.6006097773135766,-2.955232674244024,0.15380892874312657,-3.255545176581165,0.03175291609474051,5.680736766350569,6.6066243467374,5.464759216281934,6.58614658037433,0.0,1.3782840791159545,6.8227197612782176,3.9123348465406327,6.894954912407747,-1.3791126895053463,4.173827230068139,0.47501602437236556,9.311408237953422,5.904471039996184,-3.9417906315016404,8.692817269417773,5.817983590904419,-1.0503773354094248,2.9855552910004413,-4.735047285809435,1.4539120706167807,12.531277349017289,5.197656595815858,-1.8862628773381296,-4.892384957845685,-8.99079009661412,11.53656174672355,12.541636014772205,-1.1110964729453277,8.55480054919222,1.445961082871805,0.8198270330685098,1.4364426297840405,-6.396636261620681,1.9128865771937287,-9.653614615574746,4.806298621232141,-0.9034406089722835,15.038299662057653,-9.33204610123034,0.9294654789295365,4.823851244171906,0.49159103764893075,3.128234943609942,12.912440022187077,5.202588973611477,-0.3893436042546994,-2.8246741579298074,-5.212207608972463,13.511648094957373,-7.516057943446041,-1.422179042886973,11.239085128241033,5.474611357265169,-1.647780182484948,-0.8780950505912322,-3.007586471143875,1.2399999390315442,-6.17603799210883,5.082491098459774,-2.044654995627737,12.079502542856257,5.957854050334244,-2.512423047527179,7.608770554402744,-5.73379961522984,11.195988815934555,-2.605107818546626,-0.9561304877446442,6.596557934629743,-5.250718506830642,10.58001241284181,2.9205759156024635,-1.8463831978179024,5.19926084504716,5.258564422486356,-0.3205572314166405,-4.589262298608476,-6.224327424786291,3.4868303623345698,-4.754919882419173,5.9453906255489075,4.368013278739347,13.570349709776108,3.757342960459553,-2.895794202205215,12.472549458648441,6.345016717809293,9.105320171998365,0.73938134410374,1.4069542417482594,-1.6431496670214152,3.1348943319409406,17.784430288704222,0.6185449419617406,-4.2695876435923985,10.727662585694064,-10.885893359158027,4.830088866243565,14.429482502608959,0.35814993025202746,-0.4133264790523783,1.132232797112387,-6.341902415462131,-9.265559373411191,2.074044598555047,-0.04452427431717032,-16.548445271744406,11.06310809167972,-0.4676746532910614,Actual adjusted month-end return from Yahoo/yfinance daily history,Market Table annual returns from the same adjusted daily history,"Oct 02, 2026 05:05:21 AM EDT"
PH,Parker-Hannifin Corporation Common Stock,Industrials,Stock,0.1856116508605954,4.808552617549355,9.762842580498488,4.447231782596872,-0.4568696542573636,-5.912581634811687,5.682581496903771,7.854576728818352,2.448405293289002,-2.2146207300607457,13.751631264961151,0.7701465915916694,5.0928974076143385,5.711730454832065,3.53916988654559,0.29938078357325537,-1.6632244165233234,1.4923789860344705,3.8542779099942637,-2.6588478634724466,8.78238925856294,4.336673243092637,3.0402007991335855,6.448339646332135,0.9219242045824805,-11.073904388900246,-4.168793785000657,-3.747851685899428,4.2779531459226305,-8.806274204817989,8.4696664551549,4.336882264669217,4.743751494924742,-17.561019658295496,13.96676912514312,-13.310852533137595,10.506921249124623,7.378317390730094,-2.5772010700763626,5.512188292579134,-15.449768648536,11.613685536509454,2.982179449892164,-4.789136523179083,8.952141141094616,1.5946324380456511,8.819107405781224,3.5363967672130014,-4.921766622943147,-5.183761074304705,-29.788391163191484,21.88390990161233,14.475493854385203,1.8336292436168966,-2.3735390044711036,15.625890790166142,-1.7814893661611597,2.97519471172778,28.788429649186085,1.9269716961620054,-2.8633728890381183,8.790013969139876,9.921203511907839,-0.5135468122099751,-1.4822150769651432,-0.3375189278900126,1.6020548679128055,-4.598829390782755,-5.7471721501366035,6.068970519635686,2.163579848802355,5.316820385868248,-2.549350674086681,-4.079013284025546,-4.2612655383212905,-4.560169572737982,1.0055992101742461,-9.59693732199619,17.49241065335965,-7.914191128600823,-8.562269672261902,19.937274122618565,3.33805589321321,-2.6560522566059452,12.027484152090917,8.338815032856495,-4.473507607736904,-3.341168552080076,-0.9180505982296472,21.720154956948146,5.119972047297439,2.059658084482008,-6.567528681531298,-5.291132675148402,17.844080469424874,6.353025968922976,0.8248266942674887,15.60723194056244,3.7986792684561177,-1.9575783601587848,-2.1699260297856293,-4.837068732302607,10.942855757457458,7.253275582554108,5.268240468907548,0.35611289090495823,11.117851036453041,-9.513451321312926,11.166144503195618,-5.227446316393413,-9.073929045062467,-0.45898954518724944,10.166017167632102,5.080467463591831,4.786188001939529,3.7505063536318106,0.07920900184714696,1.9362921714882297,11.740413369298054,2.0030161513973743,Actual adjusted month-end return from Yahoo/yfinance daily history,Market Table annual returns from the same adjusted daily history,"Oct 02, 2026 05:05:21 AM EDT"
SNOW,Snowflake Inc. Common Stock,Technology,Stock,,,,,,,,,,,,,,,,,,,,,,,,,,,,,,,,,,,,,,,,,,,,,,,,,,,,,,,,,,-0.3904365448362812,30.325570262291635,-13.638596532306213,-3.180519503758572,-4.738485257361347,-11.659092536551075,1.0075006851414603,2.7807774702022447,1.5838357735558084,9.892472236166672,14.537861171665046,-0.6308570360538557,16.998976591988768,-3.8689810601098107,-0.4115813381170952,-18.553507336831178,-3.7114862127242243,-13.750658087680767,-25.177847166245883,-25.54246400602662,8.93850050632523,7.802391984757451,20.705751802992147,-6.073495672684926,-5.683692210234071,-10.85465304055877,0.44786523231907793,8.98704873808831,-1.316797191540131,-0.05830521688868773,-4.0248828344697785,11.669366940589132,6.42234825712904,0.9830725243377136,-11.738225098341527,-2.6012124145931015,-5.000981328784093,29.318532599324598,6.031547189888342,-1.688442517764599,-3.762012182229124,-14.170380735478826,-3.960401555414428,-12.25515763302749,-0.8004085743239076,-3.486558281708274,-12.3868698581464,0.5515164448077758,-0.034825801249160904,52.23828907538077,-11.664759172579087,17.55067042419649,-2.42961188737969,-17.47035650767945,9.120143334062035,28.954787814438056,8.800508710389332,-0.1206615128505728,6.782999401391221,-5.493170371736222,21.87098255978952,-8.600116039624893,-12.689063917282839,Actual adjusted month-end return from Yahoo/yfinance daily history,Market Table annual returns from the same adjusted daily history,"Oct 02, 2026 05:05:21 AM EDT"
COF,Capital One Financial Corporation Common Stock,Finance,Stock,-9.088426907259805,0.8155581669552658,5.446522022917399,4.4437873105500625,1.752763534607893,-13.285078950518326,5.621153935098344,7.383692485721705,0.3211876478504738,3.0767346921229732,14.133005752394068,3.8076766542578078,0.17194980875254728,7.896599596747489,-7.671014352266747,-7.246739016202753,-3.8335453082554594,7.410328056624826,4.30891136110938,-7.190450326549868,6.343412465151732,8.882605063203531,0.25983894390511075,8.239157235085903,4.398498034327081,-5.388102982529485,-2.1545657189813494,-5.426857108172312,4.1795305614975575,-2.2340117230225554,2.6332935867805496,5.4978712081389824,-4.198192030642323,-5.93069183077538,0.8711787994507336,-15.71143372859588,6.614643020518751,4.237748775218053,-2.2612948326521054,13.636889363318616,-7.085540712340488,5.67134614940108,1.8514656259299267,-5.863259460865633,5.03348175539422,2.495045360941184,7.690236710270115,2.8996800967837633,-3.02206185474434,-11.22006481149006,-42.87333215062068,28.44110211966049,5.760421917714464,-8.010000561269958,1.933204292507118,8.368019359185519,4.099680194241051,1.6977464088803407,17.335734799972524,15.42502872265359,5.472946401207324,15.672064304203781,5.857401214259439,17.173629049411467,8.124852466655907,-3.7878110813666543,4.531665894020764,3.4010351215678636,-2.410058897848011,-6.7543653983278436,-6.595646416598244,3.244878037717447,1.1303566664271791,4.856583090896183,-14.340699669004175,-5.080369660511408,3.1420507434503975,-18.512448548228466,5.413189255276385,-3.107194057551743,-12.899277929428033,15.02658975047908,-2.042926693499514,-9.95737490123746,28.01204237096837,-7.882435335970928,-11.844517736156812,1.1855278325990648,7.841923483731739,4.951519487808942,6.994625480628658,-12.034757079106306,-5.215329943049762,4.368875034606878,10.874609064141483,17.42787850840395,3.203210064047468,2.1449770245625333,8.197070757508351,-3.6671584548245595,-3.6379968089856662,0.5957881807374443,9.353549921646165,-2.5185794756798496,1.9056889059310134,8.722350383201437,18.33218146639839,-7.12982589046387,14.238445172318649,-1.2581593555954895,-10.595860745605512,0.5353988301815882,5.266725612827483,12.482156618252716,1.0528403714398449,5.971323700947573,-6.443097609113435,3.48575203684216,-0.03946717691065693,10.631298532506928,Actual adjusted month-end return from Yahoo/yfinance daily history,Market Table annual returns from the same adjusted daily history,"Oct 02, 2026 05:05:21 AM EDT"
RIO,Rio Tinto Plc Common Stock,Basic Materials,Stock,-15.350276895808989,10.103202164266566,8.314153652865631,19.066157162319186,-16.696372810100367,11.626250475910748,4.856212541308613,-6.798383942945907,10.706023948837394,4.34129576785347,8.780485756693368,1.4508048566521659,16.45866595533514,-4.703052263204599,-2.0231024243156592,-2.114076608317861,1.2305399094386882,4.961540909919737,11.982997029984421,6.054927173757307,-3.8508592375094297,1.5681013520519427,-0.06256526447421251,10.501049118075677,6.0079314162254205,-2.49509590389162,-2.6174122573952463,6.6368949418463385,3.184730347678788,-2.1516663831796623,0.036018740247589776,-11.289902386671159,6.225278698217984,-3.390838251108308,-5.132889213573288,3.6783730758174205,16.06847660486641,3.4298737300592297,8.899312687517092,0.08497364667106044,-1.6468708683757827,7.6126490607190345,-8.437606681743903,-7.587793834085432,2.9853579050481915,-0.15355801487821896,4.902899764121971,8.79761015505711,-9.989869192562184,-12.16546167483552,1.8562645706036163,1.382781262420374,16.735206267837132,4.19140894042298,8.65077995172252,2.777284138341618,-1.3718982030969662,-5.99436099300017,14.444255424115537,15.776532567601542,1.5952972738137783,14.36797006669941,-7.042835294633576,9.54283063888881,2.786270243390687,-4.0489435286569115,2.884723958806834,-6.9606820879720255,-10.98973657811031,-5.3127837221407015,-0.9167104936782522,6.7793919986125495,6.662677054161015,10.056030491222302,9.036179803658895,-11.542286102091614,3.262084338366167,-16.938998845979427,0.04918818750114795,-3.5955479916640942,-2.185123274281342,-3.10571164237583,28.659812564015574,3.7295942587768582,11.446637742353104,-12.12350489285604,1.572209659061552,-6.720113664422522,-7.719949251331082,8.111762545292112,4.2449889806276175,-3.401520986872053,1.8239970704232666,1.0999385536003325,7.382645261401577,7.7724760200091225,-6.970186109040844,-6.842783017455312,2.8682926801696373,6.416704316288135,3.346592712582175,-5.948643609160042,-1.1679002821592843,-0.08216178824470566,12.486172673295703,-8.823940117426654,-3.1591978446175006,-6.413108721793737,2.7206169907118882,0.24830336363801386,2.8257743123483614,-1.1318250349045322,0.05049268895991332,-1.8509039721704479,2.468713412309387,7.479886748273401,5.2455377323908925,8.680502602767803,0.29271254142524405,11.230036534635722,Actual adjusted month-end return from Yahoo/yfinance daily history,Market Table annual returns from the same adjusted daily history,"Oct 02, 2026 05:05:21 AM EDT"
SMFG,Sumitomo Mitsui Financial Group Inc Unsponsored American Depositary Shares (Japan),Finance,Stock,-13.306990853748568,-15.65349276549659,8.288295906644505,1.3311148502982872,5.090306998097649,-10.62501258445886,11.188831173020674,9.276721055983494,-2.877694571767375,1.9259270154304398,9.447679662206387,1.4608159183228109,2.356022815121106,-0.25574968718977686,-7.051291117055003,2.4827606716810946,-3.6339161094474326,9.776542592136739,1.2722599073764274,-6.03015132354956,3.0748758366184292,4.539551734736391,1.736971284515909,5.975601896246974,4.487920054423378,-4.074885598441669,-2.4110285159853917,-1.1764722538509909,-1.309517328588472,-6.2726152987082395,2.573999575761521,-1.380168743773147,2.162841204601418,-3.48692137539115,-5.419350556032388,-11.186898676901924,14.285715386042686,-4.032269858660986,-1.5406085353151133,3.6984300928261105,-4.801096987980857,1.7291103969372612,-1.4164324459152167,-6.465511403407409,5.069121584405978,3.801164231946763,2.9577405605095253,1.367990970329469,-5.263154333264374,-9.25926455017082,-24.803761482275398,9.812113126978716,9.505706031763882,-2.4305707896593365,-4.8042700974958,9.906554108717547,-4.931974065346923,-0.8944555542140464,4.151619173745447,6.9324098404790035,0.6483023529911813,13.043476154506696,3.276349104673004,-2.896552964272292,3.97728397748911,-5.874323134831883,-2.1770711617159266,2.3738949888753913,1.5942020770692178,-7.560629042070255,-0.15433357377748758,4.945920679116078,5.8910090875114784,-0.8344907015935599,-12.061710488145783,-4.46572212632338,1.8364017180867442,-3.2786848862315643,8.30509093968601,-5.320815994204564,-9.09091285814937,1.8181843045605106,21.428564393346193,17.94118833376237,9.22693466401694,-0.34247649566729876,-8.36196920444392,2.6249948447786275,-1.8270305911231688,6.699757047854904,8.372087436860486,-2.3605138669443027,8.241763630763366,-1.8274175655907832,2.0682447230892853,-1.9250148393820998,6.301643506568655,8.260453675201852,7.173443229164378,-3.8232914064118217,15.812719544201315,2.28833693972319,7.979115864941844,-8.632597076442906,-2.6064814032952355,1.1084759807569844,15.974939919657128,-2.1607007879126727,2.6915082994408923,2.8897867275383238,2.6084573853915494,-8.150066143420654,8.52112714366009,-1.9467890571409963,0.19854855941210392,8.454423407828472,1.9488410069267381,-2.747903767993487,11.916452978410286,6.092209946122118,Actual adjusted month-end return from Yahoo/yfinance daily history,Market Table annual returns from the same adjusted daily history,"Oct 02, 2026 05:05:21 AM EDT"
LMT,Lockheed Martin Corporation Common Stock,Industrials,Stock,-2.8321754614005545,3.04286189775389,2.6461101276758825,4.911962213563048,2.3559727766120586,5.054399954480426,1.8374346470497294,-3.208064695989832,-1.337642672168382,2.778279405228501,8.400787452114722,-5.771935711516951,0.5561362236923051,6.798448215114505,0.3826277082090934,0.6913287730497819,5.0084860071607284,-1.2520635136980762,5.23036637427543,5.160226644558685,1.604463533827838,-0.6864497671621228,4.2063203590616105,0.604810602195327,10.527955153704704,-0.12144025409438486,-4.11702396818786,-5.05724501691348,-1.3490165059503734,-6.075531429066617,10.381477892022106,-1.1304996504420517,7.974151170563193,-15.06241856898508,2.988416724827636,-12.844907008621275,10.636255389072446,7.576723271627417,-2.989527924081592,11.050766169450487,2.2206361741033964,7.384639864277753,-0.3768503755426478,6.66835152507097,1.5490437300551552,-3.4302538100937863,4.4454544327053425,-0.42196676906506303,9.949159743756475,-13.063488947072798,-8.359714493097147,14.783882714776286,0.44570031710597924,-6.054992749040567,3.8501550884878277,3.607705462236721,-1.7885385009969945,-8.649046800253235,4.9761236160960065,-2.745190720713153,-9.341401763561608,3.4063517711460767,11.884898436173618,2.9932409791963765,1.1095698224374173,-1.0073621075779693,-1.7655412748406207,-2.4934869668906234,-4.085570083436063,-3.7032888740808234,1.1307394084245415,6.627304161815717,9.487635628812052,12.246957839198934,1.7519558237779842,-2.1023981822146376,2.485913633198389,-2.306256513774907,-3.756159239574164,2.1955852445818103,-8.050279849744435,25.988249957868703,0.31550271006950403,0.26793455670659494,-4.775021493216903,3.019017702523197,-0.3225996044910584,-1.7515397117461418,-3.756361120336227,3.6868548515538,-3.0431415738098266,1.114081464863359,-8.785548805929666,11.169803139833135,-0.8089797412957567,1.2216180879525362,-5.257693636037153,0.45922801567603866,6.21848194722634,2.211611542630121,1.163622015402499,-0.019259418548456253,16.017984278515463,4.830958325872681,3.4711101458661853,-6.58787732958328,-3.047317508959002,-7.635289556411862,-4.731028358932521,-2.717365507517999,-0.08053169812580752,6.948594378594786,0.9691144409994745,-3.3271999364938742,-9.10308456093578,8.230791299651452,10.364121657419512,-1.4683236176724623,-6.9163214514112115,6.439124998085499,Actual adjusted month-end return from Yahoo/yfinance daily history,Market Table annual returns from the same adjusted daily history,"Oct 02, 2026 05:05:21 AM EDT"
BTI,British American Tobacco  Industries p.l.c. Common Stock ADR,Health Care,Stock,0.5070568599536474,-2.1349463469236274,10.36025792171127,4.48208022106884,-0.4093564254305848,6.436505306324647,-1.38248332508083,-1.7134797346309072,2.7860404452212384,-9.996088330067765,-5.091810133805652,3.3290333285281637,9.345874442901824,3.6363536127355767,6.3714386293172165,2.593524470577746,5.996455431328873,-4.9639847637059535,-8.783158758974652,0.5311297037274398,0.5312461873254293,3.1225272868706577,-1.195677162020281,6.209595780326715,1.6569846216561546,-13.274618816700324,-1.0852634910520131,-5.321570589816194,-6.261434277263945,-0.08594204053359311,8.58274447654679,-11.683103918970794,-3.6171846838509714,-5.533062813887469,-19.654392590193304,-6.643025944335212,10.734446746646032,4.13831907518627,15.397792912253694,-6.0402562480227795,-11.556143084290172,2.521696915755034,2.1221679649153113,-1.4321776139129883,5.128222390291892,-3.4332942086730434,13.30089898486413,8.910215689109036,3.74470996635492,-9.648127297410126,-12.184472115691147,11.582342920146615,5.0589697084922,-3.143711512690728,-12.041144841582108,0.6557454269536356,7.047674597990405,-10.128824179537698,10.759105964551964,8.053931393200099,-2.5073305591300055,-4.076614760055763,12.620573783305788,-3.175005882262738,3.092502830333732,1.6550130239389338,-2.879563075842295,0.6408460597384869,-4.479231632503533,-1.0204133787807268,-3.636863097703613,13.426643400857063,14.862346219903166,2.9555623955627386,-2.9986555991179387,-0.9013240015698032,5.888009881777356,-3.0063467286789547,-7.057026226211227,2.2466312537221977,-9.535227315250305,11.605671667678429,4.164551516620096,-1.3495969104184935,-3.7268531114113324,-1.117164962903916,-5.901982216769319,5.4954736436689355,-14.412975020374642,4.698844137516378,3.598830647527196,-1.4251618994692183,-3.262417875427004,-4.934735413012836,6.7983775642022515,-5.916582359314349,1.058368514231245,0.9797360331729177,4.548219222290584,-3.540977718751559,5.472462406562273,2.0747407972038223,15.227925610744553,5.415265571765571,-0.6839238743080678,-4.373986070595337,8.461969010051874,-2.3010698919667005,9.140963303421735,-1.791113732573879,8.235815785320732,5.269513355716349,3.7887515032581254,6.369093509505719,13.41643551555045,5.9798732825694145,-6.697128626974647,-2.1608332351700676,14.592699094766036,-2.192895436607578,Actual adjusted month-end return from Yahoo/yfinance daily history,Market Table annual returns from the same adjusted daily history,"Oct 02, 2026 05:05:21 AM EDT"
SPGI,S&P Global Inc. Common Stock,Finance,Stock,-13.75530232453256,5.97812630142458,10.296449016539766,7.951067671604517,4.98930288282502,-4.069380485295937,13.928752494436058,1.3975694922895077,2.444535183844909,-3.7215395541167706,-2.0552831553611206,-9.622661750899052,11.7537898029767,8.068900180635685,0.9809282196241664,2.6388004552373,6.740388627661842,2.2267563305041316,5.205858044735434,0.7548548781377784,1.2829581866214523,0.1023559751096581,6.023083504979976,2.368920943045749,6.906733130768106,6.190926062326851,-0.3857820731227646,-1.287522346787584,4.981628681587513,3.235460898558573,-1.6921103306222762,3.5529994539726717,-5.631502023334134,-6.689165681870223,0.5796603965738223,-7.065521129522501,12.775105875989334,4.845993894663514,5.080591199748308,4.801708464364474,-2.8141317612332517,6.50365979465326,7.5332271105493565,6.457757319691071,-5.845716484358066,5.310622788843711,2.8024355512233257,3.1739997228995565,7.573676116793471,-9.262251809271238,-7.84475730406985,19.518433055935546,11.212714312347227,1.3722166750814946,6.303876475674608,4.811785907919819,-1.5883617846189413,-10.501932812196591,9.218386904232535,-6.552395622528451,-3.5682691203439254,4.139674743656174,7.138038877751107,10.632824775104343,-2.5993488324039027,8.164011549718753,4.451239594754974,3.7045823548764734,-4.2652470988390085,11.595942248272362,-3.7251310344122768,3.5547318750354773,-12.016614682899974,-9.343216293453038,9.17752072771787,-8.211045934218342,-6.949118473245164,-3.5538475217744447,11.828759639688279,-6.354344573163728,-13.297177149129858,5.207158408309942,10.082152930360122,-5.062354355745269,11.942427964627921,-8.761566244583063,1.0462827535758557,5.165783284736003,1.594345933502006,9.106486953900351,-1.5914560710499126,-0.694270165794797,-6.511291128247043,-4.40602087725569,19.30193191217462,5.937534049130977,1.7774487162558472,-4.255310698798976,-0.6839719875677441,-2.261150617791563,3.026369559375186,4.325060247904533,8.683851891555205,6.073913457888813,0.6585461493854972,-7.018705258169689,8.965168629105214,-4.685074403485245,4.6945012926347784,2.549312715412788,-4.803833594139539,-1.5843360742259338,2.75264592581832,2.813640540528173,4.515535414845084,-0.3091828842848199,-11.255578766377894,0.10272496302188294,2.5863158440359246,4.763145000740665,Actual adjusted month-end return from Yahoo/yfinance daily history,Market Table annual returns from the same adjusted daily history,"Oct 02, 2026 05:05:21 AM EDT"
BMO,Bank Of Montreal Common Stock,Finance,Stock,-4.050981275300414,2.8026973356804374,10.305359935195657,8.471901188595577,-3.45303615420961,0.7630009284359307,2.1809829385184942,3.39985131714986,-1.1010369019631372,-2.0362501507016795,3.5534630997953176,9.201310164354615,6.083456168016754,0.0,-1.1106692037329946,-4.425681789079217,-5.236385694072043,9.383385015219847,4.289722060289791,-5.377611708561547,5.460381457583119,2.1066105972176175,0.522147963892472,3.9085565187226834,3.801450763664871,-7.653980036214225,-0.5788570384632985,1.4355571005401968,1.9360083171586773,-0.18086917859083673,2.614555994476442,3.380414486267558,0.6954476418535416,-8.552595983222943,-0.32113829780686665,-12.281875168605982,13.15703784743083,6.489955273520276,-4.003085464458178,6.546930850664778,-8.053642886169976,3.9112640228319284,0.18734729891003443,-8.26089703763505,7.46024902501512,1.382905891798858,4.000532354257347,0.7147616617566133,-0.634631163863919,-10.942017206861522,-25.95756094151759,2.7333382422927377,-3.1237522972162535,7.584670252971959,6.153769892186456,14.49927585665658,-8.117036735726746,3.1629396853153358,22.28013129010977,4.551699763442962,-1.1967950682018502,9.71606093939159,9.309456392126481,6.821779208074963,11.320735659873705,-2.342404528733555,-1.9646383138491763,-0.18056352655786423,0.21102919829847355,9.642465606974572,-4.091792702970098,3.507238726764217,6.046067404799671,0.6361524229381077,3.5732991096238287,-9.249186953425214,2.687643866834244,-11.681489448724724,5.883273310588688,-8.419394681622183,-4.986976066860215,6.222280277964387,6.244559997293231,-7.39035811021963,12.268643578578908,-5.842626570647058,-5.962422014331093,2.417913665539717,-7.5174649199386545,8.27237468092925,4.130389082229202,-7.350410754280546,-1.997892711730176,-9.195311456982969,8.92122908988675,20.233336439690074,-3.6940819084968046,-3.907417617910325,7.933713225671668,-7.4546522593975535,-0.23510561088936344,-5.90280817624379,1.8793690627315618,-0.84191363110665,7.868905858732345,2.2447156437078064,4.5324680153506325,1.889774294010782,3.1782786306861155,3.8166369099730035,-7.109512883902691,1.1821901019479109,12.431927157908994,3.055425795036637,0.8816936033543943,9.561743795639632,7.644631035171856,-4.66027132815503,1.5702992841942987,2.9017635366281214,Actual adjusted month-end return from Yahoo/yfinance daily history,Market Table annual returns from the same adjusted daily history,"Oct 02, 2026 05:05:21 AM EDT"
BP,BP p.l.c. Common Stock,Energy,Stock,3.550843451515151,-8.230914746146611,3.747074392706562,11.265710693413688,-4.736526926248352,13.089175262610887,-3.125856501997981,0.22802777327035617,3.8393553892145604,1.1092254543435098,0.24907196087475825,6.7695077318129515,-3.7453373724624206,-4.060756686825284,1.7688779223993034,-0.5793681119941607,7.150819306128842,-4.149341709607901,1.4141205700546555,0.4832219045618258,10.653635708825204,5.828756401979929,-0.026423736645886375,4.8914700086023055,1.8082102830519808,-7.814286139777094,4.32323455477206,9.990112029669017,4.093582481735103,-0.3491932956983135,-1.2483689329283676,-3.572520813425961,7.509335463275102,-5.921922898245679,-5.6168829617861515,-6.022299241929896,8.438811780636435,5.238688751304332,2.5088103687993746,0.022861000251639396,-5.508682367190254,2.406652124503683,-4.700227867020901,-5.47241772948861,2.814597810289232,-0.21060253851404864,0.27262750585239637,0.8552004352878395,-4.2660462086608675,-11.902912811573152,-22.05179685355819,-2.4189911601386394,-0.15881407341552523,0.7778536121044954,-5.488839489603792,-3.7870076692206878,-16.579104036518245,-11.340199373974713,28.87333514143693,4.9079712746718185,8.284601784293443,11.343400432584483,-0.24580053510031563,3.3264991873487304,5.493639413884743,0.7243673041583909,-8.47841878866652,2.44690952295441,11.733451148871588,5.342127803906815,-8.768696092400551,2.5809085014824706,16.10964740349128,-4.5666621739940965,0.650459709506257,-2.312949479463189,13.945687854471345,-12.41892196308223,3.633156265190718,6.210798059849565,-7.425422876604459,16.56741059123894,9.036372940443037,-2.7019686021880207,3.7217246082230204,10.373563908959405,-4.191907967265706,6.167607711437695,-15.396866657307417,4.687038851133796,5.695643560716168,0.8534129005511648,4.141985431098916,-5.526852745028332,0.462273214096931,-2.4524408649204132,-0.8474990201537191,0.9170606727285646,7.687882590806927,2.892789680310681,-1.963167593294346,-3.9127155660984236,-1.966752135626182,-2.645769141778198,-7.567714687869276,-6.467032449367527,1.4371633814131979,0.8529398487101325,5.074421716367561,8.130244702840006,2.0229519253048167,-18.73336862429508,7.689070137384246,2.852240263720285,7.41730691121445,11.181695856348583,-2.1856518004588876,1.9442994914740774,4.18590349193908,-3.7950182918790154,Actual adjusted month-end return from Yahoo/yfinance daily history,Market Table annual returns from the same adjusted daily history,"Oct 02, 2026 05:05:21 AM EDT"
HDB,HDFC Bank Limited Common Stock,Finance,Stock,-2.0616788446365497,-12.448210659987025,16.67929018226795,2.0120034732768577,2.369983472269599,3.759390283799169,4.400903540126189,3.4358472388964945,0.3349386416691136,-1.5439869366676406,-8.84432648080342,-5.951643363583459,13.595915131821034,4.00406670799065,4.923977863679374,5.836214702829823,10.287658401248656,-0.3645793984821011,11.279749471491819,0.6716434646852454,-1.087961832824691,-4.223316595576499,5.200426194875507,4.706504626316899,6.806321563755757,-10.507409500343579,1.6361411785001723,-2.996858426977267,11.074000872649957,-0.781318252821539,-1.59971124124052,-2.0030835633172983,-7.0800937819398335,-5.515408256499709,14.070418047560906,2.1396269749353714,-5.183909730070901,2.9525461577969425,14.626195801673303,-1.0870487450051591,8.29481205596525,5.272103167489428,-11.411494094598684,-6.244559533083827,5.844153469399704,7.081513506042825,1.0803591073258456,2.6234787119428615,-9.6102204628295,-4.242313355325777,-29.88149200106196,12.714489765258087,-3.506327835637124,8.677982015973406,2.83765984053459,6.096239050188568,0.7258166741610284,14.971980523843985,20.125347079158672,4.72463092559281,-0.22140427757292303,9.764202216016615,-1.8321848146456876,-9.53792650388654,8.893016830940326,-4.119105932791378,-3.1207256045772014,10.96782676229775,-6.665827476179375,-1.6144306148573095,-8.955629610707028,-0.6109750088624022,5.471022587517038,-9.412790607881183,-1.3511200699806047,-9.978812003141469,5.468048341640763,-4.533608472154793,15.453037177713824,-2.786620977191212,-4.307943059971764,6.658679764367026,13.25630070395183,-3.060791075933589,-1.534866107982924,0.4156603538265191,-1.4340452309465235,4.694759722590858,-6.768382158796504,8.229807134832988,-2.0373008049700547,-7.792405344323083,-5.296104099194854,-4.168783423544198,6.1715289441854,11.775490802981414,-17.314859135766923,-3.586230796749834,4.616824051535495,2.912269758270436,0.5034730182795766,11.12454985893927,-6.7153814960132285,3.0136257117518106,2.3727699506779,0.7512801618377418,5.917825168245083,-4.343923072241496,-5.042291149554934,1.6160995850728055,7.822135955044351,9.406985799087074,3.7144121094121463,1.6978280604184048,0.3588179188722007,-6.366442324275779,-3.991011553021284,6.030449011981109,1.6565390775805433,-0.7604529647408875,Actual adjusted month-end return from Yahoo/yfinance daily history,Market Table annual returns from the same adjusted daily history,"Oct 02, 2026 05:05:21 AM EDT"
MO,Altria Group Inc.,Health Care,Stock,4.982021582674068,0.7526885699363772,2.6913633438665707,0.07976843966863711,1.4830181080865978,9.293279988886848,-1.8271535313376441,-2.3781265996065892,-3.416406774756664,4.570607161744555,-3.312123785340737,6.732748798073218,5.264732036844766,5.254283296409312,-3.9048927157886437,0.504067979340439,5.098886542181336,-0.4806592508658558,-12.756823270687946,-2.4164651977433005,1.0989389402102478,1.2614334764176505,5.621319317244744,6.226635811651993,-1.498421526749083,-10.50607973529899,0.05833425273187309,-9.964727200370449,-0.6594086942233623,3.140894270265915,3.3280677057788033,-0.27267861014047545,4.375229265004799,7.842798220200331,-15.69803151013749,-8.429276184488721,-0.08098622418188928,6.200572374701685,11.14012640978006,-5.397864497116722,-9.70000099392686,-1.9653068108949845,-0.5913555115364622,-7.074563637026188,-4.692212757451264,9.510999223052075,10.962278038794926,2.085993427465005,-4.768591339412298,-15.064176941436159,-1.576372942585469,1.4998750923001403,-0.5095947894076858,2.7080319943123987,4.840783712599461,6.294034712496699,-9.881848434342444,-6.6252471762397676,10.393589459145058,5.044737465745053,0.1951353623311336,6.13437952185012,19.371885441323823,-6.665365006706081,3.078532249487198,-1.4251353338187056,0.7550343548975436,4.558686569772719,-7.71844877931902,-3.097528240757774,-3.3325879285569515,13.273911154417206,7.3643930018853165,0.8058238196478884,3.624098882817206,6.354063219562711,-2.663307695755479,-21.274453710803044,5.003596396168697,2.87275901675228,-8.503765443663402,14.5864218419673,0.6699973649586077,0.15956536966292845,-1.465756044140909,3.0861587949317926,-1.8550253222518798,6.476932027667748,-6.503908282183479,4.119911365518258,0.2649153173139629,-2.6420250112873633,-2.7781841221947157,-4.470859012134798,4.655228423482005,-1.7756383922120866,-0.5453405950034407,1.9691001531558339,9.000713788867309,0.4355771736769487,5.5695128844303055,0.6423085108707927,7.596048539075095,9.712323182003502,-3.213090064957813,6.700613030965896,6.022791194858845,-7.67772329653541,-0.11474802729952716,6.930868163904225,9.402092268399432,-1.4495196619461637,2.468302554409285,-1.5884700429221077,5.645565172387568,8.508241637277635,-0.12261583233754703,-14.653339614374406,4.664774650567183,-0.4995100143217024,Actual adjusted month-end return from Yahoo/yfinance daily history,Market Table annual returns from the same adjusted daily history,"Oct 02, 2026 05:05:21 AM EDT"
VLO,Valero Energy Corporation Common Stock,Energy,Stock,-4.016376644527675,-10.60986373682632,6.7576642349663985,-8.216400770597442,-6.079460156249694,-6.764116978441736,2.509773525805259,7.057587382119457,-4.245715498310809,11.773598244660842,4.889437340269409,10.98114227049225,-3.747064161937519,4.413564353998334,-2.4429720207561734,-2.534314610725341,-3.8465545777074284,9.744587120573867,2.2383473508167384,-0.24244518360285738,12.966240364288883,2.547772613548438,9.455314334985744,7.346387997796255,4.417402780666424,-4.92087364853897,2.5989884538187846,19.575285431322165,10.01746527290952,-8.556087875294427,6.785142423333013,0.2983175668910931,-3.503537892105335,-19.920907671391962,-11.440618337094177,-6.17020871487467,17.140187029032774,-6.114338402953856,4.009356163034972,6.872543064456305,-21.479182199014744,21.605138433419025,-0.42054946862950526,-10.715894071949561,13.230608323562576,13.772893018152633,-0.651646155386465,-1.9269326447216573,-9.97329478483171,-20.49747482923483,-31.532059463646757,39.660472559252554,6.846518200668883,-11.734706587926357,-4.403257568450469,-4.8144830890109125,-17.62691975245485,-10.872590447841734,41.7599680427964,5.207356906401328,-0.24747900267111378,38.51850955548966,-6.988851661601936,3.2961086343697987,10.081684950963554,-2.8855977780844255,-14.228988478511084,0.44081609966621915,6.424373792590821,9.579171180148926,-12.33363781598521,12.20495031248603,10.464667942531069,1.8035453801751533,21.590231261026705,9.789228638229751,17.203543183001035,-17.993828474993144,4.224688640461816,6.65765994923444,-8.76878626219446,17.501191026962104,7.174142057971311,-5.059122416932594,10.381532389706717,-5.240508272358301,5.974358222962839,-17.858177018806042,-5.790266236127383,9.585205493559812,9.897717059345524,1.5725236771920503,9.091616478574792,-10.380357214268454,-0.4902384826542594,3.7013370360864384,7.658018830202029,1.8430422775788768,20.6630890339746,-6.338976066107205,-1.0274269632997712,-0.2418263996568859,3.1640861408109844,-8.66480342104159,-7.973844839520716,-3.9028233248334265,7.996215223270942,-11.856500819748572,9.377871080485534,-1.706773944472495,1.0250169057712366,-12.099654992703213,12.037306062368192,4.225796457398556,2.9849673505865537,10.705694265425535,12.005787626104603,-0.4111290949201929,4.90363847212163,-7.903371707428519,Actual adjusted month-end return from Yahoo/yfinance daily history,Market Table annual returns from the same adjusted daily history,"Oct 02, 2026 05:05:21 AM EDT"
BNS,Bank Nova Scotia Halifax Pfd 3 Ordinary Shares,Finance,Stock,0.9891085459215354,-2.056772382322769,22.149974867475052,8.578668082291907,-6.711160093152612,1.2973940289579877,3.591145606591839,4.825635484760182,0.6235696093606524,1.4530880381252276,2.771634064449602,1.7666083056326443,7.363510427246234,-2.659784848625746,1.625774874904784,-5.019625674195794,1.5459386777984863,7.4697488487060815,3.6255021145291444,-0.2728635511644262,3.3955587788695674,1.4194294128006213,-1.968400994467756,3.0178293459295125,3.0373418323964785,-6.813050684935629,-0.4196160325108278,0.6484934139386,-1.8386147311277634,-4.106217373805454,3.547698155003931,-2.278472293098577,2.9878967188801786,-8.921335859889258,1.2474569233301924,-7.145287844496917,14.176902776013666,-2.423623705859246,-4.1036635202040594,4.621136882080257,-7.9186609757834425,8.529552240246762,-1.7847598501504414,-0.3184599320906978,8.116190434304382,0.8443435134170452,-2.110608198320185,0.6593469309974509,-2.114632883229406,-4.155972573510547,-22.445087602220514,0.5179642474309798,-0.2989256153498765,3.048483237454036,1.3279123710713936,5.10700860262947,-3.956512383141775,1.7559231665305708,17.324345677434728,10.82855318790632,-0.08064263886451428,9.382618068146108,7.308298557046733,2.994008550557825,5.668073045105149,-3.3135152046663285,-2.952038392257228,-0.8488376285692989,-0.6137836455818557,7.783854709406723,-4.774269155110988,16.103233397919013,0.37661312641168454,0.5280834105782395,-0.8570692901881838,-10.71006202890581,6.933038926427715,-12.553524989301334,4.358791456644551,-9.286336963953046,-13.96273073858012,3.19273895842509,8.029802726758284,-6.1685816830635005,12.254005089769615,-8.590434843969508,1.7785176204321962,0.6290278152319306,-3.205766394334364,3.5810492489056545,2.286266193523101,-5.798245212914976,-2.227198582341816,-11.230542266140775,10.625156765178856,8.755854901022264,-2.380449428396114,3.679160519086988,6.828957194357699,-9.994701439325638,3.115467634029989,-3.4016452582876555,3.8348896434635016,6.878088630495283,9.2421810557185,-4.122600640592033,10.739957459364025,-5.787450345135925,-3.4158875605319383,-3.0095716849621534,-4.432803235643579,7.03959672137251,7.082833854546355,3.269806971288447,2.093285294400027,12.317926399024802,3.506243226573469,1.4694411439906352,5.625009349371601,6.350121425380872,Actual adjusted month-end return from Yahoo/yfinance daily history,Market Table annual returns from the same adjusted daily history,"Oct 02, 2026 05:05:21 AM EDT"
MPC,Marathon Petroleum Corporation Common Stock,Energy,Stock,-19.386570354386347,-17.183008839701387,8.554747294171804,5.110260297346536,-10.06419093009715,8.98648019758852,3.767126001789456,8.860387952617144,-4.516555291640312,7.390953815390788,8.75942683921056,7.082107990549202,-4.568058274396691,3.9702441844099656,1.8951580218838249,0.7914693077964774,2.862473349137562,0.5572589731247746,6.994088018269018,-5.598615866607137,6.920861583053783,6.526380927456299,5.508893629380829,5.348902646689324,4.986318751851115,-6.890748999778595,14.127353926638042,2.4620680094046277,6.123025799078752,-11.223552858969132,15.208094596440125,2.3942397619728384,-2.8193112453122837,-11.904451019103623,-6.833041610918555,-9.438288680133745,12.286047976421832,-5.64655987903282,-3.483316682946014,1.704283161028508,-23.65694294638182,21.50461403541888,0.9126820605837693,-11.754495490733675,23.450515428733333,5.267496169381514,-4.390793946415883,-0.6431351968072319,-9.543565228377238,-12.116976150577285,-50.18979606685585,35.81711437913373,11.387145366641537,6.374513753484701,2.1936583481223737,-5.758527365647859,-17.25888749640353,0.5453463745621168,33.70047674342449,6.37859744775553,4.352047136374226,28.023906449125935,-2.0688273911724453,4.0381403676989835,12.108157021898048,-2.233011921286354,-8.606447793018468,8.411395365470398,4.285450864888274,6.6656001066284,-6.888390572361825,5.160252425093859,12.126885117996022,9.330694810698636,9.798364744413735,2.05847221990485,17.35698878963636,-19.235678341310635,11.494973249205632,10.586645991276654,-1.4094160373533615,14.386380892866036,7.87950955524348,-4.4495379241974,10.42186399906333,-3.2642115657280146,9.085744224742198,-9.51567211877432,-13.421250162813092,11.142877039259357,14.082341243192031,7.874388004259658,6.002659921576647,-0.05947519558086034,-0.8189021045449052,-0.5563238059019038,11.620363512452503,2.6903314436382386,19.068733622808676,-9.816363611642064,-2.3503773315907694,-1.772267379748671,2.0405882147472854,0.5398244629140292,-8.02280846903425,-10.705292015865542,7.960362914491315,-10.662827236029294,4.451626607644932,3.6609025526584293,-2.9897485322289086,-5.6832842673741,17.641118512765928,3.340804661565322,2.456192514208677,6.181581492928756,7.250568003819757,1.1258547440923028,-0.10494462290734363,-16.053276883370525,Actual adjusted month-end return from Yahoo/yfinance daily history,Market Table annual returns from the same adjusted daily history,"Oct 02, 2026 05:05:21 AM EDT"
PDD,PDD Holdings Inc. American Depositary Shares,Consumer Discretionary,Stock,,,,,,,,,,,,,,,,,,,,,,,,,,,,,,,,-14.34262837199225,35.86563512786087,-32.8642107117392,30.084983460099068,-2.264802139154709,30.16933328562128,2.4991491696862544,-17.167672696432223,-10.36290231406004,-12.640573656348797,6.230685271467662,7.949594589009812,47.14862947539606,-1.6783620060348392,26.87771421264746,-12.059687319873834,5.201665903196684,-6.874665507934708,1.5899986916086961,0.6987143894053416,31.66805504852914,40.957008183667696,28.36846539875193,6.943158164181296,-3.1154689708877914,-16.629188789679883,21.34861969696642,54.26760655693781,27.99510214957548,-6.731576280934859,3.288876185765144,-21.780788724971124,0.03733775854917187,-6.757258207481264,1.7136446482343803,-27.877497219763747,9.18021610815769,-9.348129162099161,-1.9300761391207066,-25.213673673663372,-12.330828214946543,2.641511038903044,-13.335560698342041,-22.657153609162574,7.4295674317871985,16.848452763575096,22.740816504343144,-20.6957946171905,45.480525389920686,-12.230015213846679,-12.384147927835532,49.62611376215826,-0.5972670140192426,20.1471486086249,-10.461318278036835,-13.484556455473706,-10.210803483788544,-4.152607142613252,5.8481318320136255,29.910327578440743,10.187042481593522,-0.909368005232114,3.4159258535185755,45.375670581063176,-0.7664167553588896,-13.286853350008743,-1.8365269808567564,-6.656496591123573,7.681720692624339,19.651700282911698,-11.236481484990502,-3.0537778501599555,-25.43253854800588,40.26635802983649,-10.548180015004116,-19.927025051037674,0.4453192999666955,15.383035495367503,1.5905627031085112,4.098861757977823,-10.798478195241723,-8.581981230258485,8.44472214846148,8.398617407382236,5.967390440344866,9.940107159293788,2.0428213555628183,-13.931929981762314,-2.3173693995295896,Actual adjusted month-end return from Yahoo/yfinance daily history,Market Table annual returns from the same adjusted daily history,"Oct 02, 2026 05:05:21 AM EDT"
MDT,Medtronic plc. Ordinary Shares,Health Care,Stock,-1.3000528374940812,1.9362595765462398,-2.596124016861623,5.533295979532937,1.6803583486290963,7.815614792988024,1.492481378249555,-0.684739479432972,-0.22823274254534232,-5.069411433325199,-10.985136005014962,-1.8554183004067304,6.7246619245040495,6.4324679037371935,0.09805732584005078,3.1405237094869864,1.4321801382169097,5.303736541701776,-4.893286758966575,-3.9895201276899717,-2.9616704460056487,3.536074458114369,1.9994966335938447,-1.123961223834713,6.3653291407085755,-6.985657635230513,0.9934811718143033,-0.11220309562700592,7.724968791468512,-0.8225169510634567,6.01303164296938,6.849184997626212,2.0329720571974796,-8.691670417786012,8.583844287206066,-6.207446860081034,-2.8254272477099107,2.3872036061579838,1.1924648737663635,-2.4923083081679565,4.245027107945187,5.19547711376962,5.247115608153519,5.836786822056528,1.1843216669854995,0.25779215023848945,2.2864920519772403,2.335075275988463,1.7540962435299567,-12.794543362900889,-9.859521560316708,8.261255327491778,0.973041928297147,-6.368460656657648,5.212683679811958,11.390980761100788,-2.75554779201006,-3.223656192553037,13.055582672056465,3.5400811061589765,-4.959881203274541,5.066004376865574,1.49939235765153,10.827063790324608,-3.307376039267862,-1.4485232171484896,5.784254139121692,1.6525610396942225,-5.629581651590088,-4.379731365430029,-10.979493494880543,-2.4283177661288846,0.03866157014988936,1.449411898193298,6.307610915018302,-5.9395905193352805,-4.034122241907179,-9.696383348989922,3.086343341139952,-4.97191322698588,-7.420807190088197,8.160997686953642,-9.503094247661824,-0.7952925045804471,7.681415673736858,-1.0634712075533015,-1.7975070891559364,12.81321193575633,-9.004947988641398,7.290619931735298,-0.3859357247864792,-7.133090219672855,-3.0315996564407865,-9.95407438756899,12.344109612703003,4.793839960618973,6.263677016269709,-4.774959003098777,5.412006676940417,-7.9288513459470185,1.4082670262883124,-2.407888000533931,2.0454774095922446,10.283894004786465,2.4385657348374057,-0.8663793415274679,-3.036402328553678,-6.897190471141701,13.695548931440404,1.3212814214158097,-1.572994423338736,-5.675479642630632,-2.1000511981781433,5.922042322760546,3.5218519841639706,2.847958332306555,3.396742374318129,-4.766903598268346,16.130107355314706,-8.130337866006787,Actual adjusted month-end return from Yahoo/yfinance daily history,Market Table annual returns from the same adjusted daily history,"Oct 02, 2026 05:05:21 AM EDT"
CVS,CVS Health Corporation Common Stock,Consumer Staples,Stock,-0.7632446454953312,0.6005205024444127,6.7510468452747885,-2.7142634935448773,-4.029825798152597,-0.7361382464749266,-2.727596803437937,0.733385498735295,-4.721655662594482,-5.027821508093133,-8.573113211895588,2.6271310741604603,0.4771196053039217,2.245874272917936,-2.581270306937322,5.694474795089777,-6.804970599712368,4.724723188391344,-0.01270780964374163,-3.240344929853245,5.146170498136926,-15.173529308124877,11.775843817407194,-5.3524654847007636,9.212525737490695,-13.928085575332327,-8.150015570156043,13.107530356746855,-9.222383742134799,1.5144236347296003,1.5579586920817068,16.00373388013365,4.625182498904823,-7.405566597283697,10.788763687014825,-18.30421112175288,0.8082187848370115,-11.77727656731843,-6.7438996435860155,1.8015611125998587,-3.696218666375306,4.048100702778723,3.4518396250589722,9.038845114943905,3.5292183259440835,6.060708091837164,13.375533265798211,-1.3019825573412858,-8.09302314313316,-12.739618887809456,0.25346943493287366,4.60990931077665,6.531280488022118,-0.915041710982778,-2.3679334848466516,-1.3028118538299993,-5.988420614677247,-3.140566947833856,20.85933808922915,0.7523142426904661,5.606559957427248,-4.912799742433094,10.421276251417133,2.221579193358547,13.141393878100892,-3.4706164307247156,-0.6965463795452376,4.893098512250416,-1.7710304325848525,5.819904857174341,-0.24642751804706542,15.83203784726157,3.7992324774106745,-2.6851516065480197,-2.3541148074984863,-4.52684573089539,0.6449314634164427,-4.227377921258125,3.8595958438858213,2.5814892655608546,-2.832364437879531,-0.10311749381263224,7.5818276683604635,-8.529640783407766,-4.679349149181489,-5.3049073559673365,-11.048607130228284,-0.5348102980443081,-7.202309716301015,1.616938343421248,8.928849257904714,-12.74603311141994,7.135202119252582,-0.3117386345646844,-1.536028914873644,16.203116686145314,-4.957583739484561,0.0,7.247549345391979,-14.286404583832436,-11.9775486896609,-0.9060369333410367,3.3035798108333347,-5.121833901441242,9.85324397329208,-9.209335189885381,6.004255237230294,-24.99581526836322,27.41768888653513,16.359784868285598,3.0888450300230907,-0.5199526296366219,-4.002401175896275,7.713949386889474,-8.992078709254237,17.793887062897618,3.062199772731189,4.508396685616933,2.8278938373648144,-1.2444066602703474,Actual adjusted month-end return from Yahoo/yfinance daily history,Market Table annual returns from the same adjusted daily history,"Oct 02, 2026 05:05:21 AM EDT"
SBUX,Starbucks Corporation Common Stock,Consumer Discretionary,Stock,1.2327152660293272,-3.8995651100536377,2.559701341024767,-5.812389989724453,-2.04152803957951,4.062654185154457,1.628196274116278,-2.7979122699867243,-3.716873458403702,-1.9763876096879907,9.739103528406744,-4.226336241070127,-0.5403396689850015,3.452131011837789,2.672757739987741,2.860079482078315,6.347030209393734,-8.332018540379394,-7.4258271854031666,2.0890156093271495,-2.096259994544092,2.103905899770808,5.9925340976304975,-0.6745062997165596,-1.0795604388525115,1.0556134074966916,1.3835451952028732,-0.5527879432287164,-1.0485786051645851,-13.799179561795082,7.246691079426282,2.7335557422112355,6.342380221281929,2.5158450494508378,15.116225115854686,-3.4772081938522104,5.807415850280728,3.6493909644520484,5.806996118557839,4.492851028785072,-1.6312011087685097,10.215604106224818,12.954770878476163,2.3614110272223154,-8.430018190430355,-4.365492062851728,1.533828896549272,2.914710131605869,-3.5145869989134715,-7.113594231855647,-16.180043771117703,16.71738015068549,2.2165332746456823,-5.641730653309562,3.995083158175805,10.975467990188337,1.7165637372304143,1.2104152048555195,13.25003352382903,9.141002628356553,-9.506434965802269,12.064766631622748,1.1478218614319857,4.7771461601500365,-0.13704090842001637,-1.817708382233707,8.603887528218635,-2.869131605751385,-6.1111616358191405,-3.843709485896707,3.8113914587542874,6.685548938613239,-15.9442834019334,-6.168196203591436,-0.8933747928307478,-17.950967686415442,5.912226019823019,-2.6878701877609323,10.983098407401615,-0.2724589789122156,0.22601213259911823,2.7652396144471236,18.705810470430272,-2.935434932229075,10.020174752413592,-5.990885455236983,1.998245063661419,9.757035606093867,-14.142820238016274,1.454350930872006,2.533793191089373,-3.5545963249985935,-6.332083189199055,1.0627787831488433,8.245512480321814,-3.3132038706313427,-3.1038313061497957,2.6238345231802462,-3.698628786862679,-3.173218100107733,-8.657903258020006,-2.9543776876548633,0.12844726357454928,22.05461574123886,3.0876710185629763,0.2154147021069086,5.520728086144255,-10.940861782063926,18.00548957284398,8.13387211534986,-15.30093504922817,-18.391262967168366,5.61022599091161,9.148314939624381,-2.695620319632075,-0.4353018493261973,-4.0707619149011665,-4.408976061616087,8.49426878487558,-3.3291338200702403,Actual adjusted month-end return from Yahoo/yfinance daily history,Market Table annual returns from the same adjusted daily history,"Oct 02, 2026 05:05:21 AM EDT"
SYK,Stryker Corporation Common Stock,Health Care,Stock,6.6817154794549305,0.7362647455653626,7.808859295359083,1.6030783247660496,1.9723258988528558,8.157682650041753,-2.962554938811357,-0.5332024254998569,0.9741828536545594,-0.9105709789232752,-1.465120863810676,5.782863007931649,3.104925607400033,4.071901526134858,2.732569850369937,3.5852534775507205,4.832460255351267,-2.6274247331662837,5.995079503164424,-3.8953323968721643,0.7636090810902108,9.047975726942559,0.7296571725849743,-0.44289689597951654,6.16118539104995,-1.3505110563054812,-0.46963488380560303,5.28217521126455,2.7151034601277324,-2.6948147454807447,-3.3222905363058275,3.78559446533,5.150442963922597,-8.701038678927631,8.161760227794002,-10.361895690768241,13.28228659388062,6.160947111893855,5.058038422151245,-4.359050911784202,-3.0014498485172125,12.480701466941134,2.042989561383002,5.186415039286185,-1.7397798675163667,-0.013826390426840973,-5.275847249742338,2.760368566272642,0.36200403294655015,-9.54436516563617,-12.328348768824672,11.976713590317068,4.988466235033484,-7.63383367209074,7.275634044531554,2.5142192124120166,5.4449442545845494,-3.0522555551180552,15.538826880409662,5.262498807075144,-9.806573341456614,9.809522140641702,0.6286600028644118,7.820834977485691,-2.8024205136637614,1.9939551943358058,4.316048101347536,2.2735433368684665,-4.604173956717372,0.8910873697085764,-11.064749487938153,13.302324734073135,-7.2432892543717315,6.168116289987102,1.7780200577077299,-9.758731591514335,-2.8019626998412317,-14.869337078502165,7.952569448786573,-4.447053015746382,-0.9618627642672739,13.182582993678714,2.0284425943272177,4.857482899476828,3.812010927767684,3.573529324556257,8.885951236469868,4.9672395723957985,-8.032693057898143,10.985508383147845,-7.106083520426621,0.04939616222630061,-3.3535007934392125,-1.1161379303998298,9.662519165133077,1.3273415839226255,12.028340182270036,4.050901925596273,2.7555880630161678,-5.971449198347045,1.3640455673352703,-0.011371044424013377,-3.7619325856999675,10.06870658428014,0.45612911978758497,-1.3785064892643084,10.06791369703004,-7.972255227452907,8.676582937290744,-1.3033731164151519,-3.386966843800565,0.4486085417370944,2.332055231059238,3.615997426291395,-0.732996472790115,-0.3361193663153017,-5.339300918367151,-3.632977408336502,4.19380563327556,-5.074196036078149,Actual adjusted month-end return from Yahoo/yfinance daily history,Market Table annual returns from the same adjusted daily history,"Oct 02, 2026 05:05:21 AM EDT"
EQNR,Equinor ASA,Energy,Stock,-2.578775143883205,8.81519908937265,6.868124670310771,13.046277663268135,-9.194376710281372,9.835035890784937,-8.087807069825681,-0.2654015250121655,7.348243195663229,-3.333356075102012,8.614266810238313,4.827593096217164,2.3574337967770864,-4.535801897792535,-2.3863314979680528,-4.365571166026627,5.964696048861895,-5.054543888280028,13.490634684863334,1.662483742201104,6.578236061327591,1.095058994323428,-0.04973534358299059,6.673280250492941,9.430460807800412,-2.506187484409217,4.507307477693101,8.245241715595085,3.4096671169270953,0.6095169723494553,0.18927354985882605,-1.7219425426251989,9.429544559035818,-8.865210828557213,-8.160108882794749,-9.452550189940556,7.605102998928714,-0.4131871628653583,-2.181669644472106,1.001383468436745,-12.64296479625342,3.2898252109170745,-9.95956702841847,-2.9674648143975135,11.40504695144453,-2.32188955663466,1.4566600927438556,7.447371162328809,-8.689107945961839,-13.172742076214528,-21.671997045580316,11.494220424123913,9.638321113976822,-0.753952075011477,2.9696343917157586,8.231620103379832,-12.39875768017492,-8.748232070508365,20.301097166838368,7.040401785341466,7.978077729692901,7.59307743267843,2.6371221122585053,4.162401985020736,8.705477583405163,-3.240515847594061,-7.735841319423842,9.129532932002626,20.339774538063992,-0.27451491941052897,-0.7888768896709086,5.067851573838134,4.6334638859414135,14.873913549580898,19.23077900790904,-9.144239675617127,11.838505679973622,-7.7004946829058,10.50057075093138,2.0802085748987453,-14.642933139898117,9.57414519250419,8.223490462526284,-6.9386737867830455,-12.553500027223096,0.26290210958652693,-6.817430441299455,1.09038767503431,-9.06114119305288,15.317820478277078,5.032540917312711,2.5492741783947004,7.262015016383172,1.7688212355869926,-1.8559708704805722,-0.7216950000062727,-9.386857789394465,-10.998509941396284,9.788781648040846,-1.6278029048540477,12.327834297511341,-1.9903916999121862,-7.0027932360930745,3.854696689302739,-5.801414356025159,-7.303595972998433,6.046187813179271,-2.0264697905763907,1.2663512927052256,-1.0212160632386835,13.082514506329224,-15.727790307684486,7.0642669492043675,7.024259842837877,2.4264092395241965,-2.956823919828333,-0.9345866614540954,-1.7227223448750495,-2.9100343430373488,3.1427242726647764,Actual adjusted month-end return from Yahoo/yfinance daily history,Market Table annual returns from the same adjusted daily history,"Oct 02, 2026 05:05:21 AM EDT"
LOW,Lowe's Companies Inc. Common Stock,Consumer Discretionary,Stock,-5.381183992042448,-5.763311182553366,12.172346209687435,0.7212352071490624,5.4064562485609535,-1.1980318361530795,4.375556218236731,-6.951885386742552,-5.681829452784659,-7.244762149314621,5.851508587119025,0.8079217263065264,3.2595285242712935,1.7651669775299084,10.541886869408845,3.6825639539434407,-7.198404593743479,-1.5741935454135492,0.3897309391999393,-4.534859150741344,8.187832381975667,0.5250570412268507,4.277705176365276,11.478935514551214,13.118596088610946,-14.456216780599984,-2.0537875485291957,-5.603829463055754,15.26140008211916,0.5894193842409523,4.440309156741606,9.472538025911481,5.581561848934635,-16.663617472215996,-0.8926634451684956,-2.1299093345112374,4.643146722882774,9.2866218878074,4.167841523609583,3.791723336285102,-17.553480224370468,8.179697459640089,1.0274267562203399,10.650877434241156,-1.99644038969099,2.0016579612638807,5.1071011835305935,2.088470132322784,-2.5009537951663052,-8.318998462103334,-19.254949066976266,22.439428361964087,24.439138780002324,3.659380513290178,10.628004975713857,10.596998863153706,0.7104227040450661,-4.350939167641599,-1.4421478429089252,3.0098895123586544,4.315212845580141,-4.2553333978680445,19.04850170499732,3.4961193942688817,-0.7235572593385031,-0.4414139455511723,-0.2462224868584273,5.812458222588468,-0.5051699720392544,15.67912308065338,4.606077867996072,5.678890229670919,-7.871912214825261,-6.863262702756234,-8.536152408404696,-1.8101533661332159,-1.2289403025112278,-10.563223975656689,10.275691561141587,1.362714040334656,-3.2605522419735133,4.366337887043503,9.02794185015383,-6.262036612888144,5.060003266685409,-1.2004785794078932,-2.8092413748247003,4.4502832395582725,-3.2237869100405048,12.215963882944436,4.287318844577914,-1.6177925575580843,-9.82297879627325,-7.770718452123793,4.334361399917341,11.929791446588167,-3.882170732048018,13.075533223421276,5.842055294518067,-10.069588191222945,-2.9387331735975963,-0.3750516179808816,11.90258758730225,1.217879018737289,8.993965381557146,-2.920146464159268,4.048422345548364,-9.407914891246827,5.825044550128244,-4.383943800384271,-6.19771073012102,-3.640297185515029,0.9706626197064638,-1.7100121354089115,1.3021439705749094,15.426935306065538,-2.6156760376391697,-4.778634545010996,1.8267311211559223,-0.5443755233151104,Actual adjusted month-end return from Yahoo/yfinance daily history,Market Table annual returns from the same adjusted daily history,"Oct 02, 2026 05:05:21 AM EDT"
ING,ING Group N.V. Common Stock,Finance,Stock,-13.892992114793302,1.121665716478204,1.7917931497907436,6.808969595272685,1.3854640318365252,-16.96140127100758,8.518880472166002,14.542842126836074,-1.6732966405217153,6.239873744542468,3.508767676059321,3.905677149652842,1.985807190326816,-3.824746791900102,9.110631547321635,7.886029399850103,6.490823933510814,3.021303279236509,7.705604165366076,-3.5957139241199254,3.5995427098327593,0.5429027389832308,-2.267841995274966,1.9889589585311285,6.717239194448421,-10.761420256654809,-3.69738885163986,2.2762265653032854,-12.864818184132087,-2.1189344554709,6.634117845639853,-9.360747156762928,-4.49188793596541,-8.94372196504868,2.286182641925616,-11.754971054889761,11.350876538383892,11.373200549090058,-8.169446665491687,9.232339893291886,-15.673954301637716,7.527874701367421,-4.06224321150932,-11.646194686501254,9.424077200912539,8.421070524836605,1.6769585056538805,4.600691263495138,-9.792519193746452,-12.695527937286489,-45.732347324216825,6.796132723392256,16.000002279811532,8.150457075997641,0.0,17.246386819589542,-12.484543716741003,-3.6723202197663785,41.495572702035275,-2.1761350056093254,-6.567812635203207,24.893484753935468,12.511474605360839,4.170070418458294,9.654644983053995,-5.2255001201599205,-3.3232642515615307,7.656245552700325,5.1523986122670395,8.595905838614648,-8.98876728447796,1.0893025328484685,6.321849668386137,-21.35135209968604,-10.395158631618528,-6.110653897120322,24.439065301644682,-12.367510868371967,-1.9153311908282733,-8.160799559193944,-3.1890613638267173,15.529408424814184,23.421583489919872,0.41254172230220654,19.332522895432504,-3.1878048113830104,-15.032216059690528,7.868943653927674,-0.8885105031534724,9.779934216057672,8.166289082967705,-0.3062018504173425,-6.855125603647306,-2.5796574895440405,9.657317036814383,6.676139507713796,-5.459395651807175,-3.3802750150211502,20.1895080323351,0.7570782167162005,13.227851129425684,-4.192291779570423,5.775956910978652,2.767968077861749,-0.2745710612406027,-6.662986932455128,-8.849553741394335,1.42393876735889,6.87753136288034,7.0005965002187365,10.490708068359078,3.075367536569207,9.757361298074429,2.869229609488566,6.812996608503963,2.011982471871976,9.441871437640458,-4.409501482009492,4.051338912929636,7.941407560642255,Actual adjusted month-end return from Yahoo/yfinance daily history,Market Table annual returns from the same adjusted daily history,"Oct 02, 2026 05:05:21 AM EDT"
ADP,Automatic Data Processing Inc. Common Stock,Technology,Stock,-1.9239563288791284,1.9255967421987208,6.588328175517577,-1.4156745221664435,-0.6784570536989332,5.229935991906576,-3.178409169856422,0.9668891515344447,-1.2100672797450085,-1.2924977322948061,10.291747583407895,7.679520306463838,-1.7415627994535443,1.614042645969338,0.32427622106872,2.050990502722172,-2.0289032712160426,0.65486555355454,16.055054315959396,-10.461727453920933,3.2213464663965796,6.348333923970206,-1.5482505904386046,2.944590889423604,5.495348075155682,-6.721653095777458,-1.054374495838939,4.053607249878688,10.111776626941893,3.6944326167819064,0.6336689796438533,8.71174083816253,3.1481446646925093,-4.367447835019867,2.31814365643368,-10.550512841938342,6.650377169517263,9.432200499613664,4.9282217511213755,2.910994674729417,-2.597490045869033,3.749889699538733,0.7197593954593184,1.993775294655875,-4.489360786573638,0.5017520131697983,5.270320545205265,0.3822680241069465,0.5219805899580487,-9.714670378506963,-11.124766085214521,7.323660285844702,-0.13634277545439,2.234550831991733,-10.732741704140548,4.649758617251765,0.9569416252700247,13.241074092112925,10.078485240368629,1.879290657063759,-6.288347625813806,5.390062269218232,8.85967532103944,-0.7852636868190821,4.82914183386669,1.8041006191721998,5.543238494117353,-0.28144085356058834,-3.927222249504392,12.289914128828183,2.850911940573342,7.27157837772896,-16.388180672588703,-0.839133244664747,11.853901154891577,-4.1135635675597415,2.181707147229184,-5.338813066457238,14.797175352394266,1.3644582473558042,-7.054783250154484,6.857076218242408,9.284225105316658,-9.132497683017228,-5.463459604951392,-2.6526639901619853,1.8518710880388145,-1.1813191844216697,-5.004561401129837,5.7785253617674615,12.498316000540077,2.972576660493087,-5.037559621863008,-9.294211004225017,5.361571933764164,1.9407796334479865,5.498551017421649,2.176752380848823,0.02095408239581875,-3.143271372676537,1.2526326916092456,-1.9819076123741786,10.025552675572813,5.060524359392993,0.8041390153863182,4.520637956936335,6.116026104266337,-4.132269558918688,3.511744565372532,4.016385177556958,-2.5452194159902963,-1.6135660827994114,8.293396761860826,-4.788818702699604,0.3566777251398312,-1.7609050161600526,-2.968424573760242,-11.311765754441561,-1.92086023036111,1.4072741834331826,Actual adjusted month-end return from Yahoo/yfinance daily history,Market Table annual returns from the same adjusted daily history,"Oct 02, 2026 05:05:21 AM EDT"
PSX,Phillips 66 Common Stock,Energy,Stock,-2.01713430752829,-0.20595522291486645,9.069098198434222,-5.173784222625399,-1.3378338180119909,-1.2693060895909603,-4.13410698287101,3.975756726426516,2.6768450382345987,0.7449071683331754,3.157952315797563,4.008144344249143,-5.543346806979976,-3.442767626072296,1.3173128255946631,0.4291820366206345,-3.493169874405244,8.64538519151643,1.2818507704533522,0.9158549357185519,9.306814787765184,-0.5785534968188788,7.930771186799013,3.679786518234529,1.2357641258866847,-11.07704364590888,6.141410825213134,16.044615699651345,5.345179912276432,-3.5882790645035634,9.820983469401368,-3.245463068796628,-4.885622692846159,-8.782843918482664,-8.282479418420795,-7.880644435336503,10.74870117730966,1.8475189092136635,-1.2349453470995364,-0.9456906187912839,-13.406107198099281,15.767309099909088,9.642923269813174,-2.9481058462230036,3.8223765999027215,14.082042007722917,-1.0520704563441452,-2.8852641981373384,-17.987611939897484,-17.244951413466637,-28.33288994562958,36.383971007631914,8.315045868128678,-8.126751018437261,-13.741305174969654,-4.372020922032471,-11.3391432980253,-9.99229676515151,31.852388787721054,15.450643307213397,-3.059776050180274,23.885486316388427,-1.8182017012798646,-0.7726249670877094,5.203572495271924,1.899785417261568,-14.437171005902083,-1.9586491079754076,-1.491065068629105,6.7827925641160025,-6.410855284505502,4.7564015197239184,17.016284091715185,0.4126954913366898,2.5522353443907297,0.4282633072742126,17.38855313826333,-18.668775302087937,8.549821734492657,1.6199202202648255,-9.769703235609573,29.19969123659223,4.895031542270734,-4.020654189168226,-3.6606487805386667,3.3177733112212504,-1.1505243118375752,-2.3476020923907215,-6.4443566786719035,4.115270484665223,16.95324630411026,3.2973098125924416,5.247025023812357,-5.060355136106631,14.028749329091506,3.2973918201247177,8.389652042838037,-0.5337894085808093,14.616530427391638,-12.324003930554783,0.020552113552274598,-0.6614546448703185,3.0530446356486163,-2.7511395553530327,-6.3145848775364115,-7.325979199412713,10.956667465328485,-14.964917779173936,3.4582705958652094,11.019376484884646,-4.7883349581578365,-15.727248445012531,10.103336778918859,5.128651982017929,3.5875858213193057,9.158283549447589,1.8266111897871307,0.08823228086394241,1.4577631583198913,-5.7827131903742,Actual adjusted month-end return from Yahoo/yfinance daily history,Market Table annual returns from the same adjusted daily history,"Oct 02, 2026 05:05:21 AM EDT"
ENB,Enbridge Inc Common Stock,Energy,Stock,4.248298646598725,3.3279034854677203,10.164213160476553,6.759217485074154,-2.967878294746651,6.191995303540088,-2.903682731011459,-3.041285020468165,12.003016391029654,-2.396554348619573,-1.7048290762744056,0.19026694179895554,1.1395614601809045,-0.7347584697189213,-0.02388707736159512,-0.9320891157107769,-6.07733351258889,3.3757545461743588,4.144648711512788,-2.3735498646414555,4.6261284971513605,-8.078372843694737,-0.6360100667334279,3.7124973129893712,-6.341078573388659,-11.789119126345504,-1.0999442312864538,-3.8131615631626703,4.2611575672115265,14.86965784909906,-0.7285081293839979,-3.556325649050429,-5.501874847315125,-3.6543550027755667,5.372007446261762,-5.04126258438089,17.824969671567036,2.601815992886003,-1.9735040477882215,1.8753522064969719,1.3003697512119716,-2.142642355142277,-7.455658121897468,1.8633850458305679,4.84162020488883,3.7913424336259327,5.889787518132916,4.657857145274491,2.263027754841973,-6.641819635737378,-22.28160642017516,5.46578333735801,7.749011680641593,-6.255794593540176,5.193964288892139,1.894682079361476,-8.80699124992117,-5.616455060940096,15.595969682215948,2.4992149085937276,5.032831597948473,2.4913034975103887,7.660467494048273,5.9615142140125865,1.5202679303139677,4.0540749826860845,-1.7232934688234502,1.583016126985548,1.2464715640854829,5.175896354151588,-8.872548451216467,4.102303163992627,8.16273961744427,3.7591927730903585,6.739231737291074,-5.3156802140517545,7.400098085453566,-8.429050190120801,6.31801036037507,-6.839240456922225,-9.995157145622802,4.986505200672453,7.678752221446028,-5.303925568143897,4.782612731696978,-6.904879333592195,1.6791180853274357,4.220158969903598,-9.968281122553336,5.53977909366048,-0.9421350331163314,-2.9291611540466778,-5.387707684783982,-3.464881453736657,10.942617667117439,3.2979813411319725,-1.4436520287528176,-1.08952103622999,5.113326882431979,-1.7689366249512006,4.782083829118822,-2.7064156826470342,5.141889892966245,9.220941213062762,1.0701905463006645,-0.5171153703510623,9.02849006651798,-2.1899532518320997,1.9090267703784747,0.2990892028509995,3.697637286050348,5.371242486957439,1.0821323916258896,-2.495712690358587,-0.06619000858666402,8.269204015988208,4.385595735621539,-7.609986771997789,4.633203219809556,-1.947513897563058,Actual adjusted month-end return from Yahoo/yfinance daily history,Market Table annual returns from the same adjusted daily history,"Oct 02, 2026 05:05:21 AM EDT"
HOOD,Robinhood Markets Inc. Class A Common Stock,Finance,Stock,,,,,,,,,,,,,,,,,,,,,,,,,,,,,,,,,,,,,,,,,,,,,,,,,,,,,,,,,,,,,,,,,,,,26.088187114853966,-5.05414683933566,-16.896388547931195,-25.82213431922764,-31.534310473262895,-20.32657975128217,-15.123671005941086,12.489591768639418,-27.424129244538886,2.600715007691634,-18.290259203170066,10.097322344808934,5.524861762012856,5.75916418586524,15.64356301020393,-17.89383645531023,-15.119914350302178,27.886970618513995,-3.2660918114462145,-3.574971872762611,-8.856845039120786,0.7909569695701446,11.883401982915554,28.8577179012131,-15.318813110011376,-9.917354358654917,-6.8297660309389,-3.719914002369573,44.77272153393308,-15.698587409193209,51.862195656679376,23.421212874966212,-18.08246170592397,26.74348034337828,8.660284684108843,-9.423159295112448,-2.1876463892415487,16.401585981177735,0.2988885337155578,59.81269170417014,-0.7458779626143386,39.42566586997573,-3.561120811644203,-16.92614730640487,17.996160189059406,34.697619026165505,41.54194269638598,10.06088441169528,0.9509904886144005,37.63336956250707,2.5143220335731797,-12.460821255104538,-11.977590754995916,Actual adjusted month-end return from Yahoo/yfinance daily history,Market Table annual returns from the same adjusted daily history,"Oct 02, 2026 05:05:21 AM EDT"
SNY,Sanofi ADS,Health Care,Stock,-2.3681082403206877,-5.01920423531399,1.5423353268465334,2.340639396942401,4.460002334072222,1.577671571242556,1.8637929796732733,-9.758387434045101,-0.7278340200636779,1.8329332352059025,3.3684845674731845,0.597023358067772,0.8407285816721011,5.762643705834436,4.915362699861214,4.530401652044214,8.279253065021287,-3.387780914975791,-1.1479956761761834,3.1250128577284597,1.9451260021786432,-5.041159464887823,-3.4687283256733537,-5.7843930048468994,2.162787251503917,-10.653308963031138,2.1146598077329326,-1.896217815846224,2.2517597990726834,4.546635050817471,8.372917068994257,-1.1762037888730315,4.247382252777321,0.11193295459224206,1.4087664903180475,-4.277842464616866,0.09214549955056661,-4.257775485882876,6.4423090458370025,-1.2420950839919787,-3.688060606589416,7.024489818772595,-3.6283671927326955,2.9975926226054828,7.869619238144643,-0.5396154065337333,1.3020856620545418,7.540703618243505,-3.844612728623653,-4.1847888919932075,-5.47027322878002,11.087653353924033,4.868680046556717,3.9503170233762264,2.742409449601202,-3.565307626799885,-0.8105948632617599,-9.706982162065659,10.816770707568368,-3.2071717137665767,-2.840093802967336,-2.796021085280598,7.7794713872050725,5.883539535385118,5.87746864979144,-1.4411370285061231,-2.0888809303582168,0.4266818819069096,-6.894546324226458,4.604850732586541,-5.671210954879758,5.318468518104691,3.792414246932041,0.865376758029468,-2.116295406138158,1.772502703737322,5.922731002647552,-6.0469574761838345,-0.659602473225207,-17.444667623251842,-7.3360922116811,13.703314290635582,4.904006289226803,6.791615234864468,1.4660257546130984,-4.660149320903894,16.157953362405998,-1.414919911541812,-1.326131851806267,5.64485098800549,-0.9833166716350927,-0.355998374277644,0.8649765869263915,-15.641308631405415,3.314921408207172,6.3743315187156036,0.34185744188608425,-4.108225198721338,1.5673908831979277,1.2963059159311285,3.8147118829733095,-1.0401824186942576,6.780716946484433,8.589065596390654,2.4351325629474285,-8.242233049306002,-8.30181831974015,-0.536193331709478,12.668457713628811,0.23923846677220695,1.817510232989883,-0.9195842901595808,-6.173401687604796,-2.1470493128866397,-5.52680668261416,8.41367602137093,-4.607919228755564,7.161012767113939,-1.383947306582023,-2.8468321194090818,Actual adjusted month-end return from Yahoo/yfinance daily history,Market Table annual returns from the same adjusted daily history,"Oct 02, 2026 05:05:21 AM EDT"
FCX,Freeport-McMoRan Inc. Common Stock,Basic Materials,Stock,-32.053160365590905,65.8695295373962,35.51772385470524,35.39648626653249,-20.857123386525178,0.5415057226896725,16.337507680281306,-20.601832125509233,5.539353770358946,2.9465910804979734,37.29871614771576,-14.07164004402225,26.23200147586333,-19.519529717958093,-0.29851222757479867,-4.5658541797079515,-9.88236851553317,4.525664128831841,21.731905691567,1.0943942767196235,-5.0067670826118515,-0.4273497182778696,-0.4291762598616744,36.206871238876424,2.848124736394375,-4.61539263538101,-5.5376486716051225,-13.190574175935277,11.11111033972849,2.130154865994549,-4.127879823320546,-14.848479434056062,-0.9252669359176235,-15.989988552597168,2.4892776897163404,-13.651574933714672,13.388808458210022,10.824762988312276,-0.0775294091167611,-4.142185630600759,-21.12103289736661,19.567420915529542,-4.306222882999744,-16.907781518279474,4.134928130326743,3.1881632513457214,15.885955528022254,15.289955700571278,-15.082515573242283,-10.270284113450112,-32.22890632107915,30.814812979118365,2.717990355394373,27.563424914254277,11.668087916056935,20.82042849363188,0.19219897652975604,10.869555802828268,34.890419693762475,11.244139239669915,3.4204386867479286,26.012639396301296,-2.8900084466181863,14.770833963114406,13.285609596911186,-13.13201283711546,2.883694533712733,-4.488189609903381,-10.607313632678073,16.197796904116423,-1.6966917155345929,12.54042257603416,-10.510249371213366,26.141847316376875,5.94249660480346,-18.220501469140203,-3.625169980123555,-25.127932381065065,8.441568064444605,-6.180654012445452,-7.6689289217204415,16.559421056527015,25.59168905026301,-4.522656590781615,17.81101428606089,-8.180192725305147,-0.1464395976884858,-6.9939001279624495,-9.417028304625774,16.482224434982907,12.037718262839814,-10.615904986840741,-6.564787852450948,-9.045474114826268,10.479595769480454,14.067519164044807,-6.4254778847806175,-4.736696602170875,24.35863620116192,6.52504095916171,5.5866936228424535,-7.832353103798906,-6.289669883911142,-2.4884410188463324,12.73712116941459,-9.537972763339098,-1.8214019669560932,-13.846161313181316,-5.497231799637015,2.956768014411204,2.573831573612706,-4.4087620817210516,6.799888725130776,12.655935747183689,-6.868007279594945,10.337976948360271,-11.666661745721074,6.704650902841625,3.0695419871803242,18.17124512541144,Actual adjusted month-end return from Yahoo/yfinance daily history,Market Table annual returns from the same adjusted daily history,"Oct 02, 2026 05:05:21 AM EDT"
SPOT,Spotify Technology S.A. Ordinary Shares,Consumer Discretionary,Stock,,,,,,,,,,,,,,,,,,,,,,,,,,,,,-2.4494287746202215,6.676810811631895,8.672132585304414,3.6591382018297924,-4.585269230425504,-17.220593416097962,-8.891707757038569,-16.776656447895455,19.339204359684746,3.462534180195198,-0.9561840614576211,-2.182996190689568,-7.505341475100147,16.435737449196598,5.963617253388764,-12.90177176854227,-15.52426633716576,26.578950045401584,-1.2127511871031005,4.910557593926113,-5.5165495363746375,-2.958250420588593,-11.435234272274142,24.81060958257966,19.370577246697263,42.70160442888626,-0.1433034252639076,9.44069336996105,-14.031044734922894,-1.104838955208598,21.459834031647617,7.993276224463242,0.10805197163086255,-2.419046068948416,-12.827767600177442,-5.907824731731193,-4.184510549456832,14.08286955425413,-17.025290755263278,2.479554910721693,-3.8405735856644196,28.428152391791862,-17.588111599854017,-1.8742143483031937,-16.138958453817764,-20.41679057727377,-3.310069843224961,-32.69103519392817,10.939493310638548,-16.79524286230103,20.45187513324811,-4.308967671064135,-20.20341947835541,-6.628042895053654,-1.439567679014775,-0.5917920316534375,42.773914601415086,3.1760129456041453,14.892512133229818,-0.014959597666763802,11.452086148195262,7.824049451185711,-6.938647884084526,3.052002842397483,0.43514851180972425,6.544228632391547,12.351302975232436,1.5126157649643757,14.602736366685143,19.066634035225793,2.9210990707855267,6.267528960766011,5.826556909014657,5.731521610482471,9.608334579004962,-0.30819257750466234,7.480749396644137,4.49624382793925,23.853540352027515,-6.201775222702633,22.61388122087773,10.839490164221344,-9.536024002483124,11.626629050349258,8.33252480653015,15.36518777344189,-18.34910781405714,8.832640980022767,2.364051592913019,-6.114612131200747,-8.614113955947433,-3.0323731849310143,Actual adjusted month-end return from Yahoo/yfinance daily history,Market Table annual returns from the same adjusted daily history,"Oct 02, 2026 05:05:21 AM EDT"
CM,Canadian Imperial Bank of Commerce Common Stock,Finance,Stock,-1.5484973784177791,2.2205062195165937,14.0680914779306,8.111361503245273,-3.8999484491238023,-2.144407763013967,1.172227889741695,4.3844717596886795,-1.0367206907826998,-3.314829432722466,4.949308706211952,4.885886149689589,4.411740265162778,3.286416408938897,-0.9678773593928547,-6.24059094769398,-3.414524100844485,5.206497862723669,6.998531971387911,-3.3164407783166983,5.48887204575208,0.6055779235835335,4.213555362700894,7.295129183822713,1.6528335306160935,-7.846921072965863,-2.1151229139146244,-1.393269825268495,0.2986632086490637,0.7044129604571792,4.958522111231689,2.6855585931920833,1.2099670206260793,-7.944952225969315,-2.8266894936896048,-9.95022953403889,13.7510133770129,0.05895680215544097,-5.584478821824524,6.513185969740021,-10.02136075934288,5.081912623428164,0.1399946149714726,-1.5889258654477434,8.04455735835985,3.2704003784459035,1.9235116228036198,-2.9909623243718375,-2.0793155099991467,-6.62819676518307,-22.399841064398053,2.4840431536958363,7.608148426251615,6.427736512953208,3.5538316058582486,14.419635587603242,-4.461481604439865,-0.13381676963433176,12.838380311071806,2.846950283767602,-0.33932961610643186,8.206152411845258,7.422604762367402,6.2225395832887775,13.38016617226181,-2.4261754363371524,2.0902996412815567,-1.0581591030820126,-2.2470051820736248,8.948794372196534,-8.07355780485487,4.566238252739518,7.687043100768864,0.7090608951199728,-2.7471719972195996,-9.154397691811822,-0.4613433188013438,-10.603089820884104,4.223337136476979,-6.483507716876547,-6.233567215986557,3.7705653274391793,6.077950246194508,-14.716286287369684,12.781223506019689,0.24110614213708192,-5.8296895930813,-1.1079353231879696,-1.7640281976507244,5.193391413171589,3.256806824326275,-10.120268166762603,-0.9218549618777439,-8.650617405037186,17.09670327543129,18.21349167991475,-6.148728986871433,4.736587303063677,8.616798760010603,-7.945583896157693,6.104088693677179,-2.7198872834851784,8.729493339525373,13.05861324055586,6.101092260565655,1.9889207466492698,3.5166251767793533,-1.3322601284488256,-0.332119033750522,-3.8717780838729565,-5.952034537637607,11.811716335347477,7.926941437846535,5.314951115195288,0.8612282314246267,8.18868300482174,3.3639513558432643,3.7301336615128022,3.933871398190658,5.201439109381356,Actual adjusted month-end return from Yahoo/yfinance daily history,Market Table annual returns from the same adjusted daily history,"Oct 02, 2026 05:05:21 AM EDT"
ACWI,ACWI,iShares MSCI ACWI ETF,ETF,-5.30276648723177,-1.248563788218282,7.394658217468586,1.3378052685297792,0.3344718202783481,-0.04968934570336314,3.7702092423387956,0.3427742193754968,0.9393737665044366,-1.912027723970866,1.0350237699960463,1.9622902039278634,2.9068756443105803,2.512718490561072,1.3457311990306087,1.612389685204385,2.209095505532499,0.7870995051601604,2.7332380366782427,0.40132432547370644,1.8801012703413944,2.150532924963122,2.019916634115204,1.450347534047891,5.701214513018793,-4.4750435729312255,-1.4974973739235287,0.4044785065776324,0.47229384850264733,-0.585305870215036,3.065236414754713,0.6957461031933176,0.6097141783736992,-7.433368818670716,1.5856826668323887,-7.210122801347785,8.042387088113578,2.4668087271072947,1.5768209956324553,3.4234201093471084,-6.070761827607496,6.490427015020406,0.0678320189588133,-2.209861085962961,2.2459574588636677,2.7389781335587893,2.3360076285974474,3.441939325093313,-1.4384784134180428,-7.4894560441016615,-13.409906217531608,9.829006067131374,5.093132360078312,2.9405509463473978,5.358121565282814,6.02548485613108,-2.950805109138932,-2.2272351705182825,11.760952671090251,4.687290216114892,-0.30864137642430123,2.2887909101610093,2.853771593163268,4.245913912317412,1.471938517886584,1.2608674288198563,0.9091667999741704,2.1741364741982405,-4.226965844879837,5.394299703473426,-2.3074770459457272,3.8878736985877405,-4.547162328662536,-3.06033113526053,1.9411572788369913,-8.067730793868833,0.4469436075588362,-8.106915046634711,7.0687619303701155,-4.364274722296346,-9.394643526930002,6.3471721403138615,8.33633810576977,-4.610042131706149,7.504739460841603,-3.320561465203342,3.3325864102906166,1.5686592928125132,-1.0476247369830105,5.784298647093444,3.5959926543025045,-2.907732293697207,-4.279778874297846,-2.5441284749861404,8.886911925851425,4.812825608820659,0.27513769174138947,4.507585620011967,3.26301049038602,-3.550347697293632,4.575412891663588,2.0378159761089476,1.5391346658759186,2.4971677509102896,2.1969515465393608,-2.091170347675575,4.032454906920879,-2.6582169442139314,3.1404269058725065,-0.2970615652654218,-3.6745805986454827,0.5155120418494308,5.692788364721846,4.8064884921008355,1.0575380093005293,2.677751203986656,3.597131406680276,2.2931083581956058,0.04242156584441936,0.8928625207459406,Actual adjusted month-end return from Yahoo/yfinance daily history,Market Table annual returns from the same adjusted daily history,"Oct 02, 2026 05:05:21 AM EDT"
AIA,AIA,iShares Asia 50 ETF,ETF,-7.806941077626339,0.051302360953231485,11.182362453569628,-1.0611295313250335,-0.1865095254625304,4.883889102798955,5.642608131706206,2.3527169252663516,3.7481864689449473,-2.1357274240797364,-1.3461226592662023,-2.692314846996968,7.720572810103699,2.0076314673052043,3.3458048652251327,2.36144135948142,4.334884667824923,2.2837716266535413,5.299980314959041,1.3787451852872001,0.5571055614139286,5.3935032338306765,1.4687625392069137,1.8219857911998982,8.70685216667244,-6.630447493369196,1.8499005608802577,-1.4647535148352042,-1.2635561904062564,-4.985260542878955,1.2581540466297891,-1.0852403214487882,-0.5724248385648667,-11.962266795101971,5.031789232822947,-2.522567248733476,9.656413271889486,-0.11543595108401972,0.9410690062371829,3.3365963430633583,-9.70243281257689,8.165941415605914,-2.5628545716389617,-5.193487355413651,3.6048766695307544,4.298141179354231,0.6541177061827108,9.004511837612238,-5.833330630529321,-0.4022639189550814,-9.999997882739475,6.677439601616264,-0.050478331255610076,9.707332284571812,7.195673094166044,3.4928749778146306,-0.249994168756551,3.3974005015321884,10.032295073457487,7.578213530640765,7.4567237479908455,1.1316262641206887,-2.6918621164083056,0.032548557683265145,-0.9760454307504607,0.87049520879392,-8.40151357657275,-1.012515967270633,-5.896495332679552,2.314564508839645,-4.374443560150453,0.9976376317960112,1.0971898822649706,-6.485787386628495,-5.181005811287765,-6.1343447094762364,1.8783039733749396,-3.6678140724345276,-3.8731228110212568,-1.8404846572969369,-15.67568342260296,-8.213141137435843,27.01877547395619,-0.8964713534451718,14.293265805205891,-10.023130122965584,6.066842656413285,-5.138144844514714,-1.4307728912204665,3.872381310471318,6.276217048197408,-8.353067383852498,-4.462444462538084,-2.7051419009659017,6.394820538719959,2.765027787182439,-6.330871641343161,5.377545336940037,6.099256492934235,1.120080112625721,4.332966369207392,5.381605215806884,-0.4321308421633696,0.8680066150462906,7.240346924214114,-1.065283402781081,-3.1743962179800245,0.10745855804765725,3.0075248181119285,4.866166972285835,-1.2556356191977147,-3.178984015149633,6.595279159847478,9.692840054501994,2.5906871204360193,2.044249971379286,11.47771391711807,4.61946108689355,-3.7081979823659683,4.102318389624471,Actual adjusted month-end return from Yahoo/yfinance daily history,Market Table annual returns from the same adjusted daily history,"Oct 02, 2026 05:05:21 AM EDT"
AIRR,AIRR,First Trust RBA American Industrial RenaissanceTM ETF,ETF,-7.995155762297735,3.884144359425723,11.343454093993444,3.0734372315034175,0.8338062807415891,0.186164871464789,5.657284498333537,2.017584936289607,4.0542077252730735,-4.5738381221701925,17.11806288728952,3.2189676188277394,1.268496491488924,0.45929986816242163,-0.5645724198333868,1.7976423594874946,-5.954812245283236,3.6266854021792083,0.8435416737512913,-1.045584616004669,10.18277159044738,2.9954129469384583,1.1185458773347756,1.1800932399030906,0.036514983909152754,-5.434002773079472,0.2152520329774088,-3.579688975690687,5.469082449586415,1.5354504717474127,2.8127730550389307,2.249649904233131,-0.7100430596117313,-13.018602690858462,3.6595724498674542,-13.779609223275259,10.28122850314488,6.216586795633683,-4.042210107087296,6.234611404775414,-7.915050271514124,10.691815649270708,0.7197053322933966,-5.4531979844229195,6.878108451423515,3.9091763092507614,2.970263951063701,1.0813890710647645,-3.5792920618985757,-9.001523833916236,-21.46588606374442,10.423851959712183,5.338508868678016,4.198945985159619,2.1222129255086486,9.363639189965124,-4.899845991445739,3.236338523727622,18.127360512934686,8.312406014437123,1.9801098529621974,10.921687768875877,5.712902102642725,2.3410206864991734,0.5538040683362944,-1.8389684844393073,0.8343392609657663,3.1162411800035983,-3.7822726421275155,7.003515650337122,0.11395415569050993,2.7417759645701922,-9.389127411012044,2.005860894950784,1.5587374307088675,-9.49230953180491,5.19174891169536,-7.859467556134414,16.812474107216847,-3.226561243458559,-8.91878388990277,17.531709693994358,4.18243862768255,-5.6825269242978145,10.924738353168827,1.695977038751506,-3.4654751975533915,-3.9466862341691944,3.382482024006639,13.471140421935068,0.7399205811809084,0.6243028559389519,-5.9508362143156806,-7.259319651914931,7.220617016225495,12.990919974110128,-3.1293371112955937,13.599874070932794,5.798022118725266,-5.317096671701038,14.070592314717123,-6.018852828182464,9.339803471134434,-2.0484797260911902,2.122023109226756,-0.24108500248457565,14.726831088914594,-9.791555214577997,2.9724881588629737,-8.218842479966316,-6.218224794165916,2.1111348673594543,9.935389989316711,6.396459311974767,7.100731782626313,5.001145828186737,5.630698783211163,3.351257222006021,-1.0108031555081554,-0.569551788411915,Actual adjusted month-end return from Yahoo/yfinance daily history,Market Table annual returns from the same adjusted daily history,"Oct 02, 2026 05:05:21 AM EDT"
BBLU,BBLU,Ea Bridgeway Blue Chip ETF,ETF,,,,,,,,,,,,,,,,,,,,,,,,,,,,,,,,,,,,,,,,,,,,,,,,,,,,,,,,,,,,,,,,,,,,,,,,,,,,,,,,,,,5.722089710950673,-4.755303708314118,6.496893333762888,-1.3764200606369403,4.908342139890309,2.1533233283690167,1.6554543248098685,6.817923154518768,2.7543534792419333,-0.6923804862773553,-4.581678284483237,-1.7745352287730776,8.289051634227974,3.576095118678535,2.5048163013974722,6.109020999638903,3.365812978919114,-3.770359365864129,4.274278000002263,2.988901976165814,1.1608507222253817,2.1311550928177603,2.0064229737807526,-0.3147162792761504,5.682715831288188,-1.1811073137908745,2.6819861566362624,0.22388688912668986,-4.914372005529588,-2.5058753844549586,4.658633485298602,5.556405759844618,2.07940018150361,2.2435839238659883,4.695236391082247,3.1006715928632467,-0.07744526233421922,-0.20254157715493548,Actual adjusted month-end return from Yahoo/yfinance daily history,Market Table annual returns from the same adjusted daily history,"Oct 02, 2026 05:05:21 AM EDT"
BBP,BBP,Virtus LifeSci Biotech Products ETF,ETF,-22.160937769307367,-4.343474079936904,7.460344039567657,4.866187571020708,8.159308102944562,-3.5788320938500373,14.817014108800253,-2.405946378772672,10.390478608262166,-13.249400410937307,17.588101147928082,-3.7613803156335557,7.664113521919624,7.600685158073217,-0.5007876902745401,0.7629142736066186,-7.145485102383065,12.313138072869133,0.960445032402113,2.094880057832693,1.623919042378441,-4.988818813272111,0.6712205872730026,2.235436017089887,6.755418567549243,-4.364894741223879,-0.32600415848984543,-0.6662665432161985,6.024393221227142,0.9592818154694038,0.6243266890424204,3.204186811932863,-0.386165277600492,-19.955949490721125,5.503577302152474,-8.972349016740388,17.9426846679563,7.540936266232179,1.2311977543044028,-6.621139897343431,-8.894943037539626,7.704203171395996,-6.480916292945427,-2.9793146201421594,-3.7338342047486983,5.462453477030227,16.64111566434454,-1.3283215496753265,-5.214795592512855,-0.25448266240362116,-9.026850353004335,16.94711926665702,4.830425227446478,3.3028296077012076,-5.375822015121701,4.5712854909806255,1.6070625968756636,0.828579565427634,7.3023035002804715,3.166138842496724,6.109752878443997,-2.7824501625305254,-4.620148162315263,2.609162865801329,-3.7304571330860625,3.1827672694605402,-5.239679257174168,3.9038068061028497,-3.1214300743640844,1.6758286848737924,-6.934857885513823,1.4533612801111095,-11.847163224768298,-2.272780207110381,3.280597911377159,-11.180624072417567,-2.0561490308213415,8.98155385731043,3.081095098208153,11.351178050096976,-4.172300921495465,2.986457395971498,7.412401344179931,-1.7406757337699807,5.377438294483494,-4.646643558597585,-0.4786225334699856,4.446026676872217,0.5109682828207562,1.7203374370785784,4.492243821087927,-3.6135148563550157,-5.601777298718414,-6.77366453004894,9.454794289085221,13.787627478492116,-1.15333984000624,4.010653675623721,-5.217241346273605,-6.4371406179770325,6.706311957320343,4.007649508706779,6.636380290951949,2.359497691451762,-2.058855564706208,0.7049550393115833,3.7750396771552452,-8.610837428122641,3.8605042953637536,-1.1951535137991853,-4.827081612905282,0.4657331612228033,-4.735944437175066,3.791374191932695,5.67080803408202,9.416542878611667,3.931737971923188,6.655611090279079,7.318966214360145,-0.21849847716934878,Actual adjusted month-end return from Yahoo/yfinance daily history,Market Table annual returns from the same adjusted daily history,"Oct 02, 2026 05:05:21 AM EDT"
BEDY,BEDY,Bny Mellon Enhanced Dividend Income ETF,ETF,,,,,,,,,,,,,,,,,,,,,,,,,,,,,,,,,,,,,,,,,,,,,,,,,,,,,,,,,,,,,,,,,,,,,,,,,,,,,,,,,,,,,,,,,,,,,,,,,,,,,,,,,,,,,,,,,,,,,,,,,Actual adjusted month-end return from Yahoo/yfinance daily history,Market Table annual returns from the same adjusted daily history,"Oct 02, 2026 05:05:21 AM EDT"
BFOR,BFOR,Barron's 400 ETF,ETF,-7.875596745594782,1.9755779127180073,6.727729306350216,0.3300347557809724,1.4144715475654213,-1.362319388679134,5.2285564356545855,1.312483434793954,-0.15422018230955015,-3.151046657626466,9.633159939360425,2.736354900114635,1.3698485845327957,2.3930009357693294,0.7698764063251762,1.6643945637901947,-0.21469781866348958,1.6137539846104332,1.0587796350670198,-1.3096086738954904,5.334406339777575,2.015635042062325,2.6673075510844413,0.619472275383437,3.872037114003879,-3.5193215388506838,-0.04799196038204334,-0.38414972366875855,4.121466799267637,0.6018468993022941,1.357570020142962,4.381399351742621,-2.1748833049145655,-10.849253568832207,0.6982652394247557,-11.302327191134854,10.907542057336595,4.523515080113305,-2.625822719856641,4.244697136630693,-10.131737421931941,7.755858126274684,0.9151658933887585,-5.441169331571016,3.1104081525503924,1.6088557748987764,4.032638165861169,2.3448466749216967,-3.158634502139024,-8.770230849957816,-17.319916363588327,15.086486814416089,7.6259229931759265,1.3188707487787665,5.666149988064695,4.251221321429233,-2.7108600162830343,0.8097345872110528,11.646574724806303,6.353652227970463,1.4868347857885933,5.563251959760529,5.757689853189074,3.493533221407641,1.4564683831221892,0.337779200612065,0.9762695072740302,1.8336403827049041,-3.4773560792035862,6.378277904263485,-0.39865346336879215,4.12278975793825,-8.25574771113875,0.03383319387570971,0.35509475101629384,-7.245168933334634,2.8701281639374576,-11.266106872331093,11.681583904077053,-3.5994328500659423,-9.168200758056233,11.314615532079152,5.941499976727416,-6.500208244076477,8.442775936511149,-1.2456743609645216,-4.572529229056322,-2.0378210365416427,-2.2113918206796424,9.716362389512302,5.641918952124625,-2.8108474509592862,-4.2191210970501825,-4.3516940743801635,7.725168281810135,8.589650893627754,-0.514467224131443,5.429853092503301,4.09260345553033,-5.360049825994794,4.029869752114301,-0.8674784245805811,6.698857874027775,-0.05656220471081941,1.471427738885045,-0.13943387046981837,10.597591892911161,-7.491952590015716,3.9164481223682213,-3.834965167542992,-4.510444833508409,-0.691251599423548,7.265086061063641,4.109780065104562,1.324498691267495,3.12699726311636,0.8823208784467518,-1.502835460117502,2.326167561388326,1.2467753545632565,Actual adjusted month-end return from Yahoo/yfinance daily history,Market Table annual returns from the same adjusted daily history,"Oct 02, 2026 05:05:21 AM EDT"
BSVO,BSVO,EA Bridgeway Omni Small-Cap Value ETF,ETF,,,,,,,,,,,,,,,,,,,,,,,,,,,,,,,,,,,,,,,,,,,,,,,,,,,,,,,,,,,,,,,,,,,,,,,,,,,,,,,,,,,,,,,,-2.8978987369114195,-4.0065733617929755,9.118734137418972,9.422311744370159,-3.5366471181557335,-2.901161045322409,-4.728039707922093,8.845508354606867,12.48739305414659,-3.597430611267738,1.238950166957986,3.6860168277808247,-6.188284942559507,5.383458207795888,-3.1012160398868005,12.924595400112505,-3.5731360168088866,-0.4192403154467561,-2.602994502312217,9.69092964271725,-6.781438254816264,1.3856896759968373,-5.421414080347442,-6.358378538791887,-5.761323960806797,6.331875053354286,4.620121367051566,1.2610392816029714,10.965746930016662,-1.0873370528488469,-1.315608677833835,4.455772143022707,1.265362133273018,Actual adjusted month-end return from Yahoo/yfinance daily history,Market Table annual returns from the same adjusted daily history,"Oct 02, 2026 05:05:21 AM EDT"
CLSE,CLSE,Convergence Long/Short Equity ETF,ETF,,,,,,,,,,,,,,,,,,,,,,,,,,,,,,,,,,,,,,,,,,,,,,,,,,,,,,,,,,,,,,,,,,,,,,,,,,,2.54946113368526,-2.100203740294926,1.5637163720242375,-8.124440146406409,3.9540207405486694,-3.1974492066159543,-4.617393181838658,7.6762137135096165,3.3500836519282373,-3.980664833432912,-1.2118656482776213,1.3301107202243534,3.1082079766368675,-1.1609531406732043,0.2869759014406892,5.223938226970382,1.6696163753362914,1.3373934780917196,-0.6568050430611927,0.21626461844608258,5.061962017261279,1.3113666822992087,5.364987886753458,9.126333711863088,4.232530666896817,-1.9080310224492858,4.289281660890798,2.5346662948335874,-1.492524057086464,2.698861440830469,2.674037762082393,1.5267153592920746,4.157455658896825,-1.8403105411102572,1.876905937079898,-2.784909930258228,-4.759810043160739,1.0180416539717019,5.0389453526518135,1.9188814599835569,3.1664504428961626,1.7420186499143897,6.155727994029814,2.9185802689443374,2.052245696646904,0.890559289963444,Actual adjusted month-end return from Yahoo/yfinance daily history,Market Table annual returns from the same adjusted daily history,"Oct 02, 2026 05:05:21 AM EDT"
CRAK,CRAK,VanEck Oil Refiners ETF,ETF,-4.944260612839901,-3.4853925167143918,11.833235362265615,-2.0490819612227873,-4.67789043748107,-2.1681558012802027,0.12972846903289703,4.459082808044945,2.8940482451996763,1.1903570019129006,0.9083252291759658,6.01960181509229,0.3838861022390505,4.249526146574856,3.8562071177369317,1.2362101761952182,-2.6079527258295987,4.692815147229412,6.201901048278136,3.1010705686281836,4.792982042839955,4.819767094486771,4.35633115425389,6.211542057244124,2.149831049982409,-6.074616715293645,1.5447302118919204,7.990638106963588,1.6223039130529582,-3.5157274374508107,8.935894210104124,0.7854943186076602,2.2979152716310125,-10.879965280271353,-5.205044365274003,-8.526370530177518,9.538002394333468,-1.6666726524468434,-0.5015475373240763,0.2607456959830001,-9.674074667098854,6.142041896625394,0.7052430349559602,-6.500268897258321,8.538501748440819,6.076153130640716,-2.0517037164487495,-0.2761125961417088,-10.876343353555429,-11.581818765483742,-23.428561287721706,19.575201539867848,5.866549847346625,-1.4602076727211033,-2.162898896313714,1.8814704214745293,-8.44875519356979,-5.864849034985986,27.17629922540268,7.962066998881578,1.1175682685066857,11.670096532603713,-3.3628852295040534,3.2376409889194324,6.350450288455778,-1.5379446633168703,-7.164690827105435,2.7798071312364447,3.9786489688830695,2.402630158118013,-11.430481570407746,4.473926333282119,5.343003539514268,-2.739717347602366,8.54460011837752,0.023282970582072515,9.536646482788402,-9.930154535178604,2.45785245423662,0.9904938678697128,-11.814927007479781,11.757320362959977,10.484028577802151,-3.6782761334792857,5.224361009410106,-4.0176687217301055,0.8885758249069786,-3.243052023372628,-5.68920455565618,4.274386216327586,10.247929456664329,0.8425891883769854,2.9109982938767542,-3.81392873456905,4.77621227359577,1.7315361500583881,2.1800100502500586,1.4414040132813,8.130817844012729,-4.176883915573992,-1.474750434123706,-1.1681914976267693,0.6315229598532923,-0.8552400613146993,-4.052658533584785,-8.730806986143891,0.9274876075411775,-7.8859128520829,3.7265993647110474,-0.9954463443282768,1.7489185982501043,-3.514268258037856,8.045446294000014,9.47564023779992,2.4207409228444554,5.227117495834244,3.7906681473015125,6.568541431016484,1.429678217146746,-3.520396533044212,Actual adjusted month-end return from Yahoo/yfinance daily history,Market Table annual returns from the same adjusted daily history,"Oct 02, 2026 05:05:21 AM EDT"
CRBN,CRBN,iShares Low Carbon Optimized MSCI ACWI ETF,ETF,-7.029982262094514,-0.2636160066941229,7.335756729012921,1.0962289938600822,0.49678102624004516,-0.9987988581832363,4.276827040885789,0.4612907340000083,0.984810145675552,-2.0882503602495217,0.6723906102551913,1.9000935325754975,3.275102426785592,3.0099893003428413,1.7079336428528213,1.2424783279904927,2.0673908917638206,0.7235634491713494,2.533650455101455,0.12671803025861017,1.6272017013306828,1.9391346252135788,1.5707138788094932,1.5071216646506125,5.87632345124498,-4.330264535536699,-1.3595884251822121,0.06851118958153268,0.40210028164699985,-0.5962173107790347,2.724098679653153,0.8774995506210193,0.3596531014863791,-7.533949914100136,1.4961546963672578,-7.389608154988336,9.033202101208794,2.3271616077124024,1.4572862895428473,3.631602535683376,-5.9834528273971515,6.6351699804532815,0.3925732430932083,-2.0259642999030825,2.0466178126396173,2.6921403303331592,2.6174976573573483,3.4229389990558134,-1.1745609665126056,-7.858326050779462,-13.217064779696964,10.066967940324423,5.294957881842466,2.8365061188345253,4.9937905869352095,6.775756369782915,-3.2924866923381257,-2.4915995217986375,12.748185108085108,4.071736496075706,-0.24533698590576414,2.354744323730773,2.777768173721551,4.3358581175380495,1.5223094055436093,1.0807388511540728,0.8860607593787151,2.387749828812802,-4.19290494719572,5.222469663925922,-2.1461108906041915,3.784834562187789,-4.7479531024901656,-3.2894750742812784,1.8788234215805666,-8.084756138968697,0.09329108551849874,-8.019351651307094,7.024350733391627,-4.370987719398145,-9.555779082413729,6.198679727080592,8.528508552126791,-4.542652518345768,7.487784063911751,-3.083061110585028,2.7996498944735437,1.7912715194124296,-0.9097400436820391,5.837997676165596,3.330739401241156,-2.681314523588063,-4.463101612325204,-2.501192122712037,8.765101235540552,5.016597025760894,0.48648704679072896,4.971716880551491,2.8324835530620707,-3.7957326821063897,4.709340803131412,2.1927358835917232,1.8574036222554602,2.6244198131375462,2.3813865303890402,-1.745264786719225,4.24477825519245,-2.5412634270415513,3.073501766964659,-0.48510758860771386,-3.723089797726409,0.5026802541426623,5.71457349653588,5.154415833310821,0.6807573057918459,2.6310341000758353,3.653712576671664,1.9085865641064181,-0.06574320470912332,1.2522707090010465,Actual adjusted month-end return from Yahoo/yfinance daily history,Market Table annual returns from the same adjusted daily history,"Oct 02, 2026 05:05:21 AM EDT"
CSD,CSD,Invesco S&P Spin-Off ETF,ETF,-8.558793442983026,1.1095360755216443,8.581869238712558,1.632562014302219,1.5043331884837752,-0.9294428686377865,6.389490020518096,1.096282637126711,1.0843848887022833,-4.127794969338816,6.10557091113888,1.1683180388248449,2.18741971616776,2.8391103745389223,0.6134906606045654,1.5461676302860994,0.7720409960468633,1.5109686941654044,3.6687529206904212,-0.22244083505360557,2.7563782758917466,1.0256522702217552,0.702855639170874,1.5805937633328604,6.5476273443373145,-3.784478972504468,-0.07491664220558025,-1.3870725650316218,2.7751367676166705,0.40688196783131847,-0.14737168954113145,2.619460839317478,-1.2942732970135928,-8.941894365998571,-3.540011946970678,-11.262533941365938,14.093484786307231,6.062474603483992,-1.7752527993688205,4.031758620405346,-10.652911456281766,6.623940171193121,-1.262534009498384,-8.5447557871565,3.0625926587352303,1.2489187297326287,4.317300279827219,4.156844005824389,-6.272255394579518,-9.774123777159204,-33.38793055421977,20.899194441248635,6.682162433896233,2.641597572451748,4.881943335650796,9.79003354848247,0.06912957692297717,-0.48354547034918927,21.633505457879032,6.510130219279531,1.5692656071656153,7.600781699467296,3.796003733843989,2.78264087166038,1.871906308332072,-2.0045572747359297,0.6818518908077165,3.124518013992894,-6.194031531702393,3.484496125959935,-6.964951980565726,3.5414194133324584,-3.4898659259314235,-0.9165141503166274,1.042723641005483,-5.3428802973159435,0.9671114029532468,-13.044235703996243,8.912481677095041,-1.6734105803285937,-10.884602350202355,11.94123181561968,5.793023388278118,-6.381705749804201,11.072929742928373,-0.704715949612511,-2.0079602632820603,-1.9254572568510264,-4.142642872066082,6.7643737737815846,5.015834616885684,-1.910508603265626,-4.271313050921366,-4.658220063807173,10.913518918465792,9.421601498754196,-3.039224994807588,8.859749273915195,4.260320897825776,-3.748068456240339,4.5966981372553395,-2.533237765596019,8.314193960857086,1.3257318430028864,5.128875314861592,2.8998104667288915,7.535072121597675,-7.439803847602078,7.680128972662503,-8.081834425263413,-7.747170981112128,-2.0394587138638176,8.776713355869514,4.953715621275334,2.932059959443545,2.1421932723677983,5.566264534218912,3.50085136238496,2.874048123139228,0.7424157520504737,Actual adjusted month-end return from Yahoo/yfinance daily history,Market Table annual returns from the same adjusted daily history,"Oct 02, 2026 05:05:21 AM EDT"
CSM,CSM,ProShares Large Cap Core Plus,ETF,-6.083283234005332,1.807645206025743,7.336796028488068,-0.4745840035254356,1.8279425606053445,0.14003493126668598,4.125950746541074,0.07508444040089657,-0.5561722466492114,-1.155284577055904,4.215387927482195,2.022046058193583,1.5022685383656365,3.976468825792989,0.45709378850657956,1.0958590645815613,0.965453293747176,1.1903448086828528,1.9956653007718872,0.06522641596464762,2.3330220458189777,1.983061145124676,3.4028524712512276,1.5819533008327946,4.823269516337003,-3.2581092451250737,-1.4856016546909045,-0.13526792615710104,1.8211952883691707,0.14554728847457898,3.006075280113918,3.723417126979456,0.4532828716543813,-7.074639166979924,0.3277339536269297,-9.505979085032124,9.237892700009853,2.793676486259189,0.773425845816722,4.298246504077596,-6.770389099480678,6.385471469740445,1.5329496911623774,-3.0476138155916876,2.6631926066098766,1.45210891454155,5.044461989753279,2.526892486562682,-0.5700619955530284,-9.786316966664266,-14.058609045878212,12.871651176710719,5.163095802198381,1.3386251598091814,4.861207128771738,6.785822501376604,-3.7508585653280635,-3.9596008487612577,11.139888198266057,4.000825872357772,0.841446862613271,1.833319972778913,5.590491659845975,5.390015259199998,0.8627846702761843,2.5326189452551384,1.943782894465662,3.6060383469106227,-4.313954366332284,6.379163461591264,-0.5536838841372016,5.36057827931502,-4.148726433018279,-2.1734803285991755,3.340297825345928,-7.971029827967547,0.8480005993476869,-10.412491296079619,8.518269823322221,-3.098525853730416,-9.653931899274326,9.08873776387722,4.946871846352496,-6.735966674078419,7.94922261683666,-2.145222924495649,0.791358941846565,0.23075373530005994,0.10465111738497956,6.982192967436784,3.6456031816173295,-2.4773113229013766,-5.080251746104847,-2.08974719525864,8.893086621608525,5.6477705865373595,1.5154299602330834,5.539578682939039,3.7638560284297684,-5.021411390897413,3.6574764895013434,4.0210886055011,1.2413333559481599,1.7834328578882452,2.528049565337742,-0.9790409445008863,5.8550841892404115,-3.1590056450751525,3.250695287472505,-1.566841835777133,-4.963320578124053,-0.6120565995310856,6.426668211661513,4.857003430904849,1.9582843386316107,3.17328109141346,3.556979801773008,2.5466819993678502,0.6112988944544373,1.186653077758737,Actual adjusted month-end return from Yahoo/yfinance daily history,Market Table annual returns from the same adjusted daily history,"Oct 02, 2026 05:05:21 AM EDT"
DBAW,DBAW,Xtrackers MSCI All World ex US Hedged Equity ETF,ETF,-4.669247517721741,-3.9455905776109135,3.966004509301757,0.22709792128556838,1.8123745802552271,-1.3101421636997013,3.707082741305512,1.1915533230764108,0.7849678318168074,0.6490606683254629,0.9888517996633039,2.7465256398270688,2.043358376527782,1.675544175204302,2.0096190587483687,1.7336758991956858,2.091406544322272,-0.10885939533340494,1.0380618953155674,1.0654336530502961,2.1084336446363983,3.31860944826341,-0.5353390256304991,0.961068954926092,2.5189024276930816,-4.212023044350833,-1.0992920950064766,2.852905033511033,-0.6484193738990784,-0.34331107991147913,2.9022686477196302,-1.2852312916739939,0.32546531596793216,-6.741162080918839,0.9663949498342372,-5.568752328927628,7.181161875488851,2.849429404108883,1.7222300889315756,3.3860866845550452,-5.340008828591857,4.530745764409039,-0.25594507540167566,-1.686218290207897,2.9455789181057845,1.8109281207718153,2.2767493384906023,1.9715524259049655,-1.2793857031172862,-7.320482984526877,-12.547262425762218,6.828020775941845,3.9644131157410945,4.3857804572555725,0.30088309548410574,3.1871019607110807,-0.9447661783283934,-2.2744006477868117,11.486499306539667,3.6957839278296545,1.151295544097608,2.8617832004382393,3.2880276642796247,0.7652252922008662,2.0656327393541174,1.426566480355107,-1.5462245193477941,1.6309130913091385,-1.991072862435106,2.39537326810626,-2.783520768898673,3.332685886612752,-1.87053686733053,-3.298036815154426,0.7509433194599291,-2.8260871167208435,0.6391655508848126,-5.564232047799189,3.5422257660943757,-2.1381654236111602,-6.453786319478649,3.5213903261645196,8.677537027369443,-3.8509011062946463,7.760871505647926,-1.4817354666514904,1.22419144261543,1.4167257334149364,-1.942066601808301,4.120974964412083,2.901554114255589,-2.752603218712779,-1.587838390327334,-2.6657389245278496,6.090088349564637,2.7389755666076487,0.6620341723214018,3.978963971961713,3.7950503464135865,-0.6398301886501812,2.7598652902666387,0.3332088989755899,1.1983013318375368,0.7993137056672595,2.4963322354902395,-1.6619055831637919,0.26223786450818576,-0.3253821408100488,4.122501150820468,1.4140309078224167,-1.3106528684611929,-1.3563130609293261,4.210835607265051,2.8678027893801694,1.6930710361892976,2.631578397530676,3.113546663094491,4.262881071828373,0.21903444760267288,2.044243412553093,Actual adjusted month-end return from Yahoo/yfinance daily history,Market Table annual returns from the same adjusted daily history,"Oct 02, 2026 05:05:21 AM EDT"
DBEF,DBEF,Xtrackers MSCI EAFE Hedged Equity ETF,ETF,-4.013231649815929,-5.140014390005165,3.2753875852170156,0.4306854786125136,2.8069909696105233,-2.613771179344093,3.4813818983362,1.3534400159187943,0.6486334192149279,0.909768638728714,1.427520470691812,4.047441493200088,0.7127554768936006,1.9816116195444655,2.671754516428293,1.4194118406288148,2.3658584176420305,-0.4606667337636705,0.3664165001688202,0.1659643370910624,2.816431358653615,3.190472529309063,-0.593409245735288,1.033952530131943,1.510380908306086,-3.7817857553051115,-1.0631379453933887,3.8749685419210866,-0.219445425376541,-0.4192959781369021,3.089180943727343,-1.4828670524460574,1.4111127882784125,-6.431675709800999,0.4626518955537895,-6.294734704536342,6.236563258023264,3.5087927475740743,1.7600896527426357,3.555402748683356,-4.794297181517826,4.908932807661803,0.5694495382103426,-1.8873951922490306,3.6870933405598327,1.7006600657115678,2.3411305493024726,1.3770973703286948,-1.924204973722221,-7.636594518588968,-12.418305432740272,5.746273583165551,5.222309161253169,2.580734998897616,-1.8861760571041053,3.642507794804062,-0.4230348351960789,-3.758163676034698,12.529682939771813,2.742880242195578,-0.2380155976082543,3.0420413119411904,5.0940839309824515,1.1291498063406236,2.7233214293981067,1.2260083543721656,0.34639678239716254,1.9118229593573899,-1.6154131203022781,3.2044499850872876,-2.9509855091086723,4.474852929385009,-2.775663781772164,-3.273963121345269,2.112090415955681,-1.8562738588737138,1.188885838082543,-5.6956240666670706,5.400755367185139,-3.134359314445667,-5.7963086741785075,6.2724145886967175,7.869593744318348,-4.32454297532523,7.725717232732454,0.0,1.38250936856954,2.5283769755210406,-1.4130996363456605,3.99807780432897,1.583269716437652,-1.9482298232133544,-0.9366999440677204,-2.2063015676398012,5.44974448946085,2.846137952887351,2.352627828127596,3.883753778116894,4.0946045485375615,-1.148297725317482,3.7320828039455245,-0.6992068045004851,0.4585026550683047,1.1530224116200305,-0.21373342156533193,-1.689660743087118,0.9924822050726423,-0.053449701936902905,5.120770493580351,1.861219135601755,-2.3234913258062817,-0.6697445265493429,4.650081092292924,0.37568215509313774,1.3714238258758504,2.4351805586698694,2.179176087700685,3.6191306448337235,0.7068539107807803,1.9356521975282703,Actual adjusted month-end return from Yahoo/yfinance daily history,Market Table annual returns from the same adjusted daily history,"Oct 02, 2026 05:05:21 AM EDT"
DBEU,DBEU,Xtrackers MSCI Europe Hedged Equity ETF,ETF,-3.9458603123192493,-3.141359230189922,2.5779634225487236,2.0672660015421673,1.7474349136709089,-1.0545399796091814,3.1771607433084714,1.1449019423130702,0.6635329048022998,0.07756700629548696,-0.5811614193596326,5.787272678912969,0.3153610037304633,2.436119969129824,3.7974769185883384,1.6629967049365924,2.907991478454419,-1.970380369287783,0.3286882992258988,0.2548311043204743,2.9048711438519836,2.152434261199243,-1.761659012357375,0.8576496679261414,1.4778501568027513,-3.8488283427571046,-1.0097259907728695,4.553727463826096,0.3135907856681053,-0.6529412628508036,3.6337677394422174,-2.0281958586685134,0.24561771635707164,-5.00523701233112,-0.147376357504847,-5.815905207371275,6.1581392594863615,3.7050882740085056,2.2735435412001515,4.340136812693185,-4.2272500044254535,4.9592321338922885,0.5842084168583339,-1.059115693861723,3.0041424777441206,0.8045573126870487,2.161619793828673,2.1282804504156427,-1.991647481255976,-6.784667078428019,-14.908550366977424,6.198328302336886,5.369651398891828,3.228199056737524,-2.2496369708475794,2.5983631154192777,-0.7235846231595122,-5.174917112615152,13.91237044016691,2.0728385652078796,-0.6684589483749948,2.9273347912401437,5.982342966319099,2.5293024257135865,2.7978168241673096,1.4765094718262262,1.31926358587513,2.1701324700498015,-3.2568723870954774,4.361830904545472,-2.580635719021984,5.08041433891222,-2.1440519943900282,-4.7471912792500515,1.5039816231429581,-1.4816971699955994,1.2385797301894597,-7.139155625381621,6.505109744925308,-4.161694024820206,-6.435478555918417,7.412343411544331,8.517268223472252,-3.8902705996119336,8.081410265427502,1.2738901921903967,0.1367250983927093,2.6215216889604376,-2.4215141125687567,2.6460526973917764,1.5452641321133553,-2.228265736613977,-1.5008393210241833,-2.9063142450865165,6.335372356983715,3.224926003335238,1.1649389424839507,2.826495624563652,4.479505479195445,-1.0231418960442773,4.1348732042783665,-1.6811908966307243,1.010349344898298,1.4527206098035927,-0.6103260586232007,-2.6688785954120164,0.5581146315425833,-0.5550170004554933,6.86727539423031,3.9282484449113975,-3.517599098861235,-0.8378588263651454,5.092492877062016,-1.1091221062972556,0.7940108114971256,1.8455936586614818,1.7679594071277949,2.3235602168272473,1.3370150930763103,2.1358995708849804,Actual adjusted month-end return from Yahoo/yfinance daily history,Market Table annual returns from the same adjusted daily history,"Oct 02, 2026 05:05:21 AM EDT"
DBEZ,DBEZ,Xtrackers MSCI Eurozone Hedged Equity ETF,ETF,-5.313447257655557,-4.073494910267961,3.7414248047973775,1.5010220187977596,2.517997229053326,-5.400418581676103,4.460497848284861,1.3826735710623206,0.40113300514872385,1.2384906572610488,-0.7103421184961878,7.280690723657557,0.11192056153148666,2.086425492174415,5.620451345939603,2.7435951242912537,2.1053334743569074,-2.250045707976822,0.1199462366858528,0.05132937349683342,4.481707156883874,2.4230487419889535,-1.9501390920314332,-0.6231368954217498,3.657335646722326,-3.7825964056090733,-1.3214306720376157,4.0174171011504445,-0.3218496222472833,-1.2549475289054035,3.8285281892695755,-2.567069267378852,-0.49276563124253103,-5.579414479973444,-0.8391583570394157,-6.082796333481266,6.916101962526944,3.9272009272798725,1.714216592780038,5.4405649980199255,-5.787765333311445,5.505899349542043,0.1538596133179082,-0.4706426710003986,3.375704871177221,1.858257995297996,2.731865724045157,1.7333880563839221,-2.2100780117999874,-6.976392488808725,-18.92863641943944,8.225913160558274,6.026469326141459,4.424737638415621,-1.5039469529523175,4.041603212813327,-1.9489870697392275,-5.5165326430962285,17.570010095475407,1.7477500497693699,-0.42708499425893054,4.172802599943037,6.155530352775607,2.2025140383229225,3.217669327067507,0.7166741775975982,1.1963847262010496,2.526708140207279,-3.482326976189798,4.543634764316162,-3.554822148029757,4.571623124687996,-2.3612254260174326,-6.797009562400924,0.24566864493869023,-2.522229278589594,2.454718364544539,-9.174156696557844,7.647139382986379,-5.536105606309938,-7.152410804035969,9.543289654202546,9.89242249179647,-4.446556171659455,10.52794607413199,1.6300216737570539,0.5827664408499356,2.0883154675897853,-2.013510461790924,3.883189433435308,1.5248623191813637,-2.7507436403443886,-3.677100663101518,-2.671439233857531,8.269011498446943,3.50185611185283,1.4224443824380373,3.83629979229112,4.427617882140256,-2.144856601773726,4.093687324695816,-2.8998543420964307,0.276184111015354,1.8186926972185713,0.7278004456086284,-3.2119799358460766,0.0066083249345094686,1.1344984418458104,7.157090787944709,4.4888045220302875,-2.3679666226019025,-0.06008123391944009,6.228450419454257,-0.7908425947537046,0.6312961189384625,0.8163160375466605,2.9914765438384006,2.223476558568982,0.4662296722371284,2.095013637066123,Actual adjusted month-end return from Yahoo/yfinance daily history,Market Table annual returns from the same adjusted daily history,"Oct 02, 2026 05:05:21 AM EDT"
DBJP,DBJP,Xtrackers MSCI Japan Hedged Equity ETF,ETF,-4.594404296752974,-11.777636873309461,4.647541127419674,-5.394932861295986,7.214879049146572,-8.457631848422785,3.4124250985130278,3.0798304608285587,0.3048814839052616,4.164127788009697,7.178281594057956,1.418658794028116,0.18807208464817204,0.7776594742842979,-0.1862370661091406,0.7464520674174135,2.3286396897655326,2.9965322517991666,0.12843939606175248,-0.35907451279572067,4.324289299918416,6.4643666771939445,1.3209924295838338,0.9079281229654734,1.9732349126293514,-5.160145398835237,-0.6331807625683195,2.7141642317753956,-1.861211234447424,-0.20279926194630704,2.2579898807761456,-1.0101090871413199,5.7427591325101,-9.335706711104375,1.7079276304546864,-10.731750630976421,6.446269930233717,2.458609369106002,0.505153462962693,2.136229328286654,-7.406503468957304,4.077379130491909,0.8142829893249992,-2.9181674060583918,6.870619722384186,3.6413798535178232,2.762308194772034,0.5658927492082411,-2.7197970287489937,-8.387586710267236,-6.7613657563505125,4.373593734678249,7.5966637538174675,0.06177660762873849,-2.662177550846223,6.505581184011255,1.520823858904552,-1.9892016465469786,10.147813691361197,4.185928276583573,0.7206862769459921,3.7077166772604864,4.265098740445961,-3.0479269599895553,2.399169247865607,0.35230548958491426,-1.9777579879457163,2.3749498695688986,3.900641482947287,-0.27661778121027547,-3.923124062878003,4.289498986828821,-4.430390866085665,-1.572847284812695,3.0698077092043974,-1.611594662407756,1.1818458776516882,-2.3164730810328438,4.608888318557658,-0.08084161624266617,-4.813901992114788,5.524846943609729,4.5912261571614765,-7.454681754135606,7.533814005986006,0.30966217206014335,2.6625556079007184,2.9693648393160688,3.7780725752605493,8.88434421741695,1.4275990185769416,-0.1675554044548888,1.023815174374798,-0.48178873662581,4.6577519986249705,-0.7849848753637034,8.220496519780362,6.4938942260672095,4.685319127780008,-1.0287149720215938,2.6187626524191376,2.205318296235803,-2.70199083414997,-0.9392849426287597,-1.8689012243096825,1.3163332798475258,1.2163202378353777,3.3456205066185074,0.6342597689485974,-2.5078833965982317,0.05386664397992735,-0.3230581503594343,4.632010212418214,2.1672581620741704,3.0731068578708998,4.174064031617153,3.4953121864713443,8.519645530302466,0.9650925486573092,1.688748270709417,Actual adjusted month-end return from Yahoo/yfinance daily history,Market Table annual returns from the same adjusted daily history,"Oct 02, 2026 05:05:21 AM EDT"
DDIV,DDIV,First Trust Dorsey Wright Momentum & Dividend ETF,ETF,-2.848593256217158,4.2136633265496215,7.111526630648846,-0.3693504329120856,1.603342973212074,3.3579932554796965,2.4200774107987266,-3.0999360104951967,-0.4421149609353914,-1.6658992902513492,3.392836913203534,2.639255370168647,-1.091237510441867,4.232151120645322,-0.7833977676225845,0.15006601780533924,1.583927674663066,2.4507750073992085,0.3066249530008891,-0.3304506399627982,2.1355795504349517,0.38328032390031463,4.3622786231877875,0.011595639963268844,-0.7333225474997596,-4.4364827894205145,1.5865274855221267,0.4865324424708328,0.20341415583764455,0.3116377532871528,1.6714088411016848,1.8845529094454916,-0.48500910117244,-6.4413322556118535,-0.12750896818142232,-10.93732579550869,11.246957718047334,2.4460470990134375,3.1097092999838427,1.4439239246225366,-1.8707048461938158,4.341791081690638,2.526072290092096,-0.36761904952616886,3.0691618890396732,0.5366012124693231,0.5337283559124772,1.9348221329592574,1.2344842063243489,-10.971076044698059,-24.75975670835596,7.284826100158948,5.083490884872832,-0.5505280723516415,4.226397758178124,3.2585199307650914,-0.9581539552409368,0.3277929411884539,12.936202874471903,4.997578098137145,-1.0878175057864148,13.604881508981602,5.126441025885353,6.220303220907297,4.292288196340799,-2.8000230470285548,-1.6503235385870618,3.1808013384528655,0.4929865177720316,4.607125915180443,-2.7089065569049775,6.020665602961461,-3.2496549536315977,-1.0076209260426072,3.8955580638691645,-5.076402993870255,4.798652791862756,-12.134997683036119,7.804877512440811,-2.794606986592263,-11.016673096030916,9.766064251266716,3.9952580171886076,-5.421594819548281,6.225094401909614,-3.0963088869207844,-5.007501976289053,1.1904688329204216,-5.739744154751925,7.923283415842164,3.4403695938087786,-1.5759904118065826,-3.0290267251516734,-3.4544875323041735,8.050688666766327,6.065737109156766,-1.1611797237415455,5.647804651369692,7.766489246879504,-4.511306600527654,4.066625977441141,-0.2474098650568135,5.456148934727789,2.9121029193646786,1.519649002083523,1.66440671646495,9.303949320315397,-6.8774302010569555,5.109880440000802,0.1259338159392609,-4.530072308746358,-4.421517420592702,3.822725393265647,2.4201884791992923,0.2486761323024389,2.4337477793176854,2.8594803127883317,-2.0750482693979833,3.7171640208385037,2.4485181785178556,Actual adjusted month-end return from Yahoo/yfinance daily history,Market Table annual returns from the same adjusted daily history,"Oct 02, 2026 05:05:21 AM EDT"
DDWM,DDWM,WisdomTree Dynamic International Equity ETF,ETF,,,2.503131908557066,2.0201267067414097,-0.03975272257314977,-1.6987822922779339,4.134282138272871,1.415087767148826,1.18106466857264,-0.1156554274439392,-0.20838228359879585,4.30944581591759,1.2103046344158708,1.5695281183921272,2.9320122992141817,1.3688702481081005,2.5941681574274122,-0.1560984653868669,1.9332036344392955,0.24136007864266062,2.5824791051956453,1.749120613369115,0.294158351603957,1.0882886338789977,2.9142173275063854,-4.995235691746524,-0.5023485812058803,3.029291383421717,-2.2868567721449407,-0.6453868082908154,3.2146524379943475,-1.8754428885564445,1.5973717462369086,-6.211998790358764,0.28799320091588143,-6.2880505761017,6.754123675242285,2.3138174524248933,1.3666805973290952,3.0866203868943565,-4.321197505003127,4.8327259081782925,-0.9651770329418774,-2.6453165793732913,3.718490850460343,2.1859962381697517,1.4465344420328652,2.317900416515939,-2.4092344861093795,-7.845769302364236,-15.821396478423843,5.509362552202535,4.807331563645567,1.3280413657290158,-0.2564137967153157,3.579193089884747,-1.6621562758703856,-3.971695936293451,11.375923378326336,3.5483021774038948,0.2046951500443317,2.0532258697946393,4.715343848086495,1.4448940372840724,3.322280566799529,-0.38299861639440325,0.4951385727223423,1.0664550938983552,-2.763426913183986,2.408718677789823,-3.421788253015834,5.149047122522021,0.4219496348841556,-2.1008394727742297,1.9486110359424602,-2.0527963814985006,1.6300783288876408,-6.462857478835571,3.255819720004016,-2.8066663612636655,-6.259832885212646,5.685736808356445,9.196653841589942,-2.061340218820651,7.3846093747040875,-1.9388668999195668,1.2760418209449398,2.882654857260736,-4.559755047415703,4.903699953808993,2.400007625961198,-2.9687565712041786,-0.8501105538360698,-1.8844463879013729,4.527216926804245,3.8363443117146234,-0.5065288170387205,3.0702550084786395,4.2352302277131715,-1.0409066755987628,3.648977712486734,-1.3561560711512266,2.8038584887132956,3.098649932993358,-0.11001712376897954,-3.513653602962985,0.05779199129456458,0.1408638561672948,4.159394902270974,2.569096112800495,0.47181546898698024,3.0171205715852523,4.010542744114187,2.0338049002153857,-0.07562845880153546,4.138279151652968,1.8101541465498139,0.3110057121816334,2.051038514280479,2.1996440377419546,Actual adjusted month-end return from Yahoo/yfinance daily history,Market Table annual returns from the same adjusted daily history,"Oct 02, 2026 05:05:21 AM EDT"
DFAT,DFAT,Dimensional U.S. Targeted Value ETF,ETF,,,,,,,,,,,,,,,,,,,,,,,,,,,,,,,,,,,,,,,,,,,,,,,,,,,,,,,,,,,,,,,,,,,-1.4128552390919258,2.67149490952181,-1.8457603635587794,4.797292232402572,-2.278096568553767,5.210014616675318,-4.145617765105225,2.5905744685527754,-0.13414993975495726,-6.1185191178765415,3.5216213841469113,-10.779329463969066,9.696687296584038,-2.1305704812847215,-9.424052004007578,13.856849725215902,5.724567036981232,-5.929845094765351,9.783831370474871,-0.9741062046765836,-6.588959075749335,-2.134833236473621,-3.0998868528471446,10.405996257101036,7.156711454840781,-3.4399643751065634,-4.452910628084772,-5.384115172385928,8.674544918020688,11.825376318903412,-3.3632679672302435,2.39271836060877,5.334232414260054,-6.081205536051448,5.301250097090926,-3.2463265654968265,10.025071580915657,-2.207826963690751,0.04496690629451905,-1.653789581046472,10.857240970787906,-7.895733031978414,3.018334266345324,-4.482038924307375,-5.703789130294512,-4.699945805510364,5.624624779046505,4.58818269108523,0.833952298066909,8.178652352464821,-0.6375308424065973,-2.164570488102535,3.6874391314901223,1.2334130927883713,Actual adjusted month-end return from Yahoo/yfinance daily history,Market Table annual returns from the same adjusted daily history,"Oct 02, 2026 05:05:21 AM EDT"
DFIV,DFIV,Dimensional International Value ETF,ETF,,,,,,,,,,,,,,,,,,,,,,,,,,,,,,,,,,,,,,,,,,,,,,,,,,,,,,,,,,,,,,,,,,,,,,3.447855828594504,-6.44744171228594,5.442722794029642,3.382078857203763,-2.0335980657241626,0.9153255370903279,-5.525697012682174,4.773958810291168,-10.858454959591668,2.8383521961735436,-3.7024566817578153,-9.520260214096698,7.763987811593176,11.815546217621286,-1.0947672575520762,9.04605162935459,-1.7194560021668415,-0.6212498014989354,3.38192251452345,-5.612226594654679,6.3297947226901075,4.779315719434862,-3.224862565217712,-1.2249165355991076,-4.5064256759146275,6.581053217032706,4.524105156586256,-1.3387561832653883,2.625363559893068,5.8866859717978,-1.578242229976301,5.004163019576868,-3.488450939503085,3.6727993101188794,1.9055305595429672,0.9174454319961001,-3.939059351618601,0.41004503602013465,-2.4652270498085826,4.791449141777382,3.9806279838811465,2.1709325321267015,2.0578979464054514,5.25268629505411,3.097882303977939,0.3268590135169003,5.818018415073123,1.8716702076034153,0.4553338598450418,4.208918468022094,4.136562359651719,Actual adjusted month-end return from Yahoo/yfinance daily history,Market Table annual returns from the same adjusted daily history,"Oct 02, 2026 05:05:21 AM EDT"
DFMC,DFMC,DFA US Micro Cap Portfolio ETF Class,ETF,,,,,,,,,,,,,,,,,,,,,,,,,,,,,,,,,,,,,,,,,,,,,,,,,,,,,,,,,,,,,,,,,,,,,,,,,,,,,,,,,,,,,,,,,,,,,,,,,,,,,,,,,,,,,,,,,,,,,,,,,Actual adjusted month-end return from Yahoo/yfinance daily history,Market Table annual returns from the same adjusted daily history,"Oct 02, 2026 05:05:21 AM EDT"
DFUS,DFUS,Dimensional U.S. Equity Market ETF,ETF,,,,,,,,,,,,,,,,,,,,,,,,,,,,,,,,,,,,,,,,,,,,,,,,,,,,,,,,,,,,,,,,,,,2.153874909980402,2.887399853890993,-4.5171906995164495,6.721792076975119,-0.9139991386631574,4.071660364507035,-5.609300534129513,-2.6434407875796984,3.417679862507561,-9.11873442469605,0.20201231415586385,-8.367073983847783,9.300623787394514,-3.8167999429382093,-9.043858282402983,8.44925373672094,5.154415861061268,-5.571302708831327,6.344628350410009,-2.2147091740191582,3.003186805489033,1.1929139508333408,0.5115393577499905,6.929505175615369,3.5506627053015993,-1.7645767558040704,-4.665194638970971,-2.5993689324865787,9.285425234519318,5.077551174856043,1.2733907571401248,5.4296023886309275,3.1813526615642296,-4.0540483005560795,4.664334934597902,3.1294959527321975,1.7502371990900212,2.037390266774497,2.0600516892176124,-0.803854979578067,6.7260975664069855,-2.85311741974259,3.0745039132527907,-1.9479491450786646,-5.922600813220702,-0.8597900230723154,6.604406388703343,5.138198051682652,2.282911639236218,2.3778184090395005,3.474559781705455,2.3329674180950555,0.17538294123549125,0.09097019458474964,Actual adjusted month-end return from Yahoo/yfinance daily history,Market Table annual returns from the same adjusted daily history,"Oct 02, 2026 05:05:21 AM EDT"
DGRO,DGRO,iShares Core Dividend Growth ETF,ETF,-3.347625681221067,0.8055008129087105,5.473421613658158,1.2121067456840162,1.6093139647826105,1.077877957176665,2.970321608483051,-0.14246383040863453,-0.8729714605484107,-1.4482290347592741,4.812631929765976,1.8227799579592974,1.1418821107120891,4.755395231669035,-0.027468028510546638,0.9523695009712396,1.1385710250712444,1.336674586466402,1.14939744452911,0.3787812943872648,2.628449759948359,2.15582961930747,4.190547203053874,1.1960377969308267,4.801606770575773,-3.8683127941634754,-2.7174205016775255,-0.05902423958956682,1.5938543392856053,0.14575703323460587,5.134220347800533,2.802434436439616,0.6398273352589801,-5.369643950449953,3.735374732028074,-8.260485100266168,6.23868185099401,3.7730890212562818,1.0599745787520876,3.755110806229167,-5.769733072898053,6.960796934509306,1.413596378964943,-1.3681168935786525,3.0883867580490554,1.9672980342154034,3.3826258123116792,2.540471367082864,-1.497519690585003,-9.07335803396524,-12.812001905718562,11.629340444969882,3.6558534271101006,0.3721049148275535,4.30849164607634,4.8444813796091335,-2.5922339067617095,-2.085982841725098,12.14067807024508,3.221354486674488,-1.584113934307374,2.6978080567904072,7.14817075204397,3.397539511052483,1.8232728078653837,-0.39236795727383145,2.6211234690048046,2.244593474693657,-4.457609122066463,5.752365122323244,-1.4492609039714166,6.73467178562297,-3.238583523266625,-2.5102316798862767,2.3749614560925503,-5.279913298082429,1.5615747491093845,-6.847998477238271,6.234253710039361,-3.5171031091729255,-8.250331222334362,10.209138990044341,6.774133855447584,-3.8388120623324196,2.6400034351015345,-2.7474723804338907,0.7821127160877683,1.8003623956552195,-3.5370532700998103,5.517066742756871,3.357259923399858,-2.4032751126712215,-3.978248247284444,-2.6246560472873215,7.111727932219591,4.898646450506217,1.2634470749968596,3.0825679163916764,3.9077100902132678,-3.634157726311804,2.931179993801014,0.5467250967539528,4.669319250102144,3.0514136070933784,1.5371977062948128,-1.1804105710231716,4.826482627456041,-4.9755156285971935,3.472456236251542,1.024098562485043,-3.165072876778363,-2.654579525132428,3.2756826533379524,3.48009751054168,1.094776559645183,3.542674804682533,2.2764254460226674,0.014684902479200623,2.702322869932594,-0.09506445354362514,Actual adjusted month-end return from Yahoo/yfinance daily history,Market Table annual returns from the same adjusted daily history,"Oct 02, 2026 05:05:21 AM EDT"
DGT,DGT,State Street® SPDR® Global Dow ETF,ETF,-7.406800833771532,0.03336404396110382,7.528699490310231,2.2135598691045866,-0.8388113597830205,-1.6418770969382712,5.546772976244974,1.4373715105820306,0.4701822607652506,0.044317157947593167,1.077942938077392,2.589353822278806,2.6748686154299595,2.49371337510651,1.5892511702031653,2.094225375245329,0.9862400570663787,0.8083367188409074,2.697761458507375,0.1522956845920298,2.6724616004927704,1.7352207851824453,1.876233414619466,2.6781290980620653,5.3579424996238245,-4.20830260902062,-2.0063108858987544,0.3797300562859096,-1.0639641149218337,-0.5562563705458601,4.014084401476925,-0.6062590115163413,1.597195538783014,-6.819780401946884,1.3692155019017438,-6.759568485162926,8.146818619120078,1.812849596335786,0.5429188582141364,3.318899370654904,-6.4012843218638205,6.610674856826293,-0.5185076860387716,-2.878402986298634,2.5709161234926947,1.918459360823599,2.6941543018299763,3.2160637773310796,-3.291674198580563,-7.407401937836244,-15.031228667853291,8.330890902304189,4.273853885788936,2.7872949902232547,3.262525118598125,6.356076914044806,-4.0018025749358195,-2.6681134349897273,16.109640674771054,4.1907950712103625,-0.5416789256164956,6.66109573936291,4.150387118514054,2.793824271862966,4.219656057568022,-1.4332677906808478,-0.4427767851213127,2.0058096630233724,-2.399094962589088,3.6758824479520946,-4.332463805941722,5.9324202270079285,1.0927964409969793,-3.1296207061251136,1.6485628108395822,-7.13585131655643,3.5502187731477397,-9.869079984832785,3.9641951904124895,-2.8923199621169626,-10.374656461926124,9.200458062984351,10.568775523106932,-2.3965544717029386,8.25254215313218,-2.6325613031261463,1.3550275003600287,2.0918402161642646,-3.205516600671121,7.337049957015829,3.677774498343922,-2.863480214761016,-3.567695515113334,-2.6585853837883477,7.977012813998274,4.561985333333229,0.5209619872655669,3.527541389638267,4.1009529005740175,-2.848462626634596,4.60625703273545,-0.8474891931159911,2.8723177479211603,3.0500567121834576,1.8671002130472125,-2.6621343161480793,2.824360142960858,-3.249214590560723,5.089726535731698,2.8468725422988506,-1.7231837167364539,-0.01431136839039615,4.843326542500526,3.759691462526993,-0.13277507630784502,4.28078041180413,3.3391771781062785,1.9041702996204002,0.685568309936202,1.93212315264093,Actual adjusted month-end return from Yahoo/yfinance daily history,Market Table annual returns from the same adjusted daily history,"Oct 02, 2026 05:05:21 AM EDT"
DIA,DIA,State Street® SPDR® Dow Jones Industrial Average® ETF Trust,ETF,-5.479397739665826,0.7343407180014028,7.310536759418551,0.6108105483225268,0.3854813511185107,0.9619500986483676,2.940996343393487,0.2497415717648721,-0.43724110094560675,-0.7824369484867977,5.944852872928719,3.4172117822366843,0.5287169302897077,5.135330301278707,-0.5948705735042803,1.4176416923979973,0.7359523963665682,1.7304295675183656,2.672570815470765,0.6193511680186337,2.169318605316728,4.465505441722395,4.191380132727662,2.1027734132690767,5.742137713855122,-4.054203410567125,-3.3409704293799747,0.11161599354909679,1.3782310155281197,-0.4452560618516954,4.845988889414565,2.450048259374338,1.95949192408853,-4.938120950468628,1.9618003864038114,-8.48528481665386,7.332156037326754,3.946634576557728,0.15408109848513707,2.631444867783439,-6.377863881323975,7.357703074062005,1.0870761418393604,-1.3755737389407607,2.155492898666944,0.5472859245269079,4.063115023293085,1.7870559008135611,-0.8934125896922884,-9.616504912347501,-13.6205416680235,11.004166367470791,4.755854438623808,1.7007572106574997,2.5938193669919007,7.77352725594056,-2.1515198290660176,-4.443694923230101,12.154354572827831,3.291664328152333,-1.9151548255969875,3.412359627450834,6.916814333915311,2.686853758661223,2.1871593264690903,-0.05421761836278405,1.3732696646209908,1.4478204308446152,-4.2138274463865315,5.92988946659827,-3.532900894696467,5.53508817360977,-3.2971575812549614,-3.197763372019091,2.436156924108035,-4.907243569614572,0.39350961721218436,-6.562134775850703,6.814818495915698,-3.7731817878674967,-8.739402735077917,14.032862426263382,5.935166266646763,-4.065219156925071,2.9544537088857403,-4.026874862492247,2.1236570028855484,2.5842424200001712,-3.1658552381750193,4.584109054819163,3.4871822417229748,-2.0376332019707455,-3.442719084494128,-1.2792900170792487,9.152930271688575,4.920222451481893,1.2515980870306365,2.4111828793163426,2.247404123801622,-4.885309443710861,2.63865169398525,1.1544441693245755,4.488281232964786,1.9720355335226092,1.9621853462399308,-1.2540375279070815,7.827653983319038,-5.190220536827983,4.713808854403312,-1.42930670875,-4.034938662502896,-3.1766700190257735,4.142300288476819,4.505849670728157,0.19505367362373516,3.4056817080837076,1.9678003852677595,2.607172986172368,0.4437401157152854,0.9297253853667087,Actual adjusted month-end return from Yahoo/yfinance daily history,Market Table annual returns from the same adjusted daily history,"Oct 02, 2026 05:05:21 AM EDT"
DIVI,DIVI,Franklin International Core Dividend Tilt Index ETF,ETF,,,,,,,4.857513958785509,-1.5696927956140527,1.011283323948886,-1.1667283088575342,-0.49479039156601345,2.6234696806450186,-0.6128896115404681,3.0835028149154287,3.531356635375471,0.7062797210479754,2.5581669462787726,-1.2374660991057107,-0.20700268365060337,1.0788366943435657,0.9852370817304834,2.1950907120454,0.4773289560140004,0.4236651459930574,-0.7537296199755295,-2.186853736489436,-1.2195525515621974,3.0864371040633554,0.5987945313297383,0.09592851970046112,2.5157462791896235,-0.4696662429611531,0.05112791760866209,-6.30036354809691,2.3489763056043778,-4.2914691624776236,5.293701191054456,3.224439370403709,2.1044004266840943,1.3605978688629339,-2.899113642977169,4.342067649924797,0.7189222242094173,-0.26665543142555537,2.945194272511542,1.4820476106068403,1.6975218386446889,1.1145272978839715,-0.36938354870236223,-6.310252905891223,-10.97742543835043,3.529496089995199,5.1524122099226854,0.8652889700227151,-1.7639266174740653,2.462560241737366,0.7343807419999404,-3.819100395121533,10.43497615262321,3.0749722742241525,-0.375468507109078,1.5988824940221136,4.459521948108192,1.6448911492798368,2.317010872888381,1.4439767636912793,1.2967224696781798,0.9952898224029783,-3.6633181710806872,2.6929075765683486,-0.3519598498226362,3.9499396949989274,-2.90518504688001,-0.8947889743679105,2.9216376168384572,-1.224614497134735,0.4262907432981411,-5.02995904115574,4.281827432805807,-5.535641721756923,-10.305944612702167,6.373418151688504,14.084383237845488,-1.2463116327005364,8.584918208843373,-3.276991306003041,2.697010084993612,2.956528769281652,-3.9527066221769713,4.428517421712552,3.2500875424016806,-4.2412050174091664,-2.917119547522251,-2.7947095732451688,8.145964054939459,5.853139625839554,-0.520501197248513,2.2563744387023243,3.0037221466268305,-3.1686802840469097,4.9406419009800695,-1.8513072856424007,2.943058331027193,3.0919802736211643,0.5516032814438354,-5.428204677245196,-0.8928609921359909,-2.6256332097792434,4.898363895382496,2.7001382277297648,0.951415710573289,3.743501088750656,4.5252662639467145,2.7035518296130157,-1.59932045589809,4.704874932431902,2.1103669634602973,1.4205274028821435,1.2420712227679154,3.074082094506969,Actual adjusted month-end return from Yahoo/yfinance daily history,Market Table annual returns from the same adjusted daily history,"Oct 02, 2026 05:05:21 AM EDT"
DJD,DJD,Invesco Dow Jones Industrial Average Dividend ETF,ETF,-7.117035711901421,3.2676919191566123,5.720112525763343,2.0337672174137955,-0.37605884835580916,1.742276851214064,2.8389897614566673,-0.036302977747282306,-0.8658002547119015,0.33211120964804497,4.376613842588584,2.5269687035768706,-0.642777652475679,4.852158022492414,-0.06853933394805889,0.7483096090773911,0.7227819620111209,0.34377522220649936,2.062315422356842,1.0493218105992463,2.2243978006961207,3.20724287945644,3.0340050757230674,2.3564333454348496,4.505142533521611,-5.013995962842122,-2.2049719502064025,2.3043938488003457,-0.08888230555650356,0.2275199106474668,3.883789677639915,1.9640614207743434,2.5806809945455367,-3.373193818273046,3.8426306127156806,-7.749574295527218,5.138221850347846,3.715363685577744,0.9088662840674999,1.8302382188200461,-5.918953862152653,6.991455267882074,1.2172054693135204,-2.0576820575700316,2.2363848506089523,1.0852717514566734,3.11988836947239,2.3824901139420485,-3.702764392594471,-9.849869114983234,-11.439015045897339,10.620214746274437,3.3911211565119004,-1.6745718230341433,1.573900354388158,4.371642108397311,-1.5871141693918234,-3.4074457735875363,12.229570146433622,3.151149546863774,-0.34533606758340163,5.74952154870676,8.078632642995863,0.8427760563630038,2.4934712720547036,-0.7906717308822864,0.02268138688339416,1.3400113168912542,-4.370251063577202,3.515356905566236,-3.328042184607849,7.219505319920816,0.1320737326113708,-1.9129121326203924,4.0326114050428075,-2.692160493956386,3.4136878428942863,-8.304531873122157,2.821920941499001,-4.363469328602132,-8.826241224746534,13.8170010645291,7.05413404616142,-3.616300786085036,1.8323589455691902,-3.89115054265744,1.0528100252524597,1.6596635534750437,-5.31154847980333,4.634728105573682,3.085756569513043,-0.9705305174506407,-4.214626104914288,-1.4656786947541245,6.3573828631525275,7.175638041204535,0.8952561174820017,0.5987138260241887,3.8040350498240283,-3.2258039847916975,3.053782496414015,-0.4330568519495759,5.72453741001635,3.1688433491916967,2.578131061500444,-3.1755073197517802,6.427745679350139,-5.77751158886578,4.961148170990581,2.3483059311527166,-2.359205906538464,-4.185125338241058,2.457582923791035,3.293330083872492,-0.22560122125618864,3.504807278017852,1.2240258520272107,0.9254171092820451,3.768172136721515,-0.5239603689821792,Actual adjusted month-end return from Yahoo/yfinance daily history,Market Table annual returns from the same adjusted daily history,"Oct 02, 2026 05:05:21 AM EDT"
DLN,DLN,WisdomTree U.S. LargeCap Dividend Fund,ETF,-3.3141743322196437,0.5253990600847525,6.824070753132805,0.4184817296402965,1.398146216577234,2.061032514224048,2.7709400038984366,-0.3036358065746314,-0.08391295382491615,-1.8382288417383097,3.7480254171786465,2.6831450190182293,0.588289485249871,3.9452077255724083,-0.13066379633585035,0.29038029840267043,0.9952006283098891,0.667291114067825,1.5113405255813062,0.20283817039679075,2.237640178611633,1.7090758724653154,3.524678291046368,1.4053917572761643,3.744313316172221,-4.589373645175199,-2.3515094235470824,0.14074330639839427,1.4051067818689589,0.4439923937558099,4.082088883525081,2.21694559713721,0.671821556965635,-4.555311764162539,2.3504936961973755,-8.690896666016169,7.106452681155062,3.3168643404762665,1.4804250822891163,3.5258781237275105,-6.403236665041878,6.889752343050337,1.4450785678672196,-1.8045686023259622,3.3257553572509924,1.6771064824983917,3.074895536221267,2.7467738902209993,-1.6745637137346336,-9.156229727774845,-13.811206278841503,11.507970630258924,3.1854155582142107,0.5046452949325708,3.7959237355282616,4.517852040427606,-3.0720662352718087,-2.911392461932505,11.441645521811704,3.261422452720897,-1.2082111908639392,1.3747130621267312,7.006471109352308,3.374091096429699,1.682082629794679,0.3695513451620336,2.260707348364077,2.39885138711311,-4.795218964697289,5.789336202398365,-1.305143896044969,6.723700708775127,-1.5201619771249564,-1.846710607078872,3.3973544209805695,-4.3345239277442715,2.2766630203340465,-7.460007947958092,5.624258184960884,-2.873035376915145,-8.21366387861736,10.863977403734948,5.855797600964663,-3.780843639331899,2.7448521793560277,-3.177476474249996,0.9723404128645363,1.600602353365188,-3.523321717972683,5.553023236952015,3.2074934788978604,-2.048398842876986,-3.9968844192904807,-2.440849869388051,6.6803811730156815,4.48833246939111,1.2808533602546524,3.5280626137141446,4.177174291406516,-3.9776577295511317,3.5563619511611577,1.9423129620727897,3.5350768109989605,3.271860721350617,1.5229103232994534,-0.2621081942326353,5.107294438823029,-5.035310925562541,3.3292051886651297,2.1111131283620965,-2.8873989008174394,-2.902082631711922,3.5769877431475194,3.484179432997214,1.4716512858548914,2.8354677871494927,2.0311308229046032,-0.22012078688313785,2.0722284968744065,-0.09324377674740925,Actual adjusted month-end return from Yahoo/yfinance daily history,Market Table annual returns from the same adjusted daily history,"Oct 02, 2026 05:05:21 AM EDT"
DSI,DSI,iShares ESG MSCI KLD 400 ETF,ETF,-5.190811766753489,-0.39011362595393617,7.062938100617933,-0.013084219826298149,1.554773010989674,-0.14914481021895964,4.124124957527675,0.44696218072162175,-0.15600152451634708,-2.583498616234925,3.9270510249539647,1.5279593250800083,2.14855163191332,3.125400188478511,0.2988659392829218,1.4983590817762682,1.2945772393911703,0.43141749933974793,2.2838869389879335,-0.32837892179107264,2.3486910815161632,2.530940288077743,2.468482876335254,1.0797616986965242,5.9955215954045515,-3.9085545240104436,-2.070420764275116,0.5423440679308333,2.5343568184325482,0.6182006299806142,3.388117469667473,2.3476714827605383,0.3391725393873779,-7.716102637416167,3.307979470350375,-8.239887077132247,8.172051626026388,3.429440191218336,1.7905465317339386,4.076601586565154,-6.3308413514312605,6.713523960698842,1.947685509905206,-1.7759316695949434,1.668638809349554,2.019637368449012,3.7207050131969455,2.7561555786027814,0.5244464184338327,-7.43625418664462,-12.384388466139795,12.958217351995206,5.4358771236964865,2.0582972728565574,4.872078410125824,7.925983568601147,-3.877177872874771,-2.297763642698436,10.927136595232545,3.5017578914346537,-1.0343982912978555,3.531079811515725,4.48543477370118,5.068094240171117,0.8101721786568428,2.6278295500312243,2.7043383154988776,2.974013967406841,-4.730875088941944,9.277729999420714,-1.4846708210562332,4.032142780529169,-6.435650126715775,-3.3816296286419023,3.380338708589159,-9.235726480639839,-0.6486927732397452,-7.733627471471271,8.664832696970581,-4.914878942974332,-9.457049098299041,7.107618738517707,7.040315202011915,-6.128583538680821,7.11798606134888,-2.2106664098963447,4.07564187801821,0.46160786486491023,1.1614438474305322,6.440416975938579,3.6592520744273216,-1.3180633110362328,-5.082337235526769,-2.800648023772989,10.084675348849782,4.883995564610677,1.8451537639619264,5.154747447004948,3.638829448892733,-4.602725151588483,4.606428871613133,3.4487144986587115,0.7703359876807481,1.5384712921149513,2.709646937213872,-0.9467723160659469,6.078317731731775,-3.2790169109160994,1.5872974543043927,-2.5892962969864652,-5.885005091794526,-0.6151817625412725,8.872061148561695,5.0743944562978704,3.1508206481245082,1.3186518929615199,3.9851741248606576,3.025002557808776,-1.3101034681796797,0.882903555161918,Actual adjusted month-end return from Yahoo/yfinance daily history,Market Table annual returns from the same adjusted daily history,"Oct 02, 2026 05:05:21 AM EDT"
DTD,DTD,WisdomTree U.S. Total Dividend Fund,ETF,-3.6946740952817803,0.9306398106495362,6.9596351877661,0.3637080346544419,1.3333424385540082,2.1015531964771794,3.0287664437649076,-0.36265360159180027,-0.06349733482234887,-2.1191052905299768,4.14422536821939,2.8014378829609665,0.5478421599441674,3.7891021445712214,-0.341641815852467,0.2862907579758822,0.8102778680105782,0.7427664709153792,1.611715700044658,-0.14166121084560057,2.3864789264793407,1.6403506766852871,3.625777828274357,1.2499592442605456,3.13500950062906,-4.496479654964625,-2.0617698674035068,0.41508924924320567,1.6879535395921463,0.7023664984401323,3.4324472928296323,2.303809642905197,0.3727713995868909,-4.832668554793917,2.073400587502161,-8.60665533515892,7.694688699330476,3.3242342048703577,1.0960414414073139,3.3628650766265755,-6.329388459937668,6.810088130141678,1.4209077262796965,-2.2215934226666456,3.5502852184057243,1.5450505026996186,2.9037037514529684,2.687199614887592,-1.8456197287252785,-9.454323659521224,-15.895982191800407,11.63971343438146,3.256136356529038,0.615819481811708,3.4626919699993985,4.693934110551767,-3.1044414201486625,-2.543277431542601,11.644570783675,3.4788529270911805,-0.8380181189888147,2.0401584815184615,6.98445391733411,3.4937889325737492,1.7943901777360383,0.06249520934118458,1.8781278365906484,2.449474406350771,-4.500455007323301,5.689469944768777,-1.392222012555988,6.504151367037414,-1.4041950694521965,-1.5600436011777075,3.132049512349644,-4.47686230924127,2.4687893765808377,-7.6517561237067655,5.860275963792971,-2.762191882261522,-8.313078582618738,11.137981857375333,5.8414535186327,-4.257036974869155,3.446693818258706,-2.9676543199471994,0.13809831321514032,1.0644492267381622,-3.7218214672746774,5.95650344513583,3.4948537627341514,-1.9125416546483032,-4.172663258528542,-2.543955048706892,6.7905392430157585,5.180219057847024,0.7421172035121826,3.37327653319599,4.358527092271758,-3.9891609984948007,3.7186198711664398,1.1664885226877697,4.244929997354996,2.910644755850278,1.453598294760794,-0.29442299329421884,5.659937271922932,-5.56393056426735,3.361205152121527,1.5831828564664807,-2.962772267252045,-3.0783931193837155,3.7632655781181246,3.3538058196192377,1.2304917572134588,3.203346527720119,1.624555106724035,-0.388647075154791,2.0728083195695746,-0.05863665674512575,Actual adjusted month-end return from Yahoo/yfinance daily history,Market Table annual returns from the same adjusted daily history,"Oct 02, 2026 05:05:21 AM EDT"
DVY,DVY,iShares Select Dividend ETF,ETF,-0.9182044848913495,2.8874427002408387,7.43548219649488,0.4530331038622437,1.0482646424848419,3.701760024182832,2.0051666950887004,-1.0115367444445966,0.3117007050977172,-1.9138786999307489,3.783464209267051,2.325547564110475,1.34356211725577,2.81868371837799,-0.5261923884918307,0.439062880425789,0.7759523576482019,0.7850406327037707,0.6072994109238339,-0.7760937208735386,2.5294922841432976,1.1745823482941953,4.05275702404253,0.7771367807219098,2.130732045762307,-4.251959834565411,-0.501544924876407,1.261537201141505,1.3912126646986156,0.9037904876019187,2.271376437166106,1.0503897799534423,-0.38741684928645936,-3.8993452764249037,2.0653013807399923,-7.993573805687504,6.807725540013876,2.8933916566736606,0.9178930801209795,2.9334138360660678,-7.37188842635379,7.31730118130498,0.7232248342730507,-2.3235599620738068,5.06490103009698,0.13734385783656933,1.616212386835847,2.7252580361836864,-1.798258889521398,-11.179633554952806,-19.101997016059137,9.654600151880333,2.3685539839127134,-1.2634571361225366,2.9236964256674325,1.9378945499439748,-2.5946293886978222,1.7905259620068392,13.096430182595387,3.3488984688783807,0.5614593523831868,8.64348488862694,9.522612223601845,3.663460091356896,2.333447044792969,-2.8585078747327963,-0.8402926826495682,2.7931293935345103,-2.630374823842929,2.876573796800286,-2.4741701794933957,7.257312970323659,1.2072767890569214,-0.20954469819487453,4.219659287878708,-3.597920566949575,5.343281909950726,-8.956760632821148,3.900731412773517,-1.7585458704980073,-9.658007123130908,10.19399415797837,6.212444501781267,-3.08237084381231,4.195702541651514,-3.668627243697864,-2.3265684181042023,0.34990467682365356,-7.730260523733968,5.188565375051857,4.201244927657788,-3.8455102460656865,-3.9157733391074645,-2.787076695833157,7.014544053742733,5.740348239724691,-1.791490633113324,1.1639996472927683,6.647161405601665,-3.0686800597398256,4.2462469164182615,-2.0553072595724364,7.5384295452573635,3.0515097758800014,1.9108614385408451,-0.23692396697191365,6.42673084402956,-7.5582918567281165,2.635369376155494,2.4860935081049584,-1.9945484968138305,-4.400918893456884,2.173225055477057,2.2109238017946176,1.686627352102077,5.042565787648567,1.0604101229456209,-2.061936378665019,3.154421581319977,-0.5732362155226434,Actual adjusted month-end return from Yahoo/yfinance daily history,Market Table annual returns from the same adjusted daily history,"Oct 02, 2026 05:05:21 AM EDT"
DXJ,DXJ,WisdomTree Japan Hedged Equity Fund,ETF,-5.031965308098796,-12.48948304449372,5.021607195249822,-5.9711586929163225,6.78830224654281,-10.66460770710117,5.028363377946055,6.064348058545055,-0.5557021705456577,5.220258714157833,8.97008368465697,1.6746607979165828,0.6661224201033766,1.6843769756605953,-0.1774455624097282,0.8889605464925232,-0.15663785060984203,3.630429720669781,0.576932804543473,-0.4588746248714082,5.158495026745857,6.160876685487815,0.9299246708506681,2.064253670479821,1.786624677175852,-5.398233415847276,-1.96045809282821,2.28532150350369,-3.0895507780750675,-0.8177089192119347,3.0011156797199012,-1.4028852267988667,5.7095912301414975,-9.249335691169868,0.39928762999352774,-11.639695850619002,7.781843746438222,1.800017836783696,-0.5299256885076487,2.7267544341597283,-9.790364490909164,5.0849283155551595,0.34905989849256525,-4.419875238569992,8.167990654806667,4.379720220038408,2.9998021187837676,0.33447940516575514,-4.1093230257667095,-8.784178508672246,-10.395397670661676,5.693925111543496,7.160474794167282,-0.303331333287038,-4.763912399157633,8.32958720857697,1.0100908781801143,-1.6938511602999973,8.76062564326272,5.407448660751535,1.5618956273987683,4.215682391837516,6.493056216637627,-2.9996627006243615,3.2604846223449613,0.08782248368313095,-2.064901866711144,1.2884999594523938,4.450168264590726,-0.6174772593099287,-4.508529978206932,6.192207051448295,-0.3357791371082608,-0.7540574112381404,3.491745542115976,-1.109019469781647,1.8322507580986525,-1.994185729461151,3.8283060898265164,0.23138912111881904,-4.868525203654539,4.993508285068038,6.5781629727759805,-5.327749016619199,6.999523830374499,1.9479595174825892,1.7744179656745684,3.5633158820033817,3.0721157497097806,11.339077875539182,2.5585540495494996,0.7847379341213934,2.5703251593337084,-0.5892417983079712,3.8641108579886785,-1.6612576902506615,8.990692481028638,7.685890152720654,5.36884378961846,0.009220468459236741,2.3960829771596304,2.0226584294363636,-2.827510864237781,-1.9246516519340617,-1.286464413347277,1.4811228909283658,1.115557233724962,4.091063492043623,0.09065958564111742,-1.6396360214076755,1.473570386773404,-1.3886394618979558,4.6295418907530195,1.7260538387299018,4.454370404128882,4.247655376840465,3.0042305248640266,5.7095944224778705,3.7239694727408956,2.968404250146084,Actual adjusted month-end return from Yahoo/yfinance daily history,Market Table annual returns from the same adjusted daily history,"Oct 02, 2026 05:05:21 AM EDT"
EFV,EFV,iShares MSCI EAFE Value ETF,ETF,-6.749814518117725,-3.55003204803106,7.21797606341128,3.2322900713128266,-1.0796805602710347,-4.025176345575121,4.122010780634389,2.0577264510333704,1.1615020051950253,0.12999085146603306,-0.5841500684678591,3.8715675538273375,2.857122372778975,0.3498082798298885,3.1371263314327713,2.167033544794772,2.140504523559783,0.7455972684057732,3.075433590226262,-0.5254392151651133,2.9994537397997956,0.7142572628269894,0.7455994844504543,1.0779793638456159,5.705497693662109,-5.3290184312764115,-1.2669619253424136,2.346483920593645,-4.119674687824637,-1.4389855506688365,3.03797473577323,-3.8367060826216326,2.0440287092427623,-7.068586813139732,0.4352319888815348,-5.38547577384646,6.5015392606188716,1.7441915962929988,-0.24489110981302797,2.475443021686363,-6.208798217082457,5.333087067965803,-2.766807557027029,-3.465991352284481,4.986689781425402,3.4621148899746768,0.46929714252048615,3.3002716328507375,-4.245943642687378,-8.115452122743783,-18.757112558607027,4.931361388009359,4.566101509373199,3.3533292971239748,-0.20014269621005942,5.289552574542999,-3.9285724743648887,-3.742283014591574,17.893943693609682,4.489858800275592,-0.5720373705857429,4.922245447970508,3.513399665572603,1.8049700755362164,3.8928579779000883,-2.414582303349444,-0.2704706724738548,0.6586784141621171,-2.1362765721653965,2.222215544982764,-5.867640085765425,5.424203630467472,2.083738486964659,-2.8965695836074667,0.6206264158413521,-5.2725943804379565,3.8017188949915903,-9.639841186128361,2.142842072521489,-4.624425049080649,-8.869435608758847,7.163248338170103,12.593866509746743,-0.15725712681049497,8.195289563050112,-2.1958217899514687,-0.04119758348116731,3.4823997474684676,-5.21705064083725,5.63608461680889,4.311391694905042,-3.2125239425348395,-0.9714661603335784,-3.474351166659817,6.944737862643358,5.074998301291567,-1.0748445456466693,1.1835467146738,4.314472730783181,-1.7095637390325713,5.236597181795921,-3.0572315784316295,4.072400072105942,2.9528967898505787,1.2317405674628912,-4.606294908423337,-0.23688592697205246,-2.5226460565827002,4.55498303027797,4.447678304584679,2.8621292246231222,3.4272189506877604,4.396323080612263,1.924014048903655,-0.23629620198634127,5.731876964457827,1.2992820232591518,0.8993069972447199,2.6738746499099353,3.9307774626078373,Actual adjusted month-end return from Yahoo/yfinance daily history,Market Table annual returns from the same adjusted daily history,"Oct 02, 2026 05:05:21 AM EDT"
EINC,EINC,VanEck Energy Income ETF,ETF,-8.760640874523807,-11.318276981966068,13.165277791712594,11.88116963867003,3.6146996569593526,3.7118253059786888,4.884228796302192,3.6439417396348928,2.4196794058004567,-0.6196818398343851,-1.1301538160416125,3.153367099453064,5.769936660290997,-3.184625040961464,-1.636238449298666,-1.0057805728125313,-5.756814834488255,-0.08470004454140811,4.661022963673922,-3.02776003033719,1.8763152654297288,-0.29300877848383866,-2.6009741772412776,2.4133108433778805,5.784098186991571,-6.684244970005149,-6.729472781901769,6.974498916776795,1.5253050863333728,-2.2121590556610005,4.847625083455154,-2.5588608793388867,0.5982629035370834,-6.495889903811691,-3.4152086663411074,-11.688973157053095,13.527693229864845,2.6492939988606468,2.3041546708763905,1.9519728294105088,-3.079265670257292,2.4365244105614137,1.3663668944527974,-5.178621449106446,-0.2704219793651319,-1.3557377941961435,-3.8818417663171623,6.651131118768139,-2.0787844064146688,-11.667774246219443,-41.645243100872406,35.20559433295374,7.232110385556956,-2.0833621315523465,-1.339628437726481,4.231564955928113,-11.142865337324558,0.20460872651975048,19.747729480635236,1.9622367235477611,3.9707897507306633,7.1804165253984475,7.7601800133128895,5.298679371035031,6.2493418515288335,3.7263694724866347,-3.5924996617904936,-2.346833743408805,5.525306317033318,5.936557278095722,-7.187836564650407,1.425842671084876,8.659796612195692,4.028306695331563,7.701291534908861,-2.6621463624267427,7.310106278549133,-13.585242369203076,10.619456923257031,0.34269505149504553,-10.623229352054365,11.551311656455931,4.00241972120805,-5.780962179562743,4.031090904399903,-3.6233706314634406,-0.7655762055864712,2.4950784100653323,-4.094987998549248,8.236480599817963,3.6881248617091966,0.3541241148784957,-1.0494373688816672,-0.47648333465467596,6.987520403352554,-0.43560364601481494,0.46667425517019634,4.3626128308767775,7.874783543925035,-1.5224574159361293,3.5333193939527607,2.9647901690861955,2.9548727044965473,4.049802530289837,0.46207343748039253,4.705768196953897,13.408593796834033,-5.894132396160878,3.3177508739417716,1.9971142460111668,1.3790379304442046,-5.341080860880243,2.6903549177691,2.65211402374268,-0.9219910752588212,0.7588264743239925,1.8801975638606194,-6.252512298529666,5.857487175361853,-0.45160497814435985,Actual adjusted month-end return from Yahoo/yfinance daily history,Market Table annual returns from the same adjusted daily history,"Oct 02, 2026 05:05:21 AM EDT"
ENFR,ENFR,Alerian Energy Infrastructure ETF,ETF,-4.9311575721882495,1.6284226591078532,8.546018885991224,10.114850866828885,1.9860550468262517,5.2363093894324475,0.6083535904504389,2.6046682520387776,6.09412690668254,-4.829700445861917,4.3498341133238805,3.88552925288399,1.3422507437767628,0.7450061369400851,0.49022691429676524,-1.9752897490658006,-3.6104264635154815,1.539853493897514,2.9921727478133153,-3.536845574588454,3.1186870868114003,-3.5072448699289938,-1.8173720966074725,4.470888752069535,0.47644792432179894,-10.301765902029402,-3.6007563688571165,5.077965000985718,4.401916290566721,2.445412717572504,3.474731284503063,-1.4827684576039557,-1.6070030374198963,-7.207643425330823,-0.8304727266491896,-9.755576395819665,15.931673545880077,1.8144421051611737,3.5461408746186196,-0.7762315238315054,-2.506355645517777,3.1100398424129594,-1.809728068273253,-3.0392677150273717,2.6237804927076613,-4.052115074895646,-1.577562970744506,8.112344801655302,-3.9442213488556255,-11.207126089642582,-41.24713804842492,34.2745619843716,6.354369930095127,-2.9965152892526326,-0.8620520132956,3.0299573357612353,-11.739467255203994,0.40552573305385753,19.327311835952866,1.1805892076719227,5.1876848044731805,7.307002459982215,6.674878480384594,6.025511593553046,6.534892160111072,4.51948205474122,-4.025844501610498,-1.660026028867978,4.960014049496442,5.538642061357479,-7.59650518464432,1.9270651149201568,7.809997877347796,4.823210485109164,7.0754722320000685,-2.4669725061573056,6.735792681347408,-13.35910327978398,11.105606836332704,-0.10172591237669337,-10.764362167109976,11.961493593447337,4.22185531073378,-6.866216856699181,5.43478355546787,-4.009951585569249,-0.852660872528821,2.4844636253414487,-3.76537638358998,7.276277245621898,4.307988614285052,-0.30377905390478466,-0.9387590628859077,-0.76713385404098,7.331424842253531,-0.730877340699343,0.2598697835724195,4.1559486089205455,7.073677870309925,-0.6291567571445777,3.5894639341775614,2.864879523912167,3.0109212730531354,3.9947315535856287,0.6049811707582009,3.9264370571015172,13.952559532414611,-5.919665685667841,3.17817861740024,1.8286292373853819,1.2357188600593538,-5.706435188537917,2.5741192571290927,2.9374242405903805,-0.3411911174354687,1.070844503849,1.0286514814655145,-6.788017084174025,6.096093100274946,-0.6317204075540928,Actual adjusted month-end return from Yahoo/yfinance daily history,Market Table annual returns from the same adjusted daily history,"Oct 02, 2026 05:05:21 AM EDT"
EPS,EPS,WisdomTree U.S. LargeCap Fund,ETF,-5.7093707064793335,0.3516942738803541,6.701755029936818,-0.6886414152622478,1.921346097913057,-0.8055771416338509,4.121235643107357,0.7860927221201575,0.2543672937250774,-1.207967833691992,5.627342424929904,2.218848640169724,1.164921201848368,4.849010340833226,-0.17447444061934325,0.9328748226126837,0.8147589499731378,0.9387605839277002,2.304112260240232,0.5278641075195711,2.0232001672338518,2.4698334569249525,3.9910532770449203,0.9295148006046805,4.731275590605222,-3.6877776722059163,-2.7747368107727155,-0.6256115339076329,1.9880578770889334,0.1426878260939013,3.650595700054393,2.672937399220743,0.5063414495221963,-5.572583662985964,1.329458900364644,-9.216029644875123,8.581564685992426,3.037217441324036,1.1626607869529293,4.592631022060378,-7.669185020165248,7.623746978061563,2.493928363162401,-2.729981699675277,2.8497687328012944,2.6535068324239353,3.9500721113881143,2.9735523477763426,-1.5535602802199011,-8.776322902005973,-14.057126825032618,12.379945893661404,4.368460587905854,1.1779306863030525,4.341259473336168,6.529927874888908,-3.4479230471156974,-2.2586287610931843,12.218377243689659,3.8929462764477396,-0.821679492304872,2.837051378394939,6.256187421278847,4.359880497355628,1.4588708112859727,1.0844122913914678,2.0558326985205655,2.7989847848808314,-4.754751482506359,5.7403804530352875,-1.4599922609576543,5.547968871110842,-3.9515623372458952,-2.935700533776875,3.365204005278466,-8.416031786590095,1.0386155100940542,-8.369228429502506,7.941197967090763,-3.5422507631617806,-9.13611893992189,8.569971928984277,5.854110349782005,-5.248630241353947,6.084656187358095,-2.6524294991695285,2.273927647073193,1.8298142536053108,-0.6738399873449152,6.139971534576327,4.089073341329663,-1.80996182092511,-3.7202505827652277,-2.7541106811165728,8.069241881454259,4.744199997963872,1.7557878160839202,4.803916086957205,4.033240990661735,-3.8267207205551768,4.298045388993343,2.7633174266117333,1.7756671413894143,2.1247260644727817,1.9310283758194657,-0.38307634251835143,6.253125413693805,-3.3448108792864972,3.775740621705115,-1.2442900978891225,-5.151148916889414,-2.0242892941768287,5.440790071281554,4.905739073464854,2.296521713187838,2.519837002110936,3.0332203361663757,1.6971316806799752,1.240899105839377,0.1721907387753019,Actual adjusted month-end return from Yahoo/yfinance daily history,Market Table annual returns from the same adjusted daily history,"Oct 02, 2026 05:05:21 AM EDT"
EQL,EQL,ALPS Equal Sector Weight ETF,ETF,-4.6757738743783195,1.1687760039649664,6.174218958925559,1.2843320102758682,1.1095725438580617,1.13422656019333,2.8908037172763246,-0.3701393481948312,0.29787843175328454,-2.1312494502966906,3.4220951840308267,1.729165733828597,1.717228904818735,3.7534794611887357,-0.07337721146788434,0.46049708929629674,0.9483100899123631,0.8562868262788292,1.778741622614266,-0.13796666627172716,1.895896658949825,1.8933587055036671,3.09199240612672,0.8758220790813009,3.767595729490436,-4.2960145006669,-1.5295225050887873,0.6202907833138704,1.555859267229276,1.283949696081299,3.0837827295371545,1.5305163374470743,0.4804135835806189,-5.758157778861972,1.876649591040791,-8.134642140799597,8.269385199147393,2.7339766817722433,1.9838482832658544,3.2307237615746276,-5.587646325013907,6.382179663812715,1.15650388823052,-1.1565720871256735,2.1632820496778615,0.8862036657436567,2.6878271987788027,2.738619864358305,-0.7502101829136909,-9.259240197836338,-13.539960889463865,13.00538987368769,4.468362481544741,0.6613634072253571,4.627867255982165,5.1975209926834465,-3.249082872268483,-2.3074619883816982,11.650723814894315,3.1548417606086954,-0.6261471846154554,3.815619427755368,5.881992735110186,4.433545273978257,1.796097558453913,0.7798383002418419,1.428706851021766,2.4034423249728265,-3.9325478841908623,6.859066217798349,-2.2493762480650603,6.020386857773952,-3.141559416048345,-2.0271884654994854,5.039371024679795,-6.272418814768876,1.128416988054215,-8.822383822266177,7.9610866604719055,-3.345540034840855,-9.146213016753402,8.479765466630894,5.7581923995141615,-4.716749323639635,5.851008268777003,-3.000694747125432,1.8390522409434507,1.4367257415295542,-2.7832529870122413,6.790429731073733,3.133382479428626,-2.062637200399531,-4.317040735455646,-2.5617969061365264,7.856769640046135,4.496819840514199,-0.20083305125727646,4.36333622618883,3.8461086568286396,-3.627443334677549,3.6584459537012615,0.4346094713497006,3.4014704059680545,2.7235644587048524,2.3552575104041518,-1.356015959469914,5.8402905307229025,-5.469599871134479,3.520945304452283,0.7635349430811234,-3.197783568114221,-2.2386422381088344,4.116939401826092,3.0474844679640345,0.9121982293107234,2.372887099848464,2.06072451419832,-0.36930746573318185,1.7008016478105237,-0.04969165795486452,Actual adjusted month-end return from Yahoo/yfinance daily history,Market Table annual returns from the same adjusted daily history,"Oct 02, 2026 05:05:21 AM EDT"
EQWL,EQWL,Invesco S&P 100 Equal Weight ETF,ETF,-7.324580661708435,1.9966468337696996,6.998583231346456,1.2997195759659075,1.3584495903555593,-1.507175310798503,4.862003292096251,0.48299579516686286,0.572229543146352,-1.4649526239144062,4.801347388429833,1.2396907055416184,2.130605377347572,4.580477810293226,0.06506256080618389,1.2567761385117615,1.5193527336851975,1.3918393887795588,1.9632067615047655,0.16387878442574166,2.5252530922583283,1.8621992791304054,3.046982374107099,1.6103751137755529,4.339643142841254,-3.9782953765911566,-1.7650927746275302,1.6538082724316228,0.15138848458955412,1.7944134885328866,2.947202353775835,1.2140098175135394,0.9427417251383741,-7.470165044975041,2.870945938841163,-8.244296247589954,8.675987172510013,3.0646729115821003,1.09391731461006,3.7192597527256677,-6.820182108711648,7.23494339222126,1.4677338293319409,-2.0913206061497047,2.360473960457443,1.9419175452511928,3.8784630112485896,2.5107730130468298,-1.4758594536375735,-9.06995729792529,-12.747533711037107,12.026772832203147,4.18222309477474,1.6586787558761973,3.1028214701905865,6.861563712766827,-3.0509378817474953,-2.854776943802473,14.263607407285871,3.6146082736389973,-0.05836251871695897,4.029761591576619,6.0532926813304355,3.602279702278688,2.720056096181467,1.0410857448278632,1.2782251634840813,2.4874418744592397,-4.2443763265372585,5.031869490219409,-2.282496518240895,5.584838745020204,-2.5937772135003367,-2.9244172352273723,2.5102846461342976,-7.9111966375732585,1.8511402946064015,-8.121157156992876,7.18788512161217,-3.1241836798516553,-9.88102704788798,10.8836103450227,6.869399341712179,-4.414481008093018,6.078007778585848,-2.9467221299759316,1.8522874448420268,0.8841455524211339,-1.9052372482400548,6.009050710892283,3.6337055030458476,-2.155893056554614,-4.392429792286057,-2.3803396624225814,8.723412731238822,5.560435587128065,1.0621310925453376,3.401517190506098,4.231012838224113,-3.8570869178325307,2.817058337271794,1.2564499031929799,3.9682492346538645,2.646310843758015,1.9451676421472053,-0.615715611690093,5.929789741835512,-4.612452484896523,4.0379380706430545,1.3626455327940379,-3.9305188679210845,-1.4162448575771092,4.349118427662191,4.128132435949161,-0.1636949834756929,2.9966323777578907,1.8393318360761857,1.5521492304104267,0.7985576660103577,1.0969686149919333,Actual adjusted month-end return from Yahoo/yfinance daily history,Market Table annual returns from the same adjusted daily history,"Oct 02, 2026 05:05:21 AM EDT"
ESG,ESG,Northern Trust STOXX US ESG Select ETF,ETF,,,,,,,,0.8923297116358198,-0.5219705609365466,-0.8325188235098535,3.5378577590481353,2.294036501872143,1.4049345595158913,4.100355010400603,0.3090256203196695,1.0965291522756937,1.2535659153295242,0.7515040898600445,2.7264511536474023,0.24142582679500535,1.154250696387038,1.6618654581626258,3.0692064284540743,3.485868434434636,5.470006019573392,-3.323400459316339,-3.0356359816714362,0.1913419695177776,2.3078582422602967,0.6059600956793698,3.105615106440518,3.5692614452106586,0.8587797739597391,-6.030517297531535,1.2942597299927971,-9.271008620463617,7.857321054190658,3.01484291281795,2.0285186806595856,4.458257969931623,-6.402009471919035,6.945419937239272,2.246742691302206,-2.2478113816918777,2.003664223751178,1.8216443355257184,3.713813970468949,3.2315832171254,0.14424605146059477,-9.274695199146299,-10.919228014261451,13.47606023786636,4.707093154364306,1.9371802452746278,5.203284763213811,8.906670164622543,-4.611996022804243,-3.0915974486399156,11.604085912629024,4.208010496708781,-0.41338160527111256,2.6356373272465206,4.468353118996382,4.820679210611867,0.46040139789773615,2.780558945715894,2.2278317837427064,3.090665579355445,-4.463206444750279,6.93641069899722,-0.9632225045560161,4.260347426303723,-4.986139811047263,-4.307343519578922,4.087483372499312,-9.634986433723004,0.3855559184957169,-9.547715403972424,10.069192952412953,-4.222407416478491,-8.80645706484059,8.214934015233188,5.29281400189503,-5.81619539893623,6.982779990093246,-2.126466932943427,3.5597317610175816,2.086208148450175,0.20516411096698217,6.716406676017916,3.1763991390689306,-1.1891149397724399,-4.098302654201202,-2.5099446419293514,8.781742478187304,4.17417405986289,1.4936022165133567,5.489132130560037,2.1388617171530067,-4.551088894136212,3.0407973170018865,3.378129817211706,1.4724572693072036,2.525753242688822,2.0955687455006533,-1.7917091680186292,6.488740461466924,-2.660104405911956,4.364077156768853,-0.7691329437744976,-5.662369053007521,-1.116491771208139,6.051935760640914,4.513784467486648,0.7144434118176335,1.9151369694494713,2.5860200604221673,1.5127820734969877,0.28870982685476054,1.0906418731788214,Actual adjusted month-end return from Yahoo/yfinance daily history,Market Table annual returns from the same adjusted daily history,"Oct 02, 2026 05:05:21 AM EDT"
ESGG,ESGG,Northern Trust STOXX Global ESG Select ETF,ETF,,,,,,,,1.7202583465428134,0.5822801616476747,-1.803312036690774,0.6209625417492148,3.36861919922391,2.8002557614702273,2.423266447057504,1.369740056148161,1.6336279934737519,2.221963607521893,0.3003624579708042,2.3469398448038303,0.567583192871135,2.118805948845437,2.2860843652440233,1.9746220796361014,1.364105540997973,5.52747952244208,-3.771303335863041,-2.013750405681103,0.5838480375621957,0.6753940591591512,-0.4515877241376032,3.5422388468551835,2.2431647632179086,0.401003083597562,-7.537329006053506,0.23078764808748264,-7.32746467161649,6.715862214807067,3.4376893896507,1.6040761937346604,4.095307127806658,-5.820617587187826,6.670446466086921,0.81966742815196,-3.616402310755895,3.878825973638378,2.354838904146872,2.8236896752501517,3.6056420595967476,-0.04541485323182881,-9.039647085578173,-11.184677401209997,10.642091479026217,3.8693014882200893,3.6002309540369426,4.273843063408167,7.486924247971416,-4.2660055836418636,-3.409457108856384,12.347295941847891,4.79776793856399,-0.2723676257387675,1.9247150374286148,3.5968882454527673,4.39116183650734,1.7936370272483515,1.8411560122453263,1.1391941266428507,3.0813843320224965,-3.8068973083144164,5.828415438321999,-1.7695809665313589,4.168649071599817,-4.948507155208137,-3.740033418623545,2.5839447304897956,-8.37479230907794,1.0179886579918307,-9.237110370595381,7.813207905268582,-4.867348460837473,-9.265254029451942,7.001757254010377,8.39811743494101,-4.427653788018581,7.264253641679996,-2.243855256310434,4.113783517658365,2.91853742582151,-1.1755193794813823,5.1566978747024095,2.9833208130035427,-2.3449429603659033,-3.9937471979938577,-1.8956681357574667,8.680200565629704,4.470443866385532,1.654497562451196,4.878768691461732,2.3426677453767253,-4.2036904619544675,4.1183286033821265,2.0008522636074444,0.8269387262420436,3.0483485336477045,1.266276582776471,-3.1422295153607283,3.62239131079527,-2.343279577391011,4.8029956547523955,0.4730003022002993,-3.8638438691949495,0.28273774920273276,5.700264755803164,4.921044877919023,0.6033080540410296,2.155555672386944,2.620208448425454,2.0449819069514374,0.756029832055316,1.5797553166095435,Actual adjusted month-end return from Yahoo/yfinance daily history,Market Table annual returns from the same adjusted daily history,"Oct 02, 2026 05:05:21 AM EDT"
ESN,ESN,Essential 40 Stock ETF,ETF,,,,,,,,,,,,,,,,,,,,,,,,,,,,,,,,,,,,,,,,,,,,,,,,,,,,,,,,,,,,,,,,,,,,,,,,,,,,,,,,,,,,,,,,,,,,,,,,,,,,,,,,,,,5.158076528573341,-5.242679073157575,4.083967545450351,2.197802471241639,-2.9728020278854905,-1.92959879368787,3.1308219786225777,3.3644833147252307,-0.2868386314268778,3.6833238428364057,2.895047126689909,0.3575698786582038,1.3959437085348192,-0.2470732874694681,Actual adjusted month-end return from Yahoo/yfinance daily history,Market Table annual returns from the same adjusted daily history,"Oct 02, 2026 05:05:21 AM EDT"
EUFN,EUFN,iShares MSCI Europe Financials ETF,ETF,-11.269676132660344,-6.211890790065267,5.9136774885929055,5.1926162572756285,-0.5838511803051616,-13.072683241673433,3.8241003171218146,6.261527150285384,-0.8665612148266111,3.4382480055154874,1.2394286473970118,6.0547537911394445,3.8502228497466318,-2.6409352163512145,5.998959133088744,4.724406323439645,2.9135432743862877,2.7502267922506762,5.834092274874392,-2.368638705852155,3.5730001828591096,-1.4054639647673173,0.38878674792408585,0.9726287472476391,8.66579555481617,-5.52703086559061,-3.468470542835844,1.6450404250702766,-8.56047481053407,-2.0039453231898263,4.448810521387947,-5.726450452314702,1.8072462759114671,-8.925048830272498,-0.21656057338372836,-6.53517329733575,6.312695983345851,4.273014501676209,-3.3528279593169508,7.764303121693938,-8.124708450293227,4.997126257491735,-4.132234293797465,-5.689654946100231,7.251689325940558,4.5454476636995755,0.923912739904198,5.946116915523336,-4.823005319517715,-8.62530576765257,-26.0767078292817,4.389466804503672,2.8287453691913766,7.0680421543325656,1.3352070876794908,4.993071172598085,-9.24702052327413,-3.5662431900907676,27.47170449478027,4.279627384891049,-4.104887454505457,11.296082946767028,2.9380084880631596,4.0477396037486235,5.336686742331209,-5.540918144968343,0.6649371018682793,2.1341472428370034,-2.388029674094072,7.288452640636223,-8.456060697498824,6.260613932801906,3.6409259876893696,-10.009632472948937,1.1230074995168149,-8.778438539676102,5.971010575730928,-9.796107539446064,0.12603253970286943,-4.3423654990063625,-8.48683128697787,9.489565300229618,14.970461725954486,0.5273391946873929,13.291499544808993,0.5035117161077851,-6.3126186599061,5.721920592056584,-4.956979792701988,6.056781409965395,4.692390654289702,-4.233071916537989,-1.6640690854122564,-3.8603690510380817,11.111103080697514,5.364101849148617,-1.7652561697279912,2.9625906304959315,7.264153016315311,-2.154792164681818,8.764049060452649,-4.490796962112132,4.382826801335882,3.4704290557726614,2.4016557888465018,-2.9518812761581303,-0.49999600121424237,-0.4867912082631709,8.4549365304049,8.587262864906652,3.826524108278262,4.914004049571341,6.323187031187749,2.1549365835798806,1.3910832979584953,4.240731362531047,2.7221057003092186,-1.4269193522607249,3.3973402893619387,7.489769336446672,Actual adjusted month-end return from Yahoo/yfinance daily history,Market Table annual returns from the same adjusted daily history,"Oct 02, 2026 05:05:21 AM EDT"
EWT,EWT,iShares MSCI Taiwan ETF,ETF,-3.4456015103712656,4.1362544563059656,7.943940253039261,-5.772018023397585,2.1439427089519514,5.322336395081351,6.975116606352816,0.0,4.457728515093051,0.38216813916340797,-2.474620469760924,-2.2008125324231242,7.320383598887559,2.760144525285013,2.59341410135816,1.5949416827634844,1.836500681596065,4.0139602148366205,2.348985692574934,2.404373304570395,-3.6819710055841504,5.540172846341651,-2.624683068702305,0.3900065019265764,6.710865378193298,-5.150112488406489,4.61118889516281,-5.320816576069154,0.9090964427708625,-1.719906836245022,5.000006726326944,0.3439074656058416,-0.6063669446902509,-12.12202351370182,0.5131204636694697,-2.024342760553832,5.281469605672662,-0.27035319865372776,4.156629795542055,3.6437141866777933,-7.7008831191111575,5.6831745788510135,0.8867456542733354,-1.0490495192826743,4.183367731516974,6.765691199235402,1.6228700765391846,6.889629520567397,-7.707261527638954,-1.4225632218494932,-11.892017749040551,12.314208561994988,0.4050816012560965,8.176434164223622,10.890102423362457,-1.457379453839891,2.1615281555884547,0.5790631459671625,9.521699952188879,9.356265990780145,4.257716826741431,5.6198129885101755,2.5834109760713098,7.638414785548986,-3.3777525082645865,2.5497179648221957,-0.5629463567088044,2.1544297201701035,-4.541253292262093,1.6287747089125393,2.649950238186549,5.751344821027216,-2.582202597980876,-1.4948225126319215,-3.8642106809321564,-9.015453468961676,2.056874125633379,-11.636880261814975,1.7255136049777464,-2.0666844995783973,-14.194709820459007,-3.341066861492459,21.987521679747534,-6.806711938150856,11.578696640951346,-2.499441998758889,3.753709771977709,-3.1105240104900678,5.191261330483665,1.774877302488398,1.829018571432095,-4.761908912296365,-2.3026273978372314,-2.3120077544657835,11.902578249490613,6.375842696308265,-2.9980375101745005,3.7626002471953024,5.072305377506803,-3.122440124244241,6.700595160978784,7.69078545752746,-1.9376251932709976,1.2420004986702038,0.1301068170075581,0.6497193872107676,-1.9734439071019239,0.5569374324602139,-0.5989093919636646,-1.2439272437150706,-6.553834969193484,0.0,10.320140882021889,9.583811542545305,1.6724719106200325,0.7882073477095242,8.160494108543027,4.762651672500673,-3.2107965462861876,3.005305444848916,Actual adjusted month-end return from Yahoo/yfinance daily history,Market Table annual returns from the same adjusted daily history,"Oct 02, 2026 05:05:21 AM EDT"
FDD,FDD,First Trust STOXX® European Select Dividend Index Fund,ETF,-4.597723845559432,-1.5490527052325676,6.3811515979030675,3.615425481024115,-1.0309243772198662,-2.742108183184122,1.192514234193176,0.08417722685631901,-0.061857049969893385,-2.3688585383398353,-1.2998312014387836,4.924990590066747,0.4212021998896809,0.9228618790767529,2.8858472900977983,2.7530510059035285,6.776980671328325,-1.5800113449880082,1.6832556755045136,-0.6019318126287088,3.5984139142253957,0.36651850459181734,0.21915768339462183,0.4038811959405475,6.190841572888295,-4.732494946657406,0.040472855085571524,3.9016957371212913,-4.241975867426017,-1.267531861202531,2.6535193174730853,-3.101911114290501,0.6000900429915523,-5.110616411409586,1.1254202075255293,-4.65078768370476,6.448909499531252,1.1015146013851451,0.3130394962793437,3.1955946947529013,-5.966754449864986,4.153646473439743,-2.0783322483808986,-0.32652447469065926,5.077605198376323,5.180560750215446,-0.22388694023554034,5.44447298095776,-0.7834958245262258,-8.542717750467565,-24.274524415231912,1.4553187046821625,3.2786748373725194,5.8335984865366175,2.009545181290817,4.878062517204174,-6.423771076181472,-3.411303036478497,25.42882708326286,4.0663581733835885,-0.6220646749879655,5.242564139879025,5.087869366671116,2.337121973662115,5.121102887351681,-3.180218135545576,1.4522841824917032,1.3633271178079776,-5.362501200594072,2.805773913133902,-3.2890128725361456,4.7526135970647365,1.109557836927011,-6.515759812071398,-1.7994319350663313,-6.094802684267742,3.60576807514974,-13.258823729184366,2.7598758774599386,-5.908662021524169,-9.138968479857557,8.44016556977769,11.9211849496782,0.39667527601068286,9.507035252656571,-1.8489063483063117,-4.120056033165653,3.598962333412703,-5.376360898230182,3.3823863569986568,4.317162489473536,-4.3074254511081485,-2.608317694237372,-3.8567742927229642,9.551118120390178,6.748489374169719,-4.308216151223709,-3.0302717676356616,6.0149505072328635,0.3381093219825493,6.571193250070073,-4.16498667605868,4.782247470802448,1.8744874658424449,0.6901275949779073,-4.815402701209215,-1.3490747816017223,-1.3986094000194238,6.039068148406157,7.202669009906271,6.557304085772264,5.600594726021746,6.07117808295532,4.00047840188591,-1.4157030159848594,4.503917063284635,2.187119864860998,-0.185742931732491,2.791560319827191,6.5911301983879955,Actual adjusted month-end return from Yahoo/yfinance daily history,Market Table annual returns from the same adjusted daily history,"Oct 02, 2026 05:05:21 AM EDT"
FDM,FDM,First Trust Dow Jones Select MicroCap Index Fund,ETF,-6.322189754109509,1.6223256280767817,5.797277246768107,1.7538523911629689,-0.38631644251774233,0.34225434608134986,5.349652322759857,2.5815722715250233,0.6518032820883368,-2.399995192282922,16.252119127812172,7.497279270701873,-3.0612329036005193,0.1169459493746583,-0.1857407431391067,1.6670649214870492,-2.4942267429477805,4.578342673292557,-0.29498646172244625,-2.070984317082014,7.853610599255312,1.4461175868337062,3.10640727547018,-1.7159997505666325,0.21073498925932022,-3.470004410729244,3.231016056074365,0.8877547362896143,5.824396426577638,1.0626442459340524,0.7067232141378055,3.0409532482578383,-3.1004956084474067,-9.094452646904783,-1.4630125676095451,-10.892537997053807,10.547090535047655,5.461423933435361,-5.18153433471965,2.4854536284246276,-7.428429712774798,7.007552599425471,1.991145065900235,-6.160541051086932,6.138971744712118,1.0503089673811639,3.962721405714431,6.414554174415188,-6.988640516718403,-8.970042265207223,-26.904911971424394,15.42146441363499,4.591956973532563,3.983258817752011,-0.9199932724519799,1.7796971334642642,-4.8142633573026945,2.0010594082236155,17.054661515246906,7.7758826616478816,4.991653496261561,12.134469922560553,6.831848757067416,-1.114257782623329,3.212240487078022,0.7890044196918966,-3.5939920672901415,2.3341746169334154,-1.3996845360595866,4.021366163417706,-1.957030028292428,5.2382917539709695,-6.1298037937858485,1.0161639275496182,-0.40641869250150897,-7.071713297629268,1.4826490905948342,-7.399207843808886,11.15353712736531,-4.29552711254998,-9.785063094172553,13.799973987964108,4.393677708987487,-6.004574126714434,7.568924644712993,-1.0219400312667326,-8.881925557934334,-4.007459299406668,0.34951192378180895,9.630514409627612,7.131447691095705,-5.328694389318233,-3.454600711842415,-4.654983442681004,6.241623017583109,10.975805970265462,-4.40169016463191,3.649375646857256,3.368398184340493,-5.0023873952632965,4.863318349020052,-3.319091916629935,12.262260495779831,-4.4137422474006645,-0.012168400351786346,0.6396276004069001,13.036751790463397,-6.1503358853230665,2.4794646412899857,-2.0329294817629573,-8.739183090901426,-1.447412272644688,9.073106027376987,7.507723196437377,-0.8376429210725678,5.729963992206066,1.209273193339544,-2.825081327633716,5.732912584821337,2.7731941462967757,Actual adjusted month-end return from Yahoo/yfinance daily history,Market Table annual returns from the same adjusted daily history,"Oct 02, 2026 05:05:21 AM EDT"
FELC,FELC,Fidelity Enhanced Large Cap Core ETF,ETF,,,,,,,,,,,,,,,,,,,,,,,,,,,,,,,,,,,,,,,,,,,,,,,,,,,,,,,,,,,,,,,,,,,,,,,,,,,,,,,,,,,,,,,,,,,,,,,,5.061391155564698,2.0316039914089146,5.604706088939038,3.319993368025864,-4.338973240929212,4.535779499688242,3.9969517667530097,0.8496739566123956,2.268304652155595,1.9289753294568834,-0.3116254858235301,5.595484650446103,-2.2403516481491192,2.581221836779002,-1.8650060757109732,-5.634877996537768,-0.6732911710816025,6.262086493023267,5.0565917468841315,1.4786929066142651,2.9142703323095764,3.6967530756558897,1.9855171129419258,0.1841682177754711,0.46479061473956307,Actual adjusted month-end return from Yahoo/yfinance daily history,Market Table annual returns from the same adjusted daily history,"Oct 02, 2026 05:05:21 AM EDT"
FELG,FELG,Fidelity Enhanced Large Cap Growth ETF,ETF,,,,,,,,,,,,,,,,,,,,,,,,,,,,,,,,,,,,,,,,,,,,,,,,,,,,,,,,,,,,,,,,,,,,,,,,,,,,,,,,,,,,,,,,,,,,,,,,4.1192869060327375,2.7449512532641274,7.16141712688092,2.407556151104573,-4.128602373789258,6.53017763771806,7.044427948045806,-2.045860794508647,2.3101342071583986,2.744600433058908,-0.5424979321983714,5.818184955056993,1.3941527172995238,1.4422912905154073,-3.707824830020501,-8.68767952928222,1.6508095480614715,8.869446593607577,6.356912991807606,3.159593515951653,1.8324697671581625,5.797739804867241,3.5992098060039224,-1.5962380295854839,-0.43048695262826175,Actual adjusted month-end return from Yahoo/yfinance daily history,Market Table annual returns from the same adjusted daily history,"Oct 02, 2026 05:05:21 AM EDT"
FELV,FELV,Fidelity Enhanced Large Cap Value ETF,ETF,,,,,,,,,,,,,,,,,,,,,,,,,,,,,,,,,,,,,,,,,,,,,,,,,,,,,,,,,,,,,,,,,,,,,,,,,,,,,,,,,,,,,,,,,,,,,,,,5.755866605886295,0.3352104991777738,3.860420370024098,5.32755311015618,-4.315058757795032,2.7916838120670695,-0.2990451567322472,4.621849264507327,2.777766719190522,1.2612098938352467,-0.5491019332305114,6.65802301668299,-6.771116919735299,4.4634009822866805,0.031431521588665134,-3.0089202182647545,-2.830187058997824,3.3143625409868482,3.439150807436131,0.3462294121156617,3.8895742133094213,1.67883484457223,0.626302268136758,2.193248392762981,0.9420890750216238,Actual adjusted month-end return from Yahoo/yfinance daily history,Market Table annual returns from the same adjusted daily history,"Oct 02, 2026 05:05:21 AM EDT"
FENI,FENI,Fidelity Enhanced International ETF,ETF,,,,,,,,,,,,,,,,,,,,,,,,,,,,,,,,,,,,,,,,,,,,,,,,,,,,,,,,,,,,,,,,,,,,,,,,,,,,,,,,,,,,,,,,,,,,,,,,5.242258544415912,0.4151101957544867,3.95714213370002,4.066312498187297,-2.9421969688786187,5.377121014011754,-2.0023314871736475,2.099496030995307,3.5424189138815176,1.6108896863232136,-5.51518887932313,-0.6291690190449728,-2.6039581389053157,4.794766587291632,3.535525071166856,0.3489820659784204,3.7634312165115924,5.375650347899996,3.299690697966051,-1.443174824020188,4.667489072326547,3.3234941010156227,0.9920812075778995,0.477121823985871,3.2017541544141492,Actual adjusted month-end return from Yahoo/yfinance daily history,Market Table annual returns from the same adjusted daily history,"Oct 02, 2026 05:05:21 AM EDT"
FESM,FESM,Fidelity Enhanced Small Cap Core ETF,ETF,,,,,,,,,,,,,,,,,,,,,,,,,,,,,,,,,,,,,,,,,,,,,,,,,,,,,,,,,,,,,,,,,,,,,,,,,,,,,,,,,,,,,,,,,,,,,,,,12.806275748663577,-2.142085474429589,6.145848342144511,3.0154527340561676,-6.88851283894868,4.717644048171743,-0.5154276072761421,10.335100931630127,-0.34887735629384187,0.7950686090798076,-1.1344265344935378,12.165980343717253,-8.891105252183928,3.7403309184693034,-5.691292819582127,-6.36310434998798,-2.8154610361284527,6.108210409496118,5.278024772448009,2.344474022205678,8.582777441658894,2.985849918194705,1.6958247684952799,1.9903176813389267,-0.14905678099701447,Actual adjusted month-end return from Yahoo/yfinance daily history,Market Table annual returns from the same adjusted daily history,"Oct 02, 2026 05:05:21 AM EDT"
FEZ,FEZ,State Street® SPDR® EURO STOXX 50® ETF,ETF,-6.099331973547873,-4.2994289726830175,7.606022488504238,2.6181534398953765,-0.6158754913821451,-5.606370489938916,4.491496645733162,0.8596958356986484,0.13736719634473982,-0.5799715331061162,-3.6536421593435175,6.96634699600811,1.6736394467662175,0.4996944020749572,6.5272041218368715,4.071525482702221,4.520233121967321,-1.038558712752058,3.249285356603404,0.12584775324655517,4.077434619692455,0.9696752999536207,-0.6242811778236601,-1.3398087262719183,6.951624227136333,-6.867242327932155,-0.5031546096645578,3.3026808697147247,-4.7836817866589225,-1.0429915269055456,4.356885545255973,-4.299976982905962,0.09433687306272809,-8.178767006692677,-0.17070105334312524,-4.8045269417052,5.951287321749588,3.3475607277613673,0.6638002269970134,5.3854622914722095,-5.862508606478212,7.80341378324636,-3.0026165565245178,-1.3189329111031989,3.0896217800958192,3.7890477840808234,1.4041422533106696,2.955617456501658,-4.143172199159095,-8.005096914433473,-17.64452380118442,5.286338430908555,7.370451742376538,7.578415998957078,2.870843062197581,4.240785842736949,-4.128353156939224,-7.59284149725632,20.065513627187737,4.064504413000569,-2.301057836930087,4.219827497171358,4.826108651938776,4.403550787164079,4.605097948941483,-2.506491315810966,0.4270689120933868,1.934964964609076,-5.396788527439034,5.431673863845843,-6.24083808003173,5.557372442392872,-2.8503689058182458,-7.919721655826695,-1.1809002494559295,-7.752133202354261,4.978952159809169,-10.805390521712821,4.886460664712833,-7.262256403733791,-8.650181292304303,11.410942992238017,16.866051675815562,-2.955170346047109,12.532277860848584,-1.60732108023105,5.123067793760994,3.1625841691387713,-4.922305074372946,6.558632003451903,2.283612941662727,-5.2094397260379015,-5.505318353062361,-2.047138946515792,11.130001595422057,4.81180116092248,0.08367490313210268,5.977000069850225,3.8256835699401526,-3.901026766438731,4.811871674950807,-3.4484583568354488,0.559671323792954,4.412638576813799,1.5174106431704804,-5.616067884830422,-3.3432816380451924,-0.5413095791499289,8.245054210849222,3.7221900798646734,0.9104705334429086,3.3817310158782643,5.226660527551763,2.7924663963945884,-3.114029215878422,3.335063420521367,3.986488508106212,0.5795223855696641,0.9603159133521944,2.8951711232026556,Actual adjusted month-end return from Yahoo/yfinance daily history,Market Table annual returns from the same adjusted daily history,"Oct 02, 2026 05:05:21 AM EDT"
FIDU,FIDU,Fidelity MSCI Industrials Index ETF,ETF,-6.247701630430457,3.684823644412649,7.448012098352019,1.6186131361064504,0.17309805641263498,0.7425486289730276,3.9310360672561107,0.9953394950219296,-0.1660814817068479,-2.6124155531324633,9.71134797506683,0.13616461616037245,1.6759415537642708,3.20513233937052,-0.2533759922927481,1.9362371866080919,0.40918263345779415,1.6278353876992169,0.45985539622241944,0.1716915312958589,4.972914470324996,0.8209729876890837,3.664507634214176,1.6892362233799085,4.9870791907802525,-4.454840184568443,-2.1580608882618812,-2.5905318521054155,3.554956183799618,-2.4259339159774185,6.4994296766887505,0.6837397180761817,1.5259089020883465,-11.265860613645485,3.2791762391947588,-10.609232807380453,11.416373153787784,6.493157486105616,-1.2406817391608538,4.424112047244266,-7.420434159439882,8.048486930630716,0.8052409607396394,-2.9955507489770605,3.0479081643215444,1.2292824435028216,4.436188872496194,0.22781461434033812,-0.4519432248371147,-8.91279713744515,-19.614077175150324,9.461243743969195,6.212480972609891,1.8187442830404077,4.484647277318143,8.237815795288995,-0.7871123375606803,-1.4200162473301803,16.62873954976096,2.1642497963572094,-3.0206150605646243,6.339091108339812,7.747500205685176,3.705832330084302,2.518065013444226,-1.7771885621462924,0.6269566064512455,1.0078760077320892,-5.584621425158931,7.014824823198951,-3.169458933413749,4.539729956186944,-6.423506660470368,-0.43734093863507795,3.093304302925337,-8.251242067373909,-0.5874111357332401,-7.504013610094839,10.685829037344586,-2.6384186060321335,-9.96184352655478,12.820509516645595,7.122567620107967,-3.565676530962314,5.304686206260167,-0.4494527623526978,-0.1466069662489855,-1.0777197397575766,-2.2935597206662606,11.670141565440328,3.2706045810005913,-2.043252049952571,-5.601991171751486,-3.6400446337569003,9.357613689215594,7.856416511309372,-1.1269125287335702,7.201862305221485,4.7835074396438415,-4.217668283155385,2.2786861050684504,-1.2829556586100632,5.598905979232649,1.781809501833287,3.0345683984801974,-1.039205227277007,8.359003616599336,-8.651678665005068,4.750383920995183,-2.5797769447368224,-4.284311310459666,0.379723627474271,8.68616234689583,4.083521069325946,3.7146909561984964,0.16167242940212656,2.0897240165091757,1.4400898272922236,-1.371508255156384,0.7853421829296492,Actual adjusted month-end return from Yahoo/yfinance daily history,Market Table annual returns from the same adjusted daily history,"Oct 02, 2026 05:05:21 AM EDT"
FMDE,FMDE,Fidelity Enhanced Mid Cap Core ETF,ETF,,,,,,,,,,,,,,,,,,,,,,,,,,,,,,,,,,,,,,,,,,,,,,,,,,,,,,,,,,,,,,,,,,,,,,,,,,,,,,,,,,,,,,,,,,,,,,,,7.366326600402839,0.03665407716482161,6.865612503824714,4.973592179696418,-5.3536425339643205,2.646605027468363,-0.4815762870630569,3.9728141574069564,2.8249589515358497,2.4585410416633646,0.3513671286051512,9.25540612612037,-6.555894684880403,4.870632824235321,-3.3671893523789187,-5.529004106025004,0.3509842820082376,5.532587896982388,4.027138001626884,1.176820331031747,2.9006270349063,1.2285074399504659,-1.16181502700905,1.90315001832424,0.2096699745645303,Actual adjusted month-end return from Yahoo/yfinance daily history,Market Table annual returns from the same adjusted daily history,"Oct 02, 2026 05:05:21 AM EDT"
FNCL,FNCL,Fidelity MSCI Financials Index ETF,ETF,-8.445224168871256,-2.4700720146279553,6.7273127910215225,2.8550438316417903,2.5955281154960153,-2.7374370262729264,3.998519089130581,3.2855683057346985,-2.268553981962962,1.8099469524378353,13.811960182711914,4.217118488178007,0.17349715353180972,4.84985601443908,-2.8633205644904125,-0.5405507774137397,-1.6304591934052648,6.149260612757712,1.596068014879326,-2.0314620295145414,5.490378000313689,2.6863210250326564,3.4624022554109013,1.516087713134695,5.690402496235691,-2.715219279138803,-3.212863722017245,-0.37140096430967606,-0.14910514278057008,-1.9625485791415764,4.719378818188602,1.3155105460336491,-2.5778647448948644,-5.207063036265314,2.5372610358216807,-11.22796742817732,9.230320778701472,3.2052239133680605,-3.097434536327226,8.635411599525344,-6.967641123834511,6.356684104673138,2.7431611143594603,-5.145646164051221,4.714574447705688,2.1888941382862903,4.813483190317891,2.5267603229571334,-2.5664043227633937,-11.136769922063007,-22.8019075601156,10.040837105764734,2.7837869730706677,0.3545222667479919,2.8674785531895397,3.902592538451799,-3.8840163885131673,0.9461714900827811,16.403056003332807,6.805286742438255,-1.4922102026584172,11.757663638319293,5.784430928453199,6.2308684224864574,4.1346085115328,-2.881337089514302,-0.3246942995321245,5.154247023469893,-1.6908411802962764,7.487431222598517,-5.233100084856169,2.7409206911031214,-0.48283242579549857,-1.3297230751874278,-0.8911659819448081,-10.267750952900256,3.64271582068858,-10.806323517998152,7.483734479685067,-1.9178669573897023,-7.903381883199634,12.093772971362604,6.026091677733625,-5.833859638704886,7.780601010049004,-1.9934258629048407,-10.39048551531515,2.1951218854339816,-4.1006628794876825,7.110304065102846,5.969845651607697,-3.167605719406641,-3.121035333773148,-2.89948932127132,11.523983473472232,6.665457357532256,1.9421118237761936,4.103303278694526,4.999296464710579,-4.5454554582300855,3.2451512697800666,-0.6018275703697729,7.024495327699265,3.5800813775586526,-0.16627339438921585,2.8500078968624054,11.616925108576105,-5.941191536315904,6.50845503788513,0.2870731094765766,-4.826037738798417,-2.243947744302155,5.223665213701834,3.943099900533098,0.32414829005673607,3.4060366435590517,-0.2502670167321641,-2.8294310035400394,1.8603287484148856,3.245646015086434,Actual adjusted month-end return from Yahoo/yfinance daily history,Market Table annual returns from the same adjusted daily history,"Oct 02, 2026 05:05:21 AM EDT"
FNDB,FNDB,Schwab Fundamental U.S. Broad Market ETF,ETF,-5.150668302278216,1.3668625497085252,7.4546683674130865,1.533760408332041,0.6377375980978206,0.7935754590298716,3.1968302156063944,0.0,0.06450413425758139,-1.9359864046739728,6.150802257181498,1.8915882554851438,0.9526832489148873,2.9528087897485067,-0.325257260383105,0.05362939927537891,-0.14890560775299155,1.0777036571204324,1.8090127592668592,-0.9029943770706428,3.6329440918566824,1.2264517787437423,3.6348345092672485,1.913895487433992,4.372291787060911,-4.883053494831269,-1.7217011896786927,1.13232720977543,1.9114911634917409,0.7621475276860856,3.2361398646540307,2.357514124372817,0.5669100035174068,-6.248402713363732,1.2142384886513202,-10.158147563099341,8.987765973291918,2.986288634773282,0.5809793568325894,3.723427303268556,-7.230765709731212,7.500410183482487,1.551613465744417,-3.259494723669343,3.543267734857425,1.8144353207257824,3.714871206677639,2.746829881366364,-2.4205311141517694,-9.071021074499052,-17.2632252619195,12.442963712532794,4.3742799191908155,1.198293927036298,3.9172444952205288,5.840183226921636,-3.61693253773,-1.7833765569470694,15.300413553688653,4.530052818256247,2.7394164145962074,4.660746420317219,6.610093595251532,3.783150003987612,2.968818738877066,-0.3730778170149329,-0.036759764001159656,2.3914562752360258,-3.3311147469182623,5.209105382672408,-2.1827804617141733,5.853614996890233,-1.809111326680568,-1.175622335850779,2.915466869548755,-5.818172939650523,2.31659142534435,-9.260058775881596,7.206835354829733,-2.6740782412510655,-9.599088504195963,11.691058099106888,5.8700972622465875,-5.058051293181698,6.366388126610589,-2.876509035565966,0.028155824949926966,1.182560262809651,-2.6479082979828927,6.952812748816672,3.8949387765641497,-2.4257637041984914,-3.782989655944402,-2.7228093190061364,8.210468573464325,5.94216729191237,0.29459284986506074,3.5574463190701566,4.850923247360028,-4.738891750288287,3.865619384528207,0.49608047989040394,4.239088685569348,1.770025479377546,1.5751502331770473,-1.136847315728362,6.511438061337471,-5.381077275684132,3.82630709954046,-0.2898563209189797,-4.0421552977958575,-2.998688489445789,3.5842270996159664,4.175132976396512,0.792314736930777,4.385618873417241,2.4547606322058435,0.7769915121705662,2.4286849563694757,0.45436798103710707,Actual adjusted month-end return from Yahoo/yfinance daily history,Market Table annual returns from the same adjusted daily history,"Oct 02, 2026 05:05:21 AM EDT"
FNDE,FNDE,Schwab Fundamental Emerging Markets Equity ETF,ETF,-4.146221813723927,1.3659841790161442,16.395312930762685,4.7756719348295285,-8.609568124898315,7.506291981098001,7.638213585744613,0.5224399306836158,2.7717655257508467,3.2869749118333846,-2.0399812309046195,1.1983808139721663,7.615024661405334,0.8164838612086944,1.9282891095794064,0.6053979246986252,0.33843744925960983,-0.22486394238216967,5.184055978600788,2.92857019099102,-0.5551837841985763,2.6518101297819285,-0.6798333069403584,3.6872607213706887,9.504530007019474,-4.678368974536662,0.7103958836906177,-1.9557764011518763,-4.741652406697449,-4.9776947479655,5.455216826581122,-3.288801495610727,2.089984858520477,-6.8008221653479195,2.308242769930846,-3.1544083871334117,10.801399079540342,-2.096435737920288,-1.0349792995866025,2.524333841380866,-3.798784014358203,5.77013188095159,-1.9832936400336454,-5.005326545493127,2.3168857569644707,4.8210539677293385,-0.03484859009899033,7.114213252985935,-8.04288363149258,-6.559758552474049,-19.812798060814707,6.906615009385986,2.820748447527288,4.207164507007866,4.613395839541323,-0.12248033007051795,-3.025367745151486,-1.0117961657384544,14.267473466837522,7.485730621196152,0.24769990194961622,4.376970399270164,3.990540439098944,1.756083967389488,3.547476104034053,0.1208899219598436,-3.038753951638995,3.7735748864136553,-0.6779642413872522,0.3413109188581842,-4.79283193008736,4.39453945518824,3.93674135202704,-7.32689341445144,-3.0150904147810076,-4.732285157073357,1.232763557282257,-6.189401926573412,-0.4627907158032851,0.15498674180312033,-9.323023389308204,-1.0665421483910253,13.712809743197752,-1.7824446936842153,8.313160745555791,-5.92398657984643,3.1683070078019293,1.3051839026137602,-2.538837588810061,5.118930548305722,5.902127132780044,-6.278672642677985,-1.317274496612142,-3.394350500416232,6.592984711091576,4.501363944665937,-2.579206384865562,2.3449232146416588,2.586846891527994,1.9092231921556069,3.7822599553317904,1.5057623651799856,0.20290014468486994,1.6537396632509749,7.13812178923694,-2.7579900036264426,-2.7087280339529562,-1.1284699665800257,1.7900162477942683,2.4349119467000913,1.6837057878025696,-2.2727179815360876,4.352157672772328,5.7699943368733075,1.151180974937871,3.1446456344025986,4.994191754332378,2.1017636177152133,0.3250425519051525,0.890550112959354,Actual adjusted month-end return from Yahoo/yfinance daily history,Market Table annual returns from the same adjusted daily history,"Oct 02, 2026 05:05:21 AM EDT"
FNDF,FNDF,Schwab Fundamental International Equity ETF,ETF,-5.1637349914811725,-2.7003065883169586,7.643282439020327,3.592589891925324,-1.468816881108126,-1.6977001457497587,3.496198269385231,0.9768095243270603,1.612249508564112,-0.47600053626257743,-0.9166952392658634,3.4147928794682425,3.306770360561395,0.30852889185786214,3.0372878251318847,1.156743470714905,3.0615789095567614,0.250546251754713,3.3916422408746705,0.06906209613566361,3.071084954518377,1.3726195221220205,0.9246866501941842,1.82864866175938,4.835536069374902,-5.271426385548372,-0.6955888996242332,2.3682407381881765,-2.34602888760721,-1.4347736723742566,2.945162648747912,-3.025326512421034,1.5598581642311427,-7.779636640544485,0.03619717079874629,-5.612950428000474,7.216531366218093,1.8490987801146996,0.14524784151415115,2.7556275887223203,-6.386749057055829,5.866850203885399,-2.476665387398247,-2.7972143868980948,4.392284351539821,3.1918830793117747,0.9490253221592582,3.1863524909844676,-4.4260107702666645,-8.574514972202884,-16.778797317374085,5.183073995502374,4.701622785805015,3.3405019397019675,0.8424456178120154,5.639123448439909,-2.8469702604973945,-2.8083026239567155,17.79730986634769,5.6617850321413865,0.4439738219486955,5.338306819146377,3.615246316025078,1.9314813704067513,4.614903620066446,-2.0001538646619466,-0.9014374877020725,0.5760894239188241,-1.0249963077781477,2.4063219994100216,-5.800114871242979,5.455891442524674,1.0458459963411215,-2.191772617607002,0.34235880908395355,-5.490083666021417,3.839840828772134,-9.642270129537689,3.143769293669907,-4.52056682917058,-9.791961582301534,6.838968716573524,12.393006667984018,-1.6935423739244948,9.047147936857503,-2.5236694787570513,1.197415435835314,2.9421037779838954,-3.9763817192513873,5.7033652822637615,3.809223215943125,-3.400947182381475,-2.192712919095341,-3.1891450025796853,7.534256396172534,4.756675943065658,-1.3341342410123858,2.5540948390548435,4.336372295550417,-2.415066298483448,4.316536848704056,-2.486035176857393,3.28289540373623,2.1559076696029855,1.1092853001656078,-5.030757977183242,-0.22542126145765895,-3.4367762403681112,3.794047051318472,3.0751337547166413,1.7168418198033386,2.988390775507277,4.836107513274879,3.119636239814194,-0.024992838381654447,5.048728957949966,2.212707566210659,2.537252129662293,2.020431920690968,3.6317719301994567,Actual adjusted month-end return from Yahoo/yfinance daily history,Market Table annual returns from the same adjusted daily history,"Oct 02, 2026 05:05:21 AM EDT"
FNDX,FNDX,Schwab Fundamental U.S. Large Company ETF,ETF,-4.399453158585254,0.6574187950553201,7.002905917797353,1.2546305537317393,0.9377412173132704,1.1349963182340606,2.8043722146652073,-0.06418776659747882,-0.09636048542571718,-1.842288834752992,5.926937768268359,1.9632925375686838,0.7968317567139671,3.0708299753299473,-0.3244606043233178,0.13072527373541032,0.05939177131495388,0.819278733240969,1.7149596138704926,-0.465103278867518,3.2234206384335717,1.3655596018175453,3.5925094373447486,2.0315609939841828,4.51147920098387,-5.0063778854294805,-1.8269423699661114,1.0181876179809368,1.7978326081699247,0.4579141368619144,3.588631742075843,2.35264478024535,0.7598951146593036,-5.997982509991928,1.3941125466516047,-9.585456131529691,7.945866587841177,3.1352318020312575,0.8659954983244456,3.504594993380561,-7.2046908138426735,7.900223683194807,1.1505735384088167,-2.957522000783297,3.5954063383270896,1.8710183161101623,3.6733819183579097,2.933330011727575,-2.3430098393852683,-9.42898440018226,-16.376297568865972,12.32045188613795,4.319431060199097,1.0187919269734058,4.098788026181577,5.866992395459625,-3.799244158277315,-1.4459117367551122,14.618804938174023,4.070774429697788,2.7158189002044253,4.191756339633246,7.031269726683798,3.7738918653178466,2.9467033551023203,-0.45793279461405767,0.20104182188489528,2.316226906738139,-3.3817386293866547,5.189970320954851,-2.044034634966796,5.956208348736203,-1.4161522321290643,-1.4191568939673438,3.109208996406543,-5.641027004407418,2.3731848471314043,-9.406235599024438,7.1513048867366535,-2.7319508418054417,-9.487334437790674,11.704374115602679,6.09181251320392,-5.058079764485268,6.044150420729344,-3.19393435440829,0.5932068332484386,1.4202520255817142,-2.693008939784869,6.736858329381801,3.8388151874103382,-2.3921111325651445,-3.622089941815454,-2.55493905501194,8.140779815900046,5.587917430526668,0.5812108564350771,3.611555313370385,4.852454074920187,-4.585262199690154,3.9813505325467125,0.652502363669738,3.7026095423321914,1.9867536634428973,1.7323427279741122,-1.254170816347988,6.308219496166334,-5.252919892953956,4.011813216247129,0.0,-3.7154876310929064,-3.3460450392674534,3.6809735536765364,4.181264015334518,0.6927444645835834,4.249281944462502,2.5205242102834147,1.064639371736087,2.483067689354246,0.3407479648370959,Actual adjusted month-end return from Yahoo/yfinance daily history,Market Table annual returns from the same adjusted daily history,"Oct 02, 2026 05:05:21 AM EDT"
FTA,FTA,First Trust Large Cap Value AlphaDEX® Fund,ETF,-5.827262277878209,3.7568967909766604,8.577114082986292,-0.12302653843315747,0.6651407885967853,-1.9245354515056712,5.239428756082409,1.8103834714361833,0.08315515804460105,0.4697491131087306,7.713880687051988,2.164423143592553,1.6215045610597167,4.4509859412984465,-0.5799950004930499,0.5679381784466475,0.0403452426685158,1.5946996101936506,1.5743274390486617,-2.020790959431673,2.736027394280871,0.6652187630156847,4.761879301183147,1.8630359266064822,3.239991465663694,-4.946814116694698,-1.238668851566771,0.0,-0.49300344890454983,0.2516801333057872,3.3830541278295767,1.0722553428758275,-0.6265229423235374,-5.7997843136194716,2.156853568662842,-10.592414788025684,9.777221644519084,2.443336461186796,-0.4946096701412994,4.324247270163717,-10.316001230932715,8.402127187664888,1.3425729258937924,-6.604861835135489,5.389436472680398,1.454328520128123,4.950309706841161,3.471167359975147,-4.5124817017769825,-11.119355595714609,-22.811074280459,17.7173820575538,4.201330491846966,1.3628488315228005,1.9573596494433465,4.314055489174495,-2.936012251473008,0.2785502995397371,14.20940406643252,3.4506566244123738,1.2743540001721065,5.788228533631301,8.45613059682686,3.56636150910139,2.639579179681739,-2.6488156090742065,0.2284881124130722,2.2948043121461703,-3.871276645291155,4.3637515008283945,-2.396533813722057,7.125351875394825,-0.4150230848468994,-0.5460424623304094,2.2790964866088226,-4.083967085472651,3.6812589048483835,-11.043069247504988,6.391888840872362,-2.7239758335487196,-9.759327866368306,11.80652005125915,7.551569053501583,-4.345563318401913,8.79804916094422,-3.715069178667463,-3.246958677604106,-0.6927446970347195,-5.489854366261582,7.490656019315756,5.443882897920704,-4.096137168501168,-3.328266787398293,-3.272595777919751,7.596528514160683,5.805674719831622,-0.8610706085393272,2.8762510624646076,6.153417261921934,-4.150282216505796,2.7181905559742647,-1.6866546313840547,5.529887856474325,1.4677460872168702,0.9903795373843893,-1.4533008505000833,7.065934480457603,-7.895555543737642,2.8250170279885856,-0.2035250331178129,-1.7168969353420382,-4.1710120033013105,2.706759826486582,4.547074467173462,0.44513444494904686,5.381107458348544,0.6047377695662659,-0.7440264325450086,3.9052014112819,0.848877312599261,Actual adjusted month-end return from Yahoo/yfinance daily history,Market Table annual returns from the same adjusted daily history,"Oct 02, 2026 05:05:21 AM EDT"
FTEC,FTEC,Fidelity MSCI Information Technology Index ETF,ETF,-5.876966019476204,-1.0029196829440035,8.496734170030361,-4.698787455606778,5.499350267486758,-2.648872951975012,7.9370457156587415,2.1744919837074272,2.6588104070738527,-0.7113244674018415,0.606201116391003,1.4084803563489068,4.172308032073668,4.967440166930404,2.208017973666543,2.2599946200406285,4.562786103261307,-2.634138627428484,4.1432663242042755,3.0793209502103513,0.9243490160761425,7.430674947551585,0.9276160203643746,0.10812731535720932,7.544481966096672,0.16749568029830186,-3.433903777790537,0.019276116773059293,7.054771062390164,-0.24076796587367832,1.9902366556667106,7.4330308763725705,-0.29411352621795395,-8.698554550020887,-1.7454630643088498,-8.526816883720246,8.143815837008251,7.342707199712528,4.029162366711425,6.444027408390607,-8.858979444225579,8.628723621056778,3.612723942642937,-2.262514180750641,1.4002760690264626,3.700784514531863,5.685781963831293,3.982948402016251,3.7113557759558713,-7.210325062680978,-9.686908789984283,14.0532896845039,7.734250732156411,7.022388504724675,6.055462317703708,11.24740681121148,-4.921236358812298,-4.290685613543454,12.37090440238029,5.75911352290821,-0.6984805665176341,1.4742719514373004,0.7141285711319112,5.16724516536109,-1.2485690793270776,7.326027852117156,3.3619029726978056,3.4989669137462487,-5.709327667314435,8.11769089681189,3.149857059329575,2.54379026524989,-7.8508329594506705,-4.279859594416235,3.24000009221892,-11.78094648308462,-1.6209225430171559,-9.452960888137785,13.419716665010384,-5.609889418435666,-11.788454031910856,7.445297482191249,5.312181161308782,-7.925749196912513,9.70266838770668,0.4243703648429742,9.67562625538707,-0.2896011905310747,8.554822082848945,6.096731182220361,2.8704887277739344,-2.157891329030648,-6.347738012700443,-1.2446140833888175,13.21253028439977,4.82951300716663,2.1581821405774138,4.797594658168292,1.4938177523637686,-5.653214487947434,7.937131548118814,8.223470446795144,-1.4808929823971528,0.8817556268658766,2.49784011583547,-0.8596055802745806,7.092483311856346,-0.09614750009018236,-0.7680648498237019,-3.014288907629459,-9.23853635814429,1.3269657974663396,10.415507080288332,9.442069732280212,4.320054006314988,0.792244547721288,7.247442508224111,6.4320132252029705,-5.150975078914833,0.2950395564846442,Actual adjusted month-end return from Yahoo/yfinance daily history,Market Table annual returns from the same adjusted daily history,"Oct 02, 2026 05:05:21 AM EDT"
FYC,FYC,First Trust Small Cap Growth AlphaDEX® Fund,ETF,-7.344255542961742,-0.07078540636804576,6.742598075977324,0.5308364013271172,2.7392903315780037,0.5943993391793967,6.262020637893606,0.3908234169153424,1.3279172936250472,-7.749165818624459,11.253579146104876,-0.07291172385135436,2.4559636993545464,1.9740614213490382,0.7743256125995135,1.783761292749686,-0.8627634631651171,4.623307188999282,1.0137873362351835,-0.12866597972032157,6.158195744291506,1.1650545788027378,2.111332045798986,-0.011970452824605626,2.987525516408729,-2.6267648080305572,1.8069830012931387,1.1756491254146573,8.361840025871615,2.026571632070917,0.5152624755893065,8.939915036237856,-1.5245672163906265,-13.512996112390985,0.95027682534774,-12.143637413839048,9.920270531601115,5.941057920625292,-1.1986530121775973,1.3215003723846097,-7.03442798954409,7.060729767075946,0.7303852404625166,-4.393260380993147,-2.0532280553730686,1.8919583488986813,2.9306547701719587,1.748998738766283,-1.1356372386603586,-8.430850996305905,-22.816583776557884,14.842078787308012,8.037371211146471,4.844309792619583,4.620479453965176,8.044131730014925,-1.4126836224858663,-0.2962612974090506,18.102739285118673,10.959649609295452,8.12124081166321,5.982000123959641,-1.4428921355785662,0.8324846931281105,1.49465490407652,2.776989501915894,-2.879364087253855,2.838264100710197,-2.146568407460603,5.4337214347700336,-2.7159488900860063,2.1532033763363767,-11.44047034238942,1.5144963666359645,1.9394119201818771,-12.073762056805604,-1.098534240663629,-8.848879351373606,11.17058506752402,-1.0297258326975478,-9.565353606310524,10.00184576760168,0.7085074163158067,-7.403694061552979,9.207672590851201,-1.176067955185811,-2.9302504298360565,-2.4373436392845726,-0.868162631190883,7.748521555598642,6.095335567959692,-5.181595589463905,-6.823190099673937,-7.061748860339822,9.736536620348435,9.73658177106389,-3.7984717365144305,6.129189938313906,2.2571608706028368,-4.536456208803785,6.872912314587376,-1.580285306147311,8.271359913760135,1.7802221694490195,2.9037607718439995,-0.013447985129366735,13.824627046279026,-8.353929574652364,2.3375947181915935,-6.322559658515658,-7.315099725661744,-0.5523373284237132,8.477066024176082,7.221763556957361,0.4775075051508093,8.641819279656238,4.510513823168272,4.619119768724911,0.695464367370402,0.5860236843979294,Actual adjusted month-end return from Yahoo/yfinance daily history,Market Table annual returns from the same adjusted daily history,"Oct 02, 2026 05:05:21 AM EDT"
FYLD,FYLD,Cambria Foreign Shareholder Yield ETF,ETF,-4.191603976068814,-0.9895762531317853,7.1015131291224165,2.4066842227981056,-0.33574578663125854,-3.2346051189959812,4.59186731849115,0.04875973486342389,2.3209221116041956,-0.7173573137658762,-1.252387165579938,2.1950982021470056,4.248235892513019,0.6867897107918575,3.2287394736827846,2.0704575059514285,3.2369519175093897,0.922630707533223,4.898667646305288,1.0869218634077304,2.101326322775665,0.901600531875979,0.6992990278174016,2.403179659367094,4.133467080919195,-3.1682244159579653,-1.654742953183297,1.7208523030643796,-1.0526459766656227,-2.796506564705692,2.903707890376528,-2.203321471933861,0.19885289351309066,-7.108822027850725,-1.154338015123313,-4.791300787059072,8.228734332896902,1.7182123208011824,-0.8177887008534834,0.9867146119647119,-6.117268037466317,4.894299495370635,-2.626952357781309,-4.271593071175617,5.964386835110935,3.176736951904302,2.688608576368856,3.6912275282143137,-4.1033895074885525,-10.997020891224441,-20.495181219895255,8.056577483527082,6.829832604492525,3.4486476056243554,2.294036858514925,7.237562665818897,-4.527389767342827,-1.0547037810168414,16.142096702907118,6.809391353098215,0.5794690410271475,7.983512783259039,3.405340139024604,3.1481737210757865,3.51883192831417,-1.5321141700766927,-1.1891970250974326,1.7505497080239296,-2.054900981352048,2.448974978377416,-5.1068379613954935,4.988712961352482,0.877208835875054,-0.978269613606686,1.487870240324729,-5.460514960886586,3.8506370493017306,-11.608445101375864,3.224413876815868,-2.9154449269131577,-10.357413300942852,4.948539631215176,14.332413752884744,-0.4140412107442759,7.828590709959671,-2.4837686205219645,-0.8082729841394687,1.5193629921446128,-7.246929556566761,5.126519897389947,5.456048565807348,-4.067910716582713,-0.043521931964241034,-2.210180443980425,5.5437163294891345,5.0475017819914925,0.9309634023874525,1.9600385933478348,2.6284786141429928,-0.7774850571916736,5.186567161228339,-3.645814459720098,2.2709977582385354,1.2213253695378512,1.8281425276887253,-5.026925344198219,-0.6427262247528653,-2.5063486667211587,1.4280107504907047,2.1509619823020465,3.175654845245224,0.2227914921212104,5.261213658891184,4.598654780663991,1.4363856537000341,4.619021346827368,1.802940413704368,-0.769476556562898,4.168010724467841,2.1287676905627384,Actual adjusted month-end return from Yahoo/yfinance daily history,Market Table annual returns from the same adjusted daily history,"Oct 02, 2026 05:05:21 AM EDT"
FYX,FYX,First Trust Small Cap Core AlphaDEX® Fund,ETF,-7.08468881857608,1.5103755434426658,8.401956760519692,1.064311320868594,1.2724963796784339,-0.10255529541793873,6.278564607546255,1.2060453962721152,0.8003339319310188,-6.022894291857983,12.81781771497743,2.426573523078046,0.0557102060361192,0.9652650965793486,0.11222450794674543,1.598674860542726,-3.0385260068213515,3.9415280074579506,1.0429734690853287,-1.7262803948714045,6.891873949189997,0.8816573719034881,2.9747856180607046,0.13529611718254841,1.6184344380147264,-4.2149417570728325,1.2672796545135423,1.4615580722682653,6.367661133059688,1.8651346814519965,1.211556425214999,5.252139618881069,-1.8308668673359563,-11.32540601845582,1.5535352985808215,-12.428777816864534,11.763633968998244,4.246535906269777,-2.130068226665971,2.7719374794315854,-9.542577160016318,7.543481842206012,0.6343766697971764,-5.867149388028392,3.4472181588197426,1.4649749144653113,3.330592494583473,3.5823800943234785,-5.190187209205488,-10.087748207437475,-25.69104737696749,19.742263012584704,6.497471341888628,3.7885001770159077,3.0023913798781887,6.920608403011608,-2.955020197510494,2.0387092934403883,19.52252078111174,9.328415813727254,5.041580288972458,9.092046970039336,2.8524049802167495,1.567333187647324,2.5755284286184787,-1.0128773761373777,-2.187460241405048,2.115791477829787,-1.5188358754283926,4.3364331531949185,-2.345070045746356,4.603201492479636,-7.284166324329466,1.4223927730718788,0.4507595665914632,-8.485321584484662,1.4200620688999521,-9.628921977750938,10.254391706988763,-3.4315446184137177,-10.731881655691456,12.226644092750005,3.308808254429052,-6.547538063052083,11.038887642604212,-1.2972214034659868,-5.990400336258361,-2.431733575134165,-3.3698060929212903,8.631015594725655,7.8531474235258525,-3.56176981644879,-5.474506817388026,-6.000486384661629,8.638859710827873,11.654742357820291,-4.237652989544182,3.535582636684542,2.848496734668071,-5.566256754385012,5.110726680682398,-1.8494568655348709,10.75613518880072,-1.367397070630516,1.2507180599903078,-1.5171363945871041,12.191401501240918,-7.56874566660537,1.8602810105589729,-6.353209426784812,-6.545644617834768,-3.7185052080857317,6.571361962245814,5.326423153136406,1.0074002282488115,9.576640061716745,1.4667182595786699,0.6515024362989452,2.4432383240221345,1.0033932796480238,Actual adjusted month-end return from Yahoo/yfinance daily history,Market Table annual returns from the same adjusted daily history,"Oct 02, 2026 05:05:21 AM EDT"
GLOF,GLOF,iShares Global Equity Factor ETF,ETF,-9.739426301466514,1.694266190576621,7.594944442407936,0.6487960318373842,-0.4297288586715853,-1.4727140414733886,5.197945188077013,0.7569358118789227,0.6260394697643834,-0.9954176340702836,2.5555228910351557,-0.5706165634537519,3.9419158050674863,1.6766437081672914,1.6529467790131092,1.4058694734162769,3.066095167943117,1.8215457973115523,2.343471175852363,0.9302314773435238,2.8004291148523652,3.0689403385488534,2.4423075773951197,1.30803753236175,5.886197260106396,-3.2029516209240994,-1.6226519048420873,-0.7438606118809199,1.2382004854478046,-2.693388697385135,2.664012258674786,0.16217056794789464,-0.550525555642345,-7.945289396251399,0.9197043784911818,-7.8666971619800075,9.70351852320388,2.0708974910638833,-0.06533221699303038,2.061180185086231,-6.9790962445526405,7.345276164966008,-0.5566864101700486,-2.5620857005766995,2.206480423272117,2.351973060860879,3.1503748149311894,3.326552227173707,-2.442314891479047,-7.41836464066572,-15.010662073246483,10.1002378299617,4.918652790758982,1.6933856124800029,4.98045582511093,3.8725768860342624,-2.280343156478015,-2.27633605452503,10.57511039737664,5.946343333820336,0.81987492822162,3.285214552919058,4.059355761600791,3.020999772145627,2.235207769520353,0.04784961306905089,0.41461775626912,1.81617875588298,-5.269243647261524,2.8963152195843334,-1.3902647532613277,5.762118934835048,-5.397904496714823,-1.532356680455338,1.1397722606799832,-6.975498470848695,0.8619782485013161,-9.49281770043311,6.980046668985196,-3.6475361340983503,-8.804967273775288,7.603522711904809,7.9670054252046985,-4.967772819370564,6.867347913953492,-3.3765475124360456,2.5523038762896855,1.4004962101102691,-1.1201790904092346,6.025326022323263,3.5155086068505925,-2.481576667564911,-3.7904778282367935,-2.5169636804195927,9.306912852529848,5.048057431002517,1.708484679028377,4.296807644922196,2.86018748127721,-3.2525588477403833,4.715187098538087,2.252508513103435,1.1914937686159144,2.4038846608513964,1.9330631496988104,-2.6156521905937202,3.6309000906747046,-2.4878732513871737,3.670911858461956,-0.9608644175929215,-3.8357800407632703,1.9243327864296056,5.842723974687591,5.257161244593678,1.0996903632026322,2.6043436060657843,3.2423343255230774,2.1776196771630785,0.020853399059905797,0.9828691398078515,Actual adjusted month-end return from Yahoo/yfinance daily history,Market Table annual returns from the same adjusted daily history,"Oct 02, 2026 05:05:21 AM EDT"
GNR,GNR,State Street® SPDR® S&P® Global Natural Resources ETF,ETF,-6.448560689078208,6.626654198457205,9.21302205713106,10.86644332976865,-5.829246453932213,2.9432538857097734,4.068979274229645,-1.087523669523105,2.408381489650302,-0.10223040532186811,4.068533884926762,1.97853752450321,5.354123673710509,-2.009695578943227,0.23572577508959025,-0.6114543819291662,-0.37864169655194013,-0.052838179888237136,6.260536165521624,1.1103601737167734,3.025529221793155,2.131788488015318,0.17041860952993204,5.758151939097544,5.155917720041936,-5.775214296358467,-0.4936272323106228,4.257970583100734,1.7049925108816533,-1.2131354973136221,0.9185493777164044,-3.403255300805419,3.564121378154428,-9.058573022152904,-3.3710132176230423,-5.258061044950912,9.481096451087122,1.3067706623833386,1.0712374190991358,0.4758762023419072,-8.353056870189823,9.852501193943187,-2.768733928186884,-6.233179433621294,2.9890326479717233,1.903866801044618,1.4126150132147686,5.867527846354581,-8.125654956394667,-9.88208101543524,-19.02642430869278,13.736243971808083,4.347815145420397,1.9124367507973083,2.897361015911626,3.76315520563133,-4.767956076458857,-3.1424564401609123,16.88203917274773,7.102604460916639,0.6699507430051543,8.939662721054331,2.341671514519761,3.8599267759557687,5.421453183221914,-2.4641480753257228,-0.47170787196324504,-1.6492917243879357,-1.0215727556545096,5.296967263550445,-4.6236303403648265,6.9514543863071765,4.243897857979473,3.9822322827329115,7.334574096514479,-4.937873793201863,5.361922229640292,-15.595885616195703,4.031488061399724,-0.33217305939183817,-8.424366634402524,10.756169188827913,10.587816837362984,-3.6590598929713614,7.5938301083310344,-6.259174275241031,-0.7303000467883014,-0.21018895897700896,-9.47867506242044,6.451034086307561,7.716563965633938,-3.5818800013537655,-0.4822274405696714,-4.486720187532889,4.490786610939801,3.662366490195179,-5.772294610593354,0.14986841287241148,8.36139468559347,-0.5178594397499015,3.574525055015476,-4.8600537270552575,1.5935536417354568,-0.12337845307407447,1.7646071750254677,-4.092244176126991,-0.6508763256697692,-6.999258569969246,4.883438848708099,0.22993081803808213,1.796973892224596,-3.718304089972413,3.5693284586187035,3.6222057085665282,0.516222461629745,6.511370589922727,1.9631409336702932,-0.7262260830203315,3.878870055411854,3.3731074248495307,Actual adjusted month-end return from Yahoo/yfinance daily history,Market Table annual returns from the same adjusted daily history,"Oct 02, 2026 05:05:21 AM EDT"
GRID,GRID,First Trust NASDAQ® Clean Edge® Smart Grid Infrastructure Index Fund,ETF,-8.445650799961014,2.4860862765730074,10.916078880247326,4.604291724950871,0.5502042303930033,-3.731063838189519,7.489995266682814,0.5319518071084994,5.099792073485143,-4.5936312193251005,5.9523484919332015,1.411561603763345,0.7407384881380485,-0.49018765926649444,3.201977940846512,3.0548923595256294,-0.20843211778420745,2.0344668769336716,4.796868254994147,1.9711192546966183,5.597117458747225,3.238286949764535,-1.3611839612355348,2.1557343067175827,3.020213089671886,-3.655041163003514,-1.6580152978054818,-1.6696819720425915,4.480342710261143,-3.937057107641029,2.4815170284561594,0.06005416293706212,-4.665552881419521,-11.272360065714704,0.8295991262236013,-8.2324904761649,13.528017285877914,2.4374062173700306,-3.739332225430503,5.918776660535174,-6.21615066771003,12.20415264455401,1.5317762234087873,-2.4872696942945582,4.191520139088123,3.3474480303163467,2.6536828894273112,4.564625827540736,-1.693064143767331,0.7592576585429445,-21.131173724995158,14.795791700149085,8.030104444959573,3.6302687298421787,5.662788855411893,11.562983438962515,-2.255193065227157,1.4586980470428612,17.90905067370541,7.552058253795169,0.27158396401609775,4.530904384876999,1.7098193923952731,1.8424115240820882,3.197174402124614,2.4872958724156513,4.168000487066137,2.622612446990358,-6.2363776648208695,9.998919182526045,-0.7460735925105655,1.5812607075943452,-10.03213414658547,-1.9487080464052675,3.9968095828503802,-9.536446837964018,1.4455348732416384,-9.665890873790318,15.203088970394795,-6.312955524288344,-9.802130825272993,10.486431228184113,12.197756967427487,-6.174956135847509,9.227427257228715,-0.9235019111049625,3.530832848416332,-0.9113247569564775,1.6740548379868825,7.57345803611682,0.5802997498732587,-4.549316869818232,-6.810413915130931,-7.817659573665015,11.750449420300813,8.632780137888352,-4.450392278475556,8.755610712983852,5.42432035692153,-1.8323002231331986,6.514964631308806,-3.021205401688243,3.1406738854868,2.3404070627528695,4.510266215691394,-4.385067522255392,3.5834656395766107,-5.100342254950297,1.1731123141719646,-2.7994059731980436,-3.48945749201095,4.852837487730977,9.534634045101665,7.657263259290326,2.3018283165095355,0.4851674063333089,5.883699559605016,3.9846598857438575,-2.8135066504825224,0.4408930051852389,Actual adjusted month-end return from Yahoo/yfinance daily history,Market Table annual returns from the same adjusted daily history,"Oct 02, 2026 05:05:21 AM EDT"
GSGO,GSGO,Goldman Sachs Growth Opportunities ETF,ETF,,,,,,,,,,,,,,,,,,,,,,,,,,,,,,,,,,,,,,,,,,,,,,,,,,,,,,,,,,,,,,,,,,,,,,,,,,,,,,,,,,,,,,,,,,,,,,,,,,,,,,,,,,,,,,,,,,,,,,,,-0.5866615146816967,Actual adjusted month-end return from Yahoo/yfinance daily history,Market Table annual returns from the same adjusted daily history,"Oct 02, 2026 05:05:21 AM EDT"
GUNR,GUNR,Northern Trust Morningstar Global Upstream Natural Resources ETF,ETF,-5.2134616265827045,6.63813776799802,8.16952419032293,11.44157530595793,-5.819126347971448,4.3299521318792555,3.71910460322713,-2.524685093617063,3.8413762816424057,-0.3269008782052163,3.097689606092402,1.638844364807479,5.024424520030846,-1.6943845953393044,-0.05963651385912927,-0.5432934512431431,-1.0583939434279377,-0.7122133518304707,5.88030828519861,1.4876234865810023,2.185160694365229,1.6372584857256678,0.44218999111067525,5.073866497953383,4.29556459990692,-5.213118843849729,-0.504209653328791,4.235730731009979,1.0895017252914307,-0.4718530338164717,0.38359797414435626,-2.6161244709317577,3.0293820696573492,-6.973990041272948,-1.905977373561607,-4.452420204351726,9.665310055220754,1.4325835773548512,1.447578879441247,0.3664032817720875,-6.571339143163946,8.463246605803153,-1.9085465356416642,-4.91040327201171,2.0970534737832613,0.7704819938826324,1.4654326683087415,5.957187131393149,-6.770051055370674,-11.068467560615547,-17.909651727141817,14.69151234486783,4.566555393759986,2.9930565338175397,5.318371332987559,2.095497779417421,-5.728090724024481,-3.602304180935556,15.62032337415542,5.771818400633721,1.4443494070872642,7.6037776345951436,2.5507380392823187,4.089559955616928,4.64561095174445,-2.255836163917857,-1.2535855767409787,-1.4017652576067907,-0.36582434588029455,5.983611021235835,-3.6865133418749307,6.814020679879396,4.6340918239098805,6.558578142421623,7.187984842606432,-4.59106031932861,5.2148544657666385,-14.375189858394489,3.8316219172729538,0.7768602133677138,-8.13854347579258,10.215482685908682,9.292777606330604,-3.4539115058272007,5.77409550283936,-7.177054325647236,-0.5059958970271672,1.0404091119360137,-9.8291516906864,5.3502778775667,6.538545703572907,-4.00561877559239,-0.6172803397905047,-4.624147335966688,3.785340492692235,3.4602145790580074,-6.178264139513501,0.1822035473915129,7.129519932134243,0.7791386426992064,2.8026151713722136,-4.645705783114251,1.8684538054933642,-0.48911014510519824,2.1775070563423427,-3.5393826398516515,-0.6283133732858937,-7.222811916703986,4.34543295762031,-0.23721577397367577,3.2355772910224623,-2.576668798531412,3.3060001946511264,3.582844491090964,0.5734118417108247,6.59395574646684,2.6434356857953922,-0.7537628113390982,3.314157725289557,2.864221974373815,Actual adjusted month-end return from Yahoo/yfinance daily history,Market Table annual returns from the same adjusted daily history,"Oct 02, 2026 05:05:21 AM EDT"
GUSE,GUSE,Goldman Sachs Enhanced U.S. Equity ETF,ETF,,,,,,,,,,,,,,,,,,,,,,,,,,,,,,,,,,,,,,,,,,,,,,,,,,,,,,,,,,,,,,,,,,,,,,,,,,,,,,,,,,,,,,,,,,,,,,,,,,,,,,,,,,,,,,,,,,,,,,,,-0.05211826691072785,Actual adjusted month-end return from Yahoo/yfinance daily history,Market Table annual returns from the same adjusted daily history,"Oct 02, 2026 05:05:21 AM EDT"
GVAL,GVAL,Cambria Global Value ETF,ETF,-5.643342333712232,-1.1961946284277492,12.348709248318258,4.040943517447837,-3.7597259212582723,-1.781066721547997,4.092469782316699,1.21050263185285,1.5600608217092526,2.8674116618963685,-4.479854681556239,5.2631355069081565,6.039632341640555,0.6535534328750092,2.226366575586569,3.539009328279974,2.848381886787754,0.553874530051468,5.466172790909041,1.9686457152868098,-0.5910314119080273,-0.3963531378400331,-1.3529757545085008,3.307820579452536,9.176076057365057,-4.935611646974403,-1.0534263997357685,-1.0228212722475316,-6.111926365516284,-2.9460361856104345,3.541326072353801,-3.8680481377019515,0.042335925981284994,-5.503782757439768,0.4032335603576742,-3.8529340331774575,10.333363600267731,-1.0358206971412098,-1.2776471459911232,1.9443060063297102,-4.03120373731335,7.857375692627633,-1.6691019263620488,-5.930447333442956,3.266539443897898,2.415000666418843,0.3493595861322696,4.990189146084156,-4.015042166412197,-11.154671679052107,-24.219709159822756,5.386109841535136,3.793109121958893,5.205163010419067,0.6821908854744985,1.9198066313302675,-3.8145098213844264,-7.951238971445007,23.045392945567468,10.043786881940676,-2.1047150425255623,4.1041508933263415,1.7359831599358833,3.367962111099354,5.10570234517278,-3.1424144269605714,0.9332678064118083,3.3097208247220067,-2.5577563540051584,3.7963647112498666,-7.148799067149714,3.612780564505358,1.2184638604625597,-9.243328929288285,1.3381304201536715,-4.241495642302029,3.7944824490263374,-11.749255972079675,0.17737096188468193,-0.01107274168444805,-10.325524948548527,9.426076755112245,11.846538730551103,2.5071578782983606,4.1915976774940855,-1.6283254357773003,-0.3702297115754982,1.822657913170822,-4.813730562116836,5.62805152803989,6.013921786939602,-5.578985996369912,-3.2332297152072753,-0.4789230026087443,8.243559360260267,3.8636718561344097,-3.5170563148195333,0.6813308431901532,3.5441979983165783,0.8504895345127883,4.369366125217766,-2.677667568581721,0.5871205062060403,2.2113693355147124,4.3920182096684135,-4.816543799507789,-1.5979931481082121,-0.9496547537496292,5.824537349603487,6.18347021435206,5.588745264575334,3.414139764194779,2.7544274404213587,5.35504842535639,0.6610337601299365,5.180586921258246,2.1015206155375443,2.394801623966436,3.975938870153395,1.956778587196606,Actual adjusted month-end return from Yahoo/yfinance daily history,Market Table annual returns from the same adjusted daily history,"Oct 02, 2026 05:05:21 AM EDT"
GVLE,GVLE,Goldman Sachs Value Opportunities ETF,ETF,,,,,,,,,,,,,,,,,,,,,,,,,,,,,,,,,,,,,,,,,,,,,,,,,,,,,,,,,,,,,,,,,,,,,,,,,,,,,,,,,,,,,,,,,,,,,,,,,,,,,,,,,,,,,,,,,,,,,,,,0.7624977423883239,Actual adjusted month-end return from Yahoo/yfinance daily history,Market Table annual returns from the same adjusted daily history,"Oct 02, 2026 05:05:21 AM EDT"
HAP,HAP,VanEck Natural Resources ETF,ETF,-3.7206005569337064,4.4558220280383365,7.550030451214029,8.91542292345715,-3.41606811368117,1.9019156447695584,3.012444373909373,-0.3178820132302862,1.3074135139305998,-1.7626762583139555,3.268195496609061,2.402887031999512,3.6464924916872032,-0.7155835152885204,0.1801925136049931,-0.4796104339035434,-1.0241129073887079,0.1217344238748641,4.285713446050865,-0.20401261922106118,3.6506984480767057,0.7889585846121872,1.5655519906399684,4.319222243919696,4.0409450044262885,-5.152757707309963,-1.0374085346207762,2.1517147585210283,1.404271474114549,-1.118512560631757,0.9157127168938795,-1.841476770238959,2.7732412052214883,-7.222228763776517,-0.5417539959850615,-4.942214481437157,9.27707127779145,0.7949931103123697,0.5352043064761114,1.1207642483613833,-7.425876485167649,9.757550471543475,-2.0997994677199427,-4.26183926686411,2.414915669786888,1.1363524178568563,1.1516791612106392,6.032360712293805,-7.5598589590427085,-10.302676473144546,-18.3971487019313,12.445350994066517,4.95047598963454,2.190025929253614,4.648870724521648,5.954632420712391,-3.4790333416716113,-2.2797317165318964,17.023950268343224,6.4463276389469915,1.6074637738351605,10.181175910204221,3.6822689288427357,2.7250305587165125,3.392031567954512,-2.9022029615040523,-0.9963224180548846,0.7875840545757296,-1.302370073912551,5.278193426058064,-3.948185078924693,4.8833123428088765,2.8825743260481262,4.429339482669126,8.305383772540708,-5.628420828817948,2.8758965600258035,-14.915583687324185,5.358332898518081,-0.1255656881570144,-9.241411998982086,11.567761725122882,9.354316408833995,-3.7052510126693305,5.889509466838838,-5.446869618676164,0.040568687323272457,0.2635811368798313,-8.493422937846539,6.453036633494924,6.248695503868196,-2.618201265479181,-1.4847614792181774,-4.358447198609749,3.236794345007521,4.061973877549208,-3.913128091790785,0.788910525447184,7.742753166868921,-0.4123285261770415,3.3517248275851674,-4.635630296595594,2.5005036943193337,0.15612424074344933,2.7084926191561998,-3.9271448370089446,0.6714055719716283,-8.164855469379917,5.000006417966207,0.7727638319795282,3.2331658965263577,-2.9110652803801984,3.8668297984395306,3.444153997066146,0.8468118427792826,5.782440103340725,2.9947651851762735,0.43790723157983713,4.2901987428820565,2.8734113366468694,Actual adjusted month-end return from Yahoo/yfinance daily history,Market Table annual returns from the same adjusted daily history,"Oct 02, 2026 05:05:21 AM EDT"
HAWX,HAWX,iShares Currency Hedged MSCI ACWI ex U.S. ETF,ETF,-6.997724706073205,-0.29127575987472065,4.673795173798534,1.9999958485750424,0.0,-3.7847618671251193,5.603537148478344,1.1517452169119702,1.3012999714365092,0.4103321042516761,0.39535555029623914,3.095385823974306,1.3978450785760321,1.6218403162344908,2.855971031445992,1.2249766136040785,2.1379862738014843,-0.039531320211005916,1.4186611107443126,0.5926833717263547,2.435162024901927,3.0483345064151957,-0.35346706215093615,1.4171699070914645,2.229260301078906,-3.600423962335253,-0.8270412493949997,2.2809573751232826,-0.4467715066573841,-0.8227330730983251,2.9841795385838754,-1.5233146840429423,1.6034803088591065,-6.832541143335846,0.7174202092659954,-5.446522729185366,7.031241275163214,2.4422847059832886,1.6792408163575967,3.393949708530619,-5.150936252287897,4.553891119856601,0.06576223852132745,-1.7080633707289405,2.9751862633051074,1.5651815359984278,2.0449887549217616,2.29584834029124,-2.3103423938455547,-5.927100995437106,-13.401647012259044,6.605625761846934,4.524705870883783,3.531191655806154,1.15381008067863,3.4445190012041715,-0.610537472713113,-2.3176991998780316,10.66745859168523,3.583943782279553,1.3690121993577442,2.6139569541926866,3.3344309612038714,0.609945333141737,2.2774580045445525,1.3022255403066785,-1.6089876980070361,1.7804496013185789,-2.1009865569370456,2.661493006325455,-2.9637213037361554,3.6326679817340057,-2.0602696518028374,-3.1334366294450855,0.8394869478873357,-2.7803761437442676,0.7736749715983704,-5.118110650098018,3.7743180215326966,-2.305863137020503,-6.584513424167238,3.55961493344632,8.873018751693973,-3.744280771611752,7.596415326283679,-1.5664725460007078,1.324938641689699,1.8591466497869247,-1.67459519736618,3.7928499408136362,3.1023369658980338,-2.804713891859001,-1.5318716761511086,-2.575972161864526,5.967765106897316,2.996961447530988,0.41063047146878695,3.962338645143415,3.844371351036857,-0.6302782692642284,2.851016010234919,0.5699765338761154,0.9543388985564505,0.9967597828132391,1.6777527212939791,-1.6622181024885108,1.1289471176417987,0.00920738193983528,3.2288111120710283,1.744366053017643,-1.149869742098042,-0.5741509198400552,3.8347005202616247,2.3925411508724403,1.6582876512363676,2.764695205356049,3.807619455555855,3.667947226589896,0.34948482873604636,1.9629950144450792,Actual adjusted month-end return from Yahoo/yfinance daily history,Market Table annual returns from the same adjusted daily history,"Oct 02, 2026 05:05:21 AM EDT"
HEDJ,HEDJ,WisdomTree Europe Hedged Equity Fund,ETF,-3.382290258967058,-3.8661231586655465,3.881549160047304,0.8282109875913601,2.3495602411952143,-3.684684331406851,4.789245030527245,1.4919832183723392,0.29564208853125606,1.0792580593937062,-0.9756699967721882,7.116077500192031,0.05226786047811682,3.7785065142789342,5.538999796660948,3.232013750796048,0.709424306278561,-2.8378993500030036,-0.51339479780661,-0.4515531245043225,4.844246410549324,2.6430069953646607,-2.725524680230973,-1.093560398293314,3.5002451333857154,-4.246280483786668,-0.5356898690677236,3.619280062557051,0.41544331976191007,-1.04243891611987,3.880258322142116,-2.698573598898024,-0.9401530118335333,-5.56787578140897,0.2680374454925971,-5.713347316178075,6.821418853930705,3.9807352013036423,1.9461116187421856,5.820682956043521,-6.313771597114071,6.127241563687602,0.10578350983700968,-1.6908308367558744,3.4637489384393483,1.0848834330131174,2.5139407091096855,1.421409770443005,-3.8390404721044935,-8.161483909108835,-17.62877427922541,8.977357510361417,5.032235765891557,4.578439364647258,-1.054201362852214,2.996501157058251,0.8762537464187758,-5.2955546604041785,12.773607074562765,1.0960847525072204,-0.10559401296577064,1.0418461010920366,8.85033904688144,1.621775784591195,2.691360578962465,1.752796719012717,2.308213223792399,2.025355772387094,-4.272475242810259,3.852251524054129,-3.240948265300614,5.469372966616914,-2.7195720163142645,-6.33495720024958,0.868747689849636,-1.250153520885522,2.064112752679814,-9.570023211336698,7.857791790497437,-6.379986403852711,-5.769055399444056,9.147911111741136,9.427008366669899,-5.556383568147183,10.520322042869811,3.7118356540369435,2.5190014360318536,0.32844854259892475,-2.679457262006868,5.122079035954963,2.308548799691268,-3.223495154871947,-2.3564982317485494,-3.063294271648309,8.200587807248905,3.75327086922006,1.2835389909606532,6.728120806782556,4.274601425918356,-3.6231884057971064,2.126758207774615,-2.5369516497232403,-2.0570736531986933,1.580859566876236,-0.08761238891226153,-3.7193852966501018,0.39324563787834776,1.3316714478412095,7.685284571678319,4.396764173748857,-3.3977623951889635,-0.4844248293231823,4.804239412870981,-1.1362047402914355,1.309219771767789,1.8461712150946719,1.5716581255087458,2.7182505504025345,0.8692323270537594,1.6085772337705473,Actual adjusted month-end return from Yahoo/yfinance daily history,Market Table annual returns from the same adjusted daily history,"Oct 02, 2026 05:05:21 AM EDT"
HEFA,HEFA,iShares Currency Hedged MSCI EAFE ETF,ETF,-4.212596667761881,-4.973266842390533,3.2439369752646163,0.3770386883905852,2.921547657196766,-2.757485702432161,3.410501080308137,1.441550491682797,0.7307859466982425,0.8464741225451045,1.6386822155020075,3.7179414290848367,0.4594010662524184,2.1722811134879505,2.6482373872383835,1.308143636596104,2.367272779377849,-0.4204638741824418,0.47667782689608806,0.0,2.9526541643415394,3.1790026456720355,-0.502337579746015,0.9722298258843187,1.4483141804160216,-3.718461142771612,-0.9655284224631133,3.7604431910248204,-0.10066149880521014,-0.5374615523640935,3.1444837880266974,-1.436194545270475,1.4571216468809434,-6.346019997147434,0.534941565300362,-6.3861923139475145,6.199161213886062,3.538838733315308,1.7265622345555842,3.4984392898970595,-4.718861719118895,4.741841729729779,0.7135676258922308,-2.0054275807822597,3.850157090166495,1.6366128526390078,2.3332059644025627,1.3290448035165214,-1.8676118089275162,-6.911533511933687,-13.163556807031984,5.617509920565378,5.084078280579529,2.7168088864746975,-1.849200509148896,3.5928276265333015,-0.5058002072550138,-3.485831628833347,12.340128096958836,2.9277818178624404,0.06563290454379977,2.7878138220597037,5.201005300101991,1.2435610471457137,2.4565648215575386,1.2865484022052787,0.2907837458785201,2.04320733463208,-1.6304299908671993,3.0532052738249105,-2.8780893820727904,4.404376726784087,-2.6606172836132536,-3.4312274441425705,2.1981136669151358,-1.73835684921132,1.1994134406869472,-5.7185140805732555,5.473742921746116,-3.054374027956497,-5.8286086740861665,6.122441656168176,7.471636023991812,-3.816617858355087,7.6666670124048375,0.2408022364114082,1.1324634317616322,2.646760172889806,-1.4214826124606894,3.9570726145143453,1.6882371887637637,-1.9056826333347487,-0.8890398909775499,-2.2923615525199947,5.4063291370537,2.9285341597823367,2.1897721164185535,3.9440971300297,4.212726340677664,-1.2328046755624378,3.7155570952160932,-0.475793342682429,0.49288603197366054,1.0816759282407995,-0.2534379491747507,-1.8633522363856958,1.2370607454651017,0.09376136704819515,4.748205717911103,2.060436272273747,-2.314945269554769,-0.5235609110553985,4.626043831492499,0.5030346678775777,1.3966130633190632,2.3784366365666276,2.2457480387924944,3.5092014567506213,0.7073161440590336,3.0731333481420986,Actual adjusted month-end return from Yahoo/yfinance daily history,Market Table annual returns from the same adjusted daily history,"Oct 02, 2026 05:05:21 AM EDT"
HEWJ,HEWJ,iShares Currency Hedged MSCI Japan ETF,ETF,-4.534342333082952,-11.801269853944474,4.639632661726711,-5.7403156893988445,7.643876438378361,-8.81780423809424,3.5034898920115687,3.2608635227937555,0.323887980511528,4.1162346513361925,7.286821584049785,1.3829640775220753,0.10792090111102493,0.9342682186736395,-0.21358964882660647,0.8205187997387231,2.3354593317832073,3.0428805382259227,0.0463746006849286,-0.16885773825037198,4.2286845877646195,6.4589686320161155,1.3719475714012663,0.8668018449484727,1.9196320955328527,-4.973523062032614,-0.6503487897003057,2.6496245978567368,-1.7917065520234754,-0.27827259433886864,2.1676459027774264,-0.948880485306236,5.840555085774257,-9.138686960710697,1.5102833628916068,-10.71379668230964,6.479159010743851,2.60783796014028,0.32583210763592607,2.078597245424918,-7.508753890761788,4.368774429612676,0.6031265752466375,-2.932354653283842,6.968744502961255,3.6264582993303263,2.78724262150547,0.5103454041272215,-2.6690796062114885,-8.725459917795996,-7.13553641561786,4.852950553841895,7.363244768209154,0.32657471289034845,-3.159989008376174,6.859067988970002,1.5252750293121453,-2.0970234422727607,10.262155216268699,4.368483358065789,0.5575696894777771,3.4654902083100847,4.314047860044901,-2.799918345454766,2.2463134664163498,0.4394086690720611,-1.8481874123339237,2.0338129689209783,3.986563043211744,-0.2738289860280019,-3.794348057312169,4.204428539620242,-4.288609972065949,-1.8977430630725212,3.6539659892585563,-1.8403339177585298,1.1090589555787123,-2.324367256421933,4.957689964909884,-0.4114108863065069,-4.725007113504354,5.338729226896022,4.296397837345145,-7.385900618388175,7.339476225332109,0.1424423370121053,2.702697233104878,3.3587300906142925,3.4840730299135814,8.934934102485649,1.6437551678571305,-0.2646338794837444,0.8254741389723597,-0.14620954556707755,4.4216941654120046,-0.6396946128808478,7.877405559515327,6.717993437408087,4.628020414796419,-1.2128327506681469,2.648040087257897,2.345205383924731,-2.8583276836414817,-0.4512168153447016,-2.0753737818895446,0.9744147790055724,1.1821428769369424,3.1854552682123227,0.7508105880180471,-2.375414175840884,0.0477068474939335,0.14306192989204103,4.238101055535615,2.3069883314789097,3.1414889087733933,4.153005904143003,3.399788183927832,8.565045971413854,1.1030138588453031,1.6551068182082185,Actual adjusted month-end return from Yahoo/yfinance daily history,Market Table annual returns from the same adjusted daily history,"Oct 02, 2026 05:05:21 AM EDT"
HEZU,HEZU,iShares Currency Hedged MSCI Eurozone ETF,ETF,-4.763761870287553,-4.43269410955941,3.61703440165162,1.9302021195522157,2.0950449919446834,-5.011818875160845,4.142750664457351,1.4778375414560285,0.2831533857312385,1.3715127080049294,-0.5172769924098097,7.075730722027718,-0.22557627032806504,2.1853605337861515,5.752229402419684,2.405853354877774,1.9407497417502029,-2.104193418861844,-0.10411802949791271,-0.06934369491655712,4.476075840916094,2.656921816814495,-2.1675932114059604,-1.002925690753187,3.857765348105091,-4.198970448096729,-1.07888295112597,4.124059801169189,-0.22913017517945944,-1.3779771152419018,3.896158299180219,-2.299619388094476,-0.2690007187108656,-6.102489188558858,0.03590700674909186,-6.385575011158096,6.900524666019203,4.00290618431145,1.8030502151735295,5.313328787880867,-5.853807809037336,5.599459626055636,0.10681659332716364,-0.399750707525226,3.411368998686748,1.875808234079046,2.285715452035997,1.6914584303405311,-2.202647381216616,-6.949799842833359,-18.360998719616685,7.369763815371599,6.0749491798723465,4.648581293833565,-1.7210800973574858,3.6483218876176116,-1.9711389212537567,-4.775569122047285,17.345380273124267,1.7415893385411163,-0.9297917319481153,4.012965222892784,6.533907016849838,2.1320140897784556,3.116958894337185,1.0537801847980477,0.9540845147364863,2.5274581278526664,-3.3761845856911,4.797552596839338,-3.4400676760076965,4.456621865939203,-2.1248533717790785,-7.1099149126873655,0.0,-2.541616588843698,2.877684227653843,-8.682975164694351,7.743039262531837,-5.60805323051744,-6.829193414790713,9.513101611709217,10.094912054219908,-4.876585058692385,11.08712210960534,1.0693340078686164,1.1542328049129802,1.7749463942925203,-1.9308639060845456,3.874250072024843,1.8023881993640467,-2.88352224926941,-3.2115942573725853,-2.667530819317032,8.455889305245744,3.39936326365442,1.5315393332284932,4.140788915911031,4.430550710156944,-2.3388540270872227,4.1074753802013975,-2.963751320863217,0.4068847794066688,2.068554341889439,0.9474296279780692,-3.302507286699552,0.4332317634071048,1.0764717514200717,7.226552554918619,4.05933767319917,-2.5506377194754903,-0.05131689925980121,5.519887108560395,-0.1703252879984296,0.797413723732765,0.728651438907324,3.3938236701510194,2.243622472089668,0.4175456219959406,2.0554634591413157,Actual adjusted month-end return from Yahoo/yfinance daily history,Market Table annual returns from the same adjusted daily history,"Oct 02, 2026 05:05:21 AM EDT"
HFXI,HFXI,NYLI FTSE International Equity Currency Neutral ETF,ETF,-5.67657187777999,-3.1956897119327365,4.6987674727047235,1.0356905004533568,1.1958508324191541,-2.5493267153876897,4.4872121484783145,0.334608051847618,1.715145800060247,-1.354913855578288,-0.6283570493785806,3.3283515252666485,2.3165932927279975,1.940715442011487,2.497293365623454,2.5064663424945177,2.657378616069117,0.2785724964640801,1.2909409482342982,0.4412234799278547,1.9454105700807522,3.0317516727531135,0.1400994838358649,1.6163430639040133,3.3256532493511237,-4.69375124646676,-0.9615124402674868,2.707797123028466,-1.2488109673848058,-0.5694455456471625,2.0612073261121466,-1.5978276297669458,0.8336530194422043,-7.115737345170126,0.30642749807141545,-5.914074721576357,6.934508232916237,2.6762577985377733,1.1333013760354005,3.093344302827483,-4.798852685082711,5.229271805277191,-0.8840775570443937,-2.3290163400959796,3.867437424928788,2.605702739965854,1.9166495721776533,2.5585712926533555,-2.58722919301394,-7.419671756241786,-13.76615476502553,6.071427080100045,5.6846488819428,3.619091810022068,-0.39263594164953286,4.9219392105572135,-1.2606814871345184,-3.519377171469451,13.913525168642993,4.321049483011574,-0.4100128494257338,2.598506474553819,3.577098323815031,1.7991667355694574,3.0826486804992337,0.03144428966501689,0.36336458631620605,1.918713602749822,-3.0977928968705437,2.3294612911518575,-3.3286675397839582,4.620040487881472,-3.552908729008697,-3.1332688808300757,1.0966287431985133,-4.2413293886663155,1.4911377471804599,-7.504802889120665,5.411872802645146,-4.54338325079735,-7.776885353218599,5.838392315310492,10.375584913084479,-2.9971435498714283,8.473078270702427,-1.5933556133084892,1.856338434007898,2.6441446315940142,-2.111504046378987,4.127429009571393,2.253769641882708,-2.8571553268796013,-2.3257942540599874,-2.5928994767012936,6.7435458691896155,4.182882102903207,0.7639677834177183,3.591387518217548,3.476920764994196,-2.161747367682676,3.7333314214346824,-0.721964683306886,1.610482372788069,1.8429726386186118,0.3024649045194838,-3.4008624028658008,-0.24345280428529348,-1.1766142037508587,4.451253888070017,2.2042684596322193,-1.0783605630788395,1.67150085256349,4.324524569161925,2.4887103570356173,-0.06787222169372109,3.327680557347157,2.5613217291921897,3.2570142216602926,0.6683382109486269,2.949098934922567,Actual adjusted month-end return from Yahoo/yfinance daily history,Market Table annual returns from the same adjusted daily history,"Oct 02, 2026 05:05:21 AM EDT"
HSCZ,HSCZ,iShares Currency Hedged MSCI EAFE Small-Cap ETF,ETF,-5.2404319954897804,-2.640413308362055,3.798575591266262,-0.7616915974548499,4.540974123592356,-6.234605849124053,4.920722628716057,1.6678587457484184,1.9312087637569197,1.1693838514168275,1.047124213507633,3.243394660931953,0.8538433339777995,2.95145599014206,2.1124403282429594,3.077167200244446,2.5696122787927322,-0.1397456570971678,0.7632018783479744,1.2139293234814996,3.4208608023986065,3.2034353070848454,-0.07163489360014763,2.261463065597069,1.6274215008718729,-1.471060442779215,-2.4121566341109513,3.98850823045267,0.38767539504356296,-0.9591136890713448,1.3993067150880778,-0.36645112565322213,-0.05437892686078749,-8.000002759352254,-0.48695713277583375,-7.903024134171732,7.7435977273141665,3.3136878417078908,1.1796466331067679,4.047013470120064,-5.6499493925712185,3.268595342293912,1.0983608118030563,-1.7138745100731323,3.45561578386131,2.5918237773724817,3.4766719187037776,2.477971052801653,-2.6896854855894214,-8.22193541396099,-16.737063310038824,9.69208311674372,8.09410878072121,1.0992207507464435,-1.4540153438609038,6.538562972223549,1.4808219923000854,-3.457839108606253,10.548022251443223,4.97641315835029,0.5932901413224334,3.6098090920627657,4.711937872196015,1.9525219197903176,1.3121305627043833,0.33066361503677477,1.5565444148107899,3.300481649773479,-2.6162913569939272,2.2252360732808008,-3.902307436344732,3.737507984954136,-5.052147462014633,-2.935119524157781,1.3852016701974446,-1.9505830404357383,-0.2935200089437928,-6.868868681057094,6.524161544810991,-2.5642749567539425,-7.089085269445028,4.8784707890789925,6.164479053492067,-3.0723601870733197,7.05431369376337,0.27140508880110215,-1.2053456746299984,2.6154275634386437,-1.7869813153343461,3.1351926978392397,2.905440885254973,-1.093940103271429,-2.1594132796080467,-3.502601128608984,5.968994403812156,4.256617913961724,0.23206953653356344,2.7613140146423687,4.370304415860793,-0.8952495225359902,4.032937214675414,-1.659636372149198,2.5914792317594637,-0.38036335631016494,1.4248762547165894,-2.194537952891218,1.5177527797669343,0.6314330903295806,2.4211189224459417,-0.9974071280896002,-0.7948698048520275,1.055904408184527,5.878909374831798,3.1840591618734537,2.955748191089347,2.5219651025176537,1.6949078491892644,1.8952782137101831,1.8443637186319695,1.6391370191079613,Actual adjusted month-end return from Yahoo/yfinance daily history,Market Table annual returns from the same adjusted daily history,"Oct 02, 2026 05:05:21 AM EDT"
HTUS,HTUS,Hull Tactical US ETF,ETF,1.3173656783686205,1.1426563988526262,0.31163731277994433,0.1553456477568771,0.9693638371101487,1.267288598438987,-0.8039466471770562,-0.282942470907388,0.8435411326858988,-0.0380075955939807,1.825788330397704,-0.9795224701952043,2.1359371834377416,1.4068536851530977,0.7498766875599916,0.11167694247975479,0.4646631207815277,1.0730947520110279,0.38441016366441705,0.021416096098159088,1.3245048714383811,2.214947317094551,2.131445797446263,1.360030203661533,2.910824236621745,-5.334729296971419,-1.9062220638925487,1.480571915731388,1.8958806695512642,1.0850457824567838,1.3648179248681114,1.4258627274936986,0.07231376286978008,-3.359833292108827,2.052337728439624,-9.675261809210511,7.53456672155941,0.35653117890923625,0.6775177360622386,1.395160426028741,-6.2323097828962615,7.3025471554694965,1.4801818444250214,-0.717410802685603,1.976142428941463,1.9417558159791293,2.3425364080895683,1.228656397888983,0.7482156412806917,-9.925743159799127,-15.574887153864747,6.885122071380834,2.530950804911347,4.910207828468693,9.483974526191584,4.476668104122572,-0.5866450814234092,-0.448209847365022,7.394771685210588,5.719439532876613,-2.337792309653308,2.98079271361551,3.6966057437592514,5.036215101749586,1.7549297489284799,1.7277444757710425,1.3684238857627928,2.278750730711465,-3.702148841616637,5.7585215342676355,-0.5560021684185568,4.393967233661833,-8.329371388211282,-0.4560904942944255,4.253585407783933,-4.840558770675207,0.2718597539880019,-8.42779018634272,11.029849879078135,-3.579125338003919,-8.308875876074772,8.4911892719999,3.58764127010891,-2.99644277304284,5.136704923195579,-0.8519269952633635,4.247890007275457,3.187697041482429,0.5036359080898611,6.504951465069109,3.26360749761454,-2.5742260321555688,-6.070900348651287,-3.117460982945064,11.954568957134182,5.759856273317654,0.9985883287372266,6.361656969602181,3.99436811836702,-3.0296899613387107,4.394745067441419,2.419011678454952,1.4079322019267426,3.076858514604641,1.5756675140410126,-0.6141204082734109,6.041872679438343,-3.542569884142188,2.7974668458247365,-1.35427847852444,-5.633986863128781,-0.5489932684793697,5.183558137993827,4.736523839726003,1.876583887827632,1.6378960111901542,3.2229922733949534,2.0745454525462614,1.088535500278609,0.8171258733244757,Actual adjusted month-end return from Yahoo/yfinance daily history,Market Table annual returns from the same adjusted daily history,"Oct 02, 2026 05:05:21 AM EDT"
HWO,HWO,Hotchkis & Wiley Opportunities Fund ETF Class,ETF,,,,,,,,,,,,,,,,,,,,,,,,,,,,,,,,,,,,,,,,,,,,,,,,,,,,,,,,,,,,,,,,,,,,,,,,,,,,,,,,,,,,,,,,,,,,,,,,,,,,,,,,,,,,,,,,,,,,,,,,,Actual adjusted month-end return from Yahoo/yfinance daily history,Market Table annual returns from the same adjusted daily history,"Oct 02, 2026 05:05:21 AM EDT"
IAK,IAK,iShares U.S. Insurance ETF,ETF,-6.529832332685603,-1.9661009917625538,7.023935578264218,0.9217975131529332,4.2296007687401715,-3.1296883593321057,1.42209668579647,3.9143001177497583,-0.4549928987900742,0.3403958447982358,8.876736643495908,3.1784853886710707,0.10113536458771222,3.535927306682418,-1.0349950741263103,0.03300486397090907,0.791535572156854,2.853342586429153,3.2098586064192025,-3.790798869773193,2.930663132002298,3.1701199034011696,2.464254283892453,-0.6476518913912543,2.027016208438659,-4.34140555482081,-0.019062790757506942,1.1465590326401154,-2.9718090675121323,-2.454142819151106,6.700247464702724,0.5944077234972367,0.8875919541975197,-7.50792594161418,2.0212178471785913,-7.260875736387318,7.900198949089976,4.0462639761731145,-1.269354036025172,7.371882602478408,-1.1857702118815427,5.175204665016908,1.7536256130180838,-4.197355270404368,5.0269912822053175,-3.706252689957623,2.911887026909876,0.3570831532169638,0.22430703635203386,-10.924607603271452,-21.296602997359315,4.881968808098058,3.539145287413925,2.5989437070353505,4.235559358255903,2.2148700356098727,-4.277208902012863,1.5069960094187262,13.449963731132652,5.647492606366167,-3.27406885251329,8.653680830104072,5.515184520673833,6.531094273362292,2.755673749571441,-4.431015840806152,-0.09045684628915529,5.676966829935881,-3.7006979252493855,6.828624367001734,-5.841509695850644,6.906738631521003,2.0102704892953627,0.8445943306299108,6.489964463214193,-6.281514685731004,3.5208879135492976,-5.969961210607022,-0.8436952153651478,1.2276840249158205,-4.479097772171148,14.995549151333742,3.7493255754885713,-2.6087226316909184,3.7527530802462294,-1.0018184222222337,-8.492681411731084,3.0133070200276446,-6.49661158828212,6.869789030261564,3.401999619118401,0.2310463501519422,1.1418596650455637,2.651386107644216,5.814207958399997,1.0097754215141697,6.821813190454229,4.207566895942594,5.7049722523545565,-4.898197921303538,4.684705182796889,-3.1907786115743075,6.792417668035311,6.634051887711756,0.7634553708242509,-2.2006946289853113,9.468335911605275,-7.941706282222693,1.8976793906417377,5.563753628211243,1.8736002997685963,-3.903919747191198,2.8996543113779527,-1.0659877738649959,-5.198550859253103,4.181374947116212,1.3192808087833408,-5.677834308247198,6.565426462389956,1.550011996798828,Actual adjusted month-end return from Yahoo/yfinance daily history,Market Table annual returns from the same adjusted daily history,"Oct 02, 2026 05:05:21 AM EDT"
IDEQ,IDEQ,Lazard International Dynamic Equity ETF,ETF,,,,,,,,,,,,,,,,,,,,,,,,,,,,,,,,,,,,,,,,,,,,,,,,,,,,,,,,,,,,,,,,,,,,,,,,,,,,,,,,,,,,,,,,,,,,,,,,,,,,,,,,,,,,,,,,,,4.085576734147334,-1.170000174656216,3.996942087655486,3.7701355036269035,2.045861769213242,1.5209068271807125,3.97117106294258,Actual adjusted month-end return from Yahoo/yfinance daily history,Market Table annual returns from the same adjusted daily history,"Oct 02, 2026 05:05:21 AM EDT"
IDMO,IDMO,Invesco S&P International Developed Momentum ETF,ETF,-11.339319679928328,4.295349636590995,13.706741538219758,1.2679058691298817,1.6559311648291386,-3.592521473092225,3.0782261064232985,-0.6457039494739525,1.1208908492537972,-5.827957956129504,-4.225354977282203,1.0437158708140437,4.791529804977701,0.8043802433048697,2.547164960895132,-0.041335297576872154,2.8547655616718126,1.6962823319367937,5.240007621630394,-0.038001755411976035,2.966971950541253,2.712707607221043,0.9406793705724059,1.5892194310707541,7.2468953799939895,-2.848636442292163,-4.8569237793032904,1.2585332189353426,-1.6335404733093029,-2.1107490670634887,1.7196358555721991,-1.6538223713801536,2.4663930017128743,-9.518602521116659,-1.854082216984565,-5.277326746246047,8.424782084234472,3.1970714936522926,1.9544440103459015,0.2705804613571505,-1.619110774481669,4.83115910652494,-1.6202191537275756,0.03831158567484394,1.5079199591853554,1.5921061404093662,1.4179135014858568,3.0934338628286095,0.8957480336667878,-7.4218796695510125,-10.441101393730301,7.655726099315463,6.588961156628814,5.577228776042276,4.693658897698594,4.243667031632303,-1.1490369044568793,-3.9189769961000875,10.30075762297491,4.9367384395764935,-0.239940586397569,-1.5033065601439022,-0.27430870689787445,3.474794225930866,0.0,0.9504036009269745,2.0395850423925888,4.461192493974897,-2.2462626197656266,5.446821056467588,-3.1476771963036887,4.460159379949968,-5.243466016310617,-4.206675096180767,2.6701694679385657,-6.040451589505946,3.5373864195721527,-10.07673924786432,4.994958580782116,-4.501910240585561,-8.54952137218924,8.108104677608384,9.349333323157904,-0.45869992788062364,4.011379240813606,-1.7613227287846978,1.484870787356396,2.4999770830991475,-4.60703940118985,4.908641339630915,3.3605765866806747,-0.7029719963373315,-1.198256999887859,-2.3206700948258496,9.626654693551394,4.028650484794283,2.6609016994616486,5.210241286833961,6.4912841357411155,-5.041624354191054,3.6063203688429857,0.4096536700550102,2.0581130181539287,1.9454269808800717,-1.4310321768431167,-2.6853744120245437,3.663014102316331,-4.036887763444986,4.97047681745284,2.953579780390325,1.0487914165928203,6.182063398052073,6.419283543928289,3.5826394742255907,-0.7025752011196151,3.8325388979185693,2.526145883135822,-0.14817231808914588,1.168608805852056,4.158265131708938,Actual adjusted month-end return from Yahoo/yfinance daily history,Market Table annual returns from the same adjusted daily history,"Oct 02, 2026 05:05:21 AM EDT"
IDOG,IDOG,ALPS International Sector Dividend Dogs ETF,ETF,-4.344131525793671,-2.4488216121412276,8.215456857849812,2.150976482637512,-2.2295364268247186,0.062400894579228705,3.56837808834114,-0.7887391789679454,2.006061858948094,-3.0566162386143625,-2.556444033742722,3.9777077101759373,1.9466604753723749,2.366133611163801,4.634456902260764,0.15604435469462885,5.256999324781786,-0.3506687338135306,2.6822903239364093,0.4047181709966763,2.667034118490186,1.829907024856814,0.0,1.5952836734316467,3.490396959441089,-4.215829696775342,-1.4310572126506993,2.8189200651131285,-2.1089663291262384,-1.7123606305518568,2.852913102891841,-3.60230662246529,1.1226196985009151,-6.4408348443271475,0.2387828153177951,-4.7968443909783165,8.73215219683956,1.7374534830343569,0.8039956611496812,1.219047224585612,-5.833657449610053,5.946105659616729,-1.653861909642329,-2.1509758693962766,4.219447031562096,3.8208814832001448,-0.11149593812546099,4.108460073967168,-4.732398681835537,-8.559415064268173,-16.347223428585632,5.92402756135435,2.772479237607839,4.325599959625848,0.0,3.735355467933954,-5.65847996594353,-3.6178192441316925,19.05679293069722,5.675826589787802,0.5382625700643962,2.944528018569703,2.711933599921923,1.6052615674659876,3.8779260149631734,-1.6697557502559301,0.499257331033065,0.10646884778855448,-2.1094723149873817,1.207914908078389,-4.66547110209663,6.2083533171241045,3.3357262466062076,-2.221432540316992,1.182476163840085,-3.5879216238122402,4.053059505059431,-9.60811488722715,0.4769423456681521,-4.549059658695809,-10.679501553510907,7.55515889449454,13.39438973426985,-1.411994040263631,8.051830420998929,-0.8360441706665833,2.7361278667421773,3.5417337699830576,-5.968576596368003,6.380836780706356,3.854364663525467,-3.6082383156731956,-2.064712507334532,-2.6421917892723856,8.405581516609573,4.731087556585889,-2.3769691261941173,0.4115130763317598,2.2467330557615517,-0.9757741091963923,6.999659023956251,-3.5967240400786804,3.2344863096396503,3.4268899792875507,1.4864994229613515,-4.8351609768265575,-2.837347891544706,-1.1855333267023704,3.878115688119288,3.3333374743567123,3.1126334937311873,2.8436007291795518,3.471581496277709,2.4688523420655084,-0.05895228179904066,5.398230982707464,0.6358365529885335,3.398894635790528,2.5536446610602503,3.1533878681980543,Actual adjusted month-end return from Yahoo/yfinance daily history,Market Table annual returns from the same adjusted daily history,"Oct 02, 2026 05:05:21 AM EDT"
IGM,IGM,iShares Expanded Tech Sector ETF,ETF,-6.766680265146475,-0.6976554640634847,8.292277174041773,-3.244200215379889,5.379689926765985,-2.2529002162498757,7.464998162358039,2.0898690074995008,2.6214152053489537,-0.5986693256608833,0.04068428422694392,0.9482055445139581,4.797656640280201,4.377657468723095,2.3998210123645336,2.6000360776427867,4.4065723405873,-2.301935549201395,4.30726600833744,2.0945348373752726,0.974880461526273,7.541254083886062,1.1437600524054625,0.06682724742901325,9.431839797382157,0.5522043807322241,-3.2762924983233743,0.8192633495722523,6.633497308387604,0.14810032417726937,1.731532597474983,7.256819085506194,-0.4143145973555806,-10.172918663442342,-0.505116687535978,-8.111715899560757,10.37798152465481,4.679968305488913,4.077753841172815,6.43517405929992,-8.365216644678364,7.3982861973742375,3.3294507980301757,-2.674663012758327,0.19052508466699258,3.243941820749474,4.797824757718172,3.2657693392303733,3.848882944115939,-6.545501713425617,-9.71032475481045,16.163744477681476,7.565035115464136,5.604746188308196,6.7170642107377,9.845927300013479,-5.47047903397595,-2.682320790531445,11.50049081790403,4.368281853943334,-0.5945726763608494,3.051058084177116,0.7560399366741244,6.238060483057173,-1.111243641815829,6.602699005718371,2.3812996905849815,3.7911211697988723,-5.930249894415773,6.490795195432519,1.05383965608985,1.1077700608597585,-9.28659697705646,-5.0947702224569795,2.873128963175975,-14.50736495508994,-1.4928430350699684,-9.994345629069002,12.925041408181137,-5.727344358594488,-11.68203650279257,4.2473179685804,5.958699338779194,-8.080350854640661,12.10355598667241,-1.306189382825318,9.648153414831718,-0.3389260514944703,10.27293797997675,5.40701290276504,5.0118234343609736,-1.2749723912055533,-6.071154684239232,-2.1691367899295266,13.049300287068831,6.360920345198262,4.453555666596221,7.965566603344976,2.3499387549721806,-5.152030806599428,6.912163117264458,7.966255141361156,-2.725045357966527,1.515138731362442,3.1202207039567442,-0.39609949410251977,6.038123923461813,0.797131228206327,2.850432356951238,-4.6761962573958815,-9.363836658381096,2.150661627510808,10.839984263703851,9.491195261364682,3.1956437156450246,1.1386252992912071,7.459014608585934,6.280277354031671,-2.5474475347033287,-0.9392957180013428,Actual adjusted month-end return from Yahoo/yfinance daily history,Market Table annual returns from the same adjusted daily history,"Oct 02, 2026 05:05:21 AM EDT"
ILCG,ILCG,iShares Morningstar Growth ETF,ETF,-6.376264479899774,-1.4029373928017175,6.683948145634733,-1.5574491068592655,2.9148583803239703,-1.9598612295840034,5.184476050884745,-1.031264039307045,0.232003150822635,-2.5834511561043327,1.2880950131382685,0.8688894924072654,3.62754062841828,3.867285556178701,1.2764456718942219,3.5315524754709005,2.956285736957054,-0.5476442125086467,3.598081115936913,0.93588869372212,0.8615347347410429,3.490660134847623,2.3432366098068647,1.1474399022454174,9.18269829658993,-2.1889258609721574,-1.778363169225694,1.0557649315500406,3.611346272217286,2.0360057228873574,1.4197349298319395,4.160120781295551,0.8578334808200694,-8.963799652407555,2.2282084899077903,-8.147809078980018,9.096032186122049,3.0702299236407216,2.710050789062879,4.167834059532205,-5.38200590262533,6.6029612732179555,1.5533212640680194,-0.6518555052612673,-0.9692890361434059,1.7915983765478316,4.515598367372808,3.2806737057695434,3.6101904186500056,-5.62652996031402,-9.406443637659956,15.1925109329059,7.0289651707257095,2.4744284047033327,7.441989609512034,11.09040676308759,-4.368411830983576,-4.4643951654252945,10.563210038820303,2.684802153036281,-0.5243623151925392,0.48203501557850803,-0.40574400489467033,7.238179152198598,-1.4546695772061802,6.316715702696718,3.2736183807176245,3.902514003239488,-5.557161532758725,8.37529925436884,-0.38012087476678724,1.6042334944656345,-9.398499321046504,-3.74980992563797,3.9083707803054146,-13.430763512876032,-2.5768670416078554,-8.520242454983585,12.896768281228944,-5.092837752005064,-9.874694839227782,4.517201361796386,4.896902327889574,-7.790791304251554,8.627770266354752,-1.2481100071620732,6.24733763599461,0.9935062422367524,4.13165827077091,7.22754446192766,2.694887966416326,-1.0152967955534442,-5.679053476179574,-1.7434912343159525,11.26085864049613,4.2277158353998034,2.285465091422134,7.06356713294618,1.7579877775811381,-4.146801361958474,6.1783069311105,6.086413506826371,-1.5108965693426901,2.0952999276195428,2.834338692000271,-0.19036430208843047,7.439194113701175,-0.44422609058736295,2.477673921177659,-3.691998205113445,-8.302292783838706,2.074337066826426,10.148778137788073,6.526275332035936,3.6222834359081357,-0.24898858894009113,4.270401123720413,2.6749656220597773,-2.6799937969633314,-0.025920444163907153,Actual adjusted month-end return from Yahoo/yfinance daily history,Market Table annual returns from the same adjusted daily history,"Oct 02, 2026 05:05:21 AM EDT"
ILCV,ILCV,iShares Morningstar Value ETF,ETF,-3.4980258268174635,0.16477900577724913,6.979562416829155,1.1202278912788577,1.7206863485672352,1.1996404382975667,1.995158356670279,0.7462680780675468,-0.372629545693437,-1.1685978492255056,5.579169100976045,3.0836882799094356,0.21251720488524306,3.7747698474632108,-1.1336724840043888,-1.195439576888535,-0.5365710537252766,2.177856430462888,1.5520610819021563,-0.7385162855822025,3.586005097964029,1.6464447568921514,2.923456424839155,1.9661542436377744,4.479573432078809,-4.912970744882983,-2.570223886628764,-0.3347711745602333,0.8891769072036704,0.23286860144176025,4.0035649841368315,1.7308124378675904,0.46043159000168643,-3.8185843940320985,3.0889996244469753,-8.802413438445134,6.540035846918668,2.77698263366557,0.5996164540316595,2.779562065990371,-6.322675298164548,7.023987766565631,1.4453674913115222,-2.822154432493784,4.6372709622205965,1.8198355492152096,2.738750637726195,2.212363977286236,-3.507114458463645,-9.718791292104411,-14.253724063908347,11.304831721958909,2.3653829470210885,-1.1724645859665261,1.9127314307979981,3.5913669013716065,-2.37539527437417,-3.176544731991726,14.18870699221828,3.462607294014397,-1.1758501037539615,4.488928802749892,6.597928027961197,3.728424510541495,2.1503503193051277,-0.41575278796667225,1.022313633622285,1.9319344356789614,-3.6968149788501603,5.326839276757944,-2.118436483549979,6.710478525130004,-2.2988644801091196,-1.999996904412915,3.4098143374322376,-5.365995541252944,1.741138806222886,-8.163063556497907,5.994355785596128,-2.671443787244532,-8.629923525329152,10.890767537566571,5.908647528199751,-4.065068812051864,4.633866580913004,-3.400846261850232,0.5795398116624328,1.5806093557068523,-3.0195862928520056,6.1717395237227635,3.8785448653149146,-2.2431184376854207,-3.4605759123156554,-3.0106430204751455,7.370278124504126,5.417440594885092,0.7505088706425855,3.6823382714290975,4.674873825330361,-4.059320621286366,3.4174284134344424,0.5612529524391174,3.9176925225424375,2.8117513402664107,1.3818541569851739,-1.2165385040589616,5.2093653876498225,-4.713091761088107,3.6305327265993226,0.73879474479841,-3.2011854491367453,-3.1675827812945867,2.548500322344238,3.6127868891822734,0.7314971769890599,4.630951740413858,2.88891062087262,2.0439902818300215,3.211406459057242,0.033251127339206654,Actual adjusted month-end return from Yahoo/yfinance daily history,Market Table annual returns from the same adjusted daily history,"Oct 02, 2026 05:05:21 AM EDT"
IMCV,IMCV,iShares Morningstar Mid-Cap Value ETF,ETF,-6.37832939944647,4.053518223907693,7.5263954205087025,1.521033573057906,0.6933120157462502,0.329460252261482,3.963842547134311,1.3801704834076611,1.3508093988593206,-1.3723648829450652,8.424101963516284,1.3416832576401694,1.6058839310862938,2.132274168319026,-0.5421951920010049,-0.3570491226960182,-0.8518797733407912,1.4552645872854653,1.1008871125982367,-2.204529479247641,3.748359414313951,0.5030655231882397,3.727611418053911,1.7818220217750147,3.141244771479168,-4.747702563017075,0.0535512329058907,1.2886914376425862,0.2911498548926472,0.9677738767568389,2.550757891992683,0.827045795506054,-1.039758244341915,-6.082895928473042,2.8932561285831326,-10.65131453597502,10.17217510319297,2.5828745482104454,-0.17260696236323092,2.6200618276917886,-7.546928075261016,7.230293155913126,1.6325873553668657,-4.037752598493027,5.525781564666965,-0.006227943577696848,2.5158497972547433,2.9895150672351933,-3.7937129044543494,-12.292037109101116,-23.793714447348723,12.645010448821381,3.6117652646822984,1.8423810501839055,3.159388316554601,4.160291084916978,-2.7239926193064368,0.7480760539825049,16.016362467167756,2.6846599141837624,1.0740197151698272,9.158780082368278,7.388099213638033,4.132753559075808,2.7656158529722807,-2.005736867446084,-0.404870181035788,2.2201227930597422,-2.755784792585936,4.571348207499093,-2.541225740299047,6.535716847163453,-2.0799598968173294,0.17950291607891078,3.3677095608571683,-4.920890709822201,2.3664432631053556,-11.100443274203576,7.715643426763985,-2.611843059486385,-9.516531767917257,10.189492259666121,6.619086745931213,-4.9265680387192585,7.800178415240566,-3.483355238901653,-3.5463068567531675,0.5171306238447748,-5.482316006489885,8.845793336272202,4.0188383694300445,-3.7277338351594524,-4.334811889518453,-3.9445472057033526,9.381441135933844,7.116537244422805,-1.890146480422994,3.7327110143992703,5.752443773466598,-4.217775595903417,3.482537984974954,-1.8148461258007176,5.723234614376915,2.3431142475611733,1.5633126839925904,-0.9916612456628893,6.773861675365134,-7.722329079611856,2.895241208226973,0.052336197447644395,-2.3854397443416775,-3.7875831619281874,3.8386125086460554,3.1165875612974014,1.4872228607511584,3.721968900774675,0.9950858014697417,-0.8338539872526862,2.761055383553157,1.2160522203075619,Actual adjusted month-end return from Yahoo/yfinance daily history,Market Table annual returns from the same adjusted daily history,"Oct 02, 2026 05:05:21 AM EDT"
INEQ,INEQ,Columbia International Equity Income ETF,ETF,,,,,,,,1.760654314331056,1.6516332233762698,-0.6749986154839571,-1.999264392538902,4.529002463156218,3.0409280635218305,2.2701718532788684,2.574902694250447,2.263547815378031,2.379616364172943,0.7010752920247665,2.872641878830584,-1.0176146884928516,2.2917847481301434,3.0062456830551865,1.124515549197258,1.0015676115833427,3.354066106978637,-5.018198975158472,-1.7271497297646765,2.617259965996932,-2.0868083315041197,-1.9700673620165143,2.284828818187834,-1.5348935260795282,1.48615061493651,-8.142694118855553,-0.9940406884980435,-5.20099583457887,9.339614918453965,1.3682308544993083,-2.1125786622959275,2.933040980100965,-6.874023102052707,5.768976605471887,-3.0101232076687356,-2.7641531408836073,4.491841208476033,3.7823751051885734,1.103113072733386,1.841058349875735,-4.910841441109904,-8.196440188608978,-16.10471788654959,6.7434202470656235,4.129922844406342,1.5028347710639212,-1.2337105249942915,7.21920435874337,-2.4604954385000766,-3.0320895165506956,14.799781831932336,4.711790200069865,0.0039662125467021525,4.488794968196519,4.436873818514497,0.20721554810454457,3.917850512520893,-2.6862526409919707,0.11247712719810732,0.9206266186620349,-1.4184017359996637,-0.14672452364516975,-4.5985151817746095,5.004852222451617,0.8687688034307195,-0.8539030626851796,0.8609920423328754,-4.95958150555198,1.2783725137592628,-7.731572772882711,3.249854100494365,-5.203529262142482,-9.888687592928457,6.4560028236176015,13.803879095053073,-1.7588784749672293,7.166544993789703,-2.2966034347860598,3.307306822480194,2.851407113566662,-2.2009176288141363,4.622244013371946,2.5833571770336627,-2.743352539515398,-1.579801882952514,-2.8298307506945397,7.6104301724818635,3.422643631719491,-0.16127069512206216,3.507744995022821,3.9820878027742923,-1.6423514637056047,4.493753048680382,-2.875019215641128,3.38106964553595,3.200432663088182,-0.9578993672293201,-3.897246454919079,-0.5268251985219741,-2.1573599686800726,4.188529130221275,2.4500374465562302,3.6209733949530643,2.088684645372041,5.022651256446031,3.3508645569703344,-0.5245556525768413,5.590691677654158,0.5652083589403167,1.6150177466690563,2.854500391579995,3.3539478952654855,Actual adjusted month-end return from Yahoo/yfinance daily history,Market Table annual returns from the same adjusted daily history,"Oct 02, 2026 05:05:21 AM EDT"
IOO,IOO,iShares Global 100 ETF,ETF,-5.382384593268974,-2.176736462201334,6.690363404352273,0.5422857833358385,0.995716178367223,-0.12523264042789695,3.6546258589540637,0.6997730041460537,0.17371996676345258,-1.1072723054098121,0.9847713447374229,3.6360235996095502,1.3555766770337208,3.253554319538332,1.805996819099187,1.480278934694934,3.0379796998108333,0.0193981793663367,2.0301626262856587,0.5934445547610911,2.0589779784564888,3.218858012361414,1.6470770002157131,0.8988739984721716,5.118255225577384,-4.2321660628148905,-2.1130445618075755,1.0409858305321151,0.7265998895241488,0.10799735939277522,4.231180963144232,1.6949187836326818,0.4321049259302656,-5.818486014484714,0.6308278609756135,-7.424992982830592,6.415064792306957,2.881200114424276,2.4343132157607306,3.995789183498899,-6.167842954621195,6.690383843244319,0.3480987957808379,-2.122023943750273,3.085270498266568,2.972692112730879,2.788678293145286,3.9069147755029565,0.370797895835584,-8.533451492504085,-9.814192595095639,11.083725232452757,3.225173021855965,4.080186849119705,4.490322710536021,7.76064850311422,-5.2666891008166346,-3.1083425824877886,11.054075144167786,4.578879318319018,0.015894881500910785,1.716466098284597,3.1406324234539484,4.878052131031163,1.0833235592331292,2.347160562528816,2.422874785026341,2.709393871968957,-4.74023573387099,6.325581042770745,-0.5817091149803111,4.499558593039077,-2.6407197688664508,-3.041468364747657,3.272707246217177,-8.178839590443687,0.71601709436655,-7.873603285511887,7.928828051658399,-4.873453465442545,-9.516581567254567,7.123651494554228,6.524465463953089,-4.9823106697264645,6.104564743172913,-2.79575916584216,6.055116513836367,3.8966784938578636,0.2198019234609383,5.342439161082724,2.6163488396062196,-1.6527778520842973,-4.585729063106037,-1.4882460660920804,8.440717251958851,3.4745890122447776,2.0740256600800366,4.915437485520124,3.6878098517346247,-2.460571893023278,6.788196725082352,4.417222741185833,-0.32098887199898396,1.9216824137089805,1.0599355803970756,-1.7144109315182177,3.119226552937482,0.6921535538411794,1.438923558651961,-0.3913207832693222,-5.431146467538383,-0.1557936409119609,6.9586080655765326,5.56522830948365,3.54327063150246,2.7949522994476617,4.5838825350922985,5.041238997113862,0.6346241897078109,0.20736388734057254,Actual adjusted month-end return from Yahoo/yfinance daily history,Market Table annual returns from the same adjusted daily history,"Oct 02, 2026 05:05:21 AM EDT"
IPKW,IPKW,Invesco International BuyBack Achievers™ ETF,ETF,-4.959666291247789,1.6950142438769245,8.675748848756415,3.404112561288364,-3.575207172981365,-2.922828761165419,6.0337861104544865,0.48206639720960176,3.236703520870843,-1.6485086959621476,-0.7846294622073424,2.6272500101687024,6.895345082373261,-0.06619148537669872,2.2410183922723093,1.6932777944063782,2.960824086120417,-0.4381992048325567,5.481176439513491,1.9190679554743184,0.5326726869508969,2.263578131009658,3.3976821104370947,3.145978076704914,5.348590385738716,-3.7686400149995913,-1.4580755027010839,0.1068147595027158,0.666857445009561,-4.093713525719456,1.1447654536638874,-4.139881256946953,-0.9738296937234048,-9.892352451551666,1.3884693950545701,-7.416762128373044,8.122180267095679,1.6051327571226182,0.388257814493409,4.259996653732667,-7.475775789935235,5.154341305202137,-3.451537556348816,-2.1449418141690657,3.984219778136211,3.5818001069158223,2.77258727006775,2.785534745245899,-3.77516960659251,-8.948250735696483,-19.72839105580103,9.607990860865346,6.336245214169334,5.891346585580037,4.929706298019942,7.202269024704311,-2.82062291955002,-0.1145128273073337,16.499960376816468,5.218646338521116,1.0859493341072612,7.9294835854981205,2.2089753373696563,4.29473778133882,4.408189889252401,-2.2033134450099245,-0.4426670091863594,-0.8448518558865636,-1.4152190713668245,0.04571336170751117,-7.19833384096682,3.8268233375819305,-1.7570146844808732,-0.7153405092352294,-0.7455354730681707,-4.832794508375637,1.7567870705746502,-10.803502794485098,3.201982461340669,-5.041772133695255,-8.883923314024022,6.0215758683723974,10.01313063915783,0.11571786885216095,8.427956563925454,-3.3351797306218067,-1.5748704324729967,1.4960345718627366,-4.6242711058086865,5.413676194589412,4.856884941238304,-1.8747991435936195,-0.8645902858539389,-4.563600559141756,8.457862838268081,3.577480559497248,-2.5654555196046203,3.6395977611781927,6.149301850014721,-1.2836511113451965,6.142260341134476,-3.0041290902961926,3.7009493228081114,2.00141029555736,2.127515718401818,-2.8718272282825974,-0.9254530406966555,-2.3758749064496487,5.691265911305132,7.457691879900374,2.3094761949896903,-1.533084366181947,5.849665769601153,3.204661454551516,1.6649535262134085,4.569348162827791,2.44462570660986,-0.22395617544767044,3.104313702488426,3.8996506679333853,Actual adjusted month-end return from Yahoo/yfinance daily history,Market Table annual returns from the same adjusted daily history,"Oct 02, 2026 05:05:21 AM EDT"
IQDY,IQDY,Northern Trust International Quality Dividend Dynamic ETF,ETF,-6.19148097026383,-2.421699746494488,9.537718793715122,2.487806334568421,-1.3437250389597866,-1.4865205823639371,5.322974218046017,1.2095255971385388,1.923923036308639,-0.762738688345177,-0.42697272642847617,2.9820606862059895,3.4699037849490466,1.010097272647581,3.759657390491533,1.7421868163565613,1.9026071555421797,0.44940769485917187,3.171001948679053,1.2440582917613074,1.0736562857051046,0.7209968975910197,-0.2505341488392321,3.5611449278824647,4.898512654843468,-3.502356526217132,-2.162840831023616,0.21282986483586175,-2.761054924226203,-3.104747674117969,2.720253954568985,-4.625121123967213,1.1472789758405266,-8.039192541829587,0.38380760319964846,-6.5188972365621485,10.036836047701625,2.2175965278314447,1.2290529566095998,2.395455664333479,-6.938933964575034,6.391849001505023,-2.1597144014064207,-3.0404307377710826,4.136796740683191,4.515075494813159,0.3200040767555423,6.443204788623014,-4.787049743588367,-7.521739112274862,-17.26804653352769,8.398515043030086,4.66793797931544,4.060394104769949,1.787302918685385,5.048255272726521,-2.657365352789598,-2.81997935823044,17.500034285087352,7.180686053637819,0.6756705865185841,3.7795686673800732,3.5403693476729226,2.0132021285269808,3.785190883985523,-2.095722154986457,-0.9971097154912845,1.2020890158932263,-3.1257847355611323,2.548615460013526,-4.349229826849054,4.8919840357155575,-0.9567805715853694,-3.5976220511894863,-0.6035258764403695,-7.372467937187743,3.357220924667148,-11.741452300606447,5.312369037574793,-6.860386965924004,-11.17959853261452,5.203184642744962,18.22891106505542,-3.0818322925180275,10.890293507678916,-4.0702108419961025,2.5052253440061456,1.9786869500852955,-3.9552055862181135,4.772824739444426,4.308376743780884,-5.072431569003455,-2.6241601494279676,-2.548793428296081,9.44011516543133,7.291451423982176,-1.4336796322342749,2.8363574887264376,1.8034011752165124,-1.6325157800895718,6.073457433216056,-1.0359142417686318,0.9562839331688888,2.8416700508147485,3.470849752770566,-5.51636661835172,-0.9164805584234603,-1.0970280378277075,3.5081418416935684,0.5590576186271123,1.416310632036888,2.855159674744545,5.351174532599456,4.3434354798425945,-0.2165235909238894,3.161807278736384,2.9675374917200292,3.859750082687663,0.8226987253917795,3.742951150775431,Actual adjusted month-end return from Yahoo/yfinance daily history,Market Table annual returns from the same adjusted daily history,"Oct 02, 2026 05:05:21 AM EDT"
ITA,ITA,iShares U.S. Aerospace & Defense ETF,ETF,-7.443751490310769,2.513249711895349,4.48787149471801,4.260439451917364,1.772376716977142,0.9788606547253886,3.6660349151716787,0.5405170397077663,-0.6083296795215354,0.9375436827766315,10.009990028066307,-1.5899331626664903,1.33077184480479,6.587522164034465,-1.8024892038666085,3.3888989069912556,2.6339727283169134,-0.05115141061524664,4.7982544854948905,3.6748942115651273,4.559387441016982,1.3648795073003095,2.9755676920774077,1.3942683004762868,8.048482943932655,-0.18697263317367652,-2.216394835958657,-2.833897314236611,3.504002862836675,-3.1059656853614226,6.946496704329741,0.7918830064181481,4.740345699979187,-11.41705223566618,0.1512563700566849,-9.860663420050686,12.518779262993785,7.516702152549026,-4.280895066213941,5.030553582807706,-3.6637769696127753,6.39127162437505,0.49946448877089544,3.033291248587955,1.5652346322535093,-2.0471847807510435,5.197665355812453,-3.3903091727246704,2.530638464514956,-11.774278752665325,-27.96403175060862,8.279479300574577,5.643258833560916,0.34858280839231703,-4.868859616636589,6.6049712442494135,-4.931567194421705,-4.658786197172937,22.366416924110077,2.7219719736198744,-5.954401502214235,7.330498084332415,9.233496354379668,2.2380396591750618,3.626439505417567,-0.529462441027928,-1.4242787087370146,-1.843101668096625,-1.4721527867544326,0.24943092241394016,-6.1243961936989555,4.933393875039194,-1.6053643120028105,10.649684070231125,-0.8496908338389342,-7.157684587967228,-0.6610777628618281,-2.6879691823709417,4.668756118674566,-2.013512071910084,-9.979353351020116,17.567724126944896,4.393248884635348,0.16161680011237411,2.5120659397850575,0.03488549383869888,0.5764629514993347,-0.9732361089836772,-4.650753413319997,7.597609609086331,0.899990490701863,-1.3166812543802142,-8.587231423451925,3.6708478914521114,9.102506749967798,5.986108596829176,-3.120067158704265,4.26416623455681,3.3790842843640423,-1.5765753596185594,4.7515922639489006,-2.7050392104677967,8.428631985217482,3.163858953022869,1.4609784109429702,-3.4817004143154473,7.713090376892606,-6.295706642255383,7.726168407516032,-1.1432023705824412,-0.9284180374440343,2.488579267732005,12.956465636846382,6.533634143334033,4.219681351897253,0.9257415264992463,5.85652639720371,3.120515251216105,-4.953882137071841,4.6757733400458745,Actual adjusted month-end return from Yahoo/yfinance daily history,Market Table annual returns from the same adjusted daily history,"Oct 02, 2026 05:05:21 AM EDT"
IUSG,IUSG,iShares Core S&P U.S. Growth ETF,ETF,-6.097557633029305,-0.07873164476613903,6.95139352348082,-0.8506732627627245,1.9522177400770335,-0.3781056432342611,4.896067831830808,-0.35161206913698617,0.4062557010727774,-2.5616974319312757,2.58081561558805,1.276757223009528,3.005592663456147,4.048876146797742,1.115465461943943,1.9405328612252193,2.6226631708608394,-0.31554757299279146,2.51034679531712,1.315500304650108,1.2416268570989653,3.288442028692118,2.8385173945247644,0.6305451674319285,6.992766005505602,-2.2075680554288213,-2.639645550093306,0.09153854646986037,4.316792313760964,0.5892071140915833,3.3216671555671873,4.754670490544344,0.6329333200091325,-8.209901037912537,1.5608403244015578,-8.678826288133301,7.514262418527173,4.0945528105053475,2.6099247110190626,3.8461186152214166,-5.348015561954867,6.173553422346423,1.2922792168330144,-0.9292821639329096,0.3293323341039711,1.8132637520574146,3.405745068416377,2.8205979228907996,2.010662182182954,-7.2463782523915725,-10.488705589765123,14.39829809845481,6.262458466646947,3.84667800015992,6.969924109756787,9.16897893576576,-4.447304205434932,-2.850696720635204,9.92277977174667,4.116462459761561,-0.3721154218910616,0.2603369176455539,2.6705292234701306,6.762875859917461,-0.9181862154265197,5.29746685678687,3.5947734805072518,4.091401618774926,-5.776622344103711,8.983522144595657,1.3081188328053939,2.4325014845251403,-8.509156586977063,-4.215521994081528,4.464361882428558,-12.341465262179629,-1.3280025261618422,-8.244567706319506,12.592592103554324,-5.19950969974764,-9.979108043155971,4.876524736032728,4.982757163566265,-7.385807820027979,5.618248999917785,-2.009295037889025,5.549152517150557,1.374343127658717,2.2669328710655634,6.34431542881273,3.1749331523821978,-0.6849226990800594,-4.870392588861295,-2.6046488059522033,8.683373780655712,4.03145347819418,2.593654728128114,7.3033637327776235,2.4228005818887732,-4.009894628375599,6.532759041881087,6.481750489924831,-1.0982230690218975,1.800457978644343,2.9700503668094846,-0.7960274439937853,6.2204018112593795,0.4277629810265582,2.6193025504166023,-3.1118866842535176,-8.154034444600612,2.038098326944504,9.30051886011185,6.272480647755274,3.4441542226052,0.8805812191517548,4.995398656811045,3.2150358615750774,-0.8243543787216145,-0.13319921734303852,Actual adjusted month-end return from Yahoo/yfinance daily history,Market Table annual returns from the same adjusted daily history,"Oct 02, 2026 05:05:21 AM EDT"
IVLU,IVLU,iShares Edge MSCI Intl Value Factor ETF,ETF,-7.350274963692016,-3.932425578068688,5.826593299843208,3.0346572598006105,-0.537619750077234,-4.646769136436168,4.884641766668452,2.5580683038354923,0.6107948687374964,1.1028614782627288,-0.4033575793327304,2.695536082742378,3.2549676995342836,0.4378376842421483,1.96164018597913,1.4536049175448706,1.9384866604853057,1.0110959820074372,3.705530238435051,-0.9392418303878602,2.0778783587271477,2.4901165217144916,1.73543441187054,1.9141914976754215,5.104028236374569,-4.856168047998899,-0.8702161896070981,2.576311221041361,-3.404638957275563,-2.4446246891513423,2.739463302000611,-3.5033254252305746,2.622029463421627,-6.760996906198602,-0.3372726042856433,-6.285723981686642,8.047542356119376,0.5924512420900419,-0.07570258961899778,1.7177458906034948,-7.367568801153512,5.262490706740164,-2.0824290580046867,-3.5445164996966594,4.685356488295711,3.905219907624091,1.317560808507423,3.1026658889296233,-4.55478381966441,-8.426502174897488,-17.37087308870531,5.170462621459615,4.484056922153767,2.0390222636385458,-2.3553305085134757,6.0828544593593215,-3.2624676060173163,-4.03681141388883,16.666677275665197,5.12712119176848,-0.0878348886779512,5.8901318920540735,4.981310238657355,0.7908171418884002,4.70775721090122,-2.169033716063884,-0.5422263168266106,1.012459570694424,-0.8866609291838912,1.2057596476680033,-5.611068326067659,5.756748547173873,2.987421256315903,-2.5954100831108606,-0.27429994313075134,-5.304520678551516,4.107900662363617,-9.664828435397688,2.209202725442183,-4.322903743563334,-8.944215847157356,6.278484366569392,12.339211562349162,-0.47125344486220744,8.459212540583394,-1.7509043094430687,0.4050300872583401,2.783386574400981,-4.160125391120317,6.8621635279819015,4.125739386083382,-3.0565993784459566,-1.2845446108467606,-4.179818620197951,6.995877797034811,4.352214856497794,-0.7167194525531162,2.393641489689746,4.749519545970937,-1.4523561603993262,4.852628882922372,-3.7521250708838605,4.0451930496713695,2.381786006191966,1.0263410000496798,-4.334571210289607,-0.8141690273667734,-1.2760202376644991,3.873108501721756,4.936072588341367,2.5719143090984664,2.936330793285369,5.4487167459730035,2.1826321673538374,0.1520176428612796,5.919856972457782,1.6910236073570228,1.2119600272612274,3.564459414080412,4.183660085251639,Actual adjusted month-end return from Yahoo/yfinance daily history,Market Table annual returns from the same adjusted daily history,"Oct 02, 2026 05:05:21 AM EDT"
IVV,IVV,iShares Core S&P 500 ETF,ETF,-5.003175179975661,-0.056519261469201165,6.2413414114744326,0.3919703338810532,1.6918683784836963,0.2535619675657408,3.7387605976909155,0.12818171087047858,0.0067011935322103255,-1.7788408522718346,3.6688741911496514,2.143394911815455,1.7511708182950336,3.975029674930042,0.11752984782993359,0.9651545194145683,1.394195098064288,0.6670764590417821,2.0747075422355543,0.27366776047157426,2.0413785817526398,2.3247623778401616,3.1220085711340273,1.2089279029430244,5.690950422579455,-3.804347725310986,-2.4776546527033094,0.3542301726572328,2.4107265840333403,0.5874160304205622,3.7465606103751936,3.233590099108441,0.5355708929835279,-6.821960617000878,1.921101067325659,-8.875362658116881,7.9249902054556065,3.229586474418489,1.9158805464861928,3.9991585905596816,-6.298585672907908,6.9457099445020765,1.5199528345509972,-1.6576173535467698,1.945900055486649,2.1606666510683548,3.6363933511655233,2.929494024573698,0.0,-8.45500396258123,-12.129011162838033,12.677987578653727,4.815197719863673,1.898636762809458,5.8542473578091725,7.000769709882015,-3.7583083339931544,-2.511462967597522,10.896782398160742,3.77663765048597,-1.0309291055671244,2.7589218163320828,4.5553822963096735,5.293850247435716,0.6612909325508953,2.2573303307766857,2.4376425980398464,3.0222422588377595,-4.683701501905424,7.002915362898632,-0.728861494458799,4.5618177271662175,-5.287340510903837,-2.8886078526060954,3.7556537172208193,-8.845242606033555,0.3167423339387909,-8.325083050583082,9.26546829837822,-4.127638946504963,-9.235127691367772,8.124932365557115,5.551960366973585,-5.728789388705158,6.272597346528519,-2.5323848864686638,3.7264287022556575,1.6006460370438846,0.4237989862129421,6.5976158974311305,3.246517472705013,-1.6276265347432428,-4.703985310036407,-2.209899088141587,9.163226457424,4.610966561463115,1.5849221081190246,5.2040352926967515,3.3212895537344522,-4.049593484490954,5.059087233309634,3.568664254281795,1.1128727127021065,2.427169867505441,2.1730842588941535,-0.9673791605593896,5.922203208771637,-2.3671189159249706,2.7145384515938176,-1.2602043961395193,-5.593162088355497,-0.7012083763271781,6.127689457969554,5.182590592237601,2.2547906557272457,2.1137120887425587,3.547084549692725,2.380113589808519,0.24079046542939686,0.07065113408646351,Actual adjusted month-end return from Yahoo/yfinance daily history,Market Table annual returns from the same adjusted daily history,"Oct 02, 2026 05:05:21 AM EDT"
IVW,IVW,iShares S&P 500 Growth ETF,ETF,-5.172703331989781,-0.7376535494805214,6.71855669998862,-1.1821483027906976,2.5497588341026667,-0.31066857459360886,4.614863889050391,-0.34438650615569166,0.43505857324175334,-2.0960110650038666,1.2089819254017975,1.4496414467504382,2.9230656094773932,4.0686273008289975,1.159334957243896,1.9692890118962358,2.8185748389295773,-0.40407979541295935,2.6086441370882563,1.4313858793508993,1.0768397676301111,3.2910202866538674,2.747399282689922,0.709892485253083,7.134911484877549,-2.0590191131846014,-2.980760403657534,0.24508691027813612,4.316449611154116,0.573762046239823,3.42536819412238,4.804384733765676,0.7848302605993451,-8.065729885328011,1.3875587059098304,-8.466792761555142,7.400290014371147,4.09711635553085,2.6720559955559553,3.9452593141988013,-5.263476047187843,6.051430337732477,1.188342826673594,-0.7663566442380532,0.37033249733593454,1.71635456564041,3.4185490743913416,2.892907178949522,2.26194414855474,-6.797282704970698,-10.285265247309782,14.250239085496052,5.960631347405632,4.086261342982311,7.12807382498184,9.438523886857396,-4.779018431406179,-2.769605923466134,9.506863717289482,3.9959693328897705,-0.4857510102661333,-0.09446478943957448,2.7727163380447895,6.834568930113005,-0.8912955008272716,5.625484268417624,3.7811315358417863,4.120279100606128,-5.817136688012292,9.10565335312028,1.3392973613602477,2.5001622298607584,-8.402060095494225,-4.4232690883733605,4.45001545692707,-12.568729985902172,-1.3177432901206099,-8.275460785982414,12.792046784811607,-5.406198750476843,-9.92640066746111,4.425240745464887,5.065393372835136,-7.625534747820939,5.606838325479102,-1.974749387943897,5.82153845915836,1.4869205051428969,2.529302492136609,6.2484618163995975,3.093119097118846,-0.6606428325730884,-4.903019612573423,-2.411557334979597,8.701486790187275,3.7651825360263125,2.8495228540252437,7.211294025273052,2.069334811986745,-3.789675849120988,6.59773953225038,6.947743092461112,-1.3507774614616719,2.1579543217667307,2.8260234770979054,-0.668397653653352,6.150771933733168,0.6915502727623757,2.619921057616925,-2.8985639789901207,-8.139258970290086,1.960576788871693,9.43475134099916,6.414125504195667,3.451397305360948,0.8779732965635834,5.186092197313252,3.3714293834405717,-0.9455860143532058,-0.17680789448674128,Actual adjusted month-end return from Yahoo/yfinance daily history,Market Table annual returns from the same adjusted daily history,"Oct 02, 2026 05:05:21 AM EDT"
IWB,IWB,iShares Russell 1000 ETF,ETF,-5.436419267302117,0.0,6.9893002840902385,0.5260119490719584,1.6656029473477219,0.26594442490974757,3.7982951430030942,0.1077261961145437,0.11075797507063001,-1.9840768717940271,4.0399493426757305,1.8656940332672622,1.9283537512492677,3.8152501073866585,0.08765764809637311,1.0362000957273132,1.2819333381446363,0.7147656949529901,1.907077364045362,0.3206897566766953,2.0611939021569325,2.3090803971264506,3.0186518816146313,1.2357259658811293,5.410130532767976,-3.7025308349167063,-2.238085824898417,0.25873488259933186,2.5740270247569086,0.6290120861833115,3.4488839665945292,3.392514659297996,0.38287389278577333,-7.092953734671359,1.9235818634034674,-8.918016351048252,8.212535554270906,3.40485638011756,1.7702988659022978,3.934928072518895,-6.3302689018228335,6.8755297415887595,1.6339938478497018,-1.8676201928353842,1.7848118045717065,2.0967902762035084,3.8097580527983066,2.799823205641916,0.12334393168493829,-8.066528520277572,-13.34324747636767,13.198594802370378,5.15572749036306,2.269004768926819,5.9354453026565945,7.3019414462223375,-3.7017602668413363,-2.297589248923515,11.692615926376892,4.123185446732092,-0.7883047280654143,2.8928756640432596,3.8441917378418733,5.338858821060555,0.4580620577110617,2.4384731249264213,2.09434381356437,2.8606128207727455,-4.602443221621188,6.896704817173105,-1.2694461002679902,3.966665168984962,-5.630980218912751,-2.7410395055706305,3.3588666816148915,-8.861525393521863,-0.22816723730305633,-8.38080332033736,9.27031870569004,-3.8366441904154835,-9.177994254590505,7.9004683679192,5.3494303521024245,-5.749679498438265,6.640702705626356,-2.3830878397941957,3.1682112365924775,1.2254089945616942,0.46932922308502434,6.695951319120175,3.4586095306738285,-1.7369441740316849,-4.796098301063212,-2.3839014153503757,9.332376438197976,4.996519081994166,1.3383585509210816,5.267710025064742,3.2648878896758493,-4.183588583466491,4.6669974435392,3.263206469015789,1.4653407920783845,2.371638344361937,2.0716139903590225,-0.6838698833637413,6.498202366709216,-2.8235798757356156,3.1040339395692396,-1.7371241410280458,-5.769527625374138,-0.6748094242844949,6.3707973329398815,5.048219416147637,2.2940849462983026,2.1159604317356306,3.309896227845921,2.251835456791307,0.19533925340935454,0.027852379098525226,Actual adjusted month-end return from Yahoo/yfinance daily history,Market Table annual returns from the same adjusted daily history,"Oct 02, 2026 05:05:21 AM EDT"
IWL,IWL,iShares Russell Top 200 ETF,ETF,-5.447985384313448,-0.0900206213532706,5.519264021704862,0.27753296239991787,1.7883844676396476,-0.14639881782954056,3.894934252559823,0.14208002200273295,0.38664953257043777,-1.6413471112394662,3.4816647921467325,1.9272979594148643,1.6882401437706474,4.227824291021309,0.3146313682035329,1.15008951417237,1.2836990766655232,0.8328607036927949,1.9610822573133069,0.6017937378683058,1.886535349520635,2.6881774994788277,2.6853644005295108,1.5339215540468354,6.133067570910522,-3.2035527752781956,-3.425389584820382,0.4280448957380223,2.7213134694481056,0.606469996649972,3.7198279259932354,3.364570051120719,0.858861599866434,-6.584794823018125,1.7424309320950293,-8.625125094372354,7.518414739866963,2.978663193324649,1.9275956804720495,4.251751106361534,-6.534138988771499,7.024879235826109,1.69043035766534,-1.54667477301762,1.6799027289475355,2.364712599508567,4.024945875129471,3.0145796285462545,0.4791773192570181,-7.842094045012482,-11.127098776382704,12.93261241614907,4.689928259948828,2.119106417356642,5.767899109006813,8.671799608125896,-4.216647242767513,-3.2265722828060728,11.02058627025222,3.8919371381954004,-0.9746318758792283,1.9237093301936126,4.2943702043217735,5.352063678956309,0.3607053557853179,2.9086452176580346,2.499775974581686,3.0460816291161708,-4.777788384910431,7.239903404051784,-0.4886759782274708,3.9508111437529747,-5.080727148484998,-3.494499052806166,3.8341669649905707,-9.446687929198172,-0.16348650157059774,-7.826596630391059,9.119267438913624,-4.142872632348227,-9.183935694663104,7.644314357579884,5.066196850149418,-5.924136438428085,6.179836873632327,-2.4809135991932907,4.858389788227013,1.8703208388496373,1.5938703394408504,6.1975158698523325,3.2820675439987346,-1.180326198927395,-4.648960688902259,-1.6252368003706774,9.066771793503769,4.149399351455685,2.198274014930912,5.32221542172584,2.886568052206173,-3.9490195784101623,5.4135983170472635,4.323822284515821,0.530044226264037,2.502616318411288,2.072608909690743,-0.7974828199159067,5.864189950719911,-1.6185358402130423,2.895421985317692,-1.4976372750833078,-6.07669116763706,-0.6840857289263536,6.734098308876724,5.379064416509971,2.4425384966621166,1.9954121263989322,4.0661524656201875,2.95602846819909,-0.11108809156007426,0.14691509400033276,Actual adjusted month-end return from Yahoo/yfinance daily history,Market Table annual returns from the same adjusted daily history,"Oct 02, 2026 05:05:21 AM EDT"
IWX,IWX,iShares Russell Top 200 Value ETF,ETF,-5.512938130058565,0.1268175223117396,6.16079000906069,1.8006989530189088,1.674523417468654,0.579901429862284,2.3698349785858497,0.9976836885464024,-0.23100911252450507,-1.0862550107652469,5.513647324186821,2.4844319781062607,0.36172458850487477,4.049142805060102,-1.3061566619356757,-0.3113686255324266,-0.02083638151053613,1.812119947866031,1.3333018168155908,-0.9545021371966889,2.98105417723451,0.8406874271037035,2.8384174628336867,1.7386993160234399,4.40670900933513,-4.220714407290749,-3.235778457893179,0.49561942406608495,0.27621923656533376,0.11802015918231934,4.209559294457632,1.498756283813818,0.45902758355245155,-4.002996740334275,3.39049756178722,-9.213956089795117,6.610880468070812,3.1004629462473288,0.5638643056256498,3.8622618924563534,-6.594611683819574,6.666129688183298,1.535892960680063,-2.7519350737106874,3.3457516987486002,1.7889926963359892,3.407450874535667,2.407697295347644,-2.1705544938785515,-9.39904040693349,-14.320520231262535,10.133784726016138,2.9229986989246726,-1.7292584641024678,3.645304944932559,4.169115288446856,-2.559685024187741,-2.349733653307673,13.053935919513204,3.2660221682228707,-1.226292309629462,5.000886095743007,6.551117542037255,3.3914256926261377,2.460130770788571,-1.1199211401010323,0.8729949508148094,1.8949575131632868,-3.383366037538038,4.920042857422557,-3.832770801384222,6.329737044355221,-1.3557780977360823,-1.490168140414816,2.7547309088829186,-5.5850743439260775,1.9768944698333568,-7.532424689772443,5.535774602911592,-2.8987709051174093,-8.21839582729833,10.587424775728739,6.110945889632524,-3.508127840969699,3.7555603220333245,-3.8273101700746825,0.9157575177170418,2.3194988892508706,-3.558027521225038,5.4639885855773285,3.0990466534049466,-2.214872862555828,-3.226201118207783,-2.707671864277794,6.462274050026351,4.297307078000112,1.1258450824391586,2.9594185450158017,4.945106830687407,-3.6687554979660586,2.883566762141876,-0.6230879369425457,4.704622111657164,2.999749874912161,1.1454385496634911,-1.070505832855695,5.932832379718245,-6.61603921953664,5.175237357520701,1.6482157576389156,-2.3917638362128235,-3.3219790511876957,3.0333576639390625,3.332777758940253,-0.0475201216426413,3.327388875726256,1.5226471034943456,1.1492971047047051,2.7224608686777563,1.0380698288365853,Actual adjusted month-end return from Yahoo/yfinance daily history,Market Table annual returns from the same adjusted daily history,"Oct 02, 2026 05:05:21 AM EDT"
IXC,IXC,iShares Global Energy ETF,ETF,-2.74704845099627,-0.7336895675825406,9.053964647510204,9.149445930054245,-2.763118478670168,4.83307239687234,-2.042713833983101,0.8214838599354346,3.0084308838481455,-1.5515379026356357,5.624237509349528,3.216367367109485,-2.614944890745896,-2.301526620910188,0.27180584084884885,-2.1385673365536984,-1.5081616359308159,-1.3861334262284197,3.543812721276818,-2.9247008475073555,8.942312689058319,0.29417048709099447,1.3493607082793346,4.560227335674827,3.4880296491311302,-9.18727828303184,1.7060732498840991,9.005273913531052,1.1879281225883442,1.0660289295955971,1.417862584746299,-3.481934700745648,3.0882942790210643,-9.384958107232833,-2.8379098732878805,-10.057267895667543,10.59623185877754,2.741839605146934,1.0494859694717418,0.11868767260470037,-8.091281877471424,6.9909472473659084,-3.1721689487162363,-7.188287154173456,4.729240113516164,-1.0471096331600593,1.4550263639920402,5.491760040829874,-9.438835384725197,-13.144718506749975,-30.350508557159383,16.281810529707343,2.2912581056353076,-0.8679021926615516,-3.684752811134129,1.0095436002262037,-13.729595878276768,-5.121953768750654,28.92030244791426,4.0510730825777275,2.855745032042223,15.366202472410851,2.2821610979284035,0.28398462611329833,5.784770808938622,3.278111289389418,-6.6190166380318605,-0.8054883338103558,9.013386257476741,8.19367037051013,-6.368321218321427,3.5663008742127467,16.4667454720268,4.868903700275928,7.5893085023343465,-1.8533942997488007,13.951524009852466,-14.676638412748455,6.995256712085718,1.7931272924150088,-9.674802698961592,20.192023207943134,3.319992924177395,-3.057267069427183,3.154652397937374,-4.947799916899576,-1.229405239114556,4.131368173559746,-9.715154321866937,6.900060148882559,6.233209729407285,1.7450677786668756,2.5602583396966416,-4.168667158481476,0.5311043070981514,-0.022400327381155716,-0.843773981810414,1.7277028972163766,8.871990870353464,0.41907863000483214,0.857871893553197,-2.4928917239570803,1.5176969799003848,-0.4508710462287069,-3.504159337188706,-0.07411164303536832,4.400477789103019,-7.596952299929738,2.383440513202162,2.6861146595153818,4.808172637878028,-11.789868909147494,2.209635532541432,5.371202983711321,2.367015338004763,4.351072931318245,-0.5241890535648275,-0.09581705320562683,2.9249629027849666,-0.34990856709041784,Actual adjusted month-end return from Yahoo/yfinance daily history,Market Table annual returns from the same adjusted daily history,"Oct 02, 2026 05:05:21 AM EDT"
IXG,IXG,iShares Global Financials ETF,ETF,-10.09626670925179,-4.1981354645041264,7.822069755353178,3.3529936922476633,0.9634268289226977,-5.267731887862281,4.246891311157119,3.9133053570540755,-1.3518855682474906,2.447139389398134,7.471829801824814,3.4567185400539824,2.3191343318849533,2.6556306684546893,0.3460191127676593,0.443336153236884,0.016375275161095715,4.60200458544775,3.5465498984439847,-1.406728516268485,3.4739393044740607,1.5137812199616407,1.9784436723936372,2.1970361617840606,7.092812822810135,-4.326366319608399,-3.4333534669176102,0.15896758259372756,-3.6363533279319626,-2.3229973566916473,4.632675257369212,-1.2671455729763248,-0.5737693436146163,-5.755492873780133,1.8369299788587368,-9.00921610740195,8.510671403579995,2.511734084572348,-2.78217049127224,7.382124989445438,-6.920047145211861,6.191765814275674,-0.39006160891512653,-4.918546383866285,5.518942680569672,2.6853960218444106,2.2958696469088213,3.41183226234143,-3.6072791761467826,-9.114219077664975,-21.63374729454096,6.038148167719304,2.59739708696618,3.1425150556280146,2.22265749767272,4.854728116998652,-5.273505697317371,-0.9813129500271578,18.8488510496607,5.392704667343895,-1.9662092046376922,9.934185885484537,4.603793334465633,4.755381017884508,5.502103326291263,-3.980591941858469,-0.9921716674658576,3.709010495857057,-1.5560375815569683,5.940100967072648,-6.569603140281854,4.494168222822226,1.573809013640326,-3.0988587417951186,0.8248721606636256,-8.99936054750582,3.2365009247248278,-10.025352222650586,4.50261085723247,-2.8675301205526527,-8.122293426030524,9.231768246915673,9.855150839592186,-3.025850501533145,8.594220128889795,-2.3323008802040968,-7.418824152955972,3.6806163633160915,-4.290692553257147,6.159091483629919,4.836453245379202,-3.853329459070709,-2.315893920239198,-2.8534984294411037,9.922550962452892,5.710226573368415,1.2471314785734933,3.758188158225484,4.954559664264768,-3.5087722592005544,5.047843156788345,-1.4749480267963855,5.9245339310806555,3.861930763942567,1.0578178883388967,0.3277673420019944,7.197798539944222,-4.532887806113594,6.30856453238664,2.5460188300624464,-1.6233764271835427,0.04853313009973714,5.636942924453514,3.1209673335812482,0.22559394358250273,3.979467407141235,1.0217341764613197,-2.014228609992008,2.2655726706418466,4.240100020194237,Actual adjusted month-end return from Yahoo/yfinance daily history,Market Table annual returns from the same adjusted daily history,"Oct 02, 2026 05:05:21 AM EDT"
IXN,IXN,iShares Global Tech ETF,ETF,-5.168154380701906,-1.1786381981681249,9.257042686287399,-4.817235472755998,4.797981552583086,-1.6252231175173937,8.28112434682604,2.1254055135753624,2.8616821615276455,-0.7768058093917452,-0.5097753033948882,0.9766332353140283,4.941752192823334,4.214744670439141,3.395135569663732,2.7927935344179033,4.721268774588383,-1.6569000432212322,4.521498309384908,2.732919466221495,1.2661056340959043,7.459419024543612,0.7647612487398758,0.19991441333266913,7.113097937169277,-0.814147516436381,-3.013797235171156,-0.5178722774904498,5.974219732674557,-1.13403120731419,1.623109782513943,5.533272373824261,-0.7368924071172844,-8.41706872574257,-2.0139744796505155,-7.834573241694976,7.706715471503278,5.627541618113341,4.400121030566861,5.892318325399537,-8.650285815778524,9.169890985449381,2.2113425157805677,-1.5749332851906273,2.4140481445263484,3.8762884293293443,5.058793507686787,4.859131051598142,2.318422845063406,-6.667595399553095,-9.278163592957068,12.83726034494479,7.26054857762144,7.176623801174542,6.359848349712127,9.763719476706756,-4.1130556160580145,-4.975905302639072,12.656152168852696,6.646966167221691,-0.2033075333867096,1.546221587797958,1.2003860538062572,4.777076915116885,-0.7102589890508937,5.834320550272976,3.371654545179492,3.4049793475118717,-5.77082602661938,6.706654151022118,3.32453200722429,3.3405012577607307,-7.532236854029428,-5.105812819949818,2.672573340031281,-11.58421943347394,-0.44840671927459663,-10.187523135446542,12.66958574507191,-6.292494411144323,-12.580295367323835,7.681359237235674,8.10215015337301,-8.341144543774137,10.595575989711769,-0.74627499771448,10.465362467299432,-0.4782978838215879,9.168207789031557,5.59267091919966,1.8170071544402644,-2.242572190315928,-6.558963544402241,-0.06916275804723648,13.40832721470302,4.336808508668621,2.5080561856456463,5.065107513064326,1.8793407394021244,-5.78799135843413,8.286031860228471,8.735848855282203,-2.5476860550986524,0.7929562142634072,1.450519129907346,-2.2537168837916344,3.8800117438009263,1.3655875196212364,-1.3097317974706701,-1.4825372960973415,-8.082534835450272,1.5051576726734295,9.326225800765098,10.071379220368758,3.8228338336407486,-0.4276713965780554,8.118582557272692,7.111727066184637,-5.472642227099433,1.3878052691431275,Actual adjusted month-end return from Yahoo/yfinance daily history,Market Table annual returns from the same adjusted daily history,"Oct 02, 2026 05:05:21 AM EDT"
IYF,IYF,iShares U.S. Financials ETF,ETF,-8.169219969980757,-2.550535882342153,7.474028419158318,2.7068096481667636,2.2672504948220817,-2.887589589992323,3.83985714354953,3.2272780589331918,-1.9131120456593598,0.3110996868860516,8.817004948830842,3.865463345245912,0.473091804276482,4.787106012049658,-2.241930041681217,-0.2690808944835643,-0.7516738068071738,4.804398262628995,1.832192542065525,-0.958952654212597,3.774604768608736,2.2832628957024648,3.174027103292243,1.406132930939319,4.437758272308634,-3.1668418442558854,-2.126097965262863,-0.11035671400151381,0.5948412503208989,-0.5535857478238149,3.9167218426743977,2.1103613935546273,-1.9087906956762435,-5.087665021462939,3.165918937182477,-10.11255645769239,9.260135430016003,2.7878128148586923,-0.6411277968624507,6.543619009409718,-4.965843610669307,5.469195101863766,2.332796660879155,-2.326270730077351,3.0252840518588453,1.794436264376853,3.5332681059786486,1.955735182146623,-0.6604434979055496,-9.78302704402061,-20.616767354145125,9.765601459609119,3.36204816251342,0.2140893511089148,3.268541879081943,4.211372729005114,-3.7455571124436093,-2.1237433524806337,14.639443657010531,5.2993782097293884,-2.351354178683318,9.447855320599885,5.292215511300391,7.14572266013298,2.7549027504246704,-1.426859635693356,1.4312312569853658,3.065303072083303,-2.16056561726502,8.079965476193696,-5.312718366464242,2.9466968233152313,-0.38066111245814716,-1.7716454360052314,0.05697148514083317,-10.363187694182031,3.5106100584780586,-10.44246016831859,7.244930489949231,-1.8121183708491917,-7.856318396135431,11.73947211259392,6.491779450240642,-5.6095072541839315,7.300900477847638,-2.309197378167238,-9.633941944991765,2.8534900559304077,-4.059026431744217,6.6987079180684805,6.433463405025819,-3.211187845861374,-2.227358548595104,-2.929368066208249,11.175417657820752,6.372237827608962,1.9201513248447766,4.5376084353951684,5.455088516290485,-4.704657741537432,4.498090866479343,-0.3966892062978178,7.1058648318877315,3.71211198576209,-0.7455643971934434,2.733390808003966,11.532702818551922,-6.741521363588654,6.809538457533093,0.24553924345696032,-4.370868243470705,-2.0469778578597664,4.984626874767928,4.597004853009157,0.9587583284722534,2.930828224040205,1.0349179331337055,-3.190150335509534,2.7487806678406335,2.8032458610388167,Actual adjusted month-end return from Yahoo/yfinance daily history,Market Table annual returns from the same adjusted daily history,"Oct 02, 2026 05:05:21 AM EDT"
IYG,IYG,iShares U.S. Financial Services ETF,ETF,-11.224696941039037,-4.2063430513854305,6.492027284410362,5.176209612522253,2.449008222804161,-7.453632669451071,5.532757640925046,6.030339645451543,-2.39531567869824,2.700560625128823,13.73571247765797,4.063977699221422,0.7058284834837503,5.307878011700917,-2.898971694007546,-0.6874260956392986,-1.7074753034845402,6.828405896523826,1.5700273797628839,-1.5110361211156054,6.049169813876465,3.112000906217416,3.7138658715786477,2.1641291201996538,7.083199273609142,-1.8469730125234896,-4.209498265412703,0.06109577728208304,0.6104845204795373,-1.30973690021563,4.173728447921321,2.1254548082665137,-2.986865022596785,-5.686872247643738,2.259194212401816,-12.18478005628424,10.171900913470399,3.896813130290533,-2.455490861634868,8.94961330050612,-7.2657899495012,6.643611266256921,3.7045688918406317,-4.414833137475959,3.251178929476084,3.3716720769630504,5.318022456327887,2.662918188516916,-1.6730553725410213,-11.300887831153371,-21.866208513321574,12.340505165726157,4.239630467736943,-0.391306660823898,1.591282135667349,5.9274334185038136,-4.547652033612781,-2.0734354391161114,17.783904108295378,7.232426465970088,-3.125614265260235,12.692611544806432,4.894197650933685,6.685363195156246,3.075724752794118,-1.4491099487631276,0.5830512858859827,2.7642200884146373,-1.3347940215839071,6.148391291519073,-5.8723432306987515,3.0907686763792297,-0.08805976388920334,-3.0791569071115688,-3.1679913740352617,-9.637904219176773,3.534834794043684,-11.737296905328176,9.081077326171227,-2.8389303229198415,-9.548055140709987,12.52475112790792,6.4556845837749455,-6.381471466981726,9.820979886994309,-2.5030373350309554,-9.972310399237628,2.0734087927356093,-3.517420515234959,6.711664320171518,6.582700941574493,-4.115441533133946,-3.688016770327618,-3.640706180585007,12.2206710087011,7.650651329630098,1.8414144080432626,4.657267130328879,4.449083474571136,-4.238325562678769,3.543863569685368,-0.48596752416901756,6.51737983366838,3.311273583847396,-0.6941183544526885,3.9284825755837582,11.556684571138565,-5.199304114416403,7.569704863853621,-0.16726225263850036,-5.736458906285325,-1.0821142214997859,5.456909987888681,4.749249737004391,1.6822497823262728,3.0445805903698275,0.20150618519350072,-1.6845250409386225,1.543201984747311,3.377042190994173,Actual adjusted month-end return from Yahoo/yfinance daily history,Market Table annual returns from the same adjusted daily history,"Oct 02, 2026 05:05:21 AM EDT"
IYW,IYW,iShares U.S. Technology ETF,ETF,-5.624596088180056,-1.2572889203256277,9.187457074666018,-5.732693630686548,5.680465204152085,-2.3119616174327784,8.406156418775335,2.137946080493558,2.367117753563397,-0.34453146375755805,0.295113290883231,1.371015386587704,4.715192705780424,4.947560182289346,2.5551518006177387,2.2490082457586213,4.333954090424963,-2.884304376691671,3.6430145272005054,3.438995892514529,0.32038234001281474,7.784177498974865,0.8725790102817266,0.04675234241473536,7.194176802943231,0.40694659499254104,-3.7827834412058947,-0.11893974094648874,7.499600491728686,-1.0844142710713545,2.367172170691867,7.315473827574981,-0.7376432285887247,-8.478527941761572,-2.016091176617696,-7.89202626368507,8.853857749976779,5.4224737233248055,4.073405962814092,6.663128112054562,-9.567140043146171,7.892267634224259,4.573248829845644,-2.9138755646300307,1.8604966485962215,3.8195884136558833,5.504448405887019,4.1560349135475905,4.131566826935407,-6.597584163127501,-9.322020339369042,14.62398504858613,7.533709048544646,7.279218344326499,5.989583513846175,11.617067854209996,-5.539945953842795,-2.766788816270882,11.071234871817337,4.765076938805435,0.8227595324565851,1.3289636907131142,1.00844704306986,6.111739386213988,-0.6447623696694382,7.594323926682511,3.8128817350580935,4.874490756297711,-6.367220413236463,8.996630672139627,2.681885559731634,1.4152601217288785,-8.326072711726972,-4.86417324457088,2.935920412372006,-13.053202432644529,-1.4287271208983543,-9.389038913983349,11.49469576885589,-6.024243822334863,-12.28373334929186,4.116118621891807,6.584628763996081,-8.342133081798098,11.008210804749542,0.7376899298405792,11.54371664996976,0.2478317316728873,10.801812525764909,5.675331408831186,4.408933824316952,-1.9354196544285274,-5.796407670202875,-1.1437289910107284,13.064006865756305,5.009135890893135,2.9327954387202926,5.492674734933889,1.386885913404745,-5.101442087013497,8.16105124798041,8.622725634921169,-2.7707624793848584,0.9772354447866061,2.685441636082575,-0.6133680772658856,5.733621267890343,0.15902236541951442,0.09402299511904744,-3.1377247115257023,-9.147936628005537,1.701790918817525,10.79606426762929,9.549005295846168,4.640159958500534,0.2647347014594015,7.773616048488896,6.157463935947138,-4.444023698618837,0.5314439938963078,Actual adjusted month-end return from Yahoo/yfinance daily history,Market Table annual returns from the same adjusted daily history,"Oct 02, 2026 05:05:21 AM EDT"
JPEF,JPEF,Jpmorgan Equity Focus ETF,ETF,,,,,,,,,,,,,,,,,,,,,,,,,,,,,,,,,,,,,,,,,,,,,,,,,,,,,,,,,,,,,,,,,,,,,,,,,,,,,,,,,,,,,,,,,,,,-1.428295360402343,-3.8200370358098645,-2.2755972160032667,9.273391662291575,4.4266727560220875,2.8262416916034816,6.5670615447129155,3.461997223362867,-4.483850585864557,4.83446402061718,4.193826100035825,0.7055795293907208,2.8184802266242093,1.4867536732077635,-0.6409320174493471,6.496688098771086,-2.5343534959389458,2.399047401200849,-2.0372646780469794,-5.436715819612803,-0.91108890578393,6.2777482721873445,4.624093958431685,1.3259297045956853,2.110588411314529,2.094521422319784,1.930089138230895,0.4502179264745054,-0.8542072711023918,Actual adjusted month-end return from Yahoo/yfinance daily history,Market Table annual returns from the same adjusted daily history,"Oct 02, 2026 05:05:21 AM EDT"
JPUS,JPUS,JPMorgan Diversified Return U.S. Equity ETF,ETF,-6.33145961251037,3.161059525558474,7.2075313833339205,-0.17976026042647586,1.6207473425831065,1.6303304300710586,3.2606910597830607,-1.1145064912005398,-0.06657516165354815,-2.4777504658057614,3.0295512793656387,1.4731558795597621,2.2124539200288895,3.9491344761897196,0.40374915016299084,1.0623347138560169,1.762314514004748,0.5434418405062091,0.8175863777415637,0.27033761948966895,1.915926435170956,1.8234620116187816,3.6530977775602436,0.5320723858364573,4.08394596458872,-4.114398726807956,-0.6757240406103038,0.1578282203325454,1.2177671150692904,1.056604726728816,3.1949316868582045,2.12769330983289,0.10636046718166536,-6.25166879831196,2.1178895261710684,-8.494290742272382,8.524751890046245,3.3948911959965855,0.8655977386824443,2.6930676484616445,-6.003678549842273,6.632541479621223,1.2424511151032158,-1.9133986481990384,2.6089138038920767,0.7244685093648284,2.268893631190494,2.63433329347067,-1.4311117321482603,-9.284242090957651,-17.140999321191465,12.772851017373977,5.489206777206834,0.10180645494637375,5.519534330697939,3.496322865760648,-1.91243214617014,-0.6085453732393997,11.034044437559976,3.1019293756418875,-0.3705844105205136,3.396931674557502,6.307728851634087,4.052148556835555,2.2755455337534203,-0.057272078266523696,1.6900156191762328,2.3907879744291094,-4.139532990178562,5.5225846782723576,-1.5276760621844354,6.861892824324589,-4.281397439982227,-0.9162655759965221,4.23486105466826,-5.0732354346401,1.9814471723935245,-8.99046530406401,6.9281530180024475,-2.5446730420453645,-9.830605178473684,10.00002150903898,5.905341048855206,-3.9985813437471096,5.064362862300631,-3.3641431259576526,-0.25822172282709,0.4967688357967681,-4.264832532556073,6.934161535044381,3.0560841474917,-2.156617003549788,-4.161193295584342,-2.7532010351116187,7.436982818041238,5.499801339159394,0.15187241834613285,4.063033411760419,4.983921517231926,-4.519480912172558,3.0652206810953153,-0.36858870951812506,5.056550965333062,2.844670761918233,1.9461565175786788,-1.887611671352074,5.4140561687136435,-7.145647223591578,3.089127127182434,0.09606369158774442,-1.7092963727133093,-1.9965304988533772,2.5748447626160464,2.6673827291635366,0.15567482999612192,3.5631634119456024,1.6296842529515798,-1.8521543965477116,3.572753068433321,-0.8869289511855838,Actual adjusted month-end return from Yahoo/yfinance daily history,Market Table annual returns from the same adjusted daily history,"Oct 02, 2026 05:05:21 AM EDT"
KBWP,KBWP,Invesco KBW Property & Casualty Insurance ETF,ETF,-4.182226655838173,0.3691313002786245,6.559715934486099,-3.1142136547426036,4.054612684247982,1.4356226291847518,-0.12003113120584441,2.3632875573957435,-0.8734642491404987,-0.03969387201733232,5.734134909500366,5.487003483644348,-0.34157662056726323,4.1673982853359215,-1.1760053254170733,0.19298201222910372,0.3151708467416192,1.8643980939126559,3.045424021841825,-3.923855440614099,1.1539788000161977,3.0000257965400623,1.2052158483406572,-0.7111407972049344,2.6262359070407193,-2.9527318388077872,5.160298558597942,-0.6933258007229659,-0.9579728403229959,-2.008636113546658,5.6638683611272,1.4315394603535703,0.44779727150574544,-4.5796797458530385,0.37802611580026735,-6.57699870820908,5.740013451991022,5.845968540809898,-1.7582013057541035,6.658034193628892,2.5151504612227926,3.8198693030300213,3.07933133763878,-1.8479730654881954,4.978004799067182,-5.977790656622761,2.330235973786987,0.8806614818963387,0.8266708455033633,-11.033920921808216,-16.265324105874825,-0.658903510662534,3.0888724964511782,3.6320874222307786,4.333874910711688,2.7179495317073643,-5.8502492861425175,2.0571307820047346,12.284973299154656,6.274371682306468,-4.422978803991695,8.07538444816991,7.187073232366026,4.742303050484464,0.7248788348865665,-3.1956466481558032,0.8263566445659842,4.891361970085062,-5.021648649903621,4.365565518736081,-5.568868737829591,7.743362682540145,0.8270740745999428,1.30500817804573,7.390176372777457,-5.924892503498514,3.8691577344051487,-4.0445244150735356,-6.0281197005800475,0.36732518027342564,-3.4924506025418967,14.910978847927447,5.157320439482294,-2.6236578193142956,3.950295512531321,1.2294718015981365,-7.590636964876463,1.2734068379487207,-6.4768473463932335,4.245120166821392,2.870705661383499,-1.6743440863269288,1.9692770797435033,4.232549970880517,4.516946134847344,-0.7364471402427242,8.573635406885828,3.9075948408489047,6.006883649966266,-4.761017041597404,3.966072474961102,-3.6991882193293635,6.267066960227696,6.16387916851171,0.2796507729402986,-1.3673730092887637,10.888844374334017,-7.5473924225815665,-1.8783377404029578,5.347736898104061,4.4133213758021705,-3.8285542302875397,4.715403696958376,-1.7997957546656673,-4.44516269894617,3.493224284362806,2.135728559592054,-5.902335432425909,7.08026714809411,2.6372127446296245,Actual adjusted month-end return from Yahoo/yfinance daily history,Market Table annual returns from the same adjusted daily history,"Oct 02, 2026 05:05:21 AM EDT"
KIE,KIE,State Street® SPDR® S&P® Insurance ETF,ETF,-5.582763794430912,-0.8533656587018768,6.8323694337875995,0.837639693829284,4.640514910091298,-2.2792279263821658,1.0969195831711298,4.159137730340512,-0.6595203406648098,0.269921171189913,8.627155676106879,3.3395743840402003,0.47018027860097344,4.799574568157761,-1.2850941491675094,0.5585417096317657,0.08099011694358005,2.200934992395709,3.838287823168396,-3.335531027984928,2.150630841155454,2.3336208845142314,1.5419872949697044,-0.9409983137638855,2.7035756435387137,-3.5521657752930924,2.4578963199978876,-0.41908971728936706,-1.586278345297687,-1.5908803940557492,6.409384368445248,1.0406889853319168,0.42424121742066223,-6.300658476282262,3.095856643120287,-7.917430374668488,7.366937824596165,4.005255015228482,-1.9791578436932578,7.605185465259301,-2.375939278448569,5.156676088182377,1.88291035320316,-2.7721680898330825,5.080821588680684,-2.355914884154331,3.1976558539096978,0.28596504643811915,0.05647979184570939,-10.437255693706259,-20.89558188422863,4.6129009965545364,3.7576722420651576,1.556167392867569,4.168178792278643,3.2994202617924184,-4.30856025656734,1.3913917918866092,14.320888729290093,3.9635064615763715,-4.109594199649457,8.664611030532154,5.237467464259238,7.121419157815478,1.3499439620497933,-2.5955394990294978,-1.1676206684424262,4.0430385322965945,-4.191180557543994,6.749651695812875,-5.281434633291693,6.2656005125607095,-0.9413019253791455,-0.10000042324944669,5.596721886085243,-7.328061915187978,2.875448414346038,-5.073277041598412,0.6076608716657717,0.026245977255845432,-4.604917411871523,14.376563246565333,3.045684429375961,-3.287694430908372,6.104988947892087,-0.3452074630078017,-8.782580383371519,2.743897472643253,-5.68742760687061,7.5865005294871946,3.9138619198280544,0.14126131783371854,0.3634918906555207,0.399597382137018,6.017339971062552,0.35797513056756713,5.04202043382167,4.694718908738937,5.10695344792067,-6.702498370899368,5.310816171953503,-2.2548074950470953,8.85009240428083,4.129778672398898,0.7779240093298556,-1.2687179206458343,10.601470758755926,-8.31525519800067,2.3000703294604907,3.891374854191554,1.2710129644158075,-5.501398104379973,3.3916050092866357,1.2966470590680457,-5.256117668293325,3.9929426669722767,1.072831834028154,-4.939317819632894,6.419582257647227,0.7557637582153331,Actual adjusted month-end return from Yahoo/yfinance daily history,Market Table annual returns from the same adjusted daily history,"Oct 02, 2026 05:05:21 AM EDT"
KNCT,KNCT,Invesco Next Gen Connectivity ETF,ETF,-12.218342073999066,5.034547723978688,6.20299383215317,-0.7374170483800069,0.891506698714073,-3.2334563316502862,12.545876233104526,3.208302006978303,5.821852038736841,-4.03281555504349,5.36963148964873,-0.6154718973402584,1.758726092723495,3.748780334953339,3.0736899145566765,-0.295909273581374,1.6894869509086474,-1.4823379281537985,1.2831939228762135,0.8371320312154262,1.8746169086505615,1.4115273195142164,2.414127312662928,-1.7413663504049492,4.8411154020298275,2.762363750129948,-0.6419412931442325,1.271947658053385,4.505622027228862,0.485458040931519,0.3044273081529214,11.058418739737164,-0.7160158451889664,-9.584539163633055,-0.9914044196932759,-6.147003021494579,10.29564316010292,9.203384020689075,1.414045296269939,7.072573687606232,-12.719773242366605,6.542276406330161,0.8363188045420467,-6.093413894057731,1.575049795062089,2.520875612800122,3.5844012911272927,1.71183035723399,1.9230824546972114,-10.611181581495444,-8.09596078630046,12.784728900873233,11.910154287378294,2.266229062592018,10.502282878927938,-1.060591395898114,-4.599918366284028,-2.791565351636338,12.719862726409836,12.650465908980134,1.918293288083972,-1.7311490219674486,-2.494668770645825,3.5770445553761743,1.6038265752070124,4.608834588998545,2.863741917827567,4.261698549756399,-6.1723519222282475,6.567434923885296,2.906765770633779,2.4157982277678958,-11.93665166678194,-0.49955281697450227,2.8895345056787036,-12.395069673552438,-4.629187946365187,-6.160580892680101,8.502595070485608,-0.6584020159724702,-8.636601956712031,11.180819732308134,-1.6546875947408002,-7.421119145115817,1.8274508103941267,1.9198874523634668,5.009537751272242,-6.044468571673534,5.118984814999639,4.711780002996568,1.621444527059257,-0.32161302266038305,-5.038112131351891,-0.47114929226608204,8.349769908759708,8.9687786342181,0.9734849576726656,2.371430252611151,2.2219724482648084,-5.567357515114657,4.680464905855608,6.952404920312527,-0.635865252717438,1.7572366156212604,2.1725559662369776,-0.40189284380051093,3.3855081559923894,0.4820901184358739,2.2820162481972384,-1.1620289035193188,-5.281856452084977,2.189265879738911,5.72597195642468,8.498834276606404,-1.0220650184384894,2.245931995495587,7.109849196774154,7.982028747766168,-2.254805457132447,0.177896950607348,Actual adjusted month-end return from Yahoo/yfinance daily history,Market Table annual returns from the same adjusted daily history,"Oct 02, 2026 05:05:21 AM EDT"
LCLG,LCLG,Logan Capital Broad Innovative Growth ETF,ETF,,,,,,,,,,,,,,,,,,,,,,,,,,,,,,,,,,,,,,,,,,,,,,,,,,,,,,,,,,,,,,,,,,,,,,,,,,,,,,,,,-10.126789487502696,6.4083958137199915,7.394832660430661,-4.880229191685503,9.498447887654882,-2.917845406285824,3.6129186297788385,-0.2538173912071451,1.3965011126201299,8.971672921635921,3.5147410018463443,-2.2803801654242117,-6.282516357140267,-2.3136114998744017,11.386113424526268,8.17193770115454,0.6375613331086161,9.024572955353882,4.2122624591678814,-6.6455494942114,4.606302701437803,2.734949745920634,1.7927798508571513,1.4658993262647968,2.474875873806215,-0.35143773705417214,11.191309916635173,-1.8450933797645508,5.45885038345959,-6.753772386833489,-8.82763377126794,1.2768658424670454,10.460826225000798,4.934691440048433,3.1380602193447515,2.9594603789264484,5.541910148534268,1.9489722609359772,-1.0207269951819864,-0.7422457199796173,Actual adjusted month-end return from Yahoo/yfinance daily history,Market Table annual returns from the same adjusted daily history,"Oct 02, 2026 05:05:21 AM EDT"
LGDS,LGDS,JPMorgan Fundamental Data Science Large Growth ETF,ETF,,,,,,,,,,,,,,,,,,,,,,,,,,,,,,,,,,,,,,,,,,,,,,,,,,,,,,,,,,,,,,,,,,,,,,,,,,,,,,,,,,,,,,,,,,,,,,,,,,,,,,,,,,,,,,,,,,,,,,,,,Actual adjusted month-end return from Yahoo/yfinance daily history,Market Table annual returns from the same adjusted daily history,"Oct 02, 2026 05:05:21 AM EDT"
LRGF,LRGF,iShares U.S. Equity Factor ETF,ETF,-5.987504935493804,1.3268549624886106,6.285450748187915,-0.821354278281039,0.7867476166211196,-0.05238823819185834,3.5095265274044607,0.4387409167765366,0.6552276019264447,-1.851182734288026,6.098550349358711,2.0786188758828095,2.095837639952536,3.445720323478496,-0.5582880248267919,0.858983593367002,1.809796281119369,0.45180725236269037,1.9163567036101226,-0.20510181449029385,3.0012244997787763,2.873393675601621,3.7349720045002144,0.01583913154146188,4.0264181210889705,-3.62867313153451,-0.7902376575444126,0.4444488732233909,2.0543745151970993,-0.5784444404563605,3.1592170222262794,3.0018736109310495,-0.6812266133002121,-7.376566176325284,0.35327487854952544,-9.14135994859775,8.793936444768335,2.6724029604657806,0.07861808540134962,3.0615418506132697,-7.598495095396274,7.9607471517003425,1.1334997041996475,-2.6151652776350454,2.601509158877535,2.756898058013224,3.5365862125091407,2.0670361856127917,-1.305076198638988,-7.9635741129664765,-15.059436508854384,11.531177006284278,5.4576246648990745,0.31470225047400824,4.795644915186559,4.883293172491032,-2.409580909965403,-1.084360315934585,10.14006820869393,4.444429450656329,0.31857005568487473,2.619717719551895,5.067083310510445,3.5678898718513485,1.116647344639321,0.8506724888685424,1.8911782936656962,2.749756315341223,-5.740531597230614,6.027500853258405,-1.5890576450658167,6.279883000359576,-5.884879488066785,-1.6887264007313774,3.639951394364016,-7.014369417336552,0.3626646906506048,-8.36483756188785,9.498670509316254,-3.6144713457206823,-8.972952733694095,8.448377603420898,5.651732178701296,-5.577267617892067,6.408645207511832,-2.1922701266474554,2.5343625138080084,0.8204337212404988,0.23936793569940829,6.776158022154255,3.433558774914447,-1.5621756664910724,-4.096273402158889,-2.5161433002333977,9.022030716710749,5.31289129361443,1.801606800762956,5.716028430682174,3.8735346512952518,-4.385824345866629,5.2866819087020955,3.084196995603805,1.5442598291714793,2.068968337510868,2.1949087737475725,-0.5615010874590043,7.032856634712359,-3.201497585041735,3.4134302757490076,-0.9613691066613694,-6.091267178616421,-0.3455338540627628,6.1199561798992885,5.08554978772664,2.1830670395393215,1.9075094877069265,3.742380788914157,1.491035510527361,-0.6846526307006773,0.07945516081164783,Actual adjusted month-end return from Yahoo/yfinance daily history,Market Table annual returns from the same adjusted daily history,"Oct 02, 2026 05:05:21 AM EDT"
LST,LST,Leuthold Select Industries ETF,ETF,,,,,,,,,,,,,,,,,,,,,,,,,,,,,,,,,,,,,,,,,,,,,,,,,,,,,,,,,,,,,,,,,,,,,,,,,,,,,,,,,,,,,,,,,,,,,,,,,,,,,,,,,,,,,,-4.125568921338729,-4.795548688571105,0.6096258391047993,7.038591173959374,5.109072103711765,-0.4270510178426168,4.048399970629557,4.717901874886787,-0.9727696635260075,1.9967967670396547,1.0401146769967173,Actual adjusted month-end return from Yahoo/yfinance daily history,Market Table annual returns from the same adjusted daily history,"Oct 02, 2026 05:05:21 AM EDT"
LVDS,LVDS,JPMorgan Fundamental Data Science Large Value ETF,ETF,,,,,,,,,,,,,,,,,,,,,,,,,,,,,,,,,,,,,,,,,,,,,,,,,,,,,,,,,,,,,,,,,,,,,,,,,,,,,,,,,,,,,,,,,,,,,,,,,,,,,,,,,,,,,,,,,,,,3.0120216039449588,0.9359449488827609,-0.2517067669227324,2.818342101922511,1.0618151510984886,Actual adjusted month-end return from Yahoo/yfinance daily history,Market Table annual returns from the same adjusted daily history,"Oct 02, 2026 05:05:21 AM EDT"
LVHI,LVHI,Franklin International Low Volatility High Dividend Index ETF,ETF,,,,,,,,1.1231204326514366,0.2776829595263264,-0.5538214893338611,0.11934305716814197,3.1704376234185316,0.7778747475777115,3.236533984491796,1.5656841188756099,1.1989699861427727,3.244631736466297,-3.1740406538834587,-0.5114895959057009,0.622760304247616,0.724255505579996,1.2571959442089442,0.6739925713738826,0.1297103633791652,-0.628084041442889,-3.310358843224892,0.45413256840913796,1.4599799871591879,-1.5857814502816647,0.7349568945681728,3.5054741518611543,-1.0306071921249105,1.223364685447037,-3.285458098817151,0.42939832971982117,-3.0654682177009396,6.235751111918009,1.0530656828286133,1.1929162022515483,2.758230561434849,-4.323288809447357,4.573366518365041,-0.9393887617697105,-0.9598472795566804,4.348273516852297,2.5968306143934194,0.07657667180684946,0.8061402608711798,-0.46816545128709475,-6.453435313545697,-16.536338250662965,3.2398539489644884,1.8501417301761025,2.827151626355029,-2.4522551487455635,3.8265384197334162,-1.222868972631641,-3.2422333970604122,10.240647388830947,1.7631079756121215,-0.5254240835682378,2.6538375974315853,7.154093363608505,-0.0788306755553192,2.919129223081174,0.28922659585646215,1.5912816963806309,1.2989615945407929,-2.690309444183525,1.6705820542499916,-2.104884318259803,5.080910087609003,2.71596573919175,-2.085916052490888,1.4069079281107566,0.8905217524741271,1.8389346330224043,-5.3062542116445455,2.0678759928438373,-2.140660643870085,-4.936248708266133,4.975147274469882,6.9905164078348125,-1.8723549830116482,5.127214773950661,0.0,0.8146913996047722,2.818988233116637,-2.669543130075036,3.010886084178499,2.868697927349362,-1.966393921155929,0.5879991155039566,-1.3206186553105126,5.0929385639368,2.195390808565456,0.8676795035517104,3.082436601115157,3.6793316207208715,-1.040962400821599,3.6308115459137813,-1.4921429563746536,3.272597479265804,1.8948179633998752,0.5318697971231634,-0.6434979257043838,1.7487075140184105,-0.47401319967669275,2.49016108075677,2.557555603558459,1.3046523533584153,-1.0194637086039626,3.464425496374046,-0.1692405291673693,2.45775294020556,3.973008137681089,1.17331105861056,2.014401524283449,4.231286831401038,1.8922394673197784,Actual adjusted month-end return from Yahoo/yfinance daily history,Market Table annual returns from the same adjusted daily history,"Oct 02, 2026 05:05:21 AM EDT"
MAVF,MAVF,Matrix Advisors Value ETF,ETF,,,,,,,,,,,,,,,,,,,,,,,,,,,,,,,,,,,,,,,,,,,,,,,,,,,,,,,,,,,,,,,,,,,,,,,,,,,,,,,,,,,,,,,,,,,,,,,,,,,,,,,,,,,,,,,,-1.8347354621095824,5.982803219751109,6.356046802476456,3.4960240940175025,3.295605316655492,2.3041837045124636,1.1650888253893044,2.4488880869969476,0.8564224405650744,Actual adjusted month-end return from Yahoo/yfinance daily history,Market Table annual returns from the same adjusted daily history,"Oct 02, 2026 05:05:21 AM EDT"
MGC,MGC,Vanguard Morningstar Mega Cap ETF,ETF,-4.9741823849152045,-0.12068918107600579,6.435359517304828,0.4279610001387768,1.7471584508943927,0.35074286080396533,3.6079008020068137,0.13497700551743375,-0.01714048762364584,-1.5728625780309535,3.540429895944497,2.1909449264144953,1.781513325658035,4.07982840758867,0.14648619107022753,1.0663180579248088,1.5090213042179945,0.6657184238385572,2.050899061772249,0.46104389483216934,2.0793822525748684,2.4921729860535757,3.019671895781628,1.2734175533467784,5.948345989867909,-3.4858522874363973,-3.0985833217565206,0.46363896158303497,2.494234226142522,0.6118694068446118,3.8227019088005854,3.4034665099257344,0.7087305876094296,-6.647445213578862,1.91880507055755,-8.571523191255693,7.539133620248273,3.0396849809653848,1.9803874865534699,4.094566308015191,-6.352626215785162,6.871568503729875,1.560504906410043,-1.5267919977106859,1.8270054571529748,2.3731487997319167,3.85568736479176,2.885618755296915,0.4117418461185185,-7.898030958227742,-11.514220778901052,12.821623130448101,4.6880873227586495,2.337193927673331,5.673845092176633,8.403916113241827,-4.04784895335355,-3.0692280608859535,11.134056385733903,3.80039766682414,-0.9591496385190079,2.088188932442425,4.255316177054214,5.419684456676643,0.48703991547998093,2.868803239832407,2.5009645945426096,2.9650998273499596,-4.903582243917959,7.23802540081504,-0.6608722635788822,3.8792516855453707,-5.31295277456596,-3.386739720412457,3.748557130275487,-9.406433892342903,-0.2082303376824357,-7.966829245746155,9.17231835639365,-4.259918397826567,-8.97986613968449,7.667014985928522,5.2831588897445325,-6.002234443136145,6.125428507266029,-2.313026871889845,4.664264909228866,1.8792787828668445,1.405740859089244,6.17307060434753,3.412991662695153,-1.2608147085311883,-4.589495856898218,-1.7185709746281197,9.312608983541338,4.169959196124062,2.203443907396041,5.323404903895335,2.870966911615014,-3.8529541524431443,5.220687611886987,4.68435550696078,0.44098216830508186,2.4525624852738126,2.088943783452968,-0.9436714755719611,5.7501689886181095,-1.4679327535206177,2.685041057077653,-1.401282012795435,-6.196888743751606,-0.5412816040142432,6.730252700595996,5.475549880741437,2.374180931427783,2.0889318303638493,4.085511221518345,3.064449654884971,0.03179156372561387,0.047363602327354926,Actual adjusted month-end return from Yahoo/yfinance daily history,Market Table annual returns from the same adjusted daily history,"Oct 02, 2026 05:05:21 AM EDT"
MGK,MGK,Vanguard Morningstar Mega Cap Growth ETF,ETF,-5.575624141338597,-0.5866656444667551,7.0127253041783355,-0.7578376194301795,2.1818213914059026,-0.6346836784747234,4.720827408220996,-0.27461047101665637,0.7626600829925501,-2.2176983717419274,0.970356399320349,1.3180321308162268,3.627590066859976,4.719211952961611,1.5050149714576744,2.413503222509772,2.97900301713252,-0.5324473864863788,2.648386828622473,1.3144120466916265,0.9772915072297828,3.0270916580035223,2.493320275591815,1.058169811434606,7.356495774370653,-2.802884273473105,-3.168556720827187,0.4098558427265253,4.649516785795416,1.239829615872301,2.6056845944679052,4.702234802518546,0.5944679114627149,-8.76177723964382,-0.05131455128574158,-8.342998180267525,8.840286141778986,3.3914381044269692,3.338413915999916,4.712502178271771,-6.589352245087243,6.79949581486694,2.3632738933746955,-0.35459637857040427,0.4467289404799457,2.625364308504974,4.183843345913418,3.239145518283859,3.494447202733908,-6.248760297922972,-9.857904985330023,14.99056156461307,6.460001289276063,5.297722682373407,7.6570269521617496,11.378751565730738,-5.2986636730384955,-3.425053015034063,9.662162895984183,4.001788260583461,-0.9718038189796996,0.19328227769843664,2.565562445493086,7.190812872813757,-1.527314546360059,5.982511443783278,3.5267008795312416,3.7863978783166052,-5.446306854461513,8.236783362165333,0.9404311396624898,1.756800587772167,-8.651642316587072,-5.272896058049758,4.43390776824506,-13.215797766862869,-2.5356538012677676,-8.61043659152716,13.48449801673992,-5.315472791158249,-10.55283283024705,3.7867961733606403,4.494443298152295,-8.791943633460509,10.722392087799705,-1.459165957772346,9.09047174045996,1.7700722155925552,6.063513220599592,6.725901720520389,3.2296562478076885,-0.6668974407945005,-5.839811353328372,-1.0973966777086397,11.621579004823456,3.774062724868843,2.5162701210301064,6.814776222021912,0.9639757494011691,-4.556704133335032,6.945711180363112,7.508845520183716,-2.291462306465475,2.495036871149847,2.432478720662834,-0.633645011166617,6.286142267398365,1.1392374453020881,1.3890321175759501,-2.808910883233484,-8.625940601311354,2.1205625532791483,9.209670559014604,6.408213614686287,3.927134569464097,0.8960848441884828,4.895779133171008,4.547472033293198,-1.523575415296352,-0.2768003146759179,Actual adjusted month-end return from Yahoo/yfinance daily history,Market Table annual returns from the same adjusted daily history,"Oct 02, 2026 05:05:21 AM EDT"
MGV,MGV,Vanguard Morningstar Mega Cap Value ETF,ETF,-4.421488522151151,-0.10632146075553184,6.327483237098153,1.528401362166898,1.2241328010599961,1.2438494344293227,2.647855109460262,0.5380249481686805,-0.6667996160487744,-1.053129402137687,5.805529307625901,2.9995296111315906,0.1937850010813147,3.6150082975452857,-1.0419433006187862,-0.1605063065026613,0.16076434341243395,1.8148257580778981,1.614749019880457,-0.45402549066250186,3.057129574146744,1.964068086617532,3.4152502635956816,1.6278174650601773,4.629853242145532,-4.374978980601973,-2.658033676657512,0.4590862012355146,0.7258040956750866,-0.08903896178089621,4.999271454352661,2.2654576980508656,0.8025998780124777,-4.660173850504967,3.5906381052628333,-8.917584169351478,6.422267233903134,2.7478706112925355,0.6166545729757278,3.344816013932328,-6.0019420622989035,6.962424486634422,0.8322833893453563,-2.8335264128667936,3.2584957882249688,2.1826848854761938,3.5337882429660405,2.605572279645485,-2.6611524551594212,-9.439058875305994,-13.41144071075755,10.362088363906352,2.594356079966076,-1.3185320449270899,3.1958275546424497,4.420337002717467,-2.2091506054968235,-2.555428826596884,12.777651591071205,3.7877224338088045,-1.0020925340598508,4.421192350228376,6.628744515537055,3.1932836740339754,2.901064233853945,-0.9061815685765806,1.1343037916141219,1.8957878897575275,-4.086637105181568,5.753718453316181,-2.8797952562367835,6.950517101078946,-0.9548877809172462,-1.238185127030822,3.2360973764538947,-4.863962829950886,2.2233212983668205,-7.267086630969133,4.6267645903621535,-2.8719296093214552,-7.324124544825827,12.100976890849747,5.972822187391791,-3.049937104406686,1.74039726447055,-3.134572032847238,0.27162165162681884,1.8808063108249673,-3.808787440481698,5.485105602103912,3.5370031940296975,-2.0943703817627446,-2.9604766868714827,-2.3077025306189936,6.1679924028857025,4.738961924030538,1.6092126829153175,2.969499276009624,5.060543168065967,-3.6984352010866695,2.9107679142026166,0.6717587410730586,4.514775897173684,2.8825223473811112,1.248976799199153,-1.3642028231398928,5.492758678390763,-5.876416447609367,4.683370511693763,1.361267765681884,-2.2759151639931363,-3.9739253994331647,2.5945710767862007,3.9007757256001696,-0.4192171422837343,3.413714616284391,2.469138080329847,-0.3121916107662437,2.5416938168113745,0.8388585860087172,Actual adjusted month-end return from Yahoo/yfinance daily history,Market Table annual returns from the same adjusted daily history,"Oct 02, 2026 05:05:21 AM EDT"
MLPX,MLPX,Global X MLP & Energy Infrastructure ETF,ETF,-8.09645683556608,-0.5404881000714901,9.847036098877048,10.966076441418494,2.793331773547858,6.640912185159964,1.0861576140165141,2.4532685311541957,7.349849133203401,-5.595787879354452,4.553459278387129,1.592860374750238,0.673422523008882,-0.9000961784558781,0.5453381552758652,-1.8983129237861052,-4.815049795361781,1.2472521314838891,3.2608929550327126,-4.092175041756885,1.9216759200603617,-5.003660966581069,-1.0159527360065534,6.072976947261233,1.839590404587943,-10.209175561962425,-4.231102765982886,6.287144972093461,5.671433046015739,1.9908272241683234,3.978981222986744,-0.21531031707247017,-2.1962045452413315,-12.050894523376666,4.487687911942961,-9.63544468295977,16.102468609413577,1.1761558609014955,4.104183250259541,-1.0614167732930113,-2.1204551487022494,2.6984214389333294,-2.70476930315785,-3.5634309587605606,2.8428090446798393,-4.6341490255231825,-3.159804083776674,9.839023505657929,-4.96741888987009,-10.114452528878425,-40.50386097606283,33.279000855650075,7.189556121634699,-3.2283104566377507,-0.04019927619556274,2.822467041720711,-11.785885254148265,2.083343452181685,21.033592465893026,1.2396771625119651,4.563979789916606,6.137422013918048,7.73951360084979,5.221506414406885,6.512642903686938,4.185743330614167,-4.678010148168255,-0.7752500342369517,5.963995575589065,6.24130483771852,-7.308769362391054,1.3278815963662094,9.003387162127495,4.548134333505782,7.498770993062309,-2.5047076208192243,6.643995784393297,-13.129705636024735,10.364743653907716,0.6749939498734703,-10.270526369523969,12.513319375389376,4.242394000173477,-6.061288569908951,4.2198101280911615,-4.221654305571565,-0.49814574869181394,2.2778314085778906,-4.13825795914663,7.7221969929198275,4.137606347761347,0.14971410036874744,-0.8654945732700203,0.07078790111321176,7.431188334077832,-0.7120538580243196,0.1568770133599129,4.015331040738657,6.848442668770649,-1.0002181420539658,4.013343685816362,2.551212725828189,3.956910093888144,3.6019086799894184,0.2578694708680329,4.299096148911707,14.541059162066826,-5.762265461298998,3.3850899308902616,2.075202994627001,0.9492269158830169,-5.7357829319916735,1.9582793084892414,3.4163940593848086,-0.7660292947394787,0.17472205997308698,1.8846348857728845,-6.617760899557701,5.235422559187097,-0.4088576844998859,Actual adjusted month-end return from Yahoo/yfinance daily history,Market Table annual returns from the same adjusted daily history,"Oct 02, 2026 05:05:21 AM EDT"
MTUM,MTUM,iShares MSCI USA Momentum Factor ETF,ETF,-3.8067752782614317,-1.2766238677402786,5.307266815754685,-0.6292662291983553,2.4504269144271618,2.9512180499025487,2.683199058521124,-1.4913816671193847,0.4931316779058559,-1.9387590672305888,-0.5931112342968725,1.0951934092114035,3.150608401008892,3.79550388646106,2.052350589958807,2.5771324789318317,4.7652945131147595,0.34534499661220686,3.4762260859974026,1.467680541165084,2.8089063019930194,5.037596804657651,2.7960095913494687,0.12255985590614582,8.222639786729214,-1.4604271060689178,-3.452776358616094,0.5003681590903808,3.447622504886527,-0.07147164330335576,1.7593317440573353,5.867596197151692,0.9186886198067068,-9.857169427940748,1.4169950172211232,-7.514474032421559,6.45515698156951,3.392684518159328,2.1171277811846467,2.255275093029052,-2.196823639528367,6.120827155211317,1.7959431413761218,0.26505401094150116,-1.1383652284141732,0.6456997637135364,3.2911046488281803,1.696592776734973,3.7431876911724116,-7.185596888179324,-11.533460140342244,11.701723980676192,5.868526334805391,4.324391007573136,7.015271744386453,9.479969703075986,-3.8024764145945134,-4.1858951163455504,10.628056978720647,3.437035315816117,1.5933932235954629,-0.5858504488220451,-1.1940341563300927,7.055832861834355,-1.0568845894366463,1.8595480415005028,0.9225369598437672,4.1192928480708435,-3.46721487690711,8.587674802410872,-3.9490189992338554,-0.4839784394771174,-9.03092496614507,-2.6783436136463723,4.773240446691962,-12.682007133720374,-0.5989273449352517,-6.390002321595711,5.1697691286608505,-1.9941498824273984,-5.954935873265055,12.547641297078261,3.4679011756169054,-3.927041941903453,-0.5481991490963734,-4.037762057821725,0.4329014166184919,2.3949896214816135,-4.825427585441133,6.876297252494679,1.7330948550670966,0.3066428791824283,-4.8187699168631415,-1.6249009759045419,9.226500275947448,4.756012233602402,5.583549680674893,9.996977687012198,2.9101554029264065,-5.465699749515018,5.35824135009344,4.540096554010309,-2.0013410398016074,3.3513256704805983,2.9540546079389607,-0.17262083630802394,6.971002746523736,-4.10175553031733,5.900836185048797,-0.3194599706109802,-7.223080781787239,3.7104854339435223,10.451737936278182,4.004760207987879,0.4036131423902578,1.0112370019277561,5.469073240590361,-0.8695621962857891,-1.5616428853448494,0.2949686278163943,Actual adjusted month-end return from Yahoo/yfinance daily history,Market Table annual returns from the same adjusted daily history,"Oct 02, 2026 05:05:21 AM EDT"
NANR,NANR,State Street® SPDR® S&P® North American Natural Resources ETF,ETF,-5.173118001971433,11.959737086292698,9.220391381956915,17.536026399729376,-4.963492624605658,5.51286773876174,2.8014110766158895,-4.408628062205655,2.0298642566709324,-2.4868361417365814,3.990389311619036,0.7573601080340886,3.882913597786941,-4.02529665071476,-0.13483436889807354,-2.294851874273096,-2.5483816992427633,-1.7167733416630249,5.517921554119987,0.0,3.119261014021757,-0.3855265183043577,0.7145017753561245,6.206211515725757,3.372809393663867,-8.909866445836023,0.5989891974528927,4.674029586361272,2.81568206706182,1.2936200290910138,-1.1534890850663948,-6.499031887127327,1.9286125048486813,-8.950441007556986,0.44829094403093794,-6.458090037288833,9.492761697348318,1.0053245304630032,1.6848631766150035,-1.043246654157537,-8.651175334614624,11.491923957683102,-1.47555766694073,-2.2152999786523186,0.18507141610362154,-1.2357495440329824,1.6446490189750085,8.352622531525956,-7.296973901278592,-10.307572046261448,-22.07883346693921,29.688917119403314,0.4620861285197009,3.3367622279687037,4.157493760093733,2.1492982219024848,-7.727857657681591,-2.469436072959541,16.21893534692882,4.08154877737732,0.03018620599271049,11.134548670765131,4.507212417848683,4.889589887552281,7.673628769476348,-3.3255160393834804,-2.949505571639932,-3.6484833578681264,2.390743124378014,10.143098593253242,-3.182126880437075,5.34307588785623,7.4982968381527515,11.371785758339236,10.115767544174915,-3.653896971518633,6.028613327182186,-16.239810906707476,2.783423656019579,1.3441503398255783,-6.982655636987534,14.489408711800156,5.9706951825634125,-4.6112050562123645,6.658056782814947,-8.594159877347153,1.4566745862862884,2.591829507180732,-10.741545644008344,6.405830894296116,7.320908468649079,-2.939532333598893,-1.332551485391198,-6.065253257436609,1.650913009502042,2.3088972131443786,-5.604145753730627,1.184055579273946,12.050912523216706,2.1253136504062686,2.825618564062693,-4.168063213798689,3.40017370019714,0.3533369493073035,0.1963928774175061,-1.6952206097720524,3.5728410980634395,-10.262131556647969,4.263267359369349,1.2084772360544171,2.9258011621184687,-5.38802912500147,3.1073254668101624,5.573162551431987,1.2747190077209813,8.414978726796152,3.8817148611782537,-2.2955566845928366,6.208815326473283,2.2363851856938455,Actual adjusted month-end return from Yahoo/yfinance daily history,Market Table annual returns from the same adjusted daily history,"Oct 02, 2026 05:05:21 AM EDT"
NXTG,NXTG,First Trust IndXX NextG ETF,ETF,-9.158377794768525,5.540417758672156,6.683863784415789,-3.495597344274437,2.814191666442989,0.6950859047270441,6.486504037618213,1.6497513329898794,2.853754617755344,-1.4390111377159398,-0.44545689722846893,3.465423070746465,3.6903186830302026,3.7217677737900967,4.4853154581175225,0.6009955894240138,5.22723158888736,-0.7428275872633394,1.0252201189745902,-0.1826616717995666,2.05905762359877,3.0975295535748515,1.1823897971982689,0.9992757462075952,3.2183902079505167,-0.927968159754089,-1.5736593226393425,-4.872460620728747,1.0204115538681169,-3.3111091221866507,1.603577259703326,2.063983115324497,-1.4775054011174626,-9.333844699578464,2.8360641336274695,-7.109932627182758,7.911971353985137,4.403477315182669,1.1427301925060362,4.64257277850304,-9.776212169586952,7.050077568090596,2.093937056707995,-2.3696033667342298,3.006948983880653,3.6558662858230173,1.418437140528983,4.238712420447577,-1.9304209281420626,-5.38530883215711,-8.31802354978911,9.708496114633757,4.024240361667886,2.6818282565763907,7.768615741667917,2.453977252204509,-1.2317091146815007,-1.4526830686476422,12.101483396357683,6.231071923958487,2.8468021225957596,-0.421479858913254,3.0901390857185795,1.5603551203401844,0.646902534051641,2.4695968828156944,0.23580684624586734,3.6335049350492143,-3.5110754572495906,1.0483806136547535,3.4107170860419034,5.168216239979206,-5.677309782403905,-3.080075594872844,0.703096378590895,-7.986849198562318,1.9448065774692491,-8.835886276569171,4.407175796706064,-5.202130033721197,-12.059048716312915,3.664453664431666,11.401832841971672,-4.840770162669461,9.19972633829753,-1.6068491311834632,6.135614415593027,-2.3312400441803494,2.1511489152062913,4.204156479934507,1.2120328746401121,-2.752919288572664,-3.3841281320209693,-3.183039648672048,11.232892956569597,6.032375804641732,-1.7985016442359725,3.0922209313383853,2.0909810393883843,-4.756512629524002,4.901321265561842,3.987950427357112,2.4289149676572253,2.6930270174402304,1.811931511650089,-3.1371666065326376,1.3356964986982467,-0.022212743723792894,1.313175956117929,1.0762597952750141,-2.7497125411007906,2.3686131026705803,4.765737137363035,7.5339362293934675,-0.9661853133498766,3.36274646366157,4.520542968891905,5.965829611770257,-2.933397191825171,1.6426201377529148,Actual adjusted month-end return from Yahoo/yfinance daily history,Market Table annual returns from the same adjusted daily history,"Oct 02, 2026 05:05:21 AM EDT"
OEF,OEF,iShares S&P 100 ETF,ETF,-4.7274296815449475,-0.6217000236045322,6.398270922853366,0.3830794516084257,1.646266424551257,0.19747259262927752,3.7782571770385243,0.08298966555801979,-0.04935786824169508,-1.376032998002108,2.97009531962531,2.497934739024954,1.3494664757764507,4.49126223882077,0.036588413323213054,1.012447389929827,0.9927837374745563,0.5956993234685459,2.114167800259059,0.7053585648544525,1.7374976327317215,2.407898062729341,2.9391096069683043,1.5983965403541411,5.849632064959165,-3.854123953456179,-3.5074559647718218,0.3448620992404283,2.7150031167174626,0.5540725500447818,4.06356957274383,3.848585763549761,0.7228404512314102,-6.4881985322003395,1.485024713893912,-8.841755275163232,7.092271047083276,2.9721814876310537,2.3313873096142412,4.374189612032908,-6.653425121841828,6.86079588607158,1.6513686423906382,-1.6776790474034797,2.005442955440251,2.79111757257422,3.8250725318292655,3.1555889261629444,0.4164241200624197,-8.176124497450921,-10.243990240090717,12.561091694840453,4.18664825653754,2.777810729081609,5.673354327204305,8.916930310446158,-4.605113925238758,-3.1785772515277033,10.193662254730151,3.725981717847593,-0.5010299201663404,1.3292226301124144,4.252816232746137,5.594142315376693,0.39500496815843,3.1752266983923416,2.507883146013934,3.4709282165588773,-4.818952186495029,7.465578421568275,-0.1790985714609894,3.7521244936291387,-4.64106991073856,-3.8428658456650666,4.088018816380146,-9.960692082535305,-0.17575851908986362,-7.695601960886334,9.340748635053032,-4.491484763945818,-9.387493402731927,6.904626939144687,5.123172534818843,-6.212790907056975,6.396194913298081,-2.121433002793549,5.68286449860671,2.165308498253782,2.5328475784910154,5.99551577872941,3.44827559932277,-1.1904734721999266,-4.858237545607846,-1.5550359009331327,9.16362070071517,3.9128430788720525,2.345669198360434,5.48046561688067,2.9003594765061314,-3.6255481182552174,5.791806422269663,5.0329443218319,0.3405252402479464,2.27375751790424,2.3476471917546426,-0.6359491348508661,5.509082962216305,-0.19256975967023582,1.9768219273887722,-1.4530259972634463,-6.504180093705525,-0.7532472428208203,7.284485566686838,5.772036703736028,3.022829095711388,1.958229889982488,4.3406782502290575,3.749554502557384,-0.3446147621214424,-0.08952854386952147,Actual adjusted month-end return from Yahoo/yfinance daily history,Market Table annual returns from the same adjusted daily history,"Oct 02, 2026 05:05:21 AM EDT"
ONEO,ONEO,State Street® SPDR® Russell 1000 Momentum Focus ETF,ETF,-6.239413994199483,1.1510578578324715,5.43583732524584,2.8455462100236195,0.7410972639491087,0.13276386414871055,4.032794362632108,-0.7878932399057792,0.05155498191340424,-2.113236869721846,5.4989917901831165,0.046294415367609254,2.5008188336115067,2.9367245998604297,-0.029244205876755025,1.0683219926928667,-0.00287884835278307,0.07385436235280984,2.0344614479957945,-0.03543125870305586,3.1862247599037996,2.278983960265868,3.90277815242841,0.8419455939606246,4.4004361932391545,-3.918585138137387,-0.2795985756925967,-1.0617965990907363,2.1324290169107973,-0.029512666335251847,2.8226907205805674,2.6652438051251615,-0.8095130098305203,-8.719653092712786,1.1365507277390607,-10.331986858878983,9.438850512517627,3.5585942480544697,0.5502214335123323,3.267595451392613,-6.959399446499914,7.109469804511126,1.3964338505409568,-2.4097710876334055,2.2842230298915744,1.2112884745170138,3.393080772012458,1.86357407033233,-2.0417658723100196,-9.791061483991925,-19.562826830724788,14.782100554461763,7.002735535441795,1.7148422787920614,5.293862022074602,3.7922527379844473,-2.3121019348850025,-0.21910774658689958,12.050253351186413,4.496936412739783,0.18708255361992165,4.555567483492906,5.468912388186342,4.436563837104179,1.326615812863663,0.13474434290217108,1.0390078136347292,2.971794709544495,-4.586746291957288,5.630712119400028,-2.097497286174277,5.063296264972483,-6.420500721155564,-0.9116225845761772,2.0379437559744584,-6.692820112490283,1.7079495428828917,-9.256258099696923,8.661842296587597,-2.4061747096387087,-9.259626835160685,11.208990276074227,6.369122293841967,-5.128278222630167,6.9368447803758615,-2.520051383577615,-1.146520956116237,-0.34165717288359154,-3.9381726438081355,9.243814263763905,2.9472450356911706,-2.221169071012463,-4.413108779913388,-4.299397711079067,8.898482873880509,7.006994599927285,-0.044983744338400466,5.8314953041392,4.721653450604046,-5.985431718866929,2.574614953388088,-0.5266193706975453,4.397802813073937,1.45277967572488,2.0390476555858683,-0.7478343259339493,8.605894554477779,-7.098593997019287,4.118574995934243,-2.4613347342359204,-3.990254178749497,-1.1013210651019456,5.157287891815998,3.3777359566410814,0.8513538341900384,2.715627064234072,1.0086980447171934,-1.0127010698463335,1.6083199968939033,0.2567113883586769,Actual adjusted month-end return from Yahoo/yfinance daily history,Market Table annual returns from the same adjusted daily history,"Oct 02, 2026 05:05:21 AM EDT"
ONEQ,ONEQ,Fidelity Nasdaq Composite Index ETF,ETF,-8.064442586334675,-0.9507204302615091,6.980330805433188,-1.882726605810614,3.880370816918588,-2.134668857806421,6.798475160669559,1.2652922222513352,1.870730562653189,-2.07745135520776,2.7276910506302876,1.0374018242489402,4.451441586731519,3.9087577626824466,1.6987585064810018,2.173872552920697,2.6353219137213335,-0.9823871585590838,3.4278517698154154,1.348922475170422,0.9934326823329176,3.691648122314972,2.3205575642980536,0.43017478558502464,7.3325175566598455,-1.8590862234864614,-2.9079199258984056,0.28895608532573114,5.348080779923015,0.9698634678118268,2.2636186056105956,5.741214603920697,-0.7115648293233079,-9.249034321452909,0.45737394893778927,-9.336875503220643,9.824568820679879,3.474606099327393,2.6767675789785894,5.127696390956316,-7.94495105223395,7.768940494761645,2.2213998187756268,-2.5834918584134225,0.5040265054715665,3.7578569492444425,4.628481618690028,3.7319368297353828,1.785143165429126,-6.124399301312211,-10.31066790183961,15.867909790715062,6.795387229159311,6.070026540447637,6.636512893152635,10.222222604363163,-5.402477192093813,-2.2811178450499736,11.75666589436377,6.064873273020321,0.867131400137855,1.2075205120308574,0.40339718389093004,5.831947708867213,-1.5639394282573216,5.463015519612235,1.3132532964093446,3.993662367715234,-5.233447962739001,7.262377364660377,0.5476122091464086,0.6968685436478772,-8.80132810829366,-3.3489133693785478,3.6387055484923936,-13.282950758919087,-1.909518677517641,-8.499390416330977,12.514463949187494,-4.593202239807493,-10.33791896334354,4.029950367653856,4.430508637442188,-8.697832813183048,10.764003842231817,-1.0577392986212186,7.0253727008670275,0.06256226018919175,5.96083249050281,6.550192235378982,4.197451407686392,-1.952072136486005,-5.72869003515093,-2.577424282239915,10.85883496127864,5.734600572530146,0.7933643178717142,6.263613790465183,1.6763707665189198,-4.083834747129722,6.686079844761439,6.275080577525549,-0.8008187120016386,0.7207849381978937,2.6393241994758565,-0.3910519278526814,6.30959637022257,0.5371627342996677,1.4856838056372945,-3.795835281682658,-8.215841841779115,0.8520459218615883,9.570312478109667,6.65132671488915,3.8576840487517305,1.5506687193632018,5.667788225451509,4.813197469436825,-1.6056620038621738,-0.40415251016076015,Actual adjusted month-end return from Yahoo/yfinance daily history,Market Table annual returns from the same adjusted daily history,"Oct 02, 2026 05:05:21 AM EDT"
ONEY,ONEY,State Street® SPDR® Russell 1000 Yield Focus ETF,ETF,-4.224121723248819,3.779100949192049,7.842259039705457,2.001917932327202,-1.4696042081588256,-3.659147713461186,9.89999705169633,2.114063489855589,-1.9042981980133766,-1.023037764370105,7.327961768527902,-3.1162514380805195,1.5622350128034146,2.790128381037049,-0.5684597436734884,0.9790813195138082,-1.8867779159751352,0.582820759831626,0.8950435515257427,-2.152256167271982,3.3461815307873843,1.2387260218183371,3.723953189780138,2.7697421451972737,2.5275181695517235,-3.954607132398469,-1.230060735694416,1.5066606360672141,2.110004960014833,1.8146041219940345,1.058414758799553,2.1770710509838143,0.11673632168134329,-5.923491661168201,1.7218624490355827,-10.092800706488713,10.112987448968447,1.954327630598618,0.5472686220846512,3.164195855676444,-6.851475185612143,6.8311003032936135,1.0470466913931054,-6.0082367280780975,6.388993793675968,1.7793040882070787,3.4728423582754964,3.3521548794536393,-4.931169039826111,-10.62631703269038,-24.66287030798322,14.031205095937338,4.585868591800324,3.0798439689147417,1.69394988061784,5.189640104613424,-2.9710029034319074,0.6217027929181551,18.653517419202515,4.776453108766532,1.4580953115991724,11.679156947604952,6.272798631026655,4.061273090687201,3.7571984465731845,-1.5749346549944976,0.18025892198327842,2.5343112194183837,-4.37467553938955,3.6828373282736804,-2.539507158512666,7.136896622320199,-1.6019911678585963,-0.5841800111355488,3.9319135038410558,-3.4703843798909784,2.0733448258501097,-10.03246192459506,7.70868165477645,-2.541922890870363,-10.148646932250537,11.017720986266655,7.058394549611835,-4.588821800722731,7.2753481615367654,-2.8124691994551476,-2.6812940106718197,-0.23223650151930064,-5.938107301066154,8.576649060963781,5.540967900930038,-3.9812911166901555,-4.5106787956149645,-4.144666893103532,7.919682577391884,7.377020513904808,-2.243846855360676,3.341449150257736,7.584858693633123,-4.912642880493257,3.2810508385503256,-1.9322295385158728,5.621815061899338,2.0160328250233173,1.1687127097516292,-1.3908803651771828,6.114837798194661,-6.50737666174892,2.587654903909997,0.6993296746156119,-2.170229079537045,-4.6660079261360625,3.0881582860208034,1.719240840672831,1.5544850392652743,4.78582268453045,-0.9872300539592427,-1.436916664788357,2.6601913761858054,0.025940158879178554,Actual adjusted month-end return from Yahoo/yfinance daily history,Market Table annual returns from the same adjusted daily history,"Oct 02, 2026 05:05:21 AM EDT"
OPPE,OPPE,WisdomTree European Opportunities Fund,ETF,-5.578178362009634,-2.026745958796572,5.2377047339407845,1.2965196430855919,3.0553001910524014,-6.651531873223826,5.910502371148807,0.041039073004900395,0.5738738761399631,0.9827979637451856,-1.8248294653544495,7.831672189189454,1.3667858784853104,2.1008544181732036,5.798697294096544,4.207936634596354,2.680697719508207,-1.3242645976822898,0.5427252148637374,-0.3879996961806631,4.322702394622957,1.6270785618115902,-0.7684937132130032,0.354966610042573,3.2797504061840232,-2.770877612415501,-1.7611272832005587,3.1584166908662725,-1.323903313351693,-1.9081675367335516,2.4975100331452227,-1.4944727616099995,-0.06598433493236744,-7.06269176513924,-0.1420552430049904,-6.045494380294336,8.667652581487983,3.1348003651130885,1.8574672460352382,4.568999253895734,-6.931358975089042,5.2301718072052195,-1.3892670103965665,-0.8742545550366243,3.4494555834829743,3.1590254342455992,3.4586319717797798,1.929424144344427,-2.3974086410931683,-6.486717528664377,-23.365870783874566,11.620213542518897,4.4326448320713085,1.5507352619350545,-0.5852937198503216,5.08120746031866,-0.9566521008739892,-5.460416723856287,16.408046419366972,2.971529124718275,1.5496547090433133,2.7474060753266416,6.017548813261331,1.8968339615235807,3.0553802162091026,-0.1718423041499495,3.3738194228316587,2.5971594020111066,-3.953545723633156,3.914897955317409,-3.1472217711459582,3.8931218211232244,-0.8322226944400435,-6.021819903237513,0.5479631426610121,-0.6177184124935842,2.4019732607761357,-9.842295291187074,4.412764882625675,-5.42666927531662,-8.489956397077725,8.906296742781672,7.421434703080365,-2.232322670482223,8.648144866799544,3.031740513465575,-2.9161552553885195,2.0384027840680607,-2.7156821627247196,2.7826250732668756,2.912498849198686,-0.918329310765198,-3.224320412619419,-2.602898615314342,8.380964966260107,3.7199583992128638,0.3305200277684994,1.1599051100132485,5.335782412429735,0.10921238526655497,5.730160237666326,-5.036458014080425,2.3846097077208084,0.2645619928231868,1.2892909106756223,-2.882851364619299,0.45161236079318545,1.2986445795576174,4.607535304359911,4.964861044163693,0.9250712275999273,2.6482396799388574,6.671881649685374,3.2003356515593273,0.4937770940417252,1.3779055139200969,3.3011474844121924,1.2909214869144314,0.8058842868752469,3.144346878698645,Actual adjusted month-end return from Yahoo/yfinance daily history,Market Table annual returns from the same adjusted daily history,"Oct 02, 2026 05:05:21 AM EDT"
OPPJ,OPPJ,WisdomTree Japan Opportunities Fund,ETF,-2.9982474263293257,-10.96968039998002,6.160638828358356,-6.284055832660584,7.731770280576389,-8.367505249470163,5.0948624439711265,1.136747494657575,2.925579838854997,6.167693544656361,7.322245565584318,2.621977310332091,0.5248787552608158,3.5724059465471303,-0.5041028002509718,1.6266834048074275,1.4956476559929932,4.147868139892452,0.7297202680544901,1.6737645950364533,4.94106418617255,4.565663895899563,1.2539364677209397,2.3018499998618935,1.0412484846798131,-4.14342899719945,-0.8286619912504234,3.116512648822223,-1.9710811364778924,-0.8886144284390829,1.8573696532720119,-2.5889338154980512,4.3679278751753925,-9.676705037178213,3.0399406534694418,-12.324502036617801,5.725924636097601,3.105726531694919,-1.0455381433922106,1.106912252537673,-8.48469913836125,3.4180186113086597,1.0638068858623173,-3.947360850480286,7.835770724516111,5.438371789445773,3.181488632104146,0.5784406523649421,-5.353336057364066,-11.858113740853426,-6.163802529307194,5.068982980934855,8.1644199933407,-1.3205384719982893,-4.955091566402626,7.963336791096753,4.324763124712505,-3.0264664828947963,2.071874801485518,4.031691183385999,1.0015157841445799,3.3713643654886605,7.74575601884091,-3.7613891368712515,0.9019374934471802,0.7745086970670334,1.2876319284620852,0.22703015113756386,2.875965845945627,-0.6386398774327118,-7.867892349202277,6.093494760694629,-2.5173109860227694,1.9900558218025166,-2.439034198596446,0.5237981393469981,1.0895494082491464,1.0379531569828737,3.7402883900280903,1.0657629739663,-1.0096284687850399,1.881230026611691,3.8042106086440874,-3.9192683140037765,6.392597243875753,2.1231347108592757,2.062203685664854,2.984761187951923,-1.2992143963338476,9.030998631463483,3.540650011762736,2.1168728930927694,1.7718026882629578,1.1142161108611548,2.548193691160394,1.3378480015285188,4.4250852514919,4.269646311660313,3.8772655771529774,0.7166175217010684,1.9270822937605958,1.8053110373637438,-0.17192304447820606,-3.5878211349330003,1.0873648785026946,-0.14729514660258847,1.4163399397152165,3.635690701847616,-0.20245301790607906,-1.970427609206693,3.4584609317000803,-0.25714919036966544,3.3228372443742105,2.9871256532586488,1.203484785885589,8.10810867234073,4.149730236926885,3.265296132774509,4.510594617188968,3.766841020151279,Actual adjusted month-end return from Yahoo/yfinance daily history,Market Table annual returns from the same adjusted daily history,"Oct 02, 2026 05:05:21 AM EDT"
PFM,PFM,Invesco Dividend Achievers™ ETF,ETF,-1.1191788030821215,0.8366000645540161,6.556613532821887,-0.27577050151118554,1.4285672656346282,3.620017450892754,1.9425648094958392,-1.0393597610758865,-0.2678341488539737,-2.2506965425889702,2.392827854431201,1.951556377836483,0.6989805558336837,3.5141198211884994,-0.2814312741163061,0.7992749837544055,1.5025340082542415,-0.24678118853748154,1.3681640940814477,-0.65440044466899,1.9029565646922375,1.7871117813548443,4.349585423665792,1.7355149502264577,3.4404450937302933,-5.811388664697404,-1.1792114254307706,-0.4333967631371949,1.1871950425052402,1.0765231080467563,4.168324459588413,1.8698454936379783,1.5976161486430662,-4.467878641240574,3.155916074401066,-8.39470730551264,5.749008134955136,4.287889474643425,1.9281562225780258,3.1092013736412794,-5.049083787493958,6.482010966479179,1.5690297193877711,0.10295515660254662,1.9246490950191708,-0.20299559186931493,2.1017089563777125,2.5369825558281933,-0.19540184521139592,-9.135381560774336,-10.797162865739462,10.543405925542416,4.145286496569756,-0.12361806256397934,4.256844364792611,5.341930367154379,-1.7890085475020912,-2.1803714701245758,9.422497338319037,1.9931463523777726,-2.4026795248639266,1.6515970840728755,6.45263525723172,3.787242120781764,1.6156073519610459,-0.1152318181195433,2.453803383141473,1.7222923412711033,-4.422334889746593,6.340407943552462,-1.8305507680559163,6.392277011897751,-3.674806800360597,-2.4039763069902853,3.4391204564881095,-4.369300569926937,0.7070688398673308,-6.299861677196805,6.288015789493673,-3.4351066591424617,-8.259158733489436,10.513325659991168,6.211467697100326,-3.3078558689941584,2.409642971294179,-3.0481749721689044,1.4559273108277981,2.0491682143629175,-3.0789654819501022,6.095296184439469,2.223393499376769,-1.816779626356535,-4.338809115541187,-1.6424993856239856,7.2919715649157,4.013759124454808,1.103049519500754,2.7770790856964656,3.146427909896121,-3.9464155566202086,3.3993504169283373,1.373916073958048,4.265298340771784,3.2366826993728504,1.7295515408934925,-1.6541173424408417,5.2861576547530875,-4.4805528610902146,3.4452690225550864,0.7377865200079325,-3.830464637717168,-1.5945875689791777,3.573809237865855,3.651315028277602,0.5189842760490615,2.437006781165141,2.6462997850865255,0.2364966829918158,2.33975202625496,-0.7012897752306069,Actual adjusted month-end return from Yahoo/yfinance daily history,Market Table annual returns from the same adjusted daily history,"Oct 02, 2026 05:05:21 AM EDT"
PKW,PKW,Invesco BuyBack Achievers ETF,ETF,-6.511240404245278,0.9176635293537183,5.95345854410354,0.7502436611394936,1.489257056969362,-2.012052433915601,4.35843312124824,1.0175907853552824,-0.10345929200480386,-1.2647377277698157,7.472237338562526,0.854633601327115,0.6341968635419137,3.387125504802424,-1.0476008532406045,0.4234766866791695,0.13419888565595617,2.9573984713250123,1.9377591881839962,-1.297745350463364,3.2435914555259737,0.4316738124242159,3.3488491958995725,2.459909911134428,5.64310768790377,-5.550195923166379,-3.1872151205095234,0.01757058557780855,-0.6147066016166991,0.6431596452551647,3.841405601791381,3.2920407175431654,0.4534685735161581,-5.051649960078553,1.9519611542859971,-11.239679487056353,10.216590523261914,3.6000200125543946,0.3201084904137286,6.674485013459264,-8.614986950954751,8.165472301575004,1.53326818915418,-4.310203076511243,3.2896490124038724,3.179925115921556,4.537701722609944,2.558930303353346,-3.9286697348471566,-10.185591848749109,-18.03100631812874,12.340055080084333,3.857489996228769,2.1149102644068885,4.0592298891496625,4.403142908054325,-3.138017930019965,-1.8278472592638262,16.452320242847286,6.941493216207428,1.0226022037068683,6.222162308782586,7.264093552828976,4.156261873343725,1.5505501630267648,1.5399449981473134,0.4321213407857183,5.030879680090483,-5.163086586580656,4.503090622933303,-2.2181850853027707,4.9458626204439415,-5.6890945758696905,-0.6592796430967884,0.3196424392364783,-6.609202825214611,2.2958521320007197,-9.996879395584301,7.443232278503409,-2.521291410631421,-8.272011494179477,14.403133965681025,6.1947876034040394,-4.803693460415404,6.755479411590959,-3.6566551123043967,-2.975870869556918,1.445856873735596,-4.831971666599588,9.237452635496313,4.907756522161466,-0.8631662799032935,-3.0548476687703996,-4.534841488544938,7.218521053303695,7.945066196096495,0.9897151293252193,2.439997594343235,5.966681731981938,-5.857896795454954,2.689166217124117,-0.483620228373316,5.813283512634837,1.8555585012684617,2.476857198205562,-0.4365960385169454,9.822851704488379,-7.883500455618931,4.047589348000535,-1.7697631564271066,-3.9891993721061447,-2.414134781371502,7.321516493645519,5.07063754741599,1.1084131399438757,5.033208972455738,1.2188099098220162,-2.090867724024481,2.251191529575558,1.4793655244167425,Actual adjusted month-end return from Yahoo/yfinance daily history,Market Table annual returns from the same adjusted daily history,"Oct 02, 2026 05:05:21 AM EDT"
PPA,PPA,Invesco Aerospace & Defense ETF,ETF,-6.5375429776199585,1.260855733585231,4.890421700621084,3.086064129012933,1.5105953180830856,1.669881299689746,3.3653956163749443,0.6201493241426492,0.2325017346850755,-0.90275681526788,10.801667366276945,-1.3476932010585863,0.3353486516410875,5.635168155064774,-1.5596804017585897,2.916195121472942,3.2351736285544552,-0.5359266328188284,4.160323210061301,3.638645047403122,4.014234126068494,2.359147070935541,2.5142771004096343,0.14865850333378727,7.569550986314355,-0.34495647612048375,-1.6703303089682264,-2.078192126704914,2.248191650277076,-3.1391719904015125,7.192257134423508,0.5096003821399187,4.186008930610052,-11.443409535623328,1.3766279278706106,-10.216803862654578,12.234579425424252,7.153134174034781,-2.396690372441179,6.8828651498964,-2.0012872478281762,7.179199917554979,1.8632576720988059,2.494333440983598,0.29046870952178505,-0.5317518425046686,3.088764591845261,-1.313226733688666,3.364031179488136,-10.13160425695716,-20.943833702501248,8.040899610293884,5.697861228528089,-2.5487257104480188,-0.9749137096631499,6.216933925037815,-4.168863480129847,-3.301630797869648,20.634615555641965,4.544342074262553,-4.818037319049329,4.009304790104329,8.448121809553433,3.176136871918378,1.8256832659554911,-1.5024398772941483,-0.37257652936774077,-1.5493638521432707,-2.4555654566985052,1.9332275967277157,-6.317303793738627,5.367596432572408,-2.6435882338004535,9.82374420953549,1.5089233704700833,-7.23953708155255,-0.6606888765366414,-2.442854730005828,5.86391980759684,-3.571429701883033,-9.594838239255655,17.76193637363228,4.053698926015303,-0.7384102627569167,2.5000166671758084,-0.024890939532973277,0.4021606131376254,-0.2855183988764165,-3.0005042546424887,8.585531292311789,1.0062398602960876,-0.6563610221746008,-5.717073684643292,2.06765982368613,7.980343811643142,5.095077719406471,-1.226131774838135,7.503022770917012,3.911584572053095,-0.3347296203993544,3.7439475092668983,-2.0590965398952,6.503110347682828,3.747724367432226,1.4138202372840691,-1.0263558815830964,6.678970207718549,-5.232018723715859,5.107639952530119,-3.217498158300869,-0.09544959422713717,4.478761512612106,9.575414159599504,6.3121185661621615,3.0418363116118785,1.3493169897131452,5.371593950163622,1.5567701307026116,-4.155333263201122,3.51597907204495,Actual adjusted month-end return from Yahoo/yfinance daily history,Market Table annual returns from the same adjusted daily history,"Oct 02, 2026 05:05:21 AM EDT"
PRF,PRF,Invesco RAFI US 1000 ETF,ETF,-5.090367274511243,0.2912018212602785,7.054973504382911,2.3028783902710126,0.5655521413617803,0.3014338848616349,3.2036801796262893,0.5566520314082446,0.16549951974478283,-1.965827128938613,7.083680400914094,2.226401351015528,0.8337898775599095,3.0683427826928344,-0.8832621227693016,0.1560895613045954,0.03902034094778184,1.1788363539364521,1.6832908605049601,-0.6850024220058648,3.208082284981395,1.353223203683962,3.2596936676447807,1.8442482512732505,4.261352663737372,-4.8218396845978955,-1.923467761237807,0.8077554505900642,1.458531162365695,0.46956432171181284,3.614538179393123,1.97137502293514,0.3534901440470195,-6.062100370719481,1.6043451418151111,-9.805213869358697,8.250476888686942,2.9468078858633673,0.5417677641624152,3.8458184499391423,-7.338809920537226,7.517153377767549,1.165961897399237,-3.110151935018124,3.6816339716038815,1.7223934099279692,3.286343621955634,2.9429882584949496,-2.107150400683022,-9.496948726025467,-16.9121769575168,12.64602464189084,3.9565759511628107,0.6775570615909166,4.136270724595614,5.284179025271762,-3.6744979768508212,-0.9403400522712047,14.194447942580624,3.953424141009654,2.935435707869205,3.6394020015411144,7.210055334170251,4.035087743658328,2.5666832677332163,-0.5835155870700048,0.34303857992918907,2.16933760230833,-3.2478388043618467,5.373831960690856,-2.696705547399958,6.260076445528728,-1.7006235236044942,-1.167216723908726,2.879697253885549,-6.168793162575447,2.364006872123503,-9.207199248670484,6.754387433719766,-2.8127206107223968,-9.275749385147181,11.436169761248927,5.80057107853138,-4.673211516379472,5.510798996632271,-3.3414700673135456,-0.357733633691093,1.2437825735883035,-2.9862066900799067,6.733721159842121,3.8496931673819734,-2.500759845941236,-3.522290875433365,-2.6712724880573635,8.072336833920346,5.718019604000957,0.7102425248830091,3.864595679111127,4.934209027158221,-4.315074499318749,3.667469349316965,-0.09629403990244478,4.242419878753112,1.845298698605058,1.3122359671721373,-0.9106519708139693,6.557371431581371,-5.508877609899699,4.115024137499823,0.1904982139566691,-3.518406381157213,-3.0685466791573135,4.008185360743455,4.1975652699252075,0.7806822059347018,4.037562772922532,2.4454540183398654,1.0617232152413614,2.6045125430980143,0.48872227016181213,Actual adjusted month-end return from Yahoo/yfinance daily history,Market Table annual returns from the same adjusted daily history,"Oct 02, 2026 05:05:21 AM EDT"
PRN,PRN,Invesco Dorsey Wright Industrials Momentum ETF,ETF,-5.9667879210794865,0.6202243941073382,7.230903022562063,-0.48640876084589113,4.554566298972196,1.0980832782327754,4.94945228126118,-0.6622910686748251,-1.7729732833742462,-5.063817724019303,8.000872082147726,0.5785245851248622,1.2012003214813216,3.1849715513959653,-1.5720783395320126,1.7335171399744054,1.8380456914654397,0.7523674033309335,4.450245359366467,0.017875087335350592,4.31435967021625,4.498437434503733,1.599879673506166,-1.0551955765927934,4.675952979459863,-3.3071899868495014,-2.820559705891401,-2.819040076538115,3.7075380044242934,-0.42520757546820054,3.360500004146938,4.426221118348361,-0.7975492193921019,-12.360067958801203,0.6208939319306328,-10.079206003389007,9.06770283784617,8.60176805423485,1.2096093415987053,3.9292765886789205,-3.5444041033801277,8.466817874548326,2.6970202208069116,-0.19073372845253012,-3.348674459040535,-0.350767516874273,4.377099748388824,0.15226574753663957,2.3003657055555626,-8.521908525479994,-12.854224018836835,10.887522016420137,10.612438732638063,0.28271571248874583,4.7821411524557655,8.513582731220627,-1.9099559537086863,-3.186460295810767,17.404848897300763,7.254435019886052,5.948784593037271,2.233759088982157,1.5493082904670663,0.37162851021970145,-1.9389845007153461,-1.108565935754402,1.5585734697385556,2.881205003823162,-4.4019667863091865,10.741988476524543,4.890878523059117,0.8020268922164897,-14.116135665995044,-1.8629683763400573,0.5961960712470349,-8.240297000232266,0.13270582872848546,-10.623256939729597,12.920780919841167,-2.5646912921429843,-7.648852607865142,9.138683647110568,2.9777151578257888,-5.789403654504632,7.826792577366182,3.0065608392621845,-0.8773115138343779,-0.5375655698220183,-0.9008148573718011,12.692223735140917,3.2880452420897432,-0.874057183943433,-6.091190916904521,-4.817484420514284,11.847843380815192,10.217538161833595,0.6248536137125393,12.033209928904398,4.581120929711835,-5.517717857597015,4.277564140370882,-2.997594280713356,6.8321582031957595,2.0849505389405554,5.37483013218556,1.7321454125516222,14.205854867744128,-13.358810678986565,2.30879777570292,-5.702119025991969,-7.162011716616645,-0.6535567575007173,8.318112731811578,6.029525406008895,4.520852162961919,-0.03045305622293437,5.413962808768602,6.083228712700328,-5.870795819784447,1.1940630115800266,Actual adjusted month-end return from Yahoo/yfinance daily history,Market Table annual returns from the same adjusted daily history,"Oct 02, 2026 05:05:21 AM EDT"
PSI,PSI,Invesco Semiconductors ETF,ETF,-5.984895967084059,-1.0961394950021242,10.059711388076508,-5.383434945508014,9.701177497474012,-1.066846016363876,12.481093799035857,6.624073555359944,3.4373820854849635,-1.9511862745737574,10.167897827454642,2.337311994322877,4.682734436717961,4.2085872882651865,6.095992345606049,1.7477073738674909,6.517607545208826,-7.711593452948717,7.548519113804852,1.5374669177189437,8.46551096769408,9.492029261092494,-5.249578493465057,-1.4673775818780044,5.963949988082051,-0.16828831020413437,-1.011398814788611,-7.265884915775944,12.752555378118391,-5.337709365920351,4.561118630813588,3.1341641101273687,-5.321119963936671,-11.994734089536617,4.08033758801245,-8.752870769621158,11.622691948823526,7.278551118223353,-0.021147247567021576,9.485182584634222,-17.12020843407004,13.192395861950935,7.621527204623457,-3.335620856778121,2.4712308739037514,5.915926866875387,1.7801327858844251,7.910669116981706,-1.057155235238072,-5.643339314645724,-13.238135558742936,17.15123356011499,8.262656744026575,6.176863412192879,10.890686894441126,-0.5922372401586884,-3.8306263175931776,3.6812065664644233,21.53978903393048,7.572997229111134,4.031264798169554,8.702824537414354,1.503962652329549,0.5730024075026652,2.584411225579819,3.4009550664355404,-0.4050583549305431,2.1664150554157047,-2.350121117835935,6.506718365168251,9.8704775906723,2.8794274248626905,-14.610449129239234,-0.7094758179723826,-0.31568603693976627,-15.67537809474655,6.5318998032506626,-16.083914066367523,16.046733103630693,-10.013241049521483,-11.534244824202666,4.122677088477245,18.100312800786277,-9.403788661566315,14.768156361193018,2.2549340200221257,5.366153777293459,-9.970877165394821,12.846126504973764,9.118476874575743,5.687551034179261,-2.967423390335544,-8.41541276693587,-11.121487826541088,14.984214363328752,13.290168280147018,-0.8888788942208348,10.721547639375895,3.884404741289793,-4.572051795206667,9.229365016447645,6.865802252621966,-8.533676476763274,0.34812802014729805,-0.2127774263386173,-5.580659832488777,4.621606373967513,1.986981119549469,3.2458581435817146,-8.96321440258897,-12.959888708425382,-2.384964914182941,10.097285101505204,17.841412533452996,-0.7671848769530865,5.630256343116691,11.923598452453765,10.8361693820463,-1.1932205912156713,2.408700915061801,Actual adjusted month-end return from Yahoo/yfinance daily history,Market Table annual returns from the same adjusted daily history,"Oct 02, 2026 05:05:21 AM EDT"
PWB,PWB,Invesco Large Cap Growth ETF,ETF,-4.889764887002701,-1.3104535179699006,5.1864011751556305,-0.19429279544821432,1.1680906026411808,0.35768067253010294,3.619466545670824,-1.6692072671197766,-0.16722650732620137,-1.9570621237675945,2.253707621388279,0.853148782966251,2.724701424880105,3.993907930011842,0.7036216393953243,1.9796098396755557,3.1401275153673636,-0.17083461906508557,4.032267845274218,1.470185887177533,2.69370748887261,3.698961683472346,2.105547582819134,0.8080882118462585,7.375286778464618,-1.8181965285161916,-2.1389952342965812,1.3797659046698607,3.921590755610005,0.06988302932680046,2.15651808835835,4.3960921585673995,0.7483310340762994,-7.897994971207545,2.5433094165910886,-8.60384042546184,9.018555050863174,3.561196833323965,1.5552565272868746,2.7602047339208458,-6.766419045476246,6.650254050158666,1.4885215833192689,0.44816543150743016,-1.8865293740886746,0.28963357522320266,2.990938379964203,3.0161210550514905,0.5837701273929463,-6.384194871264359,-9.456897768288187,12.045716775465598,7.853931712711826,3.6972028548852176,6.938109270553361,8.400216029229535,-2.484857257962536,-2.9402248295695044,8.605170203543322,3.5984475892721024,0.41433163493869163,-0.3684165593464739,0.6909556602171962,4.7010177994831315,0.07016128892980422,4.423285931802723,2.3367966660279516,3.1364964098220094,-5.8149971417825626,6.957578636820472,0.15157410416373196,1.8665588247533726,-9.397039748931068,-5.4113059150410425,4.387608248485719,-11.778529940920968,1.09821481574075,-8.930117808582771,11.982279615660829,-5.388135351035728,-8.301567996991842,8.129940928890411,4.952890929192155,-7.393977349837577,6.628717857556565,-2.8257375668269247,5.135086808627598,0.7385608778700536,1.1302859825520928,6.769689241472365,1.3877067262209497,0.2793300565700596,-5.5405592709195535,-1.1948673296986123,12.197675014574116,3.5308299023172784,5.418274042237381,7.166396392331698,1.7295199483513546,-4.748564467823169,4.409161782225479,6.362613295213815,-1.9586997099381276,3.585306742745309,2.8774022461850457,-0.09121193261597549,7.221838674117009,-3.6877379589133508,5.956366785964029,-3.2189262205905678,-7.945945503220009,3.675553276122967,10.85668525380128,6.398003188809764,1.2772479298511552,0.14292766559262926,5.297621968146782,3.9387677511778296,-2.5314536946203225,0.03935389006657353,Actual adjusted month-end return from Yahoo/yfinance daily history,Market Table annual returns from the same adjusted daily history,"Oct 02, 2026 05:05:21 AM EDT"
PWV,PWV,Invesco Large Cap Value ETF,ETF,-3.9188849592096675,0.3220085233981873,7.656301440024826,-0.1996024320763956,1.9000035216369282,1.4666819318638336,2.6298812590632714,-0.03164167560251174,0.18432410603679283,-1.4612654465408936,6.995512706627327,2.421360098875369,0.5337983672668134,5.4572273236569435,-1.1004552673736012,-0.1698503245798233,0.3969560190561383,2.8190388723844606,1.0770439364626405,-1.2568371245495147,3.8752631464404885,1.7398033192395523,2.578266340778601,0.05665427331964512,2.0098004190425733,-4.799226782303312,-2.7787474002127,-0.9315272179657441,-0.11059479149244655,-0.714046704828819,3.8698837888867077,1.8898499095884702,-0.37104359258922637,-4.815415432994341,2.6700523856665326,-10.161768596132891,7.998803750331973,2.412014343665203,-1.1146433858129967,3.6137974062731004,-6.076315142611,7.561726311987593,1.6825478147798112,-1.4411769252088424,4.2961785580597045,2.4524230190746232,4.507263428431063,1.3393871960911463,-3.0229534846520023,-10.27431161764315,-15.38866834034981,10.189189660469534,2.981888786692588,-1.16796083607823,1.8485520806253986,2.634676379068557,-2.263789297761476,-2.64551544824122,12.741532196138738,3.929584496874905,-0.7002256977472254,4.883807684662433,6.715306840328594,3.6333855772135104,2.9178695825169187,-2.0401620647241714,0.1803034142856097,2.429667249194112,-2.350082692449673,6.1628486115504755,-2.47881271491065,6.564664578038948,-0.2051247176023896,-1.829403418882225,2.836629371749222,-4.662587447899846,3.024434613320981,-8.539208454893643,4.99428036081051,-1.1782771413557325,-7.477234267355559,11.428568568778964,5.968542828482959,-3.6532052305237706,1.5724420564287467,-3.0334683183396383,-1.7384378606950412,1.0379890841054173,-4.546467591035929,7.495228961762135,4.782322906191494,-2.1694521784903387,-1.5620488969507962,-3.8461384715520075,7.5111053913204495,5.443883956882289,2.0890739784667822,3.416994120013195,6.316950823625911,-4.357803703695284,2.8592461113957413,-0.713257492705166,4.978191512723118,2.128770338185726,-0.6517932673959836,-0.3943666894770548,6.266133754720871,-7.379313102596042,4.236982981890147,3.2889216259546883,-2.152356869092842,-3.965710594701255,4.741903600327069,4.559919240963883,-0.49887103858731185,4.560884312041269,1.3218007355821682,-0.7054173632951244,3.196911820060233,-0.03709744817732563,Actual adjusted month-end return from Yahoo/yfinance daily history,Market Table annual returns from the same adjusted daily history,"Oct 02, 2026 05:05:21 AM EDT"
PXF,PXF,Invesco RAFI Developed Markets ex-U.S. ETF,ETF,-5.939223676823346,-3.0836996225061197,7.460158349458923,3.591629972134336,-1.0920259015660516,-3.147212423276624,3.7626685844104335,1.7015740408719005,1.195084461755247,-0.2448670027046962,-0.16368204749441784,3.75908508608076,3.7816158456061677,0.0769961987560519,2.8975203506711456,1.4217716269512515,3.369399442719967,0.7608189788125941,3.1384258027233214,0.023242457129590832,2.9152142240203016,1.5409006468662056,0.42399420032515067,1.8766466283445693,5.418463798888418,-5.620577905550239,-0.8919870645818895,2.4859239675154576,-2.8408694552470526,-1.8268077406157657,2.6517741248278437,-2.809888883871081,1.3054205160176746,-7.624774150900171,-0.0500321323789632,-5.324181212795653,7.276127672982846,1.5403888459398996,-0.4434460026643383,3.2082429239359334,-6.647506222641086,5.758185718181341,-2.6089329995431565,-2.805137751718756,4.311316304604995,3.0769127226049076,1.2233845218726058,3.2137506588294507,-3.763840397358975,-8.335359285435374,-18.20993582002557,6.361261922646344,4.028469492688647,3.824600556008706,1.0401599273735407,5.547589147542942,-3.4569640949776548,-3.3295619837307777,17.834196673520353,5.529001430065317,0.16490079810789204,5.081159591137152,4.153536833254146,2.2496353148407255,4.590644809144928,-2.0380025149070446,-0.6647033265064883,0.7946237212686613,-2.0345413121352296,3.051632944271132,-5.5912293842344525,5.773208129313523,0.4010246049664046,-2.8799746318448394,0.6391741182105726,-6.091493974064177,3.9243170753885614,-10.158995987886444,3.140691812619689,-4.8964486513415455,-9.383424075078938,7.525664469524762,12.19512336819044,-1.4719176374835996,8.979322285234037,-2.1647829097416027,0.3297202711028957,2.8143410031604033,-4.5474619340520555,5.465414364021348,3.8256496173885157,-3.684686425258643,-2.4727867668432824,-3.353993264212951,8.034214203880197,5.05867254280874,-1.4771156883609304,2.570149730699467,4.464640103071571,-2.31620223564738,4.845344944796781,-3.006378242912311,3.4922017592085908,2.6200877290024627,1.4836497112011404,-4.968339406151189,0.040366810880665405,-2.7034850183200176,4.11358391828156,3.329319583863577,1.7927184791570516,2.962097678233122,5.26807875860853,3.2179231021171706,-0.191558298945127,4.990387042912525,2.3917692275753355,2.0104733394370466,2.2111825036263744,3.9891975399433566,Actual adjusted month-end return from Yahoo/yfinance daily history,Market Table annual returns from the same adjusted daily history,"Oct 02, 2026 05:05:21 AM EDT"
QDEF,QDEF,Northern Trust Quality Dividend Defensive ETF,ETF,-3.379546142565326,1.076232706173541,7.4596293038738715,-0.7485612736322644,1.6760162955277602,2.041160394212227,3.3875221484825246,-0.8387743892947053,0.17922711671809477,-2.418328397793268,4.520730620209079,1.9857994261344158,0.12890575589976638,3.8629941133508927,-0.09431475173907744,0.374033741504487,0.3975544621056093,0.8515567758504927,1.4571631512004357,-0.5112349458672005,2.3949880439702698,1.2761623522576038,4.041853643403104,1.7755339174031493,3.490464163974738,-3.2194344981072542,-2.453890900610145,1.257822052997537,2.4614971915230877,0.6371451575541309,3.0309782372853755,2.3970577253143777,0.3557487237686452,-5.0416519397880055,2.0697517167651336,-8.387112694481235,7.030837765039033,3.8516176845898142,2.0794654034121507,2.2844382258199403,-6.437504190508758,6.031436219444419,1.6233096252631807,-2.2319549235005787,2.883317880422842,1.2248424188209706,2.268779557630163,2.5198945758488245,-1.5899541102413983,-9.58758265104983,-13.737107147410821,11.56275723357858,3.495827481590208,0.25587024898188204,4.5422131155617995,4.504890654193638,-2.6737181977580793,-3.551198053054039,9.263581392065245,3.609370106969423,0.12521315943401223,0.4376846179434679,6.549683505983794,2.972223449768663,1.4052434578237794,1.2294603511653346,2.3057088536840853,2.217389510840251,-5.047888036186576,5.41861460722457,-0.4283435776534339,6.76665621745185,-5.033777078371326,-3.094996482441126,4.117655577119739,-5.609606800558231,1.0685993941259353,-6.6097370186513515,5.71886107550883,-3.7261278623355043,-9.18530942476281,10.232937378360285,6.083379977187153,-3.480804552171779,3.6151530865445425,-2.8887664927514822,2.649293592637436,2.0778159136415564,-1.7024482621041948,5.9560751267412115,3.416823272063274,-1.2108706698673588,-4.8343148407525955,-1.442044970809453,7.05309164185608,4.295446981789208,1.8117128361512247,3.7086291021548146,3.266670965601781,-4.360703932939547,4.478115576201613,2.6961836834362707,3.264703000913438,3.9148810017322067,2.1387872873736447,-1.3145002399823968,4.449492386269882,-4.128015240042238,2.1931124560473636,1.045146618442816,-3.32107616103241,-1.5166609045154988,4.416687941766306,3.516629096448032,1.5259954641922535,3.9106079832287532,2.7923783085306964,0.2750595917172971,1.9326748437338503,-0.3003134692095455,Actual adjusted month-end return from Yahoo/yfinance daily history,Market Table annual returns from the same adjusted daily history,"Oct 02, 2026 05:05:21 AM EDT"
QLC,QLC,Northern Trust US Quality Large Cap ETF,ETF,-7.321784550426235,2.174625247423867,5.40024938149859,1.3899903302866168,-0.9520380629857939,-0.8743347808744195,4.265647811518769,0.24285547202202995,0.48634059655709994,-2.6256805349021306,5.87111147249928,0.9246733211420555,1.332368935553796,4.79746167361208,-0.4825097696303349,0.34118908703215656,0.06801615739222555,1.4107756313010311,1.8169557627524258,-0.44615440633832826,3.208110645369655,3.3914776811426073,2.93660087126697,1.6008925433940613,5.3389290555631685,-3.0210923980252824,-1.8383441160970349,1.1697620157095079,0.9546268167727412,0.15619005121780827,2.8840601831647827,2.5457637682529066,0.22580140004140326,-5.813281675631821,-0.17801393408962696,-9.909259751402633,8.459691818711136,3.1518143994895276,-0.16937364701454793,2.444863787408824,-7.945308143237395,7.403330629786065,2.166859738920124,-3.45730484296074,2.7919745167294785,1.8965127431984419,3.433857100903004,2.99747507428747,-0.8405564126574561,-9.725384449485809,-12.425810709718533,12.754629799490335,5.207319727226212,1.819991690399636,4.69839838860866,6.398866056573604,-4.025885742876822,-3.657596583604772,11.149104605378968,4.827890747981223,-0.3384568535254706,2.0009272220338215,4.452318390400456,5.011252945040989,1.7534336324622313,2.1397453490624274,2.9230698601679705,2.8462362515895734,-5.166551753351167,5.921300182473188,-0.7167035374972874,5.001928181115467,-4.221810955216521,-2.761945945248201,3.137985246822317,-8.400285156283305,0.7835015041936177,-8.835593925713802,8.932046054743846,-3.945545616093571,-9.326153943968752,8.885219053698346,5.598426412058122,-6.1158583841124825,6.538367816355839,-2.1896326139881905,2.651901924919642,0.781410452716047,0.6618058459877174,7.0025938017083345,3.255587824492623,-1.3419609106266717,-4.465783152929492,-2.2462468404682356,8.7987361920969,4.8496355939988245,2.1332895294920995,4.805908283940652,4.076345019088201,-3.921613337047225,4.864766762909367,3.9936098336562864,1.9033757268709817,2.044892230528994,1.8763324482733434,-0.8456372446441596,5.853610922288377,-2.3739808078900304,3.224888233426504,-1.2417801555483887,-5.5601735833115224,-0.579921453615051,6.621456655613311,5.568296168175313,1.7972511085526,2.910347831156823,4.761882567594111,2.469049386623068,1.4394932076193578,0.2899746682345272,Actual adjusted month-end return from Yahoo/yfinance daily history,Market Table annual returns from the same adjusted daily history,"Oct 02, 2026 05:05:21 AM EDT"
QQQ,QQQ,Invesco QQQ Trust,ETF,-6.910434118015052,-1.5653656757927181,6.852648173976461,-3.186830933802587,4.370013685862606,-2.278029780723967,7.1508674538969474,1.050082783514883,2.213516387813641,-1.4572083026943128,0.43593955200440515,1.132265459198467,5.140058175908124,4.375060036031431,2.026903295024751,2.7269810321703503,3.89736621436787,-2.3179867186831626,4.061322598723804,2.073606410024076,-0.2952413840183743,4.606392723297992,1.9717249097144673,0.6031375406176487,8.757063141695376,-1.2928081327476137,-4.078829696097774,0.505810290261044,5.672972204246651,1.1450260583613758,2.796398775246489,5.780697221539821,-0.2816505542250547,-8.595728042124085,-0.2650201382049966,-8.660679880009138,9.010731953381867,2.9912264562178104,3.9245716226053773,5.49926008778685,-8.225168294639595,7.590033936201923,2.3347857946619976,-1.8995189898536768,0.9178891405528189,4.38003797809392,4.069435269799904,3.88637409419903,3.0384232588602567,-6.057430572264655,-7.285850928675397,14.973748888272587,6.600920639189156,6.286667244293698,7.3465151877568635,10.944720493496263,-5.778627058955954,-3.044926841861484,11.225808071805288,4.902409186656187,0.2613864373538499,-0.13349732599078346,1.7167413444982849,5.909835142805786,-1.2012449661018998,6.262151448490871,2.860936734812425,4.218649531011254,-5.683157599010924,7.86401200255793,1.9968650184233994,1.152322733720701,-8.747008847087557,-4.475961880713619,4.667871065514473,-13.595723952601368,-1.5866118281435693,-8.907894477135947,12.551729113902566,-5.132172459047302,-10.53554723918847,3.9998601627373676,5.54416638120343,-9.013695819801503,10.64295654435925,-0.3598054415957064,9.49273734046827,0.5078819314895178,7.8838176676224725,6.303868447975125,3.860106752744663,-1.4830268355578102,-5.079860636850675,-2.0654859335503706,10.818828370344447,5.586959100392885,1.8192156137578186,5.283345872792777,1.2749758105237596,-4.373779813360368,6.151811215088165,6.4701232465514735,-1.6781047560347484,1.103859142624497,2.6215997209296127,-0.8646208424062496,5.350816153627469,0.45403903275820223,2.1634010764750577,-2.703467634698431,-7.586180916681062,1.3968205243010123,9.178272734752513,6.385848507613345,2.4236910912897924,0.9539653971177842,5.376215738332291,4.780377553212256,-1.5610204316779064,-0.6699315580919407,Actual adjusted month-end return from Yahoo/yfinance daily history,Market Table annual returns from the same adjusted daily history,"Oct 02, 2026 05:05:21 AM EDT"
QVAL,QVAL,Alpha Architect U.S. Quantitative Value ETF,ETF,-7.207190431855615,5.956285912308523,7.389959309572847,-3.9206522686000445,-3.0638005613473185,-1.838759895422648,6.892490502820059,1.7772467909926704,0.024579994339690714,-2.2010977340145566,8.870228031481386,0.6675942493532538,0.44443156096545255,1.5687843346291253,0.8206070170722501,1.3824467080399527,-2.8786701316591445,2.4445593120409947,1.018379438851258,-0.6979410738321978,6.300447246129437,-0.2578471597880272,10.203102872950298,3.2730892875103113,5.372837348022408,-3.1520532924304234,-3.4718740700926065,-1.490075394361301,3.0924688847682624,1.675587865010142,2.4187755035262493,1.5011801177916118,-3.8092397429610125,-7.513692960698526,0.8019324771346703,-12.766323052898121,14.545897302270316,1.8863175655811082,-1.5108206238058863,4.338895127678821,-13.991786054964484,9.48655386927908,1.3729686985070932,-7.524559094554862,6.447899051634476,5.204587226955537,3.234393827535831,1.3525430502081104,-6.344541073974474,-11.337310150807278,-28.05339468357705,16.12364206475789,4.564917656304024,2.484809405348254,4.194550830156296,4.239832779122299,0.7715431666687644,-3.0156734536700425,14.98270868189817,3.668749541056626,6.423738182908423,-0.39232617219275845,9.788607340925193,3.7368315362768634,2.128739567293736,-0.22556619510083475,1.2700317686153983,3.5781777883530985,-4.892778056455027,5.087004628524938,-0.013936318347818055,4.2212586726148915,-5.675075677528452,2.3952075981785947,2.0318497119506063,-4.237341179360154,2.968900586407175,-16.66976971515737,12.14483742286352,-3.372121645676529,-9.559373311723396,15.410982105033245,5.3708908661096455,-8.606085640847772,9.684446089559295,-0.821985121624258,-2.7798564048146845,-1.8031207323041754,-6.7730566255957525,12.385052017623387,6.30059327129977,0.9515790642984356,0.3216941279422736,-4.845035219660831,6.819202896413201,7.843088106545215,0.22228308662077811,3.0064102935755788,7.862592215587716,-4.806408403024653,5.100514513973042,-4.053168598843349,5.637959476103815,-0.39082066408550054,2.6271847455359376,-3.350965834402042,6.727965212779341,-5.756779730902584,2.1729373182921785,-3.0695021853596627,-3.300802961727811,-3.7748926524553195,5.896676399189427,1.6576686963176268,-1.5246514183241078,4.43249819490108,3.4940967446865256,-1.0717995031800376,5.295771012434325,0.9034179465253755,Actual adjusted month-end return from Yahoo/yfinance daily history,Market Table annual returns from the same adjusted daily history,"Oct 02, 2026 05:05:21 AM EDT"
RDIV,RDIV,Invesco S&P Ultra Dividend Revenue ETF,ETF,-2.6420524057106487,3.5316038100572156,8.545825386283234,1.5174175748093877,-0.558652582569874,4.263014328159898,6.415129574341849,-1.34929683718773,-0.15199167553284765,-2.845105031730477,6.793044516355917,2.3678533785609357,1.6632804581756977,1.4638283830291643,-1.8953599126224518,-0.2985452345458328,-2.3954973798766876,1.316913352269422,2.0192086699786005,-2.7208893362462905,4.9022417588145295,-0.761086929654553,5.964929236977801,2.1956676074769588,1.9950853695739124,-4.8231379104419325,-0.3188250730482234,3.2211965025199296,3.8111006676636805,2.709743493212846,1.0724385812465487,1.5528027982107284,-0.704476032148138,-4.019737703649618,0.9727212101086291,-9.484123490346608,9.856637571199478,1.8487892279709595,1.8730961319423312,2.533662021027583,-10.012868599925905,8.688714185493463,-0.6904031568354285,-4.786088199987981,7.032210025359276,-0.2122718950470115,2.791800570004588,3.3321907559489716,-5.803339979841171,-11.54156750762052,-28.51588437809679,14.877084766202998,2.7777800671141772,1.0514335324328217,0.6179406645057561,3.143040264375996,-5.849367620089141,1.15327730758783,20.33837204385449,5.9155487759449565,-0.3254396185517594,13.802313413729683,4.751727791631599,3.8703119632322425,2.7099075949275298,-2.076346987994382,-3.1773065736883543,3.206426386470218,-5.4611585979856825,1.5661097145213132,-1.0869655919005683,8.593767823058386,-0.1660626648303576,-0.2138721177570191,5.261378002181316,-2.5775750159724997,3.863255629732909,-6.041744888361555,2.6870057794358138,-1.4144101045416857,-9.0312352692973,13.076933252785716,8.468219737654326,-4.832199857593267,6.885470019148832,-4.8314402494822435,-6.142850934127719,-0.9722997398224797,-8.861076085928254,6.4440554783784965,7.051619714421586,-5.3222070877978815,-5.0421221145934165,-4.784924553020842,12.761130124246023,10.424614925862574,-1.990863166216894,1.8444986799627028,6.277427865465168,-4.473043830760515,5.527625080878473,-2.0547760877186683,7.968747191225245,3.411213747960562,0.8524261787200338,-0.1001189864193397,5.812787088333016,-7.623139498406473,2.6321206287184484,2.2415172433259967,-2.5842808284339047,-6.370325462598769,2.712741806866048,2.945956488662027,1.0031401541986895,7.655694263153867,1.2407044160172465,-0.40291897277560107,2.677709314703569,-1.3768025751487833,Actual adjusted month-end return from Yahoo/yfinance daily history,Market Table annual returns from the same adjusted daily history,"Oct 02, 2026 05:05:21 AM EDT"
RDVY,RDVY,First Trust Rising Dividend Achievers ETF,ETF,-6.36757136236068,0.6182590540535049,6.605217180082312,-0.8165384474898563,2.038718855905275,-2.772208035745838,5.361425032054967,2.9850563162876487,0.6344471412155661,0.9801055955952709,9.764319682334332,0.873553653981074,2.351030900455142,5.54454599955565,-0.1840757820938066,1.2815328041364094,-0.11162712694958721,1.1426695309167068,1.6272163992693933,-1.819522479957536,3.556115076040367,1.2567577896893223,4.645344891797354,1.6249989606388793,4.250359175783069,-1.2199163394223111,-3.121999271754683,0.10099445812399299,1.1096410375643684,-0.07896536897348261,2.7045222633373056,2.9908782875130324,-0.11812219009121883,-7.351059661605886,1.7441678210609268,-10.349041375053048,10.750659847371026,3.303827520178104,-1.2901216312527164,6.470003905335808,-10.13852983777166,9.308848765371325,3.477152857147714,-5.071570917960333,4.809808948131744,4.27002585066103,4.558875387095207,3.8770433636484025,-4.124889627806539,-8.343001104725845,-18.360804873168778,13.655895240486915,3.6045411748931055,2.751558320275671,3.3364954708506644,5.396939757411157,-2.1704900640274194,-1.4605105018381859,16.598451346185495,6.784163976575086,-2.1281914676915648,9.107196532630034,6.941620289390271,4.858194445348807,2.3480138827095987,-1.3464666391733937,0.22897971024082864,2.990651039492609,-4.012501953063053,5.3718239905740095,-1.5793524926071223,5.554619414105089,-2.819087070921511,-2.2650475878991494,-0.07850556084559868,-7.3469415574842545,3.8546464249156642,-12.737432561417805,8.577730771589609,-3.398609201751579,-8.926491845022898,12.397137425061032,7.688801849993432,-5.867750250676885,9.107443184883856,-3.46411625220856,-2.5289969392617406,1.3594682377145562,-3.1222180566653934,7.604878482728816,5.265400937642872,-3.388451949592153,-3.6043273126977526,-3.721442477152037,9.086809151773778,7.778015840112684,-0.619312928876381,2.9016672599405435,6.731179811943044,-5.07387050558955,3.619645140269645,-0.42856594272218107,6.7762434048354026,0.49606634160253016,1.1139070717459232,-0.2871126085088549,8.892264281179774,-7.569006843928006,5.749070183373117,-1.710906880685259,-4.359357747602899,-2.596525543776529,5.559456044043287,4.526331556660135,0.9722576035215091,3.772697562113314,2.540201415309573,0.02973163450490368,1.560647153541428,1.9569154499428087,Actual adjusted month-end return from Yahoo/yfinance daily history,Market Table annual returns from the same adjusted daily history,"Oct 02, 2026 05:05:21 AM EDT"
REGS,REGS,Columbia Large Cap Growth ETF,ETF,,,,,,,,,,,,,,,,,,,,,,,,,,,,,,,,,,,,,,,,,,,,,,,,,,,,,,,,,,,,,,,,,,,,,,,,,,,,,,,,,,,,,,,,,,,,,,,,,,,,,,,,,,,,,,,,,,,,,,,,,Actual adjusted month-end return from Yahoo/yfinance daily history,Market Table annual returns from the same adjusted daily history,"Oct 02, 2026 05:05:21 AM EDT"
RFDA,RFDA,ALPS Dynamic US Dividend Advantage ETF,ETF,,,,,,,,,,-2.6775493939409256,5.570289800244277,1.498997728076401,1.404865160696378,2.9948743542149936,-0.44926329266924414,0.3270128518752191,1.1886002883445101,0.9141295449771825,2.3293682846582398,-0.6239008350019004,4.245967564291631,1.9135080065238341,2.9775325686632437,1.1370355987093461,4.992278845167064,-3.8753150324163266,-1.5534003337964397,0.4677593967039373,2.306345094694895,1.1584314734264245,2.1121989140554076,2.3652914080074305,-1.1860654605163168,-7.113727914695634,1.1594639238771576,-9.502452979342102,9.530358727290555,3.061395861388716,1.6405425125449513,2.6506025286650248,-8.023797649176123,6.887511203616725,1.0479451623752745,-2.576728610716017,3.6027569434110562,2.0461948954103137,2.1727511838137703,3.2672313276925102,-1.008476572342376,-8.540317435731248,-14.145570980131739,12.335742672900585,4.7705951162354765,2.2735365620065062,4.824604535117238,6.491286797129248,-3.066993832834819,-4.205192518933643,10.578494013129536,3.6045515652759486,-0.8654219323053325,2.2236890345526783,4.994723163147863,4.474808894205129,1.0707350163603024,1.9357146260126301,2.3261651141685658,2.250007335322013,-5.183129798388297,5.76275091728482,-0.9638568467029818,5.823928100047837,-0.7852696726289521,-0.9670331404171728,4.126488463820666,-4.77619595934724,2.9627697583143764,-8.130758980259746,7.086044158818794,-4.542639979946406,-10.738716125672553,9.118009942968254,5.724146126479401,-5.756691318985041,5.243532644226723,-2.6033214791285397,0.8276771670558958,0.6381059393604227,0.12276327438922596,7.057364718730597,3.2043831058226946,-3.147260650286776,-4.414530387924875,-2.490289269078061,7.253894403173833,5.008763528778548,-0.7947074084809547,2.7831652302334975,5.177157676921684,-3.2654707224205493,5.354265755364418,3.000893003343341,2.8421705205552206,0.518377432988304,1.4714858528525943,-0.8947547749705298,6.6920047524181125,-3.796277541068116,0.7492076941251202,-0.8721416527537551,-4.228437338841773,-2.5811342500007384,6.25655811448369,6.05781589623382,1.8714340853922984,3.940092036190612,2.9448028978945384,0.9983598652166803,-0.4636932448415565,1.1799115084839107,Actual adjusted month-end return from Yahoo/yfinance daily history,Market Table annual returns from the same adjusted daily history,"Oct 02, 2026 05:05:21 AM EDT"
RING,RING,iShares MSCI Global Gold Miners ETF,ETF,8.941611090384649,38.35841390068704,3.631985305391461,30.37384824228313,-13.620072955111318,22.38348439835751,8.990672318813253,-17.4319149878041,4.806781592813603,-7.374093419390826,-15.728137359877625,0.11702657610286327,14.944548434229743,-3.8090207139021115,0.0,-3.4847102619847248,0.32822969589432205,-3.758232305456277,5.391586289969785,8.131382415651768,-6.922271634103183,-4.01286089317745,-0.11148401600705737,5.192490646891845,2.4468225593676562,-10.540017140204249,2.6698281686878156,1.7523666348496114,-0.7777806778695884,-1.5126705267263119,-4.109573684084777,-14.40476060423289,-0.6954069495017201,1.8907441443556827,1.3745787104279206,10.264858979187563,9.001249799635458,-1.4706091576613955,0.8036935778063414,-6.719830028086859,3.7240534767115863,21.132644944505152,2.6934594145685553,14.544584187588372,-10.366349559108745,6.8276691115137345,-4.4782601829622015,9.819155822026238,-1.495641413696347,-8.013490172918802,-12.150414212704385,42.22340485771214,2.128435869625056,8.93074526150106,17.715229867020366,-0.8157919207468223,-7.373755854187536,-4.470287086961933,-8.878219306114165,5.409390051050211,-4.091228184856965,-9.790199312746072,6.046518179033034,4.532145144173527,15.629389943342353,-14.523505879629905,2.929596354174402,-6.52549232625419,-8.68919768607299,5.978027618237047,2.0337723893465443,2.7630221889863416,-5.487585663719652,10.04315921455834,10.766491604618666,-8.947538024114454,-9.508657751686977,-14.162335248740266,-8.126719408185856,-8.345840080740086,2.290073117560909,-0.7462604005508244,19.334052461063678,1.779244425506965,12.404838859584167,-14.342626548196558,17.069758796977986,3.6154117422996235,-8.780670436551418,-1.2060587793513933,4.120164262902715,-6.883757474152952,-8.366529719542148,6.328505306685472,11.949094374129299,0.8840848956240599,-10.008142322868018,-5.605790192767513,21.120695021862335,5.179912824335919,6.879703423336969,-2.2205217612019323,12.386825934436585,4.060578701571749,2.229793567294114,-0.2120608371526167,-6.527017332994445,-8.04158003471187,15.297051212052736,1.6352889398344006,16.45415931336396,6.517211181752436,3.548706212346131,4.017009679411987,-0.13704985644139578,23.307410512979487,20.033388503033866,-5.176939422938043,15.286824821650292,4.641260699913041,Actual adjusted month-end return from Yahoo/yfinance daily history,Market Table annual returns from the same adjusted daily history,"Oct 02, 2026 05:05:21 AM EDT"
RJCA,RJCA,RJ ClariVest Capital Appreciation ETF,ETF,,,,,,,,,,,,,,,,,,,,,,,,,,,,,,,,,,,,,,,,,,,,,,,,,,,,,,,,,,,,,,,,,,,,,,,,,,,,,,,,,,,,,,,,,,,,,,,,,,,,,,,,,,,,,,,,,,,,,,,,,Actual adjusted month-end return from Yahoo/yfinance daily history,Market Table annual returns from the same adjusted daily history,"Oct 02, 2026 05:05:21 AM EDT"
ROUS,ROUS,Hartford Multifactor US Equity ETF,ETF,-7.825025192100387,2.779544166387482,5.2888632679151115,-0.46391738526336823,0.5508293591911517,-1.0842527000291868,4.291218371001482,0.8541177000837452,0.010602064504317,-1.7707870983374674,6.37410137669947,1.8808386193924775,2.0625330124620866,2.8875500629333084,-0.7441318656690843,1.306822801281804,0.11025955238348484,1.8558579678545906,1.233894684403758,-0.6147932913652898,3.695406093000053,2.872460190885495,4.4134725119835405,1.8418015033391466,4.725056447281872,-2.200994668537881,-2.531498512258201,-0.032135491076334954,1.4781707029759117,0.06741981054285695,3.1438465725696085,3.0788426991834816,-0.9352841274836932,-7.506032906911053,1.9306069065322395,-10.158658127633824,9.496396144515295,2.4309992049594165,-0.3571955141171257,3.591061823631403,-7.307923850618369,7.19611661699171,2.1478301221212748,-3.8651700389584653,4.1401688841765205,0.9000309430992948,2.6299839925136403,1.7423700702484224,-0.474771672148222,-8.884925083762706,-14.1311299837382,11.038682989244464,4.124976018095916,0.089612564857533,3.656344756526564,4.6999510705552305,-2.075478059644653,-2.23551264243379,9.59744234053661,3.903862336779418,0.1481607766955495,2.162170330771418,5.350810069009526,4.271733105365505,1.1373789986670602,1.3136070547965284,2.0772129576484444,2.283815053785765,-4.642045193925415,5.7745097139003,-1.618769031988987,6.712168349474901,-4.88414260415505,-2.412225480347341,3.4622612401179698,-5.69359913077212,1.352565354867763,-6.471194232868493,6.642643783783542,-3.395748586892222,-8.109596003271257,10.022660138388705,5.506950322414883,-4.226977215948313,3.848526864418611,-2.6646872684304324,1.5791814466087128,0.5316299622113441,-2.516902932958076,6.515132192630668,2.3388814185442364,-1.1651121472467052,-3.706174296850595,-1.9647488604853103,7.7243720896109425,4.355639636471609,1.5753325352511505,4.290227248660061,3.73343488415927,-4.6966774877549184,3.8044491934116076,1.2505265265444931,3.9628706907439692,2.7358970911790292,1.3577222920517995,-1.2919278423485947,6.0558719340353395,-5.715489805600016,3.7532018060226324,-0.01894052187249029,-3.5518687434705987,-1.2024413239882459,4.030323956980308,3.3470523045868728,0.5028909776850332,3.2801993640962923,3.511344365307112,-0.19133431301275872,1.359353485720427,-0.25879567995241715,Actual adjusted month-end return from Yahoo/yfinance daily history,Market Table annual returns from the same adjusted daily history,"Oct 02, 2026 05:05:21 AM EDT"
RSPN,RSPN,Invesco S&P 500® Equal Weight Industrials ETF,ETF,-5.90647591755361,4.970542665203492,7.041736808983501,0.9234774411619018,0.8472775646290343,-1.3336140117343076,4.917496593138071,1.1934319840466667,0.2764974849039925,-2.5423411587424227,9.400107217810238,0.045192007158800784,2.8750403088530163,3.4712697471737775,-0.8087788681417907,0.7279446835809722,1.2076924121606325,1.878068623859952,-0.27757619490942353,-0.26901508934361607,4.899371088926152,0.9439059099820346,4.401918131082172,2.203217044743022,4.624547722131034,-4.039891859477073,-1.1788732668429502,-3.769484633484499,2.4895528213771057,-2.416994187022059,7.347286761507932,1.8370740922609707,0.8834349765855398,-11.319994927643895,4.937807876162825,-11.460506812042215,10.988454562511718,5.417007965313081,-0.1320044847655577,4.791192088308627,-7.810778012267205,8.834375222456181,0.33330194636151944,-3.0053804359959524,3.5389512804225864,2.427626014943085,3.7829149995994626,1.2003321362001662,-0.9513167057300098,-9.574865731840276,-18.764089683335648,11.7149261524937,6.2517310759425015,3.2629324071061117,5.246904426234877,8.456866094503134,-1.5127079991029913,-0.3710137402197833,15.342220158624986,2.225122276326652,-3.7850585860426444,7.144264854948146,9.321535679607118,4.305474913064633,2.6439354062661735,-1.7632608099506064,1.7316947529506965,1.7496683259978996,-5.5213080300206,6.4908715634202085,-3.2123352150637996,5.330722955196965,-6.156396980733225,-1.2075069513010184,3.109758725088163,-6.167465130877348,-0.28259486269466283,-8.891669804927515,10.962053802228455,-3.7559798364769414,-9.215219228114591,12.593628128145863,6.902438321035964,-4.09228752912667,6.74257358378807,-0.7252162411277352,-0.38056349204850237,-0.6981623045432483,-2.720972860477733,13.151555613795507,2.469433645809427,-2.5053483882717886,-6.0570014905981235,-3.7346593378751236,9.305491614670602,7.344478265353249,-0.9510720760523173,7.40047912031403,4.276200757237558,-4.422564139875762,1.3157859769797442,-1.477881445757523,6.121998890066616,2.5109041316899283,3.9023684360314004,-0.35149087108435895,7.936505273880767,-8.574478669306396,4.063757708899818,-2.4885279114246317,-3.7288228515038324,-0.735759606304065,7.638453970108605,2.6327867299139607,3.1571188081249035,1.2133257261439878,0.6709822391077314,-0.28520016197162157,0.10725079364555246,1.2850119880832622,Actual adjusted month-end return from Yahoo/yfinance daily history,Market Table annual returns from the same adjusted daily history,"Oct 02, 2026 05:05:21 AM EDT"
RSPT,RSPT,Invesco S&P 500® Equal Weight Technology ETF,ETF,-7.250467357203972,1.8345465923538917,8.249061219648768,-4.063563871946874,6.170075897868688,-1.4977830262345337,7.119999280728417,2.606956647415992,2.544801194046764,-0.8340192454904694,3.2973093555414223,0.5712312554950749,4.461212407587656,4.526661291139056,2.1636062069449125,1.7882283747709282,3.9365720903059787,-2.137744053365187,3.7259525271283067,1.946711385854738,2.5476307889576555,5.52466646987928,1.0036093726510709,-0.37855875042364096,8.77170645783032,-0.2765303551782061,-2.2978501106661775,-0.21806864854122532,5.093347404317128,0.06140332213058208,1.6030353068272607,5.261208597580036,-0.4423110921746298,-9.477128083177998,1.6081351699313462,-8.740441291534085,10.537509352474395,7.085501103763603,2.299580995554762,6.261023937085075,-10.146591635097192,9.532022871886458,2.468701448188848,-2.9097482186894896,1.5622118446276367,2.1753745227590437,5.604514485771306,2.898924061683439,0.23728987444517902,-7.459826355211419,-12.723045975104597,14.889646949128487,6.157840235790579,2.8058029275002783,4.99171606099269,4.390901800134883,-3.3022087922270793,-1.4857329732553715,15.86681009387143,5.819104191456681,-1.3961797669493903,4.871790061322834,3.104648803253718,2.7793394155899653,0.7427340223504553,3.9479240657684267,2.8580260670053814,2.198764721531843,-5.473737325646022,5.780319590087957,2.056530046803995,4.284067864944929,-9.249132247751913,-3.665934627828882,2.2159062302792965,-10.441315565142183,2.390415795109102,-10.71610842196906,13.942366331940237,-5.663239780912111,-10.721846218720954,8.060595109871338,7.590107930120915,-7.501494299502232,10.041984243630786,-1.8849761844426327,5.387521609145707,-4.95323547149159,6.595222873827966,5.3393836109398185,2.9956776980093913,-1.5846773827974059,-5.423362237673679,-5.293064955834081,13.765936940239287,7.772997268785842,0.18381132390230537,5.474020693253223,2.155089569358881,-5.7970914560220965,5.188532698373005,5.2537378848173555,0.1363918177921919,0.9806688443005696,1.8119629238569912,-3.421748943512015,6.316951688658867,-3.235648641667288,3.2870377684891983,-3.9068713452761084,-7.801470123084975,0.8772074391603546,8.260876716725573,9.32419815226111,1.7900770505383745,0.4095661939670592,7.0592479899908245,4.620905261929353,-3.730700357133976,1.4442753125850638,Actual adjusted month-end return from Yahoo/yfinance daily history,Market Table annual returns from the same adjusted daily history,"Oct 02, 2026 05:05:21 AM EDT"
RWJ,RWJ,Invesco S&P SmallCap 600 Revenue ETF,ETF,-7.756292757110373,3.1453352631504616,10.245933559270416,2.4340855691049157,-0.4500722456448836,-0.3797202993423676,6.80849097571079,-0.2381241414421642,1.5345159310767187,-4.87600422447465,14.022957177100736,4.266279020289643,-1.3855846495618551,2.3568675062803246,-1.9778643328769774,1.0961668867262464,-3.9575812913820174,2.6745239356108508,-0.3434680883484753,-4.506699972496753,9.247454861013281,-1.4819474962243118,3.994055581611322,0.02635685038625546,1.731526417160545,-4.951494683403023,0.5342304700653333,1.5042159445605163,5.302933007684141,1.487147048787274,2.792903626094745,4.135187279666552,-3.857405265118774,-9.642715795347389,-1.087748477791839,-14.382301376521035,14.465208900073922,5.396337230462622,-5.023728044195497,3.233679867776451,-13.179657043545244,7.712886465045199,-0.12668182788792004,-6.929926713323587,8.969040372724479,1.0983960722551034,3.1972720512271735,2.9142753559131984,-8.122796345092741,-10.535583671579973,-24.516242106846985,17.520877005831757,8.640991047383718,2.658433378580738,6.862580597432655,8.044376323383151,-5.801433196265437,2.6682506659383876,24.3706957054987,6.773484141521635,25.302083920339925,0.05906509134971927,12.22867146575406,1.5009007369510607,4.963667852836395,-0.6531755182530019,-3.8847525070967226,2.2799905013518362,-1.2834777210700699,2.8312272515825576,-1.6552677800538151,4.372332938698653,-5.3187288142188205,2.52144616098815,0.5390005397819531,-5.709758221686045,1.8033873004974277,-11.352116529719659,11.017234241682683,-2.945284144399829,-12.114071258206549,14.637689510426434,5.6134949850884075,-6.486988755275036,11.913776673445554,-1.0208943000455495,-6.296346162950717,-2.4966468592505953,-3.840890406765729,8.16826575615599,6.89534484449339,-4.05840594796445,-5.7510715626778115,-6.370124674075761,7.888573157979573,13.067049732130464,-4.006761301402961,4.551181991046538,3.2871602399789257,-7.1244903776991,5.30682728040528,-3.983962248293871,13.526304763979958,-1.868543618145302,2.7418514212756318,-3.3034328800858326,11.0180956211686,-6.520383106881789,2.9501918057635246,-5.710060676434936,-8.085339140659876,-5.159710200801982,6.917112039841844,5.185663339336988,1.5938886723183332,8.958627369440041,1.1046188367882293,-1.6563131605046855,2.610534010111354,0.25407282195595293,Actual adjusted month-end return from Yahoo/yfinance daily history,Market Table annual returns from the same adjusted daily history,"Oct 02, 2026 05:05:21 AM EDT"
RWK,RWK,Invesco S&P MidCap 400 Revenue ETF,ETF,-6.888940735696114,3.6282033267245106,9.839787294869717,-0.2083286133231499,-0.12526169182119906,-0.22992252207939545,5.79148521901498,-0.25790014204178924,0.21881622293615788,-3.0890990578025246,9.923971941540465,1.6614191592559058,1.7008277309407127,0.9998257147792788,0.0,0.04678867357237326,-1.3340501802495464,2.9417349252104374,0.5147000943329205,-1.8717715542833524,3.725016218331656,0.7910840904770122,4.124978623226627,0.9244718446930422,2.602532861545215,-5.13727074017416,-0.08029698072395952,-1.2555079426236238,4.707906775976678,0.45313579501442547,3.1112084621349068,2.00095038610848,-1.9297054001818692,-8.912941885240988,2.900552234217546,-12.596806968265051,12.936557750212408,4.077399057857045,-1.4807845757531468,5.215180713741119,-11.437273101027323,10.661829225764329,0.06564261202288701,-7.446285742028291,5.865624580218487,2.6032764932079955,3.748583576723652,2.8667803848058337,-4.8652800246260615,-11.522902301006843,-24.376690292860037,16.058386613162632,7.379445656001882,0.792579603403043,3.614472612643982,6.189040886392183,-4.609676376019145,2.9068537570886788,19.755302319278954,7.113009271841064,1.4618863030642304,8.991424950978155,9.574918871199166,4.0218572680564835,1.6761560184318958,-2.5008349519722084,0.7115218346491314,2.231701476139558,-4.300128764505551,4.275569646415089,-1.7918095723616023,6.196905838159017,-5.693460207015988,1.814527075205974,1.6584471460680872,-5.782175333636463,1.5774399520752436,-10.90720643879618,10.613006953527936,-2.921153070004112,-11.222923157468468,13.602133912702108,8.447708937496511,-6.07118424834221,11.668783194972821,-1.960578678340641,-3.300319385747008,-1.99738896517333,-2.6010482310820593,11.424697878179991,4.704907236796152,-2.425679172745343,-4.158585947462656,-5.211554757937709,8.297715166250818,9.348241060931418,-1.8470928389046848,4.54942573132564,7.107693625049993,-6.351007762955508,5.2602447191174795,-2.9495231162165125,6.139559885512713,-0.7981455202427323,0.8990668736060137,-0.9628704499192842,9.053823195705313,-7.221480681070291,4.611531021482529,-4.671434378396356,-6.6038264551477655,-2.3637322617610645,6.740723913696733,4.394346341335975,2.0446498961129045,5.466139907472178,-0.3349434744436386,-1.215907987530307,2.7451595953049246,-0.04589913963591874,Actual adjusted month-end return from Yahoo/yfinance daily history,Market Table annual returns from the same adjusted daily history,"Oct 02, 2026 05:05:21 AM EDT"
RWL,RWL,Invesco S&P 500 Revenue ETF,ETF,-5.527358259831894,0.8588549865906625,7.104805276417792,-0.04969441026042576,1.168337472473313,0.14735707402249165,3.370784896986856,0.02381667851958369,-0.476423938471493,-2.030304989761833,5.792813857994972,1.2784580975147675,1.4959710115704405,3.76418994702743,-0.5682104543821676,0.6475283410074084,1.1181838177692471,0.8022989931934177,1.6982123270959937,-0.9984753125139467,2.8755213913793654,1.0623796388630646,4.851753694916794,2.0502771100104678,5.19555924489381,-5.086927026523713,-2.5580209904020768,1.4050562696910962,0.4354880514722659,0.4658818845104884,3.5461271918862725,3.1392291107579906,0.41610421545479337,-5.7216531593035524,1.7815186545186545,-9.942350091038666,8.917029626694116,2.2884483574947767,-0.07486886534362469,3.547874258652861,-6.946244229989162,7.918594227925224,1.5923434575747075,-3.079448343914293,3.1863544140167344,2.1872113725335485,4.208245557349577,2.062526255177466,-2.5548539468492226,-9.079739132571774,-14.3785365613059,11.523570017447682,4.308771057230931,0.6409038702404946,3.8514349237791734,5.421664111906277,-3.696424861614367,-1.4833783066681816,14.737408687880272,2.6172228601606173,0.016039988063254462,4.382703354164219,7.354175788010764,4.1858453227297865,2.1675936376880367,-0.05283132224035425,0.7597497436924172,2.0196529611341996,-3.972557908046448,5.662439949332354,-1.9250467429479556,6.434994106752168,-1.8008850492922113,-0.8532922899170625,3.9932322884600024,-5.9005665370937095,1.211944174179247,-8.647257750109638,8.086418314876642,-2.184808847144215,-8.776923609210385,11.011780127004144,5.516809453831217,-5.550582977490381,6.0589637589109735,-3.5450253476389526,1.095054803967832,0.9855532006805445,-2.589477942756069,7.2865268585192045,3.4999901472126504,-2.7657005542921276,-2.5493042273943223,-2.2395615691251036,6.924996058881705,4.951977310446409,1.0428964919537265,4.174866372550712,4.742540460123168,-4.192896124222667,2.7839776850864917,0.7059919402550241,3.422597524268345,1.910417309154977,0.8333278877476813,-0.9789053302135309,7.1980288139311455,-5.592427313919224,4.983665329389186,0.06808668949709329,-3.05228627931462,-2.285075295520367,3.6571635959661952,4.018138382559755,-0.498612530557363,4.278710661953489,2.636674163716779,1.0121019910177997,2.5854392772024726,0.19314515721235992,Actual adjusted month-end return from Yahoo/yfinance daily history,Market Table annual returns from the same adjusted daily history,"Oct 02, 2026 05:05:21 AM EDT"
SCHF,SCHF,Schwab International Equity ETF™,ETF,-5.406385440389572,-2.953564142436771,7.1541285386860665,2.3607541604131255,-0.36035139192108767,-1.9529941503794612,4.057536778043458,0.6026372486090947,1.4446847695849918,-2.223004263536832,-1.5275275811920452,2.4318530178708775,3.6488518260609393,0.9759409170241096,3.1066776863430734,2.1426102810432335,3.474271229155712,0.6651843894887266,2.8634239046044785,-0.12234304902463133,2.511467433603598,1.8225365959340767,0.762893970491163,1.5867912189506894,4.842956000575271,-5.319136171047722,-0.32526524876623775,1.423907245230982,-1.6963872653784517,-1.6661591022173905,2.511330383421484,-1.8890068999067866,0.8724494610408584,-8.410394705830871,0.5209992845577549,-5.402300174454533,7.195761053738869,2.402104348277989,0.6105334106819571,2.8744918177370016,-5.215775416789703,5.959106544058779,-1.9632339178811908,-1.875385410864383,3.2070199648445596,3.138717290045201,1.2477155785162175,3.3416053234359033,-2.85461178315215,-7.376794384948471,-14.606739273203328,6.230651697395051,5.35521030888515,3.6810870006315666,2.4201694996168532,4.922880916164996,-1.7829363599284997,-3.439467389046269,14.182050644749221,5.517366609369012,-0.7497888454049306,2.462203487464021,2.7307707412615345,2.9771513095799174,3.5880076193212096,-0.8505236283834705,0.32954716671314,1.187457123725455,-3.370764049626984,3.2558121889386227,-4.45447155639237,4.178364223584419,-3.4216493199821563,-2.7970174073365883,0.6303311007667123,-6.835519985829364,1.929246494586967,-9.017197413433609,5.119235262948263,-5.837869225252579,-9.63701355754515,5.90118164900113,12.722389898652885,-2.2305925605713983,9.034450640462444,-3.416854764167454,2.5943420041399934,2.7586082454779115,-3.5794144558647267,4.534779037840586,2.9733505100274504,-3.922642240298946,-3.714200268608414,-3.1802102299149593,8.607055802457575,5.584871178673878,-0.9469612936088057,3.004631020107773,3.4738846297312387,-3.459772506151748,4.619064700753084,-1.5947054468405386,2.8630728291660024,3.1629809739346815,0.8584635462066892,-5.0097276600880924,0.40962763232337274,-3.57580722712898,4.432439213044703,2.4327127689113714,-0.05054019476548044,3.892829537470033,4.963491863983993,3.134658877741514,-1.4027145441606437,4.2221038595881,2.509921238490409,2.0618510374667665,1.0101029400830797,3.0331575895309326,Actual adjusted month-end return from Yahoo/yfinance daily history,Market Table annual returns from the same adjusted daily history,"Oct 02, 2026 05:05:21 AM EDT"
SCHG,SCHG,Schwab U.S. Large-Cap Growth ETF™,ETF,-7.041440805896604,0.12214979970024409,6.6097457709180185,-0.43875920603493324,2.011866578341981,-1.1608493395276587,4.993328625228788,0.272261003269314,0.6051005459552172,-2.5594868168213214,2.77470637609889,0.8547845742556959,3.5285727368602693,4.186866010920598,0.6568911173651992,2.248692474625491,2.3285833073894757,0.16280789804123952,2.6740722057361443,1.0325315853768613,1.1070186609016597,3.0271085027468336,3.05564101828133,1.0561922205160723,7.155937077372054,-2.81107552683022,-2.426363130146003,0.6135886553119585,3.9500907730108947,1.2654802838120371,2.6260192411782235,5.053368123276414,0.5899222941315729,-8.473503263047855,0.9723991353514538,-8.548963189169022,8.994602215755055,3.260984010950163,2.5879314868981096,4.544890495439091,-6.16570799331666,7.050919479294193,1.8867881411246623,-0.9554411559382969,0.29666176492095797,3.190107045293633,4.533374419547065,2.750168279222631,2.787614848424602,-6.56543310560076,-10.53886623803465,14.689247285377283,7.082658581125312,3.9670384122836966,7.730931711619693,9.799794481273484,-3.9650530029673003,-2.839286135108954,10.053620552729603,4.4145029125931545,-0.7164695140687516,0.40787671115039004,1.4879816280100489,7.636026411320662,-1.625055823340782,6.320746787687259,3.3365172633312845,3.8785097929376455,-5.39165678830088,8.893246487938299,0.31004746945026973,1.3974143465104838,-8.94048517293301,-4.043989533373349,4.67548128143207,-13.24511358298931,-2.880913043446953,-7.8883520491270005,12.933247344499987,-5.161069244224425,-10.025257284274813,4.443636352498803,4.014425060346571,-8.226669956749422,9.935226853332946,-1.2442789518458675,8.185590610113437,1.3810077433208834,6.372005846089945,6.773158106869803,3.535720753640059,-0.9536086123949628,-5.280855661062212,-1.5126266054118487,11.14214008000063,4.389068198583046,2.615698376507658,6.895347556423448,1.9974036695154629,-3.9581596930050034,6.0639940118106805,6.87894130627329,-0.9619194368319262,1.7622957361641323,2.61767793821166,-0.44154655161476875,7.173171822037627,0.4008789106092703,2.08108746189386,-4.112483137037126,-8.117387664743125,1.5175682303284255,8.418574311515181,6.091022274142555,3.4577184016815865,0.9927260908246804,4.652935491603949,4.606695992784249,-1.7375688978162773,-0.4520158979344102,Actual adjusted month-end return from Yahoo/yfinance daily history,Market Table annual returns from the same adjusted daily history,"Oct 02, 2026 05:05:21 AM EDT"
SCHX,SCHX,Schwab U.S. Large-Cap ETF™,ETF,-5.373725805467677,-0.1522607572792989,6.428380619788299,0.4299785382090304,1.753287387933966,0.20859042889924684,3.797480366689543,0.1935532574793175,0.08622320776272563,-1.8597267016611019,3.770195151591005,1.9843758092971342,1.990262900922679,3.8475751403682423,0.1764129702130912,1.066281715699735,1.353913814993879,0.6838133445483008,2.00797570457234,0.2884354407900247,2.0648478175614216,2.2984523149315317,3.0120582750467806,1.282706217356533,5.534666267138899,-3.699299915717058,-2.286573967694683,0.3170522743289661,2.465261982921785,0.6926667185125801,3.5697364003324683,3.2685179487828453,0.5171923523029198,-7.0299044527070915,1.8864834847615475,-8.785726551715056,8.073678158765496,3.4097966603019225,1.7657913569712802,4.023088265778707,-6.327336300260344,7.024701986021253,1.4532211001873963,-1.7694210446608571,1.8755455690227851,2.1570544809825787,3.7813953663476063,2.7797584077602133,0.15620695915916638,-7.929290284470203,-13.020036090045139,12.963279061490285,5.10186952623588,2.3061133828736757,5.856954979228113,7.304930456976089,-3.6213128033067643,-2.381279633436173,11.548738557333603,4.0186245750084115,-0.8026190498029107,2.8374918314379993,3.8168200765368754,5.394136353934553,0.5532935443912423,2.482867409150069,2.289118608942853,2.896055721648616,-4.626768673351878,6.9114892283886675,-1.2677613120950393,4.050578462934018,-5.702007465377401,-2.8137513806378855,3.540757251952664,-9.006507939537178,-0.2652979760721097,-8.22930954267277,9.15808146528001,-3.897434196658467,-9.229719409689952,7.839396476598948,5.452166043292617,-5.820444764106536,6.5559462641021415,-2.3487812770779604,3.3521682781486373,1.2817698628616148,0.6123830198961677,6.639349468266409,3.5134652381716203,-1.7340016345565812,-4.66393996727782,-2.4110442676883115,9.35598865286491,4.87896685254452,1.47162208608147,5.399266126388147,3.214349138696493,-4.076697143308583,4.6531221054655125,3.4601920985782186,1.4163248730147737,2.286681038749272,2.1123242061686476,-0.7811406963824763,6.4616733890768385,-2.6503053208011274,2.9766957305904285,-1.5081513333614294,-5.8060951208810385,-0.6793294071124056,6.247133404129324,5.20675613457986,2.454996259217612,2.116599262958041,3.297524439995181,2.3917960833440333,0.11124033726954696,-0.03321715187996066,Actual adjusted month-end return from Yahoo/yfinance daily history,Market Table annual returns from the same adjusted daily history,"Oct 02, 2026 05:05:21 AM EDT"
SLX,SLX,VanEck Steel ETF,ETF,-9.692311669041176,10.335048936952518,28.61553372818364,18.647435542560853,-15.885322096429988,10.705698535616893,16.51574307292556,-7.460363430886918,4.299630803027288,7.0531483977594345,19.344168756487544,-3.7588833717230985,9.314623995698845,3.752119647432517,-5.809620148389505,-5.771604897693017,-3.8117758516765687,5.219994318122878,6.909094894513945,3.6929104895019327,-1.1246505986069577,0.42654107118802465,-0.047190071098834885,11.072141987886797,7.808078987201483,-0.4450870130670581,-6.94979854948058,5.656258097513778,-1.136835006525705,-5.33137877416655,5.764114893694305,-7.9348524112332175,3.9918482905494157,-6.979267935274425,-5.955470207156488,-7.71873183194709,13.863356920544877,1.008317052488783,-0.19963450762228163,-3.5508837841226826,-8.944779803536452,11.389495289024133,-4.677902729625439,-12.63070992195593,4.051551191250113,1.7109018426731737,6.525526724423059,5.524904791469054,-11.137628216835449,-12.503717516258128,-25.375184207626912,8.683759244239742,9.545827205032875,5.8349372189033355,3.6271294531958764,7.595379832821214,0.520492414576923,3.495151063179125,24.202624724241485,14.467335347086152,-3.1369060449201625,12.306262184404693,14.933061838731088,6.039427213189552,6.760182903413714,-1.9154717309985636,4.551331246154633,-3.5813531090556516,-11.607423202995582,1.99239369532338,-7.742848121500689,9.695394663593593,-1.6544447154117958,14.85376052309817,12.916095336421085,-8.210486546521667,0.9153732882442922,-21.276264256081568,9.096432554127865,-1.9825776838872655,-9.735353097161891,11.287945216236196,18.554767395643125,-3.5149194696095676,17.548397939478157,-2.8974833556052237,-3.453492823205928,-4.534045785859464,-8.56204220307818,14.953278102939427,10.490920397624492,-4.68373875900594,-2.657358424912881,-4.4532579466525775,11.636076184442334,8.553738394733124,-5.883943694820449,1.7286085301198684,2.832066577833192,-5.205191789588315,3.6025624842432213,-6.590013421489904,5.253685687931942,-5.019977290757371,5.7357425065826195,-4.615172774943077,6.16347101600625,-15.123318365467664,4.190901147181414,2.183550737969586,-1.1889448030824923,-2.2276445753974916,2.8937255913071613,6.933909143979355,2.8718138300526608,4.451955901408988,1.9552677677609376,9.492277766871581,1.8901219004751724,6.603332709718579,Actual adjusted month-end return from Yahoo/yfinance daily history,Market Table annual returns from the same adjusted daily history,"Oct 02, 2026 05:05:21 AM EDT"
SMH,SMH,VanEck Semiconductor ETF,ETF,-6.681684301463065,1.428005945989197,9.220711768269062,-4.75672564814178,8.463606709064875,0.19330747118253555,11.383959001250442,4.267732518860545,4.923706805337025,-1.7273583976481266,4.086712961585737,1.6283356472587718,3.9084441626149102,2.619550698835549,4.346127104336905,-0.012538594220345978,7.892080347964092,-4.802886879817203,4.8619514363052785,3.1920055120782775,5.351094688963376,8.883389795682351,-1.3384445354200025,-1.0420252639206762,8.894807082448008,0.028162556243405135,-2.1212689448849686,-6.827761101294616,10.323182261016296,-4.216825808822023,3.1362788180670176,2.8803491748644383,-2.2856754020471826,-12.202906856669205,3.5202161351865158,-8.055835860309257,10.666821362371937,6.977954727939117,2.9033159286719012,9.329441480641432,-15.501074547446358,12.165323475675338,6.271556803391887,-2.2802947557977182,4.1164032402350115,7.017553209718597,4.251314310634413,7.992232998437032,-2.715502393587599,-4.070658621425571,-11.237398047261681,14.162532840563768,5.458772518067212,8.345725213871535,8.7827245722899,5.504753923780603,-0.6671553709339473,0.4305428033780867,19.239782973065523,5.431775269302297,3.749654576446293,6.328049930303048,1.0790681354301945,-0.22582608969660134,2.5473210981066696,5.236975845498426,0.3432114289387833,2.922364577652603,-5.376057495124076,6.778007656825569,11.42375666076132,1.818228145404599,-10.813174477173337,-2.6325508195112257,0.6116113758175779,-14.804104480857127,6.408529624999559,-16.702108492856727,16.40897369215939,-9.52521034869751,-13.725124398511191,2.21477702707098,20.351966567334358,-9.872509109068062,16.832570867552587,0.9700428555623475,9.937334349118654,-6.056450015778836,16.74823450400842,5.487421575731699,5.497538064782481,-2.7393876785186566,-7.194982593686284,-4.159195804318894,15.494784985058052,9.623665173542983,6.290381541996637,14.031316962406182,6.152399887858584,-4.8446650670050495,12.326589761413697,8.40818259593059,-5.258912501444824,-1.4292088263154645,0.8173802067036551,-1.5359577199166252,0.18620305999992315,0.4598073071112374,0.5987565623802649,-4.453657888379592,-9.15066551065774,-0.08984570539989356,13.475007597713473,16.32116848342553,3.549914912119023,0.5228979189877636,12.425489445693682,11.232998883499668,-2.9585092262622514,2.5464332415918944,Actual adjusted month-end return from Yahoo/yfinance daily history,Market Table annual returns from the same adjusted daily history,"Oct 02, 2026 05:05:21 AM EDT"
SMLF,SMLF,iShares U.S. Small-Cap Equity Factor ETF,ETF,-9.726487565427878,3.7037214177105815,6.057014079398537,0.8197429963456404,0.43861024657927405,-0.6019193407557744,5.856488344806654,1.215221956895296,0.8637792421241963,-2.7598152244979746,10.910188984903414,3.3955638499978624,-0.3953608177887591,1.7295230872115264,-0.8312293234629231,1.5198081938032182,-1.8851897823793151,2.6244189065109502,1.1589573808609144,-1.6911853888618822,5.9324349839213975,1.9031202492749255,3.2715127677124034,-1.0363074737422706,2.5809956726389416,-4.415424624591036,1.1195489161731853,-0.11763930457943106,7.104467957910976,0.1678558404021313,2.893315297669141,4.2528895504661435,-2.8925331280949207,-8.67464939474749,1.6880873528683837,-10.897401124798112,10.580676081614016,4.216086576728739,-2.574995511728817,3.6150703111840654,-8.75844708383603,6.645478201522437,1.9360038630823473,-4.7333964816160705,2.242824968600443,2.65734910473876,3.7948382255925894,1.5029251732051163,-2.6101187278874005,-10.050266701175126,-20.426459193536594,12.151726696836352,5.208020074348241,1.8385748089057907,4.62054525278961,2.810483128821639,-2.6295855822495606,1.7977094583671693,13.468668729474743,6.953190858008584,3.311111240219833,6.092649271654826,4.7426617497631,2.3260306132959707,1.0620429478292337,1.3021400932740512,-0.3737480788268188,2.4796212705513243,-3.7766757598312606,5.004634754630355,-2.622241114108992,4.734252187692989,-6.986883152377965,1.6901342986151535,0.898768673250272,-6.597037635117764,3.119474935076161,-10.55822333775096,10.258067237930701,-3.423585964017606,-9.952576270770674,12.823976341664455,5.287122248846954,-6.224189653955037,9.484520176388234,-1.269072475129962,-4.174613625077406,-1.6777221504553297,-2.0238010516618887,9.081908552906892,5.594922775401434,-3.3910236481251466,-5.003726620239435,-6.160817429931331,9.037357440451576,11.17343718649595,-1.9041138319739415,6.013866045124927,4.221429013023581,-6.16546513878431,4.508893198558739,-1.5580653991858262,7.368070130564464,-0.8216596121761843,2.170025200890491,-0.587801008910771,11.70407405459024,-7.97792884991132,4.355601907114615,-5.408884682829074,-6.464399126333142,-1.8178844737400612,6.685241691908206,4.693154304504343,1.8395916683439095,5.578042765419311,2.0981853772244374,-0.21519241215232077,1.5231161702666807,-0.2697668752728699,Actual adjusted month-end return from Yahoo/yfinance daily history,Market Table annual returns from the same adjusted daily history,"Oct 02, 2026 05:05:21 AM EDT"
SMLV,SMLV,State Street® SPDR® US Small Cap Low Volatility Index ETF,ETF,-5.222983155528905,1.2434601310597593,7.707731501243198,-0.2606028224935608,1.907479880497931,0.5464476767621518,4.748451149608246,2.278883479038618,-1.1256412359144985,-1.48835119050712,12.904035329694818,3.9602880033293264,-2.1620523503699807,0.7657886353963583,-0.2191516704448615,1.5401379222603095,-2.560252724042389,2.410303990566587,0.8342711481413412,-1.8695829089667049,5.516883333108336,0.34452248692888876,2.882118971130776,-1.6381417436416856,-0.2627091123903025,-3.9293311989234025,1.8813625790311095,0.6872330746041433,4.789076672289805,2.349346979457634,1.238803732993654,3.463658077819054,-2.1445621721740693,-6.808339998116919,2.2913228969845267,-9.34094989504345,8.747557849056541,3.6059297299745108,-1.5607131495429027,2.8636688531446852,-5.355419654021354,5.279894708234978,2.494070731866538,-3.5032411363778437,4.022074022074018,2.5665347426125473,1.671610348805852,1.75335007448707,-3.1275041981062235,-9.221239914669244,-24.35926110757626,11.590270045060059,0.610169036406738,3.6648575060029387,0.44538741004394033,4.395491473813284,-5.047755264841902,1.3989604116041443,17.167769708854586,7.509107120792535,1.5673565808456136,10.432136414272875,4.207451274031948,2.252725931348243,1.0444998625668278,-2.197711012008652,-0.03553462588684608,2.42559957452404,-2.1624663645976816,3.8684183244167336,-2.6516495330594747,6.064517617740028,-4.954373433687554,0.12326069281740626,0.8075047763299814,-5.965315159223039,2.4406386595073437,-4.547433890396169,6.85587827637284,-3.732945727696524,-7.447441168899161,11.910061304567199,3.1402649787142467,-4.76822293941761,5.304227083738411,-0.9174367365013869,-5.650556585188271,-3.82383313010336,-2.700045478695001,5.629864187563904,5.566858565319066,-3.6041818533882664,-5.300539975591889,-4.074817966934763,7.104456422387306,11.596180560198865,-4.194807816705626,1.1131634576158511,3.323671834275088,-5.355215367142286,3.8381570712546997,0.7597946674354317,15.024563684965585,-0.4030114371263105,-0.7536276612297832,0.8291690951617081,11.002008273598495,-7.423450122341235,3.024389065611577,-0.44111639992941987,-5.492582682807068,-3.1008384982019965,3.7880136960063426,1.9375685065426085,-1.1509916405205933,7.374459552439894,-1.6465246778173626,-2.5127138590896436,3.510429006371041,0.9390062018979295,Actual adjusted month-end return from Yahoo/yfinance daily history,Market Table annual returns from the same adjusted daily history,"Oct 02, 2026 05:05:21 AM EDT"
SOXX,SOXX,iShares Semiconductor ETF,ETF,-7.580164930509525,1.7343364531021033,8.792105312230625,-4.627841972918101,8.68621700624741,-1.0879818317415801,11.063686101790072,4.711529689850713,4.191248014276927,-1.4426169898901664,7.20183078679193,3.0377251650395065,4.18834955742986,2.8155753050639776,4.40304096095907,-0.5697868487796187,8.728241596358298,-5.030308599182187,4.835930709536096,2.905186508552071,5.182441925731829,8.923494015218925,-0.09264051612520863,-1.4134435574421178,8.633169849398792,0.22226128903335418,-2.4210246877241492,-6.292685082130712,11.089336745714151,-4.575969188585638,4.073184436113619,2.5983551663673277,-2.339868156373248,-11.93732013152905,3.2461665825572306,-6.542116514193608,10.056722111693572,6.398733595372574,3.4373425859203666,11.617610368199017,-16.562666055324748,12.86270144920465,5.629787605926961,-2.3141738072870344,3.7254262427193874,6.120803200204561,4.065040914169193,7.931778000832801,-3.2018907383609796,-4.636713106839185,-11.162334095054883,14.536346884372463,7.156193332725125,7.782197126596335,7.206409136738667,5.795650612812042,-0.4910539089579835,0.2856335568864221,18.43982587100763,5.014229509390611,3.2279982016870656,6.5121947033699445,1.8899392310241625,-0.46228853138835513,2.5235202978683757,5.10370296760414,0.5922419018228764,2.468748663414,-4.534502115723626,6.450269567706313,11.50582347810223,2.6666001833681285,-11.589103545996016,-1.1074534835289973,0.003002642024707569,-15.318619294538427,6.3276413344567795,-17.834855567038034,16.50986422390046,-9.240688319540336,-13.316513980074562,2.431510253491198,18.852626605683433,-10.07077849433583,16.00667270199878,1.5234463834562506,8.774520099971905,-7.315545546123836,15.66459328611629,6.554627952746239,5.527757577722814,-4.601164467885388,-6.918993023696951,-6.599791941805044,16.107958339986283,12.379160925375299,1.7271515080137911,11.268665527808874,4.042749839847737,-5.280625643698067,9.355571778319893,5.527283322296439,-4.561482840523912,-1.8013395190422221,0.004954665479517395,-5.347156410304066,-1.310363792782776,0.19951184946067624,1.2251112117216634,-4.4056315112046,-9.643908414609637,-2.3011084252459457,11.477381192703273,16.7282666653064,0.5571824910988399,2.203892911447025,10.749290808834978,13.067997741091153,-3.200116889761584,1.634832544573439,Actual adjusted month-end return from Yahoo/yfinance daily history,Market Table annual returns from the same adjusted daily history,"Oct 02, 2026 05:05:21 AM EDT"
SPGM,SPGM,State Street® SPDR® Portfolio MSCI Global Stock Market ETF,ETF,-6.373992325499289,-0.6946668622710761,7.904837682899091,1.7504108175893096,0.39824384354758546,-1.277205716072194,5.382233915919166,0.41411819519145965,0.16803872055990432,-1.6468524052774103,0.5116171272536274,2.410313978643841,2.1672793587417027,1.986849417162495,1.5526552808317495,1.3269760256074736,1.9359280152742242,1.172481771888556,2.4505489934505853,-0.35333546994524845,2.8777846062822965,1.749972782825493,2.136801116743814,2.130506406610455,4.679169397238159,-3.9491163602781043,-1.3747490337334134,0.4092769282452613,0.050919325379572555,-0.9374014510105,3.46923996110462,0.5755020566515334,0.8085588480709838,-6.922512498279742,0.9943253435865662,-7.638466878369399,8.302216083775814,2.427049425388228,1.1135388452714334,3.8289165283742044,-6.253089519952859,6.426876131854331,0.262678319140619,-2.6572045088920526,2.2940111611823966,2.7311290193624105,2.8536589476504615,3.263436496320815,-1.8634947211898623,-7.524354462179095,-13.680691156985647,10.258723879164776,4.234067584908252,3.753676500717873,4.418797377046757,7.309458368893429,-3.0248986091646612,-2.88818417064568,12.800417619250348,3.6825041872049935,0.8827640552736105,3.601952137588227,2.8285230794293126,3.8204335769576936,1.8951351479621348,1.039141967769508,0.4142577381014645,2.4574003805955424,-4.166657084614512,5.498709398497259,-2.3376482345396576,3.8003108605554115,-4.218544112883816,-3.1949404003977278,2.1816029865223907,-7.901467262121676,0.43590769185337663,-8.276990126844996,6.5869582834349405,-3.5080554994951996,-9.575153668166758,6.802245750248392,8.0980830935935,-4.449773778196375,7.613102338895916,-3.168580159968426,2.6342864049478276,1.5039032286522591,-1.165556685829583,5.867846895885798,3.706538037808249,-3.058213640056484,-4.047899523090681,-3.1887410794628868,8.715215468358007,5.221457259959661,0.28912042021371764,4.378386954859836,3.0208748911924044,-3.4182228986065044,4.337258101231201,1.9952715894298922,1.7439938504545838,2.3932764886955837,2.2899530232479703,-2.2232448345067324,4.168633925098453,-2.957978357373281,2.921206296131351,-0.3681980824782216,-3.8805183465627446,0.3844974084405761,6.06447094898841,4.72794263759253,1.3767942175116454,3.2737719907554252,3.682180517988898,2.4699539840376428,0.22676375894910006,0.8943845167783238,Actual adjusted month-end return from Yahoo/yfinance daily history,Market Table annual returns from the same adjusted daily history,"Oct 02, 2026 05:05:21 AM EDT"
SPHB,SPHB,Invesco S&P 500® High Beta ETF,ETF,-12.295064272462275,0.155747956459118,12.020888768256821,6.564784043205951,-0.03260183206837963,-4.03321298349999,6.267006184919488,3.3974396438647636,2.062070067402777,-1.734093815780302,12.879247620201518,0.8757437504239185,1.9677778406845814,1.2328858708506418,-0.3549018306230667,-1.3833644447430515,-1.5915850149796573,2.5119776273393013,2.6103490846518307,-2.8323996061714096,6.830726013065425,1.749949180755217,3.564299929466186,2.6123713414838656,5.883769335014,-3.7786394895983566,-1.5694597522435738,-1.2941106287051696,4.719898728087291,-1.599674202019019,2.9090202155395817,2.3292483283147147,-0.36199388771070984,-12.880978898348804,1.966298819120138,-11.172877102404621,12.949784746531057,3.8635244747895925,0.5218575918747081,6.230486681835545,-11.684814207493721,10.270094975423927,0.3739938118594077,-5.891952519106047,2.6423406755603285,2.3948022004816494,4.7011174082419505,5.638636192948265,-4.0737756438672275,-9.208725245881165,-26.79563659613482,19.308408599306514,9.153552472297232,5.6255033956202904,2.22445407959011,6.9192931918560685,-5.00800292147966,1.7573548692753516,25.904899330159182,7.1366426603509,-0.6341341553819269,18.454163553430615,4.272590034813328,4.904359011650805,5.182348647841906,-1.1947043790791034,-3.6919419448767865,2.720529203984734,-2.220426847371748,7.510267696750561,-2.633906941658204,3.4836359913569037,-5.8592721035656155,1.5862109448682604,0.7373887958156411,-11.479717738045725,1.3682266838185297,-13.864552471294333,15.714048940157777,-4.92482069361685,-10.89709241917397,8.694895623411902,9.458168433650659,-8.55334660399637,16.155925643430514,-2.320433394273269,-0.8893448304544305,-3.902206218052584,2.424475452899255,11.132762251043005,5.524265776258308,-5.68168477455292,-7.578819268142767,-8.359494031268277,13.947682734346035,12.802394930252415,-2.451456260264051,4.914162246874598,4.376215789754334,-6.564823194283842,1.463739075001591,1.7401330353787436,2.9485003939458965,-1.3572745060584368,4.213547731336664,-2.9365686927233736,7.49422868279086,-4.647600837522193,3.0005390867483994,-4.862539014976308,-9.74541655113047,1.162790011112147,11.026902397886062,11.154922469549433,5.403469570944686,2.0136280414687624,4.887868672391971,4.826957443670921,-1.6594253998620023,3.5058701336737608,Actual adjusted month-end return from Yahoo/yfinance daily history,Market Table annual returns from the same adjusted daily history,"Oct 02, 2026 05:05:21 AM EDT"
SPHQ,SPHQ,Invesco S&P 500® Quality ETF,ETF,-2.0319637192479423,2.030015554289877,6.401375498982298,0.40650502388606125,0.7287520725002272,0.25638208124088013,3.0608259779845604,-0.31263431742418746,-0.9331372268465477,-1.6283092613165961,3.754579556541482,2.0256574782634873,1.3467003865153648,3.7585097335608886,0.22995051696719226,0.8768676157288713,1.3763311534773726,0.27136461832379943,0.9657018682530438,-0.24797419533518772,2.9063327328350264,1.1462319585694214,3.5714413444584814,1.4992089472696701,4.696218922278694,-3.670006805021908,-2.5235761259612244,-1.0388786988086651,2.3704392521485262,-0.37349701292059834,3.232229704959688,4.519054989175175,1.8053387616174144,-7.073169906923704,-0.22966325829446577,-8.055412719222598,7.155665222676677,5.033587029223607,2.979608740505557,3.5458892739426373,-6.488440949702889,6.838372241860258,1.0567892097619103,-1.2249857426555932,1.9296646831939102,2.444792802446738,3.346920467894221,3.465032436799431,-0.9844204876741092,-8.25740893482757,-9.313696963999119,12.261932423398392,5.208354938463655,0.6276372799599583,4.320811653300938,7.877644157169006,-2.9861889422008847,-4.0093267231660406,9.72783064562972,3.8507218582373604,-0.5936757392677849,2.0066902773300033,4.161393547840375,3.180694946927254,1.8801930969895908,4.610538720982893,2.654319083079848,1.944283288721138,-4.541872683378944,6.055593066515819,-1.26237045118055,5.008397545206833,-4.190925028736547,-2.6088702803733543,0.8707399074633804,-7.112803695533209,1.617756470933962,-10.409967890671323,8.30952826933884,-3.7810733352284687,-8.765640885914506,9.335670442523302,7.111637935420134,-4.951313722494821,4.818192216904094,-2.038135668145624,5.202278791885662,1.669499924640827,-0.8106399722639268,6.125367851422436,3.785925949735014,0.2100870878938732,-4.291443069393153,-2.7378299283228213,6.7187219955166855,4.503594158619428,2.958579795521743,4.974844737796835,3.729841798468736,-3.4591201297329066,5.36602656571703,3.6813793301517794,1.668237275651152,3.157880205743413,1.228604568201197,-2.37849704711387,5.177392369292089,-2.678312778260339,4.072809763175855,0.7597435281581744,-5.333160401062697,-0.28636815345788325,6.27361992132125,1.6136554981528883,0.16839125394652044,1.4149655617220036,1.5463347380396897,1.0506049800416806,0.8911798296125095,0.7425381793017216,Actual adjusted month-end return from Yahoo/yfinance daily history,Market Table annual returns from the same adjusted daily history,"Oct 02, 2026 05:05:21 AM EDT"
SPIT,SPIT,F/m Emerald Special Situations ETF,ETF,,,,,,,,,,,,,,,,,,,,,,,,,,,,,,,,,,,,,,,,,,,,,,,,,,,,,,,,,,,,,,,,,,,,,,,,,,,,,,,,,,,,,,,,,,,,,,,,,,,,,,,,,,,,,,,,,,,,,,,-1.3145023833598168,-0.4604437033564279,Actual adjusted month-end return from Yahoo/yfinance daily history,Market Table annual returns from the same adjusted daily history,"Oct 02, 2026 05:05:21 AM EDT"
SPMO,SPMO,Invesco S&P 500® Momentum ETF,ETF,-3.992245275953832,-0.20186868697861238,5.380282631279654,0.49906231284024827,0.03815315344626313,-0.5641005584522296,4.845916057613264,0.0,0.4960239345014106,-1.8621114297827979,-0.6250046545625887,3.328566094033869,0.9131105363173297,3.984242783667713,-1.878739575563837,2.6118316587657064,1.8549848746353792,1.5335742489624993,2.326378645971894,1.0642569874932173,1.2117302745804581,7.779570626455823,2.613572288321153,1.0117492868878308,7.294379620611946,-0.5010743321322453,-3.9542679558927207,1.413960654324553,3.9531692261959295,-0.011881146968883982,3.5357615319554947,4.45775327655169,1.36672154245705,-9.806322392131728,1.586433960289857,-8.735427862613744,9.15583744317916,3.9320370048042896,2.8157962187429497,1.0336666566315822,-2.4771031633182172,4.826520195623485,0.8610933329569859,-0.3827272344725241,0.30816225366105954,-0.26855356027538635,1.9688487593837234,1.9829405882166196,3.006446123568862,-8.29278861803986,-8.546554666621919,11.109258734922701,6.797271709428121,2.574411120648201,7.664271136074041,8.492672052369809,-2.0191917815966964,-4.283731096768529,7.694571034349673,3.0200255544688748,0.17954779709812296,-1.4413814738916009,1.6512868404785497,5.363405351551354,-0.7875404982819023,7.175191659740987,2.227856788805438,4.592739681722691,-4.789842928796595,7.369908649214252,-2.9108926877107977,2.6630005476594665,-6.3654649545489494,-2.0393011226384594,3.555678284892494,-8.527404900836299,1.5554985097892438,-8.189673886060733,7.907898185929474,-2.9545678924440266,-6.975071115149634,13.580346535727617,3.1676895084481904,-3.1630669029002134,-0.45790493870023763,-4.56477172846248,1.7649562584637568,2.897489560891886,-5.507048254266822,6.04391512821516,1.759013172067636,2.366306689044806,-1.233187737001229,-1.9936545215463952,9.814768987553602,6.510366906428411,5.640026063421311,11.490098695541985,4.161058413468521,-5.447523424955603,7.3434548622377305,7.50322081790229,-1.669344775700532,3.779081934562045,1.6348821446507955,0.19858107748107479,6.617491354048344,-1.681039914040705,5.2941630045889365,-0.23989866769359436,-7.108094320868341,2.2046958141621387,11.39896005012453,6.969545876874661,2.862981859899838,0.6828702077006366,4.09591535796745,0.5286556787093444,-1.2982611352568285,-0.42357723238748424,Actual adjusted month-end return from Yahoo/yfinance daily history,Market Table annual returns from the same adjusted daily history,"Oct 02, 2026 05:05:21 AM EDT"
SPTM,SPTM,State Street® SPDR® Portfolio S&P 1500 Composite Stock Market ETF,ETF,-6.222900363502093,0.784814101338771,6.705963176982976,-0.28152347116905396,2.1469387355760094,0.19219173197646544,4.268454257386534,-0.04942661789240077,0.6650625510042252,-2.322289549369805,4.464122985244856,1.8664915870106435,1.8699812589834774,3.6420419437429796,0.15444419978618562,0.9927447039157489,1.0054419210010934,1.0090431748537743,1.6923739303432273,0.1686119270010611,2.4363592155239644,2.2139267403062712,3.124022906986612,1.1178947285814367,5.118978090668014,-3.867121105358673,-1.8424156118692747,0.5484749070359562,2.7878729048649964,0.5667435677662036,3.23626249158,3.476780657536871,0.20110003961089085,-7.32045252562239,1.4604873534220353,-8.743561003265011,8.767402010899028,3.599054601404683,1.4334271861900172,3.9795169162206045,-6.424279570322289,7.017596011913696,1.4810531913056035,-2.0540449155203144,1.8137847358112191,2.177500271022703,3.755987244668768,2.861624492136805,-0.20069823993238423,-8.270492317500366,-13.19082479269451,12.877576293445813,4.760576445363629,2.046748810617327,5.637916222317552,6.8403510588809,-3.7673874818436315,-2.274375892271485,11.386394407836931,4.013255538602345,-0.6942775373917631,3.2335642338308324,4.4473007532175535,5.0213629309574515,0.8323458917191884,2.034055899205822,2.1143919279312584,2.939555563787599,-4.503876829321795,6.7748818565772195,-0.7953479791146245,4.517913357039638,-5.389228824188419,-2.5858818821581697,3.503633029750275,-8.58222345579861,0.2558540951012045,-8.342737804410083,9.337343289113619,-4.053496918645305,-9.150451630931656,8.20675924144223,5.552082513074974,-5.705034785051999,6.491845116011552,-2.3431405930540383,2.9453467152019908,1.40789001365198,0.2542133398776292,6.602268554742352,3.434967388759147,-1.7048518058231932,-4.808021374191318,-2.476679494719114,9.122887735059493,5.055290263773471,1.231817259557988,5.30676043296523,3.294139308114352,-4.084168527447007,4.859405170161235,3.1992724623942426,1.6578358592633569,2.1497520455918906,2.0146750280727987,-0.9563216626224946,6.28333121371325,-2.8108655570878827,2.78592212268709,-1.5935612486645212,-5.565145015271855,-0.9851639161781223,6.207286516320809,5.05038376515643,2.1631723206540387,2.287283550347352,3.3551248674187573,2.132669587348035,0.36420713722322695,0.0909944098366644,Actual adjusted month-end return from Yahoo/yfinance daily history,Market Table annual returns from the same adjusted daily history,"Oct 02, 2026 05:05:21 AM EDT"
SPVM,SPVM,Invesco S&P 500 Value with Momentum ETF,ETF,-5.303540614211533,0.14737704941463203,7.33304171274527,1.8257020372699717,1.8267725763672304,-1.553861405866741,4.887979097041084,2.103556793324435,-0.2651276919583445,1.375110487223119,6.876968250169346,2.7515422282012203,1.60073584332463,3.4087502084867216,-1.485333695842439,0.22501188894950008,-0.617451237852773,2.128714541458687,1.8343248596986772,-0.8187965611361814,3.2791302403992084,1.4741220714910463,2.2450843050824343,0.6567064348109719,3.459831215311948,-3.543790105119149,-2.191234654628038,1.2487050818036138,0.15742105390321726,-0.3411419193082077,4.082705727259062,0.25473602373426996,-0.27232164086575805,-4.105736580126029,1.6591053774113629,-9.23352602604245,9.210510923653569,3.1592864011592336,0.41469445203106137,4.0800444665661795,-5.942589049754177,7.14778761272008,1.4981179650761733,-5.559635866948431,5.028911573076389,1.621356733358681,4.0500595581072,2.383003226908742,-2.8524858038348255,-10.623077161279094,-24.26612193090132,12.597856204931901,4.07711237763142,1.2568405609556743,3.7137694844928903,4.395955479836555,-2.426127903258757,-0.34295449052164084,14.568425313519185,2.2613606043194956,0.9839760971925848,3.8246305917329027,9.470589491231408,4.347822086995823,2.846547594634097,-1.7464016043028718,-0.1638629247067258,2.954443681993335,-3.7464940520482104,4.906841505905413,-3.3353217212153563,5.7420084384927295,1.0077188180680707,1.6692618396557668,2.5454498277419635,-5.801898624841817,3.6092435874009343,-11.935742331737043,6.0553486074709895,-0.32625471411502627,-8.842971271079348,13.01107684009728,4.437332308927711,-4.890145065254314,3.9521574966099093,-3.5679619182083178,-3.2682753633863526,0.5268856708945391,-6.2473759754132825,8.111736853324004,4.203062936267421,-2.835460785631183,-1.954875133610423,-2.2550145860413706,5.476492815482126,4.347774798410908,0.1971503165280053,3.4435247261622726,7.807425856610561,-5.373290328372371,3.6356888726556846,-1.6356966666201678,5.9616020094620525,1.8115407628561453,0.4223895562051272,-0.5820950266841596,8.610300607598198,-8.280698639533435,3.529196905178922,-0.06715754621752223,-3.0264027344703126,-2.788905417199572,3.7833882557812615,3.751560557379374,2.258292841941789,5.496467312221398,2.6691587467575495,-1.6273961862242614,3.787882023868816,1.4480115274242866,Actual adjusted month-end return from Yahoo/yfinance daily history,Market Table annual returns from the same adjusted daily history,"Oct 02, 2026 05:05:21 AM EDT"
SPXE,SPXE,ProShares S&P 500® ex-Energy ETF,ETF,-6.7373236046164635,2.399606911340646,5.760530407203079,-0.5243663627621076,1.5061816455147259,-0.7589230091908039,5.2902928592768905,0.6840523800054177,-1.1505128390506991,-1.0590871696860127,3.149983704435222,1.7234972751088096,2.2478706438635143,4.490328184304726,0.18253022245262596,1.533504296203092,1.240878893605557,1.0514876426189979,2.1415365003280007,-0.019351237094566986,1.4803442541902356,3.1949994434755657,1.8743444976722534,3.1863891428114854,4.250059009183671,-1.7003590372418387,-5.028267090718497,1.2958333165128622,1.7675974570912967,1.2553801441362422,2.4376616958160735,4.248763063290295,0.3085875052565301,-5.8882493299489465,1.5017443193148683,-9.107294118399556,8.439262501246493,3.0954301449934496,1.8456063917121845,4.268706074742767,-6.040372522285075,6.7594446796616525,1.8164773233945164,-1.4408657989357976,1.8329634577660903,2.1689251450423885,3.9113127320725694,2.516670539241983,0.7321039708631627,-8.958760159158906,-10.53440967278203,12.388914198679956,4.7439658062353285,1.9797338384788032,5.628638392096419,7.731144907755594,-3.493190427362658,-3.104043112602939,10.734903990859967,3.9223334101482044,-0.8852858543273778,2.519940034951995,4.074712320364338,5.20389124853422,0.6362696941262236,2.2920313643103096,2.5710777053076006,3.1130865756311854,-4.7550761791551714,6.6532770478788805,-0.5252093832463167,4.515871369701863,-5.990932239553082,-3.341913676525421,3.8559208946119528,-9.343511298461738,-0.47322621349055183,-8.05456985598314,9.446206601028685,-4.233566896211105,-9.220129508421692,7.1828967742884275,5.557454799571504,-5.76274028634034,6.398904196942667,-1.904319876696392,3.6275606247821113,1.4775894230833142,1.0479787359243486,6.56711689537901,2.8202928233373115,-1.553779046198256,-5.169170888869856,-1.8663319701548775,9.577558946271791,4.682220468219622,1.900500741267419,5.441864081692205,2.897073214024659,-4.1777464591767455,4.924041243960486,3.948747078626802,1.111379085993769,2.529806892622277,2.3190490930668606,-0.7807696769739692,5.695775654045776,-2.189976649260761,2.783447031732589,-1.5285778956465212,-5.876074173813784,-0.21293599538865227,6.476738576416641,5.006111135666003,2.128913368121399,1.9718492683145739,3.8644113428244253,2.4528092599786833,-0.02027783341040923,0.2263427669743967,Actual adjusted month-end return from Yahoo/yfinance daily history,Market Table annual returns from the same adjusted daily history,"Oct 02, 2026 05:05:21 AM EDT"
SPXN,SPXN,ProShares S&P 500® ex-Financials ETF,ETF,-7.187549358447221,0.9492993050017162,0.9846365731656759,0.0,5.765865529141001,-1.1069114777001787,7.295613468683726,0.3322119048120964,-1.1392097393944978,-0.7402334216893403,0.02256869438870268,4.066105138492859,0.48182936454326253,2.8988706968030575,2.298470418830312,1.2908429698019974,1.4282682862037044,0.8257400357107869,1.8222284177469295,-2.2642625733185318,3.763948067955858,1.910646289858442,0.9325941320243114,3.8407862359824074,3.190953802090424,-0.9283912089947277,-4.689062106236042,4.192753456676646,-0.8011675150948694,3.4345045807883334,2.848223193973154,3.5522170153029275,0.5888128180973062,-9.499090073353011,4.112471238506177,-8.555820090621701,8.256237885758733,3.4767420301564433,2.493721702685736,3.521166746601878,-6.579343262188853,7.170586952393987,1.4786583317266233,-1.3969857231909022,1.4316679899629925,2.0499861544023057,3.6996187406200365,2.8868129180656954,0.383500274367532,-8.572646914863125,-10.160290899375536,13.434793559222635,5.163891105491714,2.0805671278240956,5.683263545503547,7.994306270224594,-3.9522924617372612,-3.286439283400655,10.56950564227197,3.7783590955115853,-0.7110289800006941,1.7878310110831075,3.847455218000806,4.997623617850655,0.11576338285366194,3.0376116871919656,2.4470850412500633,2.759047596449782,-4.7999958572644275,6.740603659652877,-0.011378313035603771,4.478410410820555,-5.871238611063334,-3.2183652783124184,4.453657908832875,-8.889277899490654,0.16636249276613668,-8.191817207214157,9.734270506702325,-4.133687387280583,-9.306842332588683,7.6660800380152105,5.079211606167111,-5.7293199447987275,5.940238319256319,-2.139229694196376,5.4732641990859365,1.2666004336546521,1.47527098235527,6.444352470728254,2.951761449987389,-1.1715492961354323,-4.997009515120254,-1.9909195251183731,8.72127076343392,4.35766458341551,1.6909115402347297,5.583608765650294,2.9805804887412135,-3.894012345019826,4.951642850118265,4.468623934422644,0.14155933620378924,1.928507624139142,2.5541939528938906,-1.193236972209355,5.057697696240493,-1.7823082161686488,2.260632197374224,-2.013362844702382,-5.864585820445479,-0.41709650497250284,6.760615045123242,5.483751959910221,2.5758145418193212,1.8163871152521605,4.394963094566617,3.360305007711051,-0.1518039050245945,-0.2441631274099243,Actual adjusted month-end return from Yahoo/yfinance daily history,Market Table annual returns from the same adjusted daily history,"Oct 02, 2026 05:05:21 AM EDT"
SPXV,SPXV,ProShares S&P 500® ex-Health Care ETF,ETF,-6.033351505371964,-1.1144459512668514,1.05245789885684,0.0,7.622615757312334,0.0,0.0,5.750344214150327,-0.06882118233197954,-0.48890885269711193,3.8633865538208356,2.142888831893952,2.485109438543076,2.2279608969794307,-0.7247601028668837,0.3690716438989661,2.392255897516704,1.3247584364561416,-0.9121498640720871,1.538222100362363,2.627819950817911,3.3602853695990476,1.2311982801009425,0.4502902460796987,8.506330804246943,-3.487978054899432,1.0380408773980943,-3.0751891177418167,3.1547802409203296,0.4829218499668997,2.7598877446578074,1.1420722288854268,1.8849748349435869,-4.52515673693007,-2.871480983357577,-8.257992197146413,9.172938457018676,3.4427820034057754,2.129530523268386,5.143419300605068,-6.942592043690965,6.9825539426610295,2.074084387355102,-1.837076030433249,2.1879401744071103,1.517793531851086,3.5116958875254456,2.835422856091263,0.4682713668026972,-9.189212534249913,-13.04481462870709,12.919977822664453,4.9345239680921305,2.7717596864016203,5.330689633313335,8.30883621835734,-4.047763560521966,-2.984936053663856,11.623882918473448,3.899434236119159,-1.1025217032262002,3.5115864358618687,4.177679249601773,5.330412395255513,0.5879089756706923,2.3041521396014675,1.8871871617806901,3.173955855375854,-4.388622353767824,7.130928892124411,-0.4114300044984365,3.560719296784276,-4.8305320944369345,-3.2496325377728175,3.748779270727809,-9.662352540654629,0.08040301387626236,-9.403090900633249,10.518161157517714,-3.610058596967125,-10.359660868813346,7.6941952429212535,5.49757761511207,-6.317441969968796,7.71655584397295,-1.7508137998936246,3.657440671952994,1.2973510431574686,1.2957600986853945,6.933158389662375,3.3147846565092065,-1.4912786623069607,-5.101527883346235,-1.9535845358686244,9.709507078508683,4.523598133110207,1.6128689719832279,5.632232590569264,3.3280956496431147,-3.892833986521349,5.061030748861417,3.9666538447620914,0.999432252789556,1.9859305710125508,2.6476706235607717,-0.24922042900950014,6.432392910288254,-2.04310992408131,2.3535090092474675,-1.694623588255606,-5.994519160994738,-0.2631145249379463,7.710805940029131,5.3113626984166995,2.734479412554891,1.7007328797779442,3.8950171848298742,2.322515947811943,-0.8298793084746126,0.44648132852047606,Actual adjusted month-end return from Yahoo/yfinance daily history,Market Table annual returns from the same adjusted daily history,"Oct 02, 2026 05:05:21 AM EDT"
SPY,SPY,State Street® SPDR® S&P 500® ETF Trust,ETF,-4.978653087281293,-0.0826008390087285,6.726617639504506,0.394118368312002,1.7011738291017098,0.3475692732039626,3.647089614121124,0.11979579134986373,0.0057661842044698375,-1.733679273423383,3.6838041937537813,2.0272086263589673,1.7894745457794903,3.929127914642838,0.12500914545334751,0.9926051453088114,1.4113133121495869,0.6374729334962526,2.0554154594523366,0.2917558485611149,2.014972823329342,2.3564225574790765,3.05657724098487,1.212795958567181,5.6358753635187275,-3.6359985108859183,-2.7410623708507442,0.5168123785418421,2.4309208773829916,0.5750570217800899,3.7046847191674503,3.191974058152258,0.5945631270880547,-6.910444243351311,1.8549440219067126,-8.804850776139029,8.006575892367529,3.241573550093668,1.8100532018125337,4.085235775550422,-6.377119178923907,6.958664778059709,1.511911370154495,-1.6743226028709701,1.945761118076339,2.210513694601768,3.619785429457978,2.9055425569495696,-0.040366167333039105,-7.916580732649181,-12.487124690097573,12.698374067621977,4.764501870221571,1.7734572718798303,5.889219354804642,6.979661564973805,-3.7443432372964436,-2.4933762376081137,10.877679080429203,3.704833877278868,-1.0190202125282988,2.7805570319879847,4.539894561344893,5.29106320582835,0.6565990868177884,2.242747642436016,2.4412485038942444,2.975986398869024,-4.660559040339507,7.016366290311082,-0.803490421730868,4.624775050103858,-5.27411245664875,-2.951706845318325,3.7590422885183106,-8.776915611869462,0.22570751031925074,-8.246001161594352,9.208721746799542,-4.080187727741502,-9.244582462564455,8.127523791003256,5.559173978646226,-5.762832158145114,6.288735478705454,-2.51426693111092,3.7077803338356308,1.597495952247252,0.46162456073479685,6.479982437281784,3.273315797802545,-1.6251928758105882,-4.74345714244615,-2.1708606545848608,9.134375795924843,4.565547858324259,1.5926417013357064,5.218686490861857,3.2702216168634113,-4.031985055620957,5.05795812379175,3.5280010027848308,1.2109378596617315,2.3365421736685654,2.1004823761204827,-0.892382167157868,5.963359572627902,-2.4060018069341216,2.6856346816883425,-1.2694925318311623,-5.571910658300483,-0.8670288132596515,6.2844908465442995,5.138614050045898,2.3031769525502677,2.051924711996178,3.5620560772939847,2.3837317255337664,0.19500533440308665,0.0797497263286262,Actual adjusted month-end return from Yahoo/yfinance daily history,Market Table annual returns from the same adjusted daily history,"Oct 02, 2026 05:05:21 AM EDT"
SPYG,SPYG,State Street® SPDR® Portfolio S&P 500 Growth ETF,ETF,-5.161236209892072,-0.7578880568783308,7.022568003088825,-1.561759862544676,2.6879709209979064,-0.31375247353147007,4.588262484726546,-0.26529005427538,0.33950708098602345,-2.1381587957536974,1.2720839213502089,1.471777545024211,2.8956698333332476,4.050559767857442,1.1842679828408809,1.9435378250990398,2.967597973494218,-0.5620004273333534,2.6132976498932203,1.4176437838336442,1.0887210993859142,3.324741719578017,2.780363274174591,0.7189248214609645,7.1818025676709585,-2.1204354864859165,-2.902379278129652,0.2088246170513397,4.346566221628412,0.5583410146747569,3.444353293507496,4.843143824263985,0.729103490289873,-8.106698939544954,1.5082355704928219,-8.488727440199806,7.446125319460939,4.066447120863725,2.7333437061691335,3.950547803720239,-5.274019599200274,6.104730704590744,1.1360413449721163,-0.6892880697545234,0.3366770605808478,1.7484902089113685,3.4369892307889227,2.786821325780564,2.3383391851631963,-6.971327641261038,-10.042784132323346,14.269712802957368,5.9010989660149615,4.150170729693725,7.056978996988561,9.44064894388028,-4.58282385598161,-3.0333524807755086,9.693368060024499,3.982311414502049,-0.45214199463426974,-0.03633332760412111,2.722094187144597,6.82622798639132,-0.8630588860640498,5.608137969032878,3.811344960155072,4.145644400583182,-5.815669702505266,9.090895560697575,1.4891068883102765,2.4223903068540276,-8.431087962760419,-4.400235352884197,4.55159799825493,-12.626509266506325,-1.3137246628581511,-8.188730631893137,12.758226022510888,-5.3604777596095605,-9.97635334202398,4.510970604394582,5.003819663758335,-7.587452516807003,5.604904666349664,-1.9435694501206302,5.866205556410509,1.4270328867355575,2.564555264280921,6.265229398644334,3.0814565397719207,-0.6201293095749794,-4.874768393540407,-2.4291377929912095,8.730968146073526,3.780361752632122,2.8742834787597094,7.186593156185994,2.1164914874348684,-3.868771487868794,6.66951573914385,6.991397073985484,-1.3602683534413518,2.163456014219567,2.874796355749032,-0.6872312508036771,6.058013714942279,0.8115299495425221,2.616602217472863,-2.89356766833474,-8.112256571978405,2.0281302273093216,9.3780328863722,6.435626710445375,3.3990641285758905,0.9435917655556958,5.185346719152917,3.396806206495251,-0.9439142236075004,-0.16662953836201755,Actual adjusted month-end return from Yahoo/yfinance daily history,Market Table annual returns from the same adjusted daily history,"Oct 02, 2026 05:05:21 AM EDT"
SPYM,SPYM,State Street® SPDR® Portfolio S&P 500® ETF,ETF,-6.46541954525488,1.6139893349840007,6.04912088964491,-0.2387883960779824,2.1332279160278578,0.32773319093144515,3.9501939239704464,0.06875003433957083,0.544220410063101,-2.285228346678625,4.416332442921322,1.7023380732916982,1.8631271268932936,3.6020944659541865,0.35573741497156863,0.7841134555330864,1.3235826448305232,0.9420985854629693,1.8360557542176803,0.1380467375359018,2.107882092608926,2.3058499725775006,3.0162342546298015,1.250358854691691,5.301827157950534,-3.609368985074457,-2.2214635747769385,0.4524816690493205,2.541844443140495,0.49734295013168506,3.356367057970955,3.520469354617628,0.4337229353648109,-7.044311486399934,2.0208453070171384,-9.052883005239131,8.490241374280227,3.5342401208640517,1.7357905991922884,4.062615654363744,-6.2753347176830125,7.100204063184212,1.5055076808946577,-1.8824925241548773,1.7974287194835625,2.15204317858384,3.7921563214553533,2.8676377268376685,0.10576126060117819,-8.055982012217433,-12.524696459328311,12.760305629404645,4.7493681033484725,1.92538831929292,5.8206783860484945,7.012510340245637,-3.771294733383357,-2.465014496426543,10.83895736687146,3.7689560454562843,-0.9327078693772917,2.7324928747065824,4.57325253862344,5.213481344404758,0.6729376043518531,2.293414280308914,2.4438439558772007,2.9674395191602088,-4.671963775151244,6.995630709095213,-0.6853164480643659,4.512304916818777,-5.230160635566039,-2.967298364167459,3.817300068888052,-8.808563467751629,0.26829276265856183,-8.316230237114908,9.22417699647593,-4.047079636236662,-9.255950534799718,8.168577683915345,5.460144999149552,-5.664856934690721,6.269448114766218,-2.5104530250602664,3.7385253488875225,1.5576432448617172,0.49077968891846346,6.460514923954119,3.2623444017593206,-1.5610714665170056,-4.755508085931693,-2.1289316876861863,9.127868847179066,4.552405690475747,1.6457914917698435,5.174235223626922,3.3088386978844753,-4.014287534491023,5.011842691352886,3.5522149717056584,1.1249981175037727,2.410376173709672,2.1849878249881716,-0.9331929982236753,5.995820829144516,-2.4221301929272965,2.697993738725901,-1.2853052679725918,-5.603146870672093,-0.8515980161906578,6.334374053518843,5.15811682955607,2.269895066882288,2.0984749716523643,3.5321181150131498,2.4253343237398806,0.186941363811699,0.08093448048718255,Actual adjusted month-end return from Yahoo/yfinance daily history,Market Table annual returns from the same adjusted daily history,"Oct 02, 2026 05:05:21 AM EDT"
SPYX,SPYX,State Street® SPDR® S&P® 500 Fossil Fuel Reserves Free ETF,ETF,-5.443161500014071,0.2353998273758373,6.265101257917749,-0.2301016940683076,1.7159022374505062,-1.0328925724086058,5.43736653747624,0.17049202370562622,0.09307567033003394,-1.612450319613723,3.324527113042808,1.645358753196935,2.1483151344600104,4.352672170302219,0.43321603174988343,1.1334819725827394,1.4551717009650966,0.8504770578739329,2.0238169183543375,0.3834159935157455,1.6340398639854037,2.51945921409249,2.9667162849045248,1.2553550825882276,5.679033121534038,-3.431673312521699,-2.2657576989708605,-0.13664152093496584,2.1583873248490093,0.6090406655191893,3.7070946519979664,3.428042252642105,0.5053376275602428,-6.71378387676519,1.725627395826912,-8.586549780268872,7.942235083036064,2.9720239386123115,1.1449828674535478,4.9267224542809185,-6.427214637032441,7.239450974928707,1.5866812849310685,-1.4311589356827636,1.8548607792941763,2.2256143811494544,3.745739942211035,2.796009310873182,0.37910380101111585,-7.817432494638988,-11.990291456527757,12.438718543896155,4.749311677114276,1.8759716059476572,5.831446242914384,7.706798501006484,-3.663646323244929,-2.789408814966521,10.529558241928672,3.97231565968581,-1.2153292167740304,2.7653896499602704,4.387644925522216,5.274422051327554,0.6286832858205083,2.3101191886426564,2.421316546063901,3.164399709363108,-5.049590759446499,6.900113273242847,-0.07044540353086104,4.034322344424113,-5.802845175632044,-3.174917841550484,3.6951384374762197,-9.124463231252555,-0.2973291289687041,-7.957246264241336,8.911520830768094,-4.160840954439093,-9.15901183953528,7.320699385516383,5.741507146585789,-5.2537302486259545,5.859663382344293,-2.2768682013675767,3.609627451290298,1.6245534906120573,0.8288969602811447,6.5473641409466765,3.207080561803455,-1.7948203482074598,-4.959872188961134,-1.9579610479311116,9.515415314709696,4.417800003525096,1.9067205782718144,5.2844639817816175,3.0741299075093043,-4.205581424085903,5.365859243513071,3.537191175245491,1.4125543144638542,2.188843341047164,2.502238081960395,-1.3968297042310396,6.117202552546597,-2.3388907038916384,2.658359196821758,-1.3554512479489356,-5.923327621607688,-0.06558480631339014,6.2992155970018615,5.071194655514666,2.042025077025067,2.0588776685294574,3.656381973001799,2.4430273673166525,0.19576730705841427,0.041329429056236044,Actual adjusted month-end return from Yahoo/yfinance daily history,Market Table annual returns from the same adjusted daily history,"Oct 02, 2026 05:05:21 AM EDT"
SURE,SURE,AdvisorShares Insider Advantage ETF,ETF,-4.9732075105409335,2.8988313132269683,6.33390855059901,-1.6002908036524932,1.4998255641004654,-1.2640342752362255,4.038970673256981,1.3344764231453476,-0.342044979930789,0.13726711578581074,8.877474886616499,1.1622679711843498,1.856808301522661,2.24006873264877,-1.254157849828974,-0.3213376222162778,-1.3355945740306963,3.2052276938475677,0.8442738207256273,-2.1976455892519953,3.760305761816851,-0.20623644417802067,4.694414874539832,1.4034546924134972,3.8068507364481308,-5.379528795457156,-2.422321617615919,-1.0368164401051372,0.3688950389570955,0.3528587933820937,2.5051148681974666,0.5144775775580035,-0.21326496926293848,-7.737253053392157,1.6525104168234828,-9.927262622836963,7.943276854049852,2.8485641279107465,0.8462887869119307,3.219401823332735,-4.804144844363789,5.714289012983875,1.8654419852226711,0.10094760183330109,0.02881138574553077,2.116925781427992,3.074312815467839,3.233421433158057,-1.701490612244716,-8.85918261280626,-15.343214464493826,12.34763449920897,4.056604876712422,0.19644280217976373,3.4233124365790513,3.907847094243655,-2.4558009275612247,-2.474456831065719,16.0938021019313,3.146035446429263,-0.573996407325128,6.312744444244189,6.020542660503403,4.732201947600956,3.38083365098949,-1.8819400792668306,-0.5135706865998624,1.8436616094497316,-3.3102433288865973,5.124641557175491,-4.3252499408812595,5.596066567497249,-0.3360892276140781,-1.2671147419598405,1.0970861212894256,-6.592961835385102,2.2796979586503285,-8.358331381463158,6.04538031410824,-3.9916229260802405,-10.370966996886,13.339308612787582,5.912941173286246,-6.975553761918052,9.22250885815532,0.14963181869858122,-4.162225872433456,-1.15812102439391,-2.5912655533067985,10.259089244673536,4.8987650704521934,-2.2600020096855578,-3.048895390682227,-3.5035849822706577,8.311451655754354,6.651979901598937,0.7753447988158912,5.2906462320222225,5.475869229973518,-5.867262302574616,3.3799774683676675,-1.5556359089474392,3.544329486324793,0.9225757227308007,1.700129665682848,-0.9828683496435398,6.787145752751855,-6.900490091205547,3.23023898911714,-2.5216429470258594,-4.7895476280298555,-2.017575719381115,4.237215817528561,3.143110416606909,0.08511796703449814,4.507566375825567,0.6917332917248054,-0.6627282235051934,2.0014613765354294,2.659287856102366,Actual adjusted month-end return from Yahoo/yfinance daily history,Market Table annual returns from the same adjusted daily history,"Oct 02, 2026 05:05:21 AM EDT"
TOK,TOK,iShares MSCI Kokusai ETF,ETF,-5.42890540220573,-0.20427187479324926,6.038888651695817,1.8339746679224556,0.4928850780294036,-0.5942967616159645,3.3281979874200784,0.24203951367540721,0.8358114981530607,-2.5050509089028505,2.2482290494725055,1.7128729523536945,2.703179263936195,2.6678704486029714,1.5521304763848054,1.6658269086642585,2.0439166524407026,0.42224317147834256,2.410428338483017,0.0,1.9777724288800869,1.618858738618223,2.602518645842311,0.5034707202130839,6.528473871275331,-4.618066584203229,-1.6138881546783002,0.5261566871338275,0.3848403867142469,0.23248565817599598,3.27536559353403,1.5782570967175058,0.1775398518122806,-7.0900654508241345,0.8425846801906056,-7.42145106561386,8.468174909716275,2.919686858020598,1.6034701833236298,3.535654057887605,-5.4521548395550345,6.4156861959483225,1.7857114075652714,-2.261833746285613,1.5427800616233167,2.5420212728276104,3.2625751717036744,2.9007702233581956,-0.9205222372559718,-8.498421156117853,-14.304940667998967,11.761649370685223,5.6750774643226976,2.7154921197891646,5.389732139500025,6.543885132377891,-3.754871449954711,-3.2577871752334064,11.931803185761257,4.322648663472739,-1.065089673114028,3.2297296240389795,3.3864493377911975,4.952952151829781,1.609051487681512,1.5889690282418378,2.27753312355512,2.3711264756557826,-4.6827708142297535,6.487056681659276,-2.272065834550152,4.237486765084597,-5.073246288151811,-2.8275379157109204,3.2722250138994546,-8.700606377994225,0.0678334088613397,-8.432903200575403,7.845853496695243,-3.9948352032667778,-9.310564102032693,6.781490790177425,7.95109229901465,-4.854804870693452,7.702814588194995,-2.276655519265658,3.2003843674455412,1.254133478559405,-0.9458459625412474,6.235012651947036,2.982169924792255,-2.0984155118395353,-4.586864538649982,-2.9877466109274553,9.980307211945671,5.036158092033416,0.9521855795587619,4.505324051631798,3.1876988887118207,-3.7498748040563634,4.737029235320844,2.2520235750693285,1.6205476046099454,2.454759330155465,1.906255061776263,-1.3471711328139957,4.722969269224775,-2.8313496964231355,2.9906131465658348,-0.20921068380096441,-4.4025174909277265,0.33333554403816024,6.16366859753712,4.533826748195824,1.0319873525778345,2.647914839920684,3.3144552910129743,1.918941328767465,0.20354564617111048,0.9384664042338287,Actual adjusted month-end return from Yahoo/yfinance daily history,Market Table annual returns from the same adjusted daily history,"Oct 02, 2026 05:05:21 AM EDT"
TPYP,TPYP,Tortoise North American Pipeline Fund,ETF,-1.0098604205271977,4.6685546298018465,5.451573012512845,7.26896295629329,1.6453766806135972,7.656797149398309,0.40467703258422194,1.029989130917719,6.060035830520194,-4.786970822890102,3.127296732284579,2.537947222593795,1.9409045040380102,-0.0827255726773668,1.0134244969966177,-1.1667020663899463,-2.553598925681666,1.3460060228663195,3.465985190010268,-3.3498788840072957,1.7466485920320185,-2.934896940533449,0.1752271043409248,2.936673095312936,0.07279570176952355,-7.943705614594332,-2.065417296985317,4.947164686384231,5.492017772973967,2.101143818554929,3.476370088832814,-0.9746761045902663,-1.3852025447679384,-6.403093928286063,1.0790027230906718,-8.850292005602112,14.81668266684939,1.7497801246390443,3.7991897717014167,-0.4606127193865883,-2.187639668201291,4.05308348172484,-1.4638009299107857,-2.0797854626720014,2.6240489432417746,-3.5346135002406576,-1.5507637412679243,6.773167451433104,-2.6808326101925406,-10.231783247453585,-32.2344574286332,22.238588747293008,4.879532271626541,-3.7117651650721895,0.1512925150051192,1.873119734107842,-9.613627747098407,0.6675422981612389,16.246702456772887,0.1989934093240775,3.002301825913034,6.2219570551864445,8.305262904953992,5.377429661114519,4.283702716157234,2.3285904163269144,-2.654282828523491,-1.6961251046597958,2.524808439754467,5.963283308021294,-6.147195563204666,3.81074929641827,6.5676922018755635,5.149847720377809,7.513289442056625,-2.265024279572936,6.373112662313418,-10.958917432015669,8.82473435875919,-1.4399370529911804,-10.191283034719234,9.870109660282434,4.334120458011537,-5.728482716796401,3.847701292902883,-3.3931136578144505,-0.4854364992960658,1.7269715533004382,-4.688757873489258,5.984662814023967,3.395134466728833,-0.9807708673464255,-1.9544894862128959,0.04090423569200752,7.072775555221145,0.17838751787564444,-0.7324724372325231,3.2038911483762478,6.49500678481556,-1.287550234970658,3.2246342996066435,2.349884657916168,4.474506703832537,4.249659865397648,1.004504461066369,3.6328883020967817,13.222654621957597,-6.468246732025418,3.168076578306156,2.2178202084774057,2.154286248316084,-4.124290566645117,1.3191941163208654,2.1332282311076867,-0.6717089156555556,1.0425583838307606,2.609871141216069,-5.865580646523394,4.960368236390833,-1.0704615212657864,Actual adjusted month-end return from Yahoo/yfinance daily history,Market Table annual returns from the same adjusted daily history,"Oct 02, 2026 05:05:21 AM EDT"
UDIV,UDIV,Franklin U.S. Core Dividend Tilt Index ETF,ETF,,,,,,,1.7300952713543483,-0.9902074649667303,0.7370932694830801,-2.2536543200766257,-0.7151478821936119,1.857969863694553,2.064626852454965,4.1985030529502865,1.1832350929588786,0.17477111875647822,2.0029978826540784,-0.2709345757709758,1.5821480984297143,0.17697524257633823,1.3607575420232498,-0.38953130430209315,1.35085387627345,2.8476935856028396,3.144873447245322,-4.53182552265512,-0.48016841490881035,-1.3037496039959628,-1.5708649932212548,-0.19598820158502894,4.178879550649506,-0.8092879560365973,0.5798552359782994,-5.418851866695973,4.070844672644047,-6.211654626444307,6.770803543689752,2.5380255294833898,0.9487764537787324,2.590488554652448,-3.953640266706826,6.046265246342486,-0.3425009146827085,-2.0620680901664357,3.328508905431038,2.6937062873829687,0.7594600798415341,3.3866957035585177,-1.5980672271907914,-9.093932350438072,-14.988242801643391,9.573444856829605,0.07040406036682434,3.777708703941318,3.3926636516766973,5.178359199447957,-1.6730559910475895,-3.1560165954190977,13.206134263221546,4.038026316706245,-1.6267453011587385,2.121962281185774,5.511058397042534,1.7758920202624928,3.867750679449311,-0.15780527010820222,0.7464691337910612,2.4287830779617936,-3.607426846310191,3.8636375057722327,-3.3636298417651256,7.135209965871692,-0.6818450631170259,-2.0678274642045302,1.9791720918986844,-3.381819010975473,-0.02285340402236047,-8.053059717081723,4.148562560612623,-4.194857124746831,-9.753656848449888,7.367506795367174,5.567361800548842,-5.462808427193766,6.519324109078073,-2.299015150197292,3.111090153674545,0.6572556795436002,0.4434952346067611,6.333162393301417,3.4175575087197485,-1.8193661949795548,-4.893091909887004,-2.353027979406941,9.623381986113099,4.99820367788415,1.315883482194602,4.676790801387942,3.435812576651398,-3.931685122836992,4.930162267151839,4.026002534800077,1.8777582976775786,2.432658034932822,2.270229057685591,-0.14563105510057017,5.122279087989834,-2.5306895885365277,2.636273023185809,-0.32616713128418295,-5.534130845524576,-1.7379374306084827,6.609263572676793,5.701566554724624,2.353553148428955,2.35616662897149,4.096717587625243,1.8745916415827235,-0.2642141522023911,0.3598574750097505,Actual adjusted month-end return from Yahoo/yfinance daily history,Market Table annual returns from the same adjusted daily history,"Oct 02, 2026 05:05:21 AM EDT"
URTH,URTH,iShares MSCI World ETF,ETF,-6.106342620546023,-0.5814646271275814,6.772372331457088,1.06671930412221,0.8130364122102662,-0.7492143581610988,4.154045574670362,0.3323581317726143,0.28984923902546367,-2.11942214999703,1.6731962494674457,2.0767177013171656,2.777783093548525,2.622829807278504,1.0248724176999513,1.6823067941483139,2.0838541867268745,0.4015054248831307,2.4274715345583786,0.08507689592418544,2.112924426398055,2.1286694522843597,1.9562224396160843,1.5719132112884004,5.186665677192481,-4.359068138525335,-1.7035351191100112,0.7460251646400851,0.6607395553587914,0.15376906441999516,3.007080753787328,1.1432929862506436,0.7462830516830055,-7.135070680583889,1.1260916343566185,-7.641245212912063,7.721573259871306,2.977877898921366,1.4858748185388793,3.716641894452022,-5.787805636249654,6.340529285453855,0.922868529891141,-2.1989975219916524,2.159392202789312,2.549588469703168,2.8049335423719013,3.04789874362128,-1.0629657438441908,-8.247210498509784,-13.092461452955838,10.81740094329322,5.025470055223913,2.617984398329898,4.894727650773034,6.528706784133131,-3.3410945752297083,-3.0044283178573217,12.85610276082194,3.9322711501874164,-0.8184466367952004,2.4934900711457653,3.693024606426487,4.321038759314333,1.6098949212203673,1.5723246275212155,1.7855624161269956,2.4761446832434197,-4.211489110367472,5.83583093256137,-2.047215169238814,4.015548184840334,-5.172927302273067,-2.9145969879991074,2.873657919841177,-8.38014393865647,0.442854539665416,-8.59394572583313,8.130611847906732,-4.577307689037291,-9.367060268682348,7.473722101061853,7.466024229012436,-4.666019521023113,7.1029791507268625,-2.5895202803955186,3.237400734166296,1.8016545255951755,-0.9934232133915533,6.008382733836037,3.2283952319362097,-2.209417354716059,-4.399368786355707,-2.546391458707742,9.111094747378058,4.957087061780063,0.8870846650379516,4.530538494286684,3.300554106387432,-3.961073079736832,4.69929191262124,2.044973058103383,1.6814732742304717,2.8072198314358587,1.7706521566336786,-2.0266406432973727,4.820133267624116,-2.8372832726981656,3.318333396386386,-0.4108070937457242,-4.2625011044972405,0.7181089508995875,5.852996418518508,4.515618421935219,1.015464732315774,2.793693040031342,3.229467931901042,1.9112131853120884,0.3404835093469005,0.8688715712501516,Actual adjusted month-end return from Yahoo/yfinance daily history,Market Table annual returns from the same adjusted daily history,"Oct 02, 2026 05:05:21 AM EDT"
VFH,VFH,Vanguard Financials Index Fund ETF Shares,ETF,-8.50359096620229,-2.5490800323959784,7.616412926071137,2.8472736562831447,2.537750958030882,-2.546620929179111,3.906223166928835,3.231085690283453,-2.260666845300918,1.863871125865324,13.842490354525205,4.144909957810161,0.1516498198318006,4.845210597482086,-2.729952030606486,-0.6780223901738491,-1.6150555704586012,6.321957884706042,1.5827337489819238,-2.0144683784862893,5.4787505752433185,2.539770298468591,3.5213047398973574,1.4619847465477953,5.711023766155665,-2.7147657430080963,-3.223969142647709,-0.3598265495397879,-0.15892265361119318,-1.8778765412423737,4.684936932347972,1.373750915881189,-2.61153291394709,-5.348121924495586,2.680473814219919,-11.377095850261131,9.41709533432289,3.1100929413105716,-3.099790286615456,8.552841874838691,-7.008303558584961,6.506682134245789,2.738736801309205,-5.162213180051467,4.7842910748081335,2.0428872204947934,4.941901026840401,2.3842975469752004,-2.3990553420123573,-11.202163705616709,-22.774930984221974,10.035473375006054,2.8847907297830933,0.3130227782139672,2.989486177280387,3.870331580223607,-3.8229121447341363,0.7521278167327061,16.372604692629,6.927149961048351,-1.5236995719075774,11.76473430375291,5.868483412322267,6.272177071142981,4.131412585390382,-2.8621237164066837,-0.28743362154545204,5.111435509931517,-1.7006103536664985,7.5552954673798745,-5.348704771188173,2.930819503216653,-0.5695379474183859,-1.3226116560318468,-1.0096154186729045,-10.129567733345146,3.5148254138348545,-10.675496943458185,7.449153848737389,-1.9411540528420979,-7.894497554616297,12.144006797461593,6.133228644160482,-5.934924654657281,7.8326881449406915,-2.073744299180902,-10.32152997708209,2.1697496612512523,-3.945725259496513,6.868766750330146,6.019204072650419,-3.053534451472506,-3.203413775686692,-2.900891213621548,11.437373139063123,6.784351031857927,1.8643063955635197,4.203011508668708,4.964864343845288,-4.619596054933462,3.430263095145558,-0.6599726716742582,7.018437757477969,3.7047340479807733,-0.34562335733304694,3.0206444779309116,11.454564160869962,-5.930713579412461,6.614722750483915,0.18271834299092848,-4.864563761967677,-2.3102022842030223,5.28660189474166,3.989297402876657,0.3770654722607514,3.279065125569347,-0.23645081446334038,-2.8345049144139933,1.9447993211220815,3.2056907573234206,Actual adjusted month-end return from Yahoo/yfinance daily history,Market Table annual returns from the same adjusted daily history,"Oct 02, 2026 05:05:21 AM EDT"
VGT,VGT,Vanguard Information Technology Index Fund ETF Shares,ETF,-5.8731437966531015,-0.9712375158073661,8.920575796214436,-4.674498009784333,5.344312979616639,-2.320207298876442,7.573080474940719,2.335060763539043,2.4512352545507765,-0.5400027143944719,0.5262441897331938,1.3097917673669635,4.312766635073051,4.939254008999838,2.2534859447622457,2.337229773281213,4.409222592340867,-2.5369190961605836,4.132351422144898,3.109270216785065,0.7917727190177581,7.395203246533644,1.0904789485839839,0.0951734747897337,7.551747677572296,0.09592518872307831,-3.3752178333487315,-0.023397485268150664,7.048437521994133,-0.6099273651066217,2.6240896983758866,8.938548808874636,0.20443892082333548,-8.476469965368915,-1.4671902451827479,-8.34059170397856,7.9901799461975065,7.326814708998808,4.071220381619933,6.3699368029530135,-8.879620850782866,8.774607331845118,3.537386983971369,-2.1937330244344855,1.321251795962497,3.753190986644772,5.593825621270931,3.967306634009482,3.810496155138221,-7.290107985150929,-9.729714560539504,14.204836666986576,7.863619790135612,7.038251201836787,5.941617790281195,11.135571662374133,-4.866835147650683,-4.321706603733966,12.530617771843367,5.7148913633550125,-0.7037915059083799,1.4802157924618697,0.73930661031687,5.146597983838808,-1.2362893113159634,7.276365236004767,3.370377380455536,3.5103392365434916,-5.744314359623893,8.191053946771332,3.116371275359442,2.5248099857223094,-7.837680624530896,-4.34566683638068,3.28448545804938,-11.83251055102853,-1.6612352000087593,-9.402721723787389,13.36703116121205,-5.651018215057779,-11.78728458361994,7.427526961749531,5.372491907331778,-7.96657198871773,9.695999478162665,0.4965781029388383,9.698856411707734,-0.28794257039533866,8.460821229413096,6.229150427518904,2.8609703564097533,-2.18331907519822,-6.5383954181348685,-1.7112655907635888,13.298194835929046,4.927690797028839,2.0475204461320784,4.834871909564131,1.5067362438769827,-5.647104546763282,8.060962191267706,7.994943770241969,-1.4880802721330078,1.0492726543876563,2.3455490156901293,-0.7195165571245665,6.86073854982483,0.04839417745488017,-0.8346703149709755,-2.9402729587135856,-9.258771182320247,1.3035087049545702,10.359450304703532,9.50343265612419,4.099313671938876,0.9486271972448668,7.241027974683756,6.238697758436662,-5.170119572810828,0.31173952365712854,Actual adjusted month-end return from Yahoo/yfinance daily history,Market Table annual returns from the same adjusted daily history,"Oct 02, 2026 05:05:21 AM EDT"
VLU,VLU,State Street® SPDR® S&P® 1500 Value Tilt ETF,ETF,-9.521974286042777,3.220792490381408,6.679571696855358,3.2128679700375695,-0.5250209139741724,-4.446813760585622,8.348770733182187,0.5250870875720182,0.15466467766405145,-0.39027053772453524,8.484346434174018,0.056743901658995455,0.7147128283428783,4.009868639603398,-1.07122499575929,0.8028062173920381,-0.16364277939772132,1.7758629017139649,1.824255574144984,-1.7915727091337486,4.114822962581632,1.699343236721118,3.536623313680831,1.5429224529086571,4.411773737814562,-3.136157806394513,-4.687935774200214,4.373594558129068,-0.3720515620644793,1.0325784320615927,2.9823048556298026,2.307256302104377,0.27062975190284,-5.756349569221397,1.3243777263689083,-9.833490798352507,8.66205956923447,2.075577404720219,0.23543492788622444,3.734740919953361,-7.552014791026085,7.340057394933597,1.3387251864868555,-3.3263682104317627,3.875374350824279,2.0276075608045785,3.5454568107778917,2.5640813143622987,-2.501106367955608,-10.415165222358258,-16.01073507568831,14.13994457797767,3.8739832472287405,0.8351445312245298,3.1502451099161055,5.622216170364203,-3.922145617247441,-1.552062426096501,16.084610173174884,4.756503446002158,0.7172875068985674,8.431582464873411,5.298465282035569,3.9561802903392618,2.5301357995854756,-0.5595536489795716,0.19805356749296177,2.4127764218785597,-3.3065921021560363,4.986862679195103,-2.470523454015916,5.750155190663886,-1.8433931502115142,-1.2891198940897852,3.1914447898515164,-6.271794423802223,2.1478888167936194,-9.22977957223674,7.1407425889189025,-2.6770656352745337,-9.318942407698172,11.089922024760867,5.7422619449668755,-4.923996612202453,5.979954295681189,-2.942730453915099,-0.681159279376764,1.175891065897594,-2.88121228885887,7.025212975902884,4.160481666663385,-2.540087357034393,-3.60752249098365,-2.7668197856960397,7.981774623728088,6.166645542626847,0.6675772792390289,3.879760033927493,5.08973917799127,-4.66573755076668,3.3325222418441047,0.1965826923945535,4.422115315816,1.580412735668224,1.5484679202921958,-0.6886282964314705,6.846828356061874,-5.435437967113643,4.335776996384899,-0.20827943376229285,-3.5977958799540355,-3.160712145056921,4.168303242367033,4.1624570107613,0.7390168771865824,3.993380383093692,1.8765529588970598,0.6956724316147023,2.223402079451775,0.7218136098197547,Actual adjusted month-end return from Yahoo/yfinance daily history,Market Table annual returns from the same adjusted daily history,"Oct 02, 2026 05:05:21 AM EDT"
VLUE,VLUE,iShares MSCI USA Value Factor ETF,ETF,-8.676096564084123,1.8120998266032196,6.013489638535252,0.7498214662440716,1.472251114712586,-1.2055962652999908,4.527019255748943,1.2418415419733764,0.6511006875820291,-1.194865544873247,7.085312372490837,2.07896905104894,1.2679916290347704,4.572286467025388,-1.1013283187949252,0.21883737022927452,-0.12280141766496389,1.183533607835452,1.9844997496685224,0.21325576149893166,3.476352039185948,2.6125071042340853,4.159343194980902,1.71582136508579,4.364993326352207,-3.300105522606067,-2.2714339095441516,0.39021162406551735,1.979592533899055,-1.06552944786098,3.413634705655366,3.6052775014519867,-0.19572710514565994,-5.907811432524401,-0.5927617429291931,-11.05234493546291,9.838795044482062,1.8943528948018207,-0.9520857437396057,3.4184951582578504,-9.601648534052476,9.56975910485982,1.6012223984126717,-4.521781467860531,4.854911661960992,2.8401260074075063,3.6979919144814355,3.2663022103564643,-3.7779858362678387,-9.636288700653106,-18.320406106197407,11.07940984324367,3.45811820123314,0.3816603929603257,1.0514559513641109,3.847228872651254,-2.090561300178151,-1.0707743944331494,16.42695869434261,2.9002052349290874,3.3022322510544377,6.90578311766159,7.249439707397731,1.7763055008563455,2.8481043616481516,-1.595153720083331,-0.6948417586347788,0.7667655814237673,-3.521543946019179,2.4826300568505433,-0.9496312403192597,7.838591539259965,-1.9731568601632055,-2.152638730509171,0.28706010012578,-5.747342950026313,3.9062775852013676,-11.005582028499717,5.855048218132675,-3.5691981882625123,-10.603397045206409,13.095513055379925,5.735600261142393,-6.182047125197476,7.175751061625979,-4.043796719094683,-0.33524598327878685,-1.0908258184039288,-3.668931502966466,6.977903406219177,3.7317324806050767,-2.9088412580059675,-3.24364830612911,-3.604486850938804,8.23326114500027,7.5755822401195605,-0.8501266305985911,2.522427292579632,6.015779038102087,-6.795300567655227,3.1302610956214005,-0.05461681688814224,3.99185448658268,0.4089665578025814,1.7267038626347597,-1.302271378914932,6.457902210845878,-7.184076317538491,4.156802449274566,1.0545449441861532,-3.4522270011843603,-3.8349738163042657,4.319416589750902,6.529791685096353,-0.22964784063796984,5.958379500881961,5.0566177345841234,4.286278901708496,2.499810774810096,2.8999920457680073,Actual adjusted month-end return from Yahoo/yfinance daily history,Market Table annual returns from the same adjusted daily history,"Oct 02, 2026 05:05:21 AM EDT"
VOE,VOE,Vanguard Morningstar Mid-Cap Value ETF,ETF,-6.86446124343898,1.361640027216704,7.756926370870043,0.9871313217772348,1.4435415588536893,0.3140227208365154,4.187248425204326,0.9265990553402936,0.4299169177326867,-2.415293982381095,5.935802387492717,1.1018485932100308,2.170995060489189,3.353454115398935,-0.24529670650336177,0.39242146423261737,0.08801459599250272,0.9009432272942597,1.6914734745311133,-1.242715927795901,2.7278069248484638,0.8140934435378666,3.40843214953257,1.9226197498330988,3.665904091053762,-4.694799588033261,-0.30296075979058257,0.4479344697905896,0.03642832080539282,0.96557651676632,3.2047512981418613,0.5526439928892568,-0.6772956135275621,-7.031045049211282,2.2831152096976837,-10.645267433332517,9.836230639664013,3.5649347554574273,0.0426828394281209,3.6336991917432337,-7.128836067064848,7.826864478327722,0.9969280512942547,-3.379259227520237,4.434658850693918,0.38052854910823886,3.1649535200748646,2.5775331588809625,-1.66960369211282,-10.54607575576123,-21.816510600255825,12.633787810187913,4.095659487118253,1.109086639265855,5.381397938747523,2.8755417748103973,-1.6615682362879247,0.5030924685862193,13.417753011226829,3.6071422146032317,-0.26059459772075355,7.509467930324898,6.173168589746503,4.500625414815951,2.2278826711483513,-2.003095406699862,0.3914515014358022,3.2896043160094424,-3.7859423492689337,4.362184332973085,-2.2443441022787503,6.159921446425476,-2.7007345391359294,-0.6016344939119844,3.4196037291658987,-4.930819551222498,2.199721743464078,-10.527971209550003,7.604971751588385,-2.561502945529104,-9.838311628839547,10.0435562669273,6.529831150456689,-4.490530329864972,7.16504463946368,-3.5602961442986136,-3.5566741438250338,0.6861990315450761,-5.237437640825815,8.79042806390058,3.750536362249912,-3.8796302990659504,-4.594504029411972,-3.642331688123146,8.653610197604934,6.591069176568998,-1.558516871042226,4.056034564367894,5.465750696326022,-4.399964544824552,3.2203869517336337,-1.6465885274924985,6.0692947581868495,3.0270534225389945,2.4882335522983468,-1.0079515800042071,6.145338875896966,-7.613452968256329,2.5653431664145243,0.0,-2.611151806303358,-3.0335086560850932,3.687277543065659,2.427627927752374,1.7511715735275324,3.2628227487015105,1.5380827707048184,-1.2773547791411821,3.0113054189039534,0.42784429215203534,Actual adjusted month-end return from Yahoo/yfinance daily history,Market Table annual returns from the same adjusted daily history,"Oct 02, 2026 05:05:21 AM EDT"
VONE,VONE,Vanguard Russell 1000 Index Fund ETF Shares,ETF,-5.489707448498726,-0.06784469260719961,7.105864816960561,0.3605772548667119,1.733079256248815,0.26102043822568977,3.7468742959000156,0.10034135780365716,0.35663151598614995,-2.2081669074037635,4.023393567179601,1.8147634275030855,1.9491245087583486,3.842850299727041,0.1789755664786119,0.9777212663858448,1.2514968725649611,0.6973119649781312,2.0343967061742907,0.2117378906981271,2.1041630418302537,2.296006774546955,3.0320987960753776,1.1635331911892033,5.5519181653832295,-3.74380337370962,-2.26084776454738,0.28878798474119005,2.6326771412589656,0.5556134158218873,3.435293449172372,3.406373641435878,0.3907166437205678,-7.133241186882088,2.0171317967226043,-8.983228903745555,8.358087060282028,3.3045663180690132,1.748011837129626,4.026812153090309,-6.335596806011834,6.907002331728185,1.5292110726969455,-1.8498519301083594,1.8280787094343776,2.09512774369478,3.8378672403482916,2.7389173875889794,0.2508774177835349,-8.143372340241095,-13.183978675932618,13.101322452218088,5.39969070825097,1.9845515932041202,5.854981341379983,7.295007638794804,-3.64740058676013,-2.2415971080355646,11.70949357159432,4.124688504161811,-0.8618000703859097,2.999395277861905,3.8260536035478854,5.366856552789923,0.42532050169086233,2.486142861747598,2.067108863501854,2.9400138128168773,-4.565944129171628,6.8787856617833265,-1.2853205697713865,3.9944234658604527,-5.739097853341468,-2.7340179577429513,3.5656890244183836,-9.092643731715134,0.01591421121858172,-8.43378333281728,9.328984076908453,-3.827314134845916,-9.156540313832295,7.828370315730004,5.432260133287103,-5.801327342381124,6.622295803286704,-2.454250648886802,3.20225673942649,1.3255891447898849,0.4184499620473625,6.683737945913948,3.463001209392824,-1.7502544452795865,-4.633197059563054,-2.558318015191585,9.436971233112267,4.951190184303522,1.3229427490944579,5.4274144923671,3.149886825710224,-4.221231887994459,4.801550429963353,3.2029782854261946,1.556453786933254,2.2689048615925467,2.085062679882932,-0.7190279197739291,6.560795488449878,-2.754437761387285,3.168111789737549,-1.7770880583930615,-5.7896296794417985,-0.6775261355343121,6.298088021969317,5.093689055922623,2.317868940168455,2.0670285927022913,3.371348762068127,2.2159744197693287,0.2426917208191659,0.03687679168127289,Actual adjusted month-end return from Yahoo/yfinance daily history,Market Table annual returns from the same adjusted daily history,"Oct 02, 2026 05:05:21 AM EDT"
VOO,VOO,Vanguard S&P 500 ETF,ETF,-4.9109496171292015,-0.20814410753161594,6.873367816077769,0.3500349977285433,1.754565897105076,0.32228285494397824,3.6836564885230905,0.12040910842017194,0.029007792395741028,-1.7917041517039212,3.7257307645030657,2.0719806813029207,1.7826773154559383,3.8761225240644848,0.13189486905516024,1.0399439107007025,1.404426098707634,0.6296587923773522,2.0624997062062667,0.29122900090350345,2.0421870369965234,2.327116719912814,3.057640231762271,1.282671111903877,5.585223744533563,-3.7260085437931245,-2.4676364007826246,0.34699986875492694,2.4164289286073615,0.7584588477321574,3.5630094455596284,3.2198207505157006,0.5761117096164226,-6.837675299873524,1.8851261619263537,-8.847161229140642,7.919566326110927,3.2498769167125463,1.9256612826976882,4.034025202649105,-6.347913390927484,6.991190794130153,1.4601310674800638,-1.6405058077343382,1.9722591988031724,2.182688369181185,3.6258764125168153,2.9736944041403257,-0.03718447278429071,-8.099697379376014,-12.441380826611681,12.78604869831641,4.7360946674273485,1.8420474644363027,5.881551499578208,6.971008588903604,-3.7562793281592843,-2.5450986419463084,10.946549092834147,3.74442681326721,-1.0212639436682047,2.7661496204809843,4.575288415649625,5.289597055534556,0.6674068456561821,2.2595481347522206,2.4471359708415186,2.951752809184649,-4.663662489315545,7.038553576264817,-0.7343194771652128,4.5601911469622225,-5.240828883777116,-2.9804947802039017,3.7891886642729133,-8.784353813241664,0.25878011629998365,-8.264478164016642,9.199136603039925,-4.128929522451186,-9.198886913297176,8.11758866019725,5.504995869654894,-5.732457762443399,6.290198232455579,-2.498373066921755,3.709960463186057,1.5901400916580766,0.48160457818271496,6.509907647569491,3.2901018248210567,-1.6283206753072044,-4.743947484735489,-2.1721232305389693,9.17040855328608,4.578603393274139,1.6071560734283619,5.207059898395983,3.280128896858181,-4.008738315661509,5.025673621402582,3.5671455900133875,1.1597104147342163,2.393592262062305,2.1762857497226396,-0.9475568240252641,5.889023406020821,-2.333652121909635,2.6948484451369437,-1.2650770064747352,-5.608008672255382,-0.8114343798186985,6.281634227264532,5.172726476518363,2.286846382333585,2.0756624043537064,3.5494947316355274,2.3939371148669286,0.218482324691327,0.07873367484663163,Actual adjusted month-end return from Yahoo/yfinance daily history,Market Table annual returns from the same adjusted daily history,"Oct 02, 2026 05:05:21 AM EDT"
VOOG,VOOG,Vanguard S&P 500 Growth Index Fund ETF Shares,ETF,-5.126235537988755,-0.7617450849761176,6.802779671199932,-1.3557625171525034,2.6708269543177288,-0.27399405135850596,4.584506666461996,-0.31960305658632615,0.3922081939270017,-2.1344955795034037,1.2824354011975236,1.407722105608511,2.8197442762720737,4.175918898600006,1.2541265311888372,1.8875881584232923,2.816331321794352,-0.3867979440349334,2.597497785421732,1.3492400537317373,1.183135773047872,3.278659736558631,2.7608840703544635,0.6423819535200881,7.2356965873543455,-2.1379531863586876,-2.9206359863754083,0.2083537825592785,4.35248421195511,0.5393983918359213,3.4269727502136416,4.903928160765592,0.7330551395362095,-8.123430911651997,1.3571112170872368,-8.461531641114838,7.437023749346405,4.088555600025279,2.7242665837751145,3.970541603047173,-5.26185785168064,6.135339298673226,1.1856740114816633,-0.7668816199829509,0.3052271242933946,1.7505966182538968,3.428760735380454,2.858774044701251,2.2594217820555373,-6.925732802737128,-10.055504617079302,14.249259902526411,5.874404395491295,4.1181312872096365,7.1535742380471445,9.452259690678911,-4.737552690568004,-2.945838485701857,9.847223743421619,3.8373219363402766,-0.5737021964524303,0.008719068686646736,2.8591776257334445,6.7923914622693315,-0.8767290327499122,5.639462637951831,3.7692076565702504,4.186866345475537,-5.83840146441188,9.10082396171179,1.4091464110492335,2.4323975140879917,-8.401311845200187,-4.453834243086252,4.54902706590965,-12.617465769425262,-1.336790937078569,-8.231478254944424,12.796376198262639,-5.4177245352924785,-9.970147048603462,4.545665687423428,4.985562997685777,-7.5913339867946465,5.64613370795044,-2.0461915108092255,5.908577915171764,1.462174435062491,2.612760124136093,6.184837717027758,3.0618918151116947,-0.6606418811294312,-4.822849463814438,-2.4793297949571524,8.794427194004918,3.7462146800582907,2.795512795064359,7.184943511392317,2.228624822733294,-3.836426591374398,6.702599142300625,6.786693500313867,-1.2565616419531578,2.080410249367226,2.886143578788536,-0.7153467991340756,6.119834593083628,0.7661787238306683,2.606118916992539,-2.8833874724758735,-8.160438562736182,1.87455644605532,9.552454815478285,6.360091800221768,3.608735629246307,0.7983435517749937,5.284667651830444,3.3849370833328507,-0.9506896306463952,-0.16725306520568584,Actual adjusted month-end return from Yahoo/yfinance daily history,Market Table annual returns from the same adjusted daily history,"Oct 02, 2026 05:05:21 AM EDT"
VT,VT,Vanguard Total World Stock Index Fund ETF Shares,ETF,-5.866026799816304,-1.106182329740113,7.972479868262661,1.00538679946931,0.652111868998162,-0.18514186037412728,4.150162798764301,0.3472080959832313,0.7785618387039284,-1.9720297031805334,1.19023800664122,1.8137950146266846,3.000002981791128,2.6898026532373054,1.4765074182820026,1.6252214017343114,1.9463079721446341,0.631247283714953,2.650670800027677,0.4183510845059413,2.107598829363644,2.1068748216060085,1.897266431637079,1.5945549590570707,5.4807522301745015,-4.442746191185776,-1.2790186160263284,0.4210378713134899,0.5680153902904106,-0.5953997504195341,2.8758642550315905,0.8611601618064402,0.0792395937747381,-7.820138177641745,1.7311077310459444,-7.236792970569228,7.989654009581715,2.815091446813822,1.06468134555322,3.4713681481390646,-5.9701562526010665,6.370059811258044,0.0,-2.1022092084773347,2.272499523195326,2.7933620118359315,2.561456086981484,3.452699436797735,-1.555754265401288,-7.224366895080047,-14.76453468386919,10.366284018089944,5.208463204593494,3.071205209908512,5.294096707126528,6.005601414642769,-2.9315382316124627,-2.04612435028545,12.36862772767855,4.931582781467836,-0.22685070533529084,2.674031417931455,2.8509254973030806,4.1319654453689125,1.5793259804980808,1.1820377251882563,0.6176850481422802,2.263791235281909,-4.107705996243249,5.145806071533032,-2.6150932343609656,3.8059084774822782,-4.5797045086258485,-2.770491157330879,1.8854376426366004,-8.095534637984947,0.4941279906638618,-8.121747887177133,6.983845056324811,-4.052584652526036,-9.528958504317908,6.376794510624673,8.282684341863057,-4.437379413367548,7.64589632051238,-3.1795641639997485,2.8501928557082223,1.422508491256247,-1.2098560409977699,5.8079502083769885,3.7224368476913794,-2.8432293083682447,-4.254781194891077,-2.919084640969505,9.009513105614664,5.15752434315393,0.0,4.4906664367894145,3.189107901435495,-3.5837013801539253,4.599213835442484,1.5860250808509724,1.9799255010032102,2.3332758724999403,2.1965175373363177,-2.180451261882177,4.1421207695605755,-2.9363849384981044,3.055831772371609,-0.41298852708837597,-3.5176685472371627,0.5605740405515647,5.806188823491465,4.673152417684556,1.097109105183769,2.9554339983304923,3.3713191925814234,2.024670461256295,0.21338340636447573,0.9219181605502058,Actual adjusted month-end return from Yahoo/yfinance daily history,Market Table annual returns from the same adjusted daily history,"Oct 02, 2026 05:05:21 AM EDT"
VTV,VTV,Vanguard Morningstar Value ETF,ETF,-4.759559982252415,0.10304239812997107,6.698667052838392,1.5172073739339265,1.0640790645662035,1.1254339631846522,2.812070837437708,0.6752333233318808,-0.4688388281236522,-1.0919246319848086,5.996530773649322,2.7283954647107977,0.4945659621093723,3.584044674943443,-0.918248096174723,-0.03145571877938291,0.06292109591174988,1.8011045145332139,1.5430807219500187,-0.4691394539812599,2.9817193303727674,1.833299231073715,3.5219069938631886,1.6518405380941514,4.712213606621507,-4.437272299987827,-2.4617557512939037,0.41673839018330217,0.6080612611274017,0.20477991113687644,4.651829762087956,1.895859162085367,0.6237855523129721,-4.978334576615351,3.270895270701124,-9.142909971722835,6.952529317451184,2.8637249358318018,0.5672036693510352,3.363373083562493,-6.328110613836335,7.1162913278931095,0.8294394022501761,-2.9685115589782596,3.458176377774258,1.8993006952088276,3.4376608296831757,2.642517137092426,-2.503115551465751,-9.713315225661335,-14.82771229871821,10.667018409594275,2.8814826047888653,-1.009213814835086,3.7353143782481224,4.181606638124857,-2.215624555046125,-1.8180148020634945,12.757049542139608,3.5106342076625108,-0.7901905236743723,4.99913466640336,6.666599486295666,3.4382953152165996,2.919551481047189,-1.243154428108939,1.0111773815182135,2.088555520483504,-3.9423483907388035,5.444342324589058,-3.0405183253812473,6.955000689668145,-1.0739936414805418,-1.1543835529196245,3.2820994140146498,-4.790896213246576,2.409386244081513,-7.88591400749551,5.057641494584941,-2.6777699508179986,-7.811699997441557,11.734674802206646,5.994046713911416,-3.3020463502033692,2.785507959440592,-3.2367529655526583,-0.461831962841841,1.7739774349457393,-4.119258273235593,6.1337624312364,3.4553315583219835,-2.380803426896594,-3.2808957183710685,-2.6390279502980674,6.679587667905729,5.089978551147567,0.8695708731644158,3.3355536182691825,5.1689414859712235,-3.9113244706456607,2.9969820854741425,0.15310459202866333,4.737849420871765,2.8807687409516003,1.5304446465684851,-1.380530211654063,5.640107712072706,-6.372715239810645,4.370917007061181,0.8093012315527615,-2.45880088863607,-3.623951340447795,2.949311970244217,3.6873108135030863,0.1697325037346209,3.490747047907239,2.3018137427906593,-0.39144328555872354,2.54091043583875,0.787225602157493,Actual adjusted month-end return from Yahoo/yfinance daily history,Market Table annual returns from the same adjusted daily history,"Oct 02, 2026 05:05:21 AM EDT"
VUG,VUG,Vanguard Morningstar Growth ETF,ETF,-6.006206530749347,-0.399985170220174,7.20286015838687,-0.7890811896048011,2.4902644552964093,-0.6613679680921747,4.78547154568818,-0.311592072625011,0.6163861079161892,-2.591436762317867,1.2159269408791973,1.1672402527657333,3.525296311857007,4.3843866043130175,1.305703685722337,2.2768410859173693,2.8047963698021983,-0.4244177958213635,2.5425211263270464,1.1744765783569866,1.0348352337072653,2.8926608027906253,2.423319186867623,0.8743868535568078,6.82545613078831,-2.921817704331253,-2.4907225157608237,0.2748889073082461,4.386020267553281,1.1528622977077463,2.5098180789488334,4.668888741097721,0.4772090884765934,-9.066068206810119,0.5736301708879399,-8.417453873279634,9.201249896219643,3.6880398898887945,3.127830249197183,4.705284727446313,-6.337743669284945,6.784127580506216,2.2951118398738313,-0.5743559723999869,0.28916098882327823,2.592022924296833,3.9920153254463075,2.97621287036256,3.1289586233300914,-6.467234118225107,-10.594323019095487,15.080751713244677,7.0596739006170806,4.903402086967645,7.561021517828714,10.093381358530419,-4.711891001447666,-3.0051505880284157,10.37278316244965,4.160135974947776,-1.0144516226444633,0.8453728964308516,1.7951699055777093,6.913317648785355,-1.4300836870015043,6.021187385536586,3.1833023144281825,3.673030765734997,-5.32481223398904,8.264142262548013,0.7130296539026526,1.5740852664459348,-9.414169074931921,-4.585641028127007,3.80153202057123,-12.875532979552705,-2.6898614470420856,-8.456075076418113,13.042286424457261,-5.000770815601008,-10.444242189280883,4.108437149279998,4.624240198718299,-8.363909574062466,10.384288750135774,-1.4240352356940544,7.762079346867279,1.0383562526467438,5.170006086796275,6.910927186537519,3.3573631905898793,-1.087301597400181,-5.739191539278532,-1.762691994787391,11.610777938792571,4.32120499717219,2.1583843266091085,7.065715985896004,1.3632265166098723,-4.177797370387227,6.3246521395696975,6.782127549955019,-1.7940731324901926,2.2461238135925266,2.35260231170602,-0.2630726142617723,6.84475635962527,0.44859908893728484,1.9271851131331452,-3.0166003166407496,-8.484773784771537,2.0144435954302375,9.212503441400454,6.236848441295306,3.8275596851976124,0.7557387616843769,4.688174498737374,4.011609377793146,-1.6057081277621843,-0.5055055941001974,Actual adjusted month-end return from Yahoo/yfinance daily history,Market Table annual returns from the same adjusted daily history,"Oct 02, 2026 05:05:21 AM EDT"
VV,VV,Vanguard Morningstar Large-Cap ETF,ETF,-5.368989985867245,-0.13562439872156773,6.92009244644245,0.4361314243960912,1.7157336787200883,0.24985341481387202,3.7767611420840286,0.1709139833032669,0.07792166989812888,-1.8152320868506933,3.707837563642058,1.965789340327273,1.9439475543566065,3.9670419582207517,0.08464115878623613,1.1101835532524529,1.3816522651564966,0.6232451030684816,2.0717020174495726,0.2823741460547202,2.065978369243404,2.35703006094643,2.9799932781715777,1.2556644394812633,5.710542457202172,-3.711986200918005,-2.44809951918028,0.3134695964183809,2.4426586826929553,0.6088984671140718,3.614950437644615,3.2567514605306824,0.512327414415159,-6.9133518279579365,1.915048623247384,-8.777222879250424,8.061996378190273,3.2790809032540613,1.8537194204685692,4.0292895699020725,-6.33931393234628,6.996032635863658,1.5142658942725928,-1.7695172657614888,1.8921403251467073,2.171162063968324,3.704517839751653,2.8796086205740146,0.26378628324956743,-8.136042441854341,-12.538597594875277,12.96966681475402,5.157362092530904,2.0928596385954013,5.97899450973316,7.627857018513673,-3.697490879134535,-2.4929805120112114,11.111850365464203,4.09739816554735,-0.8478390997471164,2.5997344219930607,3.9929490452293326,5.375039338426135,0.4711806722321299,2.6528914402911496,2.3561674871886096,2.9248580963727955,-4.707046877333809,7.057568389794122,-1.0227816203364992,4.172699646890354,-5.994927888790047,-2.95519359438412,3.7282451486908563,-9.314578117382322,-0.23804388620891626,-8.253127156925078,9.202215712187712,-3.8839808352062355,-9.20659926393732,7.887013568057899,5.366632304640118,-5.870430450684294,6.469594035406501,-2.399321564174939,3.607234840289375,1.4560265877842982,0.7281178451294723,6.579940159796749,3.3889111808089734,-1.6365288971118996,-4.736399061663121,-2.1513691531702572,9.478800713053758,4.504852687565619,1.7694250995214933,5.238489332756746,2.9713671350993787,-3.991480586123719,4.917676357444711,3.7141211791132056,1.08966014255778,2.516445833830727,2.0878446133499873,-0.8355621198235963,6.223901388693909,-2.450497223880266,2.992202581637149,-1.4616256294636143,-5.774734744864885,-0.6769512648452491,6.459315894393924,5.288349939685055,2.369422988520453,2.074926598425475,3.5432425302431847,2.4946530262833777,0.05070391903645444,-0.012432536142570338,Actual adjusted month-end return from Yahoo/yfinance daily history,Market Table annual returns from the same adjusted daily history,"Oct 02, 2026 05:05:21 AM EDT"
VYMI,VYMI,Vanguard International High Dividend Yield Index Fund ETF Shares,ETF,,,,2.7895655350853588,-1.3479864365539718,-1.864007511314414,4.013175371599709,1.1381748979217399,1.2726221632825663,-1.0281722911726798,-0.9314190455267934,2.9995366688998493,3.867198893965784,0.7480257356670794,2.8129059417209,1.4695821441677914,2.4671008365693137,0.67824269703749,3.35678078949484,0.2165017053186613,2.113535700975744,0.33490739354680166,0.4096499889460148,1.9639710692655354,5.880607368359958,-5.483517557681705,-0.3104009340571978,0.24073979246099775,-3.332837671040745,-1.8749231301044555,3.695962454690127,-3.130336130223843,1.4147029455751303,-6.510683129783534,0.8854058071762427,-4.15664835807239,7.0374814375715244,1.5606749789554009,0.2161755422480871,2.8426149147799284,-5.3363264549908695,5.372049798126088,-2.688161555494417,-3.448861002402248,4.120679166943875,3.300202850659506,0.7334880425175827,4.115114188059699,-4.2176182777702635,-7.693557661998341,-19.137660303680846,6.094084879342132,3.7460945103440446,3.7145134437370775,2.676262641068994,3.481758079272912,-3.253929591487481,-2.689216702300523,15.021717781272304,5.317743554362564,0.4935939833659919,3.7000809772407717,3.8976100141376646,2.2765556180651902,4.362137782754605,-1.4950783337813078,-0.6472185976584499,1.1992716017692917,-2.306000627893856,2.967465617251208,-4.940450857621215,5.426417279275042,2.262928019483068,-2.009016887944859,0.9265012311479914,-5.575279449696069,3.1010350979916224,-8.94439913247924,1.6150888674315356,-3.5636793006528444,-8.585171106546252,5.399682824602081,11.39469984947057,-1.3944560572063835,7.9402801684332,-3.3281715413262747,0.194046232555678,3.518947139256734,-4.771552974841098,5.411587931452844,4.367081626182956,-4.10853511346021,-1.1009701986003928,-3.0053482199310366,6.946521323384358,4.9546043449634425,-1.2031905993289849,2.0551236726997546,3.5577812160253686,-1.5116398302935763,4.752087549275785,-2.0295539918484873,3.093534876157511,2.5760810741999984,2.2838787137142713,-3.718325418908819,-0.2121905530013346,-2.3862726064762363,3.4619966594093388,3.0471176088990415,2.6388719098013658,2.7412280581164294,4.490821791775068,2.6535994073039637,-0.16226691470418997,5.13877728373302,1.5365317267970635,0.6495048399894232,2.9214978507070555,3.6854342398275453,Actual adjusted month-end return from Yahoo/yfinance daily history,Market Table annual returns from the same adjusted daily history,"Oct 02, 2026 05:05:21 AM EDT"
WTV,WTV,WisdomTree U.S. Value Fund,ETF,-7.284129560049601,1.4730818011150504,5.31649770862066,-0.730262315041863,0.11194164696424203,0.05102177075626546,2.3542598759352718,0.15646105414399702,-0.30460741789380963,-1.510390929058436,6.309885369785606,2.0798524814366504,1.0350479248154798,3.5416851190341214,-0.38538705714259436,1.5940946905813158,0.6163686965815929,1.4565938780416898,2.0118068706152625,-0.20263492381674686,3.1448207861685784,2.4107270040135464,4.9909821361732165,1.4226502360924043,4.269706487852631,-2.8384883994235333,-3.100557782781588,-0.012377487736892068,1.6726377016757832,0.9000424942158913,3.091752765362954,2.8577564674677536,0.45462816963315333,-9.22301472237782,4.323716087419838,-9.713777820688808,10.879222611697648,3.922314808739591,-0.7422854363402287,5.324662201401931,-9.135733487178854,7.563679820565095,1.5881972325709537,-3.9650807754570416,3.631709430290142,2.459115199908579,4.1861833824611505,2.0638940540778083,-3.9852397244999116,-10.69507037436731,-19.99061882063077,14.92350931596298,5.417414444965418,0.915123070488777,3.8979055755439695,4.264959717045391,-2.4540338584976618,-0.3739506340293519,15.110785653258674,4.43516493930034,2.60465282537774,4.533782299561184,6.825351249706779,3.9609432792910404,2.135645966321875,0.391066487306313,0.9034721181080618,2.968000346389199,-4.065810997034314,4.314828927719105,-2.9245282125185623,5.934039768630628,-3.2665268053856833,-0.5546315362162324,1.3991240589132703,-5.0657479882605045,2.4285976074346127,-10.959354164068158,8.849058835206613,-2.305433776119714,-8.890353850826981,11.637927984318729,6.054758489484757,-5.104492249846848,9.873743345269581,-2.394281707996515,-3.7617349206157447,0.17055055082544346,-3.0984111265997982,10.41249267363311,4.172660194702438,-1.1049740915134998,-3.738536348109389,-4.209152165626795,8.433331185502935,7.385603425207377,0.1459107665345849,3.9341428351472807,6.382942612458153,-5.701061098170202,4.194170184226231,-1.3169653922373348,4.945892973251098,2.245431357023131,2.6015729288475287,0.3875124240133365,11.343554937259492,-6.152642968297983,3.8286705929663656,-1.1868906048838168,-3.8139812410809104,-3.17635123958645,5.24134441393711,3.563523184599471,0.8796269660457767,3.728771392517616,1.0792586262893256,-0.6702521953982354,2.323012484176279,1.3867911146726364,Actual adjusted month-end return from Yahoo/yfinance daily history,Market Table annual returns from the same adjusted daily history,"Oct 02, 2026 05:05:21 AM EDT"
XAR,XAR,State Street® SPDR® S&P® Aerospace & Defense ETF,ETF,-8.18835243575955,2.5746324193625325,4.808145814540388,4.473875000761884,2.536315448120363,0.2693344389772312,3.5643849067293676,1.4873510160210213,-0.4203090647648233,0.034290512744550306,11.143461249412168,-1.7190212717934195,1.5938313148420535,6.989738497354336,-2.7973890632282616,2.79816946003828,2.518188910741892,0.10021127935937457,3.622136523686903,4.112407286997355,5.506719522977055,1.9799290714363815,1.646615817102548,1.1313190310455745,5.887978424047291,-0.22603114871941887,-1.4620791674906375,-2.0720548308354902,4.243571722689721,-1.6498320642983844,7.850347179664707,2.234749825085114,4.243033474553637,-11.451533424927963,-0.6353158665726499,-9.728990224190692,13.418640311746666,6.893082454811994,-3.8867204318909554,5.599163941481478,-0.41264325667034196,7.78324388295315,1.8379402815501322,1.52131532731421,-0.20949802728702505,-1.1419921073387629,4.97113698006062,-1.46564013803554,3.152769248990972,-11.168349805061762,-23.38772580429369,6.899736294317926,8.286205566288828,-0.33914291521194295,-2.371990384710576,5.64187174539752,-3.3291384276974756,-2.541789597158073,25.352462413718847,7.634338957207754,-2.588485023055709,6.620756743485368,5.934194695709838,1.9826633861551812,1.1633396766237203,2.1990677395014258,-3.764198804506791,-3.707190369413005,-2.6407211798431085,0.06707735559774441,-6.376198211381512,4.34092721513073,-5.417706064865424,11.61946225468995,1.5021975845763036,-9.76098296703407,-3.8218722544569483,-6.911789510652266,8.438533906114243,-4.298788626186534,-12.014236980302428,15.783159261350388,3.9283956747929727,-0.15043952846575115,7.37847540481118,0.5415887432066224,-1.4920953905624201,-2.0443292605282437,-3.2657919280961623,9.834333973165199,2.9293224817262375,-2.39829161701669,-8.083911292861268,2.685103765878827,11.058985947745526,6.206768228581883,-4.548823034476024,5.964722181484561,2.700935051898168,-3.188382261745659,5.542904271513582,-2.3879051117841166,7.693940645122632,3.1575459730849964,1.3120055498697436,-2.24990606223765,14.77243268524755,-5.738652999164917,5.813527849077538,-5.243361434681992,-3.2383384056987707,6.391183159114222,11.885825247663195,10.351468849984347,2.6547662898735336,0.4156324493273189,8.305126838518273,5.783953593950719,-7.346616899312119,4.805269173788251,Actual adjusted month-end return from Yahoo/yfinance daily history,Market Table annual returns from the same adjusted daily history,"Oct 02, 2026 05:05:21 AM EDT"
XCEM,XCEM,Columbia EM Core ex-China ETF,ETF,-9.080001731396404,2.5076775240544302,13.680292589838405,2.7843167913354394,-6.2442575780183756,7.492657133069391,4.533019510741654,2.2444777704393903,0.3921775840265873,2.696169049406527,-7.421349568768099,2.2180463002051676,6.353975583178095,1.7099474008128945,4.26636065704018,0.0,3.8838698159972873,0.5853544553474643,2.721987843991025,1.2244108578249646,1.3901393682183683,1.5064099707089884,0.12981828425944197,5.628692750608022,6.866635071499294,-4.430157090451625,0.9731036429358353,-3.7673055971443437,-5.54259699205899,-3.7319814046625766,4.765716460222458,-1.9877714245968958,0.9945495822786032,-6.005025983848533,1.8898826786129197,-0.9909958481853942,9.175424141607147,-2.1232251858104845,-0.01968351051557793,2.973022939394987,-4.749517199124709,6.929492521411884,-3.0525045308885335,-3.4467810178810177,2.823775770753012,4.9541790621348,-0.9292057782860907,6.778746598461516,-6.47534368560242,-7.211357421516807,-21.41379775469485,9.410842807771914,4.043449834959212,4.653418626799888,7.705215667691201,0.25828687506368464,-1.508890140794894,-0.0871773589908531,15.832106671474655,9.472870068197947,0.6429028151704097,3.796378205744233,1.4668376803174787,1.0370940625176406,2.665630393645113,1.3481879336495028,-2.4931229671885546,3.562441446434761,-4.783882778306181,0.3419851473997815,-3.8699785162751965,4.378340066878694,0.7966687049107968,-3.905021433946476,-0.5526626727395345,-7.6920593372793,1.884039118393921,-12.058110831887403,3.8340048095119705,-0.49486857618137314,-10.290744061220447,4.6780394540832715,12.19293672500652,-4.96788691849166,7.55381725053712,-4.5851544846700065,3.1655315790330096,0.48058579745731134,1.508472748232914,3.6607390879949575,3.7062912234028245,-4.821313461905563,-2.8692844469025647,-3.79285209660406,9.363160156856631,6.240638842638124,-3.303603220115281,2.90400004540583,3.253646774768426,-2.2508003185770176,0.3618400950014422,4.621435366361082,2.0676767726133027,0.21485227359361314,0.06125032444801448,-2.9078668441390176,-2.080707475798038,-2.1388142653018916,1.5540505052417108,-2.561538675602537,0.8364616193639929,2.6240049378196684,4.915866626986887,7.484279273656402,-0.26331428983066285,0.3226820926254259,6.228069254457624,6.4960065271019385,-1.757569366439149,4.390489604804859,Actual adjusted month-end return from Yahoo/yfinance daily history,Market Table annual returns from the same adjusted daily history,"Oct 02, 2026 05:05:21 AM EDT"
XLE,XLE,State Street® Energy Select Sector SPDR® ETF,ETF,-3.497990890539815,-2.8002173675553133,10.165902708707698,9.064474995903682,-0.9333097630829013,2.72068144494908,-1.2602178456510238,1.6770244689882752,3.6881920362676457,-2.818293931762683,8.466923701298711,1.730762248331641,-3.2129265361532267,-2.0850809270154924,-1.4859818885684328,-2.94708949541016,-3.537717032709342,-0.11167210550540041,2.6186019456896137,-5.47884864917878,10.18233120891141,-0.8323542924133509,1.7523281714775685,5.2694134859700315,3.5842521419964912,-10.834996246247075,1.7230377359067184,9.494117305044725,2.9941879695835505,0.5695271678061165,1.5538738265020946,-3.4751118562909356,2.4459952938873597,-11.328238213909025,-1.563441766998519,-12.439179052083983,11.21184702904916,2.3048167166402678,2.12809728126111,-0.015149808483783112,-11.102702197480651,9.395153128208555,-1.585298711369909,-8.325361573359459,3.9343012553028744,-2.09460637471669,1.6045618341662848,6.026234656691387,-10.99266409363111,-15.288198195333603,-34.37094298788309,30.763957205736304,1.9999554878770587,-1.0955438779170712,-4.808470542796018,-1.054638589994239,-14.606618222894173,-4.106863864951871,27.99444236431996,4.480116949897139,3.746679190419955,22.456783974102514,2.971025851294118,0.6726249976540588,5.709642136644533,4.233942777715782,-8.31629413418894,-2.0044609022385362,8.931489141380222,10.328290249461624,-5.011324970059383,2.983401470898328,18.77474968092523,7.069179848918106,9.338612116022539,-1.6876200086244464,16.034608031565824,-17.073461307274652,9.662949348183902,2.652412491866829,-9.558718362716812,24.965284615412497,1.2777747056100575,-3.048950098387404,2.8124177868657396,-6.93874799227594,0.0053305255116153916,2.7767779287669825,-10.031723115323066,6.913373643364618,7.773823011880077,1.6460716164196088,2.403296979574021,-5.752830114800512,-0.7160445890649125,0.0771562091461897,-0.5128552173853218,3.272960395316815,10.486405802001597,-0.942718287879396,-0.34217841282719874,-1.4141649922523758,2.2600032430539763,-2.070588829618447,-3.018094578432917,0.8997783613813093,7.8338233578078675,-9.57956842626474,2.311466480338109,3.8338463226560204,3.493247756615281,-13.857692035806824,1.2795054546550055,4.869275561294306,2.8298602346806145,3.646367217332469,-0.3181926468544871,-1.3543715900269815,2.6324632357458633,-0.2960142485214923,Actual adjusted month-end return from Yahoo/yfinance daily history,Market Table annual returns from the same adjusted daily history,"Oct 02, 2026 05:05:21 AM EDT"
XLF,XLF,State Street® Financial Select Sector SPDR® ETF,ETF,-8.854387817751686,-2.9005723778406933,7.159166263516514,3.600007550718076,1.8876304685764955,-3.2327197170170074,3.455823182590345,3.847789170442195,-2.801800869910953,2.2797978417080866,14.032420473269557,3.75642372102738,0.2581138568902075,5.276693433318735,-2.956090992697491,-0.8428471731862675,-1.1899909334944447,6.513355028216594,1.7025075618746,-1.5544180852067546,5.133021963187301,2.8615276019097413,3.4586629653409418,1.8881361350530534,6.5567760440148115,-2.925344750771286,-4.155327990009905,-0.4352498054899123,-0.9835992622761025,-1.7469332938895854,5.114699498932418,1.3595738983234629,-2.2154803308017446,-4.71355576376713,2.6255609019731674,-11.128933091346916,8.900061456627562,2.235956017529017,-2.559424061230642,8.984834666572738,-7.173419367723611,6.653677320841611,2.355039541946269,-4.707957332770707,4.542187387932062,2.499969378700806,5.052268181475084,2.609277615506911,-2.6640697783579803,-11.248356219572086,-21.035922559010345,9.4620638127634,2.7205142237293423,-0.5228445355308975,3.846179665004157,4.286291516243179,-3.422238295141422,-0.872439851061868,16.848284021989212,6.306029967664073,-1.7978190455116283,11.606220668157953,5.852426901099128,6.490454077780616,4.771083847128987,-3.039390372124995,-0.46333787833807705,5.147877443661364,-1.842486896340434,7.274140167431442,-5.712845236569852,3.3643109364963175,0.02559538401656347,-1.3824960933602748,-0.12998480950883184,-9.942590508534,2.7818268119900846,-10.860886120259261,7.185989114307967,-1.9578734996316238,-7.6559273118605775,11.92357360291556,6.85699289219639,-5.220479528164324,6.90062064554624,-2.2976218224806444,-9.547698646516235,3.172631240321322,-4.250820897300434,6.616052253514049,4.80569853941526,-2.6889324325951813,-3.088230297554695,-2.441967453124394,10.939448222725346,5.253898072979246,3.085086974799922,4.076390449193235,4.8055978313854775,-4.178537440412555,3.1714639702116187,-0.8819018040102766,6.397456325590323,4.572489462074336,-0.5589007778576405,2.5595798912769974,10.456114504578107,-5.461420004582751,6.497006970302199,1.3794353023255823,-4.195241151129203,-2.1080137053352876,4.511894516801074,3.119060047302602,0.0,3.0933906890878493,0.1061945220389715,-2.784483620536493,1.8331145945227556,3.0591051005186998,Actual adjusted month-end return from Yahoo/yfinance daily history,Market Table annual returns from the same adjusted daily history,"Oct 02, 2026 05:05:21 AM EDT"
XLG,XLG,Invesco S&P 500® Top 50 ETF,ETF,-4.19149015002358,-0.8157740728516272,6.3882905655188615,-0.08942926958110942,2.203697137693794,0.007832716706079879,3.982664944829639,-0.07816435136954736,0.12278118675410621,-1.7870053110715434,2.632623400015599,2.783795742345885,1.2504818967181919,4.764559304142302,0.41389037266665873,1.089656044519982,1.2259364418204965,0.614418533546357,2.0682309325540382,1.0074764911484069,1.3848172647017876,2.9726148131189456,2.6739268145002937,1.525116657269665,5.925672301021567,-2.9560446625482184,-4.01844606202536,0.5140261983049621,2.791363472362618,0.27131576722596584,3.782489518162646,4.449532354009489,0.6059549230559069,-6.258376543945676,0.9537653394215972,-8.608665966513563,7.0959421043131465,2.907896244959196,2.8640361036357476,4.736344382293667,-7.0020337974091245,6.622540566913182,1.8300461234393994,-1.7503783340099943,1.636937985927056,3.012625042773598,4.021184977792536,2.929122289218977,1.332517029467084,-8.241012252492219,-9.408006290731963,13.528046580913067,3.8833991734754214,3.5326567169414957,6.271561600761699,9.651113036901847,-5.51185509799309,-3.5542408284319538,9.199208236585822,3.7573030647980454,-0.7782021996481925,1.271863355562175,3.754161806744194,5.787318257225049,-0.2709709304392849,4.324732323815206,2.9012584777800443,3.8229230851606344,-5.065864752990235,8.208823308426695,0.4788786977415471,3.098171353919188,-5.063819200429154,-4.132455782320655,4.915305734722986,-10.708999228072091,-0.9590861963543529,-7.494022198933504,9.931248576803942,-5.415354577019715,-9.387127274128638,5.865738264585785,4.572257053389239,-7.074889102772197,6.8990533667042,-1.5117588840497187,7.221715659565331,2.5247920016492786,4.030030443201049,5.88288157511796,3.2510585573874318,-0.7477155572576,-5.011902183312722,-1.3839664192221046,9.286346820655723,3.303295044934851,2.9162373429025834,6.336941565803378,2.281731150263777,-3.726566826716382,6.681464917698898,5.94924124298668,-0.41530929724916676,2.085172516751488,2.379833804357645,-0.6521929337287347,5.400235485649008,0.5606885614636514,1.6613480464563457,-2.3036145816796583,-7.074878511035543,-0.5215137507994849,7.557894899901174,6.0270504600810515,3.435686237714086,1.9113064834926918,4.896210231663689,4.137695750635584,-0.5175280872655841,-0.3568153418739284,Actual adjusted month-end return from Yahoo/yfinance daily history,Market Table annual returns from the same adjusted daily history,"Oct 02, 2026 05:05:21 AM EDT"
XLI,XLI,State Street® Industrial Select Sector SPDR® ETF,ETF,-5.697006968294049,4.2608341993173315,6.9735432461272895,1.2439032304128794,-0.42735647576954694,0.7132019808497647,3.6243181469218344,0.9476225330711685,0.1861496214316638,-2.004090824729643,9.089322341954432,0.30605517796795656,1.8643769790952058,3.91291168601815,-0.7655797786293106,1.967411574222666,1.778724207178195,1.3512232251489564,0.29366780789881197,0.2195750041443123,4.184440561429015,0.746491700487284,4.166120986807154,2.1084875573565975,5.365437960147834,-3.8630479491526315,-2.688322090131978,-2.7863553281648357,3.073921677840419,-3.388933998758925,7.385178882727117,0.23400246478657571,2.1773523254247973,-10.867352576622347,3.8065103317725724,-10.658992866485839,11.426736915160053,6.367605917030983,-1.1494968757148283,3.9717457622652885,-7.640026196516181,7.920448605123509,0.5166612760273415,-2.647106887433215,3.0113604208130473,1.1335583540589278,4.496271142921615,-0.2011476153708891,-0.4418778649955435,-9.900142209391083,-18.625928689317817,8.812053859713732,5.3885376316243905,1.9728282046495016,4.4105035277608895,8.476214909009494,-0.6821674445806836,-1.4419374344322833,16.02741241647456,1.0068260274433083,-4.268786072163877,6.889267706579649,8.986845093724693,3.5347952307400288,3.129609286003676,-2.2794733710303716,0.9374812682604317,1.1126357300891732,-6.079818627398737,6.796805389428151,-3.560132733904786,5.397609360956079,-4.7915961919209105,-0.843766493474174,3.4363954525204132,-7.613151462982826,-0.4624938259631839,-7.366969407022605,9.503090569903595,-2.8335535197497097,-10.430912558535276,13.894225730782694,7.811366428073807,-2.989824326881474,3.706322013951757,-0.8639971410929204,0.6191128255964795,-1.1662468473923937,-3.149991178404732,11.253633571990163,2.8885564571272226,-1.9833301624665345,-5.947519184885097,-2.9788992770878653,8.834901271915152,7.065553903149024,-0.9650077370811139,7.183998049930707,4.420875133122548,-3.524930970821949,1.6376023874713042,-0.9888610322093982,4.915066739104446,2.8155888036970556,3.362041573352026,-1.1887320195647977,7.591730625928839,-8.03320081173695,5.0015235703732674,-1.460081880259445,-3.5629191258336745,0.11441967828715871,8.840119197835893,3.6052357709914995,3.043645336052858,0.0,1.8796088371414443,0.5381662660681297,-0.8835331692206405,1.2761298486874129,Actual adjusted month-end return from Yahoo/yfinance daily history,Market Table annual returns from the same adjusted daily history,"Oct 02, 2026 05:05:21 AM EDT"
XLK,XLK,State Street® Technology Select Sector SPDR® ETF,ETF,-3.7123611179751603,-0.6547259912243919,8.821683183041529,-5.0270165124508885,4.8896124903625715,-1.3777966656842167,7.101675305673316,1.162553751019435,2.1018216672604506,-0.7534795382115878,0.16872991114347258,2.2598158954489245,3.556663510855529,4.532733144143264,2.226060873959601,2.007130914192823,3.953623350117219,-2.8117890904664766,4.45906588304299,2.921607581113461,0.8178346249977819,6.514386546229667,1.4138248372990825,0.5458000676973551,7.036747641316898,-0.4090482734709022,-3.733825029856319,0.06115423279344778,6.782772289922323,-0.26312859844460634,2.08720383033012,6.598983416446869,-0.019261631646394495,-8.004777020813536,-1.9624861049782893,-8.376466153115981,6.937744908041155,6.91005505274136,4.768703235858429,6.364788756724504,-8.664706678871681,8.938297813542961,3.498205464677673,-1.5352392325320596,1.5728669960930475,3.8991738837507395,5.366319409536557,4.320659695479301,3.992573584125103,-7.300959589241107,-8.57794336449077,13.736460901440362,7.176455982624597,6.949043388298004,5.684747085220532,11.880852234971172,-5.33511880551859,-5.004290699122393,11.383734548045243,5.541643222727055,-0.838330870157733,1.3650913960609579,1.8366830850812477,5.187828442913256,-0.9305599283687682,6.886325925810266,3.887310781525666,3.559328675765294,-5.839954695644312,8.177060607715392,4.451206691978538,3.2473362874876344,-6.844190200852152,-4.877430053382659,3.3449850968955586,-11.017432119978277,-0.6858946495354235,-9.255714195544906,13.451877688701286,-6.212778073536218,-11.967094394331513,7.652812031537559,6.326727542614918,-8.210269274918247,9.257474645406694,0.4118858961885019,10.858006652508179,-0.11918304089231224,8.917321552785374,6.053162989221694,2.582541354701573,-1.508267991886869,-6.4783295753912835,0.04880148948405161,12.895559059585192,4.182662483841826,2.701598846054787,4.704567407138005,0.7894100484216571,-5.761758020115226,7.076996871751273,7.8354045587226695,-3.284269805682627,0.6992687256548225,2.6485321578703536,-1.559178658420357,5.170076814708868,-0.3546766436614446,-0.735417449073239,-2.287596731596475,-8.28604081828982,1.6902563894735545,9.972852366676266,9.847857197910216,3.755491501139585,-0.11037419212450716,7.533691261910058,6.677088712358614,-4.809106501742477,0.7535316437314643,Actual adjusted month-end return from Yahoo/yfinance daily history,Market Table annual returns from the same adjusted daily history,"Oct 02, 2026 05:05:21 AM EDT"
XMHQ,XMHQ,Invesco S&P MidCap Quality ETF,ETF,-8.125869530818598,2.6503540783150203,9.752917931538118,3.2857011873761888,0.5899755763415726,0.40620515834715043,3.543203319618926,0.049253747057487196,-0.15752124481465124,-2.9185869582044055,5.859860322641719,1.2011821126776123,2.419748999415816,2.1988339125154077,-0.5035538720448707,0.5061023701261602,-0.16025377582201683,1.0857473201279388,1.0239211729091258,-0.6982384931208285,3.2484230989678897,0.46306341577115884,3.9508023547262683,1.1987434801844499,2.7865326171309324,-4.0766630640801775,0.40888881811020905,0.8690365657619381,1.975180861470771,1.7669897516441102,0.8347114230386365,4.260046280086072,-0.9125587877260366,-7.87617156234951,0.46788396786019426,-9.00525037354527,10.872112929477318,3.5849606291154856,1.3227128596481341,2.0317611193556795,-7.866689702757467,7.236137814989374,2.3642546020524735,-3.777648542782519,1.7917293142915902,1.64459999680715,3.6700785264152325,2.6188656615909967,-2.0111969040946254,-9.635114618457873,-12.832632750404827,14.614657054193557,9.135088198389706,2.4741343252886905,4.206954127514995,3.8552296545924847,-4.307469835028899,2.470260587403472,12.714284811938882,6.6774809141207925,2.0740000018761195,6.139426392990188,5.019323918563057,2.496042581819613,0.49988733256605133,-1.1233219963481145,0.3491217559290716,2.2161857753337566,-4.248052958190374,4.8578186552684866,-2.824873144856843,3.9265405631766503,-5.807592634812364,0.6615494124463384,-0.3400270178542608,-7.122023603939132,0.5843213911905121,-9.490322391042405,11.137328052251117,-4.076432436209987,-7.737644102642194,12.02438079603625,6.405840810588215,-6.500208705732002,8.932955589419599,-1.67462217974641,-0.4954932831756187,0.6268029868300662,-1.6520225535618382,11.314346179962897,3.766589004413512,0.5970049681853107,-4.242921021192714,-4.954034301361865,8.151534296489027,7.350342166105572,2.9421456996586937,11.968905571679045,7.834638153886941,-6.615176876849582,3.2597112539819895,-4.300785454212375,6.152744453795234,-1.8058401552734193,1.5693447971889318,-3.6264389391510443,9.386998414250103,-8.767466515922962,2.8130365069727548,-5.116562566189775,-4.520305158739846,0.9068053841322588,5.348640730746568,1.1059535020898403,2.8807155920503646,3.3738978983775425,0.598008458199839,-2.191301567366666,0.39937359436907904,-0.4471189190795477,Actual adjusted month-end return from Yahoo/yfinance daily history,Market Table annual returns from the same adjusted daily history,"Oct 02, 2026 05:05:21 AM EDT"
XMMO,XMMO,Invesco S&P MidCap Momentum ETF,ETF,-10.704821968196809,0.18617068572213125,7.279190371556554,1.0748939930261603,2.2298184078664463,-1.0873305464419447,7.266554264093239,0.03167404657395956,-0.34811158677044984,-4.89045162106655,5.075138197668161,-1.3547611004669946,4.125061022192789,4.178266529400365,1.4886127220597345,2.2567241253831583,3.7259844103081807,1.2986463497874023,1.6388841558914624,1.2631307500030386,2.1496403112500007,4.286843819790254,5.680113615978466,0.09430525568940862,6.688640649448185,-0.2869863901814651,0.885557930333758,0.15361075829243287,6.595096320378935,0.5960731761832205,0.2452245196746139,11.863004594493853,-0.21596235895054994,-13.009343681795505,3.297645714301245,-8.441129730299856,13.853680243244938,8.65238189647326,1.6897028788436463,4.472349291343303,-5.668379233307597,5.529793278519035,0.8500600106954082,-1.7026327229411442,0.23791917712614463,1.5102252836860952,1.9442107867981617,1.676900588112873,2.2898328135786628,-8.826367296115055,-13.511338847707787,10.183299902800801,10.351224700984352,-0.4965994945189123,8.362792116160445,3.920994149135537,-0.8384595324246957,1.6608778981966665,8.04991132971069,7.641769528865439,3.51348008299448,1.4317784315962312,2.0453522995414586,2.1119381922033442,-3.049792131167506,3.2402809486488326,0.1751549923964646,1.9118838532556026,-3.7519967343192073,8.034222641095301,-1.9361694034064514,2.3131833386588863,-9.03894460179796,3.67506020768531,0.9082395008777278,-5.004620400965976,-1.0853471753189847,-11.970546520742309,12.566820883075568,-3.1968172225865787,-9.59880419801783,12.154209869777777,3.258802374757641,-6.474309433974012,5.019886924808525,-1.757701787653665,-2.3806566442854504,-0.6490093624617277,-3.0795876238933984,9.555807987826048,4.212796577397704,-0.49475028286206646,-2.185308124480334,-5.328547137437312,8.632899963480867,8.620997903301086,3.8080542488817093,14.491017096867598,7.709384245937856,-5.293394391794437,5.350229020951103,-0.4852041681585595,5.0530704510126645,-1.160753629902933,1.7570346197064435,0.7894928666550172,11.584757342374076,-8.612385394575828,5.74759958010258,-6.468654741626501,-6.647085732165525,1.3800998003112408,7.777691439081358,3.7442458645176036,1.3915914818204644,0.659401589665709,3.1857177012184046,0.5768063076150298,2.4262895863932377,-0.4453815042750331,Actual adjusted month-end return from Yahoo/yfinance daily history,Market Table annual returns from the same adjusted daily history,"Oct 02, 2026 05:05:21 AM EDT"
XMVM,XMVM,Invesco S&P MidCap Value with Momentum ETF,ETF,-5.084732969908989,3.146256948144388,9.456553928533197,2.4500519235484575,1.3245077504294045,1.5375837743895504,3.3776641397424756,-0.521375877699759,1.373081947117405,-2.357871266351952,9.37502589989041,2.351776429087704,0.9312738147474242,1.7181011507532373,-1.8170413897000581,-1.3069789876774096,-2.616264354616693,1.060839513436429,1.5867854724348485,-1.399280508998646,1.4784331201069367,0.1962260026227236,2.8067974223670022,0.27578536692238753,0.44729929005997704,-4.198475016554914,0.6031256539443586,1.653439815963309,0.8132584377456009,0.9088531351551854,2.222216049202008,0.3465820729551705,-1.0572503810241218,-4.122692716383202,1.966663387406009,-9.013456571699063,10.853004486972573,2.25932184402331,1.121514138743951,2.6649932152258415,-4.975285678887598,7.745281972567675,-0.0912927882560588,-7.673563182532006,7.225386214678742,3.181977041372819,2.7245402845152755,3.217115559709316,-4.8496624841529385,-10.461991984602136,-24.01393024365851,13.800733716425317,4.339404891471754,0.4227422232089051,3.453416010784993,6.389065805142402,-4.318466315501201,3.349763272795103,16.035487913797564,7.97587049406816,2.1323144239361547,8.83298847443279,10.034805340211639,4.120038410937821,2.1935346286178214,-4.403267796177712,0.3969715416855646,3.3611739701199683,-5.058443174225902,4.745891525427548,-1.4105182634823632,6.424849654254294,-4.502688441634184,3.3433314981517137,0.3137995342994859,-7.385878880049113,1.6576857320152127,-12.842763689188574,10.452688871116656,-2.0722912974362018,-8.685178114150371,14.075020795969738,6.849605927173097,-6.152137257412282,9.196170710212614,-1.3932308809610716,-7.495827993547954,-2.6117022259874,-3.0580996659854476,12.438872606710083,5.4001284241341985,-1.7283844922025726,-3.652464501379682,-5.344661111412707,6.798775278958291,9.038324952066667,-2.363933657371531,3.5605587326980492,7.0188997567076195,-6.335177999251962,4.659847618611868,-2.6822613096611825,9.450049312269272,-1.096969900251532,-0.39619438745486235,0.3608198917490091,10.605793288533349,-9.56768157745187,4.005782388473911,-2.6891050008084116,-5.28647255850232,-2.6355750073342343,5.258035980300901,3.568023589477698,0.7549856417764733,8.902759522351978,1.4864459323695955,-2.6123595204021632,4.231923721078035,3.0030594297907776,Actual adjusted month-end return from Yahoo/yfinance daily history,Market Table annual returns from the same adjusted daily history,"Oct 02, 2026 05:05:21 AM EDT"
XNTK,XNTK,State Street® SPDR® NYSE Technology ETF,ETF,-9.449023809486611,-0.04081749296478421,7.845089112328996,-2.0303656014574067,4.880902614757221,-2.6775652560633967,8.314335655136551,3.3198334874312563,2.120141911311779,0.03335910618254001,0.7838657022265938,0.3664144777912215,6.295468072001498,4.476923338602368,2.5618411786063167,2.935613324804609,4.080211324445604,-0.9123570908528889,3.4023898618995796,3.078139232698307,1.6210384747103124,6.265086630550343,0.990587975249202,-0.126748921852482,10.13007867136746,0.4766806765481135,-4.025234040647763,-0.9445541842592053,5.619233565875104,0.5021546825449974,-0.6962721113664472,2.5456334789749846,-0.46145776777487546,-11.022885293672458,0.5474035262171606,-8.283899825278917,10.969241500563754,4.662464136777156,3.1576115970221252,6.514104281584521,-11.308802039287402,8.170978971125397,3.702677944176047,-3.092629624182608,-0.15003713715767697,2.694150928884209,4.71154087890544,4.519855626131597,3.845686216709754,-3.8094112459667206,-10.085172643492557,15.887969180555928,8.074996668803136,8.558501520601913,8.684691582403282,15.462972082056382,-4.749475801049751,-3.2347678180682293,15.11273636871513,6.958036679201407,1.8747749919613366,2.6180957039260377,-1.9511503990619405,3.7595156573156707,-0.7459754046472478,6.821452123857674,-0.32056802187190314,3.6324171914378756,-4.751727326315603,6.073791459887978,1.4887538085273544,-1.5125855222304585,-11.354589853155705,-5.474979234339683,0.23956687546951017,-14.91258354397158,-2.79843549205242,-10.111488456517515,9.7118531194061,-4.740005784057688,-12.46362838749956,3.8992892708335614,9.3874629655766,-9.23614929292862,16.465379230727528,-1.6309244273657986,9.335994390429668,-3.316832455142915,11.17936286155623,7.225627729251172,6.406760979025461,-1.9463696641969785,-6.100703968094434,-2.7013203576643607,16.25159933536702,6.340380758916564,3.2348428423092157,5.912912051672503,1.7214583687097162,-5.351165016522231,5.404603643317141,7.46137595517482,-3.6568593082133782,0.3296027576981553,4.778468997840957,-1.123885010843828,5.258304291858962,-1.748212143042871,5.385982333790329,-2.9056416175130106,-7.06972035091038,2.653682317644046,9.685113791584875,10.015793521678873,-0.2739307124241086,2.189059464438281,12.615646662805657,7.126331000135533,-5.359531930326211,0.7363273739591447,Actual adjusted month-end return from Yahoo/yfinance daily history,Market Table annual returns from the same adjusted daily history,"Oct 02, 2026 05:05:21 AM EDT"
XSMO,XSMO,Invesco S&P SmallCap Momentum ETF,ETF,-12.362320003360184,-0.41902308558720014,6.82704168091639,1.6214420121895001,2.4148418486101386,-0.3322698911117361,7.65651885640255,0.9430071882716717,1.3165833403069982,-7.228002581989101,7.542494429572333,0.19267635699153907,0.3077019295882222,3.4508786272719583,2.0760490538957344,3.597412588218618,0.38582534393727386,4.065964176852166,0.03360692988498837,-0.6386537236105827,4.4892872047821,0.6480842852941704,2.640044457264046,0.7842037468273722,2.6454979720892613,-1.0915666581337913,2.0494486971863513,0.180626974936704,9.224704400759908,0.7237796762783466,2.105529337875356,9.05198682755184,-2.1141242885898692,-12.613071484296823,0.28751776755804315,-11.471246118627132,11.410051493609497,7.826619394564727,-1.7539223449060337,2.526794400731913,-5.384427297054062,6.311087271085647,2.559293887663183,-2.3134873401886025,-0.5810492713246629,2.092816200923897,2.7069829850399296,1.2020131981662185,0.4313647296005918,-8.312295253721636,-18.78917460898718,10.826498510752792,7.2727464624301685,4.086387538181402,9.214228043647864,2.812266004282171,-1.3799877457387533,-0.7496474000552533,13.24268787076679,5.623756240946753,4.99160149940967,3.771312174317365,0.739526640272592,-1.7287735961099004,3.1665300103763228,3.7375553443253384,-3.563597509751004,1.9518803415639496,-1.003731314251799,5.557647654465203,-0.6581418506895198,1.166161508225949,-10.081487555175073,1.3004937379972992,1.1974058968340362,-7.566438766096029,2.728609960119477,-10.755811961657425,14.083868273117917,-4.634434596223969,-8.828729067101836,14.341716247766811,3.831436603960725,-8.084766970065116,4.559895262451796,-0.20283464104413618,-5.460499967371735,-3.3038259849185625,-0.9602733590409307,9.694806714746917,5.177377154704033,-0.7060071162650949,-3.99485261405631,-5.50401274698693,10.38392573188669,12.150802535041683,-1.9061138949186485,4.965821193820252,3.503809421955184,-4.426388758263233,7.05985112607157,-2.616074148647718,11.806856106048325,-1.8766940192202597,0.6718522577945807,-1.2992889183483514,12.031235414812658,-9.446237139154977,4.96140915763057,-5.735693708999134,-3.762134674697426,-1.561739206668844,6.702274892116011,3.38253342992314,-0.04408767239025835,6.795109370155106,1.4910725256659596,-2.623353756829072,2.875497297194163,-2.148753476687748,Actual adjusted month-end return from Yahoo/yfinance daily history,Market Table annual returns from the same adjusted daily history,"Oct 02, 2026 05:05:21 AM EDT"
XTL,XTL,State Street® SPDR® S&P® Telecom ETF,ETF,-10.530056094967966,8.707772654660474,4.758224981907522,-0.3327502047254183,2.2316080552631012,-0.08119414190502772,7.264896995218306,1.7696095250346655,4.084837824156162,-3.243996224256762,6.469423115331985,2.8462561796885444,2.249782510283782,0.1410362223372763,0.2640486295085287,-0.3664050429724175,0.15558063614267148,0.2078717484152337,1.6407289333403963,-2.212629718853454,-0.2145596780854686,-0.8174472818676004,1.966438007341198,-2.3458388430121158,2.6053740931774927,-1.540642246561752,0.26770024062459097,1.4808524532464729,1.187417252671974,2.7925410275001505,-1.286493329963645,7.959653748257245,-0.7392413453673141,-8.01518692590556,0.8556510435320019,-10.986597375683582,9.050330314004352,5.5523563337991355,-1.9008720866495632,3.5214254866148265,-10.86064880185792,4.050476199366693,5.126276198199631,-6.028637111788926,0.5870420115976271,0.8342155063536971,2.097799544728396,1.4431688490843086,-2.015494067932344,-4.08459089796186,-9.732871754500527,12.943525087322394,4.099389105837625,0.4679941258280529,8.48746804202074,-1.6255096206119757,-9.012290440302573,0.7106987675474574,15.730696581851223,7.97346282124034,8.766965552308804,0.33630531818142906,1.7219935329850111,1.7680110279834071,4.500302516864307,2.644099050888249,-2.296939280072241,1.3705591650302384,-5.1821756602542735,0.4821844340580306,-0.36511510544863235,6.712311137120719,-10.175988057956008,-1.6527905500015816,3.4560158377483496,-11.679083045354055,2.551891433794129,-7.173175524457632,12.074069580948654,-0.8145879042780413,-10.93386766036012,14.382432323158989,-0.44380783115500755,-6.7081512912612435,6.310508579100627,-6.051172060251265,-0.3161613415311404,-7.377251401860407,-2.8502767462894596,6.617091186517077,-5.2455285901484405,5.862373466217363,-8.607623463110759,-6.880002838371901,6.525331806118295,13.782463513388898,-3.951006796654688,-1.9526156274296436,-1.1489001363759521,-8.335591529106667,12.266794771110012,1.1944336463521221,15.707607905826904,5.05152834420175,7.476644941082156,0.6062409778412547,8.860994101870801,-2.7505340275514434,0.5979020339898611,-0.3250304424211703,-6.631060295082736,-3.471731687204771,5.876857643393718,15.059292565678017,2.5232304451426435,11.224762231421149,5.366593404757514,11.12780004375753,-5.8396059085186085,4.722713113738042,Actual adjusted month-end return from Yahoo/yfinance daily history,Market Table annual returns from the same adjusted daily history,"Oct 02, 2026 05:05:21 AM EDT"
