Rank,Combo,Strategy,Stock 1,Sector 1,Name 1,Role 1,Stock 1 Top100 Uses,Stock 2,Sector 2,Name 2,Role 2,Stock 2 Top100 Uses,Stock 3,Sector 3,Name 3,Role 3,Stock 3 Top100 Uses,Stock 4,Sector 4,Name 4,Role 4,Stock 4 Top100 Uses,2016,2017,2018,2019,2020,2021,2022,2023,2024,2025,Worst Year,Worst Year %,Best Year,Best Year %,Defense Recession Worst %,Defense Recession Avg %,Defense Recession Positive Years,Defense Recession Observations,Recession Stress Years,Starting Value ($),Annual Withdrawal ($),Total Withdrawn ($),Remaining Balance ($),Net Value incl. Withdrawals ($),Net Profit incl. Withdrawals ($),Max Ticker Repeats,Distinct Tickers in Top 100,Candidate Partners per Profit Pair,NBER Recession Periods,NBER Source,2025 Balance After Withdrawal ($),2024 Balance After Withdrawal ($),2023 Balance After Withdrawal ($),2022 Balance After Withdrawal ($),2021 Balance After Withdrawal ($),2020 Balance After Withdrawal ($),2019 Balance After Withdrawal ($),2018 Balance After Withdrawal ($),2017 Balance After Withdrawal ($),2016 Balance After Withdrawal ($)
1,NVDA + ANET + LLY + PWR,Not rebalanced,NVDA,Technology,NVIDIA Corporation Common Stock,Profit Engine,5,ANET,Telecommunications,Arista Networks Inc. Common Stock,Profit Engine,5,LLY,Health Care,Eli Lilly and Company Common Stock,Recession Defense,5,PWR,Industrials,Quanta Services Inc. Common Stock,Recession Defense,5,142.3384966486164,66.41546060059346,-19.342227752633757,47.73131304511613,79.88860204251469,92.5105929438603,-23.103279409535272,134.90729051435846,84.85018915151204,32.852917201046125,2022,-23.103279409535272,2016,142.3384966486164,-33.24073721945192,-0.566658474869282,1,4,"2001,2008,2009,2020",300000.0,0.0,0.0,22146734.715209156,22146734.715209156,21846734.715209156,5,83,1000,Mar-Nov 2001; Dec 2007-Jun 2009; Feb-Apr 2020,https://www.nber.org/research/data/us-business-cycle-expansions-and-contractions,398558.7516031384,736736.6062183063,1730647.9998948618,1330811.5568836182,2561953.219122072,4608661.830861899,6808436.636541372,5491533.315907783,9138760.46170298,22146734.715209156
2,NVDA + ANET + PGR + PWR,Not rebalanced,NVDA,Technology,NVIDIA Corporation Common Stock,Profit Engine,5,ANET,Telecommunications,Arista Networks Inc. Common Stock,Profit Engine,5,PGR,Finance,Progressive Corporation (The) Common Stock,Recession Defense,5,PWR,Industrials,Quanta Services Inc. Common Stock,Recession Defense,5,156.21056096427273,76.95938173404171,-24.99744001158256,51.22279596039698,87.55818342743493,87.47798905075453,-26.86541357824128,132.17641126661908,93.01355002814876,22.036127866359777,2022,-26.86541357824128,2016,156.21056096427273,-23.31879852344216,11.579730260609344,2,4,"2001,2008,2009,2020",300000.0,0.0,0.0,21696448.549112223,21696448.549112223,21396448.549112223,5,83,1000,Mar-Nov 2001; Dec 2007-Jun 2009; Feb-Apr 2020,https://www.nber.org/research/data/us-business-cycle-expansions-and-contractions,366108.38359907933,706638.7881352557,1640648.5789103645,1199881.5528205568,2249513.806218947,4219147.230893605,6380312.408242976,4785397.64144088,8468210.079809194,21696448.549112223
3,NVDA + ANET + NFLX + PWR,Not rebalanced,NVDA,Technology,NVIDIA Corporation Common Stock,Profit Engine,5,ANET,Telecommunications,Arista Networks Inc. Common Stock,Profit Engine,5,NFLX,Consumer Discretionary,Netflix Inc. Common Stock,Recession Defense,5,PWR,Industrials,Quanta Services Inc. Common Stock,Recession Defense,5,156.2393819151579,76.46829910783009,-24.15345871267248,51.32907508365936,90.35565399733886,91.23518430900582,-34.34837855658955,135.30512579065407,99.03758984328294,24.08959494497662,2022,-34.34837855658955,2016,156.2393819151579,-6.129382811528122,37.02649709552837,2,3,"2001,2008,2009,2020",300000.0,0.0,0.0,21625835.068040404,21625835.068040404,21325835.068040404,5,83,1000,Mar-Nov 2001; Dec 2007-Jun 2009; Feb-Apr 2020,https://www.nber.org/research/data/us-business-cycle-expansions-and-contractions,372268.78483492986,740954.8170743212,1743504.6643686425,1144639.082099505,2188952.658325901,4166795.148448403,6305572.558777759,4782558.694195767,8439699.981480919,21625835.068040404
4,NVDA + ANET + SCCO + PWR,Not rebalanced,NVDA,Technology,NVIDIA Corporation Common Stock,Profit Engine,5,ANET,Telecommunications,Arista Networks Inc. Common Stock,Profit Engine,5,SCCO,Basic Materials,Southern Copper Corporation Common Stock,Recession Defense,5,PWR,Industrials,Quanta Services Inc. Common Stock,Recession Defense,5,158.34080730615713,76.32907753522092,-27.38688232093486,52.498361078294664,88.73053936442972,82.90741580174593,-27.386228572394124,133.2431962476454,75.28908939151565,39.442895312559976,2018,-27.38688232093486,2016,158.34080730615713,-37.506979434880435,14.885464043556077,2,4,"2001,2008,2009,2020",300000.0,0.0,0.0,21625751.695288356,21625751.695288356,21325751.695288356,5,83,1000,Mar-Nov 2001; Dec 2007-Jun 2009; Feb-Apr 2020,https://www.nber.org/research/data/us-business-cycle-expansions-and-contractions,418328.68593767995,733284.5442436525,1710336.3085838743,1241939.6977584464,2271599.8069859883,4287202.567926,6537913.652193712,4747382.934023086,8371016.534627412,21625751.695288356
5,NVDA + ANET + NEM + PWR,Not rebalanced,NVDA,Technology,NVIDIA Corporation Common Stock,Profit Engine,5,ANET,Telecommunications,Arista Networks Inc. Common Stock,Profit Engine,5,NEM,Basic Materials,Newmont Corporation,Recession Defense,5,PWR,Industrials,Quanta Services Inc. Common Stock,Recession Defense,5,164.2890504110698,74.61455962812933,-26.035695433236327,51.89236635723633,88.4017095680964,89.42165371780943,-30.57995523043343,113.6126611335957,57.656949782823965,65.99605040189745,2022,-30.57995523043343,2016,164.2890504110698,-20.195782825752048,7.598066272568979,2,4,"2001,2008,2009,2020",300000.0,0.0,0.0,21541513.941715732,21541513.941715732,21241513.941715732,5,83,1000,Mar-Nov 2001; Dec 2007-Jun 2009; Feb-Apr 2020,https://www.nber.org/research/data/us-business-cycle-expansions-and-contractions,497988.1512056923,785112.9294707718,1677100.6215464459,1164244.002308222,2205330.2424826454,4154879.8784595495,6310945.366692875,4667846.852062779,8150740.224844919,21541513.941715732
6,AMD + TSLA + LLY + PGR,Not rebalanced,AMD,Technology,Advanced Micro Devices Inc. Common Stock,Profit Engine,5,TSLA,Industrials,Tesla Inc. Common Stock,Profit Engine,5,LLY,Health Care,Eli Lilly and Company Common Stock,Recession Defense,5,PGR,Finance,Progressive Corporation (The) Common Stock,Recession Defense,5,68.66583413617953,21.928865835747846,32.590427722944845,40.37957193320856,145.8568057062913,48.36308033276558,-22.739399103057913,78.37995805221298,25.510006228283366,31.471099509362933,2022,-22.739399103057913,2020,145.8568057062913,-21.698582497678245,9.415566827810949,3,4,"2001,2008,2009,2020",300000.0,0.0,0.0,9525589.330140503,9525589.330140503,9225589.330140503,5,83,1000,Mar-Nov 2001; Dec 2007-Jun 2009; Feb-Apr 2020,https://www.nber.org/research/data/us-business-cycle-expansions-and-contractions,394413.2985280888,495028.1555477821,883031.0162127774,682235.0692323659,1012184.963823514,2488525.6198958717,3493381.6126580494,4631889.622218017,5647610.483134133,9525589.330140503
7,AMD + TSLA + NFLX + LLY,Not rebalanced,AMD,Technology,Advanced Micro Devices Inc. Common Stock,Profit Engine,5,TSLA,Industrials,Tesla Inc. Common Stock,Profit Engine,5,NFLX,Consumer Discretionary,Netflix Inc. Common Stock,Recession Defense,5,LLY,Health Care,Eli Lilly and Company Common Stock,Recession Defense,5,68.26493925317834,21.387748360277993,35.406134822667454,40.32833501550408,156.00174109436895,51.77592497741348,-36.40320504765946,86.24689390453695,32.14651506047292,33.524566587979756,2022,-36.40320504765946,2020,156.00174109436895,-4.509166785764207,27.86714469566903,2,3,"2001,2008,2009,2020",300000.0,0.0,0.0,9454975.849068686,9454975.849068686,9154975.849068686,5,83,1000,Mar-Nov 2001; Dec 2007-Jun 2009; Feb-Apr 2020,https://www.nber.org/research/data/us-business-cycle-expansions-and-contractions,400573.69976393925,529344.1844868476,985887.1016710554,626992.5985113143,951623.8159304676,2436173.53745067,3418641.7631928325,4629050.674972903,5619100.384805857,9454975.849068686
8,AMD + TSLA + LLY + SCCO,Not rebalanced,AMD,Technology,Advanced Micro Devices Inc. Common Stock,Profit Engine,5,TSLA,Industrials,Tesla Inc. Common Stock,Profit Engine,5,LLY,Health Care,Eli Lilly and Company Common Stock,Recession Defense,5,SCCO,Basic Materials,Southern Copper Corporation Common Stock,Recession Defense,5,70.34562595949261,20.822117295149,25.82570489162044,42.80724601013388,147.18676676187653,42.79727386033949,-23.976176883507595,82.62725518737423,16.801313345855373,48.877866955563135,2022,-23.976176883507595,2020,147.18676676187653,-35.88676340911652,12.721300610757684,2,4,"2001,2008,2009,2020",300000.0,0.0,0.0,9454892.476316636,9454892.476316636,9154892.476316636,5,83,1000,Mar-Nov 2001; Dec 2007-Jun 2009; Feb-Apr 2020,https://www.nber.org/research/data/us-business-cycle-expansions-and-contractions,446633.6008666894,521673.9116561789,952718.7458862871,724293.2141702557,1034270.9645905553,2556580.956928266,3650982.8566087843,4593874.914800223,5550416.937952352,9454892.476316636
9,AMD + TSLA + NEM + LLY,Not rebalanced,AMD,Technology,Advanced Micro Devices Inc. Common Stock,Profit Engine,5,TSLA,Industrials,Tesla Inc. Common Stock,Profit Engine,5,NEM,Basic Materials,Newmont Corporation,Recession Defense,5,LLY,Health Care,Eli Lilly and Company Common Stock,Recession Defense,5,75.8050185996968,18.071346115965593,31.843446898041663,41.239678010580526,150.43954143489896,49.70694629379564,-29.678147683380363,60.32770293088541,8.970141122192455,75.43102204490057,2022,-29.678147683380363,2020,150.43954143489896,-18.575566799988135,5.4339028397705835,2,4,"2001,2008,2009,2020",300000.0,0.0,0.0,9370654.722744014,9370654.722744014,9070654.722744014,5,83,1000,Mar-Nov 2001; Dec 2007-Jun 2009; Feb-Apr 2020,https://www.nber.org/research/data/us-business-cycle-expansions-and-contractions,526293.0661347017,573502.2968832981,919483.0588488587,646597.5187200313,968001.4000872124,2424258.2674618163,3424014.5711079473,4514338.8328399155,5330140.628169858,9370654.722744014
10,AMD + TSLA + NFLX + PGR,Not rebalanced,AMD,Technology,Advanced Micro Devices Inc. Common Stock,Profit Engine,5,TSLA,Industrials,Tesla Inc. Common Stock,Profit Engine,5,NFLX,Consumer Discretionary,Netflix Inc. Common Stock,Recession Defense,5,PGR,Finance,Progressive Corporation (The) Common Stock,Recession Defense,5,81.96622601919283,26.144716423215364,31.178465089470777,46.11704374022931,220.1985104437578,28.851562319121737,-44.6289300386296,79.44801223890178,35.619321931337325,22.707777253293404,2022,-44.6289300386296,2020,220.1985104437578,-4.905509111424602,34.094502621095955,2,3,"2001,2008,2009,2020",300000.0,0.0,0.0,9004689.682971753,9004689.682971753,8704689.682971753,5,83,1000,Mar-Nov 2001; Dec 2007-Jun 2009; Feb-Apr 2020,https://www.nber.org/research/data/us-business-cycle-expansions-and-contractions,368123.33175988024,499246.36640379694,895887.680686558,496062.5944482527,639184.4030273424,2046658.9374823761,2990517.534894436,3922915.000506,4948550.0029120715,9004689.682971753
11,SHOP + LITE + PGR + CAT,Not rebalanced,SHOP,Technology,Shopify Inc. Class A Subordinate Voting Shares,Profit Engine,5,LITE,Telecommunications,Lumentum Holdings Inc. Common Stock,Profit Engine,5,PGR,Finance,Progressive Corporation (The) Common Stock,Recession Defense,5,CAT,Industrials,Caterpillar Inc. Common Stock,Recession Defense,5,58.16520278484254,91.33055364960063,8.541259879168184,80.69119636455126,47.50613305281737,13.909440994391908,-38.036563210958676,27.56558521990613,48.21199177943916,111.93230118560744,2022,-38.036563210958676,2025,111.93230118560744,-29.449158259740365,15.409477764646697,3,4,"2001,2008,2009,2020",300000.0,0.0,0.0,7427928.191703942,7427928.191703942,7127928.191703942,5,83,1000,Mar-Nov 2001; Dec 2007-Jun 2009; Feb-Apr 2020,https://www.nber.org/research/data/us-business-cycle-expansions-and-contractions,635796.9035568223,942327.2544335662,1202085.2768048525,744853.3506433473,848458.2879458347,1251528.0111150392,2261400.9361212384,2454553.0669852956,4696309.972686219,7427928.191703942
12,SHOP + LITE + PGR + PH,Not rebalanced,SHOP,Technology,Shopify Inc. Class A Subordinate Voting Shares,Profit Engine,5,LITE,Telecommunications,Lumentum Holdings Inc. Common Stock,Profit Engine,5,PGR,Finance,Progressive Corporation (The) Common Stock,Recession Defense,5,PH,Industrials,Parker-Hannifin Corporation Common Stock,Recession Defense,5,58.89411088947858,86.527323566802,6.129488640485725,85.60022927329216,49.91391327420154,14.589731548415141,-40.74382165084474,32.998313664483135,51.32086084320457,106.74169143764804,2022,-40.74382165084474,2025,106.74169143764804,-32.322753977022586,14.204911449553599,3,4,"2001,2008,2009,2020",300000.0,0.0,0.0,7417889.833604898,7417889.833604898,7117889.833604898,5,83,1000,Mar-Nov 2001; Dec 2007-Jun 2009; Feb-Apr 2020,https://www.nber.org/research/data/us-business-cycle-expansions-and-contractions,620225.0743129442,938529.9216157525,1248228.9689855461,739652.7840678971,847566.139653782,1270619.5675420687,2358272.830549393,2502822.895809579,4668448.561170737,7417889.833604898
13,SHOP + LITE + NFLX + CAT,Not rebalanced,SHOP,Technology,Shopify Inc. Class A Subordinate Voting Shares,Profit Engine,5,LITE,Telecommunications,Lumentum Holdings Inc. Common Stock,Profit Engine,5,NFLX,Consumer Discretionary,Netflix Inc. Common Stock,Recession Defense,5,CAT,Industrials,Caterpillar Inc. Common Stock,Recession Defense,5,57.618469271759956,90.38923978838969,12.121358664204184,82.34697965306337,52.19955343276075,14.252423068146424,-47.153879870408986,33.61494257727251,52.135239537160395,113.98576826422429,2022,-47.153879870408986,2025,113.98576826422429,-12.259742547826328,31.18113284210717,2,3,"2001,2008,2009,2020",300000.0,0.0,0.0,7357314.710632125,7357314.710632125,7057314.710632125,5,83,1000,Mar-Nov 2001; Dec 2007-Jun 2009; Feb-Apr 2020,https://www.nber.org/research/data/us-business-cycle-expansions-and-contractions,641957.3047926729,976643.2833726318,1304941.3622631307,689610.8799222955,787897.1400527882,1199175.928669837,2186661.0866560214,2451714.1197401825,4667799.874357943,7357314.710632125
14,SHOP + LITE + CAT + SCCO,Not rebalanced,SHOP,Technology,Shopify Inc. Class A Subordinate Voting Shares,Profit Engine,5,LITE,Telecommunications,Lumentum Holdings Inc. Common Stock,Profit Engine,5,CAT,Industrials,Caterpillar Inc. Common Stock,Recession Defense,5,SCCO,Basic Materials,Southern Copper Corporation Common Stock,Recession Defense,5,59.97053899051299,90.31837046143816,-0.10185276081059458,83.31560363110191,51.581414668571846,10.627979588716684,-38.124846841948965,31.24957998231941,40.83557827320452,129.33906863180766,2022,-38.124846841948965,2025,129.33906863180766,-43.63733917117864,18.715211547593434,3,4,"2001,2008,2009,2020",300000.0,0.0,0.0,7357231.337880075,7357231.337880075,7057231.337880075,5,83,1000,Mar-Nov 2001; Dec 2007-Jun 2009; Feb-Apr 2020,https://www.nber.org/research/data/us-business-cycle-expansions-and-contractions,688017.205895423,968973.0105419632,1271773.0064783623,786911.4955812369,870544.2887128759,1319583.3481474337,2419002.1800719732,2416538.3595675016,4599116.427504438,7357231.337880075
15,SHOP + LITE + NFLX + PH,Not rebalanced,SHOP,Technology,Shopify Inc. Class A Subordinate Voting Shares,Profit Engine,5,LITE,Telecommunications,Lumentum Holdings Inc. Common Stock,Profit Engine,5,NFLX,Consumer Discretionary,Netflix Inc. Common Stock,Recession Defense,5,PH,Industrials,Parker-Hannifin Corporation Common Stock,Recession Defense,5,58.348573184138395,85.59873016411943,9.47877561976458,87.44101841498362,54.79793620765789,14.990229751534656,-49.34365448749756,38.87965033655074,55.31106459684094,108.79515851626489,2022,-49.34365448749756,2025,108.79515851626489,-15.133338265108549,30.886100334416735,2,3,"2001,2008,2009,2020",300000.0,0.0,0.0,7347276.352533082,7347276.352533082,7047276.352533082,5,83,1000,Mar-Nov 2001; Dec 2007-Jun 2009; Feb-Apr 2020,https://www.nber.org/research/data/us-business-cycle-expansions-and-contractions,626385.4755487947,972845.9505548179,1351085.0544438243,684410.3133468453,787004.9917607356,1218267.4850968667,2283532.981084176,2499983.948564466,4639938.462842462,7347276.352533082
16,AVGO + ISRG + CAT + SCCO,Not rebalanced,AVGO,Technology,Broadcom Inc. Common Stock,Profit Engine,5,ISRG,Health Care,Intuitive Surgical Inc. Common Stock,Profit Engine,5,CAT,Industrials,Caterpillar Inc. Common Stock,Recession Defense,5,SCCO,Basic Materials,Southern Copper Corporation Common Stock,Recession Defense,5,25.24113508567818,56.126129550048475,-4.412899852623409,29.90418789963394,42.78002908147205,31.701186528711368,-6.007166320020863,59.868822405257326,47.96214245724828,46.512367144376945,2022,-6.007166320020863,2023,59.868822405257326,-43.63733917117864,18.715211547593434,3,4,"2001,2008,2009,2020",300000.0,0.0,0.0,4461766.627623513,4461766.627623513,4161766.6276235133,5,83,1000,Mar-Nov 2001; Dec 2007-Jun 2009; Feb-Apr 2020,https://www.nber.org/research/data/us-business-cycle-expansions-and-contractions,439537.10143313085,650348.5121749489,1039704.5079442024,977247.7289152397,1287046.8543062555,1837645.8728706427,2387178.947623748,2281835.1313622026,3562540.873309071,4461766.627623513
17,AVGO + PBR + CAT + SCCO,Not rebalanced,AVGO,Technology,Broadcom Inc. Common Stock,Profit Engine,5,PBR,Energy,Petroleo Brasileiro S.A. Petrobras ADS,Profit Engine,5,CAT,Industrials,Caterpillar Inc. Common Stock,Recession Defense,5,SCCO,Basic Materials,Southern Copper Corporation Common Stock,Recession Defense,5,36.95379943100967,46.40304200222598,-5.326504609357308,30.044894303145252,29.887250578898605,29.43189089867735,5.696926012638737,70.33368883380071,38.07052164374891,44.12152820042223,2018,-5.326504609357308,2023,70.33368883380071,-43.63733917117864,18.715211547593434,3,4,"2001,2008,2009,2020",300000.0,0.0,0.0,4460337.3908339385,4460337.3908339385,4160337.3908339385,5,83,1000,Mar-Nov 2001; Dec 2007-Jun 2009; Feb-Apr 2020,https://www.nber.org/research/data/us-business-cycle-expansions-and-contractions,432364.5846012667,596968.0373617971,1016837.6791970906,1074766.1694495815,1391090.1758578762,1806848.7824949608,2349714.5894132387,2224556.9335014015,3256819.021717487,4460337.3908339385
18,AVGO + ISRG + NEM + PH,Not rebalanced,AVGO,Technology,Broadcom Inc. Common Stock,Profit Engine,5,ISRG,Health Care,Intuitive Surgical Inc. Common Stock,Profit Engine,5,NEM,Basic Materials,Newmont Corporation,Recession Defense,5,PH,Industrials,Parker-Hannifin Corporation Common Stock,Recession Defense,5,31.773061864902164,47.26957188812608,-0.2885883950491941,30.889774044263717,41.35877888433734,36.39885287530835,-15.035071712543079,50.72212396622575,38.67062370889107,67.87491248575502,2022,-15.035071712543079,2025,67.87491248575502,-29.19973827933248,10.223247461513232,3,4,"2001,2008,2009,2020",300000.0,0.0,0.0,4367490.515951849,4367490.515951849,4067490.5159518486,5,83,1000,Mar-Nov 2001; Dec 2007-Jun 2009; Feb-Apr 2020,https://www.nber.org/research/data/us-business-cycle-expansions-and-contractions,503624.73745726503,698379.5645842545,1052612.5130874678,894351.4668895651,1219885.14151086,1724414.7398312225,2257082.5565510653,2250568.878226179,3314403.1520110955,4367490.515951849
19,AVGO + PBR + NEM + PH,Not rebalanced,AVGO,Technology,Broadcom Inc. Common Stock,Profit Engine,5,PBR,Energy,Petroleo Brasileiro S.A. Petrobras ADS,Profit Engine,5,NEM,Basic Materials,Newmont Corporation,Recession Defense,5,PH,Industrials,Parker-Hannifin Corporation Common Stock,Recession Defense,5,45.11544571216297,37.176587095983884,-1.1861282266860673,31.05780983412123,27.92365272802604,33.478035088391714,-3.67816806542014,59.65071899648606,29.921684902239186,65.4840735418003,2022,-3.67816806542014,2025,65.4840735418003,-29.19973827933248,10.223247461513232,3,4,"2001,2008,2009,2020",300000.0,0.0,0.0,4366061.279162274,4366061.279162274,4066061.2791622737,5,83,1000,Mar-Nov 2001; Dec 2007-Jun 2009; Feb-Apr 2020,https://www.nber.org/research/data/us-business-cycle-expansions-and-contractions,496452.2206254009,644999.0897711026,1029745.6843403559,991869.9074239068,1323928.4630624808,1693617.6494555403,2219618.198340556,2193290.680365378,3008681.3004195103,4366061.279162274
20,AVGO + ISRG + PH + AMZN,Not rebalanced,AVGO,Technology,Broadcom Inc. Common Stock,Profit Engine,5,ISRG,Health Care,Intuitive Surgical Inc. Common Stock,Profit Engine,5,PH,Industrials,Parker-Hannifin Corporation Common Stock,Recession Defense,5,AMZN,Consumer Discretionary,Amazon.com Inc. Common Stock,Recession Defense,5,24.369164381766172,52.37701012313938,3.401926033310132,30.071413466304907,44.63660892471799,36.88630629866401,-20.685592779085894,74.21630998304092,65.04296757203353,25.972858732878002,2022,-20.685592779085894,2023,74.21630998304092,-43.59826319560105,23.85652386460125,2,4,"2001,2008,2009,2020",300000.0,0.0,0.0,4349276.7691997215,4349276.7691997215,4049276.7691997215,5,83,1000,Mar-Nov 2001; Dec 2007-Jun 2009; Feb-Apr 2020,https://www.nber.org/research/data/us-business-cycle-expansions-and-contractions,377918.576198634,623728.0331642024,1086635.963708471,861858.8732646412,1179766.7771192512,1706374.6596457206,2219505.6388320383,2295011.5789702516,3497070.026014721,4349276.7691997215
21,TT + ISRG + NEM + LRCX,Not rebalanced,TT,Industrials,Trane Technologies plc,Profit Engine,5,ISRG,Health Care,Intuitive Surgical Inc. Common Stock,Profit Engine,5,NEM,Basic Materials,Newmont Corporation,Recession Defense,5,LRCX,Technology,Lam Research Corporation Common Stock,Recession Defense,5,37.214179482677935,52.6262518703037,-8.180173447990812,68.70286885053373,49.289916581346695,35.43008223115074,-28.238871646317776,37.034498231614485,10.71488354968908,81.65632707304256,2022,-28.238871646317776,2025,81.65632707304256,-33.31190032077149,26.524411138834576,3,4,"2001,2008,2009,2020",300000.0,0.0,0.0,3891613.932809424,3891613.932809424,3591613.932809424,5,83,1000,Mar-Nov 2001; Dec 2007-Jun 2009; Feb-Apr 2020,https://www.nber.org/research/data/us-business-cycle-expansions-and-contractions,544968.9812191277,603361.7729386841,826813.7780678989,593330.8965252342,803548.5210669485,1199616.9167914926,2023788.1538435682,1858238.7726392732,2836160.189480057,3891613.932809424
22,TT + ISRG + AMZN + LRCX,Not rebalanced,TT,Industrials,Trane Technologies plc,Profit Engine,5,ISRG,Health Care,Intuitive Surgical Inc. Common Stock,Profit Engine,5,AMZN,Consumer Discretionary,Amazon.com Inc. Common Stock,Recession Defense,5,LRCX,Technology,Lam Research Corporation Common Stock,Recession Defense,5,28.308117841882876,58.6617153587778,-4.205482338534017,68.09835590800976,54.77209359290145,36.12304165520597,-34.84966911172105,62.81833811584405,26.10472866839175,39.754273320165545,2022,-34.84966911172105,2019,68.09835590800976,-47.71042523704007,40.1576875419226,3,4,"2001,2008,2009,2020",300000.0,0.0,0.0,3873400.186057297,3873400.186057297,3573400.186057297,5,83,1000,Mar-Nov 2001; Dec 2007-Jun 2009; Feb-Apr 2020,https://www.nber.org/research/data/us-business-cycle-expansions-and-contractions,419262.8199604966,528710.241518632,860837.228688902,560838.3029003103,763430.1566753396,1181576.8366059908,1986211.2361245414,1902681.4733833456,3018827.0634836834,3873400.186057297
23,TT + PBR + AMZN + LRCX,Not rebalanced,TT,Industrials,Trane Technologies plc,Profit Engine,5,PBR,Energy,Petroleo Brasileiro S.A. Petrobras ADS,Profit Engine,5,AMZN,Consumer Discretionary,Amazon.com Inc. Common Stock,Recession Defense,5,LRCX,Technology,Lam Research Corporation Common Stock,Recession Defense,5,42.713630577099515,47.019637814604835,-5.303079818252665,69.34142995631281,32.65878152060642,31.763437813569695,-21.434367672129607,76.29243077911558,15.346020786397307,37.36343437621083,2022,-21.434367672129607,2023,76.29243077911558,-47.71042523704007,40.1576875419226,3,4,"2001,2008,2009,2020",300000.0,0.0,0.0,3871970.9492677217,3871970.9492677217,3571970.9492677217,5,83,1000,Mar-Nov 2001; Dec 2007-Jun 2009; Feb-Apr 2020,https://www.nber.org/research/data/us-business-cycle-expansions-and-contractions,412090.3031286325,475329.7667054801,837970.3999417902,658356.7434346519,867473.4782269602,1150779.7462303084,1948746.877914032,1845403.275522544,2713105.211892098,3871970.9492677217
24,TT + PBR + WMT + LRCX,Not rebalanced,TT,Industrials,Trane Technologies plc,Profit Engine,5,PBR,Energy,Petroleo Brasileiro S.A. Petrobras ADS,Profit Engine,5,WMT,Consumer Discretionary,Walmart Inc. Common Stock,Recession Defense,5,LRCX,Technology,Lam Research Corporation Common Stock,Recession Defense,5,43.97953808716388,45.5080015253323,-8.881380333927847,69.07741285329254,25.93185380944345,28.525477104710404,-9.59358638969594,55.6297683834561,22.809760645764896,42.18337601878901,2022,-9.59358638969594,2019,69.07741285329254,-15.385076814822012,25.93662251264235,3,4,"2001,2008,2009,2020",300000.0,0.0,0.0,3850348.79450206,3850348.79450206,3550348.79450206,5,83,1000,Mar-Nov 2001; Dec 2007-Jun 2009; Feb-Apr 2020,https://www.nber.org/research/data/us-business-cycle-expansions-and-contractions,426550.12805636704,523845.19130022806,815259.0579084174,737046.4758881521,947292.4996187019,1192943.0057676462,2016997.1709662408,1837859.9808881641,2674233.3290242217,3850348.79450206
25,TT + PBR + JPM + LRCX,Not rebalanced,TT,Industrials,Trane Technologies plc,Profit Engine,5,PBR,Energy,Petroleo Brasileiro S.A. Petrobras ADS,Profit Engine,5,JPM,Finance,JP Morgan Chase & Co. Common Stock,Recession Defense,5,LRCX,Technology,Lam Research Corporation Common Stock,Recession Defense,5,47.220084739925205,42.46128985019526,-9.350843981965484,72.90342942031394,19.45943951012763,35.03734589668763,-12.336656320612304,61.96482854953314,16.922606735739663,45.37753507266391,2022,-12.336656320612304,2019,72.90342942031394,-37.95852258749147,18.019286011617645,3,4,"2001,2008,2009,2020",300000.0,0.0,0.0,3839383.252501239,3839383.252501239,3539383.252501239,5,83,1000,Mar-Nov 2001; Dec 2007-Jun 2009; Feb-Apr 2020,https://www.nber.org/research/data/us-business-cycle-expansions-and-contractions,436132.60521799175,509937.6108453685,825919.5771152865,724028.7174019191,977709.1635093805,1167965.8867674633,2019453.0726803248,1830617.1665649796,2607920.8277075673,3839383.252501239
26,KLAC + FCX + JPM + AMZN,Not rebalanced,KLAC,Technology,KLA Corporation Common Stock,Profit Engine,5,FCX,Basic Materials,Freeport-McMoRan Inc. Common Stock,Profit Engine,5,JPM,Finance,JP Morgan Chase & Co. Common Stock,Recession Defense,5,AMZN,Consumer Discretionary,Amazon.com Inc. Common Stock,Recession Defense,5,28.362768634003665,39.26659510406751,-13.443070636476184,64.12672083866585,47.266990887274396,43.87399263483922,-21.5403422287334,46.62413174241087,19.735486381577203,43.092078646609046,2022,-21.5403422287334,2019,64.12672083866585,-34.89404061094697,18.72677886307993,2,4,"2001,2008,2009,2020",300000.0,0.0,0.0,3181753.0497374935,3181753.0497374935,2881753.0497374935,5,83,1000,Mar-Nov 2001; Dec 2007-Jun 2009; Feb-Apr 2020,https://www.nber.org/research/data/us-business-cycle-expansions-and-contractions,429276.2359398271,513995.98902307893,753642.156095907,591305.0564928434,850734.1934279455,1252850.6471104599,2056262.684108403,1779837.8390122093,2478719.5567661184,3181753.0497374935
27,MU + FCX + JPM + AMZN,Not rebalanced,MU,Technology,Micron Technology Inc. Common Stock,Profit Engine,5,FCX,Basic Materials,Freeport-McMoRan Inc. Common Stock,Profit Engine,5,JPM,Finance,JP Morgan Chase & Co. Common Stock,Recession Defense,5,AMZN,Consumer Discretionary,Amazon.com Inc. Common Stock,Recession Defense,5,47.91076540051624,60.43050541605077,-18.092598165475827,46.38348035146045,44.11277191128067,27.41029977497851,-35.56445588501509,54.68114765415697,12.73884186649006,79.53155353394534,2022,-35.56445588501509,2025,79.53155353394534,-34.89404061094697,18.72677886307993,2,4,"2001,2008,2009,2020",300000.0,0.0,0.0,3161603.92803877,3161603.92803877,2861603.92803877,5,83,1000,Mar-Nov 2001; Dec 2007-Jun 2009; Feb-Apr 2020,https://www.nber.org/research/data/us-business-cycle-expansions-and-contractions,538594.660601836,607205.3827172627,939232.254604878,605199.4137580936,771086.3873055996,1111233.966576653,1626662.9551224895,1332357.363145523,2137507.6516423295,3161603.92803877
28,KLAC + FCX + WMT + JPM,Not rebalanced,KLAC,Technology,KLA Corporation Common Stock,Profit Engine,5,FCX,Basic Materials,Freeport-McMoRan Inc. Common Stock,Profit Engine,5,WMT,Consumer Discretionary,Walmart Inc. Common Stock,Recession Defense,5,JPM,Finance,JP Morgan Chase & Co. Common Stock,Recession Defense,5,29.521647141305497,37.666037602951576,-16.57878471768708,64.05329442832087,39.1660236108831,38.88961976601437,-8.336770586740805,29.940619224329602,26.76711748827536,47.9120202891872,2018,-16.57878471768708,2019,64.05329442832087,-4.195298988664841,4.505713833799683,2,4,"2001,2008,2009,2020",300000.0,0.0,0.0,3160130.894971831,3160130.894971831,2860130.894971831,5,83,1000,Mar-Nov 2001; Dec 2007-Jun 2009; Feb-Apr 2020,https://www.nber.org/research/data/us-business-cycle-expansions-and-contractions,443736.0608675616,562511.4136178269,730930.8140625341,669994.7889463437,930553.2148196872,1295013.9066477977,2124512.9771606117,1772294.5443778294,2439847.673898242,3160130.894971831
29,KLAC + FCX + COST + JPM,Not rebalanced,KLAC,Technology,KLA Corporation Common Stock,Profit Engine,5,FCX,Basic Materials,Freeport-McMoRan Inc. Common Stock,Profit Engine,5,COST,Consumer Discretionary,Costco Wholesale Corporation Common Stock,Recession Defense,5,JPM,Finance,JP Morgan Chase & Co. Common Stock,Recession Defense,5,26.240626265892875,33.125641166401934,-14.004470818245451,66.62713071401669,41.07750229558456,52.53782239674651,-12.688419798257389,39.27662486549131,18.46674217341182,40.440923032468,2018,-14.004470818245451,2019,66.62713071401669,-24.565312466304256,2.5593377103487964,2,4,"2001,2008,2009,2020",300000.0,0.0,0.0,3145424.0561576704,3145424.0561576704,2845424.0561576704,5,83,1000,Mar-Nov 2001; Dec 2007-Jun 2009; Feb-Apr 2020,https://www.nber.org/research/data/us-business-cycle-expansions-and-contractions,421322.769097404,499127.3585845008,695167.7388167707,606961.9378136453,925846.5227180293,1306161.1493411176,2176418.845648327,1871622.9035267124,2491609.9905371643,3145424.0561576704
30,KLAC + FCX + WMT + DHR,Not rebalanced,KLAC,Technology,KLA Corporation Common Stock,Profit Engine,5,FCX,Basic Materials,Freeport-McMoRan Inc. Common Stock,Profit Engine,5,WMT,Consumer Discretionary,Walmart Inc. Common Stock,Recession Defense,5,DHR,Industrials,Danaher Corporation Common Stock,Recession Defense,5,33.58929225115297,37.22382451174815,-15.339713988536129,65.33022633016081,51.903026863794025,43.295638998162204,-8.265065683547624,24.949479525548735,17.526863829177252,38.68344834656203,2018,-15.339713988536129,2019,65.33022633016081,-7.681571952798466,10.137012488861256,2,4,"2001,2008,2009,2020",300000.0,0.0,0.0,3130291.634870496,3130291.634870496,2830291.634870496,5,83,1000,Mar-Nov 2001; Dec 2007-Jun 2009; Feb-Apr 2020,https://www.nber.org/research/data/us-business-cycle-expansions-and-contractions,416050.34503968613,488970.922475614,610966.622664554,560469.8299967761,803128.8242857936,1219976.993705722,2016990.7248695618,1707590.1164992694,2343220.464844913,3130291.634870496
31,KLAC + MS + WMT + DHR,Not rebalanced,KLAC,Technology,KLA Corporation Common Stock,Profit Engine,5,MS,Finance,Morgan Stanley Common Stock,Profit Engine,5,WMT,Consumer Discretionary,Walmart Inc. Common Stock,Recession Defense,5,DHR,Industrials,Danaher Corporation Common Stock,Recession Defense,5,25.99248756460213,34.531981664144155,-10.951458722586683,66.02657885417065,39.86966485019386,41.30262835885632,-8.935568328238741,23.783455289366383,29.69932227148666,41.12193268120319,2018,-10.951458722586683,2019,66.02657885417065,-7.681571952798466,10.137012488861256,2,4,"2001,2008,2009,2020",300000.0,0.0,0.0,3065584.227427147,3065584.227427147,2765584.227427147,5,83,1000,Mar-Nov 2001; Dec 2007-Jun 2009; Feb-Apr 2020,https://www.nber.org/research/data/us-business-cycle-expansions-and-contractions,423365.79804360954,549102.5707918325,679698.1352088694,618963.2439115163,874611.3322222112,1223315.9391210224,2031029.6023004025,1808602.2337609574,2433148.4255005927,3065584.227427147
32,MU + MS + WMT + DHR,Not rebalanced,MU,Technology,Micron Technology Inc. Common Stock,Profit Engine,5,MS,Finance,Morgan Stanley Common Stock,Profit Engine,5,WMT,Consumer Discretionary,Walmart Inc. Common Stock,Recession Defense,5,DHR,Industrials,Danaher Corporation Common Stock,Recession Defense,5,45.57970932979709,53.692093175642384,-15.00584692621294,48.047607558322866,36.069042550177286,25.614913152922746,-26.8616425699447,34.71463736632272,20.580249443765155,77.5614075685395,2022,-26.8616425699447,2025,77.5614075685395,-7.681571952798466,10.137012488861256,2,4,"2001,2008,2009,2020",300000.0,0.0,0.0,3045435.105728423,3045435.105728423,2745435.105728423,5,83,1000,Mar-Nov 2001; Dec 2007-Jun 2009; Feb-Apr 2020,https://www.nber.org/research/data/us-business-cycle-expansions-and-contractions,532684.2227056185,642311.9644860163,865288.2337178404,632857.6011767664,794963.5260998653,1081699.2585872156,1601429.873314489,1361121.7578942708,2091936.5203768043,3045435.105728423
33,MU + MS + COST + DHR,Not rebalanced,MU,Technology,Micron Technology Inc. Common Stock,Profit Engine,5,MS,Finance,Morgan Stanley Common Stock,Profit Engine,5,COST,Consumer Discretionary,Costco Wholesale Corporation Common Stock,Recession Defense,5,DHR,Industrials,Danaher Corporation Common Stock,Recession Defense,5,41.378453660654245,46.78343423025546,-11.666452244526981,51.28709657439716,38.29004119476098,38.68418911903917,-31.307116580569705,43.28643427405279,13.455004852297403,70.09031031182028,2022,-31.307116580569705,2025,70.09031031182028,-29.678192230373803,8.190636365410368,2,4,"2001,2008,2009,2020",300000.0,0.0,0.0,3030728.266914263,3030728.266914263,2730728.266914263,5,83,1000,Mar-Nov 2001; Dec 2007-Jun 2009; Feb-Apr 2020,https://www.nber.org/research/data/us-business-cycle-expansions-and-contractions,510270.9309354608,578927.9094526902,829525.1584720768,569824.7500440681,790256.8339982076,1092846.5012805352,1653335.741802204,1460450.1170431538,2143698.8370157266,3030728.266914263
34,MU + MS + MA + DHR,Not rebalanced,MU,Technology,Micron Technology Inc. Common Stock,Profit Engine,5,MS,Finance,Morgan Stanley Common Stock,Profit Engine,5,MA,Consumer Discretionary,Mastercard Incorporated Common Stock,Recession Defense,5,DHR,Industrials,Danaher Corporation Common Stock,Recession Defense,5,43.49069999879889,53.89730299431466,-11.068079049562984,53.79775781217098,36.63248166884847,27.943538773185672,-29.101161057972547,38.839567927018656,11.57418007253117,73.69842274738187,2022,-29.101161057972547,2025,73.69842274738187,-34.377749158411135,18.266433625365163,2,3,"2001,2008,2009,2020",300000.0,0.0,0.0,3021815.6490314654,3021815.6490314654,2721815.6490314654,5,83,1000,Mar-Nov 2001; Dec 2007-Jun 2009; Feb-Apr 2020,https://www.nber.org/research/data/us-business-cycle-expansions-and-contractions,521095.2682421456,581407.7729379309,807224.039841125,572312.4719082868,732236.8293997563,1000473.3517021792,1538705.5824262272,1368400.4322232539,2105931.3593541323,3021815.6490314654
35,MU + DE + COST + SPGI,Not rebalanced,MU,Technology,Micron Technology Inc. Common Stock,Profit Engine,5,DE,Industrials,Deere & Company Common Stock,Profit Engine,5,COST,Consumer Discretionary,Costco Wholesale Corporation Common Stock,Recession Defense,5,SPGI,Finance,S&P Global Inc. Common Stock,Recession Defense,5,32.87834198475059,59.05558930972907,-8.077127434513043,51.79728874549527,38.348282888880746,34.3543609042857,-30.388551137889095,47.941396668354045,8.798431645093263,62.98427268663702,2022,-30.388551137889095,2025,62.98427268663702,-34.77809018070537,8.123346177557387,3,4,"2001,2008,2009,2020",300000.0,0.0,0.0,3003144.67326646,3003144.67326646,2703144.67326646,5,83,1000,Mar-Nov 2001; Dec 2007-Jun 2009; Feb-Apr 2020,https://www.nber.org/research/data/us-business-cycle-expansions-and-contractions,488952.8180599111,531972.9975336696,787008.2824498194,547847.8680781333,736057.5018841303,1018322.9149314853,1545786.575540091,1420931.4239681226,2260070.850079622,3003144.67326646
36,MS + DE + TSM + COST,Not rebalanced,MS,Finance,Morgan Stanley Common Stock,Profit Engine,5,DE,Industrials,Deere & Company Common Stock,Profit Engine,5,TSM,Technology,Taiwan Semiconductor Manufacturing Company Ltd.,Recession Defense,5,COST,Consumer Discretionary,Costco Wholesale Corporation Common Stock,Recession Defense,5,26.890732561172804,36.53136841808604,-5.183884444594245,44.28704738227134,56.37532105445517,32.464191171477964,-19.44687170410765,28.28216408365416,48.896840877361505,26.776183493970663,2022,-19.44687170410765,2020,56.37532105445517,-20.210126808776657,25.28971120239941,3,4,"2001,2008,2009,2020",300000.0,0.0,0.0,2872973.7634034273,2872973.7634034273,2572973.7634034273,5,83,1000,Mar-Nov 2001; Dec 2007-Jun 2009; Feb-Apr 2020,https://www.nber.org/research/data/us-business-cycle-expansions-and-contractions,380328.550481912,566297.196622228,726458.2989720602,585184.8855871209,775160.4255507184,1212159.604142017,1748989.3023771446,1658323.7179935984,2264132.064978342,2872973.7634034273
37,DE + AXP + TSM + COST,Not rebalanced,DE,Industrials,Deere & Company Common Stock,Profit Engine,5,AXP,Finance,American Express Company Common Stock,Profit Engine,5,TSM,Technology,Taiwan Semiconductor Manufacturing Company Ltd.,Recession Defense,5,COST,Consumer Discretionary,Costco Wholesale Corporation Common Stock,Recession Defense,5,21.8400644590266,38.41490908351586,-0.24319983887052254,45.00233210917215,43.90004952430506,30.134346502357822,-18.709120451653448,32.246263073440716,54.573405658301866,21.98331852833826,2022,-18.709120451653448,2024,54.573405658301866,-20.210126808776657,25.28971120239941,3,4,"2001,2008,2009,2020",300000.0,0.0,0.0,2777954.1531182323,2777954.1531182323,2477954.1531182323,5,83,1000,Mar-Nov 2001; Dec 2007-Jun 2009; Feb-Apr 2020,https://www.nber.org/research/data/us-business-cycle-expansions-and-contractions,365949.9555850148,565661.3093528004,748065.9432713737,608109.3848869349,791359.1740421206,1138766.243361743,1651237.6101465381,1647221.8029392923,2280000.560942272,2777954.1531182323
38,DE + AXP + TSM + MA,Not rebalanced,DE,Industrials,Deere & Company Common Stock,Profit Engine,5,AXP,Finance,American Express Company Common Stock,Profit Engine,5,TSM,Technology,Taiwan Semiconductor Manufacturing Company Ltd.,Recession Defense,5,MA,Consumer Discretionary,Mastercard Incorporated Common Stock,Recession Defense,5,23.494812197845548,44.17909485106517,1.2081593994303086,46.84801150729436,42.68883176896288,20.101972534000012,-15.868462341961509,27.7437473885235,50.79085371712135,25.591430963899864,2022,-15.868462341961509,2024,50.79085371712135,-24.90968373681399,32.56152891095817,2,3,"2001,2008,2009,2020",300000.0,0.0,0.0,2769041.535235435,2769041.535235435,2469041.535235435,5,83,1000,Mar-Nov 2001; Dec 2007-Jun 2009; Feb-Apr 2020,https://www.nber.org/research/data/us-business-cycle-expansions-and-contractions,376774.2928916996,568141.1728380411,725764.8246404219,610597.1067511536,733339.1694436693,1046393.0937833869,1536607.4507705614,1555172.1181193923,2242233.083280678,2769041.535235435
39,DE + GS + TSM + MA,Not rebalanced,DE,Industrials,Deere & Company Common Stock,Profit Engine,5,GS,Finance,Goldman Sachs Group Inc. (The) Common Stock,Profit Engine,5,TSM,Technology,Taiwan Semiconductor Manufacturing Company Ltd.,Recession Defense,5,MA,Consumer Discretionary,Mastercard Incorporated Common Stock,Recession Defense,5,28.2036833122959,38.52786986554686,-7.659554236135624,48.03862436012909,47.35301238470173,23.719544533578695,-15.56685677415195,23.955838716543987,48.902859572115155,33.25254945229774,2022,-15.56685677415195,2024,48.902859572115155,-24.90968373681399,32.56152891095817,2,3,"2001,2008,2009,2020",300000.0,0.0,0.0,2757285.6642224574,2757285.6642224574,2457285.6642224574,5,83,1000,Mar-Nov 2001; Dec 2007-Jun 2009; Feb-Apr 2020,https://www.nber.org/research/data/us-business-cycle-expansions-and-contractions,399757.6483568932,595250.5697616546,737847.8362130657,622988.1203385985,770758.0649812171,1135735.2269478603,1681326.8063470025,1552544.6677281668,2150707.056914962,2757285.6642224574
40,GLW + AXP + TSM + MA,Not rebalanced,GLW,Industrials,Corning Incorporated Common Stock,Profit Engine,5,AXP,Finance,American Express Company Common Stock,Profit Engine,5,TSM,Technology,Taiwan Semiconductor Manufacturing Company Ltd.,Recession Defense,5,MA,Consumer Discretionary,Mastercard Incorporated Common Stock,Recession Defense,5,22.75415179364022,40.897706686236,1.1272033959468297,40.87824475446284,36.12426233150878,14.759469664300573,-18.927427283431808,22.676931168064772,62.30859245691054,44.68540154271017,2022,-18.927427283431808,2024,62.30859245691054,-24.90968373681399,32.56152891095817,2,3,"2001,2008,2009,2020",300000.0,0.0,0.0,2697121.144406462,2697121.144406462,2397121.144406462,5,83,1000,Mar-Nov 2001; Dec 2007-Jun 2009; Feb-Apr 2020,https://www.nber.org/research/data/us-business-cycle-expansions-and-contractions,434056.2046281305,704510.5162038059,864271.8810351208,700687.44922105,804105.2007303924,1094582.2728635445,1542028.2934036667,1559410.0886933738,2197173.0528027625,2697121.144406462
41,GLW + AXP + MA + AMAT,Not rebalanced,GLW,Industrials,Corning Incorporated Common Stock,Profit Engine,5,AXP,Finance,American Express Company Common Stock,Profit Engine,5,MA,Consumer Discretionary,Mastercard Incorporated Common Stock,Recession Defense,5,AMAT,Technology,Applied Materials Inc. Common Stock,Recession Defense,5,37.04352694636357,46.21147400269652,-12.297383637619708,46.80481854733487,22.31995200796144,29.622161447934925,-16.34625391848764,24.436848558914658,37.43608938376484,45.59879041896775,2022,-16.34625391848764,2019,46.80481854733487,-37.748186810568484,18.022978420372784,2,3,"2001,2008,2009,2020",300000.0,0.0,0.0,2556133.9711963916,2556133.9711963916,2256133.9711963916,5,83,1000,Mar-Nov 2001; Dec 2007-Jun 2009; Feb-Apr 2020,https://www.nber.org/research/data/us-business-cycle-expansions-and-contractions,436796.3712569032,600315.8512256788,747014.1266648574,624905.3007132469,810015.7577872282,990810.8861822627,1454558.1236071114,1275685.5309149823,1865198.6183899203,2556133.9711963916
42,GLW + RIO + AMAT + SPGI,Not rebalanced,GLW,Industrials,Corning Incorporated Common Stock,Profit Engine,5,RIO,Basic Materials,Rio Tinto Plc Common Stock,Profit Engine,5,AMAT,Technology,Applied Materials Inc. Common Stock,Recession Defense,5,SPGI,Finance,S&P Global Inc. Common Stock,Recession Defense,5,46.051255689389656,51.17212929774961,-17.05752166041332,49.45673032086575,33.30434757085141,29.336130675476756,-18.102132715330853,22.531680951216714,18.109532752551583,49.38423752337315,2022,-18.102132715330853,2017,51.17212929774961,-43.838233092026385,9.686036598427215,3,4,"2001,2008,2009,2020",300000.0,0.0,0.0,2506488.1335972347,2506488.1335972347,2206488.1335972347,5,83,1000,Mar-Nov 2001; Dec 2007-Jun 2009; Feb-Apr 2020,https://www.nber.org/research/data/us-business-cycle-expansions-and-contractions,448152.7125701195,529311.0748344536,648573.7574556087,531168.0751241863,686992.2357490322,915790.5177276529,1368710.5643842784,1135242.4633960647,1716170.2046080567,2506488.1335972347
43,GLW + ABBV + AMAT + SPGI,Not rebalanced,GLW,Industrials,Corning Incorporated Common Stock,Profit Engine,5,ABBV,Health Care,AbbVie Inc. Common Stock,Profit Engine,5,AMAT,Technology,Applied Materials Inc. Common Stock,Recession Defense,5,SPGI,Finance,S&P Global Inc. Common Stock,Recession Defense,5,39.200037307597626,54.26162314053011,-16.43134830419023,39.50175050418394,31.41758405924906,36.588494613450486,-16.210129879892243,19.567761912052582,26.528294148917887,46.53733662823674,2018,-16.43134830419023,2017,54.26162314053011,-43.838233092026385,9.686036598427215,3,4,"2001,2008,2009,2020",300000.0,0.0,0.0,2504094.517068637,2504094.517068637,2204094.517068637,5,83,1000,Mar-Nov 2001; Dec 2007-Jun 2009; Feb-Apr 2020,https://www.nber.org/research/data/us-business-cycle-expansions-and-contractions,439612.0098847102,556233.5769808961,665076.0389994115,557266.3492775641,761161.7174655577,1000300.3398771232,1395436.4844278884,1166147.4553077947,1798917.9927697922,2504094.517068637
44,GLW + AXP + AMAT + TMUS,Not rebalanced,GLW,Industrials,Corning Incorporated Common Stock,Profit Engine,5,AXP,Finance,American Express Company Common Stock,Profit Engine,5,AMAT,Technology,Applied Materials Inc. Common Stock,Recession Defense,5,TMUS,Telecommunications,T-Mobile US Inc. Common Stock,Recession Defense,5,46.38089219376638,38.62585919918195,-16.247024971228452,40.51827873872371,29.868659008487697,25.778014491566424,-13.000342127729425,23.06798992098642,40.36110540631381,41.694565517043046,2018,-16.247024971228452,2016,46.38089219376638,-32.87958115898923,6.883886419199008,1,3,"2001,2008,2009,2020",300000.0,0.0,0.0,2492038.0904938523,2492038.0904938523,2192038.0904938523,5,83,1000,Mar-Nov 2001; Dec 2007-Jun 2009; Feb-Apr 2020,https://www.nber.org/research/data/us-business-cycle-expansions-and-contractions,425083.69655112916,596652.1753811856,734287.8390614637,638827.9077811622,803505.0584251607,1043501.2444421218,1466309.9873072314,1228078.2375138088,1702434.0083916879,2492038.0904938523
45,RIO + ABBV + AMAT + SPGI,Not rebalanced,RIO,Basic Materials,Rio Tinto Plc Common Stock,Profit Engine,5,ABBV,Health Care,AbbVie Inc. Common Stock,Profit Engine,5,AMAT,Technology,Applied Materials Inc. Common Stock,Recession Defense,5,SPGI,Finance,S&P Global Inc. Common Stock,Recession Defense,5,39.784659533790666,56.88303488598092,-16.75125183967644,51.20332127317133,33.47331918731311,39.91223337692027,-11.620187649597947,28.874506334887286,3.581596410297627,35.71341388097531,2018,-16.75125183967644,2017,56.88303488598092,-43.838233092026385,9.686036598427215,3,4,"2001,2008,2009,2020",300000.0,0.0,0.0,2476118.3990662587,2476118.3990662587,2176118.3990662587,5,83,1000,Mar-Nov 2001; Dec 2007-Jun 2009; Feb-Apr 2020,https://www.nber.org/research/data/us-business-cycle-expansions-and-contractions,407140.24164292595,421722.3619224861,543492.6120314306,480337.750651677,672051.2746892237,897009.1429683539,1356307.616292161,1129109.1117663486,1771380.64171319,2476118.3990662587
46,RIO + ABBV + ASML + SPGI,Not rebalanced,RIO,Basic Materials,Rio Tinto Plc Common Stock,Profit Engine,5,ABBV,Health Care,AbbVie Inc. Common Stock,Profit Engine,5,ASML,Technology,ASML Holding N.V. New York Registry Shares,Recession Defense,5,SPGI,Finance,S&P Global Inc. Common Stock,Recession Defense,5,22.35139863278164,55.696858090458704,-4.639859578666805,50.156042909747555,38.96820804554688,33.33601466847451,-6.69624971695314,20.20170963229797,1.0466899986366407,34.77219160017617,2022,-6.69624971695314,2017,55.696858090458704,-43.494375492498946,15.364377229063958,2,4,"2001,2008,2009,2020",300000.0,0.0,0.0,2315873.2882053517,2315873.2882053517,2015873.2882053517,5,83,1000,Mar-Nov 2001; Dec 2007-Jun 2009; Feb-Apr 2020,https://www.nber.org/research/data/us-business-cycle-expansions-and-contractions,404316.5748005285,408548.51595179585,491082.30085144023,458198.2036706687,610943.2240570096,849016.8506477167,1274850.1065695728,1215698.8517862605,1892804.9160729898,2315873.2882053517
47,GS + RIO + ASML + TMUS,Not rebalanced,GS,Finance,Goldman Sachs Group Inc. (The) Common Stock,Profit Engine,5,RIO,Basic Materials,Rio Tinto Plc Common Stock,Profit Engine,5,ASML,Technology,ASML Holding N.V. New York Registry Shares,Recession Defense,5,TMUS,Telecommunications,T-Mobile US Inc. Common Stock,Recession Defense,5,34.44790241058513,33.70917534542859,-14.454815546775567,51.84432276358639,42.109762327587916,25.093632187930524,-3.533743101042419,20.22796733919705,15.336542472096614,37.590538977380405,2018,-14.454815546775567,2019,51.84432276358639,-32.535723559461786,19.36173251410627,2,3,"2001,2008,2009,2020",300000.0,0.0,0.0,2292060.9906175896,2292060.9906175896,1992060.9906175896,5,83,1000,Mar-Nov 2001; Dec 2007-Jun 2009; Feb-Apr 2020,https://www.nber.org/research/data/us-business-cycle-expansions-and-contractions,412771.6169321412,476076.51127569895,572377.1124861361,552150.7757617115,690705.4605541604,981559.8883771888,1490442.965025357,1275002.183601049,1704794.90532917,2292060.9906175896
48,GS + ABBV + ASML + TMUS,Not rebalanced,GS,Finance,Goldman Sachs Group Inc. (The) Common Stock,Profit Engine,5,ABBV,Health Care,AbbVie Inc. Common Stock,Profit Engine,5,ASML,Technology,ASML Holding N.V. New York Registry Shares,Recession Defense,5,TMUS,Telecommunications,T-Mobile US Inc. Common Stock,Recession Defense,5,28.090220302234204,36.88129807457463,-13.924732548584007,42.314228618263215,39.378302466258795,32.27431024452196,-1.8051818797906738,17.07366780374233,24.433583799363735,34.74363808224397,2018,-13.924732548584007,2019,42.314228618263215,-32.535723559461786,19.36173251410627,2,3,"2001,2008,2009,2020",300000.0,0.0,0.0,2289667.374088992,2289667.374088992,1989667.374088992,5,83,1000,Mar-Nov 2001; Dec 2007-Jun 2009; Feb-Apr 2020,https://www.nber.org/research/data/us-business-cycle-expansions-and-contractions,404230.9142467319,502999.01342214126,588879.394029939,578249.0499150894,764874.942270686,1066069.7105266592,1517168.8850689665,1305907.175512779,1787542.6934909055,2289667.374088992
49,RIO + ABBV + ASML + BBVA,Not rebalanced,RIO,Basic Materials,Rio Tinto Plc Common Stock,Profit Engine,5,ABBV,Health Care,AbbVie Inc. Common Stock,Profit Engine,5,ASML,Technology,ASML Holding N.V. New York Registry Shares,Recession Defense,5,BBVA,Finance,Banco Bilbao Vizcaya Argentaria S.A. Common Stock,Recession Defense,5,19.676666950432462,48.95409315470347,-15.858935858535883,33.34084041928802,18.876337032305823,26.29120841695125,5.085589435492133,35.24567195291901,3.923515707831382,71.8440989875755,2018,-15.858935858535883,2025,71.8440989875755,-43.46333887893538,10.049121533345286,2,4,"2001,2008,2009,2020",300000.0,0.0,0.0,2286324.6461660424,2286324.6461660424,1986324.6461660424,5,83,1000,Mar-Nov 2001; Dec 2007-Jun 2009; Feb-Apr 2020,https://www.nber.org/research/data/us-business-cycle-expansions-and-contractions,515532.2969627265,535759.287613003,724591.2485823779,761440.9845707838,961633.0207963742,1143154.1108158412,1524291.2986494817,1282554.9192994167,1910418.0492534852,2286324.6461660424
50,GS + SONY + ASML + TMUS,Not rebalanced,GS,Finance,Goldman Sachs Group Inc. (The) Common Stock,Profit Engine,5,SONY,Consumer Staples,Sony Group Corporation American Depositary Shares,Profit Engine,5,ASML,Technology,ASML Holding N.V. New York Registry Shares,Recession Defense,5,TMUS,Telecommunications,T-Mobile US Inc. Common Stock,Recession Defense,5,29.483862395990833,36.631394907007994,-13.062253312530348,52.76831167404439,44.278290250267595,31.217927266704848,-14.916211151686232,22.949096939179814,23.092831620212607,31.804548030962355,2022,-14.916211151686232,2019,52.76831167404439,-32.535723559461786,19.36173251410627,2,3,"2001,2008,2009,2020",300000.0,0.0,0.0,2264949.610302262,2264949.610302262,1964949.610302262,5,83,1000,Mar-Nov 2001; Dec 2007-Jun 2009; Feb-Apr 2020,https://www.nber.org/research/data/us-business-cycle-expansions-and-contractions,395413.64409288706,486725.85112660425,598425.0385296966,509162.6961980474,668112.7363663472,963941.6329736435,1472597.3582170487,1280242.9610131078,1749213.8158309918,2264949.610302262
51,FTNT + GS + TJX + TMUS,Not rebalanced,FTNT,Technology,Fortinet Inc. Common Stock,Profit Engine,5,GS,Finance,Goldman Sachs Group Inc. (The) Common Stock,Profit Engine,5,TJX,Consumer Discretionary,TJX Companies Inc. (The) Common Stock,Recession Defense,5,TMUS,Telecommunications,T-Mobile US Inc. Common Stock,Recession Defense,5,12.210717012787065,23.39492140853374,11.074515523251227,39.77873227268276,29.971562585872704,36.8221430365109,-3.6777868399317404,17.44903593892917,45.27747984895729,15.708561868724601,2022,-3.6777868399317404,2024,45.27747984895729,-25.525295159766276,10.842249639018306,2,3,"2001,2008,2009,2020",300000.0,0.0,0.0,2180985.7791806743,2180985.7791806743,1880985.7791806743,5,83,1000,Mar-Nov 2001; Dec 2007-Jun 2009; Feb-Apr 2020,https://www.nber.org/research/data/us-business-cycle-expansions-and-contractions,347125.6856061738,504295.447957064,592290.141909476,570506.9730161163,780579.8666533793,1014531.8499201185,1418099.758320938,1575147.4361913786,1943651.940956886,2180985.7791806743
52,FTNT + SONY + TJX + BBVA,Not rebalanced,FTNT,Technology,Fortinet Inc. Common Stock,Profit Engine,5,SONY,Consumer Staples,Sony Group Corporation American Depositary Shares,Profit Engine,5,TJX,Consumer Discretionary,TJX Companies Inc. (The) Common Stock,Recession Defense,5,BBVA,Finance,Banco Bilbao Vizcaya Argentaria S.A. Common Stock,Recession Defense,5,1.8752473931213043,35.574660122794086,10.633926698006736,31.040893176684612,12.490533724870412,34.33666453805229,-5.7475099597287365,37.67444831595967,24.176703289348378,47.02303182763807,2022,-5.7475099597287365,2025,47.02303182763807,-36.45291047923987,12.263018739201947,3,4,"2001,2008,2009,2020",300000.0,0.0,0.0,2150531.6709423973,2150531.6709423973,1850531.6709423973,5,83,1000,Mar-Nov 2001; Dec 2007-Jun 2009; Feb-Apr 2020,https://www.nber.org/research/data/us-business-cycle-expansions-and-contractions,441069.09548291424,547705.0619988311,754049.9225054756,710710.8281081466,954745.2209912543,1073997.9948057556,1407376.565093145,1557035.957390075,2110946.2072212873,2150531.6709423973
53,FTNT + SONY + LIN + BBVA,Not rebalanced,FTNT,Technology,Fortinet Inc. Common Stock,Profit Engine,5,SONY,Consumer Staples,Sony Group Corporation American Depositary Shares,Profit Engine,5,LIN,Basic Materials,Linde plc Ordinary Shares,Recession Defense,5,BBVA,Finance,Banco Bilbao Vizcaya Argentaria S.A. Common Stock,Recession Defense,5,3.3389047825359564,42.93446947363506,7.61170586138562,30.785578386414024,14.465865019229796,39.546258745790254,-8.22173804414027,40.59922813002892,18.86333492494858,40.64530154012323,2022,-8.22173804414027,2017,42.93446947363506,-38.63008552477578,5.890265023590823,3,4,"2001,2008,2009,2020",300000.0,0.0,0.0,2148975.941917638,2148975.941917638,1848975.9419176378,5,83,1000,Mar-Nov 2001; Dec 2007-Jun 2009; Feb-Apr 2020,https://www.nber.org/research/data/us-business-cycle-expansions-and-contractions,421935.90462036966,501527.08747752156,705143.2138564102,647168.1859771044,903098.9913240471,1033740.0723990096,1351982.9326991797,1454891.8968323765,2079542.0141522633,2148975.941917638
54,FTNT + SONY + V + BBVA,Not rebalanced,FTNT,Technology,Fortinet Inc. Common Stock,Profit Engine,5,SONY,Consumer Staples,Sony Group Corporation American Depositary Shares,Profit Engine,5,V,Consumer Discretionary,Visa Inc.,Recession Defense,5,BBVA,Finance,Banco Bilbao Vizcaya Argentaria S.A. Common Stock,Recession Defense,5,0.8901212588013685,44.88841682999831,9.789748427868684,31.258169698646142,13.181971614662968,33.04611067747434,-7.903092507239817,39.7761218298758,22.373494879277843,42.78105669034409,2022,-7.903092507239817,2017,44.88841682999831,5.408356272599585,32.9968761164721,2,2,"2001,2008,2009,2020",300000.0,0.0,0.0,2140460.052661787,2140460.052661787,1840460.0526617868,5,83,1000,Mar-Nov 2001; Dec 2007-Jun 2009; Feb-Apr 2020,https://www.nber.org/research/data/us-business-cycle-expansions-and-contractions,428343.17007103225,524178.507292611,732676.3889593444,674772.2961611832,897758.2959715426,1016100.5397147932,1333714.9707277026,1464282.3111067673,2121575.4584843055,2140460.052661787
55,FTNT + SONY + BHP + BBVA,Not rebalanced,FTNT,Technology,Fortinet Inc. Common Stock,Profit Engine,5,SONY,Consumer Staples,Sony Group Corporation American Depositary Shares,Profit Engine,5,BHP,Energy,BHP Group Limited American Depositary Shares (Each representing two Ordinary Shares),Recession Defense,5,BBVA,Finance,Banco Bilbao Vizcaya Argentaria S.A. Common Stock,Recession Defense,5,5.877444398353138,43.03402167815227,8.804647758197381,28.59569761460705,14.115953305784345,34.16933955452743,-4.319342031858375,39.21113827281732,12.257356406222431,46.371758298367126,2022,-4.319342031858375,2025,46.371758298367126,-41.48896381601399,8.626188322100537,2,4,"2001,2008,2009,2020",300000.0,0.0,0.0,2130138.4098759405,2130138.4098759405,1830138.4098759405,5,83,1000,Mar-Nov 2001; Dec 2007-Jun 2009; Feb-Apr 2020,https://www.nber.org/research/data/us-business-cycle-expansions-and-contractions,439115.2748951014,492939.1991731573,686226.2701618624,656585.810441107,880936.8454775747,1005289.4792386388,1292759.018873178,1406581.8968472895,2011890.6552575175,2130138.4098759405
56,STX + TJX + LIN + BHP,Not rebalanced,STX,Technology,Seagate Technology Holdings PLC Ordinary Shares (Ireland),Profit Engine,5,TJX,Consumer Discretionary,TJX Companies Inc. (The) Common Stock,Profit Engine,5,LIN,Basic Materials,Linde plc Ordinary Shares,Recession Defense,5,BHP,Energy,BHP Group Limited American Depositary Shares (Each representing two Ordinary Shares),Recession Defense,5,17.08969418983162,18.820632001609017,4.208776013828386,47.53050778356005,15.164014474293408,41.23576647216232,-24.98719517875012,44.08748381946494,3.623739757822886,70.83124687522766,2022,-24.98719517875012,2025,70.83124687522766,-34.61342917771629,17.43057046993655,3,4,"2001,2008,2009,2020",300000.0,0.0,0.0,1996952.0539508734,1996952.0539508734,1696952.0539508734,5,83,1000,Mar-Nov 2001; Dec 2007-Jun 2009; Feb-Apr 2020,https://www.nber.org/research/data/us-business-cycle-expansions-and-contractions,512493.740625683,531065.1800610896,765198.4553913348,573996.8238379208,810688.8136733547,933621.7827202597,1377376.9568251248,1435347.66780398,1705489.1703050446,1996952.0539508734
57,STX + TJX + LIN + RY,Not rebalanced,STX,Technology,Seagate Technology Holdings PLC Ordinary Shares (Ireland),Profit Engine,5,TJX,Consumer Discretionary,TJX Companies Inc. (The) Common Stock,Profit Engine,5,LIN,Basic Materials,Linde plc Ordinary Shares,Recession Defense,5,RY,Finance,Royal Bank Of Canada Common Stock,Recession Defense,5,15.750589790343072,17.64189437352115,0.6112616378112667,45.11128242718605,12.511130093905297,46.71142593348674,-27.25649905150924,40.16494351847217,12.868408036031553,75.60155590041009,2022,-27.25649905150924,2025,75.60155590041009,-35.54845254324188,14.691073631144477,3,4,"2001,2008,2009,2020",300000.0,0.0,0.0,1989518.7706045406,1989518.7706045406,1689518.7706045406,5,83,1000,Mar-Nov 2001; Dec 2007-Jun 2009; Feb-Apr 2020,https://www.nber.org/research/data/us-business-cycle-expansions-and-contractions,526804.6677012303,594596.0418938847,833415.2062836345,606255.3984878019,889445.9399201963,1000725.6785785708,1452165.865763524,1461042.3986183263,1718797.9553349314,1989518.7706045406
58,STX + BHP + V + LIN,Not rebalanced,STX,Technology,Seagate Technology Holdings PLC Ordinary Shares (Ireland),Profit Engine,5,BHP,Energy,BHP Group Limited American Depositary Shares (Each representing two Ordinary Shares),Profit Engine,5,V,Consumer Discretionary,Visa Inc.,Recession Defense,5,LIN,Basic Materials,Linde plc Ordinary Shares,Recession Defense,5,15.777583335700008,27.821098117532394,2.9821432024577987,48.87280406940548,16.18974833586082,40.07811049706629,-27.663314835405306,46.55533287247315,1.5548840690640109,66.58927173793363,2022,-27.663314835405306,2025,66.58927173793363,21.501573180374955,37.314038999495395,2,2,"2001,2008,2009,2020",300000.0,0.0,0.0,1986880.435670263,1986880.435670263,1686880.435670263,5,83,1000,Mar-Nov 2001; Dec 2007-Jun 2009; Feb-Apr 2020,https://www.nber.org/research/data/us-business-cycle-expansions-and-contractions,499767.8152138009,507538.6253548695,743824.9218452035,538058.2918909574,753701.8886536427,875724.3276292975,1303715.3624596826,1342594.0215206721,1716118.4215680624,1986880.435670263
59,STX + LIN + TJX + MCK,Not rebalanced,STX,Technology,Seagate Technology Holdings PLC Ordinary Shares (Ireland),Profit Engine,5,LIN,Basic Materials,Linde plc Ordinary Shares,Profit Engine,5,TJX,Consumer Discretionary,TJX Companies Inc. (The) Common Stock,Recession Defense,5,MCK,Health Care,McKesson Corporation Common Stock,Recession Defense,5,2.806603762486737,15.412796055749634,-7.042488180192075,42.36139814617685,18.194960298985798,48.275492711949376,-15.179651163608233,42.894523495225826,12.832702552992515,75.43655588750906,2022,-15.179651163608233,2025,75.43655588750906,-33.878675976856016,20.538905265015323,3,4,"2001,2008,2009,2020",300000.0,0.0,0.0,1980669.5356342928,1980669.5356342928,1680669.5356342928,5,83,1000,Mar-Nov 2001; Dec 2007-Jun 2009; Feb-Apr 2020,https://www.nber.org/research/data/us-business-cycle-expansions-and-contractions,526309.6676625272,593849.4218213027,848578.3015907041,719767.0755591638,1067238.177663739,1261421.7403852758,1795777.626132316,1669310.1990694138,1926597.575589811,1980669.5356342928
60,STX + RY + V + BHP,Not rebalanced,STX,Technology,Seagate Technology Holdings PLC Ordinary Shares (Ireland),Profit Engine,5,RY,Finance,Royal Bank Of Canada Common Stock,Profit Engine,5,V,Consumer Discretionary,Visa Inc.,Recession Defense,5,BHP,Energy,BHP Group Limited American Depositary Shares (Each representing two Ordinary Shares),Recession Defense,5,17.982796716660545,25.894136155205327,0.052937555982190965,44.28178400426697,12.844769028261926,39.77033997917605,-26.905003743308754,41.0045645257646,5.877272380561394,77.08603752135998,2022,-26.905003743308754,2025,77.08603752135998,21.245199639263056,48.772471916755876,2,2,"2001,2008,2009,2020",300000.0,0.0,0.0,1960609.620282233,1960609.620282233,1660609.620282233,5,83,1000,Mar-Nov 2001; Dec 2007-Jun 2009; Feb-Apr 2020,https://www.nber.org/research/data/us-business-cycle-expansions-and-contractions,531258.1125640799,562481.5988833003,793124.7290429556,579734.4910048409,810296.869054012,914377.6303272378,1319280.3575720799,1319978.7523499315,1661775.8477032033,1960609.620282233
61,AAPL + RY + V + BHP,Not rebalanced,AAPL,Technology,Apple Inc. Common Stock,Profit Engine,5,RY,Finance,Royal Bank Of Canada Common Stock,Profit Engine,5,V,Consumer Discretionary,Visa Inc.,Recession Defense,5,BHP,Energy,BHP Group Limited American Depositary Shares (Each representing two Ordinary Shares),Recession Defense,5,17.626019824302674,41.346667320656124,-0.7174369789975099,50.97601856619194,33.67984193327385,18.154956372198793,-6.637013908763301,25.88793266010665,12.579645560639774,23.03357694850896,2022,-6.637013908763301,2019,50.97601856619194,21.245199639263056,48.772471916755876,2,2,"2001,2008,2009,2020",300000.0,0.0,0.0,1922433.8647496887,1922433.8647496887,1622433.8647496887,5,83,1000,Mar-Nov 2001; Dec 2007-Jun 2009; Feb-Apr 2020,https://www.nber.org/research/data/us-business-cycle-expansions-and-contractions,369100.73084552685,415532.2945476251,523105.0151411103,488386.4625287564,577052.8117285771,771403.2865902742,1164633.9691827472,1156278.4544178636,1634361.0602664421,1922433.8647496887
62,AAPL + RY + V + MCK,Not rebalanced,AAPL,Technology,Apple Inc. Common Stock,Profit Engine,5,RY,Finance,Royal Bank Of Canada Common Stock,Profit Engine,5,V,Consumer Discretionary,Visa Inc.,Recession Defense,5,MCK,Health Care,McKesson Corporation Common Stock,Recession Defense,5,2.731485579410675,33.46387314565129,-12.1787387413422,44.01655442369472,31.861849245685335,31.450500639237312,4.562661770049514,26.795712734914478,24.91400581866914,27.63888596079034,2018,-12.1787387413422,2019,44.01655442369472,22.092262942032228,43.74522291358433,2,2,"2001,2008,2009,2020",300000.0,0.0,0.0,1906151.346433108,1906151.346433108,1606151.346433108,5,83,1000,Mar-Nov 2001; Dec 2007-Jun 2009; Feb-Apr 2020,https://www.nber.org/research/data/us-business-cycle-expansions-and-contractions,382916.65788237104,478316.53630783834,606484.8613404796,634156.7142499994,833602.1757189617,1099203.2442552904,1583034.6384899383,1390240.9856832977,1855469.4655512085,1906151.346433108
63,AAPL + MPC + RY + MCK,Not rebalanced,AAPL,Technology,Apple Inc. Common Stock,Profit Engine,5,MPC,Energy,Marathon Petroleum Corporation Common Stock,Profit Engine,5,RY,Finance,Royal Bank Of Canada Common Stock,Recession Defense,5,MCK,Health Care,McKesson Corporation Common Stock,Recession Defense,5,2.6465145689730463,31.27381693098399,-15.228760811011977,36.36031723116317,14.563774927674423,45.58031697229809,21.90464090441029,27.584880203046037,18.80883119561849,29.491642497629343,2018,-15.228760811011977,2021,45.58031697229809,-39.84975267915573,14.162578009121841,3,4,"2001,2008,2009,2020",300000.0,0.0,0.0,1864833.2253601507,1864833.2253601507,1564833.2253601507,5,83,1000,Mar-Nov 2001; Dec 2007-Jun 2009; Feb-Apr 2020,https://www.nber.org/research/data/us-business-cycle-expansions-and-contractions,388474.92749288806,461542.5208423267,588858.4723028013,717845.8060959263,1045042.1998867979,1197239.7937775287,1632559.980812762,1383941.3262384834,1816752.6030385387,1864833.2253601507
64,AAPL + IBN + BKNG + MCK,Not rebalanced,AAPL,Technology,Apple Inc. Common Stock,Profit Engine,5,IBN,Finance,ICICI Bank Limited Common Stock,Profit Engine,5,BKNG,Consumer Discretionary,Booking Holdings Inc. Common Stock,Recession Defense,5,MCK,Health Care,McKesson Corporation Common Stock,Recession Defense,5,-0.21837013077867784,31.820970697706773,-11.62224685466997,44.43148590997774,28.063470846933637,31.165418091278262,3.7228145281412273,40.22915896388937,30.044661658254167,15.693210969608074,2018,-11.62224685466997,2019,44.43148590997774,-38.117805038191975,70.88775331953387,3,4,"2001,2008,2009,2020",300000.0,0.0,0.0,1851479.1732774207,1851479.1732774207,1551479.1732774207,5,83,1000,Mar-Nov 2001; Dec 2007-Jun 2009; Feb-Apr 2020,https://www.nber.org/research/data/us-business-cycle-expansions-and-contractions,347079.6329088242,451358.534300991,632936.2765620177,656499.3202197447,861100.0781326279,1102754.6475223007,1592724.9233577964,1407614.5010493002,1855531.0989648693,1851479.1732774207
65,AAPL + MPC + CM + MCK,Not rebalanced,AAPL,Technology,Apple Inc. Common Stock,Profit Engine,5,MPC,Energy,Marathon Petroleum Corporation Common Stock,Profit Engine,5,CM,Finance,Canadian Imperial Bank of Commerce Common Stock,Recession Defense,5,MCK,Health Care,McKesson Corporation Common Stock,Recession Defense,5,2.2299593516572846,31.465515495845864,-16.274403855016395,35.73739998655121,14.657350285216776,46.862750952510865,14.250170704022192,31.579285526601918,22.780407358679476,29.814715006371696,2018,-16.274403855016395,2021,46.862750952510865,-39.15394375784971,13.132302070574884,3,4,"2001,2008,2009,2020",300000.0,0.0,0.0,1848757.7254645568,1848757.7254645568,1548757.7254645568,5,83,1000,Mar-Nov 2001; Dec 2007-Jun 2009; Feb-Apr 2020,https://www.nber.org/research/data/us-business-cycle-expansions-and-contractions,389444.14501911507,478161.1076889959,629160.9691632664,718817.4812721122,1055675.1273237737,1210409.1286095274,1642977.8803744433,1375593.0248737182,1808430.4612751328,1848757.7254645568
66,IBN + MPC + BKNG + APH,Not rebalanced,IBN,Finance,ICICI Bank Limited Common Stock,Profit Engine,5,MPC,Energy,Marathon Petroleum Corporation Common Stock,Profit Engine,5,BKNG,Consumer Discretionary,Booking Holdings Inc. Common Stock,Recession Defense,5,APH,Technology,Amphenol Corporation Common Stock,Recession Defense,5,14.53257094518936,32.21988798122324,-3.7374211958196346,26.538360026398845,-0.7223297483895164,35.82487621460042,6.299454969455853,37.38688602596343,28.1235617977174,31.107725591041625,2018,-3.7374211958196346,2023,37.38688602596343,-42.03616123509619,75.2486312263697,3,4,"2001,2008,2009,2020",300000.0,0.0,0.0,1830590.6605029756,1830590.6605029756,1530590.6605029756,5,83,1000,Mar-Nov 2001; Dec 2007-Jun 2009; Feb-Apr 2020,https://www.nber.org/research/data/us-business-cycle-expansions-and-contractions,393323.17677312484,503939.6634576599,692347.0110741989,735961.0992691916,999618.252069992,992397.7120649591,1255763.789786503,1208830.6077375943,1598314.4754333873,1830590.6605029756
67,IBN + MPC + SYK + APH,Not rebalanced,IBN,Finance,ICICI Bank Limited Common Stock,Profit Engine,5,MPC,Energy,Marathon Petroleum Corporation Common Stock,Profit Engine,5,SYK,Health Care,Stryker Corporation Common Stock,Recession Defense,5,APH,Technology,Amphenol Corporation Common Stock,Recession Defense,5,16.961050628317587,34.77208580432596,-3.3697215792882873,29.37212437259733,-0.22913508509767588,39.042275235586146,11.284530615587407,25.550816733915795,24.041474827450095,28.59059829934303,2018,-3.3697215792882873,2021,39.042275235586146,-47.09252598042933,12.987920620006296,3,4,"2001,2008,2009,2020",300000.0,0.0,0.0,1827668.7555189333,1827668.7555189333,1527668.7555189333,5,83,1000,Mar-Nov 2001; Dec 2007-Jun 2009; Feb-Apr 2020,https://www.nber.org/research/data/us-business-cycle-expansions-and-contractions,385771.79489802907,478517.0238598411,600782.0316668572,668577.4639632517,929605.3176068862,927475.2656713151,1199894.4542293714,1159461.3518765208,1562630.2480190224,1827668.7555189333
68,IBN + MPC + TMO + APH,Not rebalanced,IBN,Finance,ICICI Bank Limited Common Stock,Profit Engine,5,MPC,Energy,Marathon Petroleum Corporation Common Stock,Profit Engine,5,TMO,Industrials,Thermo Fisher Scientific Inc Common Stock,Recession Defense,5,APH,Technology,Amphenol Corporation Common Stock,Recession Defense,5,11.627560295983375,35.425760136942564,-0.7260367085322517,30.87912761493701,2.0445162960539776,44.19935391727046,10.93545359750927,20.830187947666357,19.087284079274646,31.904988143560086,2018,-0.7260367085322517,2021,44.19935391727046,-44.56328972090762,15.678461726110418,3,4,"2001,2008,2009,2020",300000.0,0.0,0.0,1825681.9931365591,1825681.9931365591,1525681.9931365591,5,83,1000,Mar-Nov 2001; Dec 2007-Jun 2009; Feb-Apr 2020,https://www.nber.org/research/data/us-business-cycle-expansions-and-contractions,395714.96443068027,471246.20383576484,569407.6737909976,631674.9857390691,910871.2482927479,929494.1594001635,1216513.847054726,1207681.5099607308,1635511.8648976255,1825681.9931365591
69,APH + IBN + BKNG + SYK,Not rebalanced,APH,Technology,Amphenol Corporation Common Stock,Profit Engine,5,IBN,Finance,ICICI Bank Limited Common Stock,Profit Engine,5,BKNG,Consumer Discretionary,Booking Holdings Inc. Common Stock,Recession Defense,5,SYK,Health Care,Stryker Corporation Common Stock,Recession Defense,5,20.017933984644,31.47237662930744,-1.8004638647191262,33.541017982691315,13.570306525917509,23.30472245454991,-8.897988916102218,36.15771467077342,34.40951784753516,25.94534112145275,2022,-8.897988916102218,2023,36.15771467077342,-40.93482366341132,65.87714010532278,3,4,"2001,2008,2009,2020",300000.0,0.0,0.0,1825378.3258875022,1825378.3258875022,1525378.3258875022,5,83,1000,Mar-Nov 2001; Dec 2007-Jun 2009; Feb-Apr 2020,https://www.nber.org/research/data/us-business-cycle-expansions-and-contractions,377836.02336435823,507847.5772583342,691473.6552058383,629946.4060078559,776753.6675403989,882161.5211769373,1178047.475631277,1156837.1565233,1520921.303412084,1825378.3258875022
70,APH + SYK + BKNG + CM,Not rebalanced,APH,Technology,Amphenol Corporation Common Stock,Profit Engine,5,SYK,Health Care,Stryker Corporation Common Stock,Profit Engine,5,BKNG,Consumer Discretionary,Booking Holdings Inc. Common Stock,Recession Defense,5,CM,Finance,Canadian Imperial Bank of Commerce Common Stock,Recession Defense,5,27.11064518244455,27.61741113393239,-6.984270198943953,27.734311286727674,15.397522574239897,25.21956956980189,-16.027501231227216,38.01712820376775,36.80060809794896,37.42158798032613,2022,-16.027501231227216,2023,38.01712820376775,-36.914597637735916,70.3823994627272,3,4,"2001,2008,2009,2020",300000.0,0.0,0.0,1820366.4484432072,1820366.4484432072,1520366.4484432072,5,83,1000,Mar-Nov 2001; Dec 2007-Jun 2009; Feb-Apr 2020,https://www.nber.org/research/data/us-business-cycle-expansions-and-contractions,412264.7639409784,563980.7040448323,778389.9713460681,653633.5091048279,818477.0666650573,944502.257769786,1206453.4540498296,1122191.4849944974,1432111.721115409,1820366.4484432072
71,MRVL + SYK + BKNG + CM,Not rebalanced,MRVL,Technology,Marvell Technology Inc. Common Stock,Profit Engine,5,SYK,Health Care,Stryker Corporation Common Stock,Profit Engine,5,BKNG,Consumer Discretionary,Booking Holdings Inc. Common Stock,Recession Defense,5,CM,Finance,Canadian Imperial Bank of Commerce Common Stock,Recession Defense,5,38.60472427721766,35.14127064509989,-13.354310428724625,35.94189043986322,26.012215024574846,29.446051421295817,-28.2933560944447,46.84759315578988,43.17020657657196,7.695785934167754,2022,-28.2933560944447,2023,46.84759315578988,-36.914597637735916,70.3823994627272,3,4,"2001,2008,2009,2020",300000.0,0.0,0.0,1752938.1682556442,1752938.1682556442,1452938.1682556442,5,83,1000,Mar-Nov 2001; Dec 2007-Jun 2009; Feb-Apr 2020,https://www.nber.org/research/data/us-business-cycle-expansions-and-contractions,323087.3578025033,462564.83758863213,679265.3307838948,487078.3719190997,630503.7197764083,794511.7031025905,1080074.228963615,935837.7635671598,1264703.0448613453,1752938.1682556442
72,MRVL + SYK + CM + TMO,Not rebalanced,MRVL,Technology,Marvell Technology Inc. Common Stock,Profit Engine,5,SYK,Health Care,Stryker Corporation Common Stock,Profit Engine,5,CM,Finance,Canadian Imperial Bank of Commerce Common Stock,Recession Defense,5,TMO,Industrials,Thermo Fisher Scientific Inc Common Stock,Recession Defense,5,34.26752574936734,39.28706765956156,-10.197265940612398,42.26526667438131,35.04366975654134,41.52760515042966,-31.19281448989131,29.416849321785055,32.07340131089569,8.493048486686195,2022,-31.19281448989131,2019,42.26526667438131,-39.44172612354735,10.812229962467917,3,4,"2001,2008,2009,2020",300000.0,0.0,0.0,1748029.5008892277,1748029.5008892277,1448029.5008892277,5,83,1000,Mar-Nov 2001; Dec 2007-Jun 2009; Feb-Apr 2020,https://www.nber.org/research/data/us-business-cycle-expansions-and-contractions,325479.1454600586,429871.3779667371,556325.9935006932,382792.2583889772,541756.7159991642,731608.1504377949,1040824.2862318377,934688.6657902964,1301900.4343255833,1748029.5008892277
73,MRVL + TMO + WELL + CM,Not rebalanced,MRVL,Technology,Marvell Technology Inc. Common Stock,Profit Engine,5,TMO,Industrials,Thermo Fisher Scientific Inc Common Stock,Profit Engine,5,WELL,Real Estate,Welltower Inc. Common Stock,Recession Defense,5,CM,Finance,Canadian Imperial Bank of Commerce Common Stock,Recession Defense,5,28.275437941453617,29.91509471016316,-6.496592559300096,38.53343476194533,18.81839412972448,46.748169269138984,-31.720539618439936,34.39299725848388,37.64690172126181,21.327633135258406,2022,-31.720539618439936,2021,46.748169269138984,-18.86731099858222,14.010478525918938,2,4,"2001,2008,2009,2020",300000.0,0.0,0.0,1730436.5157286255,1730436.5157286255,1430436.5157286255,5,83,1000,Mar-Nov 2001; Dec 2007-Jun 2009; Feb-Apr 2020,https://www.nber.org/research/data/us-business-cycle-expansions-and-contractions,363982.89940577524,501011.1838272667,673323.9465456761,459741.9573212116,674662.9057309843,801623.6303784924,1110516.7490267265,1038371.0005396748,1349000.6687939872,1730436.5157286255
74,MRVL + BAC + WELL + TMO,Not rebalanced,MRVL,Technology,Marvell Technology Inc. Common Stock,Profit Engine,5,BAC,Finance,Bank of America Corporation Common Stock,Profit Engine,5,WELL,Real Estate,Welltower Inc. Common Stock,Recession Defense,5,TMO,Industrials,Thermo Fisher Scientific Inc Common Stock,Recession Defense,5,28.859727733657415,31.89933745489355,-4.908831964721183,46.20394202009261,14.398645788262732,49.42785836801673,-31.508092077254446,28.94378327567646,36.54882741205756,16.714130017474528,2022,-31.508092077254446,2021,49.42785836801673,-20.358300764735915,12.195760274618651,3,4,"2001,2008,2009,2020",300000.0,0.0,0.0,1705626.2961079553,1705626.2961079553,1405626.2961079553,5,83,1000,Mar-Nov 2001; Dec 2007-Jun 2009; Feb-Apr 2020,https://www.nber.org/research/data/us-business-cycle-expansions-and-contractions,350142.3900524236,478115.32788913726,616499.992201159,422252.6070021514,630963.027546433,721813.1589377425,1055319.292386736,1003515.4416321865,1323630.218770403,1705626.2961079553
75,MRVL + BAC + NEE + TMO,Not rebalanced,MRVL,Technology,Marvell Technology Inc. Common Stock,Profit Engine,5,BAC,Finance,Bank of America Corporation Common Stock,Profit Engine,5,NEE,Utilities,NextEra Energy Inc. Common Stock,Recession Defense,5,TMO,Industrials,Thermo Fisher Scientific Inc Common Stock,Recession Defense,5,32.54970866546878,42.57322876642138,-6.878894290178062,53.02078466584612,33.75607644737819,50.5894083039834,-32.68706501650615,10.551283007909063,30.262149054028665,8.11841368478281,2022,-32.68706501650615,2019,53.02078466584612,-32.19834077728699,4.126331523514773,2,4,"2001,2008,2009,2020",300000.0,0.0,0.0,1705394.0043966875,1705394.0043966875,1405394.0043966875,5,83,1000,Mar-Nov 2001; Dec 2007-Jun 2009; Feb-Apr 2020,https://www.nber.org/research/data/us-business-cycle-expansions-and-contractions,324355.2410543484,422512.1075667693,467092.5557788203,314413.708384137,473473.74308228376,633299.9017554024,969080.4789541494,902418.4572201422,1286607.1314428838,1705394.0043966875
76,MSFT + BAC + WELL + NEE,Not rebalanced,MSFT,Technology,Microsoft Corporation Common Stock,Profit Engine,5,BAC,Finance,Bank of America Corporation Common Stock,Profit Engine,5,WELL,Real Estate,Welltower Inc. Common Stock,Recession Defense,5,NEE,Utilities,NextEra Energy Inc. Common Stock,Recession Defense,5,16.234380326667043,28.301464549388953,11.207017434070753,42.78984621132054,5.889357759544289,41.37686105759846,-21.88853527789547,21.070838297067553,29.003400965925906,27.239549502406966,2022,-21.88853527789547,2019,42.78984621132054,-11.62392565232186,7.324580086965796,3,4,"2001,2008,2009,2020",300000.0,0.0,0.0,1650917.059215969,1650917.059215969,1350917.059215969,5,83,1000,Mar-Nov 2001; Dec 2007-Jun 2009; Feb-Apr 2020,https://www.nber.org/research/data/us-business-cycle-expansions-and-contractions,381718.6485072209,492430.0386954835,596189.175875196,465692.09779075946,658380.8700498575,697155.2749074941,995466.9448945198,1107029.0989592602,1420334.546952635,1650917.059215969
77,BAC + PLD + NEE + MSFT,Not rebalanced,BAC,Finance,Bank of America Corporation Common Stock,Profit Engine,5,PLD,Real Estate,Prologis Inc. Common Stock,Profit Engine,5,NEE,Utilities,NextEra Energy Inc. Common Stock,Recession Defense,5,MSFT,Technology,Microsoft Corporation Common Stock,Recession Defense,5,20.869031192713994,35.96220943797894,6.453656795070817,51.95775475623201,18.629024733049327,49.301919203148884,-24.149251061161014,13.010051411526513,12.476023273359704,21.044560810073754,2022,-24.149251061161014,2019,51.95775475623201,-33.92478505872384,13.546753160316104,3,4,"2001,2008,2009,2020",300000.0,0.0,0.0,1648452.6990223555,1648452.6990223555,1348452.6990223555,5,83,1000,Mar-Nov 2001; Dec 2007-Jun 2009; Feb-Apr 2020,https://www.nber.org/research/data/us-business-cycle-expansions-and-contractions,363133.68243022123,408438.3251636238,461576.3612517891,350109.126934123,522719.6458180343,620097.2179219838,942285.8096601057,1003097.7018442233,1363833.7982489965,1648452.6990223555
78,MSFT + BLK + WELL + NEE,Not rebalanced,MSFT,Technology,Microsoft Corporation Common Stock,Profit Engine,5,BLK,Finance,BlackRock Inc. Common Stock,Profit Engine,5,WELL,Real Estate,Welltower Inc. Common Stock,Recession Defense,5,NEE,Utilities,NextEra Energy Inc. Common Stock,Recession Defense,5,13.251190996713058,28.871895227607958,8.526120539150472,39.46783938117322,18.381365156463005,37.01409422325064,-21.130171822261666,24.830519452549503,27.792496596065597,21.86753785212914,2022,-21.130171822261666,2019,39.46783938117322,-11.62392565232186,7.324580086965796,3,4,"2001,2008,2009,2020",300000.0,0.0,0.0,1648178.5268132098,1648178.5268132098,1348178.5268132098,5,83,1000,Mar-Nov 2001; Dec 2007-Jun 2009; Feb-Apr 2020,https://www.nber.org/research/data/us-business-cycle-expansions-and-contractions,365602.6135563874,467212.70748417324,583224.0497008141,459987.8058902793,630248.1257779705,746096.3351689836,1040564.4383622978,1129284.2166646016,1455329.9725219186,1648178.5268132098
79,MSFT + COF + WELL + NEE,Not rebalanced,MSFT,Technology,Microsoft Corporation Common Stock,Profit Engine,5,COF,Finance,Capital One Financial Corporation Common Stock,Profit Engine,5,WELL,Real Estate,Welltower Inc. Common Stock,Recession Defense,5,NEE,Utilities,NextEra Energy Inc. Common Stock,Recession Defense,5,14.781555509311929,25.02570412043572,7.442125012075351,41.10145950718669,7.265540252836944,41.82904050503468,-25.418527916702594,31.74170995519907,30.25789460840933,29.640985601718285,2022,-25.418527916702594,2021,41.82904050503468,-11.62392565232186,7.324580086965796,3,4,"2001,2008,2009,2020",300000.0,0.0,0.0,1647497.559999727,1647497.559999727,1347497.559999727,5,83,1000,Mar-Nov 2001; Dec 2007-Jun 2009; Feb-Apr 2020,https://www.nber.org/research/data/us-business-cycle-expansions-and-contractions,388922.95680515486,506602.85518316797,667407.2641001663,497762.1623567645,705971.298867712,757263.9277604214,1068510.4543914024,1148030.338174305,1435333.0138186442,1647497.559999727
80,BAC + PLD + RTX + MSFT,Not rebalanced,BAC,Finance,Bank of America Corporation Common Stock,Profit Engine,5,PLD,Real Estate,Prologis Inc. Common Stock,Profit Engine,5,RTX,Industrials,RTX Corporation Common Stock,Recession Defense,5,MSFT,Technology,Microsoft Corporation Common Stock,Recession Defense,5,20.64703807846069,32.84598735740596,0.17417047164487443,51.511448987884066,3.5940173600061076,43.357402486070185,-14.289833423133736,11.640267653299997,19.131858485628328,32.53594749610605,2022,-14.289833423133736,2019,51.511448987884066,-36.43652906923508,9.67006169444265,3,4,"2001,2008,2009,2020",300000.0,0.0,0.0,1637409.0157379452,1637409.0157379452,1337409.0157379452,5,83,1000,Mar-Nov 2001; Dec 2007-Jun 2009; Feb-Apr 2020,https://www.nber.org/research/data/us-business-cycle-expansions-and-contractions,397607.8424883181,473677.61224094307,528814.9541195494,453248.17805924464,649764.8148811714,673117.4751272124,1019850.0399558996,1021626.3175805612,1357189.5686930043,1637409.0157379452
81,NOW + BLK + LOW + RTX,Not rebalanced,NOW,Technology,ServiceNow Inc. Common Stock,Profit Engine,5,BLK,Finance,BlackRock Inc. Common Stock,Profit Engine,5,LOW,Consumer Discretionary,Lowe's Companies Inc. Common Stock,Recession Defense,5,RTX,Industrials,RTX Corporation Common Stock,Recession Defense,5,-2.712618163301561,48.860776031724825,3.157468044116274,42.22037826096221,27.401046321074563,30.495622556495494,-14.808797463842538,16.459125221818937,33.22150093928968,9.979145625430386,2022,-14.808797463842538,2017,48.860776031724825,-15.894683891304478,14.849773530809479,3,4,"2001,2008,2009,2020",300000.0,0.0,0.0,1540431.6294583413,1540431.6294583413,1240431.6294583413,5,83,1000,Mar-Nov 2001; Dec 2007-Jun 2009; Feb-Apr 2020,https://www.nber.org/research/data/us-business-cycle-expansions-and-contractions,329937.4368762912,439547.6055672166,511893.29637703154,436088.0548855697,569075.822117436,725008.5517378704,1031109.9047059233,1063666.8704467306,1583382.7577393644,1540431.6294583413
82,NOW + COF + LOW + RTX,Not rebalanced,NOW,Technology,ServiceNow Inc. Common Stock,Profit Engine,5,COF,Finance,Capital One Financial Corporation Common Stock,Profit Engine,5,LOW,Consumer Discretionary,Lowe's Companies Inc. Common Stock,Recession Defense,5,RTX,Industrials,RTX Corporation Common Stock,Recession Defense,5,-1.5117916771282158,44.435239659338336,2.2054615591210025,43.85903820611823,14.17141617796267,36.0730414061321,-20.503089320722644,24.45803378650386,35.57741123115819,17.752593375019533,2022,-20.503089320722644,2017,44.435239659338336,-15.894683891304478,14.849773530809479,3,4,"2001,2008,2009,2020",300000.0,0.0,0.0,1539750.662644858,1539750.662644858,1239750.662644858,5,83,1000,Mar-Nov 2001; Dec 2007-Jun 2009; Feb-Apr 2020,https://www.nber.org/research/data/us-business-cycle-expansions-and-contractions,353257.7801250586,478937.7532662113,596076.5107763838,473862.4113520549,644798.9952071777,736176.1443293084,1059055.9207350279,1082412.991956434,1563385.79903609,1539750.662644858
83,NOW + BLK + AZN + RTX,Not rebalanced,NOW,Technology,ServiceNow Inc. Common Stock,Profit Engine,5,BLK,Finance,BlackRock Inc. Common Stock,Profit Engine,5,AZN,Health Care,AstraZeneca PLC Ordinary Shares,Recession Defense,5,RTX,Industrials,RTX Corporation Common Stock,Recession Defense,5,-4.976919338535913,48.552418302335674,5.839397531955504,43.11456826159987,19.29428846362844,22.580841730182264,-6.556780141821261,13.429241535296343,27.360471413078045,20.886681388835846,2022,-6.556780141821261,2017,48.552418302335674,-14.156166539518999,-2.2822442026235232,1,4,"2001,2008,2009,2020",300000.0,0.0,0.0,1530697.8687474183,1530697.8687474183,1230697.8687474183,5,83,1000,Mar-Nov 2001; Dec 2007-Jun 2009; Feb-Apr 2020,https://www.nber.org/research/data/us-business-cycle-expansions-and-contractions,362660.04416650755,461885.54187734105,523913.2669126615,489561.4258673651,600108.5166144983,715895.1849049012,1024550.3030822314,1084377.8681940578,1610869.546737587,1530697.8687474183
84,NOW + COF + AZN + RTX,Not rebalanced,NOW,Technology,ServiceNow Inc. Common Stock,Profit Engine,5,COF,Finance,Capital One Financial Corporation Common Stock,Profit Engine,5,AZN,Health Care,AstraZeneca PLC Ordinary Shares,Recession Defense,5,RTX,Industrials,RTX Corporation Common Stock,Recession Defense,5,-3.8253023251579643,44.21521088137463,4.810246807815166,44.76003334067473,7.580450661394522,28.159649381876896,-13.280902202215705,21.30978899574403,29.870766992369212,28.660129138424995,2022,-13.280902202215705,2019,44.76003334067473,-14.156166539518999,-2.2822442026235232,1,4,"2001,2008,2009,2020",300000.0,0.0,0.0,1530016.9019339355,1530016.9019339355,1230016.9019339355,5,83,1000,Mar-Nov 2001; Dec 2007-Jun 2009; Feb-Apr 2020,https://www.nber.org/research/data/us-business-cycle-expansions-and-contractions,385980.387415275,501275.6895763357,608096.4813120137,527335.7823338503,675831.6897042401,727062.7774963389,1052496.319111336,1103123.9897037612,1590872.5880343127,1530016.9019339355
85,NOW + BLK + LOW + UNP,Not rebalanced,NOW,Technology,ServiceNow Inc. Common Stock,Profit Engine,5,BLK,Finance,BlackRock Inc. Common Stock,Profit Engine,5,LOW,Consumer Discretionary,Lowe's Companies Inc. Common Stock,Recession Defense,5,UNP,Industrials,Union Pacific Corporation Common Stock,Recession Defense,5,-0.7600414801177569,52.409872245551405,8.098450798367596,40.41390741892039,49.20783354885765,32.64163875595625,-26.167799903517196,32.92017141248786,19.627083527569056,-4.416336257144882,2022,-26.167799903517196,2017,52.409872245551405,-13.017125530539321,24.771611954278946,3,4,"2001,2008,2009,2020",300000.0,0.0,0.0,1529579.0157107818,1529579.0157107818,1229579.0157107818,5,83,1000,Mar-Nov 2001; Dec 2007-Jun 2009; Feb-Apr 2020,https://www.nber.org/research/data/us-business-cycle-expansions-and-contractions,286750.99122856534,343031.8477931281,455958.5200860504,336644.20690689445,446530.39281829685,666258.3252613846,935519.3480033701,1011281.9221106324,1541293.4855311716,1529579.0157107818
86,GOOG + UNP + LOW + BLK,Not rebalanced,GOOG,Technology,Alphabet Inc. Class C Capital Stock,Profit Engine,5,UNP,Industrials,Union Pacific Corporation Common Stock,Profit Engine,5,LOW,Consumer Discretionary,Lowe's Companies Inc. Common Stock,Recession Defense,5,BLK,Finance,BlackRock Inc. Common Stock,Recession Defense,5,7.798736745877721,35.06783141964871,-4.379035315950375,30.989569488812975,33.38579921810811,48.740632898091654,-28.371332473671863,33.785233057734374,20.56611599440825,18.875295943694592,2022,-28.371332473671863,2021,48.740632898091654,-20.166913082935256,29.85853052490767,3,4,"2001,2008,2009,2020",300000.0,0.0,0.0,1490829.0364234247,1490829.0364234247,1190829.0364234247,5,83,1000,Mar-Nov 2001; Dec 2007-Jun 2009; Feb-Apr 2020,https://www.nber.org/research/data/us-business-cycle-expansions-and-contractions,356625.8878310838,429969.9815885127,575236.3419464893,412034.12686346285,612862.1680528405,817471.1009627061,1070801.8758465084,1023911.0835393307,1382974.4962020018,1490829.0364234247
87,GOOG + UNP + LOW + COF,Not rebalanced,GOOG,Technology,Alphabet Inc. Class C Capital Stock,Profit Engine,5,UNP,Industrials,Union Pacific Corporation Common Stock,Profit Engine,5,LOW,Consumer Discretionary,Lowe's Companies Inc. Common Stock,Recession Defense,5,COF,Finance,Capital One Financial Corporation Common Stock,Recession Defense,5,9.330346877512863,30.72153828684563,-5.104964227128528,32.59673973984174,20.3392875281325,53.084116165386774,-31.78720906875259,40.49330465006602,23.533303108055968,26.648743693283738,2022,-31.78720906875259,2021,53.084116165386774,-16.788393383453,15.76286387157009,3,4,"2001,2008,2009,2020",300000.0,0.0,0.0,1490148.069609942,1490148.069609942,1190148.069609942,5,83,1000,Mar-Nov 2001; Dec 2007-Jun 2009; Feb-Apr 2020,https://www.nber.org/research/data/us-business-cycle-expansions-and-contractions,379946.2310798512,469360.1292875074,659419.5563458415,449808.4833299481,688585.3411425821,828638.693554144,1098747.891875613,1042657.2050490341,1362977.5374987277,1490148.069609942
88,GOOG + COF + AZN + UNP,Not rebalanced,GOOG,Technology,Alphabet Inc. Class C Capital Stock,Profit Engine,5,COF,Finance,Capital One Financial Corporation Common Stock,Profit Engine,5,AZN,Health Care,AstraZeneca PLC Ordinary Shares,Recession Defense,5,UNP,Industrials,Union Pacific Corporation Common Stock,Recession Defense,5,6.469060779767233,30.760382230766158,-2.638747156766552,33.270840404852265,13.883377866249024,42.985094629280574,-25.044351104967454,36.55525084593813,19.150762034688327,37.55627945668918,2022,-25.044351104967454,2021,42.985094629280574,-11.278608178753842,7.639594220845945,3,4,"2001,2008,2009,2020",300000.0,0.0,0.0,1480414.3088990194,1480414.3088990194,1180414.3088990194,5,83,1000,Mar-Nov 2001; Dec 2007-Jun 2009; Feb-Apr 2020,https://www.nber.org/research/data/us-business-cycle-expansions-and-contractions,412668.83837006753,491698.0655976318,671439.5268814715,503281.85431174346,719618.0356396444,819525.3267211748,1092188.290251921,1063368.2027963612,1390464.3264969506,1480414.3088990194
89,GOOG + UNP + AZN + TD,Not rebalanced,GOOG,Technology,Alphabet Inc. Class C Capital Stock,Profit Engine,5,UNP,Industrials,Union Pacific Corporation Common Stock,Profit Engine,5,AZN,Health Care,AstraZeneca PLC Ordinary Shares,Recession Defense,5,TD,Finance,Toronto Dominion Bank (The) Common Stock,Recession Defense,5,7.101938783586292,32.43366700430184,0.9668646175746476,28.659829240435375,16.918921219380966,40.80277997011677,-18.997661613686212,26.041169262763255,4.718448524098107,49.04048687349616,2022,-18.997661613686212,2025,49.04048687349616,-23.29793362335908,6.559922712969662,2,4,"2001,2008,2009,2020",300000.0,0.0,0.0,1450014.3533130093,1450014.3533130093,1150014.3533130093,5,83,1000,Mar-Nov 2001; Dec 2007-Jun 2009; Feb-Apr 2020,https://www.nber.org/research/data/us-business-cycle-expansions-and-contractions,447121.4606204885,468218.6565800619,590148.269459912,478033.8982088928,673085.0178776393,786963.7417918134,1012506.2063734878,1022295.7706336605,1353863.7766800432,1450014.3533130093
90,PLD + TD + AZN + ETN,Not rebalanced,PLD,Real Estate,Prologis Inc. Common Stock,Profit Engine,5,TD,Finance,Toronto Dominion Bank (The) Common Stock,Profit Engine,5,AZN,Health Care,AstraZeneca PLC Ordinary Shares,Recession Defense,5,ETN,Technology,Eaton Corporation PLC Ordinary Shares,Recession Defense,5,18.492539022216615,25.65693086715275,-5.167688239171664,37.83647562768746,14.839030289655053,41.2913932254336,-7.235674083598154,19.95653488240192,-1.7746514293222826,37.293470811940125,2022,-7.235674083598154,2021,41.2913932254336,-23.4932366465257,8.885599271775696,3,4,"2001,2008,2009,2020",300000.0,0.0,0.0,1421683.0908987971,1421683.0908987971,1121683.0908987971,5,83,1000,Mar-Nov 2001; Dec 2007-Jun 2009; Feb-Apr 2020,https://www.nber.org/research/data/us-business-cycle-expansions-and-contractions,411880.4124358204,404570.9708094296,485309.3177230855,450193.9171953092,636085.2578214073,730474.1418975564,1006859.8125631844,954828.4364444108,1199808.1082828688,1421683.0908987971
91,PLD + VRTX + TD + ETN,Not rebalanced,PLD,Real Estate,Prologis Inc. Common Stock,Profit Engine,5,VRTX,Health Care,Vertex Pharmaceuticals Incorporated Common Stock,Profit Engine,4,TD,Finance,Toronto Dominion Bank (The) Common Stock,Recession Defense,5,ETN,Technology,Eaton Corporation PLC Ordinary Shares,Recession Defense,5,6.183867614149152,42.52151225353546,-6.056756221664217,37.089495521053564,16.148729790152984,31.403245708530193,-3.7959844539163345,29.73304953414997,-1.9333645233265417,29.61295999724587,2018,-6.056756221664217,2017,42.52151225353546,-46.96629087674218,11.511778794107418,3,4,"2001,2008,2009,2020",300000.0,0.0,0.0,1415676.5393583179,1415676.5393583179,1115676.5393583179,5,83,1000,Mar-Nov 2001; Dec 2007-Jun 2009; Feb-Apr 2020,https://www.nber.org/research/data/us-business-cycle-expansions-and-contractions,388838.8799917376,381321.2070330771,494699.63040444045,475920.9093407063,625375.5218792395,726365.7250812768,995771.1081517653,935459.6796052485,1333231.2818954778,1415676.5393583179
92,PLD + VRTX + HSBC + ETN,Not rebalanced,PLD,Real Estate,Prologis Inc. Common Stock,Profit Engine,5,VRTX,Health Care,Vertex Pharmaceuticals Incorporated Common Stock,Profit Engine,4,HSBC,Finance,HSBC Holdings plc. Common Stock,Recession Defense,4,ETN,Technology,Eaton Corporation PLC Ordinary Shares,Recession Defense,5,3.06453761881873,44.788434910469356,-7.01229499872894,31.55369532587664,-0.6567649670179976,25.305890778615424,2.445947483265787,40.50385470009046,14.416868209026457,25.694275510833076,2018,-7.01229499872894,2017,44.788434910469356,-42.582773173856026,-0.9432075334551548,2,4,"2001,2008,2009,2020",300000.0,0.0,0.0,1411208.9853762728,1411208.9853762728,1111208.9853762728,5,83,1000,Mar-Nov 2001; Dec 2007-Jun 2009; Feb-Apr 2020,https://www.nber.org/research/data/us-business-cycle-expansions-and-contractions,377082.8265324992,431446.36067256145,606198.767708204,621026.071210551,778182.2504978195,773071.4220969976,1017004.023276906,945688.7010157874,1369247.8693259065,1411208.9853762728
93,CSCO + VRTX + TD + ETN,Not rebalanced,CSCO,Telecommunications,Cisco Systems Inc. Common Stock (DE),Profit Engine,2,VRTX,Health Care,Vertex Pharmaceuticals Incorporated Common Stock,Profit Engine,4,TD,Finance,Toronto Dominion Bank (The) Common Stock,Recession Defense,5,ETN,Technology,Eaton Corporation PLC Ordinary Shares,Recession Defense,5,4.192882085047667,43.49475676331771,-2.153490992349627,29.3711582284363,11.961792933542759,29.166146017313576,-3.609173468099347,25.388346655210082,7.719129643158706,31.7118553194091,2022,-3.609173468099347,2017,43.49475676331771,-46.96629087674218,11.511778794107418,3,4,"2001,2008,2009,2020",300000.0,0.0,0.0,1408014.960877271,1408014.960877271,1108014.960877271,5,83,1000,Mar-Nov 2001; Dec 2007-Jun 2009; Feb-Apr 2020,https://www.nber.org/research/data/us-business-cycle-expansions-and-contractions,395135.5659582273,425636.59256077174,533698.6861715246,514436.5747906271,664477.897360528,743961.3675319531,962471.4379482016,941744.702228049,1351354.2697935696,1408014.960877271
94,CSCO + VRTX + HSBC + ETN,Not rebalanced,CSCO,Telecommunications,Cisco Systems Inc. Common Stock (DE),Profit Engine,2,VRTX,Health Care,Vertex Pharmaceuticals Incorporated Common Stock,Profit Engine,4,HSBC,Finance,HSBC Holdings plc. Common Stock,Recession Defense,4,ETN,Technology,Eaton Corporation PLC Ordinary Shares,Recession Defense,5,1.165985978946904,45.73625540012347,-3.225626615925792,24.41448457652673,-3.2568288433844184,23.917044297659263,2.223180653016077,35.613640362693985,24.09681025965382,27.793170832996307,2020,-3.2568288433844184,2017,45.73625540012347,-42.582773173856026,-0.9432075334551548,2,4,"2001,2008,2009,2020",300000.0,0.0,0.0,1403547.4068952256,1403547.4068952256,1103547.4068952256,5,83,1000,Mar-Nov 2001; Dec 2007-Jun 2009; Feb-Apr 2020,https://www.nber.org/research/data/us-business-cycle-expansions-and-contractions,383379.51249898894,475761.7462002561,645197.8234752882,659541.7366604717,817284.6259791079,790667.0645476739,983704.3530733425,951973.7236385881,1387370.8572239983,1403547.4068952256
95,GOOG + TD + ABT + HD,Not rebalanced,GOOG,Technology,Alphabet Inc. Class C Capital Stock,Profit Engine,5,TD,Finance,Toronto Dominion Bank (The) Common Stock,Profit Engine,5,ABT,Health Care,Abbott Laboratories Common Stock,Recession Defense,5,HD,Consumer Discretionary,Home Depot Inc. (The) Common Stock,Recession Defense,4,3.5275153459835895,38.115241932878405,0.17982259315010296,25.81642930634651,23.187499473563754,51.88675216567298,-27.450373482313438,25.618076428241586,9.653419089439064,38.13334953469547,2022,-27.450373482313438,2021,51.88675216567298,-6.936334019812762,12.884792872999048,3,4,"2001,2008,2009,2020",300000.0,0.0,0.0,1396467.5370263797,1396467.5370263797,1096467.5370263797,5,83,1000,Mar-Nov 2001; Dec 2007-Jun 2009; Feb-Apr 2020,https://www.nber.org/research/data/us-business-cycle-expansions-and-contractions,414400.0486040864,454403.822002678,570813.340416175,414122.94658506574,628997.8935408411,774846.7767943507,974884.5471579687,976637.6098308878,1348885.3976254116,1396467.5370263797
96,GOOGL + ING + ABT + HD,Not rebalanced,GOOGL,Technology,Alphabet Inc. Class A Common Stock,Profit Engine,5,ING,Finance,ING Group N.V. Common Stock,Profit Engine,3,ABT,Health Care,Abbott Laboratories Common Stock,Recession Defense,5,HD,Consumer Discretionary,Home Depot Inc. (The) Common Stock,Recession Defense,4,0.8482672294895188,39.23892117795624,-8.353879605838477,25.54763947055305,8.806470853576286,55.6204444294266,-23.13061670426999,32.59637664267858,18.2605464104463,39.44905976073174,2022,-23.13061670426999,2021,55.6204444294266,-6.936334019812762,12.884792872999048,3,4,"2001,2008,2009,2020",300000.0,0.0,0.0,1379541.8570098102,1379541.8570098102,1079541.8570098102,5,83,1000,Mar-Nov 2001; Dec 2007-Jun 2009; Feb-Apr 2020,https://www.nber.org/research/data/us-business-cycle-expansions-and-contractions,418347.1792821952,494739.66011181346,656006.863122568,504268.4300599817,784744.7719766358,853853.0915957219,1071992.401044768,982439.4464777509,1367938.0865023052,1379541.8570098102
97,GOOGL + ING + ABT + MCD,Not rebalanced,GOOGL,Technology,Alphabet Inc. Class A Common Stock,Profit Engine,5,ING,Finance,ING Group N.V. Common Stock,Profit Engine,3,ABT,Health Care,Abbott Laboratories Common Stock,Recession Defense,5,MCD,Consumer Discretionary,McDonald's Corporation Common Stock,Recession Defense,2,1.2922101361838356,39.28495023903207,-6.481204733113555,22.92845559879868,7.0143870784860285,50.186720436650134,-19.95074580941978,32.85690280799507,15.374792395565628,43.75492491530058,2022,-19.95074580941978,2021,50.186720436650134,-2.2043577321255174,6.196245576737242,3,4,"2001,2008,2009,2020",300000.0,0.0,0.0,1379436.1567300884,1379436.1567300884,1079436.1567300884,5,83,1000,Mar-Nov 2001; Dec 2007-Jun 2009; Feb-Apr 2020,https://www.nber.org/research/data/us-business-cycle-expansions-and-contractions,431264.77474590176,497570.83853828785,661057.2053577391,529171.3626619625,794745.1150719336,850491.6137304383,1045496.2057561282,977735.4561841394,1361838.3436154516,1379436.1567300884
98,GOOGL + HSBC + ABT + HD,Not rebalanced,GOOGL,Technology,Alphabet Inc. Class A Common Stock,Profit Engine,5,HSBC,Finance,HSBC Holdings plc. Common Stock,Profit Engine,4,ABT,Health Care,Abbott Laboratories Common Stock,Recession Defense,5,HD,Consumer Discretionary,Home Depot Inc. (The) Common Stock,Recession Defense,4,0.5631369237904194,39.14407675960987,-0.8230875636827673,20.83384688831773,4.997297845093862,39.809866157889196,-18.22890507015079,35.118235558804045,25.43522468462569,34.358612705183944,2022,-18.22890507015079,2021,39.809866157889196,-6.936334019812762,12.884792872999048,3,4,"2001,2008,2009,2020",300000.0,0.0,0.0,1375114.0516968186,1375114.0516968186,1075114.0516968186,5,83,1000,Mar-Nov 2001; Dec 2007-Jun 2009; Feb-Apr 2020,https://www.nber.org/research/data/us-business-cycle-expansions-and-contractions,403075.83811555186,505599.0831896806,683156.5602073863,558624.5993666743,781012.3046995921,820041.8157722626,990888.0720904364,982732.1955990441,1367413.6405857333,1375114.0516968186
99,GOOGL + HSBC + ABT + MCD,Not rebalanced,GOOGL,Technology,Alphabet Inc. Class A Common Stock,Profit Engine,5,HSBC,Finance,HSBC Holdings plc. Common Stock,Profit Engine,4,ABT,Health Care,Abbott Laboratories Common Stock,Recession Defense,5,MCD,Consumer Discretionary,McDonald's Corporation Common Stock,Recession Defense,2,1.005973254321857,39.1896358728989,1.4139820991502239,18.08682443284706,3.2449152594011155,35.55703963551458,-15.210450534915909,35.35915432235362,22.22074210199878,38.6644778597528,2022,-15.210450534915909,2017,39.1896358728989,-2.2043577321255174,6.196245576737242,3,4,"2001,2008,2009,2020",300000.0,0.0,0.0,1375008.3514170968,1375008.3514170968,1075008.3514170968,5,83,1000,Mar-Nov 2001; Dec 2007-Jun 2009; Feb-Apr 2020,https://www.nber.org/research/data/us-business-cycle-expansions-and-contractions,415993.4335792584,508430.261616155,688206.9024425574,583527.5319686552,791012.6477948899,816680.337906979,964391.8768017964,978028.2053054326,1361313.8976988797,1375008.3514170968
100,GOOGL + ING + HD + MNST,Not rebalanced,GOOGL,Technology,Alphabet Inc. Class A Common Stock,Profit Engine,5,ING,Finance,ING Group N.V. Common Stock,Profit Engine,3,HD,Consumer Discretionary,Home Depot Inc. (The) Common Stock,Recession Defense,4,MNST,Consumer Staples,Monster Beverage Corporation,Recession Defense,1,1.4444843264403318,37.404596069523755,-15.892860766301386,26.709388259401877,12.19129945012909,47.661643704936616,-18.642534278566313,34.14594071111796,14.156717509521254,47.70011521190114,2022,-18.642534278566313,2025,47.70011521190114,-17.840799080352365,12.50095288791023,3,4,"2001,2008,2009,2020",300000.0,0.0,0.0,1358553.480540667,1358553.480540667,1058553.480540667,5,83,1000,Mar-Nov 2001; Dec 2007-Jun 2009; Feb-Apr 2020,https://www.nber.org/research/data/us-business-cycle-expansions-and-contractions,443100.3456357034,505828.80985106225,678548.8153625596,552050.1198617888,815166.2810629902,914545.6434038603,1158815.1901100422,974646.3054071025,1339208.819051166,1358553.480540667
