Rank,Combo,Strategy,Stock 1,Sector 1,Name 1,Role 1,Stock 1 Top100 Uses,Stock 2,Sector 2,Name 2,Role 2,Stock 2 Top100 Uses,Stock 3,Sector 3,Name 3,Role 3,Stock 3 Top100 Uses,Stock 4,Sector 4,Name 4,Role 4,Stock 4 Top100 Uses,2016,2017,2018,2019,2020,2021,2022,2023,2024,2025,Worst Year,Worst Year %,Best Year,Best Year %,Defense Recession Worst %,Defense Recession Avg %,Defense Recession Positive Years,Defense Recession Observations,Recession Stress Years,Starting Value ($),Annual Withdrawal ($),Total Withdrawn ($),Remaining Balance ($),Net Value incl. Withdrawals ($),Net Profit incl. Withdrawals ($),Max Ticker Repeats,Distinct Tickers in Top 100,Candidate Partners per Profit Pair,NBER Recession Periods,NBER Source,2025 Balance After Withdrawal ($),2024 Balance After Withdrawal ($),2023 Balance After Withdrawal ($),2022 Balance After Withdrawal ($),2021 Balance After Withdrawal ($),2020 Balance After Withdrawal ($),2019 Balance After Withdrawal ($),2018 Balance After Withdrawal ($),2017 Balance After Withdrawal ($),2016 Balance After Withdrawal ($)
1,NVDA + TSLA + NEM + LLY,Rebalanced annually,NVDA,Technology,NVIDIA Corporation Common Stock,Profit Engine,5,TSLA,Industrials,Tesla Inc. Common Stock,Profit Engine,5,NEM,Basic Materials,Newmont Corporation,Recession Defense,5,LLY,Health Care,Eli Lilly and Company Common Stock,Recession Defense,5,73.93052922390626,39.10725390615493,2.5954780024561313,37.324893553503955,234.26425083534403,62.1799284149932,-25.452341031187476,98.22157315204144,64.8106011139987,65.8352986064384,2022,-25.452341031187476,2020,234.26425083534403,-18.575547991703292,5.433896830544876,2,4,"2001,2008,2009,2020",300000.0,0.0,0.0,22390223.346471753,22390223.346471753,22090223.346471753,5,81,1000,Mar-Nov 2001; Dec 2007-Jun 2009; Feb-Apr 2020,https://www.nber.org/research/data/us-business-cycle-expansions-and-contractions,497505.89581931516,819942.4574773974,1625302.8381532056,1211625.2169968826,1965012.9095835502,6568335.68103725,9019959.982221222,9254071.05939012,12873084.125241816,22390223.346471753
2,NVDA + TSLA + LLY + PGR,Rebalanced annually,NVDA,Technology,NVIDIA Corporation Common Stock,Profit Engine,5,TSLA,Industrials,Tesla Inc. Common Stock,Profit Engine,5,LLY,Health Care,Eli Lilly and Company Common Stock,Recession Defense,5,PGR,Finance,Progressive Corporation (The) Common Stock,Recession Defense,5,55.13135730610366,51.77772950979357,6.480947765299245,35.979518938361394,234.56391570820108,63.03872720010392,-13.558449229660074,106.20128003048677,79.61685317291314,21.87537064641775,2022,-13.558449229660074,2020,234.56391570820108,-21.698562716672036,9.415581670862137,3,4,"2001,2008,2009,2020",300000.0,0.0,0.0,21768129.949742075,21768129.949742075,21468129.949742075,5,81,1000,Mar-Nov 2001; Dec 2007-Jun 2009; Feb-Apr 2020,https://www.nber.org/research/data/us-business-cycle-expansions-and-contractions,365626.1119392533,656726.1166437597,1354177.6588139401,1170572.1684642527,1908485.964422774,6385105.373314258,8682435.570340192,9245139.6844097,14032063.103005936,21768129.949742075
3,NVDA + TSLA + LLY + BBVA,Rebalanced annually,NVDA,Technology,NVIDIA Corporation Common Stock,Profit Engine,5,TSLA,Industrials,Tesla Inc. Common Stock,Profit Engine,5,LLY,Health Care,Eli Lilly and Company Common Stock,Recession Defense,5,BBVA,Finance,Banco Bilbao Vizcaya Argentaria S.A. Common Stock,Recession Defense,5,51.07669524768788,44.15583305038815,-4.932709078084343,32.46268341011481,222.6162497775304,65.84310075497208,-17.73616903080919,116.03213483868329,70.31766464763355,61.1294947431747,2022,-17.73616903080919,2020,222.6162497775304,-33.40390083723178,-2.822462550705639,2,4,"2001,2008,2009,2020",300000.0,0.0,0.0,21469468.455407914,21469468.455407914,21169468.455407914,5,81,1000,Mar-Nov 2001; Dec 2007-Jun 2009; Feb-Apr 2020,https://www.nber.org/research/data/us-business-cycle-expansions-and-contractions,483388.4842295241,823295.97751532,1778583.8762673517,1463131.233617856,2426502.2059463267,7828290.417593087,10369563.552280685,9858063.14957961,14210973.05590982,21469468.455407914
4,NVDA + TSLA + LLY + SCCO,Rebalanced annually,NVDA,Technology,NVIDIA Corporation Common Stock,Profit Engine,5,TSLA,Industrials,Tesla Inc. Common Stock,Profit Engine,5,LLY,Health Care,Eli Lilly and Company Common Stock,Recession Defense,5,SCCO,Basic Materials,Southern Copper Corporation Common Stock,Recession Defense,5,57.18304443388177,49.07752524226914,-4.145107916425297,41.341753641960125,238.89027445785584,60.17331063844522,-19.197804929181,112.94145037798322,69.13059678890744,39.28214022396048,2022,-19.197804929181,2020,238.89027445785584,-35.88675339831567,12.721325338840497,2,4,"2001,2008,2009,2020",300000.0,0.0,0.0,20954346.489179224,20954346.489179224,20654346.489179224,5,81,1000,Mar-Nov 2001; Dec 2007-Jun 2009; Feb-Apr 2020,https://www.nber.org/research/data/us-business-cycle-expansions-and-contractions,417846.42067188147,706706.1449434418,1504870.3149528974,1215968.2474510884,1947656.5982546902,6600418.791321858,9329147.667367782,8942444.428872716,13331174.850728612,20954346.489179224
5,NVDA + TSLA + LLY + COP,Rebalanced annually,NVDA,Technology,NVIDIA Corporation Common Stock,Profit Engine,5,TSLA,Industrials,Tesla Inc. Common Stock,Profit Engine,5,LLY,Health Care,Eli Lilly and Company Common Stock,Recession Defense,5,COP,Energy,ConocoPhillips Common Stock,Recession Defense,5,53.93930673571445,39.367600471435324,8.039434537178991,31.353081584746008,215.1842052027728,81.97930268467414,-2.33726827351094,100.90759752172518,63.72680548086317,22.045474636171797,2022,-2.33726827351094,2020,215.1842052027728,-30.546735795272184,-9.422541207590678,0,4,"2001,2008,2009,2020",300000.0,0.0,0.0,20540372.32203118,20540372.32203118,20240372.32203118,5,81,1000,Mar-Nov 2001; Dec 2007-Jun 2009; Feb-Apr 2020,https://www.nber.org/research/data/us-business-cycle-expansions-and-contractions,366136.42390851537,599463.4705672835,1204367.6567370833,1176218.3535997404,2140473.9579299623,6746435.831873885,8861651.362303844,9574078.02248929,13343162.80720637,20540372.32203118
6,AMD + ANET + PGR + CAT,Rebalanced annually,AMD,Technology,Advanced Micro Devices Inc. Common Stock,Profit Engine,5,ANET,Telecommunications,Arista Networks Inc. Common Stock,Profit Engine,5,PGR,Finance,Progressive Corporation (The) Common Stock,Recession Defense,5,CAT,Industrials,Caterpillar Inc. Common Stock,Recession Defense,5,94.11180732385787,67.67910005412354,15.211904139314516,47.40324971764765,52.820933104873994,45.39682528994033,-6.291585100977681,67.6928947828628,36.430444754966544,38.2823737648327,2022,-6.291585100977681,2016,94.11180732385787,-29.449173011306247,15.409489513373135,3,4,"2001,2008,2009,2020",300000.0,0.0,0.0,10923597.779325647,10923597.779325647,10623597.779325647,5,81,1000,Mar-Nov 2001; Dec 2007-Jun 2009; Feb-Apr 2020,https://www.nber.org/research/data/us-business-cycle-expansions-and-contractions,414847.1212944981,565977.7726352593,949104.5107596357,889390.7927679754,1293145.9771056685,1976197.7486210228,2912979.702314377,3356099.3822281295,5627477.241042128,10923597.779325647
7,AMD + ANET + NFLX + CAT,Rebalanced annually,AMD,Technology,Advanced Micro Devices Inc. Common Stock,Profit Engine,5,ANET,Telecommunications,Arista Networks Inc. Common Stock,Profit Engine,5,NFLX,Consumer Discretionary,Netflix Inc. Common Stock,Recession Defense,5,CAT,Industrials,Caterpillar Inc. Common Stock,Recession Defense,5,92.44567155251434,66.04648887447154,22.7220026203579,46.34160801281262,59.22858946462222,45.54013674481655,-25.756432717524667,78.18123638241089,44.34915550404888,40.33583911321473,2022,-25.756432717524667,2016,92.44567155251434,-12.259756336156553,31.181135505149594,2,3,"2001,2008,2009,2020",300000.0,0.0,0.0,10691947.658506364,10691947.658506364,10391947.658506364,5,81,1000,Mar-Nov 2001; Dec 2007-Jun 2009; Feb-Apr 2020,https://www.nber.org/research/data/us-business-cycle-expansions-and-contractions,421007.51733964426,607720.7958883386,1082844.4278668694,803942.3313678742,1170058.7684222702,1863068.0728659113,2726443.7762052943,3345946.4024772462,5555826.520935161,10691947.658506364
8,AMD + ANET + NEM + PGR,Rebalanced annually,AMD,Technology,Advanced Micro Devices Inc. Common Stock,Profit Engine,5,ANET,Telecommunications,Arista Networks Inc. Common Stock,Profit Engine,5,NEM,Basic Materials,Newmont Corporation,Recession Defense,5,PGR,Finance,Progressive Corporation (The) Common Stock,Recession Defense,5,106.109570522604,51.64695898202064,18.064690342073195,50.15397576116647,56.15056991077095,43.2593872718409,-16.13343568450355,59.01545753393398,28.30774987059554,66.41075776596739,2022,-16.13343568450355,2016,106.109570522604,-18.97191202484121,17.580290484203484,3,4,"2001,2008,2009,2020",300000.0,0.0,0.0,10588614.378762735,10588614.378762735,10288614.378762735,5,81,1000,Mar-Nov 2001; Dec 2007-Jun 2009; Feb-Apr 2020,https://www.nber.org/research/data/us-business-cycle-expansions-and-contractions,499232.27329790214,640553.6964963602,1018579.3912342141,854247.5402538343,1223789.7919524154,1910954.7346435345,2869374.509063516,3387718.128880223,5137371.521329468,10588614.378762735
9,AMD + ANET + PGR + PH,Rebalanced annually,AMD,Technology,Advanced Micro Devices Inc. Common Stock,Profit Engine,5,ANET,Telecommunications,Arista Networks Inc. Common Stock,Profit Engine,5,PGR,Finance,Progressive Corporation (The) Common Stock,Recession Defense,5,PH,Industrials,Parker-Hannifin Corporation Common Stock,Recession Defense,5,95.4786758119565,60.14922733714608,13.602566629586576,52.71287496918232,54.775371295209645,45.98422426588974,-12.669193773384048,76.40852522597294,40.1603319160573,33.09176401687332,2022,-12.669193773384048,2016,95.4786758119565,-32.322749734911476,14.204937610026935,3,4,"2001,2008,2009,2020",300000.0,0.0,0.0,10579871.817849247,10579871.817849247,10279871.817849247,5,81,1000,Mar-Nov 2001; Dec 2007-Jun 2009; Feb-Apr 2020,https://www.nber.org/research/data/us-business-cycle-expansions-and-contractions,399275.29205061996,559625.5745969561,987227.2229338672,862153.4930767776,1258608.0888494053,1948015.342668209,2974870.2346293903,3379528.9404385914,5412289.485747645,10579871.817849247
10,AMD + ANET + NEM + CAT,Rebalanced annually,AMD,Technology,Advanced Micro Devices Inc. Common Stock,Profit Engine,5,ANET,Telecommunications,Arista Networks Inc. Common Stock,Profit Engine,5,NEM,Basic Materials,Newmont Corporation,Recession Defense,5,CAT,Industrials,Caterpillar Inc. Common Stock,Recession Defense,5,112.91097924166047,55.00862445048489,11.3264343764714,48.74862433279021,52.52126823201693,44.53802650482961,-18.185476902505084,59.71318790441746,21.6241926960521,82.24230172485335,2022,-18.185476902505084,2016,112.91097924166047,-26.326158286337503,11.427804673055874,3,4,"2001,2008,2009,2020",300000.0,0.0,0.0,10468375.790495457,10468375.790495457,10168375.790495457,5,81,1000,Mar-Nov 2001; Dec 2007-Jun 2009; Feb-Apr 2020,https://www.nber.org/research/data/us-business-cycle-expansions-and-contractions,546726.90517456,664952.1846706689,1062016.3321775945,868883.5973886064,1255867.204289661,1915464.587292566,2849227.2231794493,3171943.074849428,4916785.328676512,10468375.790495457
11,SHOP + PBR + NFLX + CAT,Rebalanced annually,SHOP,Technology,Shopify Inc. Class A Subordinate Voting Shares,Profit Engine,5,PBR,Energy,Petroleo Brasileiro S.A. Petrobras ADS,Profit Engine,5,NFLX,Consumer Discretionary,Netflix Inc. Common Stock,Recession Defense,5,CAT,Industrials,Caterpillar Inc. Common Stock,Recession Defense,5,62.905168804268214,66.86664489792862,21.66007596974056,62.82464122326978,62.47667105210811,17.368828884491545,-12.505731304043863,76.16808273624837,35.490233702625375,28.956783377392277,2022,-12.505731304043863,2023,76.16808273624837,-12.259756336156553,31.181135505149594,2,3,"2001,2008,2009,2020",300000.0,0.0,0.0,8296533.41428022,8296533.41428022,7996533.41428022,5,81,1000,Mar-Nov 2001; Dec 2007-Jun 2009; Feb-Apr 2020,https://www.nber.org/research/data/us-business-cycle-expansions-and-contractions,386870.3501321768,524171.54152025137,923422.9549452648,807942.161399948,948272.2528991674,1540721.189021395,2508673.748274983,3052054.3879842823,5092860.757689381,8296533.41428022
12,SHOP + PBR + NEM + CAT,Rebalanced annually,SHOP,Technology,Shopify Inc. Class A Subordinate Voting Shares,Profit Engine,5,PBR,Energy,Petroleo Brasileiro S.A. Petrobras ADS,Profit Engine,5,NEM,Basic Materials,Newmont Corporation,Recession Defense,5,CAT,Industrials,Caterpillar Inc. Common Stock,Recession Defense,5,83.37047649341434,55.828780473941976,10.26450772585406,65.23165754324737,55.769349819502814,16.3667186445046,-4.934775489024279,57.700034258254924,12.765270894628593,70.8632459890309,2022,-4.934775489024279,2016,83.37047649341434,-26.326158286337503,11.427804673055874,3,4,"2001,2008,2009,2020",300000.0,0.0,0.0,8177407.191975504,8177407.191975504,7877407.191975504,5,81,1000,Mar-Nov 2001; Dec 2007-Jun 2009; Feb-Apr 2020,https://www.nber.org/research/data/us-business-cycle-expansions-and-contractions,512589.7379670927,578023.206596659,911542.794823595,866560.2044126734,1008387.6749541396,1570758.9249360648,2595391.0076803523,2861795.1181798233,4459500.432322425,8177407.191975504
13,SHOP + PBR + NEM + PGR,Rebalanced annually,SHOP,Technology,Shopify Inc. Class A Subordinate Voting Shares,Profit Engine,5,PBR,Energy,Petroleo Brasileiro S.A. Petrobras ADS,Profit Engine,5,NEM,Basic Materials,Newmont Corporation,Recession Defense,5,PGR,Finance,Progressive Corporation (The) Common Stock,Recession Defense,5,76.56906777435788,52.46711500547773,17.002763691455854,66.63700897162363,59.39865149825683,15.088079411515892,-2.8827342710227457,57.00230388777145,19.448828069172034,55.031702030144935,2022,-2.8827342710227457,2016,76.56906777435788,-18.97191202484121,17.580290484203484,3,4,"2001,2008,2009,2020",300000.0,0.0,0.0,8156418.65292968,8156418.65292968,7856418.65292968,5,81,1000,Mar-Nov 2001; Dec 2007-Jun 2009; Feb-Apr 2020,https://www.nber.org/research/data/us-business-cycle-expansions-and-contractions,465095.1060904348,555550.6536320967,872227.325465965,847083.3294335324,974891.9348601765,1553964.5977323856,2589480.1261391705,3029763.312823827,4619392.714556876,8156418.65292968
14,SHOP + PBR + NFLX + PH,Rebalanced annually,SHOP,Technology,Shopify Inc. Class A Subordinate Voting Shares,Profit Engine,5,PBR,Energy,Petroleo Brasileiro S.A. Petrobras ADS,Profit Engine,5,NFLX,Consumer Discretionary,Netflix Inc. Common Stock,Recession Defense,5,PH,Industrials,Parker-Hannifin Corporation Common Stock,Recession Defense,5,64.27203729236685,59.336772180951165,20.05073846001262,68.13426647480446,64.43110924244375,17.95622786044096,-18.88333997645023,84.88371317935851,39.22012086371613,23.7661736294329,2022,-18.88333997645023,2023,84.88371317935851,-15.133333059761782,30.8861121337245,2,3,"2001,2008,2009,2020",300000.0,0.0,0.0,7944005.400452162,7944005.400452162,7644005.400452162,5,81,1000,Mar-Nov 2001; Dec 2007-Jun 2009; Feb-Apr 2020,https://www.nber.org/research/data/us-business-cycle-expansions-and-contractions,371298.5208882987,516922.2495458797,955705.049210692,775236.0155961361,914439.1610127819,1503622.4558006136,2528104.5866108024,3035008.2252677176,4835884.141567953,7944005.400452162
15,SHOP + PBR + NFLX + BBVA,Rebalanced annually,SHOP,Technology,Shopify Inc. Class A Subordinate Voting Shares,Profit Engine,5,PBR,Energy,Petroleo Brasileiro S.A. Petrobras ADS,Profit Engine,5,NFLX,Consumer Discretionary,Netflix Inc. Common Stock,Recession Defense,5,BBVA,Finance,Banco Bilbao Vizcaya Argentaria S.A. Common Stock,Recession Defense,5,52.04909802679596,55.88308297005895,16.984675091958767,60.71315712339946,54.158306800191454,18.894563206370997,-14.631409887191445,85.3012071739614,32.87460235188922,52.379363515263265,2022,-14.631409887191445,2023,85.3012071739614,-16.61084819522,27.53399473434065,2,3,"2001,2008,2009,2020",300000.0,0.0,0.0,7847980.462018827,7847980.462018827,7547980.462018827,5,81,1000,Mar-Nov 2001; Dec 2007-Jun 2009; Feb-Apr 2020,https://www.nber.org/research/data/us-business-cycle-expansions-and-contractions,457138.0905457898,607420.4200117375,1125557.3709028962,960872.4584505977,1142425.1124451568,1761143.209805637,2830388.853943014,3311121.20462425,5161477.814643635,7847980.462018827
16,LRCX + FCX + NFLX + PH,Rebalanced annually,LRCX,Technology,Lam Research Corporation Common Stock,Profit Engine,5,FCX,Basic Materials,Freeport-McMoRan Inc. Common Stock,Profit Engine,5,NFLX,Consumer Discretionary,Netflix Inc. Common Stock,Recession Defense,5,PH,Industrials,Parker-Hannifin Corporation Common Stock,Recession Defense,5,46.454472844265155,54.9807150152017,-13.516789994906933,52.64047776588478,66.2841617003309,36.19708321399062,-26.507683075842476,57.05938293581073,26.597086649377374,54.82712751152069,2022,-26.507683075842476,2020,66.2841617003309,-15.133333059761782,30.8861121337245,2,3,"2001,2008,2009,2020",300000.0,0.0,0.0,4605728.768111691,4605728.768111691,4305728.768111691,5,81,1000,Mar-Nov 2001; Dec 2007-Jun 2009; Feb-Apr 2020,https://www.nber.org/research/data/us-business-cycle-expansions-and-contractions,464481.382534562,588019.8983175055,923540.4238372558,678731.2552091837,924412.1724566149,1537151.0316252995,2346314.678656084,2029168.2509224657,3144819.4641410992,4605728.768111691
17,ISRG + FCX + PH + LRCX,Rebalanced annually,ISRG,Health Care,Intuitive Surgical Inc. Common Stock,Profit Engine,5,FCX,Basic Materials,Freeport-McMoRan Inc. Common Stock,Profit Engine,5,PH,Industrials,Parker-Hannifin Corporation Common Stock,Recession Defense,5,LRCX,Technology,Lam Research Corporation Common Stock,Recession Defense,5,48.42412685103251,59.37614470291993,-15.567484776680892,53.276864631730575,59.10353655516853,41.283121572410664,-20.281602171093184,47.56601000411632,19.509912304306745,55.655651159240065,2022,-20.281602171093184,2017,59.37614470291993,-46.66274962728096,23.1490694538332,3,4,"2001,2008,2009,2020",300000.0,0.0,0.0,4517719.279458347,4517719.279458347,4217719.279458347,5,81,1000,Mar-Nov 2001; Dec 2007-Jun 2009; Feb-Apr 2020,https://www.nber.org/research/data/us-business-cycle-expansions-and-contractions,466966.95347772015,558071.7965913162,823524.2831880935,656500.3642895375,927524.2078025063,1475723.817019098,2261943.1973505705,1909815.5344458513,3043790.3697372633,4517719.279458347
18,AVGO + FCX + PH + AMZN,Rebalanced annually,AVGO,Technology,Broadcom Inc. Common Stock,Profit Engine,5,FCX,Basic Materials,Freeport-McMoRan Inc. Common Stock,Profit Engine,5,PH,Industrials,Parker-Hannifin Corporation Common Stock,Recession Defense,5,AMZN,Consumer Discretionary,Amazon.com Inc. Common Stock,Recession Defense,5,44.24865418563425,48.20047726843082,-9.262004684279201,30.604854306960725,63.74465110767588,34.64373336609076,-19.285015988240225,64.89061058791651,46.262711617334894,32.69894265367136,2022,-19.285015988240225,2023,64.89061058791651,-43.59825799025428,23.856540144459004,2,4,"2001,2008,2009,2020",300000.0,0.0,0.0,4328481.521601163,4328481.521601163,4028481.521601163,5,81,1000,Mar-Nov 2001; Dec 2007-Jun 2009; Feb-Apr 2020,https://www.nber.org/research/data/us-business-cycle-expansions-and-contractions,398096.8279610141,582267.215438376,960103.9667895974,774947.7632904949,1043418.6001313382,1708542.1463776554,2231438.9810495563,2024762.9980979143,3000708.426735698,4328481.521601163
19,ISRG + FCX + AMZN + LRCX,Rebalanced annually,ISRG,Health Care,Intuitive Surgical Inc. Common Stock,Profit Engine,5,FCX,Basic Materials,Freeport-McMoRan Inc. Common Stock,Profit Engine,5,AMZN,Consumer Discretionary,Amazon.com Inc. Common Stock,Recession Defense,5,LRCX,Technology,Lam Research Corporation Common Stock,Recession Defense,5,39.26717970014647,62.13669838129931,-2.4606977026271926,48.84577863798937,69.47162760544647,37.301502863493,-30.957507315097786,52.58342314039959,20.713496938176913,47.07258400073931,2022,-30.957507315097786,2020,69.47162760544647,-47.71043489752224,40.15770970275908,3,4,"2001,2008,2009,2020",300000.0,0.0,0.0,4280073.130151806,4280073.130151806,3980073.1301518064,5,81,1000,Mar-Nov 2001; Dec 2007-Jun 2009; Feb-Apr 2020,https://www.nber.org/research/data/us-business-cycle-expansions-and-contractions,441217.7520022179,532609.3775538902,812673.6202385008,561090.1248052969,770385.1737763212,1305584.2928297787,1943307.106437771,1895488.193114666,3073281.9745234665,4280073.130151806
20,ISRG + FCX + WMT + LRCX,Rebalanced annually,ISRG,Health Care,Intuitive Surgical Inc. Common Stock,Profit Engine,5,FCX,Basic Materials,Freeport-McMoRan Inc. Common Stock,Profit Engine,5,WMT,Consumer Discretionary,Walmart Inc. Common Stock,Recession Defense,5,LRCX,Technology,Lam Research Corporation Common Stock,Recession Defense,5,40.53857459107414,59.78780471079146,-10.426608180320589,50.6295744357307,56.23822109532264,37.200014637815755,-18.669668566071984,35.58354566400504,28.113443373335645,51.892525643317484,2022,-18.669668566071984,2017,59.78780471079146,-15.385081205046243,25.936645395251908,3,4,"2001,2008,2009,2020",300000.0,0.0,0.0,4181015.504281845,4181015.504281845,3881015.504281845,5,81,1000,Mar-Nov 2001; Dec 2007-Jun 2009; Feb-Apr 2020,https://www.nber.org/research/data/us-business-cycle-expansions-and-contractions,455677.5769299525,583784.2344851427,791515.3641424257,643742.069007497,883214.2129080639,1379918.1747086146,2078564.874124889,1861841.0589261132,2974994.9552621893,4181015.504281845
21,ISRG + DE + SCCO + LRCX,Rebalanced annually,ISRG,Health Care,Intuitive Surgical Inc. Common Stock,Profit Engine,5,DE,Industrials,Deere & Company Common Stock,Profit Engine,5,SCCO,Basic Materials,Southern Copper Corporation Common Stock,Recession Defense,5,LRCX,Technology,Lam Research Corporation Common Stock,Recession Defense,5,28.334807402523108,63.61522067936515,-7.293355520485233,51.91172596759734,54.82945451353923,28.413934417942713,-9.008608297190943,40.10131437505734,16.21937428494452,56.41511649702652,2022,-9.008608297190943,2017,63.61522067936515,-50.62311732382307,33.811850836305375,3,4,"2001,2008,2009,2020",300000.0,0.0,0.0,4087493.6326228627,4087493.6326228627,3787493.6326228627,5,81,1000,Mar-Nov 2001; Dec 2007-Jun 2009; Feb-Apr 2020,https://www.nber.org/research/data/us-business-cycle-expansions-and-contractions,469245.34949107957,545354.0090397338,764048.1346617361,695218.0310080663,892756.8264004108,1382250.5244481405,2099800.628885336,1946654.703799344,3185023.3894865387,4087493.6326228627
22,MU + ISRG + AMZN + SCCO,Rebalanced annually,MU,Technology,Micron Technology Inc. Common Stock,Profit Engine,5,ISRG,Health Care,Intuitive Surgical Inc. Common Stock,Profit Engine,5,AMZN,Consumer Discretionary,Amazon.com Inc. Common Stock,Recession Defense,5,SCCO,Basic Materials,Southern Copper Corporation Common Stock,Recession Defense,5,26.242290947371917,66.74299958575762,0.9298303514454904,40.63455351449587,53.30691993524802,14.429710395717843,-29.360857825817668,57.517103541324666,26.89948160424896,80.14028254889544,2022,-29.360857825817668,2025,80.14028254889544,-47.55862568679639,34.51932152693117,2,4,"2001,2008,2009,2020",300000.0,0.0,0.0,3999720.946803147,3999720.946803147,3699720.946803147,5,81,1000,Mar-Nov 2001; Dec 2007-Jun 2009; Feb-Apr 2020,https://www.nber.org/research/data/us-business-cycle-expansions-and-contractions,540420.8476466864,685791.2541449331,1080238.5198688232,763071.223870421,873180.1915879824,1338645.6572082334,1882598.343155988,1900103.3139464625,3168289.260902717,3999720.946803147
23,AVGO + DE + AMZN + SCCO,Rebalanced annually,AVGO,Technology,Broadcom Inc. Common Stock,Profit Engine,5,DE,Industrials,Deere & Company Common Stock,Profit Engine,5,AMZN,Consumer Discretionary,Amazon.com Inc. Common Stock,Recession Defense,5,SCCO,Basic Materials,Southern Copper Corporation Common Stock,Recession Defense,5,24.159334737124833,52.43955324487604,-0.9878754280835418,29.2397156428275,59.470569066046586,21.774546211622802,-8.012022114337988,57.42591495885754,42.97217359797267,33.45840799145781,2022,-8.012022114337988,2020,59.470569066046586,-47.55862568679639,34.51932152693117,2,4,"2001,2008,2009,2020",300000.0,0.0,0.0,3898741.977344462,3898741.977344462,3598741.977344462,5,81,1000,Mar-Nov 2001; Dec 2007-Jun 2009; Feb-Apr 2020,https://www.nber.org/research/data/us-business-cycle-expansions-and-contractions,400375.2239743734,572425.1602639131,901145.5460001718,828945.5655722662,1009444.7008169973,1609767.2087999173,2080458.5631644942,2059906.2242275323,3140111.8454758446,3898741.977344462
24,MU + DE + AMZN + SCCO,Rebalanced annually,MU,Technology,Micron Technology Inc. Common Stock,Profit Engine,5,DE,Industrials,Deere & Company Common Stock,Profit Engine,5,AMZN,Consumer Discretionary,Amazon.com Inc. Common Stock,Recession Defense,5,SCCO,Basic Materials,Southern Copper Corporation Common Stock,Recession Defense,5,31.948500822568317,62.29083455550429,-7.602263919163362,39.349936115229774,58.19849847272302,13.705371073703029,-16.17704678649002,49.36265618356976,15.108580767796255,80.85999644085912,2022,-16.17704678649002,2025,80.85999644085912,-47.55862568679639,34.51932152693117,2,4,"2001,2008,2009,2020",300000.0,0.0,0.0,3878165.6275802497,3878165.6275802497,3578165.6275802497,5,81,1000,Mar-Nov 2001; Dec 2007-Jun 2009; Feb-Apr 2020,https://www.nber.org/research/data/us-business-cycle-expansions-and-contractions,542579.9893225774,624556.1252392792,932853.61801457,781945.4517788881,889113.9775391283,1406564.962178005,1960047.3762142556,1811039.401733811,2939150.9592028144,3878165.6275802497
25,MU + DE + COST + TMUS,Rebalanced annually,MU,Technology,Micron Technology Inc. Common Stock,Profit Engine,5,DE,Industrials,Deere & Company Common Stock,Profit Engine,5,COST,Consumer Discretionary,Costco Wholesale Corporation Common Stock,Recession Defense,5,TMUS,Telecommunications,T-Mobile US Inc. Common Stock,Recession Defense,5,35.25711102213588,43.80644604947733,-3.7436552403767314,39.1927943144742,50.59360570725367,22.723774343969545,-4.420472796551456,32.61909275277569,21.479980057649236,59.91266847960434,2022,-4.420472796551456,2025,59.91266847960434,-23.81943428323583,3.7810686934578186,1,3,"2001,2008,2009,2020",300000.0,0.0,0.0,3557947.886310928,3557947.886310928,3257947.886310928,5,81,1000,Mar-Nov 2001; Dec 2007-Jun 2009; Feb-Apr 2020,https://www.nber.org/research/data/us-business-cycle-expansions-and-contractions,479738.00543881307,582785.6333360344,772885.0196237667,738719.8475826767,906584.8787814799,1365258.8577537655,1900341.9537333387,1829199.702597323,2630507.083452819,3557947.886310928
26,AVGO + DE + COST + BBVA,Rebalanced annually,AVGO,Technology,Broadcom Inc. Common Stock,Profit Engine,5,DE,Industrials,Deere & Company Common Stock,Profit Engine,5,COST,Consumer Discretionary,Costco Wholesale Corporation Common Stock,Recession Defense,5,BBVA,Finance,Banco Bilbao Vizcaya Argentaria S.A. Common Stock,Recession Defense,5,15.386045638309286,39.12177294729853,-6.2335652797362835,26.0288689643357,32.29912262878077,39.805428190447024,1.090968428379973,52.547335304959034,42.966768971432856,52.65460848721851,2018,-6.2335652797362835,2025,52.65460848721851,-34.747041016637404,2.808108722201837,2,4,"2001,2008,2009,2020",300000.0,0.0,0.0,3542665.0524864597,3542665.0524864597,3242665.0524864597,5,81,1000,Mar-Nov 2001; Dec 2007-Jun 2009; Feb-Apr 2020,https://www.nber.org/research/data/us-business-cycle-expansions-and-contractions,457963.8254616555,654736.0843205011,998782.4499109541,1009678.8511076826,1411585.8411394816,1867515.6829796291,2353608.8929908155,2206895.1462165546,3070271.654504347,3542665.0524864597
27,AVGO + BBVA + MA + DHR,Rebalanced annually,AVGO,Technology,Broadcom Inc. Common Stock,Profit Engine,5,BBVA,Finance,Banco Bilbao Vizcaya Argentaria S.A. Common Stock,Profit Engine,5,MA,Consumer Discretionary,Mastercard Incorporated Common Stock,Recession Defense,5,DHR,Industrials,Danaher Corporation Common Stock,Recession Defense,5,25.5768059038961,36.74603005854026,1.1199215368451152,37.20778044549392,26.023840622951298,32.06702811290776,-6.213228195500841,47.20752382594995,37.12940085235202,53.504415443685225,2022,-6.213228195500841,2025,53.504415443685225,-34.3777447699963,18.266440306550958,2,3,"2001,2008,2009,2020",300000.0,0.0,0.0,3457252.015498238,3457252.015498238,3157252.015498238,5,81,1000,Mar-Nov 2001; Dec 2007-Jun 2009; Feb-Apr 2020,https://www.nber.org/research/data/us-business-cycle-expansions-and-contractions,460513.2463310557,631499.0555394926,929614.1226439475,871855.0758664759,1151433.088148392,1451080.199888056,1990994.934750438,2013292.5158222036,2753097.5888525723,3457252.015498238
28,MU + MPC + COST + DHR,Rebalanced annually,MU,Technology,Micron Technology Inc. Common Stock,Profit Engine,5,MPC,Energy,Marathon Petroleum Corporation Common Stock,Profit Engine,5,COST,Consumer Discretionary,Costco Wholesale Corporation Common Stock,Recession Defense,5,DHR,Industrials,Danaher Corporation Common Stock,Recession Defense,5,32.219371185226194,41.189224780837684,-2.1662734943447934,42.6992463715448,22.602418257972282,46.39913005891656,0.6556095508062665,37.538979383676484,8.564793829865579,63.591484410738445,2018,-2.1662734943447934,2025,63.591484410738445,-29.678177383911546,8.190662001427125,2,4,"2001,2008,2009,2020",300000.0,0.0,0.0,3450477.4192205695,3450477.4192205695,3150477.4192205695,5,81,1000,Mar-Nov 2001; Dec 2007-Jun 2009; Feb-Apr 2020,https://www.nber.org/research/data/us-business-cycle-expansions-and-contractions,490774.45323221537,532808.2733212046,732819.0611977743,737623.4929531156,1079874.376793555,1323952.1000971058,1889269.6691588105,1848342.9210791276,2609661.041563111,3450477.4192205695
29,MU + MS + COST + TMUS,Rebalanced annually,MU,Technology,Micron Technology Inc. Common Stock,Profit Engine,5,MS,Finance,Morgan Stanley Common Stock,Profit Engine,5,COST,Consumer Discretionary,Costco Wholesale Corporation Common Stock,Recession Defense,5,TMUS,Telecommunications,T-Mobile US Inc. Common Stock,Recession Defense,5,34.54063033665611,36.75077424420189,-8.709560085931647,42.78743076941485,45.62631339042677,27.172405726173412,-13.651885991925608,37.47144506411438,29.523923919899662,68.35752721735236,2022,-13.651885991925608,2025,68.35752721735236,-23.81943428323583,3.7810686934578186,1,3,"2001,2008,2009,2020",300000.0,0.0,0.0,3449057.330538733,3449057.330538733,3149057.330538733,5,81,1000,Mar-Nov 2001; Dec 2007-Jun 2009; Feb-Apr 2020,https://www.nber.org/research/data/us-business-cycle-expansions-and-contractions,505072.58165205707,654189.8263992835,899324.2078135161,776549.4922650268,987556.6709678195,1438142.3725716628,2053486.5446013832,1874636.9001428043,2563580.475212791,3449057.330538733
30,AVGO + DHR + COST + BBVA,Rebalanced annually,AVGO,Technology,Broadcom Inc. Common Stock,Profit Engine,5,DHR,Industrials,Danaher Corporation Common Stock,Profit Engine,5,COST,Consumer Discretionary,Costco Wholesale Corporation Common Stock,Recession Defense,5,BBVA,Finance,Banco Bilbao Vizcaya Argentaria S.A. Common Stock,Recession Defense,5,23.91947989184347,30.417640699639183,-2.558468751412776,33.843439038172946,29.143846377698562,44.73217623815826,-10.311050768398385,53.607531717206314,40.99147646563964,49.89630140540717,2022,-10.311050768398385,2023,53.607531717206314,-34.747041016637404,2.808108722201837,2,4,"2001,2008,2009,2020",300000.0,0.0,0.0,3441219.655934415,3441219.655934415,3141219.655934415,5,81,1000,Mar-Nov 2001; Dec 2007-Jun 2009; Feb-Apr 2020,https://www.nber.org/research/data/us-business-cycle-expansions-and-contractions,449688.90421622153,634023.0255566068,973907.1200762559,873487.0624881465,1264216.8346978556,1632658.2468832019,2185205.9453688217,2129298.134102546,2776980.38995798,3441219.655934415
31,KLAC + MS + WMT + DHR,Rebalanced annually,KLAC,Technology,KLA Corporation Common Stock,Profit Engine,5,MS,Finance,Morgan Stanley Common Stock,Profit Engine,5,WMT,Consumer Discretionary,Walmart Inc. Common Stock,Recession Defense,5,DHR,Industrials,Danaher Corporation Common Stock,Recession Defense,5,35.53091894691305,32.49640008154199,-6.7190942788728965,54.09460575901258,38.67236395896874,41.309445180250684,-10.255441763136746,20.405247976948694,30.684961763525582,41.12192970159193,2022,-10.255441763136746,2019,54.09460575901258,-7.681555800510649,10.137022609103154,2,4,"2001,2008,2009,2020",300000.0,0.0,0.0,3023978.3610478854,3023978.3610478854,2723978.3610478854,5,81,1000,Mar-Nov 2001; Dec 2007-Jun 2009; Feb-Apr 2020,https://www.nber.org/research/data/us-business-cycle-expansions-and-contractions,423365.7891047758,553275.4196114246,666172.6409786391,597853.6937411247,844823.7376152184,1171537.0482375387,1805275.3958024085,1683977.2399651487,2231209.221146332,3023978.3610478854
32,KLAC + MS + WMT + TMUS,Rebalanced annually,KLAC,Technology,KLA Corporation Common Stock,Profit Engine,5,MS,Finance,Morgan Stanley Common Stock,Profit Engine,5,WMT,Consumer Discretionary,Walmart Inc. Common Stock,Recession Defense,5,TMUS,Telecommunications,T-Mobile US Inc. Common Stock,Recession Defense,5,29.014993822725952,30.101374183533572,-9.630858548801193,47.526777272920306,45.327918199115885,25.669581487568443,-0.32260324781685146,24.470401285903577,40.69723409287299,39.38912953507967,2018,-9.630858548801193,2019,47.526777272920306,-25.60140378144881,6.738783849546934,1,3,"2001,2008,2009,2020",300000.0,0.0,0.0,2983257.9039743175,2983257.9039743175,2683257.9039743175,5,81,1000,Mar-Nov 2001; Dec 2007-Jun 2009; Feb-Apr 2020,https://www.nber.org/research/data/us-business-cycle-expansions-and-contractions,418167.388605239,588349.949645967,732321.5432897466,729959.0502066314,917336.4834253032,1333146.0142429709,1966747.351155042,1777332.6957530056,2312334.260987902,2983257.9039743175
33,KLAC + MS + MA + DHR,Rebalanced annually,KLAC,Technology,KLA Corporation Common Stock,Profit Engine,5,MS,Finance,Morgan Stanley Common Stock,Profit Engine,5,MA,Consumer Discretionary,Mastercard Incorporated Common Stock,Recession Defense,5,DHR,Industrials,Danaher Corporation Common Stock,Recession Defense,5,33.24991015541635,32.7775950052544,0.4671177970846929,61.34337492194573,37.88834295740491,41.10687714297479,-10.80410329491885,23.035853447488304,18.230467229813314,37.25894807383829,2022,-10.80410329491885,2019,61.34337492194573,-34.3777447699963,18.266440306550958,2,3,"2001,2008,2009,2020",300000.0,0.0,0.0,2981332.574955634,2981332.574955634,2681332.574955634,5,81,1000,Mar-Nov 2001; Dec 2007-Jun 2009; Feb-Apr 2020,https://www.nber.org/research/data/us-business-cycle-expansions-and-contractions,411776.8442215149,486845.6868672776,598994.7458094415,534278.7347410528,753904.0378320976,1039545.7852556464,1677238.2537903024,1685072.9321732696,2237399.3134241886,2981332.574955634
34,STX + MS + MA + TMUS,Rebalanced annually,STX,Technology,Seagate Technology Holdings PLC Ordinary Shares (Ireland),Profit Engine,5,MS,Finance,Morgan Stanley Common Stock,Profit Engine,5,MA,Consumer Discretionary,Mastercard Incorporated Common Stock,Recession Defense,5,TMUS,Telecommunications,T-Mobile US Inc. Common Stock,Recession Defense,5,25.849409262602435,25.348734968879672,-0.04735741584507713,44.31384714051589,35.09315960572698,30.330982224579753,-10.925395822309861,30.368524983764008,26.917350444576655,68.22140121149434,2022,-10.925395822309861,2025,68.22140121149434,-28.51900166932058,11.03535206782042,2,3,"2001,2008,2009,2020",300000.0,0.0,0.0,2979919.9665046358,2979919.9665046358,2679919.9665046358,5,81,1000,Mar-Nov 2001; Dec 2007-Jun 2009; Feb-Apr 2020,https://www.nber.org/research/data/us-business-cycle-expansions-and-contractions,504664.203634483,640506.4358951087,835018.7929025312,743789.6845872558,969388.4016076742,1309577.420583261,1889901.5569272381,1889006.5483878616,2367845.8118834826,2979919.9665046358
35,KLAC + GLW + MA + TMUS,Rebalanced annually,KLAC,Technology,KLA Corporation Common Stock,Profit Engine,5,GLW,Industrials,Corning Incorporated Common Stock,Profit Engine,5,MA,Consumer Discretionary,Mastercard Incorporated Common Stock,Recession Defense,5,TMUS,Telecommunications,T-Mobile US Inc. Common Stock,Recession Defense,5,26.77378323869752,32.389132845857375,2.4242267901940586,46.35104155440311,41.91542735099979,15.284023136442782,-1.177550459699619,23.31076213366351,33.47090342648558,46.17526020946234,2022,-1.177550459699619,2019,46.35104155440311,-28.51900166932058,11.03535206782042,2,3,"2001,2008,2009,2020",300000.0,0.0,0.0,2935738.4466894343,2935738.4466894343,2635738.4466894343,5,81,1000,Mar-Nov 2001; Dec 2007-Jun 2009; Feb-Apr 2020,https://www.nber.org/research/data/us-business-cycle-expansions-and-contractions,438525.780628387,585304.3211627564,721743.2192270604,713244.3286312014,822256.7568385603,1166909.1903899142,1707783.7541296922,1749184.305415886,2315729.933815925,2935738.4466894343
36,KLAC + GLW + JPM + MA,Rebalanced annually,KLAC,Technology,KLA Corporation Common Stock,Profit Engine,5,GLW,Industrials,Corning Incorporated Common Stock,Profit Engine,5,JPM,Finance,JP Morgan Chase & Co. Common Stock,Recession Defense,5,MA,Consumer Discretionary,Mastercard Incorporated Common Stock,Recession Defense,5,23.655567269479697,36.47058030823786,0.7289087090170838,52.34469153291394,22.542055825959046,25.71880465313906,-9.515474262867397,27.21209931260705,34.61710336521522,57.136632061155154,2022,-9.515474262867397,2025,57.136632061155154,-29.264863360074408,11.702619649877017,2,3,"2001,2008,2009,2020",300000.0,0.0,0.0,2914212.6751642544,2914212.6751642544,2614212.6751642544,5,81,1000,Mar-Nov 2001; Dec 2007-Jun 2009; Feb-Apr 2020,https://www.nber.org/research/data/us-business-cycle-expansions-and-contractions,471409.8961834655,634598.3472191495,807285.8797005872,730468.7995899152,918336.6432085753,1125348.6019908907,1714408.8563729818,1726905.3318352445,2356717.727729459,2914212.6751642544
37,GLW + MPC + WMT + AMAT,Rebalanced annually,GLW,Industrials,Corning Incorporated Common Stock,Profit Engine,5,MPC,Energy,Marathon Petroleum Corporation Common Stock,Profit Engine,5,WMT,Consumer Discretionary,Walmart Inc. Common Stock,Recession Defense,5,AMAT,Technology,Applied Materials Inc. Common Stock,Recession Defense,5,32.17260943929198,43.958959422090714,-12.46782077834381,31.261031893932575,16.700504666043457,38.13262677074173,9.263197793599131,27.520743426883712,32.92724894172594,47.75579748424474,2018,-12.46782077834381,2025,47.75579748424474,-11.051991763624232,12.039355746125137,3,4,"2001,2008,2009,2020",300000.0,0.0,0.0,2893258.696017394,2893258.696017394,2593258.696017394,5,81,1000,Mar-Nov 2001; Dec 2007-Jun 2009; Feb-Apr 2020,https://www.nber.org/research/data/us-business-cycle-expansions-and-contractions,443267.39245273423,589223.1502431433,751381.7416333603,820983.7185458484,1134046.3757874933,1323437.8436909805,1737158.1701035914,1520572.4028187187,2189000.208357309,2893258.696017394
38,GLW + MPC + TSM + SPGI,Rebalanced annually,GLW,Industrials,Corning Incorporated Common Stock,Profit Engine,5,MPC,Energy,Marathon Petroleum Corporation Common Stock,Profit Engine,5,TSM,Technology,Taiwan Semiconductor Manufacturing Company Ltd.,Recession Defense,5,SPGI,Finance,S&P Global Inc. Common Stock,Recession Defense,5,19.655962821280347,42.78435074423246,-3.4123657006363355,33.033677585240646,28.56357632136125,30.92540638534568,2.48149866290008,26.08828659378426,40.77633750137675,42.14681615078796,2018,-3.4123657006363355,2017,42.78435074423246,-30.9997118498011,24.882778614343202,3,4,"2001,2008,2009,2020",300000.0,0.0,0.0,2866475.425580565,2866475.425580565,2566475.425580565,5,81,1000,Mar-Nov 2001; Dec 2007-Jun 2009; Feb-Apr 2020,https://www.nber.org/research/data/us-business-cycle-expansions-and-contractions,426440.4484523639,600327.2449556843,756942.3371202925,775725.8510948572,1015622.2229821234,1305720.2517803279,1737047.6699186338,1677773.2510266276,2395597.643438772,2866475.425580565
39,GLW + MPC + TSM + JPM,Rebalanced annually,GLW,Industrials,Corning Incorporated Common Stock,Profit Engine,5,MPC,Energy,Marathon Petroleum Corporation Common Stock,Profit Engine,5,TSM,Technology,Taiwan Semiconductor Manufacturing Company Ltd.,Recession Defense,5,JPM,Finance,JP Morgan Chase & Co. Common Stock,Recession Defense,5,25.652546722222464,34.644772686007485,-5.411738761235202,29.281255358399918,21.83079470049328,26.69082133394396,6.417390956802565,25.54622259532572,48.364543922329766,50.036565196639295,2018,-5.411738761235202,2025,50.036565196639295,-20.78691693565772,19.31875896992748,3,4,"2001,2008,2009,2020",300000.0,0.0,0.0,2849053.3093098537,2849053.3093098537,2549053.3093098537,5,81,1000,Mar-Nov 2001; Dec 2007-Jun 2009; Feb-Apr 2020,https://www.nber.org/research/data/us-business-cycle-expansions-and-contractions,450109.6955899178,667803.1970121685,838401.6882195985,892205.202341083,1130342.0988300946,1377104.7618389393,1780338.3237056842,1683991.0645605787,2267405.9409302687,2849053.3093098537
40,STX + MPC + WMT + SPGI,Rebalanced annually,STX,Technology,Seagate Technology Holdings PLC Ordinary Shares (Ireland),Profit Engine,5,MPC,Energy,Marathon Petroleum Corporation Common Stock,Profit Engine,5,WMT,Consumer Discretionary,Walmart Inc. Common Stock,Recession Defense,5,SPGI,Finance,S&P Global Inc. Common Stock,Recession Defense,5,10.178433908322187,39.3319902044001,-3.297992190722215,40.15513729897198,6.868249810810693,48.789777470014556,1.58978367045375,36.31400831914347,21.982980735378877,68.65716267196328,2018,-3.297992190722215,2025,68.65716267196328,-12.781469304732132,10.069725745778271,3,4,"2001,2008,2009,2020",300000.0,0.0,0.0,2827675.371882473,2827675.371882473,2527675.371882473,5,81,1000,Mar-Nov 2001; Dec 2007-Jun 2009; Feb-Apr 2020,https://www.nber.org/research/data/us-business-cycle-expansions-and-contractions,505971.4880158899,617199.1027529328,841328.8362723116,854704.1447261873,1271712.3949650854,1359056.779126331,1904787.8947554955,1841968.138736637,2566450.866632702,2827675.371882473
41,RIO + ABBV + TSM + JPM,Rebalanced annually,RIO,Basic Materials,Rio Tinto Plc Common Stock,Profit Engine,5,ABBV,Health Care,AbbVie Inc. Common Stock,Profit Engine,5,TSM,Technology,Taiwan Semiconductor Manufacturing Company Ltd.,Recession Defense,5,JPM,Finance,JP Morgan Chase & Co. Common Stock,Recession Defense,5,28.67265951439587,43.52241238538056,-3.5030779143831348,37.77190605499351,37.76799855387024,17.96703852169853,-1.7265263468584937,20.945027803681157,35.09288724202766,42.68977357901628,2018,-3.5030779143831348,2017,43.52241238538056,-20.78691693565772,19.31875896992748,3,4,"2001,2008,2009,2020",300000.0,0.0,0.0,2742584.8340081824,2742584.8340081824,2442584.8340081824,5,81,1000,Mar-Nov 2001; Dec 2007-Jun 2009; Feb-Apr 2020,https://www.nber.org/research/data/us-business-cycle-expansions-and-contractions,428069.32073704887,578291.2047810152,699414.4584086415,687338.8835104787,810833.3254854189,1117068.84412905,1539007.0385030766,1485094.4228364734,2131443.341855651,2742584.8340081824
42,RIO + ABBV + JPM + AMAT,Rebalanced annually,RIO,Basic Materials,Rio Tinto Plc Common Stock,Profit Engine,5,ABBV,Health Care,AbbVie Inc. Common Stock,Profit Engine,5,JPM,Finance,JP Morgan Chase & Co. Common Stock,Recession Defense,5,AMAT,Technology,Applied Materials Inc. Common Stock,Recession Defense,5,39.81901855501819,47.88608915663108,-11.357119446643503,44.02521829136809,25.42340368376972,35.852589047159825,-1.925063381771519,27.355860372001317,12.229546535690453,43.60316466305201,2018,-11.357119446643503,2017,47.88608915663108,-33.62543027866941,4.122010069117145,2,4,"2001,2008,2009,2020",300000.0,0.0,0.0,2716388.7421842804,2716388.7421842804,2416388.7421842804,5,81,1000,Mar-Nov 2001; Dec 2007-Jun 2009; Feb-Apr 2020,https://www.nber.org/research/data/us-business-cycle-expansions-and-contractions,430809.49398915604,483495.54153673246,615759.9067843725,603906.1382992361,820422.1242942339,1029001.3528645159,1482021.4446842498,1313706.4989865879,1942789.1643477622,2716388.7421842804
43,RIO + ABBV + TSM + SPGI,Rebalanced annually,RIO,Basic Materials,Rio Tinto Plc Common Stock,Profit Engine,5,ABBV,Health Care,AbbVie Inc. Common Stock,Profit Engine,5,TSM,Technology,Taiwan Semiconductor Manufacturing Company Ltd.,Recession Defense,5,SPGI,Finance,S&P Global Inc. Common Stock,Recession Defense,5,22.676075613453754,51.66199044360554,-1.5037048537842685,41.524328281834244,44.50078017473821,22.201623573100257,-5.662418640760979,21.487091802139695,27.504680821074643,34.80002453316495,2022,-5.662418640760979,2017,51.66199044360554,-30.9997118498011,24.882778614343202,3,4,"2001,2008,2009,2020",300000.0,0.0,0.0,2706369.0559404767,2706369.0559404767,2406369.0559404767,5,81,1000,Mar-Nov 2001; Dec 2007-Jun 2009; Feb-Apr 2020,https://www.nber.org/research/data/us-business-cycle-expansions-and-contractions,404400.0735994949,515629.0230832269,626422.704631596,590952.0286345774,722152.9735296259,1043516.6808053802,1476829.9730187065,1454622.8090322833,2206109.9056250476,2706369.0559404767
44,RIO + ABBV + JPM + MRVL,Rebalanced annually,RIO,Basic Materials,Rio Tinto Plc Common Stock,Profit Engine,5,ABBV,Health Care,AbbVie Inc. Common Stock,Profit Engine,5,JPM,Finance,JP Morgan Chase & Co. Common Stock,Recession Defense,5,MRVL,Technology,Marvell Technology Inc. Common Stock,Recession Defense,5,36.02723252920505,47.14237423442581,-8.532338273154064,37.99674173299822,34.66438414079454,36.09913987046643,-6.910504180097364,26.28299759130598,32.89469725782999,22.99751386880554,2018,-8.532338273154064,2017,47.14237423442581,-38.71554361411758,36.086863740957895,3,4,"2001,2008,2009,2020",300000.0,0.0,0.0,2669186.7560625533,2669186.7560625533,2369186.7560625533,5,81,1000,Mar-Nov 2001; Dec 2007-Jun 2009; Feb-Apr 2020,https://www.nber.org/research/data/us-business-cycle-expansions-and-contractions,368992.5416064166,490371.52107181965,619255.8561435764,576462.1543192769,784560.0337072967,1056522.9376067412,1457967.2295590607,1333568.533621349,1962244.40241367,2669186.7560625533
45,RIO + ABBV + AMAT + SPGI,Rebalanced annually,RIO,Basic Materials,Rio Tinto Plc Common Stock,Profit Engine,5,ABBV,Health Care,AbbVie Inc. Common Stock,Profit Engine,5,AMAT,Technology,Applied Materials Inc. Common Stock,Recession Defense,5,SPGI,Finance,S&P Global Inc. Common Stock,Recession Defense,5,33.82243465407607,56.02566721485606,-9.357746386044639,47.77764051820882,32.15618530463769,40.08717409856155,-5.860955675674004,27.897924370459855,4.641340114737439,35.713415617200674,2018,-9.357746386044639,2017,56.02566721485606,-43.838225192812786,9.686029713532868,3,4,"2001,2008,2009,2020",300000.0,0.0,0.0,2656017.162946558,2656017.162946558,2356017.162946558,5,81,1000,Mar-Nov 2001; Dec 2007-Jun 2009; Feb-Apr 2020,https://www.nber.org/research/data/us-business-cycle-expansions-and-contractions,407140.24685160205,426037.0104519665,544892.4934180243,512956.585898719,718586.3855379759,949656.3552454656,1403379.7548129684,1272055.0365244758,1984732.3580774944,2656017.162946558
46,GS + SONY + TSM + BHP,Rebalanced annually,GS,Finance,Goldman Sachs Group Inc. (The) Common Stock,Profit Engine,5,SONY,Consumer Staples,Sony Group Corporation American Depositary Shares,Profit Engine,5,TSM,Technology,Taiwan Semiconductor Manufacturing Company Ltd.,Recession Defense,5,BHP,Energy,BHP Group Limited American Depositary Shares (Each representing two Ordinary Shares),Recession Defense,5,30.622878539716748,36.329603394282145,-4.629871294944168,42.92766698636567,46.29756281057542,21.562781143519373,-13.789971966436458,24.921561398416145,33.1172635435097,40.00744136149679,2022,-13.789971966436458,2020,46.29756281057542,-26.95200930076585,31.107830229319838,3,4,"2001,2008,2009,2020",300000.0,0.0,0.0,2599427.7965569296,2599427.7965569296,2299427.7965569296,5,81,1000,Mar-Nov 2001; Dec 2007-Jun 2009; Feb-Apr 2020,https://www.nber.org/research/data/us-business-cycle-expansions-and-contractions,420022.32408449036,559122.2240931254,698464.2124626836,602146.1933684883,731985.6592085684,1070877.1795450598,1530579.7690131483,1459715.8956413858,1990024.891211195,2599427.7965569296
47,AXP + SONY + BHP + AMAT,Rebalanced annually,AXP,Finance,American Express Company Common Stock,Profit Engine,5,SONY,Consumer Staples,Sony Group Corporation American Depositary Shares,Profit Engine,5,BHP,Energy,BHP Group Limited American Depositary Shares (Each representing two Ordinary Shares),Recession Defense,5,AMAT,Technology,Applied Materials Inc. Common Stock,Recession Defense,5,35.184018548762964,47.81384821768713,-4.75763694656048,47.190566288908485,29.304072852744767,36.76667481175217,-14.149978674791075,34.52364182810947,12.326128096682073,33.2597106567615,2022,-14.149978674791075,2017,47.81384821768713,-39.79052264377754,15.911081328509502,3,4,"2001,2008,2009,2020",300000.0,0.0,0.0,2569112.0140973604,2569112.0140973604,2269112.0140973604,5,81,1000,Mar-Nov 2001; Dec 2007-Jun 2009; Feb-Apr 2020,https://www.nber.org/research/data/us-business-cycle-expansions-and-contractions,399779.1319702845,449056.41988074547,604087.0498865055,518608.8611503904,709284.0946744859,917133.2225108284,1349933.5838374035,1285708.644898727,1900455.4248922863,2569112.0140973604
48,GS + SONY + BHP + AMAT,Rebalanced annually,GS,Finance,Goldman Sachs Group Inc. (The) Common Stock,Profit Engine,5,SONY,Consumer Staples,Sony Group Corporation American Depositary Shares,Profit Engine,5,BHP,Energy,BHP Group Limited American Depositary Shares (Each representing two Ordinary Shares),Recession Defense,5,AMAT,Technology,Applied Materials Inc. Common Stock,Recession Defense,5,41.769237580339066,40.69328016553266,-12.483912827204538,49.18097922274025,33.9529679404749,39.44833166898067,-13.988509001349481,31.332393966736305,10.253922837172496,40.92083244553251,2022,-13.988509001349481,2019,49.18097922274025,-39.79052264377754,15.911081328509502,3,4,"2001,2008,2009,2020",300000.0,0.0,0.0,2561186.536433713,2561186.536433713,2261186.536433713,5,81,1000,Mar-Nov 2001; Dec 2007-Jun 2009; Feb-Apr 2020,https://www.nber.org/research/data/us-business-cycle-expansions-and-contractions,422762.49733659753,466112.23759799567,612156.3602093697,526524.8126591487,734230.0670764089,983522.9663601894,1467229.1920966727,1284061.5787800266,1806588.3545309447,2561186.536433713
49,STX + SONY + BHP + SPGI,Rebalanced annually,STX,Technology,Seagate Technology Holdings PLC Ordinary Shares (Ireland),Profit Engine,5,SONY,Consumer Staples,Sony Group Corporation American Depositary Shares,Profit Engine,5,BHP,Energy,BHP Group Limited American Depositary Shares (Each representing two Ordinary Shares),Recession Defense,5,SPGI,Finance,S&P Global Inc. Common Stock,Recession Defense,5,20.102403539272665,42.79107871928623,4.246237564742297,47.699338648221264,26.650919170240588,39.68309595821235,-22.58507142830605,35.841365635597455,1.4627868513651805,69.6030564126219,2022,-22.58507142830605,2025,69.6030564126219,-41.52000018488545,13.941451328162636,3,4,"2001,2008,2009,2020",300000.0,0.0,0.0,2536076.6996964184,2536076.6996964184,2236076.6996964184,5,81,1000,Mar-Nov 2001; Dec 2007-Jun 2009; Feb-Apr 2020,https://www.nber.org/research/data/us-business-cycle-expansions-and-contractions,508809.1692378657,516251.96286401764,701283.716475059,542898.2881940877,758337.1368536397,960440.95423442,1418564.9375109037,1478800.5747677546,2111595.292817882,2536076.6996964184
50,STX + GS + V + BHP,Rebalanced annually,STX,Technology,Seagate Technology Holdings PLC Ordinary Shares (Ireland),Profit Engine,5,GS,Finance,Goldman Sachs Group Inc. (The) Common Stock,Profit Engine,5,V,Consumer Discretionary,Visa Inc.,Recession Defense,5,BHP,Energy,BHP Group Limited American Depositary Shares (Each representing two Ordinary Shares),Recession Defense,5,22.887939449378354,26.363223665352756,-2.346222526193142,42.611788342234306,17.520812133064112,33.926956301770176,-8.491768618135627,31.958055583932037,13.443257364804396,79.94486071558825,2022,-8.491768618135627,2025,79.94486071558825,21.245182944572583,48.77246255538708,2,2,"2001,2008,2009,2020",300000.0,0.0,0.0,2517054.823022727,2517054.823022727,2217054.823022727,5,81,1000,Mar-Nov 2001; Dec 2007-Jun 2009; Feb-Apr 2020,https://www.nber.org/research/data/us-business-cycle-expansions-and-contractions,539834.5821467647,612405.9343689708,808118.9632739049,739495.3707534084,990383.6420425307,1163906.8993614006,1659868.4438179429,1620924.2364839148,2048252.1183940805,2517054.823022727
51,STX + GS + V + LIN,Rebalanced annually,STX,Technology,Seagate Technology Holdings PLC Ordinary Shares (Ireland),Profit Engine,5,GS,Finance,Goldman Sachs Group Inc. (The) Common Stock,Profit Engine,5,V,Consumer Discretionary,Visa Inc.,Recession Defense,5,LIN,Basic Materials,Linde plc Ordinary Shares,Recession Defense,5,16.80241159512636,26.680722091582844,-4.231587280848004,46.247207941141994,17.64900014235805,42.04751452531931,-16.771137581288777,34.74748696318812,20.397898161419118,74.21840657552256,2022,-16.771137581288777,2025,74.21840657552256,21.501558963160463,37.31402619498883,2,2,"2001,2008,2009,2020",300000.0,0.0,0.0,2444122.2403315147,2444122.2403315147,2144122.2403315147,5,81,1000,Mar-Nov 2001; Dec 2007-Jun 2009; Feb-Apr 2020,https://www.nber.org/research/data/us-business-cycle-expansions-and-contractions,522655.2197265677,629265.8991817343,847919.985463696,705714.1581223357,1002449.4212660597,1179371.7210523742,1724798.2132864909,1651811.8714727662,2092527.2063761882,2444122.2403315147
52,GS + VRTX + TJX + MRVL,Rebalanced annually,GS,Finance,Goldman Sachs Group Inc. (The) Common Stock,Profit Engine,5,VRTX,Health Care,Vertex Pharmaceuticals Incorporated Common Stock,Profit Engine,5,TJX,Consumer Discretionary,TJX Companies Inc. (The) Common Stock,Recession Defense,5,MRVL,Technology,Marvell Technology Inc. Common Stock,Recession Defense,5,15.340720799688878,42.87573734042584,-6.907289719292826,44.276330955613304,29.47606292180555,34.49450526234111,-6.780304325801849,35.04415432896593,41.338725984785754,18.781106184624676,2018,-6.907289719292826,2019,44.276330955613304,-39.844604200974395,51.512769831182155,3,4,"2001,2008,2009,2020",300000.0,0.0,0.0,2443763.6423475184,2443763.6423475184,2143763.6423475184,5,81,1000,Mar-Nov 2001; Dec 2007-Jun 2009; Feb-Apr 2020,https://www.nber.org/research/data/us-business-cycle-expansions-and-contractions,356343.31855387404,503651.10657595226,680151.3776439737,634035.0443635785,852742.2961066599,1104097.1518679084,1592950.860900444,1482921.1298520812,2118734.4984531347,2443763.6423475184
53,SONY + VLO + SAN + MRVL,Rebalanced annually,SONY,Consumer Staples,Sony Group Corporation American Depositary Shares,Profit Engine,5,VLO,Energy,Valero Energy Corporation Common Stock,Profit Engine,5,SAN,Finance,Banco Santander S.A. Sponsored ADR (Spain),Recession Defense,5,MRVL,Technology,Marvell Technology Inc. Common Stock,Recession Defense,5,21.911146671595006,47.33042933967507,-14.976127574690958,33.896543439408276,16.9841631855897,40.228734254997704,-7.104315510546408,35.17137895742849,27.09397165675628,49.27430221603167,2018,-14.976127574690958,2025,49.27430221603167,-52.13638829629748,36.79840276030873,3,4,"2001,2008,2009,2020",300000.0,0.0,0.0,2397296.4576553046,2397296.4576553046,2097296.4576553046,5,81,1000,Mar-Nov 2001; Dec 2007-Jun 2009; Feb-Apr 2020,https://www.nber.org/research/data/us-business-cycle-expansions-and-contractions,447822.906648095,569155.918047792,769335.902843012,714679.8529691336,1002186.5117940948,1172399.504381173,1569802.4116671449,1334706.799825298,1966429.2586084488,2397296.4576553046
54,AXP + VRTX + TJX + MRVL,Rebalanced annually,AXP,Finance,American Express Company Common Stock,Profit Engine,5,VRTX,Health Care,Vertex Pharmaceuticals Incorporated Common Stock,Profit Engine,5,TJX,Consumer Discretionary,TJX Companies Inc. (The) Common Stock,Recession Defense,5,MRVL,Technology,Marvell Technology Inc. Common Stock,Recession Defense,5,8.755501768112778,49.99630539258032,0.8189861613512317,42.28591802178154,24.827167834075418,31.812848405112604,-6.941773999243444,38.23540219033909,43.41093124429533,11.119984395853663,2022,-6.941773999243444,2017,49.99630539258032,-39.844604200974395,51.512769831182155,3,4,"2001,2008,2009,2020",300000.0,0.0,0.0,2367950.603359326,2367950.603359326,2067950.6033593258,5,81,1000,Mar-Nov 2001; Dec 2007-Jun 2009; Feb-Apr 2020,https://www.nber.org/research/data/us-business-cycle-expansions-and-contractions,333359.953187561,478074.61326182814,660868.3644123963,614992.3761223912,810638.9684412074,1011897.6656645236,1439787.8830317452,1451579.546546587,2177315.689654251,2367950.603359326
55,AXP + VLO + TJX + MRVL,Rebalanced annually,AXP,Finance,American Express Company Common Stock,Profit Engine,5,VLO,Energy,Valero Energy Corporation Common Stock,Profit Engine,5,TJX,Consumer Discretionary,TJX Companies Inc. (The) Common Stock,Recession Defense,5,MRVL,Technology,Marvell Technology Inc. Common Stock,Recession Defense,5,19.28361830951486,34.13791103554391,-5.757826387377203,41.82080924023755,13.918868323013683,43.64701727142515,3.9210189158292827,29.476074090123333,42.928994202512,17.21859363449377,2018,-5.757826387377203,2021,43.64701727142515,-39.844604200974395,51.512769831182155,3,4,"2001,2008,2009,2020",300000.0,0.0,0.0,2366687.344657275,2366687.344657275,2066687.344657275,5,81,1000,Mar-Nov 2001; Dec 2007-Jun 2009; Feb-Apr 2020,https://www.nber.org/research/data/us-business-cycle-expansions-and-contractions,351655.78090348135,502618.07070033514,650770.1456103144,676286.9661182646,971466.0550243007,1106683.1360259086,1569506.9792371825,1479137.4922349371,1984084.133427475,2366687.344657275
56,FTNT + SAN + TJX + LIN,Rebalanced annually,FTNT,Technology,Fortinet Inc. Common Stock,Profit Engine,5,SAN,Finance,Banco Santander S.A. Sponsored ADR (Spain),Profit Engine,5,TJX,Consumer Discretionary,TJX Companies Inc. (The) Common Stock,Recession Defense,5,LIN,Basic Materials,Linde plc Ordinary Shares,Recession Defense,5,8.335917557913152,28.700215060298696,13.6621492530724,31.767302104810636,12.732436529728247,49.64752915474895,-9.067183476475687,28.31354613364291,27.5544594987798,44.40292977242561,2022,-9.067183476475687,2021,49.64752915474895,-29.57739233758943,21.067422074938982,3,4,"2001,2008,2009,2020",300000.0,0.0,0.0,2271327.4909840315,2271327.4909840315,1971327.4909840315,5,81,1000,Mar-Nov 2001; Dec 2007-Jun 2009; Feb-Apr 2020,https://www.nber.org/research/data/us-business-cycle-expansions-and-contractions,433208.78931727685,552577.1297148602,709031.3102606371,644742.1404536456,964840.6826083218,1087688.410134423,1433217.673340837,1629026.010994074,2096559.9795375783,2271327.4909840315
57,FTNT + VRTX + TJX + SAN,Rebalanced annually,FTNT,Technology,Fortinet Inc. Common Stock,Profit Engine,5,VRTX,Health Care,Vertex Pharmaceuticals Incorporated Common Stock,Profit Engine,5,TJX,Consumer Discretionary,TJX Companies Inc. (The) Common Stock,Recession Defense,5,SAN,Finance,Banco Santander S.A. Sponsored ADR (Spain),Recession Defense,5,-6.40410588501395,45.769692829497416,15.553370325849176,30.038915600622495,8.248317098029197,39.52911002744516,-0.0930755676357482,31.624239409088,26.501664196607837,46.744133251972976,2016,-6.40410588501395,2025,46.744133251972976,-39.692018174670665,12.72580553392966,2,4,"2001,2008,2009,2020",300000.0,0.0,0.0,2267648.1765405736,2267648.1765405736,1967648.1765405736,5,81,1000,Mar-Nov 2001; Dec 2007-Jun 2009; Feb-Apr 2020,https://www.nber.org/research/data/us-business-cycle-expansions-and-contractions,440232.39975591894,556901.3120239008,733017.1162106914,732334.8563689111,1021820.3075123106,1106103.2866479831,1438364.719379882,1662078.9108213966,2422807.322888206,2267648.1765405736
58,FTNT + SAN + V + LIN,Rebalanced annually,FTNT,Technology,Fortinet Inc. Common Stock,Profit Engine,5,SAN,Finance,Banco Santander S.A. Sponsored ADR (Spain),Profit Engine,5,V,Consumer Discretionary,Visa Inc.,Recession Defense,5,LIN,Basic Materials,Linde plc Ordinary Shares,Recession Defense,5,6.839366152778858,39.628907317741515,13.0484441704962,32.90989284234814,13.949939879110605,46.36212926923002,-11.601233401357053,29.96808758040034,25.49312091348335,40.160962178539414,2022,-11.601233401357053,2021,46.36212926923002,21.501558963160463,37.31402619498883,2,2,"2001,2008,2009,2020",300000.0,0.0,0.0,2266326.818762467,2266326.818762467,1966326.8187624668,5,81,1000,Mar-Nov 2001; Dec 2007-Jun 2009; Feb-Apr 2020,https://www.nber.org/research/data/us-business-cycle-expansions-and-contractions,420482.8865356182,527677.0972206483,685811.8318574465,606249.2005495416,887319.2386019937,1011099.7389227538,1343851.5795314938,1519203.302620992,2121246.971384733,2266326.818762467
59,FTNT + VRTX + LIN + SAN,Rebalanced annually,FTNT,Technology,Fortinet Inc. Common Stock,Profit Engine,5,VRTX,Health Care,Vertex Pharmaceuticals Incorporated Common Stock,Profit Engine,5,LIN,Basic Materials,Linde plc Ordinary Shares,Recession Defense,5,SAN,Finance,Banco Santander S.A. Sponsored ADR (Spain),Recession Defense,5,-3.8666135400976627,53.68993857233332,11.570681004237343,30.1102433708314,11.654506052575577,44.6700984443935,-2.8743614274705074,33.6160044359199,19.656105698844044,40.36640504108627,2016,-3.8666135400976627,2017,53.68993857233332,-41.86917643291252,6.3530550040655465,2,4,"2001,2008,2009,2020",300000.0,0.0,0.0,2265415.915475099,2265415.915475099,1965415.9154750989,5,81,1000,Mar-Nov 2001; Dec 2007-Jun 2009; Feb-Apr 2020,https://www.nber.org/research/data/us-business-cycle-expansions-and-contractions,421099.21512325876,503870.9219448891,673252.1934171936,653900.4920600107,945998.485591591,1056249.9363521363,1374289.3627920162,1533304.0010358465,2356533.977319122,2265415.915475099
60,FTNT + AXP + V + LIN,Rebalanced annually,FTNT,Technology,Fortinet Inc. Common Stock,Profit Engine,5,AXP,Finance,American Express Company Common Stock,Profit Engine,5,V,Consumer Discretionary,Visa Inc.,Recession Defense,5,LIN,Basic Materials,Linde plc Ordinary Shares,Recession Defense,5,6.0230172483566715,40.89719311194071,19.5207597415096,41.61736344665404,20.24659906982365,52.982928611848955,-12.074805503168049,25.588284224871412,36.8103365282081,6.254078403144566,2022,-12.074805503168049,2021,52.982928611848955,21.501558963160463,37.31402619498883,2,2,"2001,2008,2009,2020",300000.0,0.0,0.0,2239888.3077451326,2239888.3077451326,1939888.3077451326,5,81,1000,Mar-Nov 2001; Dec 2007-Jun 2009; Feb-Apr 2020,https://www.nber.org/research/data/us-business-cycle-expansions-and-contractions,318762.23520943365,436099.68671486445,547690.1140552377,481557.59802298853,736700.9164084431,885857.7972973773,1254528.4564191506,1499421.942285602,2112643.4295849567,2239888.3077451326
61,AXP + VLO + V + ASML,Rebalanced annually,AXP,Finance,American Express Company Common Stock,Profit Engine,5,VLO,Energy,Valero Energy Corporation Common Stock,Profit Engine,5,V,Consumer Discretionary,Visa Inc.,Recession Defense,5,ASML,Technology,ASML Holding N.V. New York Registry Shares,Recession Defense,5,9.627421744151317,44.9594843593365,-2.8852274651819805,49.83558571935746,11.64309388507123,35.23912071402942,8.127315460769506,25.18602137045685,17.995444865697785,32.641053567786265,2018,-2.8852274651819805,2019,49.83558571935746,41.70249251491282,60.72181708153955,2,2,"2001,2008,2009,2020",300000.0,0.0,0.0,2218993.4582495256,2218993.4582495256,1918993.4582495256,5,81,1000,Mar-Nov 2001; Dec 2007-Jun 2009; Feb-Apr 2020,https://www.nber.org/research/data/us-business-cycle-expansions-and-contractions,397923.16070335876,469531.20369557367,587787.4329993041,635558.7719179167,859524.0947626743,959599.2920807011,1437821.2198479264,1396336.8071126593,2024122.635510134,2218993.4582495256
62,ASML + VRTX + BKNG + RY,Rebalanced annually,ASML,Technology,ASML Holding N.V. New York Registry Shares,Profit Engine,5,VRTX,Health Care,Vertex Pharmaceuticals Incorporated Common Stock,Profit Engine,5,BKNG,Consumer Discretionary,Booking Holdings Inc. Common Stock,Recession Defense,5,RY,Finance,Royal Bank Of Canada Common Stock,Recession Defense,5,8.314798902473862,50.58176247820151,-3.216397411910429,41.191669442855684,22.77275264939975,24.720519884925665,-5.756223408125993,42.25474493523856,14.093814150704695,30.552212334521585,2022,-5.756223408125993,2017,50.58176247820151,-37.610403254805604,71.41267921070373,3,4,"2001,2008,2009,2020",300000.0,0.0,0.0,2044551.0944043642,2044551.0944043642,1744551.0944043642,5,81,1000,Mar-Nov 2001; Dec 2007-Jun 2009; Feb-Apr 2020,https://www.nber.org/research/data/us-business-cycle-expansions-and-contractions,391656.63700356474,446855.9955317473,635673.8566715082,599083.0493344455,747179.4936723862,917332.8316134361,1295197.5393024306,1253538.8391691796,1887600.8773697382,2044551.0944043642
63,ASML + VLO + BKNG + CM,Rebalanced annually,ASML,Technology,ASML Holding N.V. New York Registry Shares,Profit Engine,5,VLO,Energy,Valero Energy Corporation Common Stock,Profit Engine,5,BKNG,Consumer Discretionary,Booking Holdings Inc. Common Stock,Recession Defense,5,CM,Finance,Canadian Imperial Bank of Commerce Common Stock,Recession Defense,5,18.340841571322848,34.97187644189732,-11.511022298985473,40.099197717751395,12.072475049440985,38.219139552653736,0.39463763273292063,37.07061467601463,17.12025118246642,36.97389087230303,2018,-11.511022298985473,2019,40.099197717751395,-36.91459378929731,70.38241030601446,3,4,"2001,2008,2009,2020",300000.0,0.0,0.0,2031495.349826616,2031495.349826616,1731495.349826616,5,81,1000,Mar-Nov 2001; Dec 2007-Jun 2009; Feb-Apr 2020,https://www.nber.org/research/data/us-business-cycle-expansions-and-contractions,410921.6726169091,481272.4951321162,659683.1673441842,662286.525379329,915406.7367524763,1025918.9866478209,1437304.269527682,1271855.8545580804,1716647.7125331697,2031495.349826616
64,ASML + VLO + BKNG + RY,Rebalanced annually,ASML,Technology,ASML Holding N.V. New York Registry Shares,Profit Engine,5,VLO,Energy,Valero Energy Corporation Common Stock,Profit Engine,5,BKNG,Consumer Discretionary,Booking Holdings Inc. Common Stock,Recession Defense,5,RY,Finance,Royal Bank Of Canada Common Stock,Recession Defense,5,18.842915443875945,34.72336812116511,-9.793209960638862,40.72656066131169,11.864453138338018,36.5546887512382,5.106569506946733,33.495416835022816,13.611877108921359,36.65082157316169,2018,-9.793209960638862,2019,40.72656066131169,-37.610403254805604,71.41267921070373,3,4,"2001,2008,2009,2020",300000.0,0.0,0.0,2029007.7552798414,2029007.7552798414,1729007.7552798414,5,81,1000,Mar-Nov 2001; Dec 2007-Jun 2009; Feb-Apr 2020,https://www.nber.org/research/data/us-business-cycle-expansions-and-contractions,409952.464719485,465754.6904220955,621761.1654076464,653511.8314863899,892401.0474387559,998279.5515181647,1404844.4786366802,1267265.1092233479,1707302.2381700561,2029007.7552798414
65,ASML + CM + BKNG + COP,Rebalanced annually,ASML,Technology,ASML Holding N.V. New York Registry Shares,Profit Engine,5,CM,Finance,Canadian Imperial Bank of Commerce Common Stock,Profit Engine,5,BKNG,Consumer Discretionary,Booking Holdings Inc. Common Stock,Recession Defense,5,COP,Energy,ConocoPhillips Common Stock,Recession Defense,5,20.708926522120162,27.961720163304296,-3.671129711800553,34.18951621248274,11.986238554451727,49.80607400301861,-0.4209049906605351,36.10081202492242,14.817796799088157,27.144975178242554,2018,-3.671129711800553,2021,49.80607400301861,-37.83485909980732,56.011787414054616,2,4,"2001,2008,2009,2020",300000.0,0.0,0.0,1988140.84723317,1988140.84723317,1688140.84723317,5,81,1000,Mar-Nov 2001; Dec 2007-Jun 2009; Feb-Apr 2020,https://www.nber.org/research/data/us-business-cycle-expansions-and-contractions,381434.92553472763,437955.17772121687,596060.5531837683,593551.7045680591,889176.505791405,995755.3229457011,1336199.2505208815,1287145.6428261532,1647053.7055673664,1988140.84723317
66,NOW + RTX + CM + COP,Rebalanced annually,NOW,Technology,ServiceNow Inc. Common Stock,Profit Engine,5,RTX,Industrials,RTX Corporation Common Stock,Profit Engine,5,CM,Finance,Canadian Imperial Bank of Commerce Common Stock,Recession Defense,5,COP,Energy,ConocoPhillips Common Stock,Recession Defense,5,10.743085049289501,32.84646203281072,4.442304338038708,31.669103084270002,11.556760114159623,42.14121336530634,6.168017895843718,24.00097246084433,29.119923286072584,19.461373184448583,2018,4.442304338038708,2021,42.14121336530634,-38.87100759650025,-1.743647540425043,2,4,"2001,2008,2009,2020",300000.0,0.0,0.0,1954355.931608875,1954355.931608875,1654355.931608875,5,81,1000,Mar-Nov 2001; Dec 2007-Jun 2009; Feb-Apr 2020,https://www.nber.org/research/data/us-business-cycle-expansions-and-contractions,358384.1195533457,462745.3002367466,573808.6723104196,609201.2939064295,865926.110995745,965999.1144093949,1271922.3697448415,1328425.0323525013,1764765.6562385191,1954355.931608875
67,NOW + PLD + RTX + RY,Rebalanced annually,NOW,Technology,ServiceNow Inc. Common Stock,Profit Engine,5,PLD,Real Estate,Prologis Inc. Common Stock,Profit Engine,5,RTX,Industrials,RTX Corporation Common Stock,Recession Defense,5,RY,Finance,Royal Bank Of Canada Common Stock,Recession Defense,5,15.551679586564665,36.09637021280051,0.690803085110292,44.605568975681045,24.04274874271204,36.90894326051105,-14.874498011635902,25.325238365936983,24.122620258590768,25.99312764271424,2022,-14.874498011635902,2019,44.605568975681045,-33.91491096316501,3.0946368777228876,1,4,"2001,2008,2009,2020",300000.0,0.0,0.0,1946337.2750694805,1946337.2750694805,1646337.2750694805,5,81,1000,Mar-Nov 2001; Dec 2007-Jun 2009; Feb-Apr 2020,https://www.nber.org/research/data/us-business-cycle-expansions-and-contractions,377979.38292814273,469157.9141276633,587973.274193152,500515.20121434104,685250.0728407749,850003.0261131336,1229151.7122214036,1237642.7301701151,1684386.8319641314,1946337.2750694805
68,NOW + RY + RTX + COP,Rebalanced annually,NOW,Technology,ServiceNow Inc. Common Stock,Profit Engine,5,RY,Finance,Royal Bank Of Canada Common Stock,Profit Engine,5,RTX,Industrials,RTX Corporation Common Stock,Recession Defense,5,COP,Energy,ConocoPhillips Common Stock,Recession Defense,5,11.245158921842602,32.5979537120785,6.160116676385318,32.2964660278303,11.348738203056655,40.476762563890816,10.879949770057529,20.425774619852522,25.611549212527528,19.138303885307245,2018,6.160116676385318,2021,40.476762563890816,-34.13936680816672,-12.306254918926225,1,4,"2001,2008,2009,2020",300000.0,0.0,0.0,1942638.8589644595,1942638.8589644595,1642638.8589644595,5,81,1000,Mar-Nov 2001; Dec 2007-Jun 2009; Feb-Apr 2020,https://www.nber.org/research/data/us-business-cycle-expansions-and-contractions,357414.9116559217,448954.4076475899,540656.8230995806,599480.0138812037,842130.1157178782,937701.2578797983,1240545.6260734848,1316964.6840634062,1746268.222178816,1942638.8589644595
69,NOW + RY + RTX + BKNG,Rebalanced annually,NOW,Technology,ServiceNow Inc. Common Stock,Profit Engine,5,RY,Finance,Royal Bank Of Canada Common Stock,Profit Engine,5,RTX,Industrials,RTX Corporation Common Stock,Recession Defense,5,BKNG,Consumer Discretionary,Booking Holdings Inc. Common Stock,Recession Defense,5,12.459548842423363,34.24416081016309,2.0324991436269064,35.447948478594554,22.470154102345912,20.756575816984217,-11.043743868442645,38.93405981796349,38.98014411835052,21.870655192669545,2022,-11.043743868442645,2024,38.98014411835052,-32.18295300096378,59.81980292751327,2,4,"2001,2008,2009,2020",300000.0,0.0,0.0,1937769.5736933853,1937769.5736933853,1637769.5736933853,5,81,1000,Mar-Nov 2001; Dec 2007-Jun 2009; Feb-Apr 2020,https://www.nber.org/research/data/us-business-cycle-expansions-and-contractions,365611.9655780087,508128.0366742505,705962.9104248467,627998.1747913235,758349.0920711616,928751.3016932928,1257974.5846118075,1283542.9072710867,1723081.40450444,1937769.5736933853
70,NOW + COF + RTX + COP,Rebalanced annually,NOW,Technology,ServiceNow Inc. Common Stock,Profit Engine,5,COF,Finance,Capital One Financial Corporation Common Stock,Profit Engine,5,RTX,Industrials,RTX Corporation Common Stock,Recession Defense,5,COP,Energy,ConocoPhillips Common Stock,Recession Defense,5,9.229046803657248,30.69406299867426,3.6893219165909845,36.907369960410335,8.579901122306083,44.27894351157176,4.23214124472447,28.455509487548802,29.222522172498863,17.249306282072368,2018,3.6893219165909845,2021,44.27894351157176,-34.13936680816672,-12.306254918926225,1,4,"2001,2008,2009,2020",300000.0,0.0,0.0,1932108.0326251597,1932108.0326251597,1632108.0326251597,5,81,1000,Mar-Nov 2001; Dec 2007-Jun 2009; Feb-Apr 2020,https://www.nber.org/research/data/us-business-cycle-expansions-and-contractions,351747.9188462171,454537.5324223562,583878.50308527,608589.0660334214,878065.8747999623,953403.058646511,1305279.0527150468,1353434.9988795344,1768859.190081725,1932108.0326251597
71,META + TMO + NEE + XOM,Rebalanced annually,META,Technology,Meta Platforms Inc. Class A Common Stock,Profit Engine,5,TMO,Industrials,Thermo Fisher Scientific Inc Common Stock,Profit Engine,5,NEE,Utilities,NextEra Energy Inc. Common Stock,Recession Defense,5,XOM,Energy,ExxonMobil Holdings Corporation Common Stock,Recession Defense,5,12.030693155084418,29.748011855306974,-2.0726988811978604,38.01012722504057,17.664832757727286,36.91016718813991,-0.6604668868821229,39.80574962278635,24.26306604255769,14.080709443798423,2018,-2.0726988811978604,2023,39.80574962278635,-18.285765038547382,-9.062488203508327,0,4,"2001,2008,2009,2020",300000.0,0.0,0.0,1869207.6053028961,1869207.6053028961,1569207.6053028961,5,81,1000,Mar-Nov 2001; Dec 2007-Jun 2009; Feb-Apr 2020,https://www.nber.org/research/data/us-business-cycle-expansions-and-contractions,342242.1283313953,425280.5619538968,594566.6776396438,590639.7616133987,808645.8851045351,951491.8283104948,1313155.0827871782,1285937.3320778555,1668478.1220761943,1869207.6053028961
72,META + ING + NEE + TMO,Rebalanced annually,META,Technology,Meta Platforms Inc. Class A Common Stock,Profit Engine,5,ING,Finance,ING Group N.V. Common Stock,Profit Engine,5,NEE,Utilities,NextEra Energy Inc. Common Stock,Recession Defense,5,TMO,Industrials,Thermo Fisher Scientific Inc Common Stock,Recession Defense,5,9.885965211133017,39.83860477757608,-8.125288342777228,41.36208417859329,21.302648000330365,36.369666009719964,-23.565868586893615,49.33970855231117,24.509999461978285,32.153975195926016,2022,-23.565868586893615,2023,49.33970855231117,-32.19834649730464,4.126317597093371,2,4,"2001,2008,2009,2020",300000.0,0.0,0.0,1860178.6170550857,1860178.6170550857,1560178.6170550857,5,81,1000,Mar-Nov 2001; Dec 2007-Jun 2009; Feb-Apr 2020,https://www.nber.org/research/data/us-business-cycle-expansions-and-contractions,396461.92558777804,493634.7414162912,737192.6841440442,563466.824966465,768397.8272823417,932086.9116704854,1317617.484693282,1210557.2648071044,1692826.3891398418,1860178.6170550857
73,META + TMO + XOM + CM,Rebalanced annually,META,Technology,Meta Platforms Inc. Class A Common Stock,Profit Engine,5,TMO,Industrials,Thermo Fisher Scientific Inc Common Stock,Profit Engine,5,XOM,Energy,ExxonMobil Holdings Corporation Common Stock,Recession Defense,5,CM,Finance,Canadian Imperial Bank of Commerce Common Stock,Recession Defense,5,14.877598210629419,27.376798210858357,-10.587148589559135,31.754568902203644,12.461228067634345,41.25430965170338,-5.2367894145561245,52.754160161729516,28.354578546351327,21.83554665741593,2018,-10.587148589559135,2023,52.754160161729516,-25.52915319868871,-2.376572897365534,2,4,"2001,2008,2009,2020",300000.0,0.0,0.0,1859667.4176480956,1859667.4176480956,1559667.4176480956,5,81,1000,Mar-Nov 2001; Dec 2007-Jun 2009; Feb-Apr 2020,https://www.nber.org/research/data/us-business-cycle-expansions-and-contractions,365506.63997224777,469144.50729530834,716637.7520638321,679108.9421230404,959270.6479788866,1078807.5512094095,1421378.2383803774,1270894.812263389,1618825.120489004,1859667.4176480956
74,META + EQNR + NEE + TMO,Rebalanced annually,META,Technology,Meta Platforms Inc. Class A Common Stock,Profit Engine,5,EQNR,Energy,Equinor ASA,Profit Engine,5,NEE,Utilities,NextEra Energy Inc. Common Stock,Recession Defense,5,TMO,Industrials,Thermo Fisher Scientific Inc Common Stock,Recession Defense,5,16.645673414169007,36.10993609760525,2.3345517433767577,35.95396050379466,23.32465761936476,38.654088263783386,-11.80944872102215,41.17666718008989,17.4526270908867,11.603087415986117,2022,-11.80944872102215,2023,41.17666718008989,-32.19834649730464,4.126317597093371,2,4,"2001,2008,2009,2020",300000.0,0.0,0.0,1849270.3198200322,1849270.3198200322,1549270.3198200322,5,81,1000,Mar-Nov 2001; Dec 2007-Jun 2009; Feb-Apr 2020,https://www.nber.org/research/data/us-business-cycle-expansions-and-contractions,334809.2622479584,393242.2742538435,555166.336734765,489604.25288169575,678856.3129338236,837197.2236530812,1138202.7827841756,1164774.7156928263,1585374.121210569,1849270.3198200322
75,AAPL + ING + WELL + TMO,Rebalanced annually,AAPL,Technology,Apple Inc. Common Stock,Profit Engine,5,ING,Finance,ING Group N.V. Common Stock,Profit Engine,5,WELL,Real Estate,Welltower Inc. Common Stock,Recession Defense,5,TMO,Industrials,Thermo Fisher Scientific Inc Common Stock,Recession Defense,5,6.762624224171896,30.06644481630076,-2.7935740738535424,44.54634044788388,21.79465574898209,42.64612736119201,-17.269767262703212,29.829001852205742,21.074962148507222,39.7395678180634,2022,-17.269767262703212,2019,44.54634044788388,-20.358316143089677,12.195748457774165,3,4,"2001,2008,2009,2020",300000.0,0.0,0.0,1848016.1429710551,1848016.1429710551,1548016.1429710551,5,81,1000,Mar-Nov 2001; Dec 2007-Jun 2009; Feb-Apr 2020,https://www.nber.org/research/data/us-business-cycle-expansions-and-contractions,419218.7034541902,507568.8865266235,658971.6190898701,545168.7541457824,777662.1153722166,947150.8963078432,1369071.9591323186,1330825.9198295993,1730957.9606161928,1848016.1429710551
76,META + CM + NEE + XOM,Rebalanced annually,META,Technology,Meta Platforms Inc. Class A Common Stock,Profit Engine,5,CM,Finance,Canadian Imperial Bank of Commerce Common Stock,Profit Engine,5,NEE,Utilities,NextEra Energy Inc. Common Stock,Recession Defense,5,XOM,Energy,ExxonMobil Holdings Corporation Common Stock,Recession Defense,5,19.51418483139143,27.219267560079324,-11.563753060703345,31.038560178206776,9.047405867396659,36.217560060123475,-3.0515218408923843,47.26982987726773,34.15142231971301,22.76003166551805,2018,-11.563753060703345,2023,47.26982987726773,-18.285765038547382,-9.062488203508327,0,4,"2001,2008,2009,2020",300000.0,0.0,0.0,1846198.97533797,1846198.97533797,1546198.97533797,5,81,1000,Mar-Nov 2001; Dec 2007-Jun 2009; Feb-Apr 2020,https://www.nber.org/research/data/us-business-cycle-expansions-and-contractions,368280.09499655414,494052.98555826757,727590.9913352227,705388.393322263,960862.8583308936,1047796.020953158,1373016.81946156,1214244.5449771022,1544753.0165080875,1846198.97533797
77,AAPL + ING + WELL + NEE,Rebalanced annually,AAPL,Technology,Apple Inc. Common Stock,Profit Engine,5,ING,Finance,ING Group N.V. Common Stock,Profit Engine,5,WELL,Real Estate,Welltower Inc. Common Stock,Recession Defense,5,NEE,Utilities,NextEra Energy Inc. Common Stock,Recession Defense,5,11.399210844933904,29.908914165521725,-3.7701785449977523,43.830331723887014,18.380833548744405,37.609377769612095,-15.084499689039472,24.344671567743955,26.8718059218689,40.66405282616552,2022,-15.084499689039472,2019,43.830331723887014,-11.623935611492614,7.324575599930013,3,4,"2001,2008,2009,2020",300000.0,0.0,0.0,1844566.4656453535,1844566.4656453535,1544566.4656453535,5,81,1000,Mar-Nov 2001; Dec 2007-Jun 2009; Feb-Apr 2020,https://www.nber.org/research/data/us-business-cycle-expansions-and-contractions,421992.15847849654,535389.0723103436,665727.783573888,565306.0781308356,777914.1766096399,920901.2865643434,1324535.3753150385,1274598.0267740055,1655816.4565572764,1844566.4656453535
78,AAPL + ING + WELL + SYK,Rebalanced annually,AAPL,Technology,Apple Inc. Common Stock,Profit Engine,5,ING,Finance,ING Group N.V. Common Stock,Profit Engine,5,WELL,Real Estate,Welltower Inc. Common Stock,Recession Defense,5,SYK,Health Care,Stryker Corporation Common Stock,Recession Defense,5,14.463898760051338,29.019297582557307,-6.737367853604724,41.991062270304795,15.406536243277028,34.3173766949221,-14.803233009902353,36.61787153373705,26.84121810080086,36.42518339801723,2022,-14.803233009902353,2019,41.991062270304795,-22.887536996228327,9.505219583890106,3,4,"2001,2008,2009,2020",300000.0,0.0,0.0,1831729.443489103,1831729.443489103,1531729.443489103,5,81,1000,Mar-Nov 2001; Dec 2007-Jun 2009; Feb-Apr 2020,https://www.nber.org/research/data/us-business-cycle-expansions-and-contractions,409275.5501940517,519130.0932548898,709224.4838959348,604236.3309815421,811594.3888120542,936632.9724727861,1329935.1071880406,1240332.48680255,1600268.2621609154,1831729.443489103
79,AAPL + PLD + HSBC + SYK,Rebalanced annually,AAPL,Technology,Apple Inc. Common Stock,Profit Engine,5,PLD,Real Estate,Prologis Inc. Common Stock,Profit Engine,5,HSBC,Finance,HSBC Holdings plc. Common Stock,Recession Defense,5,SYK,Health Care,Stryker Corporation Common Stock,Recession Defense,5,20.062443476066903,35.32014478819068,-6.313926291232002,45.39787581480702,20.876866912461782,34.49153889142287,-14.33939900158568,33.45953367927156,17.1023065170665,25.13973392792442,2022,-14.33939900158568,2019,45.39787581480702,-41.99756482901017,-6.053712798651805,2,4,"2001,2008,2009,2020",300000.0,0.0,0.0,1808229.4610554473,1808229.4610554473,1508229.4610554473,5,81,1000,Mar-Nov 2001; Dec 2007-Jun 2009; Feb-Apr 2020,https://www.nber.org/research/data/us-business-cycle-expansions-and-contractions,375419.20178377326,439624.54439675855,586720.8668915362,502588.62076239643,675939.1703565242,817054.091361054,1187979.2930969452,1112971.1561757051,1506074.179987764,1808229.4610554473
80,AAPL + ING + WELL + EQNR,Rebalanced annually,AAPL,Technology,Apple Inc. Common Stock,Profit Engine,5,ING,Finance,ING Group N.V. Common Stock,Profit Engine,5,WELL,Real Estate,Welltower Inc. Common Stock,Recession Defense,5,EQNR,Energy,Equinor ASA,Recession Defense,5,16.377266517561868,26.720099999832446,-6.712176417914132,32.910913422994234,7.471830238385813,47.89903994383083,-2.2452085325559548,30.473458917343542,17.510633095053407,38.311907535272745,2018,-6.712176417914132,2021,47.89903994383083,-21.488867268712003,-0.5206372548763495,1,3,"2001,2008,2009,2020",300000.0,0.0,0.0,1807496.5789274147,1807496.5789274147,1507496.5789274147,5,81,1000,Mar-Nov 2001; Dec 2007-Jun 2009; Feb-Apr 2020,https://www.nber.org/research/data/us-business-cycle-expansions-and-contractions,414935.72260581824,487593.59457163163,636180.2282970165,621896.655528858,919779.1829699737,988503.5220895022,1313829.060427627,1225642.5360619011,1553135.4473381236,1807496.5789274147
81,WDC + UNH + WELL + BLK,Rebalanced annually,WDC,Technology,Western Digital Corporation Common Stock,Profit Engine,5,UNH,Health Care,UnitedHealth Group Incorporated Common Stock (DE),Profit Engine,5,WELL,Real Estate,Welltower Inc. Common Stock,Recession Defense,5,BLK,Finance,BlackRock Inc. Common Stock,Recession Defense,5,18.476846929085788,24.520648259028377,-10.91753048340512,38.011809531807586,10.095541758000882,32.326820867880656,-21.563929802877162,31.609269246994128,20.953052971050973,76.73835549872891,2022,-21.563929802877162,2025,76.73835549872891,-18.40788969634194,18.456648009611076,3,4,"2001,2008,2009,2020",300000.0,0.0,0.0,1749331.7307184418,1749331.7307184418,1449331.7307184418,5,81,1000,Mar-Nov 2001; Dec 2007-Jun 2009; Feb-Apr 2020,https://www.nber.org/research/data/us-business-cycle-expansions-and-contractions,530215.0664961868,641311.3102396259,844025.129004695,662020.1426674792,876030.2082968832,964470.2037881971,1331082.780643203,1185761.412307125,1476517.7974102425,1749331.7307184418
82,WDC + UNH + BLK + EQNR,Rebalanced annually,WDC,Technology,Western Digital Corporation Common Stock,Profit Engine,5,UNH,Health Care,UnitedHealth Group Incorporated Common Stock (DE),Profit Engine,5,BLK,Finance,BlackRock Inc. Common Stock,Recession Defense,5,EQNR,Energy,Equinor ASA,Recession Defense,5,27.216491484609886,29.87588594559673,-14.110987884382759,32.00463681101275,10.999600857593052,39.21882749898654,-5.566343758668241,20.967467737860172,6.190996254931497,65.79049711238389,2018,-14.110987884382759,2025,65.79049711238389,-40.11285170777629,14.667029300106357,2,3,"2001,2008,2009,2020",300000.0,0.0,0.0,1746554.3235220388,1746554.3235220388,1446554.3235220388,5,81,1000,Mar-Nov 2001; Dec 2007-Jun 2009; Feb-Apr 2020,https://www.nber.org/research/data/us-business-cycle-expansions-and-contractions,497371.4913371517,528163.7417389316,638906.3038911172,603342.582720736,839966.4694659117,932359.4284447783,1230757.677291764,1057085.6105630123,1372899.3019221327,1746554.3235220388
83,WDC + SYK + BLK + EQNR,Rebalanced annually,WDC,Technology,Western Digital Corporation Common Stock,Profit Engine,5,SYK,Health Care,Stryker Corporation Common Stock,Profit Engine,5,BLK,Finance,BlackRock Inc. Common Stock,Recession Defense,5,EQNR,Energy,Equinor ASA,Recession Defense,5,25.286571296659552,27.626528079882352,-17.133238108178514,35.83607622147202,10.228824323484238,30.47405407468126,-9.15516264527117,26.71861762949653,12.129132615165002,73.70437860581723,2018,-17.133238108178514,2025,73.70437860581723,-40.11285170777629,14.667029300106357,2,3,"2001,2008,2009,2020",300000.0,0.0,0.0,1741211.2704692753,1741211.2704692753,1441211.2704692753,5,81,1000,Mar-Nov 2001; Dec 2007-Jun 2009; Feb-Apr 2020,https://www.nber.org/research/data/us-business-cycle-expansions-and-contractions,521113.1358174517,584319.6391357953,740441.7692505425,672653.1209821319,877637.796805258,967409.8252369654,1314091.5475828936,1088945.1137760684,1389782.8414079207,1741211.2704692753
84,APH + PLD + HSBC + SYK,Rebalanced annually,APH,Technology,Amphenol Corporation Common Stock,Profit Engine,5,PLD,Real Estate,Prologis Inc. Common Stock,Profit Engine,5,HSBC,Finance,HSBC Holdings plc. Common Stock,Recession Defense,5,SYK,Health Care,Stryker Corporation Common Stock,Recession Defense,5,24.41228086300942,31.155925773325848,-6.672410169090373,31.885249942251367,5.822362352038789,34.56520841389431,-10.727326833120296,29.082521845408188,19.751596328992967,46.897490051570394,2022,-10.727326833120296,2025,46.897490051570394,-41.99756482901017,-6.053712798651805,2,4,"2001,2008,2009,2020",300000.0,0.0,0.0,1739284.431844136,1739284.431844136,1439284.431844136,5,81,1000,Mar-Nov 2001; Dec 2007-Jun 2009; Feb-Apr 2020,https://www.nber.org/research/data/us-business-cycle-expansions-and-contractions,440692.4701547112,527736.2679119376,681215.2833135687,608139.0934353558,818343.6385276541,865990.5704475926,1142113.828311136,1065907.3090883165,1398000.5991203273,1739284.431844136
85,WDC + SYK + LOW + EQNR,Rebalanced annually,WDC,Technology,Western Digital Corporation Common Stock,Profit Engine,5,SYK,Health Care,Stryker Corporation Common Stock,Profit Engine,5,LOW,Consumer Discretionary,Lowe's Companies Inc. Common Stock,Recession Defense,5,EQNR,Energy,Equinor ASA,Recession Defense,5,20.4069364851635,26.399250526127872,-11.42887908551674,35.928320633045004,7.527684094563858,38.96205478913129,-9.427279715108947,25.761711095508343,8.058045562784027,71.98423994674248,2018,-11.42887908551674,2025,71.98423994674248,-23.24786575758644,7.482716965450389,2,3,"2001,2008,2009,2020",300000.0,0.0,0.0,1738711.3176276213,1738711.3176276213,1438711.3176276213,5,81,1000,Mar-Nov 2001; Dec 2007-Jun 2009; Feb-Apr 2020,https://www.nber.org/research/data/us-business-cycle-expansions-and-contractions,515952.71984022745,557528.4250873764,701157.287233724,635057.228523331,882488.5738429299,948919.5258524476,1289850.3756502855,1142434.935833131,1444029.1966417274,1738711.3176276213
86,WDC + UNH + LOW + BLK,Rebalanced annually,WDC,Technology,Western Digital Corporation Common Stock,Profit Engine,5,UNH,Health Care,UnitedHealth Group Incorporated Common Stock (DE),Profit Engine,5,LOW,Consumer Discretionary,Lowe's Companies Inc. Common Stock,Recession Defense,5,BLK,Finance,BlackRock Inc. Common Stock,Recession Defense,5,16.41083965835799,32.78817590436684,-14.440705472949238,40.31117356085386,23.492674037863228,38.91691122356332,-21.640984530987875,24.67054079468788,13.437838782895117,64.19182376466222,2022,-21.640984530987875,2025,64.19182376466222,-20.166888185216372,29.858524662719365,3,4,"2001,2008,2009,2020",300000.0,0.0,0.0,1737769.3429306892,1737769.3429306892,1437769.3429306892,5,81,1000,Mar-Nov 2001; Dec 2007-Jun 2009; Feb-Apr 2020,https://www.nber.org/research/data/us-business-cycle-expansions-and-contractions,492575.47129398666,558766.9690105583,696617.8020475492,545862.8512663314,758295.812496061,936439.7759685272,1313929.639352071,1124188.9300114543,1492789.9738810293,1737769.3429306892
87,PLD + UNH + HSBC + APH,Rebalanced annually,PLD,Real Estate,Prologis Inc. Common Stock,Profit Engine,5,UNH,Health Care,UnitedHealth Group Incorporated Common Stock (DE),Profit Engine,5,HSBC,Finance,HSBC Holdings plc. Common Stock,Recession Defense,5,APH,Technology,Amphenol Corporation Common Stock,Recession Defense,5,26.34220105095975,33.40528363904022,-3.6501599452946203,28.053810531792102,6.593138886147604,43.3099818381996,-7.138507946517364,23.33137195377183,13.813459968759465,38.98360855813706,2022,-7.138507946517364,2021,43.3099818381996,-43.098919584226365,3.3177813855893024,2,4,"2001,2008,2009,2020",300000.0,0.0,0.0,1726467.2733663497,1726467.2733663497,1426467.2733663497,5,81,1000,Mar-Nov 2001; Dec 2007-Jun 2009; Feb-Apr 2020,https://www.nber.org/research/data/us-business-cycle-expansions-and-contractions,416950.82567441114,474546.161068358,585264.2909995617,543485.1530784295,778868.4741700086,830220.3544124559,1063128.7996356993,1024322.8980245055,1366500.8674892283,1726467.2733663497
88,PLD + UNH + COF + APH,Rebalanced annually,PLD,Real Estate,Prologis Inc. Common Stock,Profit Engine,5,UNH,Health Care,UnitedHealth Group Incorporated Common Stock (DE),Profit Engine,5,COF,Finance,Capital One Financial Corporation Common Stock,Recession Defense,5,APH,Technology,Amphenol Corporation Common Stock,Recession Defense,5,29.85184648964182,28.47104485334,-5.3286694834432105,37.34819133126314,13.855433704874665,50.44918122687528,-17.73462451705473,24.548739482931808,14.752500980089943,31.418094765914823,2022,-17.73462451705473,2021,50.44918122687528,-39.234374362497974,7.843674944002499,3,4,"2001,2008,2009,2020",300000.0,0.0,0.0,1722397.5689827262,1722397.5689827262,1422397.5689827262,5,81,1000,Mar-Nov 2001; Dec 2007-Jun 2009; Feb-Apr 2020,https://www.nber.org/research/data/us-business-cycle-expansions-and-contractions,394254.28429774445,452416.65145281586,563479.2365953713,463548.3097536157,697404.6366153345,794033.0736962943,1090590.0652938958,1032476.1252951166,1326432.866027916,1722397.5689827262
89,APH + LOW + AZN + COF,Rebalanced annually,APH,Technology,Amphenol Corporation Common Stock,Profit Engine,5,LOW,Consumer Discretionary,Lowe's Companies Inc. Common Stock,Profit Engine,5,AZN,Health Care,AstraZeneca PLC Ordinary Shares,Recession Defense,5,COF,Finance,Capital One Financial Corporation Common Stock,Recession Defense,5,8.236292254041697,28.66016338119214,-3.627675667540802,35.35942456758641,14.738353903628376,41.833436998009404,-12.219633771686256,22.823255454702284,22.98384646073721,44.176022714134945,2022,-12.219633771686256,2025,44.176022714134945,-15.049888696497197,-1.3691624392960846,2,4,"2001,2008,2009,2020",300000.0,0.0,0.0,1695451.77153551,1695451.77153551,1395451.77153551,5,81,1000,Mar-Nov 2001; Dec 2007-Jun 2009; Feb-Apr 2020,https://www.nber.org/research/data/us-business-cycle-expansions-and-contractions,432528.06814240484,531939.655223848,653345.6016004493,573509.1618214541,813427.755709844,933313.6170967023,1263327.941513023,1217498.5011775112,1566435.5607785515,1695451.77153551
90,APH + COF + LOW + MRK,Rebalanced annually,APH,Technology,Amphenol Corporation Common Stock,Profit Engine,5,COF,Finance,Capital One Financial Corporation Common Stock,Profit Engine,5,LOW,Consumer Discretionary,Lowe's Companies Inc. Common Stock,Recession Defense,5,MRK,Health Care,Merck & Company Inc. Common Stock (new),Recession Defense,4,15.953648773174166,19.978122447057988,2.895109393082252,32.00747310269014,12.156743290609914,37.34032994190326,-4.65319659813146,22.71577232967973,21.572644969947167,35.79750207958562,2022,-4.65319659813146,2021,37.34032994190326,-24.317178717928968,11.374071274657807,3,4,"2001,2008,2009,2020",300000.0,0.0,0.0,1686780.7354366235,1686780.7354366235,1386780.7354366235,5,81,1000,Mar-Nov 2001; Dec 2007-Jun 2009; Feb-Apr 2020,https://www.nber.org/research/data/us-business-cycle-expansions-and-contractions,407392.5062387569,495277.8452438138,607784.032968742,579502.6470226543,795890.8474429764,892645.2546400789,1178358.444421442,1212473.2104300652,1454702.5930475586,1686780.7354366235
91,MSFT + COF + LOW + XOM,Rebalanced annually,MSFT,Technology,Microsoft Corporation Common Stock,Profit Engine,5,COF,Finance,Capital One Financial Corporation Common Stock,Profit Engine,5,LOW,Consumer Discretionary,Lowe's Companies Inc. Common Stock,Recession Defense,5,XOM,Energy,ExxonMobil Holdings Corporation Common Stock,Recession Defense,5,13.460129760635237,21.628807950356073,-3.9618224872114025,33.9105035220089,10.016513669801558,55.67903392125527,0.826512331963901,27.570728291441032,18.85929628489974,17.21992952900102,2018,-3.9618224872114025,2021,55.67903392125527,-8.20473317320685,10.408819310280755,2,4,"2001,2008,2009,2020",300000.0,0.0,0.0,1634210.2521365287,1634210.2521365287,1334210.2521365287,5,81,1000,Mar-Nov 2001; Dec 2007-Jun 2009; Feb-Apr 2020,https://www.nber.org/research/data/us-business-cycle-expansions-and-contractions,351659.7885870031,417980.350031478,533220.576650271,537627.7104728544,836973.6257571031,920809.203393697,1233060.2407414988,1184208.582842939,1440338.7829576717,1634210.2521365287
92,BAC + CSCO + AZN + MSFT,Rebalanced annually,BAC,Finance,Bank of America Corporation Common Stock,Profit Engine,5,CSCO,Telecommunications,Cisco Systems Inc. Common Stock (DE),Profit Engine,5,AZN,Health Care,AstraZeneca PLC Ordinary Shares,Recession Defense,5,MSFT,Technology,Microsoft Corporation Common Stock,Recession Defense,5,11.941156674996813,35.231429339168095,9.058256717321573,38.31004362805845,7.634083314051389,41.89362946376446,-13.788693669053123,18.438230244880938,16.79026191190684,30.10017573456074,2022,-13.788693669053123,2021,41.89362946376446,-22.105248163070613,15.886033722380375,3,4,"2001,2008,2009,2020",300000.0,0.0,0.0,1623133.7849937552,1623133.7849937552,1323133.7849937552,5,81,1000,Mar-Nov 2001; Dec 2007-Jun 2009; Feb-Apr 2020,https://www.nber.org/research/data/us-business-cycle-expansions-and-contractions,390300.5272036822,455833.0079647337,539880.5475054377,465438.07263110613,660426.9741624687,710844.5195985002,983169.3651843482,1072227.3702488071,1449988.398553236,1623133.7849937552
93,MSFT + CSCO + XOM + BLK,Rebalanced annually,MSFT,Technology,Microsoft Corporation Common Stock,Profit Engine,5,CSCO,Telecommunications,Cisco Systems Inc. Common Stock (DE),Profit Engine,5,XOM,Energy,ExxonMobil Holdings Corporation Common Stock,Recession Defense,5,BLK,Finance,BlackRock Inc. Common Stock,Recession Defense,5,16.182863795090473,26.597753558110693,0.16823708657717962,27.617229926847113,12.510432182809797,46.30134443775049,4.131155276253973,19.771917428361395,18.619040794957762,17.896918411950782,2018,0.16823708657717962,2021,46.30134443775049,-25.069719123396705,2.06958420617274,2,4,"2001,2008,2009,2020",300000.0,0.0,0.0,1619430.579193134,1619430.579193134,1319430.579193134,5,81,1000,Mar-Nov 2001; Dec 2007-Jun 2009; Feb-Apr 2020,https://www.nber.org/research/data/us-business-cycle-expansions-and-contractions,353690.7552358523,419544.5812412098,502496.5894193864,523255.5037861817,765529.8368837083,861300.9279662191,1099168.3856047178,1101017.5944732367,1393863.5408826668,1619430.579193134
94,CSCO + HSBC + AZN + MSFT,Rebalanced annually,CSCO,Telecommunications,Cisco Systems Inc. Common Stock (DE),Profit Engine,5,HSBC,Finance,HSBC Holdings plc. Common Stock,Profit Engine,5,AZN,Health Care,AstraZeneca PLC Ordinary Shares,Recession Defense,5,MSFT,Technology,Microsoft Corporation Common Stock,Recession Defense,5,6.029703047477955,35.3197725044415,8.794393392150475,27.122286730762234,2.6156351432984692,34.68219803655258,-5.885048830223258,27.094066061438692,16.948141364616482,40.067123434230446,2022,-5.885048830223258,2025,40.067123434230446,-22.105248163070613,15.886033722380375,3,4,"2001,2008,2009,2020",300000.0,0.0,0.0,1612038.584329379,1612038.584329379,1312038.584329379,5,81,1000,Mar-Nov 2001; Dec 2007-Jun 2009; Feb-Apr 2020,https://www.nber.org/research/data/us-business-cycle-expansions-and-contractions,420201.37030269136,491417.69255764707,624562.7268168137,587806.9053682704,791671.260360625,812378.4920660115,1032714.1160231978,1123535.058002547,1520365.0844966911,1612038.584329379
95,MSFT + BAC + AZN + UNP,Rebalanced annually,MSFT,Technology,Microsoft Corporation Common Stock,Profit Engine,5,BAC,Finance,Bank of America Corporation Common Stock,Profit Engine,5,AZN,Health Care,AstraZeneca PLC Ordinary Shares,Recession Defense,5,UNP,Industrials,Union Pacific Corporation Common Stock,Recession Defense,5,17.15242226037884,35.4896278965493,6.230893719160619,43.28186007086549,12.914451445100882,36.281640336850664,-12.156449512720036,21.516401569164017,10.265751978798058,22.696456765661978,2022,-12.156449512720036,2019,43.28186007086549,-11.27862890841531,7.639595983104181,3,4,"2001,2008,2009,2020",300000.0,0.0,0.0,1610738.171795535,1610738.171795535,1310738.171795535,5,81,1000,Mar-Nov 2001; Dec 2007-Jun 2009; Feb-Apr 2020,https://www.nber.org/research/data/us-business-cycle-expansions-and-contractions,368089.3702969859,405876.5121119941,493206.53233292734,433250.1292364378,590440.3828849428,666692.5194448865,955249.44281395,1014770.0203485611,1374908.124576003,1610738.171795535
96,GOOG + BAC + AZN + UNP,Rebalanced annually,GOOG,Technology,Alphabet Inc. Class C Capital Stock,Profit Engine,5,BAC,Finance,Bank of America Corporation Common Stock,Profit Engine,5,AZN,Health Care,AstraZeneca PLC Ordinary Shares,Recession Defense,5,UNP,Industrials,Union Pacific Corporation Common Stock,Recession Defense,5,13.809281443296902,34.200878538493036,0.7742815774129919,36.16848865322593,10.03811516479281,39.455033643497686,-14.81809442560403,21.67612783058231,15.938032629514195,35.154842177036635,2022,-14.81809442560403,2021,39.455033643497686,-11.27862890841531,7.639595983104181,3,4,"2001,2008,2009,2020",300000.0,0.0,0.0,1566997.2290350653,1566997.2290350653,1266997.2290350653,5,81,1000,Mar-Nov 2001; Dec 2007-Jun 2009; Feb-Apr 2020,https://www.nber.org/research/data/us-business-cycle-expansions-and-contractions,405464.52653110994,470087.59507074347,571984.3830939879,487227.1971074121,679462.8516464124,747668.1151966646,1018088.3726053584,1025971.2433162254,1376862.4220826745,1566997.2290350653
97,GOOG + BAC + MRK + CSCO,Rebalanced annually,GOOG,Technology,Alphabet Inc. Class C Capital Stock,Profit Engine,5,BAC,Finance,Bank of America Corporation Common Stock,Profit Engine,5,MRK,Health Care,Merck & Company Inc. Common Stock (new),Recession Defense,4,CSCO,Telecommunications,Cisco Systems Inc. Common Stock (DE),Recession Defense,5,16.315372377047343,25.260639046977673,10.124429636197,27.84472074552262,2.176136420724856,40.57391571430534,-8.883901408382322,18.490473381276672,21.051341071832933,34.18004051138608,2022,-8.883901408382322,2021,40.57391571430534,-44.307726881340244,-13.856636190505414,1,4,"2001,2008,2009,2020",300000.0,0.0,0.0,1549993.073258736,1549993.073258736,1249993.073258736,5,81,1000,Mar-Nov 2001; Dec 2007-Jun 2009; Feb-Apr 2020,https://www.nber.org/research/data/us-business-cycle-expansions-and-contractions,402540.12153415824,487280.2154692847,577380.6340028604,526086.7077269536,739540.6851042515,755634.0992988832,966038.3041066023,1063844.172464586,1332578.0088931718,1549993.073258736
98,GOOG + BAC + UNP + MRK,Rebalanced annually,GOOG,Technology,Alphabet Inc. Class C Capital Stock,Profit Engine,5,BAC,Finance,Bank of America Corporation Common Stock,Profit Engine,5,UNP,Industrials,Union Pacific Corporation Common Stock,Recession Defense,5,MRK,Health Care,Merck & Company Inc. Common Stock (new),Recession Defense,4,21.52663796242937,25.51883760435888,7.297066638036046,32.81653718832966,7.45650455177435,34.961926587391545,-7.251657252049233,21.568644705559755,14.526831138724152,26.776321542487317,2022,-7.251657252049233,2021,34.961926587391545,-34.0324030520261,-2.0520857801789285,2,4,"2001,2008,2009,2020",300000.0,0.0,0.0,1548312.9686260354,1548312.9686260354,1248312.9686260354,5,81,1000,Mar-Nov 2001; Dec 2007-Jun 2009; Feb-Apr 2020,https://www.nber.org/research/data/us-business-cycle-expansions-and-contractions,380328.964627462,435578.7110905513,529527.1356987288,491127.64276126336,662835.3286738428,712259.6751271765,945998.6362927624,1015028.7871779575,1274052.3350153938,1548312.9686260354
99,GOOG + HSBC + UNP + CSCO,Rebalanced annually,GOOG,Technology,Alphabet Inc. Class C Capital Stock,Profit Engine,5,HSBC,Finance,HSBC Holdings plc. Common Stock,Profit Engine,5,UNP,Industrials,Union Pacific Corporation Common Stock,Recession Defense,5,CSCO,Telecommunications,Cisco Systems Inc. Common Stock (DE),Recession Defense,5,15.635061896077678,33.79586930111808,1.1876488032851777,19.514059617833095,3.367638208183158,38.75211939649031,-17.319041837518963,32.29598848641871,21.49862786096694,42.664692735626666,2022,-17.319041837518963,2025,42.664692735626666,-31.25904971036563,-0.45910475317257715,2,4,"2001,2008,2009,2020",300000.0,0.0,0.0,1526385.6519920412,1526385.6519920412,1226385.6519920412,5,81,1000,Mar-Nov 2001; Dec 2007-Jun 2009; Feb-Apr 2020,https://www.nber.org/research/data/us-business-cycle-expansions-and-contractions,427994.07820688,520006.93234755297,687948.3113470977,568802.2554843887,789225.1846596288,815803.4335268305,974999.8019095857,986579.3753889977,1320002.4516472507,1526385.6519920412
100,GOOG + UBS + UNP + MRK,Rebalanced annually,GOOG,Technology,Alphabet Inc. Class C Capital Stock,Profit Engine,5,UBS,Finance,UBS Group AG Registered Ordinary Shares,Profit Engine,1,UNP,Industrials,Union Pacific Corporation Common Stock,Recession Defense,5,MRK,Health Care,Merck & Company Inc. Common Stock (new),Recession Defense,4,9.59319520395071,21.98199700508195,2.876010568425656,23.05749911446135,15.242455424262598,29.91720182272,0.552860124637176,37.82495307391157,6.2376165952597535,34.19418631706941,2022,0.552860124637176,2023,37.82495307391157,-34.0324030520261,-2.0520857801789285,2,4,"2001,2008,2009,2020",300000.0,0.0,0.0,1501883.495352596,1501883.495352596,1201883.495352596,5,81,1000,Mar-Nov 2001; Dec 2007-Jun 2009; Feb-Apr 2020,https://www.nber.org/research/data/us-business-cycle-expansions-and-contractions,402582.55895120825,427694.1154579702,589469.2139298285,592728.1541606587,770055.8323009859,887431.249281398,1092050.7017259097,1123458.1953201133,1370416.7421687283,1501883.495352596
